TimeStamp,Delta_TP9,Delta_AF7,Delta_AF8,Delta_TP10,Theta_TP9,Theta_AF7,Theta_AF8,Theta_TP10,Alpha_TP9,Alpha_AF7,Alpha_AF8,Alpha_TP10,Beta_TP9,Beta_AF7,Beta_AF8,Beta_TP10,Gamma_TP9,Gamma_AF7,Gamma_AF8,Gamma_TP10,RAW_TP9,RAW_AF7,RAW_AF8,RAW_TP10,AUX_RIGHT,Accelerometer_X,Accelerometer_Y,Accelerometer_Z,Gyro_X,Gyro_Y,Gyro_Z,HeadBandOn,HSI_TP9,HSI_AF7,HSI_AF8,HSI_TP10,Battery,Elements
11:26:10.275,0.8016558,-0.43664545,0.93043804,1.0186048,0.90123504,-0.6532214,0.45979702,1.0620517,0.9989962,-0.28196567,0.41848785,0.6707001,0.8149605,-0.21192698,-0.16463774,0.659461,0.42000332,-0.5718552,-0.59538,0.0020752505,698.2784,804.65204,552.8205,809.4872,772.8205,0.07379150390625,-0.0238037109375,0.98150634765625,1.457977294921875,-3.536529541015625,0.9869384765625,1.0,1.0,1.0,4.0,1.0,95.0,event
11:26:10.276,0.8016558,-0.43664545,0.93043804,1.0186048,0.90123504,-0.6532214,0.45979702,1.0620517,0.9989962,-0.28196567,0.41848785,0.6707001,0.8149605,-0.21192698,-0.16463774,0.659461,0.42000332,-0.5718552,-0.59538,0.0020752505,589.89014,803.8461,442.01465,808.68134,757.50916,0.07379150390625,-0.0238037109375,0.98150634765625,1.457977294921875,-3.536529541015625,0.9869384765625,1.0,1.0,1.0,4.0,1.0,95.0,event
11:26:10.277,0.8016558,-0.43664545,0.93043804,1.0186048,0.90123504,-0.6532214,0.45979702,1.0620517,0.9989962,-0.28196567,0.41848785,0.6707001,0.8149605,-0.21192698,-0.16463774,0.659461,0.42000332,-0.5718552,-0.59538,0.0020752505,703.1135,806.6667,843.3333,832.4542,644.2857,0.07379150390625,-0.0238037109375,0.98150634765625,1.457977294921875,-3.536529541015625,0.9869384765625,1.0,1.0,1.0,4.0,1.0,95.0,event
11:26:10.277,0.920215,-0.43488264,0.93043804,1.0186048,0.90439415,-0.64926887,0.45979702,1.0620517,1.021015,-0.28196567,0.41848785,0.6707001,0.8170916,-0.20743094,-0.16463774,0.659461,0.39557016,-0.58190703,-0.59538,0.0020752505,871.13556,814.7253,938.022,833.2601,687.8022,0.07379150390625,-0.0238037109375,0.98150634765625,1.457977294921875,-3.536529541015625,0.9869384765625,1.0,1.0,1.0,4.0,1.0,95.0,event
11:26:10.282,0.920215,-0.43488264,0.93043804,1.0186048,0.90439415,-0.64926887,0.45979702,1.0620517,1.021015,-0.28196567,0.41848785,0.6707001,0.8170916,-0.20743094,-0.16463774,0.659461,0.39557016,-0.58190703,-0.59538,0.0020752505,871.53845,813.91943,806.6667,791.3553,762.74725,0.07379150390625,-0.0238037109375,0.98150634765625,1.457977294921875,-3.536529541015625,0.9869384765625,1.0,1.0,1.0,4.0,1.0,95.0,event
11:26:10.283,0.920215,-0.43488264,0.93043804,1.0186048,0.90439415,-0.64926887,0.45979702,1.0620517,1.021015,-0.28196567,0.41848785,0.6707001,0.8170916,-0.20743094,-0.16463774,0.659461,0.39557016,-0.58190703,-0.59538,0.0020752505,665.64105,816.337,587.8755,749.85345,796.5934,0.07379150390625,-0.0238037109375,0.98150634765625,1.457977294921875,-3.536529541015625,0.9869384765625,1.0,1.0,1.0,4.0,1.0,95.0,event
11:26:10.284,0.920215,-0.43488264,0.93043804,1.0186048,0.90439415,-0.64926887,0.45979702,1.0620517,1.021015,-0.28196567,0.41848785,0.6707001,0.8170916,-0.20743094,-0.16463774,0.659461,0.39557016,-0.58190703,-0.59538,0.0020752505,530.65936,826.4103,501.24542,742.6007,805.8608,0.07379150390625,-0.0238037109375,0.98150634765625,1.457977294921875,-3.536529541015625,0.9869384765625,1.0,1.0,1.0,4.0,1.0,95.0,event
11:26:10.285,0.920215,-0.43488264,0.93043804,1.0186048,0.90439415,-0.64926887,0.45979702,1.0620517,1.021015,-0.28196567,0.41848785,0.6707001,0.8170916,-0.20743094,-0.16463774,0.659461,0.39557016,-0.58190703,-0.59538,0.0020752505,595.9341,826.0073,625.7509,744.21246,741.79486,0.07379150390625,-0.0238037109375,0.98150634765625,1.457977294921875,-3.536529541015625,0.9869384765625,1.0,1.0,1.0,4.0,1.0,95.0,event
11:26:10.285,0.920215,-0.43488264,0.93043804,1.0186048,0.90439415,-0.64926887,0.45979702,1.0620517,1.021015,-0.28196567,0.41848785,0.6707001,0.8170916,-0.20743094,-0.16463774,0.659461,0.39557016,-0.58190703,-0.59538,0.0020752505,768.3883,823.9927,373.9194,755.89746,892.8938,0.07379150390625,-0.0238037109375,0.98150634765625,1.457977294921875,-3.536529541015625,0.9869384765625,1.0,1.0,1.0,4.0,1.0,95.0,event
11:26:10.286,0.920215,-0.43488264,0.93043804,1.0186048,0.90439415,-0.64926887,0.45979702,1.0620517,1.021015,-0.28196567,0.41848785,0.6707001,0.8170916,-0.20743094,-0.16463774,0.659461,0.39557016,-0.58190703,-0.59538,0.0020752505,815.9341,832.4542,335.64102,742.6007,977.50916,0.07379150390625,-0.0238037109375,0.98150634765625,1.457977294921875,-3.536529541015625,0.9869384765625,1.0,1.0,1.0,4.0,1.0,95.0,event
11:26:10.287,0.920215,-0.43488264,0.93043804,1.0186048,0.90439415,-0.64926887,0.45979702,1.0620517,1.021015,-0.28196567,0.41848785,0.6707001,0.8170916,-0.20743094,-0.16463774,0.659461,0.39557016,-0.58190703,-0.59538,0.0020752505,531.4652,827.619,807.8755,728.49817,762.3443,0.07379150390625,-0.0238037109375,0.98150634765625,1.457977294921875,-3.536529541015625,0.9869384765625,1.0,1.0,1.0,4.0,1.0,95.0,event
11:26:10.287,0.920215,-0.43488264,0.93043804,1.0186048,0.90439415,-0.64926887,0.45979702,1.0620517,1.021015,-0.28196567,0.41848785,0.6707001,0.8170916,-0.20743094,-0.16463774,0.659461,0.39557016,-0.58190703,-0.59538,0.0020752505,670.4762,830.4396,839.707,723.2601,757.9121,0.07379150390625,-0.0238037109375,0.98150634765625,1.457977294921875,-3.536529541015625,0.9869384765625,1.0,1.0,1.0,4.0,1.0,95.0,event
11:26:10.319,0.920215,-0.43488264,0.93043804,1.0186048,0.90439415,-0.64926887,0.45979702,1.0620517,1.021015,-0.28196567,0.41848785,0.6707001,0.8170916,-0.20743094,-0.16463774,0.659461,0.39557016,-0.58190703,-0.59538,0.0020752505,572.5641,824.3956,707.5458,728.49817,772.01465,0.08258056640625,-0.02899169921875,0.9862060546875,1.114044189453125,-2.49725341796875,-0.620574951171875,1.0,1.0,1.0,4.0,1.0,95.0,event
11:26:10.320,0.920215,-0.43488264,0.93043804,1.0186048,0.90439415,-0.64926887,0.45979702,1.0620517,1.021015,-0.28196567,0.41848785,0.6707001,0.8170916,-0.20743094,-0.16463774,0.659461,0.39557016,-0.58190703,-0.59538,0.0020752505,763.95605,816.337,740.18317,749.0476,809.4872,0.08258056640625,-0.02899169921875,0.9862060546875,1.114044189453125,-2.49725341796875,-0.620574951171875,1.0,1.0,1.0,4.0,1.0,95.0,event
11:26:10.321,0.920215,-0.43488264,0.93043804,1.0186048,0.90439415,-0.64926887,0.45979702,1.0620517,1.021015,-0.28196567,0.41848785,0.6707001,0.8170916,-0.20743094,-0.16463774,0.659461,0.39557016,-0.58190703,-0.59538,0.0020752505,863.0769,819.5604,834.87177,771.6117,801.8315,0.08258056640625,-0.02899169921875,0.9862060546875,1.114044189453125,-2.49725341796875,-0.620574951171875,1.0,1.0,1.0,4.0,1.0,95.0,event
11:26:10.321,0.920215,-0.43488264,0.93043804,1.0186048,0.90439415,-0.64926887,0.45979702,1.0620517,1.021015,-0.28196567,0.41848785,0.6707001,0.8170916,-0.20743094,-0.16463774,0.659461,0.39557016,-0.58190703,-0.59538,0.0020752505,722.4542,818.3516,718.4249,753.47986,757.1062,0.08258056640625,-0.02899169921875,0.9862060546875,1.114044189453125,-2.49725341796875,-0.620574951171875,1.0,1.0,1.0,4.0,1.0,95.0,event
11:26:10.322,0.920215,-0.43488264,0.93043804,1.0186048,0.90439415,-0.64926887,0.45979702,1.0620517,1.021015,-0.28196567,0.41848785,0.6707001,0.8170916,-0.20743094,-0.16463774,0.659461,0.39557016,-0.58190703,-0.59538,0.0020752505,541.53845,813.1135,438.7912,738.1685,802.23444,0.08258056640625,-0.02899169921875,0.9862060546875,1.114044189453125,-2.49725341796875,-0.620574951171875,1.0,1.0,1.0,4.0,1.0,95.0,event
11:26:10.323,0.920215,-0.43488264,0.93043804,1.0186048,0.90439415,-0.64926887,0.45979702,1.0620517,1.021015,-0.28196567,0.41848785,0.6707001,0.8170916,-0.20743094,-0.16463774,0.659461,0.39557016,-0.58190703,-0.59538,0.0020752505,577.3993,814.7253,560.07324,763.95605,836.4835,0.08258056640625,-0.02899169921875,0.9862060546875,1.114044189453125,-2.49725341796875,-0.620574951171875,1.0,1.0,1.0,4.0,1.0,95.0,event
11:26:10.323,0.920215,-0.43488264,0.93043804,1.0186048,0.90439415,-0.64926887,0.45979702,1.0620517,1.021015,-0.28196567,0.41848785,0.6707001,0.8170916,-0.20743094,-0.16463774,0.659461,0.39557016,-0.58190703,-0.59538,0.0020752505,774.0293,814.3223,703.91943,789.7436,850.58606,0.08258056640625,-0.02899169921875,0.9862060546875,1.114044189453125,-2.49725341796875,-0.620574951171875,1.0,1.0,1.0,4.0,1.0,95.0,event
11:26:10.324,0.920215,-0.43488264,0.93043804,1.0186048,0.90439415,-0.64926887,0.45979702,1.0620517,1.021015,-0.28196567,0.41848785,0.6707001,0.8170916,-0.20743094,-0.16463774,0.659461,0.39557016,-0.58190703,-0.59538,0.0020752505,883.6264,811.50183,546.3736,797.8022,833.663,0.08258056640625,-0.02899169921875,0.9862060546875,1.114044189453125,-2.49725341796875,-0.620574951171875,1.0,1.0,1.0,4.0,1.0,95.0,event
11:26:10.325,0.920215,-0.43488264,0.93043804,1.0186048,0.90439415,-0.64926887,0.45979702,1.0620517,1.021015,-0.28196567,0.41848785,0.6707001,0.8170916,-0.20743094,-0.16463774,0.659461,0.39557016,-0.58190703,-0.59538,0.0020752505,760.32965,812.3077,205.09157,782.8938,970.2564,0.08258056640625,-0.02899169921875,0.9862060546875,1.114044189453125,-2.49725341796875,-0.620574951171875,1.0,1.0,1.0,4.0,1.0,95.0,event
11:26:10.325,0.920215,-0.43488264,0.93043804,1.0186048,0.90439415,-0.64926887,0.45979702,1.0620517,1.021015,-0.28196567,0.41848785,0.6707001,0.8170916,-0.20743094,-0.16463774,0.659461,0.39557016,-0.58190703,-0.59538,0.0020752505,591.9048,817.1429,520.18317,769.19415,815.12823,0.08258056640625,-0.02899169921875,0.9862060546875,1.114044189453125,-2.49725341796875,-0.620574951171875,1.0,1.0,1.0,4.0,1.0,95.0,event
11:26:10.326,0.920215,-0.43488264,0.93043804,1.0186048,0.90439415,-0.64926887,0.45979702,1.0620517,1.021015,-0.28196567,0.41848785,0.6707001,0.8170916,-0.20743094,-0.16463774,0.659461,0.39557016,-0.58190703,-0.59538,0.0020752505,591.9048,817.9487,866.30035,778.0586,665.2381,0.08258056640625,-0.02899169921875,0.9862060546875,1.114044189453125,-2.49725341796875,-0.620574951171875,1.0,1.0,1.0,4.0,1.0,95.0,event
11:26:10.327,0.920215,-0.43488264,0.93043804,1.0186048,0.90439415,-0.64926887,0.45979702,1.0620517,1.021015,-0.28196567,0.41848785,0.6707001,0.8170916,-0.20743094,-0.16463774,0.659461,0.39557016,-0.58190703,-0.59538,0.0020752505,760.7326,815.5311,755.4945,795.38464,757.50916,0.08258056640625,-0.02899169921875,0.9862060546875,1.114044189453125,-2.49725341796875,-0.620574951171875,1.0,1.0,1.0,4.0,1.0,95.0,event
11:26:10.364,0.920215,-0.43488264,0.93043804,1.0186048,0.90439415,-0.64926887,0.45979702,1.0620517,1.021015,-0.28196567,0.41848785,0.6707001,0.8170916,-0.20743094,-0.16463774,0.659461,0.39557016,-0.58190703,-0.59538,0.0020752505,911.8315,817.9487,802.6374,812.71063,779.67035,0.08258056640625,-0.02899169921875,0.9862060546875,1.114044189453125,-2.49725341796875,-0.620574951171875,1.0,1.0,1.0,4.0,1.0,95.0,event
11:26:10.366,0.920215,-0.43488264,0.93043804,1.0186048,0.90439415,-0.64926887,0.45979702,1.0620517,1.021015,-0.28196567,0.41848785,0.6707001,0.8170916,-0.20743094,-0.16463774,0.659461,0.39557016,-0.58190703,-0.59538,0.0020752505,822.381,817.9487,874.7619,802.23444,726.4835,0.08258056640625,-0.02899169921875,0.9862060546875,1.114044189453125,-2.49725341796875,-0.620574951171875,1.0,1.0,1.0,4.0,1.0,95.0,event
11:26:10.366,0.920215,-0.43488264,0.93043804,1.0186048,0.90439415,-0.64926887,0.45979702,1.0620517,1.021015,-0.28196567,0.41848785,0.6707001,0.8170916,-0.20743094,-0.16463774,0.659461,0.39557016,-0.58190703,-0.59538,0.0020752505,624.1392,814.7253,799.011,783.69965,718.022,0.08258056640625,-0.02899169921875,0.9862060546875,1.114044189453125,-2.49725341796875,-0.620574951171875,1.0,1.0,1.0,4.0,1.0,95.0,event
11:26:10.367,0.920215,-0.43488264,0.93043804,1.0186048,0.90439415,-0.64926887,0.45979702,1.0620517,1.021015,-0.28196567,0.41848785,0.6707001,0.8170916,-0.20743094,-0.16463774,0.659461,0.39557016,-0.58190703,-0.59538,0.0020752505,589.4872,813.1135,703.5165,784.10254,765.56775,0.08258056640625,-0.02899169921875,0.9862060546875,1.114044189453125,-2.49725341796875,-0.620574951171875,1.0,1.0,1.0,4.0,1.0,95.0,event
11:26:10.368,0.920215,-0.43488264,0.93043804,1.0186048,0.90439415,-0.64926887,0.45979702,1.0620517,1.021015,-0.28196567,0.41848785,0.6707001,0.8170916,-0.20743094,-0.16463774,0.659461,0.39557016,-0.58190703,-0.59538,0.0020752505,757.50916,813.5165,703.5165,805.4579,857.03296,0.08258056640625,-0.02899169921875,0.9862060546875,1.114044189453125,-2.49725341796875,-0.620574951171875,1.0,1.0,1.0,4.0,1.0,95.0,event
11:26:10.368,0.920215,-0.39424303,0.93043804,1.0186048,0.90439415,-0.6228874,0.45979702,1.0620517,1.021015,-0.2778522,0.41848785,0.6707001,0.8170916,-0.19092448,-0.16463774,0.659461,0.39557016,-0.57815665,-0.59538,0.0020752505,911.8315,814.7253,695.8608,822.381,900.54944,0.08258056640625,-0.02899169921875,0.9862060546875,1.114044189453125,-2.49725341796875,-0.620574951171875,1.0,1.0,1.0,4.0,1.0,95.0,event
11:26:10.373,0.920215,-0.39424303,0.93043804,1.0186048,0.90439415,-0.6228874,0.45979702,1.0620517,1.021015,-0.2778522,0.41848785,0.6707001,0.8170916,-0.19092448,-0.16463774,0.659461,0.39557016,-0.57815665,-0.59538,0.0020752505,851.79486,818.7546,653.5531,802.6374,846.9597,0.08258056640625,-0.02899169921875,0.9862060546875,1.114044189453125,-2.49725341796875,-0.620574951171875,1.0,1.0,1.0,4.0,1.0,95.0,event
11:26:10.374,0.920215,-0.39424303,0.93043804,1.0186048,0.90439415,-0.6228874,0.45979702,1.0620517,1.021015,-0.2778522,0.41848785,0.6707001,0.8170916,-0.19092448,-0.16463774,0.659461,0.39557016,-0.57815665,-0.59538,0.0020752505,648.315,815.5311,282.85715,782.0879,912.23444,0.08258056640625,-0.02899169921875,0.9862060546875,1.114044189453125,-2.49725341796875,-0.620574951171875,1.0,1.0,1.0,4.0,1.0,95.0,event
11:26:10.375,0.920215,-0.39424303,0.93043804,1.0186048,0.90439415,-0.6228874,0.45979702,1.0620517,1.021015,-0.2778522,0.41848785,0.6707001,0.8170916,-0.19092448,-0.16463774,0.659461,0.39557016,-0.57815665,-0.59538,0.0020752505,567.326,814.7253,86.630035,791.3553,971.06226,0.08258056640625,-0.02899169921875,0.9862060546875,1.114044189453125,-2.49725341796875,-0.620574951171875,1.0,1.0,1.0,4.0,1.0,95.0,event
11:26:10.375,0.920215,-0.39424303,0.93043804,1.0186048,0.90439415,-0.6228874,0.45979702,1.0620517,1.021015,-0.2778522,0.41848785,0.6707001,0.8170916,-0.19092448,-0.16463774,0.659461,0.39557016,-0.57815665,-0.59538,0.0020752505,711.5751,819.5604,689.81683,799.41394,746.63007,0.08258056640625,-0.02899169921875,0.9862060546875,1.114044189453125,-2.49725341796875,-0.620574951171875,1.0,1.0,1.0,4.0,1.0,95.0,event
11:26:10.376,0.920215,-0.39424303,0.93043804,1.0186048,0.90439415,-0.6228874,0.45979702,1.0620517,1.021015,-0.2778522,0.41848785,0.6707001,0.8170916,-0.19092448,-0.16463774,0.659461,0.39557016,-0.57815665,-0.59538,0.0020752505,894.10254,814.7253,961.39197,803.8461,754.68866,0.08258056640625,-0.02899169921875,0.9862060546875,1.114044189453125,-2.49725341796875,-0.620574951171875,1.0,1.0,1.0,4.0,1.0,95.0,event
11:26:10.377,0.920215,-0.39424303,0.93043804,1.0186048,0.90439415,-0.6228874,0.45979702,1.0620517,1.021015,-0.2778522,0.41848785,0.6707001,0.8170916,-0.19092448,-0.16463774,0.659461,0.39557016,-0.57815665,-0.59538,0.0020752505,866.7033,807.8755,799.011,800.2198,877.98535,0.08258056640625,-0.02899169921875,0.9862060546875,1.114044189453125,-2.49725341796875,-0.620574951171875,1.0,1.0,1.0,4.0,1.0,95.0,event
11:26:10.400,0.920215,-0.39424303,0.93043804,1.0186048,0.90439415,-0.6228874,0.45979702,1.0620517,1.021015,-0.2778522,0.41848785,0.6707001,0.8170916,-0.19092448,-0.16463774,0.659461,0.39557016,-0.57815665,-0.59538,0.0020752505,672.8938,809.4872,805.8608,789.34064,784.5055,0.0782470703125,-0.0340576171875,0.972412109375,2.0635986328125,-3.028106689453125,-0.0,1.0,1.0,1.0,4.0,1.0,95.0,event
11:26:10.401,0.920215,-0.39424303,0.93043804,1.0186048,0.90439415,-0.6228874,0.45979702,1.0620517,1.021015,-0.2778522,0.41848785,0.6707001,0.8170916,-0.19092448,-0.16463774,0.659461,0.39557016,-0.57815665,-0.59538,0.0020752505,593.91943,816.7399,896.1172,788.1319,733.3333,0.0782470703125,-0.0340576171875,0.972412109375,2.0635986328125,-3.028106689453125,-0.0,1.0,1.0,1.0,4.0,1.0,95.0,event
11:26:10.401,0.920215,-0.39424303,0.93043804,1.0186048,0.90439415,-0.6228874,0.45979702,1.0620517,1.021015,-0.2778522,0.41848785,0.6707001,0.8170916,-0.19092448,-0.16463774,0.659461,0.39557016,-0.57815665,-0.59538,0.0020752505,707.5458,813.5165,842.1245,801.8315,828.4249,0.0782470703125,-0.0340576171875,0.972412109375,2.0635986328125,-3.028106689453125,-0.0,1.0,1.0,1.0,4.0,1.0,95.0,event
11:26:10.402,0.920215,-0.39424303,0.93043804,1.0186048,0.90439415,-0.6228874,0.45979702,1.0620517,1.021015,-0.2778522,0.41848785,0.6707001,0.8170916,-0.19092448,-0.16463774,0.659461,0.39557016,-0.57815665,-0.59538,0.0020752505,894.5055,809.4872,794.9817,818.7546,838.49817,0.0782470703125,-0.0340576171875,0.972412109375,2.0635986328125,-3.028106689453125,-0.0,1.0,1.0,1.0,4.0,1.0,95.0,event
11:26:10.403,0.920215,-0.39424303,0.93043804,1.0186048,0.90439415,-0.6228874,0.45979702,1.0620517,1.021015,-0.2778522,0.41848785,0.6707001,0.8170916,-0.19092448,-0.16463774,0.659461,0.39557016,-0.57815665,-0.59538,0.0020752505,892.0879,813.1135,825.2015,814.3223,743.8095,0.0782470703125,-0.0340576171875,0.972412109375,2.0635986328125,-3.028106689453125,-0.0,1.0,1.0,1.0,4.0,1.0,95.0,event
11:26:10.404,0.920215,-0.39424303,0.93043804,1.0186048,0.90439415,-0.6228874,0.45979702,1.0620517,1.021015,-0.2778522,0.41848785,0.6707001,0.8170916,-0.19092448,-0.16463774,0.659461,0.39557016,-0.57815665,-0.59538,0.0020752505,700.696,817.1429,659.19415,796.5934,794.9817,0.0782470703125,-0.0340576171875,0.972412109375,2.0635986328125,-3.028106689453125,-0.0,1.0,1.0,1.0,4.0,1.0,95.0,event
11:26:10.405,0.920215,-0.39424303,0.93043804,1.0186048,0.90439415,-0.6228874,0.45979702,1.0620517,1.021015,-0.2778522,0.41848785,0.6707001,0.8170916,-0.19092448,-0.16463774,0.659461,0.39557016,-0.57815665,-0.59538,0.0020752505,589.89014,808.2784,413.8095,789.34064,941.2454,0.0782470703125,-0.0340576171875,0.972412109375,2.0635986328125,-3.028106689453125,-0.0,1.0,1.0,1.0,4.0,1.0,95.0,event
11:26:10.405,0.920215,-0.39424303,0.93043804,1.0186048,0.90439415,-0.6228874,0.45979702,1.0620517,1.021015,-0.2778522,0.41848785,0.6707001,0.8170916,-0.19092448,-0.16463774,0.659461,0.39557016,-0.57815665,-0.59538,0.0020752505,655.56775,803.0403,125.71429,799.41394,994.0293,0.0782470703125,-0.0340576171875,0.972412109375,2.0635986328125,-3.028106689453125,-0.0,1.0,1.0,1.0,4.0,1.0,95.0,event
11:26:10.406,0.920215,-0.39424303,0.93043804,1.0186048,0.90439415,-0.6228874,0.45979702,1.0620517,1.021015,-0.2778522,0.41848785,0.6707001,0.8170916,-0.19092448,-0.16463774,0.659461,0.39557016,-0.57815665,-0.59538,0.0020752505,861.8681,813.91943,454.5055,807.0696,804.2491,0.0782470703125,-0.0340576171875,0.972412109375,2.0635986328125,-3.028106689453125,-0.0,1.0,1.0,1.0,4.0,1.0,95.0,event
11:26:10.407,0.920215,-0.39424303,0.93043804,1.0186048,0.90439415,-0.6228874,0.45979702,1.0620517,1.021015,-0.2778522,0.41848785,0.6707001,0.8170916,-0.19092448,-0.16463774,0.659461,0.39557016,-0.57815665,-0.59538,0.0020752505,909.41394,817.1429,963.4066,800.2198,694.65204,0.0782470703125,-0.0340576171875,0.972412109375,2.0635986328125,-3.028106689453125,-0.0,1.0,1.0,1.0,4.0,1.0,95.0,event
11:26:10.407,0.920215,-0.39424303,0.93043804,1.0186048,0.90439415,-0.6228874,0.45979702,1.0620517,1.021015,-0.2778522,0.41848785,0.6707001,0.8170916,-0.19092448,-0.16463774,0.659461,0.39557016,-0.57815665,-0.59538,0.0020752505,713.1868,813.91943,663.6264,785.7143,904.57874,0.0782470703125,-0.0340576171875,0.972412109375,2.0635986328125,-3.028106689453125,-0.0,1.0,1.0,1.0,4.0,1.0,95.0,event
11:26:10.408,0.920215,-0.39424303,0.93043804,1.0186048,0.90439415,-0.6228874,0.45979702,1.0620517,1.021015,-0.2778522,0.41848785,0.6707001,0.8170916,-0.19092448,-0.16463774,0.659461,0.39557016,-0.57815665,-0.59538,0.0020752505,586.26373,813.1135,393.26007,780.87915,911.02563,0.0782470703125,-0.0340576171875,0.972412109375,2.0635986328125,-3.028106689453125,-0.0,1.0,1.0,1.0,4.0,1.0,95.0,event
11:26:10.496,0.920215,-0.39424303,0.93043804,1.0186048,0.90439415,-0.6228874,0.45979702,1.0620517,1.021015,-0.2778522,0.41848785,0.6707001,0.8170916,-0.19092448,-0.16463774,0.659461,0.39557016,-0.57815665,-0.59538,0.0020752505,660.40295,813.1135,778.46155,789.7436,694.2491,0.07708740234375,-0.02996826171875,0.98565673828125,2.938385009765625,-2.459869384765625,1.06170654296875,1.0,1.0,1.0,4.0,1.0,95.0,event
11:26:10.498,0.920215,-0.39424303,0.93043804,1.0186048,0.90439415,-0.6228874,0.45979702,1.0620517,1.021015,-0.2778522,0.41848785,0.6707001,0.8170916,-0.19092448,-0.16463774,0.659461,0.39557016,-0.57815665,-0.59538,0.0020752505,843.73627,809.0842,990.40295,807.8755,720.4396,0.07708740234375,-0.02996826171875,0.98565673828125,2.938385009765625,-2.459869384765625,1.06170654296875,1.0,1.0,1.0,4.0,1.0,95.0,event
11:26:10.499,0.920215,-0.39424303,0.93043804,1.0186048,0.90439415,-0.6228874,0.45979702,1.0620517,1.021015,-0.2778522,0.41848785,0.6707001,0.8170916,-0.19092448,-0.16463774,0.659461,0.39557016,-0.57815665,-0.59538,0.0020752505,905.38464,807.47253,755.4945,815.5311,810.293,0.07708740234375,-0.02996826171875,0.98565673828125,2.938385009765625,-2.459869384765625,1.06170654296875,1.0,1.0,1.0,4.0,1.0,95.0,event
11:26:10.499,0.920215,-0.39424303,0.93043804,1.0186048,0.90439415,-0.6228874,0.45979702,1.0620517,1.021015,-0.2778522,0.41848785,0.6707001,0.8170916,-0.19092448,-0.16463774,0.659461,0.39557016,-0.57815665,-0.59538,0.0020752505,726.4835,811.9048,674.90845,801.02563,794.9817,0.07708740234375,-0.02996826171875,0.98565673828125,2.938385009765625,-2.459869384765625,1.06170654296875,1.0,1.0,1.0,4.0,1.0,95.0,event
11:26:10.500,0.920215,-0.39424303,0.93043804,1.0186048,0.90439415,-0.6228874,0.45979702,1.0620517,1.021015,-0.2778522,0.41848785,0.6707001,0.8170916,-0.19092448,-0.16463774,0.659461,0.39557016,-0.57815665,-0.59538,0.0020752505,571.75824,813.5165,742.6007,794.57874,714.3956,0.07708740234375,-0.02996826171875,0.98565673828125,2.938385009765625,-2.459869384765625,1.06170654296875,1.0,1.0,1.0,4.0,1.0,95.0,event
11:26:10.501,0.920215,-0.39424303,0.93043804,1.0186048,0.90439415,-0.6228874,0.45979702,1.0620517,1.021015,-0.2778522,0.41848785,0.6707001,0.8170916,-0.19092448,-0.16463774,0.659461,0.39557016,-0.57815665,-0.59538,0.0020752505,624.5421,815.12823,706.7399,801.8315,738.1685,0.07708740234375,-0.02996826171875,0.98565673828125,2.938385009765625,-2.459869384765625,1.06170654296875,1.0,1.0,1.0,4.0,1.0,95.0,event
11:26:10.501,0.920215,-0.39424303,0.93043804,1.0186048,0.90439415,-0.6228874,0.45979702,1.0620517,1.021015,-0.2778522,0.41848785,0.6707001,0.8170916,-0.19092448,-0.16463774,0.659461,0.39557016,-0.57815665,-0.59538,0.0020752505,813.91943,809.4872,365.4579,813.91943,1023.0403,0.07708740234375,-0.02996826171875,0.98565673828125,2.938385009765625,-2.459869384765625,1.06170654296875,1.0,1.0,1.0,4.0,1.0,95.0,event
11:26:10.502,0.920215,-0.33874762,0.93043804,1.0186048,0.90439415,-0.56401557,0.45979702,1.0620517,1.021015,-0.22859615,0.41848785,0.6707001,0.8170916,-0.16317476,-0.16463774,0.659461,0.39557016,-0.562086,-0.59538,0.0020752505,902.1612,811.50183,307.03296,812.3077,1106.044,0.07708740234375,-0.02996826171875,0.98565673828125,2.938385009765625,-2.459869384765625,1.06170654296875,1.0,1.0,1.0,4.0,1.0,95.0,event
11:26:10.508,0.920215,-0.33874762,0.93043804,1.0186048,0.90439415,-0.56401557,0.45979702,1.0620517,1.021015,-0.22859615,0.41848785,0.6707001,0.8170916,-0.16317476,-0.16463774,0.659461,0.39557016,-0.562086,-0.59538,0.0020752505,764.7619,814.7253,776.8498,784.10254,752.27106,0.07708740234375,-0.02996826171875,0.98565673828125,2.938385009765625,-2.459869384765625,1.06170654296875,1.0,1.0,1.0,4.0,1.0,95.0,event
11:26:10.508,0.920215,-0.33874762,0.93043804,1.0186048,0.90439415,-0.56401557,0.45979702,1.0620517,1.021015,-0.22859615,0.41848785,0.6707001,0.8170916,-0.16317476,-0.16463774,0.659461,0.39557016,-0.562086,-0.59538,0.0020752505,597.9487,806.6667,730.9158,771.6117,635.82416,0.07708740234375,-0.02996826171875,0.98565673828125,2.938385009765625,-2.459869384765625,1.06170654296875,1.0,1.0,1.0,4.0,1.0,95.0,event
11:26:10.509,0.920215,-0.33874762,0.93043804,1.0186048,0.90439415,-0.56401557,0.45979702,1.0620517,1.021015,-0.22859615,0.41848785,0.6707001,0.8170916,-0.16317476,-0.16463774,0.659461,0.39557016,-0.562086,-0.59538,0.0020752505,611.6484,806.6667,520.18317,779.67035,728.9011,0.07708740234375,-0.02996826171875,0.98565673828125,2.938385009765625,-2.459869384765625,1.06170654296875,1.0,1.0,1.0,4.0,1.0,95.0,event
11:26:10.510,0.920215,-0.33874762,0.93043804,1.0186048,0.90439415,-0.56401557,0.45979702,1.0620517,1.021015,-0.22859615,0.41848785,0.6707001,0.8170916,-0.16317476,-0.16463774,0.659461,0.39557016,-0.562086,-0.59538,0.0020752505,799.011,807.0696,649.12085,795.78754,786.1172,0.07708740234375,-0.02996826171875,0.98565673828125,2.938385009765625,-2.459869384765625,1.06170654296875,1.0,1.0,1.0,4.0,1.0,95.0,event
11:26:10.533,0.920215,-0.33874762,0.93043804,1.0186048,0.90439415,-0.56401557,0.45979702,1.0620517,1.021015,-0.22859615,0.41848785,0.6707001,0.8170916,-0.16317476,-0.16463774,0.659461,0.39557016,-0.562086,-0.59538,0.0020752505,918.68134,807.8755,944.4689,805.4579,747.4359,0.07305908203125,-0.02716064453125,0.97821044921875,2.684173583984375,-3.715972900390625,0.13458251953125,1.0,1.0,1.0,4.0,1.0,95.0,event
11:26:10.535,0.920215,-0.33874762,0.93043804,1.0186048,0.90439415,-0.56401557,0.45979702,1.0620517,1.021015,-0.22859615,0.41848785,0.6707001,0.8170916,-0.16317476,-0.16463774,0.659461,0.39557016,-0.562086,-0.59538,0.0020752505,593.1135,801.8315,411.39194,774.43225,814.7253,0.07305908203125,-0.02716064453125,0.97821044921875,2.684173583984375,-3.715972900390625,0.13458251953125,1.0,1.0,1.0,4.0,1.0,95.0,event
11:26:10.535,0.920215,-0.33874762,0.93043804,1.0186048,0.90439415,-0.56401557,0.45979702,1.0620517,1.021015,-0.22859615,0.41848785,0.6707001,0.8170916,-0.16317476,-0.16463774,0.659461,0.39557016,-0.562086,-0.59538,0.0020752505,786.52014,805.05493,761.53845,789.7436,758.315,0.07305908203125,-0.02716064453125,0.97821044921875,2.684173583984375,-3.715972900390625,0.13458251953125,1.0,1.0,1.0,4.0,1.0,95.0,event
11:26:10.536,0.920215,-0.33874762,0.93043804,1.0186048,0.90439415,-0.56401557,0.45979702,1.0620517,1.021015,-0.22859615,0.41848785,0.6707001,0.8170916,-0.16317476,-0.16463774,0.659461,0.39557016,-0.562086,-0.59538,0.0020752505,600.7692,803.44324,622.1245,783.69965,768.3883,0.07305908203125,-0.02716064453125,0.97821044921875,2.684173583984375,-3.715972900390625,0.13458251953125,1.0,1.0,1.0,4.0,1.0,95.0,event
11:26:10.537,0.920215,-0.33874762,0.93043804,1.0186048,0.90439415,-0.56401557,0.45979702,1.0620517,1.021015,-0.22859615,0.41848785,0.6707001,0.8170916,-0.16317476,-0.16463774,0.659461,0.39557016,-0.562086,-0.59538,0.0020752505,793.36993,802.23444,942.8571,793.7729,730.9158,0.07305908203125,-0.02716064453125,0.97821044921875,2.684173583984375,-3.715972900390625,0.13458251953125,1.0,1.0,1.0,4.0,1.0,95.0,event
11:26:10.538,0.920215,-0.33874762,0.93043804,1.0186048,0.90439415,-0.56401557,0.45979702,1.0620517,1.021015,-0.22859615,0.41848785,0.6707001,0.8170916,-0.16317476,-0.16463774,0.659461,0.39557016,-0.562086,-0.59538,0.0020752505,917.47253,803.0403,735.7509,799.011,981.9414,0.07305908203125,-0.02716064453125,0.97821044921875,2.684173583984375,-3.715972900390625,0.13458251953125,1.0,1.0,1.0,4.0,1.0,95.0,event
11:26:10.538,0.920215,-0.33874762,0.93043804,1.0186048,0.90439415,-0.56401557,0.45979702,1.0620517,1.021015,-0.22859615,0.41848785,0.6707001,0.8170916,-0.16317476,-0.16463774,0.659461,0.39557016,-0.562086,-0.59538,0.0020752505,799.41394,803.8461,311.06226,785.7143,1145.1282,0.07305908203125,-0.02716064453125,0.97821044921875,2.684173583984375,-3.715972900390625,0.13458251953125,1.0,1.0,1.0,4.0,1.0,95.0,event
11:26:10.539,0.920215,-0.33874762,0.93043804,1.0186048,0.90439415,-0.56401557,0.45979702,1.0620517,1.021015,-0.22859615,0.41848785,0.6707001,0.8170916,-0.16317476,-0.16463774,0.659461,0.39557016,-0.562086,-0.59538,0.0020752505,618.49817,805.4579,499.6337,759.92676,866.30035,0.07305908203125,-0.02716064453125,0.97821044921875,2.684173583984375,-3.715972900390625,0.13458251953125,1.0,1.0,1.0,4.0,1.0,95.0,event
11:26:10.540,0.920215,-0.33874762,0.93043804,1.0186048,0.90439415,-0.56401557,0.45979702,1.0620517,1.021015,-0.22859615,0.41848785,0.6707001,0.8170916,-0.16317476,-0.16463774,0.659461,0.39557016,-0.562086,-0.59538,0.0020752505,603.5897,805.8608,838.9011,755.89746,675.7143,0.07305908203125,-0.02716064453125,0.97821044921875,2.684173583984375,-3.715972900390625,0.13458251953125,1.0,1.0,1.0,4.0,1.0,95.0,event
11:26:10.541,0.920215,-0.33874762,0.93043804,1.0186048,0.90439415,-0.56401557,0.45979702,1.0620517,1.021015,-0.22859615,0.41848785,0.6707001,0.8170916,-0.16317476,-0.16463774,0.659461,0.39557016,-0.562086,-0.59538,0.0020752505,757.9121,805.05493,657.1795,772.8205,790.54944,0.07305908203125,-0.02716064453125,0.97821044921875,2.684173583984375,-3.715972900390625,0.13458251953125,1.0,1.0,1.0,4.0,1.0,95.0,event
11:26:10.542,0.920215,-0.33874762,0.93043804,1.0186048,0.90439415,-0.56401557,0.45979702,1.0620517,1.021015,-0.22859615,0.41848785,0.6707001,0.8170916,-0.16317476,-0.16463774,0.659461,0.39557016,-0.562086,-0.59538,0.0020752505,904.17584,808.2784,557.25275,784.10254,879.59705,0.07305908203125,-0.02716064453125,0.97821044921875,2.684173583984375,-3.715972900390625,0.13458251953125,1.0,1.0,1.0,4.0,1.0,95.0,event
11:26:10.542,0.920215,-0.33874762,0.93043804,1.0186048,0.90439415,-0.56401557,0.45979702,1.0620517,1.021015,-0.22859615,0.41848785,0.6707001,0.8170916,-0.16317476,-0.16463774,0.659461,0.39557016,-0.562086,-0.59538,0.0020752505,838.9011,807.0696,802.6374,772.01465,743.00366,0.07305908203125,-0.02716064453125,0.97821044921875,2.684173583984375,-3.715972900390625,0.13458251953125,1.0,1.0,1.0,4.0,1.0,95.0,event
11:26:10.565,0.920215,-0.33874762,0.93043804,1.0186048,0.90439415,-0.56401557,0.45979702,1.0620517,1.021015,-0.22859615,0.41848785,0.6707001,0.8170916,-0.16317476,-0.16463774,0.659461,0.39557016,-0.562086,-0.59538,0.0020752505,649.92676,804.2491,765.16486,760.7326,691.4286,0.07928466796875,-0.02227783203125,0.992431640625,2.669219970703125,-2.519683837890625,1.00189208984375,1.0,1.0,1.0,4.0,1.0,95.0,event
11:26:10.566,0.920215,-0.33874762,0.93043804,1.0186048,0.90439415,-0.56401557,0.45979702,1.0620517,1.021015,-0.22859615,0.41848785,0.6707001,0.8170916,-0.16317476,-0.16463774,0.659461,0.39557016,-0.562086,-0.59538,0.0020752505,598.3516,809.89014,523.8095,761.13556,725.2747,0.07928466796875,-0.02227783203125,0.992431640625,2.669219970703125,-2.519683837890625,1.00189208984375,1.0,1.0,1.0,4.0,1.0,95.0,event
11:26:10.567,0.920215,-0.33874762,0.93043804,1.0186048,0.90439415,-0.56401557,0.45979702,1.0620517,1.021015,-0.22859615,0.41848785,0.6707001,0.8170916,-0.16317476,-0.16463774,0.659461,0.39557016,-0.562086,-0.59538,0.0020752505,738.5714,811.9048,535.09155,774.43225,762.74725,0.07928466796875,-0.02227783203125,0.992431640625,2.669219970703125,-2.519683837890625,1.00189208984375,1.0,1.0,1.0,4.0,1.0,95.0,event
11:26:10.568,0.920215,-0.33874762,0.93043804,1.0186048,0.90439415,-0.56401557,0.45979702,1.0620517,1.021015,-0.22859615,0.41848785,0.6707001,0.8170916,-0.16317476,-0.16463774,0.659461,0.39557016,-0.562086,-0.59538,0.0020752505,906.1905,812.3077,811.0989,781.28204,745.82416,0.07928466796875,-0.02227783203125,0.992431640625,2.669219970703125,-2.519683837890625,1.00189208984375,1.0,1.0,1.0,4.0,1.0,95.0,event
11:26:10.569,0.920215,-0.33874762,0.93043804,1.0186048,0.90439415,-0.56401557,0.45979702,1.0620517,1.021015,-0.22859615,0.41848785,0.6707001,0.8170916,-0.16317476,-0.16463774,0.659461,0.39557016,-0.562086,-0.59538,0.0020752505,861.8681,807.0696,899.34064,769.59705,731.7216,0.07928466796875,-0.02227783203125,0.992431640625,2.669219970703125,-2.519683837890625,1.00189208984375,1.0,1.0,1.0,4.0,1.0,95.0,event
11:26:10.569,0.920215,-0.33874762,0.93043804,1.0186048,0.90439415,-0.56401557,0.45979702,1.0620517,1.021015,-0.22859615,0.41848785,0.6707001,0.8170916,-0.16317476,-0.16463774,0.659461,0.39557016,-0.562086,-0.59538,0.0020752505,652.74725,799.41394,412.60074,760.32965,998.46155,0.07928466796875,-0.02227783203125,0.992431640625,2.669219970703125,-2.519683837890625,1.00189208984375,1.0,1.0,1.0,4.0,1.0,95.0,event
11:26:10.570,0.920215,-0.33874762,0.93043804,1.0186048,0.90439415,-0.56401557,0.45979702,1.0620517,1.021015,-0.22859615,0.41848785,0.6707001,0.8170916,-0.16317476,-0.16463774,0.659461,0.39557016,-0.562086,-0.59538,0.0020752505,584.65204,802.6374,107.58242,761.13556,1120.9524,0.07928466796875,-0.02227783203125,0.992431640625,2.669219970703125,-2.519683837890625,1.00189208984375,1.0,1.0,1.0,4.0,1.0,95.0,event
11:26:10.571,0.920215,-0.33874762,0.93043804,1.0186048,0.90439415,-0.56401557,0.45979702,1.0620517,1.021015,-0.22859615,0.41848785,0.6707001,0.8170916,-0.16317476,-0.16463774,0.659461,0.39557016,-0.562086,-0.59538,0.0020752505,711.5751,805.8608,668.86444,770.40295,787.72894,0.07928466796875,-0.02227783203125,0.992431640625,2.669219970703125,-2.519683837890625,1.00189208984375,1.0,1.0,1.0,4.0,1.0,95.0,event
11:26:10.571,0.920215,-0.33874762,0.93043804,1.0186048,0.90439415,-0.56401557,0.45979702,1.0620517,1.021015,-0.22859615,0.41848785,0.6707001,0.8170916,-0.16317476,-0.16463774,0.659461,0.39557016,-0.562086,-0.59538,0.0020752505,887.25275,803.0403,896.9231,786.1172,724.87177,0.07928466796875,-0.02227783203125,0.992431640625,2.669219970703125,-2.519683837890625,1.00189208984375,1.0,1.0,1.0,4.0,1.0,95.0,event
11:26:10.572,0.920215,-0.2731347,0.93043804,1.0186048,0.90439415,-0.46134096,0.45979702,1.0620517,1.021015,-0.110532425,0.41848785,0.6707001,0.8170916,-0.1278959,-0.16463774,0.659461,0.39557016,-0.54392517,-0.59538,0.0020752505,878.7912,802.23444,639.85345,778.86444,834.0659,0.07928466796875,-0.02227783203125,0.992431640625,2.669219970703125,-2.519683837890625,1.00189208984375,1.0,1.0,1.0,4.0,1.0,95.0,event
11:26:10.575,,,,,,,,,,,,,,,,,,,,,,,,,,,,,,,,,,,,,,blink
11:26:10.577,0.920215,-0.2731347,0.93043804,1.0186048,0.90439415,-0.46134096,0.45979702,1.0620517,1.021015,-0.110532425,0.41848785,0.6707001,0.8170916,-0.1278959,-0.16463774,0.659461,0.39557016,-0.54392517,-0.59538,0.0020752505,685.78754,804.65204,603.5897,763.1502,763.5531,0.07928466796875,-0.02227783203125,0.992431640625,2.669219970703125,-2.519683837890625,1.00189208984375,1.0,1.0,1.0,4.0,1.0,95.0,event
11:26:10.578,0.920215,-0.2731347,0.93043804,1.0186048,0.90439415,-0.46134096,0.45979702,1.0620517,1.021015,-0.110532425,0.41848785,0.6707001,0.8170916,-0.1278959,-0.16463774,0.659461,0.39557016,-0.54392517,-0.59538,0.0020752505,602.381,805.05493,768.7912,764.35895,691.8315,0.07928466796875,-0.02227783203125,0.992431640625,2.669219970703125,-2.519683837890625,1.00189208984375,1.0,1.0,1.0,4.0,1.0,95.0,event
11:26:10.599,0.920215,-0.2731347,0.93043804,1.0186048,0.90439415,-0.46134096,0.45979702,1.0620517,1.021015,-0.110532425,0.41848785,0.6707001,0.8170916,-0.1278959,-0.16463774,0.659461,0.39557016,-0.54392517,-0.59538,0.0020752505,687.8022,806.6667,784.5055,779.2674,743.00366,0.07928466796875,-0.02227783203125,0.992431640625,2.669219970703125,-2.519683837890625,1.00189208984375,1.0,1.0,1.0,4.0,1.0,95.0,event
11:26:10.600,0.920215,-0.2731347,0.93043804,1.0186048,0.90439415,-0.46134096,0.45979702,1.0620517,1.021015,-0.110532425,0.41848785,0.6707001,0.8170916,-0.1278959,-0.16463774,0.659461,0.39557016,-0.54392517,-0.59538,0.0020752505,868.71796,809.89014,594.3223,796.5934,791.3553,0.07928466796875,-0.02227783203125,0.992431640625,2.669219970703125,-2.519683837890625,1.00189208984375,1.0,1.0,1.0,4.0,1.0,95.0,event
11:26:10.601,0.920215,-0.2731347,0.93043804,1.0186048,0.90439415,-0.46134096,0.45979702,1.0620517,1.021015,-0.110532425,0.41848785,0.6707001,0.8170916,-0.1278959,-0.16463774,0.659461,0.39557016,-0.54392517,-0.59538,0.0020752505,902.5641,809.89014,672.49084,790.54944,755.4945,0.07928466796875,-0.02227783203125,0.992431640625,2.669219970703125,-2.519683837890625,1.00189208984375,1.0,1.0,1.0,4.0,1.0,95.0,event
11:26:10.601,0.920215,-0.2731347,0.93043804,1.0186048,0.90439415,-0.46134096,0.45979702,1.0620517,1.021015,-0.110532425,0.41848785,0.6707001,0.8170916,-0.1278959,-0.16463774,0.659461,0.39557016,-0.54392517,-0.59538,0.0020752505,707.5458,809.4872,779.67035,768.7912,688.60803,0.07928466796875,-0.02227783203125,0.992431640625,2.669219970703125,-2.519683837890625,1.00189208984375,1.0,1.0,1.0,4.0,1.0,95.0,event
11:26:10.602,0.920215,-0.2731347,0.93043804,1.0186048,0.90439415,-0.46134096,0.45979702,1.0620517,1.021015,-0.110532425,0.41848785,0.6707001,0.8170916,-0.1278959,-0.16463774,0.659461,0.39557016,-0.54392517,-0.59538,0.0020752505,577.3993,807.47253,551.6117,761.53845,740.989,0.07928466796875,-0.02227783203125,0.992431640625,2.669219970703125,-2.519683837890625,1.00189208984375,1.0,1.0,1.0,4.0,1.0,95.0,event
11:26:10.602,0.920215,-0.2731347,0.93043804,1.0186048,0.90439415,-0.46134096,0.45979702,1.0620517,1.021015,-0.110532425,0.41848785,0.6707001,0.8170916,-0.1278959,-0.16463774,0.659461,0.39557016,-0.54392517,-0.59538,0.0020752505,653.95605,808.68134,412.1978,774.83514,849.7802,0.07928466796875,-0.02227783203125,0.992431640625,2.669219970703125,-2.519683837890625,1.00189208984375,1.0,1.0,1.0,4.0,1.0,95.0,event
11:26:10.603,0.920215,-0.2731347,0.93043804,1.0186048,0.90439415,-0.46134096,0.45979702,1.0620517,1.021015,-0.110532425,0.41848785,0.6707001,0.8170916,-0.1278959,-0.16463774,0.659461,0.39557016,-0.54392517,-0.59538,0.0020752505,850.18317,807.8755,560.4762,787.72894,869.92676,0.07928466796875,-0.02227783203125,0.992431640625,2.669219970703125,-2.519683837890625,1.00189208984375,1.0,1.0,1.0,4.0,1.0,95.0,event
11:26:10.603,0.920215,-0.2731347,0.93043804,1.0186048,0.90439415,-0.46134096,0.45979702,1.0620517,1.021015,-0.110532425,0.41848785,0.6707001,0.8170916,-0.1278959,-0.16463774,0.659461,0.39557016,-0.54392517,-0.59538,0.0020752505,892.0879,805.05493,597.1429,775.64105,818.7546,0.07928466796875,-0.02227783203125,0.992431640625,2.669219970703125,-2.519683837890625,1.00189208984375,1.0,1.0,1.0,4.0,1.0,95.0,event
11:26:10.604,0.920215,-0.2731347,0.93043804,1.0186048,0.90439415,-0.46134096,0.45979702,1.0620517,1.021015,-0.110532425,0.41848785,0.6707001,0.8170916,-0.1278959,-0.16463774,0.659461,0.39557016,-0.54392517,-0.59538,0.0020752505,704.3223,801.8315,392.05127,754.2857,861.06226,0.07928466796875,-0.02227783203125,0.992431640625,2.669219970703125,-2.519683837890625,1.00189208984375,1.0,1.0,1.0,4.0,1.0,95.0,event
11:26:10.604,0.920215,-0.2731347,0.93043804,1.0186048,0.90439415,-0.46134096,0.45979702,1.0620517,1.021015,-0.110532425,0.41848785,0.6707001,0.8170916,-0.1278959,-0.16463774,0.659461,0.39557016,-0.54392517,-0.59538,0.0020752505,552.8205,801.8315,61.245422,752.674,1013.36993,0.07928466796875,-0.02227783203125,0.992431640625,2.669219970703125,-2.519683837890625,1.00189208984375,1.0,1.0,1.0,4.0,1.0,95.0,event
11:26:10.605,0.920215,-0.2731347,0.93043804,1.0186048,0.90439415,-0.46134096,0.45979702,1.0620517,1.021015,-0.110532425,0.41848785,0.6707001,0.8170916,-0.1278959,-0.16463774,0.659461,0.39557016,-0.54392517,-0.59538,0.0020752505,624.94507,812.3077,491.17215,761.13556,871.9414,0.07928466796875,-0.02227783203125,0.992431640625,2.669219970703125,-2.519683837890625,1.00189208984375,1.0,1.0,1.0,4.0,1.0,95.0,event
11:26:10.605,0.920215,-0.2731347,0.93043804,1.0186048,0.90439415,-0.46134096,0.45979702,1.0620517,1.021015,-0.110532425,0.41848785,0.6707001,0.8170916,-0.1278959,-0.16463774,0.659461,0.39557016,-0.54392517,-0.59538,0.0020752505,833.663,813.1135,963.8095,780.07324,728.9011,0.07928466796875,-0.02227783203125,0.992431640625,2.669219970703125,-2.519683837890625,1.00189208984375,1.0,1.0,1.0,4.0,1.0,95.0,event
11:26:10.668,0.920215,-0.2731347,0.93043804,1.0186048,0.90439415,-0.46134096,0.45979702,1.0620517,1.021015,-0.110532425,0.41848785,0.6707001,0.8170916,-0.1278959,-0.16463774,0.659461,0.39557016,-0.54392517,-0.59538,0.0020752505,902.96704,809.89014,772.8205,780.87915,800.6227,0.0643310546875,-0.02496337890625,0.97723388671875,2.340240478515625,-2.811279296875,0.82244873046875,1.0,1.0,1.0,4.0,1.0,95.0,event
11:26:10.670,0.920215,-0.2731347,0.93043804,1.0186048,0.90439415,-0.46134096,0.45979702,1.0620517,1.021015,-0.110532425,0.41848785,0.6707001,0.8170916,-0.1278959,-0.16463774,0.659461,0.39557016,-0.54392517,-0.59538,0.0020752505,743.00366,810.696,661.2088,755.89746,770.40295,0.0643310546875,-0.02496337890625,0.97723388671875,2.340240478515625,-2.811279296875,0.82244873046875,1.0,1.0,1.0,4.0,1.0,95.0,event
11:26:10.671,0.920215,-0.2731347,0.93043804,1.0186048,0.90439415,-0.46134096,0.45979702,1.0620517,1.021015,-0.110532425,0.41848785,0.6707001,0.8170916,-0.1278959,-0.16463774,0.659461,0.39557016,-0.54392517,-0.59538,0.0020752505,603.1868,810.293,714.7985,748.6447,676.52014,0.0643310546875,-0.02496337890625,0.97723388671875,2.340240478515625,-2.811279296875,0.82244873046875,1.0,1.0,1.0,4.0,1.0,95.0,event
11:26:10.672,0.920215,-0.2731347,0.93043804,1.0186048,0.90439415,-0.46134096,0.45979702,1.0620517,1.021015,-0.110532425,0.41848785,0.6707001,0.8170916,-0.1278959,-0.16463774,0.659461,0.39557016,-0.54392517,-0.59538,0.0020752505,637.8388,809.0842,787.72894,757.1062,651.13556,0.0643310546875,-0.02496337890625,0.97723388671875,2.340240478515625,-2.811279296875,0.82244873046875,1.0,1.0,1.0,4.0,1.0,95.0,event
11:26:10.673,0.920215,-0.2731347,0.93043804,1.0186048,0.90439415,-0.46134096,0.45979702,1.0620517,1.021015,-0.110532425,0.41848785,0.6707001,0.8170916,-0.1278959,-0.16463774,0.659461,0.39557016,-0.54392517,-0.59538,0.0020752505,805.05493,807.8755,730.9158,766.77655,732.52747,0.0643310546875,-0.02496337890625,0.97723388671875,2.340240478515625,-2.811279296875,0.82244873046875,1.0,1.0,1.0,4.0,1.0,95.0,event
11:26:10.674,0.920215,-0.2731347,0.93043804,1.0186048,0.90439415,-0.46134096,0.45979702,1.0620517,1.021015,-0.110532425,0.41848785,0.6707001,0.8170916,-0.1278959,-0.16463774,0.659461,0.39557016,-0.54392517,-0.59538,0.0020752505,901.75824,808.68134,633.4066,763.95605,906.1905,0.0643310546875,-0.02496337890625,0.97723388671875,2.340240478515625,-2.811279296875,0.82244873046875,1.0,1.0,1.0,4.0,1.0,95.0,event
11:26:10.675,0.920215,-0.2731347,0.93043804,1.0186048,0.90439415,-0.46134096,0.45979702,1.0620517,1.021015,-0.110532425,0.41848785,0.6707001,0.8170916,-0.1278959,-0.16463774,0.659461,0.39557016,-0.54392517,-0.59538,0.0020752505,778.46155,811.50183,498.02197,744.61536,888.46155,0.0643310546875,-0.02496337890625,0.97723388671875,2.340240478515625,-2.811279296875,0.82244873046875,1.0,1.0,1.0,4.0,1.0,95.0,event
11:26:10.676,0.920215,-0.2731347,0.93043804,1.0186048,0.90439415,-0.46134096,0.45979702,1.0620517,1.021015,-0.110532425,0.41848785,0.6707001,0.8170916,-0.1278959,-0.16463774,0.659461,0.39557016,-0.54392517,-0.59538,0.0020752505,600.7692,809.0842,459.7436,730.9158,761.9414,0.0643310546875,-0.02496337890625,0.97723388671875,2.340240478515625,-2.811279296875,0.82244873046875,1.0,1.0,1.0,4.0,1.0,95.0,event
11:26:10.676,0.920215,-0.2731347,0.93043804,1.0186048,0.90439415,-0.46134096,0.45979702,1.0620517,1.021015,-0.110532425,0.41848785,0.6707001,0.8170916,-0.1278959,-0.16463774,0.659461,0.39557016,-0.54392517,-0.59538,0.0020752505,587.8755,803.44324,240.95238,751.8681,918.2784,0.0643310546875,-0.02496337890625,0.97723388671875,2.340240478515625,-2.811279296875,0.82244873046875,1.0,1.0,1.0,4.0,1.0,95.0,event
11:26:10.677,0.920215,-0.2731347,0.93043804,1.0186048,0.90439415,-0.46134096,0.45979702,1.0620517,1.021015,-0.110532425,0.41848785,0.6707001,0.8170916,-0.1278959,-0.16463774,0.659461,0.39557016,-0.54392517,-0.59538,0.0020752505,778.0586,808.68134,49.56044,785.31134,1065.348,0.0643310546875,-0.02496337890625,0.97723388671875,2.340240478515625,-2.811279296875,0.82244873046875,1.0,1.0,1.0,4.0,1.0,95.0,event
11:26:10.678,0.920215,-0.2731347,0.93043804,1.0186048,0.90439415,-0.46134096,0.45979702,1.0620517,1.021015,-0.110532425,0.41848785,0.6707001,0.8170916,-0.1278959,-0.16463774,0.659461,0.39557016,-0.54392517,-0.59538,0.0020752505,928.7546,817.5458,614.0659,792.96704,812.71063,0.0643310546875,-0.02496337890625,0.97723388671875,2.340240478515625,-2.811279296875,0.82244873046875,1.0,1.0,1.0,4.0,1.0,95.0,event
11:26:10.678,0.920215,-0.18544607,0.93043804,1.0186048,0.90439415,-0.34791344,0.45979702,1.0620517,1.021015,0.034004763,0.41848785,0.6707001,0.8170916,-0.09464459,-0.16463774,0.659461,0.39557016,-0.5308389,-0.59538,0.0020752505,820.7692,812.3077,796.5934,779.2674,724.0659,0.0643310546875,-0.02496337890625,0.97723388671875,2.340240478515625,-2.811279296875,0.82244873046875,1.0,1.0,1.0,4.0,1.0,95.0,event
11:26:10.726,0.920215,-0.18544607,0.93043804,1.0186048,0.90439415,-0.34791344,0.45979702,1.0620517,1.021015,0.034004763,0.41848785,0.6707001,0.8170916,-0.09464459,-0.16463774,0.659461,0.39557016,-0.5308389,-0.59538,0.0020752505,618.49817,806.26373,565.7143,772.8205,751.06226,0.0675048828125,-0.0262451171875,0.98211669921875,2.100982666015625,-2.220611572265625,-0.73272705078125,1.0,1.0,1.0,4.0,1.0,95.0,event
11:26:10.727,0.920215,-0.18544607,0.93043804,1.0186048,0.90439415,-0.34791344,0.45979702,1.0620517,1.021015,0.034004763,0.41848785,0.6707001,0.8170916,-0.09464459,-0.16463774,0.659461,0.39557016,-0.5308389,-0.59538,0.0020752505,607.2161,807.0696,709.5604,783.69965,666.8498,0.0675048828125,-0.0262451171875,0.98211669921875,2.100982666015625,-2.220611572265625,-0.73272705078125,1.0,1.0,1.0,4.0,1.0,95.0,event
11:26:10.728,0.920215,-0.18544607,0.93043804,1.0186048,0.90439415,-0.34791344,0.45979702,1.0620517,1.021015,0.034004763,0.41848785,0.6707001,0.8170916,-0.09464459,-0.16463774,0.659461,0.39557016,-0.5308389,-0.59538,0.0020752505,782.49084,809.89014,944.4689,804.2491,691.02563,0.0675048828125,-0.0262451171875,0.98211669921875,2.100982666015625,-2.220611572265625,-0.73272705078125,1.0,1.0,1.0,4.0,1.0,95.0,event
11:26:10.729,0.920215,-0.18544607,0.93043804,1.0186048,0.90439415,-0.34791344,0.45979702,1.0620517,1.021015,0.034004763,0.41848785,0.6707001,0.8170916,-0.09464459,-0.16463774,0.659461,0.39557016,-0.5308389,-0.59538,0.0020752505,925.5311,808.2784,838.9011,811.9048,783.69965,0.0675048828125,-0.0262451171875,0.98211669921875,2.100982666015625,-2.220611572265625,-0.73272705078125,1.0,1.0,1.0,4.0,1.0,95.0,event
11:26:10.730,0.920215,-0.18544607,0.93043804,1.0186048,0.90439415,-0.34791344,0.45979702,1.0620517,1.021015,0.034004763,0.41848785,0.6707001,0.8170916,-0.09464459,-0.16463774,0.659461,0.39557016,-0.5308389,-0.59538,0.0020752505,830.0366,804.65204,620.5128,792.5641,794.9817,0.0675048828125,-0.0262451171875,0.98211669921875,2.100982666015625,-2.220611572265625,-0.73272705078125,1.0,1.0,1.0,4.0,1.0,95.0,event
11:26:10.730,0.920215,-0.18544607,0.93043804,1.0186048,0.90439415,-0.34791344,0.45979702,1.0620517,1.021015,0.034004763,0.41848785,0.6707001,0.8170916,-0.09464459,-0.16463774,0.659461,0.39557016,-0.5308389,-0.59538,0.0020752505,630.18317,805.4579,559.67035,774.43225,815.12823,0.0675048828125,-0.0262451171875,0.98211669921875,2.100982666015625,-2.220611572265625,-0.73272705078125,1.0,1.0,1.0,4.0,1.0,95.0,event
11:26:10.731,0.920215,-0.18544607,0.93043804,1.0186048,0.90439415,-0.34791344,0.45979702,1.0620517,1.021015,0.034004763,0.41848785,0.6707001,0.8170916,-0.09464459,-0.16463774,0.659461,0.39557016,-0.5308389,-0.59538,0.0020752505,593.5165,808.2784,558.86444,776.4469,828.4249,0.0675048828125,-0.0262451171875,0.98211669921875,2.100982666015625,-2.220611572265625,-0.73272705078125,1.0,1.0,1.0,4.0,1.0,95.0,event
11:26:10.732,0.920215,-0.18544607,0.93043804,1.0186048,0.90439415,-0.34791344,0.45979702,1.0620517,1.021015,0.034004763,0.41848785,0.6707001,0.8170916,-0.09464459,-0.16463774,0.659461,0.39557016,-0.5308389,-0.59538,0.0020752505,730.5128,807.0696,453.2967,795.78754,862.27106,0.0675048828125,-0.0262451171875,0.98211669921875,2.100982666015625,-2.220611572265625,-0.73272705078125,1.0,1.0,1.0,4.0,1.0,95.0,event
11:26:10.733,0.920215,-0.18544607,0.93043804,1.0186048,0.90439415,-0.34791344,0.45979702,1.0620517,1.021015,0.034004763,0.41848785,0.6707001,0.8170916,-0.09464459,-0.16463774,0.659461,0.39557016,-0.5308389,-0.59538,0.0020752505,897.72894,807.0696,476.26373,805.05493,937.2161,0.0675048828125,-0.0262451171875,0.98211669921875,2.100982666015625,-2.220611572265625,-0.73272705078125,1.0,1.0,1.0,4.0,1.0,95.0,event
11:26:10.734,0.920215,-0.18544607,0.93043804,1.0186048,0.90439415,-0.34791344,0.45979702,1.0620517,1.021015,0.034004763,0.41848785,0.6707001,0.8170916,-0.09464459,-0.16463774,0.659461,0.39557016,-0.5308389,-0.59538,0.0020752505,857.8388,805.8608,781.685,789.34064,808.68134,0.0675048828125,-0.0262451171875,0.98211669921875,2.100982666015625,-2.220611572265625,-0.73272705078125,1.0,1.0,1.0,4.0,1.0,95.0,event
11:26:10.735,0.920215,-0.18544607,0.93043804,1.0186048,0.90439415,-0.34791344,0.45979702,1.0620517,1.021015,0.034004763,0.41848785,0.6707001,0.8170916,-0.09464459,-0.16463774,0.659461,0.39557016,-0.5308389,-0.59538,0.0020752505,651.53845,802.23444,796.99634,767.98535,684.9817,0.0675048828125,-0.0262451171875,0.98211669921875,2.100982666015625,-2.220611572265625,-0.73272705078125,1.0,1.0,1.0,4.0,1.0,95.0,event
11:26:10.736,0.920215,-0.18544607,0.93043804,1.0186048,0.90439415,-0.34791344,0.45979702,1.0620517,1.021015,0.034004763,0.41848785,0.6707001,0.8170916,-0.09464459,-0.16463774,0.659461,0.39557016,-0.5308389,-0.59538,0.0020752505,572.96704,796.1905,461.35532,774.43225,906.5934,0.0675048828125,-0.0262451171875,0.98211669921875,2.100982666015625,-2.220611572265625,-0.73272705078125,1.0,1.0,1.0,4.0,1.0,95.0,event
11:26:10.776,0.920215,-0.18544607,0.93043804,1.0186048,0.90439415,-0.34791344,0.45979702,1.0620517,1.021015,0.034004763,0.41848785,0.6707001,0.8170916,-0.09464459,-0.16463774,0.659461,0.39557016,-0.5308389,-0.59538,0.0020752505,899.7436,804.65204,706.7399,805.05493,783.69965,0.0712890625,-0.02801513671875,0.9818115234375,2.026214599609375,-3.551483154296875,0.85235595703125,1.0,1.0,1.0,4.0,1.0,95.0,event
11:26:10.776,0.920215,-0.18544607,0.93043804,1.0186048,0.90439415,-0.34791344,0.45979702,1.0620517,1.021015,0.034004763,0.41848785,0.6707001,0.8170916,-0.09464459,-0.16463774,0.659461,0.39557016,-0.5308389,-0.59538,0.0020752505,707.5458,798.20514,225.64102,799.011,1034.3224,0.0712890625,-0.02801513671875,0.9818115234375,2.026214599609375,-3.551483154296875,0.85235595703125,1.0,1.0,1.0,4.0,1.0,95.0,event
11:26:10.777,0.920215,-0.18544607,0.93043804,1.0186048,0.90439415,-0.34791344,0.45979702,1.0620517,1.021015,0.034004763,0.41848785,0.6707001,0.8170916,-0.09464459,-0.16463774,0.659461,0.39557016,-0.5308389,-0.59538,0.0020752505,872.74725,801.02563,858.24176,793.7729,693.8461,0.0712890625,-0.02801513671875,0.9818115234375,2.026214599609375,-3.551483154296875,0.85235595703125,1.0,1.0,1.0,4.0,1.0,95.0,event
11:26:10.778,0.920215,-0.18544607,0.93043804,1.0186048,0.90439415,-0.34791344,0.45979702,1.0620517,1.021015,0.034004763,0.41848785,0.6707001,0.8170916,-0.09464459,-0.16463774,0.659461,0.39557016,-0.5308389,-0.59538,0.0020752505,666.04395,795.78754,567.72894,775.2381,738.1685,0.0712890625,-0.02801513671875,0.9818115234375,2.026214599609375,-3.551483154296875,0.85235595703125,1.0,1.0,1.0,4.0,1.0,95.0,event
11:26:10.778,0.920215,-0.18544607,0.93043804,1.0186048,0.90439415,-0.34791344,0.45979702,1.0620517,1.021015,0.034004763,0.41848785,0.6707001,0.8170916,-0.09464459,-0.16463774,0.659461,0.39557016,-0.5308389,-0.59538,0.0020752505,585.8608,799.81683,607.2161,776.4469,719.2308,0.0712890625,-0.02801513671875,0.9818115234375,2.026214599609375,-3.551483154296875,0.85235595703125,1.0,1.0,1.0,4.0,1.0,95.0,event
11:26:10.779,0.920215,-0.18544607,0.93043804,1.0186048,0.90439415,-0.34791344,0.45979702,1.0620517,1.021015,0.034004763,0.41848785,0.6707001,0.8170916,-0.09464459,-0.16463774,0.659461,0.39557016,-0.5308389,-0.59538,0.0020752505,691.8315,802.6374,637.8388,796.5934,734.94507,0.0712890625,-0.02801513671875,0.9818115234375,2.026214599609375,-3.551483154296875,0.85235595703125,1.0,1.0,1.0,4.0,1.0,95.0,event
11:26:10.779,0.920215,-0.18544607,0.93043804,1.0186048,0.90439415,-0.34791344,0.45979702,1.0620517,1.021015,0.034004763,0.41848785,0.6707001,0.8170916,-0.09464459,-0.16463774,0.659461,0.39557016,-0.5308389,-0.59538,0.0020752505,887.25275,801.4286,643.0769,809.89014,799.011,0.0712890625,-0.02801513671875,0.9818115234375,2.026214599609375,-3.551483154296875,0.85235595703125,1.0,1.0,1.0,4.0,1.0,95.0,event
11:26:10.780,0.920215,-0.18544607,0.93043804,1.0186048,0.90439415,-0.34791344,0.45979702,1.0620517,1.021015,0.034004763,0.41848785,0.6707001,0.8170916,-0.09464459,-0.16463774,0.659461,0.39557016,-0.5308389,-0.59538,0.0020752505,894.90845,799.41394,345.31134,806.6667,963.00366,0.0712890625,-0.02801513671875,0.9818115234375,2.026214599609375,-3.551483154296875,0.85235595703125,1.0,1.0,1.0,4.0,1.0,95.0,event
11:26:10.780,0.920215,-0.18544607,0.93043804,1.0186048,0.90439415,-0.34791344,0.45979702,1.0620517,1.021015,0.034004763,0.41848785,0.6707001,0.8170916,-0.09464459,-0.16463774,0.659461,0.39557016,-0.5308389,-0.59538,0.0020752505,695.05493,801.8315,145.05495,788.5348,943.663,0.0712890625,-0.02801513671875,0.9818115234375,2.026214599609375,-3.551483154296875,0.85235595703125,1.0,1.0,1.0,4.0,1.0,95.0,event
11:26:10.780,0.920215,-0.18544607,0.93043804,1.0186048,0.90439415,-0.34791344,0.45979702,1.0620517,1.021015,0.034004763,0.41848785,0.6707001,0.8170916,-0.09464459,-0.16463774,0.659461,0.39557016,-0.5308389,-0.59538,0.0020752505,602.7839,807.47253,706.7399,784.5055,731.7216,0.0712890625,-0.02801513671875,0.9818115234375,2.026214599609375,-3.551483154296875,0.85235595703125,1.0,1.0,1.0,4.0,1.0,95.0,event
11:26:10.781,0.920215,-0.18544607,0.93043804,1.0186048,0.90439415,-0.34791344,0.45979702,1.0620517,1.021015,0.034004763,0.41848785,0.6707001,0.8170916,-0.09464459,-0.16463774,0.659461,0.39557016,-0.5308389,-0.59538,0.0020752505,688.20514,807.0696,862.674,796.99634,745.82416,0.0712890625,-0.02801513671875,0.9818115234375,2.026214599609375,-3.551483154296875,0.85235595703125,1.0,1.0,1.0,4.0,1.0,95.0,event
11:26:10.781,0.920215,-0.18544607,0.93043804,1.0186048,0.90439415,-0.34791344,0.45979702,1.0620517,1.021015,0.034004763,0.41848785,0.6707001,0.8170916,-0.09464459,-0.16463774,0.659461,0.39557016,-0.5308389,-0.59538,0.0020752505,880.0,805.4579,769.19415,817.9487,803.44324,0.0712890625,-0.02801513671875,0.9818115234375,2.026214599609375,-3.551483154296875,0.85235595703125,1.0,1.0,1.0,4.0,1.0,95.0,event
11:26:10.826,0.920215,-0.18544607,0.93043804,1.0186048,0.90439415,-0.34791344,0.45979702,1.0620517,1.021015,0.034004763,0.41848785,0.6707001,0.8170916,-0.09464459,-0.16463774,0.659461,0.39557016,-0.5308389,-0.59538,0.0020752505,927.5458,805.8608,831.6484,821.978,779.2674,0.0712890625,-0.02801513671875,0.9818115234375,2.026214599609375,-3.551483154296875,0.85235595703125,1.0,1.0,1.0,4.0,1.0,95.0,event
11:26:10.827,0.920215,-0.07937904,0.93043804,1.0186048,0.90439415,-0.2628327,0.45979702,1.0620517,1.021015,0.13961369,0.41848785,0.6707001,0.8170916,-0.07268055,-0.16463774,0.659461,0.39557016,-0.5224649,-0.59538,0.0020752505,734.1392,813.91943,761.9414,786.52014,680.14655,0.0712890625,-0.02801513671875,0.9818115234375,2.026214599609375,-3.551483154296875,0.85235595703125,1.0,1.0,1.0,4.0,1.0,95.0,event
11:26:10.831,0.920215,-0.07937904,0.93043804,1.0186048,0.90439415,-0.2628327,0.45979702,1.0620517,1.021015,0.13961369,0.41848785,0.6707001,0.8170916,-0.07268055,-0.16463774,0.659461,0.39557016,-0.5224649,-0.59538,0.0020752505,583.8461,811.0989,531.06226,770.40295,767.1795,0.0712890625,-0.02801513671875,0.9818115234375,2.026214599609375,-3.551483154296875,0.85235595703125,1.0,1.0,1.0,4.0,1.0,95.0,event
11:26:10.832,0.920215,-0.07937904,0.93043804,1.0186048,0.90439415,-0.2628327,0.45979702,1.0620517,1.021015,0.13961369,0.41848785,0.6707001,0.8170916,-0.07268055,-0.16463774,0.659461,0.39557016,-0.5224649,-0.59538,0.0020752505,648.315,811.9048,481.90475,794.17584,869.5238,0.0712890625,-0.02801513671875,0.9818115234375,2.026214599609375,-3.551483154296875,0.85235595703125,1.0,1.0,1.0,4.0,1.0,95.0,event
11:26:10.832,0.920215,-0.07937904,0.93043804,1.0186048,0.90439415,-0.2628327,0.45979702,1.0620517,1.021015,0.13961369,0.41848785,0.6707001,0.8170916,-0.07268055,-0.16463774,0.659461,0.39557016,-0.5224649,-0.59538,0.0020752505,824.7985,819.5604,782.8938,795.38464,813.5165,0.0712890625,-0.02801513671875,0.9818115234375,2.026214599609375,-3.551483154296875,0.85235595703125,1.0,1.0,1.0,4.0,1.0,95.0,event
11:26:10.833,0.920215,-0.07937904,0.93043804,1.0186048,0.90439415,-0.2628327,0.45979702,1.0620517,1.021015,0.13961369,0.41848785,0.6707001,0.8170916,-0.07268055,-0.16463774,0.659461,0.39557016,-0.5224649,-0.59538,0.0020752505,863.0769,813.1135,769.59705,770.40295,856.2271,0.0712890625,-0.02801513671875,0.9818115234375,2.026214599609375,-3.551483154296875,0.85235595703125,1.0,1.0,1.0,4.0,1.0,95.0,event
11:26:10.833,0.920215,-0.07937904,0.93043804,1.0186048,0.90439415,-0.2628327,0.45979702,1.0620517,1.021015,0.13961369,0.41848785,0.6707001,0.8170916,-0.07268055,-0.16463774,0.659461,0.39557016,-0.5224649,-0.59538,0.0020752505,686.1905,802.23444,400.51282,740.58606,925.5311,0.0712890625,-0.02801513671875,0.9818115234375,2.026214599609375,-3.551483154296875,0.85235595703125,1.0,1.0,1.0,4.0,1.0,95.0,event
11:26:10.834,0.920215,-0.07937904,0.93043804,1.0186048,0.90439415,-0.2628327,0.45979702,1.0620517,1.021015,0.13961369,0.41848785,0.6707001,0.8170916,-0.07268055,-0.16463774,0.659461,0.39557016,-0.5224649,-0.59538,0.0020752505,501.64835,807.47253,116.04395,707.1429,995.2381,0.0712890625,-0.02801513671875,0.9818115234375,2.026214599609375,-3.551483154296875,0.85235595703125,1.0,1.0,1.0,4.0,1.0,95.0,event
11:26:10.835,0.920215,-0.07937904,0.93043804,1.0186048,0.90439415,-0.2628327,0.45979702,1.0620517,1.021015,0.13961369,0.41848785,0.6707001,0.8170916,-0.07268055,-0.16463774,0.659461,0.39557016,-0.5224649,-0.59538,0.0020752505,535.09155,822.381,556.8498,701.0989,839.304,0.0712890625,-0.02801513671875,0.9818115234375,2.026214599609375,-3.551483154296875,0.85235595703125,1.0,1.0,1.0,4.0,1.0,95.0,event
11:26:10.835,0.920215,-0.07937904,0.93043804,1.0186048,0.90439415,-0.2628327,0.45979702,1.0620517,1.021015,0.13961369,0.41848785,0.6707001,0.8170916,-0.07268055,-0.16463774,0.659461,0.39557016,-0.5224649,-0.59538,0.0020752505,724.4689,836.08057,1002.49084,710.7692,713.5897,0.0712890625,-0.02801513671875,0.9818115234375,2.026214599609375,-3.551483154296875,0.85235595703125,1.0,1.0,1.0,4.0,1.0,95.0,event
11:26:10.836,0.920215,-0.07937904,0.93043804,1.0186048,0.90439415,-0.2628327,0.45979702,1.0620517,1.021015,0.13961369,0.41848785,0.6707001,0.8170916,-0.07268055,-0.16463774,0.659461,0.39557016,-0.5224649,-0.59538,0.0020752505,797.8022,855.42126,832.0513,694.2491,801.02563,0.0712890625,-0.02801513671875,0.9818115234375,2.026214599609375,-3.551483154296875,0.85235595703125,1.0,1.0,1.0,4.0,1.0,95.0,event
11:26:10.837,0.920215,-0.07937904,0.93043804,1.0186048,0.90439415,-0.2628327,0.45979702,1.0620517,1.021015,0.13961369,0.41848785,0.6707001,0.8170916,-0.07268055,-0.16463774,0.659461,0.39557016,-0.5224649,-0.59538,0.0020752505,629.7802,867.50916,676.1172,646.30035,799.011,0.0712890625,-0.02801513671875,0.9818115234375,2.026214599609375,-3.551483154296875,0.85235595703125,1.0,1.0,1.0,4.0,1.0,95.0,event
11:26:10.883,0.920215,-0.07937904,0.93043804,1.0186048,0.90439415,-0.2628327,0.45979702,1.0620517,1.021015,0.13961369,0.41848785,0.6707001,0.8170916,-0.07268055,-0.16463774,0.659461,0.39557016,-0.5224649,-0.59538,0.0020752505,435.9707,890.87915,770.40295,616.08057,700.696,0.06964111328125,-0.02911376953125,0.98614501953125,2.489776611328125,-3.57391357421875,0.755157470703125,1.0,1.0,1.0,4.0,1.0,95.0,event
11:26:10.885,0.920215,-0.07937904,0.93043804,1.0186048,0.90439415,-0.2628327,0.45979702,1.0620517,1.021015,0.13961369,0.41848785,0.6707001,0.8170916,-0.07268055,-0.16463774,0.659461,0.39557016,-0.5224649,-0.59538,0.0020752505,560.07324,931.5751,767.98535,583.0403,749.85345,0.06964111328125,-0.02911376953125,0.98614501953125,2.489776611328125,-3.57391357421875,0.755157470703125,1.0,1.0,1.0,4.0,1.0,95.0,event
11:26:10.885,0.920215,-0.07937904,0.93043804,1.0186048,0.90439415,-0.2628327,0.45979702,1.0620517,1.021015,0.13961369,0.41848785,0.6707001,0.8170916,-0.07268055,-0.16463774,0.659461,0.39557016,-0.5224649,-0.59538,0.0020752505,419.8535,921.0989,872.74725,601.5751,693.8461,0.06964111328125,-0.02911376953125,0.98614501953125,2.489776611328125,-3.57391357421875,0.755157470703125,1.0,1.0,1.0,4.0,1.0,95.0,event
11:26:10.886,0.920215,-0.07937904,0.93043804,1.0186048,0.90439415,-0.2628327,0.45979702,1.0620517,1.021015,0.13961369,0.41848785,0.6707001,0.8170916,-0.07268055,-0.16463774,0.659461,0.39557016,-0.5224649,-0.59538,0.0020752505,660.0,933.9927,776.4469,563.69965,742.1978,0.06964111328125,-0.02911376953125,0.98614501953125,2.489776611328125,-3.57391357421875,0.755157470703125,1.0,1.0,1.0,4.0,1.0,95.0,event
11:26:10.887,0.920215,-0.07937904,0.93043804,1.0186048,0.90439415,-0.2628327,0.45979702,1.0620517,1.021015,0.13961369,0.41848785,0.6707001,0.8170916,-0.07268055,-0.16463774,0.659461,0.39557016,-0.5224649,-0.59538,0.0020752505,533.8828,933.9927,761.53845,532.674,743.8095,0.06964111328125,-0.02911376953125,0.98614501953125,2.489776611328125,-3.57391357421875,0.755157470703125,1.0,1.0,1.0,4.0,1.0,95.0,event
11:26:10.887,0.920215,-0.07937904,0.93043804,1.0186048,0.90439415,-0.2628327,0.45979702,1.0620517,1.021015,0.13961369,0.41848785,0.6707001,0.8170916,-0.07268055,-0.16463774,0.659461,0.39557016,-0.5224649,-0.59538,0.0020752505,341.68497,923.1135,601.5751,515.7509,760.7326,0.06964111328125,-0.02911376953125,0.98614501953125,2.489776611328125,-3.57391357421875,0.755157470703125,1.0,1.0,1.0,4.0,1.0,95.0,event
11:26:10.888,0.920215,-0.07937904,0.93043804,1.0186048,0.90439415,-0.2628327,0.45979702,1.0620517,1.021015,0.13961369,0.41848785,0.6707001,0.8170916,-0.07268055,-0.16463774,0.659461,0.39557016,-0.5224649,-0.59538,0.0020752505,331.61172,913.0403,274.3956,543.1502,1008.1319,0.06964111328125,-0.02911376953125,0.98614501953125,2.489776611328125,-3.57391357421875,0.755157470703125,1.0,1.0,1.0,4.0,1.0,95.0,event
11:26:10.889,0.920215,-0.07937904,0.93043804,1.0186048,0.90439415,-0.2628327,0.45979702,1.0620517,1.021015,0.13961369,0.41848785,0.6707001,0.8170916,-0.07268055,-0.16463774,0.659461,0.39557016,-0.5224649,-0.59538,0.0020752505,536.7033,915.4579,177.6923,589.0842,1163.663,0.06964111328125,-0.02911376953125,0.98614501953125,2.489776611328125,-3.57391357421875,0.755157470703125,1.0,1.0,1.0,4.0,1.0,95.0,event
11:26:10.890,0.920215,-0.07937904,0.93043804,1.0186048,0.90439415,-0.2628327,0.45979702,1.0620517,1.021015,0.13961369,0.41848785,0.6707001,0.8170916,-0.07268055,-0.16463774,0.659461,0.39557016,-0.5224649,-0.59538,0.0020752505,715.6044,915.4579,761.53845,602.381,860.65936,0.06964111328125,-0.02911376953125,0.98614501953125,2.489776611328125,-3.57391357421875,0.755157470703125,1.0,1.0,1.0,4.0,1.0,95.0,event
11:26:10.890,0.920215,-0.07937904,0.93043804,1.0186048,0.90439415,-0.2628327,0.45979702,1.0620517,1.021015,0.13961369,0.41848785,0.6707001,0.8170916,-0.07268055,-0.16463774,0.659461,0.39557016,-0.5224649,-0.59538,0.0020752505,633.00366,905.38464,837.28937,594.3223,745.42126,0.06964111328125,-0.02911376953125,0.98614501953125,2.489776611328125,-3.57391357421875,0.755157470703125,1.0,1.0,1.0,4.0,1.0,95.0,event
11:26:10.891,0.920215,-0.07937904,0.93043804,1.0186048,0.90439415,-0.2628327,0.45979702,1.0620517,1.021015,0.13961369,0.41848785,0.6707001,0.8170916,-0.07268055,-0.16463774,0.659461,0.39557016,-0.5224649,-0.59538,0.0020752505,445.64102,897.326,447.25275,601.978,873.5531,0.06964111328125,-0.02911376953125,0.98614501953125,2.489776611328125,-3.57391357421875,0.755157470703125,1.0,1.0,1.0,4.0,1.0,95.0,event
11:26:10.892,0.920215,-0.07937904,0.93043804,1.0186048,0.90439415,-0.2628327,0.45979702,1.0620517,1.021015,0.13961369,0.41848785,0.6707001,0.8170916,-0.07268055,-0.16463774,0.659461,0.39557016,-0.5224649,-0.59538,0.0020752505,428.71796,891.28204,520.989,625.34796,827.619,0.06964111328125,-0.02911376953125,0.98614501953125,2.489776611328125,-3.57391357421875,0.755157470703125,1.0,1.0,1.0,4.0,1.0,95.0,event
11:26:10.914,0.920215,-0.07937904,0.93043804,1.0186048,0.90439415,-0.2628327,0.45979702,1.0620517,1.021015,0.13961369,0.41848785,0.6707001,0.8170916,-0.07268055,-0.16463774,0.659461,0.39557016,-0.5224649,-0.59538,0.0020752505,609.6337,881.6117,915.4579,648.315,711.5751,0.07659912109375,-0.0316162109375,0.98382568359375,2.572021484375,-2.572021484375,0.500946044921875,1.0,1.0,1.0,4.0,1.0,95.0,event
11:26:10.916,0.920215,-0.07937904,0.93043804,1.0186048,0.90439415,-0.2628327,0.45979702,1.0620517,1.021015,0.13961369,0.41848785,0.6707001,0.8170916,-0.07268055,-0.16463774,0.659461,0.39557016,-0.5224649,-0.59538,0.0020752505,790.54944,869.92676,852.1978,674.5055,755.09155,0.07659912109375,-0.0316162109375,0.98382568359375,2.572021484375,-2.572021484375,0.500946044921875,1.0,1.0,1.0,4.0,1.0,95.0,event
11:26:10.917,0.920215,-0.07937904,0.93043804,1.0186048,0.90439415,-0.2628327,0.45979702,1.0620517,1.021015,0.13961369,0.41848785,0.6707001,0.8170916,-0.07268055,-0.16463774,0.659461,0.39557016,-0.5224649,-0.59538,0.0020752505,747.03296,855.42126,553.22345,685.38464,779.2674,0.07659912109375,-0.0316162109375,0.98382568359375,2.572021484375,-2.572021484375,0.500946044921875,1.0,1.0,1.0,4.0,1.0,95.0,event
11:26:10.918,0.920215,-0.07937904,0.93043804,1.0186048,0.90439415,-0.2628327,0.45979702,1.0620517,1.021015,0.13961369,0.41848785,0.6707001,0.8170916,-0.07268055,-0.16463774,0.659461,0.39557016,-0.5224649,-0.59538,0.0020752505,569.7436,848.1685,636.2271,684.17584,764.35895,0.07659912109375,-0.0316162109375,0.98382568359375,2.572021484375,-2.572021484375,0.500946044921875,1.0,1.0,1.0,4.0,1.0,95.0,event
11:26:10.922,0.920215,-0.07937904,0.93043804,1.0186048,0.90439415,-0.2628327,0.45979702,1.0620517,1.021015,0.13961369,0.41848785,0.6707001,0.8170916,-0.07268055,-0.16463774,0.659461,0.39557016,-0.5224649,-0.59538,0.0020752505,534.2857,840.5128,832.0513,707.9487,700.293,0.07659912109375,-0.0316162109375,0.98382568359375,2.572021484375,-2.572021484375,0.500946044921875,1.0,1.0,1.0,4.0,1.0,95.0,event
11:26:10.923,0.920215,-0.07937904,0.93043804,1.0186048,0.90439415,-0.2628327,0.45979702,1.0620517,1.021015,0.13961369,0.41848785,0.6707001,0.8170916,-0.07268055,-0.16463774,0.659461,0.39557016,-0.5224649,-0.59538,0.0020752505,688.20514,826.0073,692.23444,753.8828,887.25275,0.07659912109375,-0.0316162109375,0.98382568359375,2.572021484375,-2.572021484375,0.500946044921875,1.0,1.0,1.0,4.0,1.0,95.0,event
11:26:10.924,0.920215,-0.07937904,0.93043804,1.0186048,0.90439415,-0.2628327,0.45979702,1.0620517,1.021015,0.13961369,0.41848785,0.6707001,0.8170916,-0.07268055,-0.16463774,0.659461,0.39557016,-0.5224649,-0.59538,0.0020752505,878.3883,815.5311,373.11356,792.96704,1062.5275,0.07659912109375,-0.0316162109375,0.98382568359375,2.572021484375,-2.572021484375,0.500946044921875,1.0,1.0,1.0,4.0,1.0,95.0,event
11:26:10.925,0.920215,-0.07937904,0.93043804,1.0186048,0.90439415,-0.2628327,0.45979702,1.0620517,1.021015,0.13961369,0.41848785,0.6707001,0.8170916,-0.07268055,-0.16463774,0.659461,0.39557016,-0.5224649,-0.59538,0.0020752505,886.04395,809.0842,555.2381,810.696,844.5421,0.07659912109375,-0.0316162109375,0.98382568359375,2.572021484375,-2.572021484375,0.500946044921875,1.0,1.0,1.0,4.0,1.0,95.0,event
11:26:10.925,0.920215,-0.07937904,0.93043804,1.0186048,0.90439415,-0.2628327,0.45979702,1.0620517,1.021015,0.13961369,0.41848785,0.6707001,0.8170916,-0.07268055,-0.16463774,0.659461,0.39557016,-0.5224649,-0.59538,0.0020752505,708.7546,799.81683,695.4579,808.2784,772.01465,0.07659912109375,-0.0316162109375,0.98382568359375,2.572021484375,-2.572021484375,0.500946044921875,1.0,1.0,1.0,4.0,1.0,95.0,event
11:26:10.927,0.920215,-0.07937904,0.93043804,1.0186048,0.90439415,-0.2628327,0.45979702,1.0620517,1.021015,0.13961369,0.41848785,0.6707001,0.8170916,-0.07268055,-0.16463774,0.659461,0.39557016,-0.5224649,-0.59538,0.0020752505,626.9597,790.14655,388.82785,821.978,911.8315,0.07659912109375,-0.0316162109375,0.98382568359375,2.572021484375,-2.572021484375,0.500946044921875,1.0,1.0,1.0,4.0,1.0,95.0,event
11:26:10.928,0.920215,-0.07937904,0.93043804,1.0186048,0.90439415,-0.2628327,0.45979702,1.0620517,1.021015,0.13961369,0.41848785,0.6707001,0.8170916,-0.07268055,-0.16463774,0.659461,0.39557016,-0.5224649,-0.59538,0.0020752505,763.1502,785.31134,309.45056,854.21246,954.94507,0.07659912109375,-0.0316162109375,0.98382568359375,2.572021484375,-2.572021484375,0.500946044921875,1.0,1.0,1.0,4.0,1.0,95.0,event
11:26:10.929,0.920215,-0.07937904,0.93043804,1.0186048,0.90439415,-0.2628327,0.45979702,1.0620517,1.021015,0.13961369,0.41848785,0.6707001,0.8170916,-0.07268055,-0.16463774,0.659461,0.39557016,-0.5224649,-0.59538,0.0020752505,977.1062,780.87915,741.79486,874.7619,770.0,0.07659912109375,-0.0316162109375,0.98382568359375,2.572021484375,-2.572021484375,0.500946044921875,1.0,1.0,1.0,4.0,1.0,95.0,event
11:26:10.954,0.920215,-0.07937904,0.93043804,1.0186048,0.90439415,-0.2628327,0.45979702,1.0620517,1.021015,0.13961369,0.41848785,0.6707001,0.8170916,-0.07268055,-0.16463774,0.659461,0.39557016,-0.5224649,-0.59538,0.0020752505,997.25275,771.2088,858.6447,878.3883,726.8865,0.07373046875,-0.0240478515625,0.98443603515625,3.252410888671875,-3.24493408203125,1.48040771484375,1.0,1.0,1.0,4.0,1.0,95.0,event
11:26:10.956,0.920215,-0.07937904,0.93043804,1.0186048,0.90439415,-0.2628327,0.45979702,1.0620517,1.021015,0.13961369,0.41848785,0.6707001,0.8170916,-0.07268055,-0.16463774,0.659461,0.39557016,-0.5224649,-0.59538,0.0020752505,793.7729,763.5531,594.3223,869.5238,789.34064,0.07373046875,-0.0240478515625,0.98443603515625,3.252410888671875,-3.24493408203125,1.48040771484375,1.0,1.0,1.0,4.0,1.0,95.0,event
11:26:10.957,0.920215,-0.07937904,0.93043804,1.0186048,0.90439415,-0.2628327,0.45979702,1.0620517,1.021015,0.13961369,0.41848785,0.6707001,0.8170916,-0.07268055,-0.16463774,0.659461,0.39557016,-0.5224649,-0.59538,0.0020752505,787.326,758.315,870.32965,899.34064,732.1245,0.07373046875,-0.0240478515625,0.98443603515625,3.252410888671875,-3.24493408203125,1.48040771484375,1.0,1.0,1.0,4.0,1.0,95.0,event
11:26:10.957,0.920215,-0.07937904,0.93043804,1.0186048,0.90439415,-0.2628327,0.45979702,1.0620517,1.021015,0.13961369,0.41848785,0.6707001,0.8170916,-0.07268055,-0.16463774,0.659461,0.39557016,-0.5224649,-0.59538,0.0020752505,674.10254,759.5238,637.03296,873.95605,761.53845,0.07373046875,-0.0240478515625,0.98443603515625,3.252410888671875,-3.24493408203125,1.48040771484375,1.0,1.0,1.0,4.0,1.0,95.0,event
11:26:10.958,0.920215,-0.07937904,0.93043804,1.0186048,0.90439415,-0.2628327,0.45979702,1.0620517,1.021015,0.13961369,0.41848785,0.6707001,0.8170916,-0.07268055,-0.16463774,0.659461,0.39557016,-0.5224649,-0.59538,0.0020752505,985.9707,758.71796,926.7399,926.337,778.86444,0.07373046875,-0.0240478515625,0.98443603515625,3.252410888671875,-3.24493408203125,1.48040771484375,1.0,1.0,1.0,4.0,1.0,95.0,event
11:26:10.959,0.920215,-0.07937904,0.93043804,1.0186048,0.90439415,-0.2628327,0.45979702,1.0620517,1.021015,0.13961369,0.41848785,0.6707001,0.8170916,-0.07268055,-0.16463774,0.659461,0.39557016,-0.5224649,-0.59538,0.0020752505,1005.7143,759.92676,595.12823,920.696,883.6264,0.07373046875,-0.0240478515625,0.98443603515625,3.252410888671875,-3.24493408203125,1.48040771484375,1.0,1.0,1.0,4.0,1.0,95.0,event
11:26:10.960,0.920215,-0.07937904,0.93043804,1.0186048,0.90439415,-0.2628327,0.45979702,1.0620517,1.021015,0.13961369,0.41848785,0.6707001,0.8170916,-0.07268055,-0.16463774,0.659461,0.39557016,-0.5224649,-0.59538,0.0020752505,817.1429,760.7326,342.08792,899.34064,917.8755,0.07373046875,-0.0240478515625,0.98443603515625,3.252410888671875,-3.24493408203125,1.48040771484375,1.0,1.0,1.0,4.0,1.0,95.0,event
11:26:10.960,0.920215,-0.07937904,0.93043804,1.0186048,0.90439415,-0.2628327,0.45979702,1.0620517,1.021015,0.13961369,0.41848785,0.6707001,0.8170916,-0.07268055,-0.16463774,0.659461,0.39557016,-0.5224649,-0.59538,0.0020752505,711.978,757.50916,612.4542,900.9524,814.7253,0.07373046875,-0.0240478515625,0.98443603515625,3.252410888671875,-3.24493408203125,1.48040771484375,1.0,1.0,1.0,4.0,1.0,95.0,event
11:26:10.961,0.920215,-0.07937904,0.93043804,1.0186048,0.90439415,-0.2628327,0.45979702,1.0620517,1.021015,0.13961369,0.41848785,0.6707001,0.8170916,-0.07268055,-0.16463774,0.659461,0.39557016,-0.5224649,-0.59538,0.0020752505,791.75824,757.50916,841.31866,915.8608,707.5458,0.07373046875,-0.0240478515625,0.98443603515625,3.252410888671875,-3.24493408203125,1.48040771484375,1.0,1.0,1.0,4.0,1.0,95.0,event
11:26:10.962,0.920215,-0.07937904,0.93043804,1.0186048,0.90439415,-0.2628327,0.45979702,1.0620517,1.021015,0.13961369,0.41848785,0.6707001,0.8170916,-0.07268055,-0.16463774,0.659461,0.39557016,-0.5224649,-0.59538,0.0020752505,974.68866,756.30035,442.41757,944.87177,909.81683,0.07373046875,-0.0240478515625,0.98443603515625,3.252410888671875,-3.24493408203125,1.48040771484375,1.0,1.0,1.0,4.0,1.0,95.0,event
11:26:10.963,0.920215,-0.07937904,0.93043804,1.0186048,0.90439415,-0.2628327,0.45979702,1.0620517,1.021015,0.13961369,0.41848785,0.6707001,0.8170916,-0.07268055,-0.16463774,0.659461,0.39557016,-0.5224649,-0.59538,0.0020752505,1042.7839,755.4945,372.71063,952.1245,909.81683,0.07373046875,-0.0240478515625,0.98443603515625,3.252410888671875,-3.24493408203125,1.48040771484375,1.0,1.0,1.0,4.0,1.0,95.0,event
11:26:10.963,0.920215,-0.07937904,0.93043804,1.0186048,0.90439415,-0.2628327,0.45979702,1.0620517,1.021015,0.13961369,0.41848785,0.6707001,0.8170916,-0.07268055,-0.16463774,0.659461,0.39557016,-0.5224649,-0.59538,0.0020752505,870.7326,756.7033,587.47253,926.7399,668.0586,0.07373046875,-0.0240478515625,0.98443603515625,3.252410888671875,-3.24493408203125,1.48040771484375,1.0,1.0,1.0,4.0,1.0,95.0,event
11:26:11.004,0.920215,-0.07937904,0.93043804,1.0186048,0.90439415,-0.2628327,0.45979702,1.0620517,1.021015,0.13961369,0.41848785,0.6707001,0.8170916,-0.07268055,-0.16463774,0.659461,0.39557016,-0.5224649,-0.59538,0.0020752505,710.7692,759.92676,405.348,916.6667,726.08057,0.0657958984375,-0.0208740234375,0.98492431640625,3.00567626953125,-3.072967529296875,2.041168212890625,1.0,1.0,1.0,4.0,1.0,95.0,event
11:26:11.005,0.920215,-0.07937904,0.93043804,1.0186048,0.90439415,-0.2628327,0.45979702,1.0620517,1.021015,0.13961369,0.41848785,0.6707001,0.8170916,-0.07268055,-0.16463774,0.659461,0.39557016,-0.5224649,-0.59538,0.0020752505,762.3443,760.32965,408.57144,925.5311,776.4469,0.0657958984375,-0.0208740234375,0.98492431640625,3.00567626953125,-3.072967529296875,2.041168212890625,1.0,1.0,1.0,4.0,1.0,95.0,event
11:26:11.007,0.920215,-0.07937904,0.93043804,1.0186048,0.90439415,-0.2628327,0.45979702,1.0620517,1.021015,0.13961369,0.41848785,0.6707001,0.8170916,-0.07268055,-0.16463774,0.659461,0.39557016,-0.5224649,-0.59538,0.0020752505,962.1978,761.9414,721.6484,943.2601,753.47986,0.0657958984375,-0.0208740234375,0.98492431640625,3.00567626953125,-3.072967529296875,2.041168212890625,1.0,1.0,1.0,4.0,1.0,95.0,event
11:26:11.008,0.920215,-0.07937904,0.93043804,1.0186048,0.90439415,-0.2628327,0.45979702,1.0620517,1.021015,0.13961369,0.41848785,0.6707001,0.8170916,-0.07268055,-0.16463774,0.659461,0.39557016,-0.5224649,-0.59538,0.0020752505,881.2088,768.3883,615.6777,922.71063,746.63007,0.0657958984375,-0.0208740234375,0.98492431640625,3.00567626953125,-3.072967529296875,2.041168212890625,1.0,1.0,1.0,4.0,1.0,95.0,event
11:26:11.008,0.920215,-0.07937904,0.93043804,1.0186048,0.90439415,-0.2628327,0.45979702,1.0620517,1.021015,0.13961369,0.41848785,0.6707001,0.8170916,-0.07268055,-0.16463774,0.659461,0.39557016,-0.5224649,-0.59538,0.0020752505,1050.0366,770.0,883.22345,944.87177,707.9487,0.0657958984375,-0.0208740234375,0.98492431640625,3.00567626953125,-3.072967529296875,2.041168212890625,1.0,1.0,1.0,4.0,1.0,95.0,event
11:26:11.009,0.920215,-0.07937904,0.93043804,1.0186048,0.90439415,-0.2628327,0.45979702,1.0620517,1.021015,0.13961369,0.41848785,0.6707001,0.8170916,-0.07268055,-0.16463774,0.659461,0.39557016,-0.5224649,-0.59538,0.0020752505,699.4872,766.3736,402.9304,911.4286,866.7033,0.0657958984375,-0.0208740234375,0.98492431640625,3.00567626953125,-3.072967529296875,2.041168212890625,1.0,1.0,1.0,4.0,1.0,95.0,event
11:26:11.012,,,,,,,,,,,,,,,,,,,,,,,,,,,,,,,,,,,,,,blink
11:26:11.015,0.920215,-0.07937904,0.93043804,1.0186048,0.90439415,-0.2628327,0.45979702,1.0620517,1.021015,0.13961369,0.41848785,0.6707001,0.8170916,-0.07268055,-0.16463774,0.659461,0.39557016,-0.5224649,-0.59538,0.0020752505,718.4249,770.40295,478.27838,918.68134,846.9597,0.0657958984375,-0.0208740234375,0.98492431640625,3.00567626953125,-3.072967529296875,2.041168212890625,1.0,1.0,1.0,4.0,1.0,95.0,event
11:26:11.015,0.920215,-0.07937904,0.93043804,1.0186048,0.90439415,-0.2628327,0.45979702,1.0620517,1.021015,0.13961369,0.41848785,0.6707001,0.8170916,-0.07268055,-0.16463774,0.659461,0.39557016,-0.5224649,-0.59538,0.0020752505,905.38464,774.0293,817.5458,925.9341,763.1502,0.0657958984375,-0.0208740234375,0.98492431640625,3.00567626953125,-3.072967529296875,2.041168212890625,1.0,1.0,1.0,4.0,1.0,95.0,event
11:26:11.016,0.920215,-0.07937904,0.93043804,1.0186048,0.90439415,-0.2628327,0.45979702,1.0620517,1.021015,0.13961369,0.41848785,0.6707001,0.8170916,-0.07268055,-0.16463774,0.659461,0.39557016,-0.5224649,-0.59538,0.0020752505,1019.81683,779.67035,719.2308,927.5458,889.2674,0.0657958984375,-0.0208740234375,0.98492431640625,3.00567626953125,-3.072967529296875,2.041168212890625,1.0,1.0,1.0,4.0,1.0,95.0,event
11:26:11.017,0.920215,-0.07937904,0.93043804,1.0186048,0.90439415,-0.2628327,0.45979702,1.0620517,1.021015,0.13961369,0.41848785,0.6707001,0.8170916,-0.07268055,-0.16463774,0.659461,0.39557016,-0.5224649,-0.59538,0.0020752505,889.2674,782.8938,356.5934,903.7729,927.1429,0.0657958984375,-0.0208740234375,0.98492431640625,3.00567626953125,-3.072967529296875,2.041168212890625,1.0,1.0,1.0,4.0,1.0,95.0,event
11:26:11.017,0.920215,-0.07937904,0.93043804,1.0186048,0.90439415,-0.2628327,0.45979702,1.0620517,1.021015,0.13961369,0.41848785,0.6707001,0.8170916,-0.07268055,-0.16463774,0.659461,0.39557016,-0.5224649,-0.59538,0.0020752505,705.5311,782.49084,606.0073,875.9707,730.10986,0.0657958984375,-0.0208740234375,0.98492431640625,3.00567626953125,-3.072967529296875,2.041168212890625,1.0,1.0,1.0,4.0,1.0,95.0,event
11:26:11.018,0.920215,-0.07937904,0.93043804,1.0186048,0.90439415,-0.2628327,0.45979702,1.0620517,1.021015,0.13961369,0.41848785,0.6707001,0.8170916,-0.07268055,-0.16463774,0.659461,0.39557016,-0.5224649,-0.59538,0.0020752505,700.293,782.0879,871.9414,888.46155,675.31134,0.0657958984375,-0.0208740234375,0.98492431640625,3.00567626953125,-3.072967529296875,2.041168212890625,1.0,1.0,1.0,4.0,1.0,95.0,event
11:26:11.069,0.920215,-0.07937904,0.93043804,1.0186048,0.90439415,-0.2628327,0.45979702,1.0620517,1.021015,0.13961369,0.41848785,0.6707001,0.8170916,-0.07268055,-0.16463774,0.659461,0.39557016,-0.5224649,-0.59538,0.0020752505,873.1502,782.49084,582.6374,914.2491,861.4652,0.0657958984375,-0.0208740234375,0.98492431640625,3.00567626953125,-3.072967529296875,2.041168212890625,1.0,1.0,1.0,4.0,1.0,95.0,event
11:26:11.070,0.920215,-0.07937904,0.93043804,1.0186048,0.90439415,-0.2628327,0.45979702,1.0620517,1.021015,0.13961369,0.41848785,0.6707001,0.8170916,-0.07268055,-0.16463774,0.659461,0.39557016,-0.5224649,-0.59538,0.0020752505,1008.5348,782.8938,325.56778,914.65204,968.24176,0.0657958984375,-0.0208740234375,0.98492431640625,3.00567626953125,-3.072967529296875,2.041168212890625,1.0,1.0,1.0,4.0,1.0,95.0,event
11:26:11.071,0.920215,-0.07937904,0.93043804,1.0186048,0.90439415,-0.2628327,0.45979702,1.0620517,1.021015,0.13961369,0.41848785,0.6707001,0.8170916,-0.07268055,-0.16463774,0.659461,0.39557016,-0.5224649,-0.59538,0.0020752505,902.5641,785.7143,588.68134,898.1319,842.52747,0.0657958984375,-0.0208740234375,0.98492431640625,3.00567626953125,-3.072967529296875,2.041168212890625,1.0,1.0,1.0,4.0,1.0,95.0,event
11:26:11.072,0.920215,-0.07937904,0.93043804,1.0186048,0.90439415,-0.2628327,0.45979702,1.0620517,1.021015,0.13961369,0.41848785,0.6707001,0.8170916,-0.07268055,-0.16463774,0.659461,0.39557016,-0.5224649,-0.59538,0.0020752505,700.696,787.72894,655.9707,878.7912,848.1685,0.0657958984375,-0.0208740234375,0.98492431640625,3.00567626953125,-3.072967529296875,2.041168212890625,1.0,1.0,1.0,4.0,1.0,95.0,event
11:26:11.072,0.920215,-0.07937904,0.93043804,1.0186048,0.90439415,-0.2628327,0.45979702,1.0620517,1.021015,0.13961369,0.41848785,0.6707001,0.8170916,-0.07268055,-0.16463774,0.659461,0.39557016,-0.5224649,-0.59538,0.0020752505,666.4469,783.2967,515.7509,884.0293,916.26373,0.0657958984375,-0.0208740234375,0.98492431640625,3.00567626953125,-3.072967529296875,2.041168212890625,1.0,1.0,1.0,4.0,1.0,95.0,event
11:26:11.073,0.920215,-0.07937904,0.93043804,1.0186048,0.90439415,-0.2628327,0.45979702,1.0620517,1.021015,0.13961369,0.41848785,0.6707001,0.8170916,-0.07268055,-0.16463774,0.659461,0.39557016,-0.5224649,-0.59538,0.0020752505,823.5897,784.5055,454.90842,898.1319,960.18317,0.0657958984375,-0.0208740234375,0.98492431640625,3.00567626953125,-3.072967529296875,2.041168212890625,1.0,1.0,1.0,4.0,1.0,95.0,event
11:26:11.074,0.920215,-0.07937904,0.93043804,1.0186048,0.90439415,-0.2628327,0.45979702,1.0620517,1.021015,0.13961369,0.41848785,0.6707001,0.8170916,-0.07268055,-0.16463774,0.659461,0.39557016,-0.5224649,-0.59538,0.0020752505,975.4945,791.3553,616.8865,899.34064,837.28937,0.0657958984375,-0.0208740234375,0.98492431640625,3.00567626953125,-3.072967529296875,2.041168212890625,1.0,1.0,1.0,4.0,1.0,95.0,event
11:26:11.074,0.920215,-0.07937904,0.93043804,1.0186048,0.90439415,-0.2628327,0.45979702,1.0620517,1.021015,0.13961369,0.41848785,0.6707001,0.8170916,-0.07268055,-0.16463774,0.659461,0.39557016,-0.5224649,-0.59538,0.0020752505,911.4286,793.36993,754.2857,886.4469,779.2674,0.0657958984375,-0.0208740234375,0.98492431640625,3.00567626953125,-3.072967529296875,2.041168212890625,1.0,1.0,1.0,4.0,1.0,95.0,event
11:26:11.075,0.920215,-0.07937904,0.93043804,1.0186048,0.90439415,-0.2628327,0.45979702,1.0620517,1.021015,0.13961369,0.41848785,0.6707001,0.8170916,-0.07268055,-0.16463774,0.659461,0.39557016,-0.5224649,-0.59538,0.0020752505,699.0842,787.326,357.39926,875.9707,950.9158,0.0657958984375,-0.0208740234375,0.98492431640625,3.00567626953125,-3.072967529296875,2.041168212890625,1.0,1.0,1.0,4.0,1.0,95.0,event
11:26:11.075,0.920215,-0.07937904,0.93043804,1.0186048,0.90439415,-0.2628327,0.45979702,1.0620517,1.021015,0.13961369,0.41848785,0.6707001,0.8170916,-0.07268055,-0.16463774,0.659461,0.39557016,-0.5224649,-0.59538,0.0020752505,647.50916,792.1612,227.65567,880.0,974.68866,0.0657958984375,-0.0208740234375,0.98492431640625,3.00567626953125,-3.072967529296875,2.041168212890625,1.0,1.0,1.0,4.0,1.0,95.0,event
11:26:11.076,0.920215,-0.07937904,0.93043804,1.0186048,0.90439415,-0.2628327,0.45979702,1.0620517,1.021015,0.13961369,0.41848785,0.6707001,0.8170916,-0.07268055,-0.16463774,0.659461,0.39557016,-0.5224649,-0.59538,0.0020752505,824.3956,800.2198,887.25275,888.46155,765.56775,0.0657958984375,-0.0208740234375,0.98492431640625,3.00567626953125,-3.072967529296875,2.041168212890625,1.0,1.0,1.0,4.0,1.0,95.0,event
11:26:11.077,0.920215,-0.07937904,0.93043804,1.0186048,0.90439415,-0.2628327,0.45979702,1.0620517,1.021015,0.13961369,0.41848785,0.6707001,0.8170916,-0.07268055,-0.16463774,0.659461,0.39557016,-0.5224649,-0.59538,0.0020752505,986.77655,792.5641,915.4579,895.7143,783.69965,0.0657958984375,-0.0208740234375,0.98492431640625,3.00567626953125,-3.072967529296875,2.041168212890625,1.0,1.0,1.0,4.0,1.0,95.0,event
11:26:11.103,0.920215,-0.07937904,0.93043804,1.0186048,0.90439415,-0.2628327,0.45979702,1.0620517,1.021015,0.13961369,0.41848785,0.6707001,0.8170916,-0.07268055,-0.16463774,0.659461,0.39557016,-0.5224649,-0.59538,0.0020752505,924.3223,793.36993,670.4762,879.19415,797.3993,0.06982421875,-0.01751708984375,0.98248291015625,3.072967529296875,-3.33465576171875,0.52337646484375,1.0,1.0,1.0,4.0,1.0,95.0,event
11:26:11.104,0.920215,-0.07937904,0.93043804,1.0186048,0.90439415,-0.2628327,0.45979702,1.0620517,1.021015,0.13961369,0.41848785,0.6707001,0.8170916,-0.07268055,-0.16463774,0.659461,0.39557016,-0.5224649,-0.59538,0.0020752505,722.8571,798.60803,689.011,859.45056,695.4579,0.06982421875,-0.01751708984375,0.98248291015625,3.072967529296875,-3.33465576171875,0.52337646484375,1.0,1.0,1.0,4.0,1.0,95.0,event
11:26:11.105,0.920215,-0.07937904,0.93043804,1.0186048,0.90439415,-0.2628327,0.45979702,1.0620517,1.021015,0.13961369,0.41848785,0.6707001,0.8170916,-0.07268055,-0.16463774,0.659461,0.39557016,-0.5224649,-0.59538,0.0020752505,767.5824,798.20514,736.1539,875.16486,695.4579,0.06982421875,-0.01751708984375,0.98248291015625,3.072967529296875,-3.33465576171875,0.52337646484375,1.0,1.0,1.0,4.0,1.0,95.0,event
11:26:11.105,0.920215,-0.07937904,0.93043804,1.0186048,0.90439415,-0.2628327,0.45979702,1.0620517,1.021015,0.13961369,0.41848785,0.6707001,0.8170916,-0.07268055,-0.16463774,0.659461,0.39557016,-0.5224649,-0.59538,0.0020752505,655.16486,796.99634,803.44324,864.2857,651.13556,0.06982421875,-0.01751708984375,0.98248291015625,3.072967529296875,-3.33465576171875,0.52337646484375,1.0,1.0,1.0,4.0,1.0,95.0,event
11:26:11.106,0.920215,-0.07937904,0.93043804,1.0186048,0.90439415,-0.2628327,0.45979702,1.0620517,1.021015,0.13961369,0.41848785,0.6707001,0.8170916,-0.07268055,-0.16463774,0.659461,0.39557016,-0.5224649,-0.59538,0.0020752505,937.619,803.0403,674.5055,883.22345,774.0293,0.06982421875,-0.01751708984375,0.98248291015625,3.072967529296875,-3.33465576171875,0.52337646484375,1.0,1.0,1.0,4.0,1.0,95.0,event
11:26:11.107,0.920215,-0.07937904,0.93043804,1.0186048,0.90439415,-0.2628327,0.45979702,1.0620517,1.021015,0.13961369,0.41848785,0.6707001,0.8170916,-0.07268055,-0.16463774,0.659461,0.39557016,-0.5224649,-0.59538,0.0020752505,937.2161,807.8755,637.8388,878.7912,822.381,0.06982421875,-0.01751708984375,0.98248291015625,3.072967529296875,-3.33465576171875,0.52337646484375,1.0,1.0,1.0,4.0,1.0,95.0,event
11:26:11.107,0.920215,-0.07937904,0.93043804,1.0186048,0.90439415,-0.2628327,0.45979702,1.0620517,1.021015,0.13961369,0.41848785,0.6707001,0.8170916,-0.07268055,-0.16463774,0.659461,0.39557016,-0.5224649,-0.59538,0.0020752505,742.1978,807.0696,468.60806,855.42126,811.0989,0.06982421875,-0.01751708984375,0.98248291015625,3.072967529296875,-3.33465576171875,0.52337646484375,1.0,1.0,1.0,4.0,1.0,95.0,event
11:26:11.108,0.920215,-0.076595254,0.93043804,1.0186048,0.90439415,-0.26586574,0.45979702,1.0620517,1.021015,0.13961369,0.41848785,0.6707001,0.8170916,-0.053074364,-0.16463774,0.659461,0.39557016,-0.52678096,-0.59538,0.0020752505,635.42126,798.60803,381.17215,851.79486,853.8095,0.06982421875,-0.01751708984375,0.98248291015625,3.072967529296875,-3.33465576171875,0.52337646484375,1.0,1.0,1.0,4.0,1.0,95.0,event
11:26:11.113,0.920215,-0.076595254,0.93043804,1.0186048,0.90439415,-0.26586574,0.45979702,1.0620517,1.021015,0.13961369,0.41848785,0.6707001,0.8170916,-0.053074364,-0.16463774,0.659461,0.39557016,-0.52678096,-0.59538,0.0020752505,719.6337,796.99634,38.68132,871.13556,1114.5055,0.06982421875,-0.01751708984375,0.98248291015625,3.072967529296875,-3.33465576171875,0.52337646484375,1.0,1.0,1.0,4.0,1.0,95.0,event
11:26:11.113,0.920215,-0.076595254,0.93043804,1.0186048,0.90439415,-0.26586574,0.45979702,1.0620517,1.021015,0.13961369,0.41848785,0.6707001,0.8170916,-0.053074364,-0.16463774,0.659461,0.39557016,-0.52678096,-0.59538,0.0020752505,923.1135,806.6667,263.11356,886.04395,1042.381,0.06982421875,-0.01751708984375,0.98248291015625,3.072967529296875,-3.33465576171875,0.52337646484375,1.0,1.0,1.0,4.0,1.0,95.0,event
11:26:11.114,0.920215,-0.076595254,0.93043804,1.0186048,0.90439415,-0.26586574,0.45979702,1.0620517,1.021015,0.13961369,0.41848785,0.6707001,0.8170916,-0.053074364,-0.16463774,0.659461,0.39557016,-0.52678096,-0.59538,0.0020752505,981.9414,808.2784,824.3956,891.28204,730.5128,0.06982421875,-0.01751708984375,0.98248291015625,3.072967529296875,-3.33465576171875,0.52337646484375,1.0,1.0,1.0,4.0,1.0,95.0,event
11:26:11.115,0.920215,-0.076595254,0.93043804,1.0186048,0.90439415,-0.26586574,0.45979702,1.0620517,1.021015,0.13961369,0.41848785,0.6707001,0.8170916,-0.053074364,-0.16463774,0.659461,0.39557016,-0.52678096,-0.59538,0.0020752505,757.9121,805.8608,654.7619,850.58606,738.5714,0.06982421875,-0.01751708984375,0.98248291015625,3.072967529296875,-3.33465576171875,0.52337646484375,1.0,1.0,1.0,4.0,1.0,95.0,event
11:26:11.140,0.920215,-0.076595254,0.93043804,1.0186048,0.90439415,-0.26586574,0.45979702,1.0620517,1.021015,0.13961369,0.41848785,0.6707001,0.8170916,-0.053074364,-0.16463774,0.659461,0.39557016,-0.52678096,-0.59538,0.0020752505,588.2784,810.696,621.31866,795.78754,709.9634,0.06396484375,-0.01953125,0.9888916015625,3.087921142578125,-1.233673095703125,0.55328369140625,1.0,1.0,1.0,4.0,1.0,95.0,event
11:26:11.142,0.920215,-0.076595254,0.93043804,1.0186048,0.90439415,-0.26586574,0.45979702,1.0620517,1.021015,0.13961369,0.41848785,0.6707001,0.8170916,-0.053074364,-0.16463774,0.659461,0.39557016,-0.52678096,-0.59538,0.0020752505,847.3626,817.9487,988.7912,818.3516,780.07324,0.06396484375,-0.01953125,0.9888916015625,3.087921142578125,-1.233673095703125,0.55328369140625,1.0,1.0,1.0,4.0,1.0,95.0,event
11:26:11.142,0.920215,-0.076595254,0.93043804,1.0186048,0.90439415,-0.26586574,0.45979702,1.0620517,1.021015,0.13961369,0.41848785,0.6707001,0.8170916,-0.053074364,-0.16463774,0.659461,0.39557016,-0.52678096,-0.59538,0.0020752505,663.22345,817.9487,920.696,797.3993,715.6044,0.06396484375,-0.01953125,0.9888916015625,3.087921142578125,-1.233673095703125,0.55328369140625,1.0,1.0,1.0,4.0,1.0,95.0,event
11:26:11.143,0.920215,-0.076595254,0.93043804,1.0186048,0.90439415,-0.26586574,0.45979702,1.0620517,1.021015,0.13961369,0.41848785,0.6707001,0.8170916,-0.053074364,-0.16463774,0.659461,0.39557016,-0.52678096,-0.59538,0.0020752505,892.49084,817.5458,715.6044,805.4579,724.0659,0.06396484375,-0.01953125,0.9888916015625,3.087921142578125,-1.233673095703125,0.55328369140625,1.0,1.0,1.0,4.0,1.0,95.0,event
11:26:11.144,0.920215,-0.076595254,0.93043804,1.0186048,0.90439415,-0.26586574,0.45979702,1.0620517,1.021015,0.13961369,0.41848785,0.6707001,0.8170916,-0.053074364,-0.16463774,0.659461,0.39557016,-0.52678096,-0.59538,0.0020752505,704.7253,817.5458,608.8278,773.6264,683.36993,0.06396484375,-0.01953125,0.9888916015625,3.087921142578125,-1.233673095703125,0.55328369140625,1.0,1.0,1.0,4.0,1.0,95.0,event
11:26:11.144,0.920215,-0.076595254,0.93043804,1.0186048,0.90439415,-0.26586574,0.45979702,1.0620517,1.021015,0.13961369,0.41848785,0.6707001,0.8170916,-0.053074364,-0.16463774,0.659461,0.39557016,-0.52678096,-0.59538,0.0020752505,554.83514,815.12823,571.75824,766.3736,780.4762,0.06396484375,-0.01953125,0.9888916015625,3.087921142578125,-1.233673095703125,0.55328369140625,1.0,1.0,1.0,4.0,1.0,95.0,event
11:26:11.145,0.920215,-0.076595254,0.93043804,1.0186048,0.90439415,-0.26586574,0.45979702,1.0620517,1.021015,0.13961369,0.41848785,0.6707001,0.8170916,-0.053074364,-0.16463774,0.659461,0.39557016,-0.52678096,-0.59538,0.0020752505,611.6484,819.9634,573.7729,766.77655,861.4652,0.06396484375,-0.01953125,0.9888916015625,3.087921142578125,-1.233673095703125,0.55328369140625,1.0,1.0,1.0,4.0,1.0,95.0,event
11:26:11.145,0.920215,-0.076595254,0.93043804,1.0186048,0.90439415,-0.26586574,0.45979702,1.0620517,1.021015,0.13961369,0.41848785,0.6707001,0.8170916,-0.053074364,-0.16463774,0.659461,0.39557016,-0.52678096,-0.59538,0.0020752505,791.75824,821.1722,410.18314,782.0879,1010.9524,0.06396484375,-0.01953125,0.9888916015625,3.087921142578125,-1.233673095703125,0.55328369140625,1.0,1.0,1.0,4.0,1.0,95.0,event
11:26:11.146,0.920215,-0.076595254,0.93043804,1.0186048,0.90439415,-0.26586574,0.45979702,1.0620517,1.021015,0.13961369,0.41848785,0.6707001,0.8170916,-0.053074364,-0.16463774,0.659461,0.39557016,-0.52678096,-0.59538,0.0020752505,873.95605,817.9487,243.36996,792.1612,1013.36993,0.06396484375,-0.01953125,0.9888916015625,3.087921142578125,-1.233673095703125,0.55328369140625,1.0,1.0,1.0,4.0,1.0,95.0,event
11:26:11.147,0.920215,-0.076595254,0.93043804,1.0186048,0.90439415,-0.26586574,0.45979702,1.0620517,1.021015,0.13961369,0.41848785,0.6707001,0.8170916,-0.053074364,-0.16463774,0.659461,0.39557016,-0.52678096,-0.59538,0.0020752505,746.2271,816.7399,560.07324,776.8498,774.0293,0.06396484375,-0.01953125,0.9888916015625,3.087921142578125,-1.233673095703125,0.55328369140625,1.0,1.0,1.0,4.0,1.0,95.0,event
11:26:11.148,0.920215,-0.076595254,0.93043804,1.0186048,0.90439415,-0.26586574,0.45979702,1.0620517,1.021015,0.13961369,0.41848785,0.6707001,0.8170916,-0.053074364,-0.16463774,0.659461,0.39557016,-0.52678096,-0.59538,0.0020752505,585.8608,809.0842,682.5641,765.9707,712.381,0.06396484375,-0.01953125,0.9888916015625,3.087921142578125,-1.233673095703125,0.55328369140625,1.0,1.0,1.0,4.0,1.0,95.0,event
11:26:11.149,0.920215,-0.076595254,0.93043804,1.0186048,0.90439415,-0.26586574,0.45979702,1.0620517,1.021015,0.13961369,0.41848785,0.6707001,0.8170916,-0.053074364,-0.16463774,0.659461,0.39557016,-0.52678096,-0.59538,0.0020752505,612.8571,806.6667,535.4945,783.2967,775.64105,0.06396484375,-0.01953125,0.9888916015625,3.087921142578125,-1.233673095703125,0.55328369140625,1.0,1.0,1.0,4.0,1.0,95.0,event
11:26:11.191,0.920215,-0.076595254,0.93043804,1.0186048,0.90439415,-0.26586574,0.45979702,1.0620517,1.021015,0.13961369,0.41848785,0.6707001,0.8170916,-0.053074364,-0.16463774,0.659461,0.39557016,-0.52678096,-0.59538,0.0020752505,824.3956,810.696,744.21246,819.9634,807.0696,0.0599365234375,-0.01763916015625,0.9852294921875,2.669219970703125,-3.162689208984375,0.52337646484375,1.0,1.0,1.0,4.0,1.0,95.0,event
11:26:11.192,0.920215,-0.076595254,0.93043804,1.0186048,0.90439415,-0.26586574,0.45979702,1.0620517,1.021015,0.13961369,0.41848785,0.6707001,0.8170916,-0.053074364,-0.16463774,0.659461,0.39557016,-0.52678096,-0.59538,0.0020752505,946.8865,813.5165,945.6777,823.9927,728.9011,0.0599365234375,-0.01763916015625,0.9852294921875,2.669219970703125,-3.162689208984375,0.52337646484375,1.0,1.0,1.0,4.0,1.0,95.0,event
11:26:11.193,0.920215,-0.076595254,0.93043804,1.0186048,0.90439415,-0.26586574,0.45979702,1.0620517,1.021015,0.13961369,0.41848785,0.6707001,0.8170916,-0.053074364,-0.16463774,0.659461,0.39557016,-0.52678096,-0.59538,0.0020752505,807.8755,812.71063,673.2967,801.02563,722.4542,0.0599365234375,-0.01763916015625,0.9852294921875,2.669219970703125,-3.162689208984375,0.52337646484375,1.0,1.0,1.0,4.0,1.0,95.0,event
11:26:11.194,0.920215,-0.076595254,0.93043804,1.0186048,0.90439415,-0.26586574,0.45979702,1.0620517,1.021015,0.13961369,0.41848785,0.6707001,0.8170916,-0.053074364,-0.16463774,0.659461,0.39557016,-0.52678096,-0.59538,0.0020752505,619.707,812.3077,567.326,789.7436,781.685,0.0599365234375,-0.01763916015625,0.9852294921875,2.669219970703125,-3.162689208984375,0.52337646484375,1.0,1.0,1.0,4.0,1.0,95.0,event
11:26:11.195,0.920215,-0.076595254,0.93043804,1.0186048,0.90439415,-0.26586574,0.45979702,1.0620517,1.021015,0.13961369,0.41848785,0.6707001,0.8170916,-0.053074364,-0.16463774,0.659461,0.39557016,-0.52678096,-0.59538,0.0020752505,633.00366,815.5311,742.6007,795.78754,714.3956,0.0599365234375,-0.01763916015625,0.9852294921875,2.669219970703125,-3.162689208984375,0.52337646484375,1.0,1.0,1.0,4.0,1.0,95.0,event
11:26:11.197,0.920215,-0.076595254,0.93043804,1.0186048,0.90439415,-0.26586574,0.45979702,1.0620517,1.021015,0.13961369,0.41848785,0.6707001,0.8170916,-0.053074364,-0.16463774,0.659461,0.39557016,-0.52678096,-0.59538,0.0020752505,812.71063,809.89014,745.42126,817.5458,778.0586,0.0599365234375,-0.01763916015625,0.9852294921875,2.669219970703125,-3.162689208984375,0.52337646484375,1.0,1.0,1.0,4.0,1.0,95.0,event
11:26:11.198,0.920215,-0.076595254,0.93043804,1.0186048,0.90439415,-0.26586574,0.45979702,1.0620517,1.021015,0.13961369,0.41848785,0.6707001,0.8170916,-0.053074364,-0.16463774,0.659461,0.39557016,-0.52678096,-0.59538,0.0020752505,932.381,813.1135,531.4652,832.0513,971.06226,0.0599365234375,-0.01763916015625,0.9852294921875,2.669219970703125,-3.162689208984375,0.52337646484375,1.0,1.0,1.0,4.0,1.0,95.0,event
11:26:11.199,0.920215,-0.076595254,0.93043804,1.0186048,0.90439415,-0.26586574,0.45979702,1.0620517,1.021015,0.13961369,0.41848785,0.6707001,0.8170916,-0.053074364,-0.16463774,0.659461,0.39557016,-0.52678096,-0.59538,0.0020752505,817.1429,818.7546,170.84248,817.1429,1060.9158,0.0599365234375,-0.01763916015625,0.9852294921875,2.669219970703125,-3.162689208984375,0.52337646484375,1.0,1.0,1.0,4.0,1.0,95.0,event
11:26:11.201,0.920215,-0.076595254,0.93043804,1.0186048,0.90439415,-0.26586574,0.45979702,1.0620517,1.021015,0.13961369,0.41848785,0.6707001,0.8170916,-0.053074364,-0.16463774,0.659461,0.39557016,-0.52678096,-0.59538,0.0020752505,637.8388,815.12823,445.2381,795.78754,849.7802,0.0599365234375,-0.01763916015625,0.9852294921875,2.669219970703125,-3.162689208984375,0.52337646484375,1.0,1.0,1.0,4.0,1.0,95.0,event
11:26:11.202,0.920215,-0.057080142,0.93043804,1.0186048,0.90439415,-0.24911632,0.45979702,1.0620517,1.021015,0.13961369,0.41848785,0.6707001,0.8170916,-0.03668289,-0.16463774,0.659461,0.39557016,-0.5306662,-0.59538,0.0020752505,627.3626,811.0989,857.03296,801.8315,691.02563,0.0599365234375,-0.01763916015625,0.9852294921875,2.669219970703125,-3.162689208984375,0.52337646484375,1.0,1.0,1.0,4.0,1.0,95.0,event
11:26:11.207,0.920215,-0.057080142,0.93043804,1.0186048,0.90439415,-0.24911632,0.45979702,1.0620517,1.021015,0.13961369,0.41848785,0.6707001,0.8170916,-0.03668289,-0.16463774,0.659461,0.39557016,-0.5306662,-0.59538,0.0020752505,780.87915,811.50183,775.2381,817.1429,775.2381,0.0599365234375,-0.01763916015625,0.9852294921875,2.669219970703125,-3.162689208984375,0.52337646484375,1.0,1.0,1.0,4.0,1.0,95.0,event
11:26:11.208,0.920215,-0.057080142,0.93043804,1.0186048,0.90439415,-0.24911632,0.45979702,1.0620517,1.021015,0.13961369,0.41848785,0.6707001,0.8170916,-0.03668289,-0.16463774,0.659461,0.39557016,-0.5306662,-0.59538,0.0020752505,920.696,811.9048,728.9011,814.7253,827.619,0.0599365234375,-0.01763916015625,0.9852294921875,2.669219970703125,-3.162689208984375,0.52337646484375,1.0,1.0,1.0,4.0,1.0,95.0,event
11:26:11.254,0.920215,-0.057080142,0.93043804,1.0186048,0.90439415,-0.24911632,0.45979702,1.0620517,1.021015,0.13961369,0.41848785,0.6707001,0.8170916,-0.03668289,-0.16463774,0.659461,0.39557016,-0.5306662,-0.59538,0.0020752505,838.49817,810.696,673.69965,794.57874,828.8278,0.06915283203125,-0.0247802734375,0.98480224609375,2.0037841796875,-2.385101318359375,-0.127105712890625,1.0,1.0,1.0,4.0,1.0,95.0,event
11:26:11.255,0.920215,-0.057080142,0.93043804,1.0186048,0.90439415,-0.24911632,0.45979702,1.0620517,1.021015,0.13961369,0.41848785,0.6707001,0.8170916,-0.03668289,-0.16463774,0.659461,0.39557016,-0.5306662,-0.59538,0.0020752505,652.3443,810.696,726.08057,773.6264,769.19415,0.06915283203125,-0.0247802734375,0.98480224609375,2.0037841796875,-2.385101318359375,-0.127105712890625,1.0,1.0,1.0,4.0,1.0,95.0,event
11:26:11.256,0.920215,-0.057080142,0.93043804,1.0186048,0.90439415,-0.24911632,0.45979702,1.0620517,1.021015,0.13961369,0.41848785,0.6707001,0.8170916,-0.03668289,-0.16463774,0.659461,0.39557016,-0.5306662,-0.59538,0.0020752505,600.7692,806.6667,562.8938,781.685,833.2601,0.06915283203125,-0.0247802734375,0.98480224609375,2.0037841796875,-2.385101318359375,-0.127105712890625,1.0,1.0,1.0,4.0,1.0,95.0,event
11:26:11.257,0.920215,-0.057080142,0.93043804,1.0186048,0.90439415,-0.24911632,0.45979702,1.0620517,1.021015,0.13961369,0.41848785,0.6707001,0.8170916,-0.03668289,-0.16463774,0.659461,0.39557016,-0.5306662,-0.59538,0.0020752505,747.4359,809.4872,542.74725,815.9341,844.1392,0.06915283203125,-0.0247802734375,0.98480224609375,2.0037841796875,-2.385101318359375,-0.127105712890625,1.0,1.0,1.0,4.0,1.0,95.0,event
11:26:11.257,0.920215,-0.057080142,0.93043804,1.0186048,0.90439415,-0.24911632,0.45979702,1.0620517,1.021015,0.13961369,0.41848785,0.6707001,0.8170916,-0.03668289,-0.16463774,0.659461,0.39557016,-0.5306662,-0.59538,0.0020752505,919.4872,813.91943,839.707,831.2454,727.28937,0.06915283203125,-0.0247802734375,0.98480224609375,2.0037841796875,-2.385101318359375,-0.127105712890625,1.0,1.0,1.0,4.0,1.0,95.0,event
11:26:11.258,0.920215,-0.057080142,0.93043804,1.0186048,0.90439415,-0.24911632,0.45979702,1.0620517,1.021015,0.13961369,0.41848785,0.6707001,0.8170916,-0.03668289,-0.16463774,0.659461,0.39557016,-0.5306662,-0.59538,0.0020752505,859.45056,808.68134,674.90845,808.2784,769.59705,0.06915283203125,-0.0247802734375,0.98480224609375,2.0037841796875,-2.385101318359375,-0.127105712890625,1.0,1.0,1.0,4.0,1.0,95.0,event
11:26:11.259,0.920215,-0.057080142,0.93043804,1.0186048,0.90439415,-0.24911632,0.45979702,1.0620517,1.021015,0.13961369,0.41848785,0.6707001,0.8170916,-0.03668289,-0.16463774,0.659461,0.39557016,-0.5306662,-0.59538,0.0020752505,648.71796,808.68134,197.4359,796.1905,990.40295,0.06915283203125,-0.0247802734375,0.98480224609375,2.0037841796875,-2.385101318359375,-0.127105712890625,1.0,1.0,1.0,4.0,1.0,95.0,event
11:26:11.260,0.920215,-0.057080142,0.93043804,1.0186048,0.90439415,-0.24911632,0.45979702,1.0620517,1.021015,0.13961369,0.41848785,0.6707001,0.8170916,-0.03668289,-0.16463774,0.659461,0.39557016,-0.5306662,-0.59538,0.0020752505,589.89014,815.12823,188.97437,806.26373,956.1539,0.06915283203125,-0.0247802734375,0.98480224609375,2.0037841796875,-2.385101318359375,-0.127105712890625,1.0,1.0,1.0,4.0,1.0,95.0,event
11:26:11.261,0.920215,-0.057080142,0.93043804,1.0186048,0.90439415,-0.24911632,0.45979702,1.0620517,1.021015,0.13961369,0.41848785,0.6707001,0.8170916,-0.03668289,-0.16463774,0.659461,0.39557016,-0.5306662,-0.59538,0.0020752505,745.42126,819.5604,762.3443,822.7839,647.9121,0.06915283203125,-0.0247802734375,0.98480224609375,2.0037841796875,-2.385101318359375,-0.127105712890625,1.0,1.0,1.0,4.0,1.0,95.0,event
11:26:11.261,0.920215,-0.057080142,0.93043804,1.0186048,0.90439415,-0.24911632,0.45979702,1.0620517,1.021015,0.13961369,0.41848785,0.6707001,0.8170916,-0.03668289,-0.16463774,0.659461,0.39557016,-0.5306662,-0.59538,0.0020752505,925.5311,813.5165,809.4872,838.0952,654.7619,0.06915283203125,-0.0247802734375,0.98480224609375,2.0037841796875,-2.385101318359375,-0.127105712890625,1.0,1.0,1.0,4.0,1.0,95.0,event
11:26:11.262,0.920215,-0.057080142,0.93043804,1.0186048,0.90439415,-0.24911632,0.45979702,1.0620517,1.021015,0.13961369,0.41848785,0.6707001,0.8170916,-0.03668289,-0.16463774,0.659461,0.39557016,-0.5306662,-0.59538,0.0020752505,906.5934,809.4872,613.2601,824.3956,712.7839,0.06915283203125,-0.0247802734375,0.98480224609375,2.0037841796875,-2.385101318359375,-0.127105712890625,1.0,1.0,1.0,4.0,1.0,95.0,event
11:26:11.263,0.920215,-0.057080142,0.93043804,1.0186048,0.90439415,-0.24911632,0.45979702,1.0620517,1.021015,0.13961369,0.41848785,0.6707001,0.8170916,-0.03668289,-0.16463774,0.659461,0.39557016,-0.5306662,-0.59538,0.0020752505,710.3663,806.26373,648.315,800.2198,676.9231,0.06915283203125,-0.0247802734375,0.98480224609375,2.0037841796875,-2.385101318359375,-0.127105712890625,1.0,1.0,1.0,4.0,1.0,95.0,event
11:26:11.288,0.920215,-0.057080142,0.93043804,1.0186048,0.90439415,-0.24911632,0.45979702,1.0620517,1.021015,0.13961369,0.41848785,0.6707001,0.8170916,-0.03668289,-0.16463774,0.659461,0.39557016,-0.5306662,-0.59538,0.0020752505,617.28937,805.4579,765.9707,803.0403,658.3883,0.06915283203125,-0.0247802734375,0.98480224609375,2.0037841796875,-2.385101318359375,-0.127105712890625,1.0,1.0,1.0,4.0,1.0,95.0,event
11:26:11.290,0.920215,-0.057080142,0.93043804,1.0186048,0.90439415,-0.24911632,0.45979702,1.0620517,1.021015,0.13961369,0.41848785,0.6707001,0.8170916,-0.03668289,-0.16463774,0.659461,0.39557016,-0.5306662,-0.59538,0.0020752505,718.022,805.8608,770.80585,815.9341,731.31866,0.06915283203125,-0.0247802734375,0.98480224609375,2.0037841796875,-2.385101318359375,-0.127105712890625,1.0,1.0,1.0,4.0,1.0,95.0,event
11:26:11.291,0.920215,-0.057080142,0.93043804,1.0186048,0.90439415,-0.24911632,0.45979702,1.0620517,1.021015,0.13961369,0.41848785,0.6707001,0.8170916,-0.03668289,-0.16463774,0.659461,0.39557016,-0.5306662,-0.59538,0.0020752505,921.0989,805.4579,665.2381,826.8132,807.8755,0.06915283203125,-0.0247802734375,0.98480224609375,2.0037841796875,-2.385101318359375,-0.127105712890625,1.0,1.0,1.0,4.0,1.0,95.0,event
11:26:11.291,0.920215,-0.057080142,0.93043804,1.0186048,0.90439415,-0.24911632,0.45979702,1.0620517,1.021015,0.13961369,0.41848785,0.6707001,0.8170916,-0.03668289,-0.16463774,0.659461,0.39557016,-0.5306662,-0.59538,0.0020752505,944.0659,807.8755,620.10986,829.2308,837.6923,0.06915283203125,-0.0247802734375,0.98480224609375,2.0037841796875,-2.385101318359375,-0.127105712890625,1.0,1.0,1.0,4.0,1.0,95.0,event
11:26:11.292,0.920215,-0.057080142,0.93043804,1.0186048,0.90439415,-0.24911632,0.45979702,1.0620517,1.021015,0.13961369,0.41848785,0.6707001,0.8170916,-0.03668289,-0.16463774,0.659461,0.39557016,-0.5306662,-0.59538,0.0020752505,739.3773,806.26373,634.61536,807.47253,742.1978,0.06915283203125,-0.0247802734375,0.98480224609375,2.0037841796875,-2.385101318359375,-0.127105712890625,1.0,1.0,1.0,4.0,1.0,95.0,event
11:26:11.293,0.920215,-0.057080142,0.93043804,1.0186048,0.90439415,-0.24911632,0.45979702,1.0620517,1.021015,0.13961369,0.41848785,0.6707001,0.8170916,-0.03668289,-0.16463774,0.659461,0.39557016,-0.5306662,-0.59538,0.0020752505,688.60803,801.02563,54.395603,825.2015,1101.6117,0.06915283203125,-0.0247802734375,0.98480224609375,2.0037841796875,-2.385101318359375,-0.127105712890625,1.0,1.0,1.0,4.0,1.0,95.0,event
11:26:11.293,0.920215,-0.057080142,0.93043804,1.0186048,0.90439415,-0.24911632,0.45979702,1.0620517,1.021015,0.13961369,0.41848785,0.6707001,0.8170916,-0.03668289,-0.16463774,0.659461,0.39557016,-0.5306662,-0.59538,0.0020752505,617.28937,803.0403,495.6044,802.23444,756.7033,0.06915283203125,-0.0247802734375,0.98480224609375,2.0037841796875,-2.385101318359375,-0.127105712890625,1.0,1.0,1.0,4.0,1.0,95.0,event
11:26:11.294,0.920215,-0.057080142,0.93043804,1.0186048,0.90439415,-0.24911632,0.45979702,1.0620517,1.021015,0.13961369,0.41848785,0.6707001,0.8170916,-0.03668289,-0.16463774,0.659461,0.39557016,-0.5306662,-0.59538,0.0020752505,888.0586,805.8608,261.90475,835.6777,1023.8461,0.06915283203125,-0.0247802734375,0.98480224609375,2.0037841796875,-2.385101318359375,-0.127105712890625,1.0,1.0,1.0,4.0,1.0,95.0,event
11:26:11.295,0.920215,-0.057080142,0.93043804,1.0186048,0.90439415,-0.24911632,0.45979702,1.0620517,1.021015,0.13961369,0.41848785,0.6707001,0.8170916,-0.03668289,-0.16463774,0.659461,0.39557016,-0.5306662,-0.59538,0.0020752505,948.0952,804.65204,813.1135,826.0073,719.6337,0.06915283203125,-0.0247802734375,0.98480224609375,2.0037841796875,-2.385101318359375,-0.127105712890625,1.0,1.0,1.0,4.0,1.0,95.0,event
11:26:11.296,0.920215,-0.057080142,0.93043804,1.0186048,0.90439415,-0.24911632,0.45979702,1.0620517,1.021015,0.13961369,0.41848785,0.6707001,0.8170916,-0.03668289,-0.16463774,0.659461,0.39557016,-0.5306662,-0.59538,0.0020752505,749.85345,801.02563,635.42126,809.0842,717.2161,0.06915283203125,-0.0247802734375,0.98480224609375,2.0037841796875,-2.385101318359375,-0.127105712890625,1.0,1.0,1.0,4.0,1.0,95.0,event
11:26:11.297,0.920215,-0.057080142,0.93043804,1.0186048,0.90439415,-0.24911632,0.45979702,1.0620517,1.021015,0.13961369,0.41848785,0.6707001,0.8170916,-0.03668289,-0.16463774,0.659461,0.39557016,-0.5306662,-0.59538,0.0020752505,610.84247,802.23444,505.27472,802.6374,728.49817,0.06915283203125,-0.0247802734375,0.98480224609375,2.0037841796875,-2.385101318359375,-0.127105712890625,1.0,1.0,1.0,4.0,1.0,95.0,event
11:26:11.297,0.9750204,-0.026567267,0.93043804,1.0186048,0.9028476,-0.21967658,0.45979702,1.0620517,0.99939406,0.13961369,0.41848785,0.6707001,0.80821735,-0.02578773,-0.16463774,0.659461,0.36077303,-0.5306684,-0.59538,0.0020752505,678.5348,798.20514,737.3626,813.1135,730.5128,0.06915283203125,-0.0247802734375,0.98480224609375,2.0037841796875,-2.385101318359375,-0.127105712890625,1.0,1.0,1.0,4.0,1.0,95.0,event
11:26:11.327,0.9750204,-0.026567267,0.93043804,1.0186048,0.9028476,-0.21967658,0.45979702,1.0620517,0.99939406,0.13961369,0.41848785,0.6707001,0.80821735,-0.02578773,-0.16463774,0.659461,0.36077303,-0.5306684,-0.59538,0.0020752505,865.09155,801.4286,907.8022,829.6337,750.65936,0.0615234375,-0.0206298828125,0.98828125,2.280426025390625,-3.12530517578125,1.084136962890625,1.0,1.0,1.0,4.0,1.0,95.0,event
11:26:11.329,0.9750204,-0.026567267,0.93043804,1.0186048,0.9028476,-0.21967658,0.45979702,1.0620517,0.99939406,0.13961369,0.41848785,0.6707001,0.80821735,-0.02578773,-0.16463774,0.659461,0.36077303,-0.5306684,-0.59538,0.0020752505,943.663,805.4579,703.5165,839.707,813.5165,0.0615234375,-0.0206298828125,0.98828125,2.280426025390625,-3.12530517578125,1.084136962890625,1.0,1.0,1.0,4.0,1.0,95.0,event
11:26:11.330,0.9750204,-0.026567267,0.93043804,1.0186048,0.9028476,-0.21967658,0.45979702,1.0620517,0.99939406,0.13961369,0.41848785,0.6707001,0.80821735,-0.02578773,-0.16463774,0.659461,0.36077303,-0.5306684,-0.59538,0.0020752505,783.69965,798.20514,601.1722,832.4542,775.64105,0.0615234375,-0.0206298828125,0.98828125,2.280426025390625,-3.12530517578125,1.084136962890625,1.0,1.0,1.0,4.0,1.0,95.0,event
11:26:11.331,0.9750204,-0.026567267,0.93043804,1.0186048,0.9028476,-0.21967658,0.45979702,1.0620517,0.99939406,0.13961369,0.41848785,0.6707001,0.80821735,-0.02578773,-0.16463774,0.659461,0.36077303,-0.5306684,-0.59538,0.0020752505,611.6484,794.9817,724.87177,817.1429,647.9121,0.0615234375,-0.0206298828125,0.98828125,2.280426025390625,-3.12530517578125,1.084136962890625,1.0,1.0,1.0,4.0,1.0,95.0,event
11:26:11.333,0.9750204,-0.026567267,0.93043804,1.0186048,0.9028476,-0.21967658,0.45979702,1.0620517,0.99939406,0.13961369,0.41848785,0.6707001,0.80821735,-0.02578773,-0.16463774,0.659461,0.36077303,-0.5306684,-0.59538,0.0020752505,628.97437,799.011,809.89014,814.7253,684.57874,0.0615234375,-0.0206298828125,0.98828125,2.280426025390625,-3.12530517578125,1.084136962890625,1.0,1.0,1.0,4.0,1.0,95.0,event
11:26:11.335,0.9750204,-0.026567267,0.93043804,1.0186048,0.9028476,-0.21967658,0.45979702,1.0620517,0.99939406,0.13961369,0.41848785,0.6707001,0.80821735,-0.02578773,-0.16463774,0.659461,0.36077303,-0.5306684,-0.59538,0.0020752505,817.5458,793.36993,684.57874,836.4835,858.6447,0.0615234375,-0.0206298828125,0.98828125,2.280426025390625,-3.12530517578125,1.084136962890625,1.0,1.0,1.0,4.0,1.0,95.0,event
11:26:11.336,0.9750204,-0.026567267,0.93043804,1.0186048,0.9028476,-0.21967658,0.45979702,1.0620517,0.99939406,0.13961369,0.41848785,0.6707001,0.80821735,-0.02578773,-0.16463774,0.659461,0.36077303,-0.5306684,-0.59538,0.0020752505,937.2161,789.7436,547.5824,847.3626,942.0513,0.0615234375,-0.0206298828125,0.98828125,2.280426025390625,-3.12530517578125,1.084136962890625,1.0,1.0,1.0,4.0,1.0,95.0,event
11:26:11.337,0.9750204,-0.026567267,0.93043804,1.0186048,0.9028476,-0.21967658,0.45979702,1.0620517,0.99939406,0.13961369,0.41848785,0.6707001,0.80821735,-0.02578773,-0.16463774,0.659461,0.36077303,-0.5306684,-0.59538,0.0020752505,798.60803,789.34064,537.9121,821.978,925.9341,0.0615234375,-0.0206298828125,0.98828125,2.280426025390625,-3.12530517578125,1.084136962890625,1.0,1.0,1.0,4.0,1.0,95.0,event
11:26:11.338,0.9750204,-0.026567267,0.93043804,1.0186048,0.9028476,-0.21967658,0.45979702,1.0620517,0.99939406,0.13961369,0.41848785,0.6707001,0.80821735,-0.02578773,-0.16463774,0.659461,0.36077303,-0.5306684,-0.59538,0.0020752505,617.6923,787.326,503.26007,818.7546,737.76556,0.0615234375,-0.0206298828125,0.98828125,2.280426025390625,-3.12530517578125,1.084136962890625,1.0,1.0,1.0,4.0,1.0,95.0,event
11:26:11.339,0.9750204,-0.026567267,0.93043804,1.0186048,0.9028476,-0.21967658,0.45979702,1.0620517,0.99939406,0.13961369,0.41848785,0.6707001,0.80821735,-0.02578773,-0.16463774,0.659461,0.36077303,-0.5306684,-0.59538,0.0020752505,622.52747,790.54944,230.87912,832.4542,852.1978,0.0615234375,-0.0206298828125,0.98828125,2.280426025390625,-3.12530517578125,1.084136962890625,1.0,1.0,1.0,4.0,1.0,95.0,event
11:26:11.340,0.9750204,-0.026567267,0.93043804,1.0186048,0.9028476,-0.21967658,0.45979702,1.0620517,0.99939406,0.13961369,0.41848785,0.6707001,0.80821735,-0.02578773,-0.16463774,0.659461,0.36077303,-0.5306684,-0.59538,0.0020752505,796.1905,793.36993,254.24908,842.52747,998.46155,0.0615234375,-0.0206298828125,0.98828125,2.280426025390625,-3.12530517578125,1.084136962890625,1.0,1.0,1.0,4.0,1.0,95.0,event
11:26:11.341,0.9750204,-0.026567267,0.93043804,1.0186048,0.9028476,-0.21967658,0.45979702,1.0620517,0.99939406,0.13961369,0.41848785,0.6707001,0.80821735,-0.02578773,-0.16463774,0.659461,0.36077303,-0.5306684,-0.59538,0.0020752505,932.7839,792.1612,854.61536,851.79486,759.92676,0.0615234375,-0.0206298828125,0.98828125,2.280426025390625,-3.12530517578125,1.084136962890625,1.0,1.0,1.0,4.0,1.0,95.0,event
11:26:11.367,0.9750204,-0.026567267,0.93043804,1.0186048,0.9028476,-0.21967658,0.45979702,1.0620517,0.99939406,0.13961369,0.41848785,0.6707001,0.80821735,-0.02578773,-0.16463774,0.659461,0.36077303,-0.5306684,-0.59538,0.0020752505,827.619,792.1612,780.4762,828.4249,722.0513,0.06036376953125,-0.0225830078125,0.98199462890625,2.654266357421875,-2.504730224609375,0.186920166015625,1.0,1.0,1.0,4.0,1.0,95.0,event
11:26:11.368,0.9750204,-0.026567267,0.93043804,1.0186048,0.9028476,-0.21967658,0.45979702,1.0620517,0.99939406,0.13961369,0.41848785,0.6707001,0.80821735,-0.02578773,-0.16463774,0.659461,0.36077303,-0.5306684,-0.59538,0.0020752505,634.61536,799.011,544.7619,804.2491,769.19415,0.06036376953125,-0.0225830078125,0.98199462890625,2.654266357421875,-2.504730224609375,0.186920166015625,1.0,1.0,1.0,4.0,1.0,95.0,event
11:26:11.369,0.9750204,-0.026567267,0.93043804,1.0186048,0.9028476,-0.21967658,0.45979702,1.0620517,0.99939406,0.13961369,0.41848785,0.6707001,0.80821735,-0.02578773,-0.16463774,0.659461,0.36077303,-0.5306684,-0.59538,0.0020752505,629.3773,800.6227,749.0476,810.293,740.989,0.06036376953125,-0.0225830078125,0.98199462890625,2.654266357421875,-2.504730224609375,0.186920166015625,1.0,1.0,1.0,4.0,1.0,95.0,event
11:26:11.369,0.9750204,-0.026567267,0.93043804,1.0186048,0.9028476,-0.21967658,0.45979702,1.0620517,0.99939406,0.13961369,0.41848785,0.6707001,0.80821735,-0.02578773,-0.16463774,0.659461,0.36077303,-0.5306684,-0.59538,0.0020752505,817.5458,798.20514,946.8865,826.8132,752.27106,0.06036376953125,-0.0225830078125,0.98199462890625,2.654266357421875,-2.504730224609375,0.186920166015625,1.0,1.0,1.0,4.0,1.0,95.0,event
11:26:11.370,0.9750204,-0.026567267,0.93043804,1.0186048,0.9028476,-0.21967658,0.45979702,1.0620517,0.99939406,0.13961369,0.41848785,0.6707001,0.80821735,-0.02578773,-0.16463774,0.659461,0.36077303,-0.5306684,-0.59538,0.0020752505,956.55676,798.20514,784.90845,835.6777,781.685,0.06036376953125,-0.0225830078125,0.98199462890625,2.654266357421875,-2.504730224609375,0.186920166015625,1.0,1.0,1.0,4.0,1.0,95.0,event
11:26:11.371,0.9750204,-0.026567267,0.93043804,1.0186048,0.9028476,-0.21967658,0.45979702,1.0620517,0.99939406,0.13961369,0.41848785,0.6707001,0.80821735,-0.02578773,-0.16463774,0.659461,0.36077303,-0.5306684,-0.59538,0.0020752505,637.03296,795.78754,396.88644,801.8315,838.9011,0.06036376953125,-0.0225830078125,0.98199462890625,2.654266357421875,-2.504730224609375,0.186920166015625,1.0,1.0,1.0,4.0,1.0,95.0,event
11:26:11.371,0.9750204,-0.026567267,0.93043804,1.0186048,0.9028476,-0.21967658,0.45979702,1.0620517,0.99939406,0.13961369,0.41848785,0.6707001,0.80821735,-0.02578773,-0.16463774,0.659461,0.36077303,-0.5306684,-0.59538,0.0020752505,837.28937,794.17584,458.5348,819.5604,847.3626,0.06036376953125,-0.0225830078125,0.98199462890625,2.654266357421875,-2.504730224609375,0.186920166015625,1.0,1.0,1.0,4.0,1.0,95.0,event
11:26:11.372,0.9750204,-0.026567267,0.93043804,1.0186048,0.9028476,-0.21967658,0.45979702,1.0620517,0.99939406,0.13961369,0.41848785,0.6707001,0.80821735,-0.02578773,-0.16463774,0.659461,0.36077303,-0.5306684,-0.59538,0.0020752505,627.3626,799.81683,686.99634,802.23444,693.44324,0.06036376953125,-0.0225830078125,0.98199462890625,2.654266357421875,-2.504730224609375,0.186920166015625,1.0,1.0,1.0,4.0,1.0,95.0,event
11:26:11.373,0.9750204,-0.026567267,0.93043804,1.0186048,0.9028476,-0.21967658,0.45979702,1.0620517,0.99939406,0.13961369,0.41848785,0.6707001,0.80821735,-0.02578773,-0.16463774,0.659461,0.36077303,-0.5306684,-0.59538,0.0020752505,777.6557,797.8022,695.05493,817.5458,749.85345,0.06036376953125,-0.0225830078125,0.98199462890625,2.654266357421875,-2.504730224609375,0.186920166015625,1.0,1.0,1.0,4.0,1.0,95.0,event
11:26:11.373,0.9750204,-0.026567267,0.93043804,1.0186048,0.9028476,-0.21967658,0.45979702,1.0620517,0.99939406,0.13961369,0.41848785,0.6707001,0.80821735,-0.02578773,-0.16463774,0.659461,0.36077303,-0.5306684,-0.59538,0.0020752505,925.5311,802.6374,168.82784,829.2308,1085.8975,0.06036376953125,-0.0225830078125,0.98199462890625,2.654266357421875,-2.504730224609375,0.186920166015625,1.0,1.0,1.0,4.0,1.0,95.0,event
11:26:11.374,0.9750204,-0.026567267,0.93043804,1.0186048,0.9028476,-0.21967658,0.45979702,1.0620517,0.99939406,0.13961369,0.41848785,0.6707001,0.80821735,-0.02578773,-0.16463774,0.659461,0.36077303,-0.5306684,-0.59538,0.0020752505,878.7912,806.26373,426.30035,815.9341,953.3333,0.06036376953125,-0.0225830078125,0.98199462890625,2.654266357421875,-2.504730224609375,0.186920166015625,1.0,1.0,1.0,4.0,1.0,95.0,event
11:26:11.374,0.9750204,-0.026567267,0.93043804,1.0186048,0.9028476,-0.21967658,0.45979702,1.0620517,0.99939406,0.13961369,0.41848785,0.6707001,0.80821735,-0.02578773,-0.16463774,0.659461,0.36077303,-0.5306684,-0.59538,0.0020752505,690.6227,802.6374,849.3773,800.6227,702.3077,0.06036376953125,-0.0225830078125,0.98199462890625,2.654266357421875,-2.504730224609375,0.186920166015625,1.0,1.0,1.0,4.0,1.0,95.0,event
11:26:11.403,0.9750204,-0.026567267,0.93043804,1.0186048,0.9028476,-0.21967658,0.45979702,1.0620517,0.99939406,0.13961369,0.41848785,0.6707001,0.80821735,-0.02578773,-0.16463774,0.659461,0.36077303,-0.5306684,-0.59538,0.0020752505,622.52747,807.0696,684.9817,813.91943,814.7253,0.05419921875,-0.01019287109375,0.99493408203125,2.94586181640625,-2.99072265625,0.785064697265625,1.0,1.0,1.0,4.0,1.0,95.0,event
11:26:11.404,1.043139,0.0057615372,0.93043804,1.0186048,0.9007033,-0.18238914,0.45979702,1.0620517,0.96199,0.13961369,0.41848785,0.6707001,0.8128262,-0.017509716,-0.16463774,0.659461,0.32423326,-0.5248639,-0.59538,0.0020752505,747.4359,806.26373,671.685,830.0366,792.96704,0.05419921875,-0.01019287109375,0.99493408203125,2.94586181640625,-2.99072265625,0.785064697265625,1.0,1.0,1.0,4.0,1.0,95.0,event
11:26:11.409,1.043139,0.0057615372,0.93043804,1.0186048,0.9007033,-0.18238914,0.45979702,1.0620517,0.96199,0.13961369,0.41848785,0.6707001,0.8128262,-0.017509716,-0.16463774,0.659461,0.32423326,-0.5248639,-0.59538,0.0020752505,921.50183,799.41394,864.68866,836.08057,714.3956,0.05419921875,-0.01019287109375,0.99493408203125,2.94586181640625,-2.99072265625,0.785064697265625,1.0,1.0,1.0,4.0,1.0,95.0,event
11:26:11.410,1.043139,0.0057615372,0.93043804,1.0186048,0.9007033,-0.18238914,0.45979702,1.0620517,0.96199,0.13961369,0.41848785,0.6707001,0.8128262,-0.017509716,-0.16463774,0.659461,0.32423326,-0.5248639,-0.59538,0.0020752505,892.0879,802.6374,894.10254,833.663,769.19415,0.05419921875,-0.01019287109375,0.99493408203125,2.94586181640625,-2.99072265625,0.785064697265625,1.0,1.0,1.0,4.0,1.0,95.0,event
11:26:11.410,1.043139,0.0057615372,0.93043804,1.0186048,0.9007033,-0.18238914,0.45979702,1.0620517,0.96199,0.13961369,0.41848785,0.6707001,0.8128262,-0.017509716,-0.16463774,0.659461,0.32423326,-0.5248639,-0.59538,0.0020752505,684.57874,803.44324,665.2381,817.9487,810.293,0.05419921875,-0.01019287109375,0.99493408203125,2.94586181640625,-2.99072265625,0.785064697265625,1.0,1.0,1.0,4.0,1.0,95.0,event
11:26:11.411,1.043139,0.0057615372,0.93043804,1.0186048,0.9007033,-0.18238914,0.45979702,1.0620517,0.96199,0.13961369,0.41848785,0.6707001,0.8128262,-0.017509716,-0.16463774,0.659461,0.32423326,-0.5248639,-0.59538,0.0020752505,597.9487,802.6374,442.01465,813.91943,774.43225,0.05419921875,-0.01019287109375,0.99493408203125,2.94586181640625,-2.99072265625,0.785064697265625,1.0,1.0,1.0,4.0,1.0,95.0,event
11:26:11.412,1.043139,0.0057615372,0.93043804,1.0186048,0.9007033,-0.18238914,0.45979702,1.0620517,0.96199,0.13961369,0.41848785,0.6707001,0.8128262,-0.017509716,-0.16463774,0.659461,0.32423326,-0.5248639,-0.59538,0.0020752505,890.4762,798.20514,779.67035,828.8278,756.7033,0.05419921875,-0.01019287109375,0.99493408203125,2.94586181640625,-2.99072265625,0.785064697265625,1.0,1.0,1.0,4.0,1.0,95.0,event
11:26:11.412,1.043139,0.0057615372,0.93043804,1.0186048,0.9007033,-0.18238914,0.45979702,1.0620517,0.96199,0.13961369,0.41848785,0.6707001,0.8128262,-0.017509716,-0.16463774,0.659461,0.32423326,-0.5248639,-0.59538,0.0020752505,704.7253,802.23444,501.64835,820.7692,791.3553,0.05419921875,-0.01019287109375,0.99493408203125,2.94586181640625,-2.99072265625,0.785064697265625,1.0,1.0,1.0,4.0,1.0,95.0,event
11:26:11.413,1.043139,0.0057615372,0.93043804,1.0186048,0.9007033,-0.18238914,0.45979702,1.0620517,0.96199,0.13961369,0.41848785,0.6707001,0.8128262,-0.017509716,-0.16463774,0.659461,0.32423326,-0.5248639,-0.59538,0.0020752505,892.49084,796.5934,435.9707,821.978,922.3077,0.05419921875,-0.01019287109375,0.99493408203125,2.94586181640625,-2.99072265625,0.785064697265625,1.0,1.0,1.0,4.0,1.0,95.0,event
11:26:11.414,1.043139,0.0057615372,0.93043804,1.0186048,0.9007033,-0.18238914,0.45979702,1.0620517,0.96199,0.13961369,0.41848785,0.6707001,0.8128262,-0.017509716,-0.16463774,0.659461,0.32423326,-0.5248639,-0.59538,0.0020752505,683.7729,799.81683,141.02563,807.8755,1003.69965,0.05419921875,-0.01019287109375,0.99493408203125,2.94586181640625,-2.99072265625,0.785064697265625,1.0,1.0,1.0,4.0,1.0,95.0,event
11:26:11.415,1.043139,0.0057615372,0.93043804,1.0186048,0.9007033,-0.18238914,0.45979702,1.0620517,0.96199,0.13961369,0.41848785,0.6707001,0.8128262,-0.017509716,-0.16463774,0.659461,0.32423326,-0.5248639,-0.59538,0.0020752505,598.7546,802.6374,722.0513,805.4579,748.6447,0.05419921875,-0.01019287109375,0.99493408203125,2.94586181640625,-2.99072265625,0.785064697265625,1.0,1.0,1.0,4.0,1.0,95.0,event
11:26:11.415,1.043139,0.0057615372,0.93043804,1.0186048,0.9007033,-0.18238914,0.45979702,1.0620517,0.96199,0.13961369,0.41848785,0.6707001,0.8128262,-0.017509716,-0.16463774,0.659461,0.32423326,-0.5248639,-0.59538,0.0020752505,690.6227,803.44324,842.9304,810.293,685.78754,0.05419921875,-0.01019287109375,0.99493408203125,2.94586181640625,-2.99072265625,0.785064697265625,1.0,1.0,1.0,4.0,1.0,95.0,event
11:26:11.440,1.043139,0.0057615372,0.93043804,1.0186048,0.9007033,-0.18238914,0.45979702,1.0620517,0.96199,0.13961369,0.41848785,0.6707001,0.8128262,-0.017509716,-0.16463774,0.659461,0.32423326,-0.5248639,-0.59538,0.0020752505,864.68866,805.05493,617.6923,826.8132,808.68134,0.06689453125,-0.01922607421875,0.9808349609375,2.175750732421875,-3.686065673828125,0.441131591796875,1.0,1.0,1.0,4.0,1.0,95.0,event
11:26:11.441,1.043139,0.0057615372,0.93043804,1.0186048,0.9007033,-0.18238914,0.45979702,1.0620517,0.96199,0.13961369,0.41848785,0.6707001,0.8128262,-0.017509716,-0.16463774,0.659461,0.32423326,-0.5248639,-0.59538,0.0020752505,906.99634,805.05493,670.87915,829.6337,869.5238,0.06689453125,-0.01922607421875,0.9808349609375,2.175750732421875,-3.686065673828125,0.441131591796875,1.0,1.0,1.0,4.0,1.0,95.0,event
11:26:11.442,1.043139,0.0057615372,0.93043804,1.0186048,0.9007033,-0.18238914,0.45979702,1.0620517,0.96199,0.13961369,0.41848785,0.6707001,0.8128262,-0.017509716,-0.16463774,0.659461,0.32423326,-0.5248639,-0.59538,0.0020752505,724.87177,800.6227,817.9487,806.26373,729.707,0.06689453125,-0.01922607421875,0.9808349609375,2.175750732421875,-3.686065673828125,0.441131591796875,1.0,1.0,1.0,4.0,1.0,95.0,event
11:26:11.443,1.043139,0.0057615372,0.93043804,1.0186048,0.9007033,-0.18238914,0.45979702,1.0620517,0.96199,0.13961369,0.41848785,0.6707001,0.8128262,-0.017509716,-0.16463774,0.659461,0.32423326,-0.5248639,-0.59538,0.0020752505,586.6667,801.02563,717.2161,800.2198,770.40295,0.06689453125,-0.01922607421875,0.9808349609375,2.175750732421875,-3.686065673828125,0.441131591796875,1.0,1.0,1.0,4.0,1.0,95.0,event
11:26:11.443,1.043139,0.0057615372,0.93043804,1.0186048,0.9007033,-0.18238914,0.45979702,1.0620517,0.96199,0.13961369,0.41848785,0.6707001,0.8128262,-0.017509716,-0.16463774,0.659461,0.32423326,-0.5248639,-0.59538,0.0020752505,660.0,802.23444,576.1905,808.68134,884.0293,0.06689453125,-0.01922607421875,0.9808349609375,2.175750732421875,-3.686065673828125,0.441131591796875,1.0,1.0,1.0,4.0,1.0,95.0,event
11:26:11.444,1.043139,0.0057615372,0.93043804,1.0186048,0.9007033,-0.18238914,0.45979702,1.0620517,0.96199,0.13961369,0.41848785,0.6707001,0.8128262,-0.017509716,-0.16463774,0.659461,0.32423326,-0.5248639,-0.59538,0.0020752505,862.27106,804.2491,657.5824,830.4396,883.22345,0.06689453125,-0.01922607421875,0.9808349609375,2.175750732421875,-3.686065673828125,0.441131591796875,1.0,1.0,1.0,4.0,1.0,95.0,event
11:26:11.445,1.043139,0.0057615372,0.93043804,1.0186048,0.9007033,-0.18238914,0.45979702,1.0620517,0.96199,0.13961369,0.41848785,0.6707001,0.8128262,-0.017509716,-0.16463774,0.659461,0.32423326,-0.5248639,-0.59538,0.0020752505,772.8205,796.5934,467.39926,813.1135,828.8278,0.06689453125,-0.01922607421875,0.9808349609375,2.175750732421875,-3.686065673828125,0.441131591796875,1.0,1.0,1.0,4.0,1.0,95.0,event
11:26:11.445,1.043139,0.0057615372,0.93043804,1.0186048,0.9007033,-0.18238914,0.45979702,1.0620517,0.96199,0.13961369,0.41848785,0.6707001,0.8128262,-0.017509716,-0.16463774,0.659461,0.32423326,-0.5248639,-0.59538,0.0020752505,936.8132,803.8461,648.71796,834.4689,832.4542,0.06689453125,-0.01922607421875,0.9808349609375,2.175750732421875,-3.686065673828125,0.441131591796875,1.0,1.0,1.0,4.0,1.0,95.0,event
11:26:11.446,1.043139,0.0057615372,0.93043804,1.0186048,0.9007033,-0.18238914,0.45979702,1.0620517,0.96199,0.13961369,0.41848785,0.6707001,0.8128262,-0.017509716,-0.16463774,0.659461,0.32423326,-0.5248639,-0.59538,0.0020752505,590.293,790.9524,48.35165,809.89014,1013.36993,0.06689453125,-0.01922607421875,0.9808349609375,2.175750732421875,-3.686065673828125,0.441131591796875,1.0,1.0,1.0,4.0,1.0,95.0,event
11:26:11.447,1.043139,0.0057615372,0.93043804,1.0186048,0.9007033,-0.18238914,0.45979702,1.0620517,0.96199,0.13961369,0.41848785,0.6707001,0.8128262,-0.017509716,-0.16463774,0.659461,0.32423326,-0.5248639,-0.59538,0.0020752505,631.39197,798.60803,292.12454,813.1135,912.23444,0.06689453125,-0.01922607421875,0.9808349609375,2.175750732421875,-3.686065673828125,0.441131591796875,1.0,1.0,1.0,4.0,1.0,95.0,event
11:26:11.447,1.043139,0.0057615372,0.93043804,1.0186048,0.9007033,-0.18238914,0.45979702,1.0620517,0.96199,0.13961369,0.41848785,0.6707001,0.8128262,-0.017509716,-0.16463774,0.659461,0.32423326,-0.5248639,-0.59538,0.0020752505,846.1539,801.8315,868.71796,829.6337,674.5055,0.06689453125,-0.01922607421875,0.9808349609375,2.175750732421875,-3.686065673828125,0.441131591796875,1.0,1.0,1.0,4.0,1.0,95.0,event
11:26:11.448,1.043139,0.0057615372,0.93043804,1.0186048,0.9007033,-0.18238914,0.45979702,1.0620517,0.96199,0.13961369,0.41848785,0.6707001,0.8128262,-0.017509716,-0.16463774,0.659461,0.32423326,-0.5248639,-0.59538,0.0020752505,939.2308,799.41394,761.9414,838.9011,731.7216,0.06689453125,-0.01922607421875,0.9808349609375,2.175750732421875,-3.686065673828125,0.441131591796875,1.0,1.0,1.0,4.0,1.0,95.0,event
11:26:11.540,1.043139,0.0057615372,0.93043804,1.0186048,0.9007033,-0.18238914,0.45979702,1.0620517,0.96199,0.13961369,0.41848785,0.6707001,0.8128262,-0.017509716,-0.16463774,0.659461,0.32423326,-0.5248639,-0.59538,0.0020752505,793.7729,803.8461,693.44324,817.1429,774.0293,0.06689453125,-0.01922607421875,0.9808349609375,2.175750732421875,-3.686065673828125,0.441131591796875,1.0,1.0,1.0,4.0,1.0,95.0,event
11:26:11.542,1.043139,0.0057615372,0.93043804,1.0186048,0.9007033,-0.18238914,0.45979702,1.0620517,0.96199,0.13961369,0.41848785,0.6707001,0.8128262,-0.017509716,-0.16463774,0.659461,0.32423326,-0.5248639,-0.59538,0.0020752505,635.42126,808.2784,836.4835,803.8461,722.4542,0.06689453125,-0.01922607421875,0.9808349609375,2.175750732421875,-3.686065673828125,0.441131591796875,1.0,1.0,1.0,4.0,1.0,95.0,event
11:26:11.544,1.043139,0.0057615372,0.93043804,1.0186048,0.9007033,-0.18238914,0.45979702,1.0620517,0.96199,0.13961369,0.41848785,0.6707001,0.8128262,-0.017509716,-0.16463774,0.659461,0.32423326,-0.5248639,-0.59538,0.0020752505,663.22345,805.05493,917.47253,807.8755,759.5238,0.06689453125,-0.01922607421875,0.9808349609375,2.175750732421875,-3.686065673828125,0.441131591796875,1.0,1.0,1.0,4.0,1.0,95.0,event
11:26:11.545,1.043139,0.043133352,0.93043804,1.0186048,0.9007033,-0.13856144,0.45979702,1.0620517,0.96199,0.1371078,0.41848785,0.6707001,0.8128262,-0.0049190116,-0.16463774,0.659461,0.32423326,-0.5134965,-0.59538,0.0020752505,833.2601,800.6227,746.2271,819.5604,866.7033,0.06689453125,-0.01922607421875,0.9808349609375,2.175750732421875,-3.686065673828125,0.441131591796875,1.0,1.0,1.0,4.0,1.0,95.0,event
11:26:11.550,1.043139,0.043133352,0.93043804,1.0186048,0.9007033,-0.13856144,0.45979702,1.0620517,0.96199,0.1371078,0.41848785,0.6707001,0.8128262,-0.0049190116,-0.16463774,0.659461,0.32423326,-0.5134965,-0.59538,0.0020752505,936.8132,800.2198,653.95605,826.0073,813.5165,0.06689453125,-0.01922607421875,0.9808349609375,2.175750732421875,-3.686065673828125,0.441131591796875,1.0,1.0,1.0,4.0,1.0,95.0,event
11:26:11.551,1.043139,0.043133352,0.93043804,1.0186048,0.9007033,-0.13856144,0.45979702,1.0620517,0.96199,0.1371078,0.41848785,0.6707001,0.8128262,-0.0049190116,-0.16463774,0.659461,0.32423326,-0.5134965,-0.59538,0.0020752505,808.2784,798.60803,624.1392,796.5934,794.9817,0.06689453125,-0.01922607421875,0.9808349609375,2.175750732421875,-3.686065673828125,0.441131591796875,1.0,1.0,1.0,4.0,1.0,95.0,event
11:26:11.552,1.043139,0.043133352,0.93043804,1.0186048,0.9007033,-0.13856144,0.45979702,1.0620517,0.96199,0.1371078,0.41848785,0.6707001,0.8128262,-0.0049190116,-0.16463774,0.659461,0.32423326,-0.5134965,-0.59538,0.0020752505,612.8571,794.17584,319.5238,800.6227,979.12085,0.06689453125,-0.01922607421875,0.9808349609375,2.175750732421875,-3.686065673828125,0.441131591796875,1.0,1.0,1.0,4.0,1.0,95.0,event
11:26:11.552,1.043139,0.043133352,0.93043804,1.0186048,0.9007033,-0.13856144,0.45979702,1.0620517,0.96199,0.1371078,0.41848785,0.6707001,0.8128262,-0.0049190116,-0.16463774,0.659461,0.32423326,-0.5134965,-0.59538,0.0020752505,620.9158,795.78754,543.1502,781.28204,842.9304,0.06689453125,-0.01922607421875,0.9808349609375,2.175750732421875,-3.686065673828125,0.441131591796875,1.0,1.0,1.0,4.0,1.0,95.0,event
11:26:11.553,1.043139,0.043133352,0.93043804,1.0186048,0.9007033,-0.13856144,0.45979702,1.0620517,0.96199,0.1371078,0.41848785,0.6707001,0.8128262,-0.0049190116,-0.16463774,0.659461,0.32423326,-0.5134965,-0.59538,0.0020752505,786.52014,796.5934,46.336998,820.7692,1105.238,0.06689453125,-0.01922607421875,0.9808349609375,2.175750732421875,-3.686065673828125,0.441131591796875,1.0,1.0,1.0,4.0,1.0,95.0,event
11:26:11.554,1.043139,0.043133352,0.93043804,1.0186048,0.9007033,-0.13856144,0.45979702,1.0620517,0.96199,0.1371078,0.41848785,0.6707001,0.8128262,-0.0049190116,-0.16463774,0.659461,0.32423326,-0.5134965,-0.59538,0.0020752505,941.2454,796.99634,635.82416,822.381,868.71796,0.06689453125,-0.01922607421875,0.9808349609375,2.175750732421875,-3.686065673828125,0.441131591796875,1.0,1.0,1.0,4.0,1.0,95.0,event
11:26:11.556,1.043139,0.043133352,0.93043804,1.0186048,0.9007033,-0.13856144,0.45979702,1.0620517,0.96199,0.1371078,0.41848785,0.6707001,0.8128262,-0.0049190116,-0.16463774,0.659461,0.32423326,-0.5134965,-0.59538,0.0020752505,852.6007,793.7729,892.0879,801.8315,769.19415,0.06689453125,-0.01922607421875,0.9808349609375,2.175750732421875,-3.686065673828125,0.441131591796875,1.0,1.0,1.0,4.0,1.0,95.0,event
11:26:11.557,1.043139,0.043133352,0.93043804,1.0186048,0.9007033,-0.13856144,0.45979702,1.0620517,0.96199,0.1371078,0.41848785,0.6707001,0.8128262,-0.0049190116,-0.16463774,0.659461,0.32423326,-0.5134965,-0.59538,0.0020752505,653.95605,798.20514,626.1539,786.52014,757.9121,0.06689453125,-0.01922607421875,0.9808349609375,2.175750732421875,-3.686065673828125,0.441131591796875,1.0,1.0,1.0,4.0,1.0,95.0,event
11:26:11.580,1.043139,0.043133352,0.93043804,1.0186048,0.9007033,-0.13856144,0.45979702,1.0620517,0.96199,0.1371078,0.41848785,0.6707001,0.8128262,-0.0049190116,-0.16463774,0.659461,0.32423326,-0.5134965,-0.59538,0.0020752505,630.58606,799.81683,766.77655,794.57874,721.6484,0.05694580078125,-0.01593017578125,0.9925537109375,2.34771728515625,-3.506622314453125,-0.500946044921875,1.0,1.0,1.0,4.0,1.0,95.0,event
11:26:11.583,1.043139,0.043133352,0.93043804,1.0186048,0.9007033,-0.13856144,0.45979702,1.0620517,0.96199,0.1371078,0.41848785,0.6707001,0.8128262,-0.0049190116,-0.16463774,0.659461,0.32423326,-0.5134965,-0.59538,0.0020752505,789.7436,795.78754,959.7802,804.65204,730.10986,0.05694580078125,-0.01593017578125,0.9925537109375,2.34771728515625,-3.506622314453125,-0.500946044921875,1.0,1.0,1.0,4.0,1.0,95.0,event
11:26:11.584,1.043139,0.043133352,0.93043804,1.0186048,0.9007033,-0.13856144,0.45979702,1.0620517,0.96199,0.1371078,0.41848785,0.6707001,0.8128262,-0.0049190116,-0.16463774,0.659461,0.32423326,-0.5134965,-0.59538,0.0020752505,934.7985,791.3553,861.8681,806.26373,780.07324,0.05694580078125,-0.01593017578125,0.9925537109375,2.34771728515625,-3.506622314453125,-0.500946044921875,1.0,1.0,1.0,4.0,1.0,95.0,event
11:26:11.586,1.043139,0.043133352,0.93043804,1.0186048,0.9007033,-0.13856144,0.45979702,1.0620517,0.96199,0.1371078,0.41848785,0.6707001,0.8128262,-0.0049190116,-0.16463774,0.659461,0.32423326,-0.5134965,-0.59538,0.0020752505,881.2088,792.96704,720.84247,792.5641,852.1978,0.05694580078125,-0.01593017578125,0.9925537109375,2.34771728515625,-3.506622314453125,-0.500946044921875,1.0,1.0,1.0,4.0,1.0,95.0,event
11:26:11.586,1.043139,0.043133352,0.93043804,1.0186048,0.9007033,-0.13856144,0.45979702,1.0620517,0.96199,0.1371078,0.41848785,0.6707001,0.8128262,-0.0049190116,-0.16463774,0.659461,0.32423326,-0.5134965,-0.59538,0.0020752505,676.9231,797.8022,766.77655,782.49084,789.7436,0.05694580078125,-0.01593017578125,0.9925537109375,2.34771728515625,-3.506622314453125,-0.500946044921875,1.0,1.0,1.0,4.0,1.0,95.0,event
11:26:11.587,1.043139,0.043133352,0.93043804,1.0186048,0.9007033,-0.13856144,0.45979702,1.0620517,0.96199,0.1371078,0.41848785,0.6707001,0.8128262,-0.0049190116,-0.16463774,0.659461,0.32423326,-0.5134965,-0.59538,0.0020752505,611.2454,794.9817,645.4945,792.96704,749.0476,0.05694580078125,-0.01593017578125,0.9925537109375,2.34771728515625,-3.506622314453125,-0.500946044921875,1.0,1.0,1.0,4.0,1.0,95.0,event
11:26:11.588,1.043139,0.043133352,0.93043804,1.0186048,0.9007033,-0.13856144,0.45979702,1.0620517,0.96199,0.1371078,0.41848785,0.6707001,0.8128262,-0.0049190116,-0.16463774,0.659461,0.32423326,-0.5134965,-0.59538,0.0020752505,908.60803,794.17584,127.326004,831.6484,1157.2161,0.05694580078125,-0.01593017578125,0.9925537109375,2.34771728515625,-3.506622314453125,-0.500946044921875,1.0,1.0,1.0,4.0,1.0,95.0,event
11:26:11.588,1.043139,0.043133352,0.93043804,1.0186048,0.9007033,-0.13856144,0.45979702,1.0620517,0.96199,0.1371078,0.41848785,0.6707001,0.8128262,-0.0049190116,-0.16463774,0.659461,0.32423326,-0.5134965,-0.59538,0.0020752505,749.45056,791.75824,508.09525,811.50183,873.95605,0.05694580078125,-0.01593017578125,0.9925537109375,2.34771728515625,-3.506622314453125,-0.500946044921875,1.0,1.0,1.0,4.0,1.0,95.0,event
11:26:11.589,1.043139,0.043133352,0.93043804,1.0186048,0.9007033,-0.13856144,0.45979702,1.0620517,0.96199,0.1371078,0.41848785,0.6707001,0.8128262,-0.0049190116,-0.16463774,0.659461,0.32423326,-0.5134965,-0.59538,0.0020752505,885.2381,797.3993,261.90475,813.5165,990.80585,0.05694580078125,-0.01593017578125,0.9925537109375,2.34771728515625,-3.506622314453125,-0.500946044921875,1.0,1.0,1.0,4.0,1.0,95.0,event
11:26:11.589,1.043139,0.043133352,0.93043804,1.0186048,0.9007033,-0.13856144,0.45979702,1.0620517,0.96199,0.1371078,0.41848785,0.6707001,0.8128262,-0.0049190116,-0.16463774,0.659461,0.32423326,-0.5134965,-0.59538,0.0020752505,709.5604,799.41394,766.77655,788.1319,628.1685,0.05694580078125,-0.01593017578125,0.9925537109375,2.34771728515625,-3.506622314453125,-0.500946044921875,1.0,1.0,1.0,4.0,1.0,95.0,event
11:26:11.589,1.043139,0.043133352,0.93043804,1.0186048,0.9007033,-0.13856144,0.45979702,1.0620517,0.96199,0.1371078,0.41848785,0.6707001,0.8128262,-0.0049190116,-0.16463774,0.659461,0.32423326,-0.5134965,-0.59538,0.0020752505,627.76556,798.20514,633.4066,792.96704,662.4176,0.05694580078125,-0.01593017578125,0.9925537109375,2.34771728515625,-3.506622314453125,-0.500946044921875,1.0,1.0,1.0,4.0,1.0,95.0,event
11:26:11.590,1.043139,0.043133352,0.93043804,1.0186048,0.9007033,-0.13856144,0.45979702,1.0620517,0.96199,0.1371078,0.41848785,0.6707001,0.8128262,-0.0049190116,-0.16463774,0.659461,0.32423326,-0.5134965,-0.59538,0.0020752505,740.18317,797.3993,668.0586,807.0696,705.9341,0.05694580078125,-0.01593017578125,0.9925537109375,2.34771728515625,-3.506622314453125,-0.500946044921875,1.0,1.0,1.0,4.0,1.0,95.0,event
11:26:11.591,1.043139,0.043133352,0.93043804,1.0186048,0.9007033,-0.13856144,0.45979702,1.0620517,0.96199,0.1371078,0.41848785,0.6707001,0.8128262,-0.0049190116,-0.16463774,0.659461,0.32423326,-0.5134965,-0.59538,0.0020752505,936.0073,803.0403,941.6484,818.3516,691.4286,0.07354736328125,-0.01806640625,0.98736572265625,1.5850830078125,-3.910369873046875,-0.979461669921875,1.0,1.0,1.0,4.0,1.0,95.0,event
11:26:11.591,1.043139,0.043133352,0.93043804,1.0186048,0.9007033,-0.13856144,0.45979702,1.0620517,0.96199,0.1371078,0.41848785,0.6707001,0.8128262,-0.0049190116,-0.16463774,0.659461,0.32423326,-0.5134965,-0.59538,0.0020752505,931.5751,800.2198,947.28937,811.50183,742.6007,0.07354736328125,-0.01806640625,0.98736572265625,1.5850830078125,-3.910369873046875,-0.979461669921875,1.0,1.0,1.0,4.0,1.0,95.0,event
11:26:11.592,1.043139,0.043133352,0.93043804,1.0186048,0.9007033,-0.13856144,0.45979702,1.0620517,0.96199,0.1371078,0.41848785,0.6707001,0.8128262,-0.0049190116,-0.16463774,0.659461,0.32423326,-0.5134965,-0.59538,0.0020752505,721.6484,793.36993,657.98535,796.99634,742.6007,0.07354736328125,-0.01806640625,0.98736572265625,1.5850830078125,-3.910369873046875,-0.979461669921875,1.0,1.0,1.0,4.0,1.0,95.0,event
11:26:11.592,1.043139,0.043133352,0.93043804,1.0186048,0.9007033,-0.13856144,0.45979702,1.0620517,0.96199,0.1371078,0.41848785,0.6707001,0.8128262,-0.0049190116,-0.16463774,0.659461,0.32423326,-0.5134965,-0.59538,0.0020752505,626.1539,791.75824,628.97437,811.50183,708.3516,0.07354736328125,-0.01806640625,0.98736572265625,1.5850830078125,-3.910369873046875,-0.979461669921875,1.0,1.0,1.0,4.0,1.0,95.0,event
11:26:11.593,1.043139,0.043133352,0.93043804,1.0186048,0.9007033,-0.13856144,0.45979702,1.0620517,0.96199,0.1371078,0.41848785,0.6707001,0.8128262,-0.0049190116,-0.16463774,0.659461,0.32423326,-0.5134965,-0.59538,0.0020752505,735.34796,791.75824,794.9817,826.4103,720.84247,0.07354736328125,-0.01806640625,0.98736572265625,1.5850830078125,-3.910369873046875,-0.979461669921875,1.0,1.0,1.0,4.0,1.0,95.0,event
11:26:11.594,1.043139,0.08593579,0.93043804,1.0186048,0.9007033,-0.089079365,0.45979702,1.0620517,0.96199,0.1334126,0.41848785,0.6707001,0.8128262,0.017393654,-0.16463774,0.659461,0.32423326,-0.49616763,-0.59538,0.0020752505,900.54944,788.93774,711.1722,829.6337,738.5714,0.07354736328125,-0.01806640625,0.98736572265625,1.5850830078125,-3.910369873046875,-0.979461669921875,1.0,1.0,1.0,4.0,1.0,95.0,event
11:26:11.597,1.043139,0.08593579,0.93043804,1.0186048,0.9007033,-0.089079365,0.45979702,1.0620517,0.96199,0.1334126,0.41848785,0.6707001,0.8128262,0.017393654,-0.16463774,0.659461,0.32423326,-0.49616763,-0.59538,0.0020752505,908.60803,785.7143,286.48352,838.0952,967.4359,0.07354736328125,-0.01806640625,0.98736572265625,1.5850830078125,-3.910369873046875,-0.979461669921875,1.0,1.0,1.0,4.0,1.0,95.0,event
11:26:11.598,1.043139,0.08593579,0.93043804,1.0186048,0.9007033,-0.089079365,0.45979702,1.0620517,0.96199,0.1334126,0.41848785,0.6707001,0.8128262,0.017393654,-0.16463774,0.659461,0.32423326,-0.49616763,-0.59538,0.0020752505,744.21246,790.54944,176.88644,818.7546,1025.0549,0.07354736328125,-0.01806640625,0.98736572265625,1.5850830078125,-3.910369873046875,-0.979461669921875,1.0,1.0,1.0,4.0,1.0,95.0,event
11:26:11.599,1.043139,0.08593579,0.93043804,1.0186048,0.9007033,-0.089079365,0.45979702,1.0620517,0.96199,0.1334126,0.41848785,0.6707001,0.8128262,0.017393654,-0.16463774,0.659461,0.32423326,-0.49616763,-0.59538,0.0020752505,653.95605,796.99634,763.1502,808.68134,783.69965,0.07354736328125,-0.01806640625,0.98736572265625,1.5850830078125,-3.910369873046875,-0.979461669921875,1.0,1.0,1.0,4.0,1.0,95.0,event
11:26:11.599,1.043139,0.08593579,0.93043804,1.0186048,0.9007033,-0.089079365,0.45979702,1.0620517,0.96199,0.1334126,0.41848785,0.6707001,0.8128262,0.017393654,-0.16463774,0.659461,0.32423326,-0.49616763,-0.59538,0.0020752505,713.1868,792.96704,848.1685,796.5934,801.8315,0.07354736328125,-0.01806640625,0.98736572265625,1.5850830078125,-3.910369873046875,-0.979461669921875,1.0,1.0,1.0,4.0,1.0,95.0,event
11:26:11.600,1.043139,0.08593579,0.93043804,1.0186048,0.9007033,-0.089079365,0.45979702,1.0620517,0.96199,0.1334126,0.41848785,0.6707001,0.8128262,0.017393654,-0.16463774,0.659461,0.32423326,-0.49616763,-0.59538,0.0020752505,891.28204,793.7729,701.0989,812.3077,896.52014,0.07354736328125,-0.01806640625,0.98736572265625,1.5850830078125,-3.910369873046875,-0.979461669921875,1.0,1.0,1.0,4.0,1.0,95.0,event
11:26:11.600,1.043139,0.08593579,0.93043804,1.0186048,0.9007033,-0.089079365,0.45979702,1.0620517,0.96199,0.1334126,0.41848785,0.6707001,0.8128262,0.017393654,-0.16463774,0.659461,0.32423326,-0.49616763,-0.59538,0.0020752505,950.9158,793.7729,830.4396,826.8132,840.5128,0.07354736328125,-0.01806640625,0.98736572265625,1.5850830078125,-3.910369873046875,-0.979461669921875,1.0,1.0,1.0,4.0,1.0,95.0,event
11:26:11.678,1.043139,0.08593579,0.93043804,1.0186048,0.9007033,-0.089079365,0.45979702,1.0620517,0.96199,0.1334126,0.41848785,0.6707001,0.8128262,0.017393654,-0.16463774,0.659461,0.32423326,-0.49616763,-0.59538,0.0020752505,759.5238,787.72894,886.04395,795.78754,745.82416,0.057861328125,-0.01947021484375,0.98193359375,1.742095947265625,-3.372039794921875,0.88226318359375,1.0,1.0,1.0,4.0,1.0,95.0,event
11:26:11.679,1.043139,0.08593579,0.93043804,1.0186048,0.9007033,-0.089079365,0.45979702,1.0620517,0.96199,0.1334126,0.41848785,0.6707001,0.8128262,0.017393654,-0.16463774,0.659461,0.32423326,-0.49616763,-0.59538,0.0020752505,601.978,783.2967,745.42126,793.36993,776.4469,0.057861328125,-0.01947021484375,0.98193359375,1.742095947265625,-3.372039794921875,0.88226318359375,1.0,1.0,1.0,4.0,1.0,95.0,event
11:26:11.680,1.043139,0.08593579,0.93043804,1.0186048,0.9007033,-0.089079365,0.45979702,1.0620517,0.96199,0.1334126,0.41848785,0.6707001,0.8128262,0.017393654,-0.16463774,0.659461,0.32423326,-0.49616763,-0.59538,0.0020752505,664.0293,786.1172,588.68134,813.1135,763.5531,0.057861328125,-0.01947021484375,0.98193359375,1.742095947265625,-3.372039794921875,0.88226318359375,1.0,1.0,1.0,4.0,1.0,95.0,event
11:26:11.680,1.043139,0.08593579,0.93043804,1.0186048,0.9007033,-0.089079365,0.45979702,1.0620517,0.96199,0.1334126,0.41848785,0.6707001,0.8128262,0.017393654,-0.16463774,0.659461,0.32423326,-0.49616763,-0.59538,0.0020752505,864.68866,796.5934,776.8498,831.2454,675.31134,0.057861328125,-0.01947021484375,0.98193359375,1.742095947265625,-3.372039794921875,0.88226318359375,1.0,1.0,1.0,4.0,1.0,95.0,event
11:26:11.681,1.043139,0.08593579,0.93043804,1.0186048,0.9007033,-0.089079365,0.45979702,1.0620517,0.96199,0.1334126,0.41848785,0.6707001,0.8128262,0.017393654,-0.16463774,0.659461,0.32423326,-0.49616763,-0.59538,0.0020752505,956.1539,798.20514,895.7143,827.619,675.7143,0.057861328125,-0.01947021484375,0.98193359375,1.742095947265625,-3.372039794921875,0.88226318359375,1.0,1.0,1.0,4.0,1.0,95.0,event
11:26:11.682,1.043139,0.08593579,0.93043804,1.0186048,0.9007033,-0.089079365,0.45979702,1.0620517,0.96199,0.1334126,0.41848785,0.6707001,0.8128262,0.017393654,-0.16463774,0.659461,0.32423326,-0.49616763,-0.59538,0.0020752505,797.3993,787.326,499.23077,820.3663,782.49084,0.057861328125,-0.01947021484375,0.98193359375,1.742095947265625,-3.372039794921875,0.88226318359375,1.0,1.0,1.0,4.0,1.0,95.0,event
11:26:11.683,1.043139,0.08593579,0.93043804,1.0186048,0.9007033,-0.089079365,0.45979702,1.0620517,0.96199,0.1334126,0.41848785,0.6707001,0.8128262,0.017393654,-0.16463774,0.659461,0.32423326,-0.49616763,-0.59538,0.0020752505,669.2674,792.96704,557.25275,824.7985,861.4652,0.057861328125,-0.01947021484375,0.98193359375,1.742095947265625,-3.372039794921875,0.88226318359375,1.0,1.0,1.0,4.0,1.0,95.0,event
11:26:11.683,1.043139,0.08593579,0.93043804,1.0186048,0.9007033,-0.089079365,0.45979702,1.0620517,0.96199,0.1334126,0.41848785,0.6707001,0.8128262,0.017393654,-0.16463774,0.659461,0.32423326,-0.49616763,-0.59538,0.0020752505,621.7216,784.10254,127.326004,820.3663,933.5897,0.057861328125,-0.01947021484375,0.98193359375,1.742095947265625,-3.372039794921875,0.88226318359375,1.0,1.0,1.0,4.0,1.0,95.0,event
11:26:11.684,1.043139,0.08593579,0.93043804,1.0186048,0.9007033,-0.089079365,0.45979702,1.0620517,0.96199,0.1334126,0.41848785,0.6707001,0.8128262,0.017393654,-0.16463774,0.659461,0.32423326,-0.49616763,-0.59538,0.0020752505,856.63007,791.75824,992.01465,832.4542,741.79486,0.057861328125,-0.01947021484375,0.98193359375,1.742095947265625,-3.372039794921875,0.88226318359375,1.0,1.0,1.0,4.0,1.0,95.0,event
11:26:11.685,1.043139,0.08593579,0.93043804,1.0186048,0.9007033,-0.089079365,0.45979702,1.0620517,0.96199,0.1334126,0.41848785,0.6707001,0.8128262,0.017393654,-0.16463774,0.659461,0.32423326,-0.49616763,-0.59538,0.0020752505,951.31866,790.14655,759.92676,836.8865,818.7546,0.057861328125,-0.01947021484375,0.98193359375,1.742095947265625,-3.372039794921875,0.88226318359375,1.0,1.0,1.0,4.0,1.0,95.0,event
11:26:11.686,1.043139,0.08593579,0.93043804,1.0186048,0.9007033,-0.089079365,0.45979702,1.0620517,0.96199,0.1334126,0.41848785,0.6707001,0.8128262,0.017393654,-0.16463774,0.659461,0.32423326,-0.49616763,-0.59538,0.0020752505,823.9927,794.9817,587.0696,816.337,842.9304,0.057861328125,-0.01947021484375,0.98193359375,1.742095947265625,-3.372039794921875,0.88226318359375,1.0,1.0,1.0,4.0,1.0,95.0,event
11:26:11.686,1.043139,0.08593579,0.93043804,1.0186048,0.9007033,-0.089079365,0.45979702,1.0620517,0.96199,0.1334126,0.41848785,0.6707001,0.8128262,0.017393654,-0.16463774,0.659461,0.32423326,-0.49616763,-0.59538,0.0020752505,647.9121,796.5934,761.53845,789.7436,729.304,0.057861328125,-0.01947021484375,0.98193359375,1.742095947265625,-3.372039794921875,0.88226318359375,1.0,1.0,1.0,4.0,1.0,95.0,event
11:26:11.731,1.043139,0.08593579,0.93043804,1.0186048,0.9007033,-0.089079365,0.45979702,1.0620517,0.96199,0.1334126,0.41848785,0.6707001,0.8128262,0.017393654,-0.16463774,0.659461,0.32423326,-0.49616763,-0.59538,0.0020752505,641.4652,786.9231,796.5934,806.6667,692.23444,0.05621337890625,-0.02288818359375,0.983642578125,1.65985107421875,-4.119720458984375,0.426177978515625,1.0,1.0,1.0,4.0,1.0,95.0,event
11:26:11.732,1.043139,0.08593579,0.93043804,1.0186048,0.9007033,-0.089079365,0.45979702,1.0620517,0.96199,0.1334126,0.41848785,0.6707001,0.8128262,0.017393654,-0.16463774,0.659461,0.32423326,-0.49616763,-0.59538,0.0020752505,813.5165,783.69965,545.16486,833.2601,874.35895,0.05621337890625,-0.02288818359375,0.983642578125,1.65985107421875,-4.119720458984375,0.426177978515625,1.0,1.0,1.0,4.0,1.0,95.0,event
11:26:11.733,1.043139,0.08593579,0.93043804,1.0186048,0.9007033,-0.089079365,0.45979702,1.0620517,0.96199,0.1334126,0.41848785,0.6707001,0.8128262,0.017393654,-0.16463774,0.659461,0.32423326,-0.49616763,-0.59538,0.0020752505,950.9158,792.5641,584.2491,820.7692,926.337,0.05621337890625,-0.02288818359375,0.983642578125,1.65985107421875,-4.119720458984375,0.426177978515625,1.0,1.0,1.0,4.0,1.0,95.0,event
11:26:11.735,1.043139,0.08593579,0.93043804,1.0186048,0.9007033,-0.089079365,0.45979702,1.0620517,0.96199,0.1334126,0.41848785,0.6707001,0.8128262,0.017393654,-0.16463774,0.659461,0.32423326,-0.49616763,-0.59538,0.0020752505,851.39197,794.17584,820.3663,801.02563,721.6484,0.05621337890625,-0.02288818359375,0.983642578125,1.65985107421875,-4.119720458984375,0.426177978515625,1.0,1.0,1.0,4.0,1.0,95.0,event
11:26:11.736,1.043139,0.08593579,0.93043804,1.0186048,0.9007033,-0.089079365,0.45979702,1.0620517,0.96199,0.1334126,0.41848785,0.6707001,0.8128262,0.017393654,-0.16463774,0.659461,0.32423326,-0.49616763,-0.59538,0.0020752505,664.0293,792.5641,783.69965,798.60803,734.1392,0.05621337890625,-0.02288818359375,0.983642578125,1.65985107421875,-4.119720458984375,0.426177978515625,1.0,1.0,1.0,4.0,1.0,95.0,event
11:26:11.736,1.043139,0.08593579,0.93043804,1.0186048,0.9007033,-0.089079365,0.45979702,1.0620517,0.96199,0.1334126,0.41848785,0.6707001,0.8128262,0.017393654,-0.16463774,0.659461,0.32423326,-0.49616763,-0.59538,0.0020752505,629.7802,797.3993,621.7216,796.5934,826.0073,0.05621337890625,-0.02288818359375,0.983642578125,1.65985107421875,-4.119720458984375,0.426177978515625,1.0,1.0,1.0,4.0,1.0,95.0,event
11:26:11.737,1.043139,0.08593579,0.93043804,1.0186048,0.9007033,-0.089079365,0.45979702,1.0620517,0.96199,0.1334126,0.41848785,0.6707001,0.8128262,0.017393654,-0.16463774,0.659461,0.32423326,-0.49616763,-0.59538,0.0020752505,777.25275,799.41394,529.0476,812.3077,865.4945,0.05621337890625,-0.02288818359375,0.983642578125,1.65985107421875,-4.119720458984375,0.426177978515625,1.0,1.0,1.0,4.0,1.0,95.0,event
11:26:11.738,1.043139,0.1392044,0.93043804,1.0186048,0.9007033,-0.034479868,0.45979702,1.0620517,0.96199,0.1334126,0.41848785,0.6707001,0.8128262,0.047901146,-0.16463774,0.659461,0.32423326,-0.47115284,-0.59538,0.0020752505,942.4542,800.2198,725.6777,826.8132,852.1978,0.05621337890625,-0.02288818359375,0.983642578125,1.65985107421875,-4.119720458984375,0.426177978515625,1.0,1.0,1.0,4.0,1.0,95.0,event
11:26:11.742,1.043139,0.1392044,0.93043804,1.0186048,0.9007033,-0.034479868,0.45979702,1.0620517,0.96199,0.1334126,0.41848785,0.6707001,0.8128262,0.047901146,-0.16463774,0.659461,0.32423326,-0.47115284,-0.59538,0.0020752505,874.35895,801.8315,863.47986,809.89014,764.35895,0.05621337890625,-0.02288818359375,0.983642578125,1.65985107421875,-4.119720458984375,0.426177978515625,1.0,1.0,1.0,4.0,1.0,95.0,event
11:26:11.743,1.043139,0.1392044,0.93043804,1.0186048,0.9007033,-0.034479868,0.45979702,1.0620517,0.96199,0.1334126,0.41848785,0.6707001,0.8128262,0.047901146,-0.16463774,0.659461,0.32423326,-0.47115284,-0.59538,0.0020752505,672.8938,799.81683,367.47253,801.4286,893.69965,0.05621337890625,-0.02288818359375,0.983642578125,1.65985107421875,-4.119720458984375,0.426177978515625,1.0,1.0,1.0,4.0,1.0,95.0,event
11:26:11.744,1.043139,0.1392044,0.93043804,1.0186048,0.9007033,-0.034479868,0.45979702,1.0620517,0.96199,0.1334126,0.41848785,0.6707001,0.8128262,0.047901146,-0.16463774,0.659461,0.32423326,-0.47115284,-0.59538,0.0020752505,628.5714,802.23444,287.28937,793.7729,952.52747,0.05621337890625,-0.02288818359375,0.983642578125,1.65985107421875,-4.119720458984375,0.426177978515625,1.0,1.0,1.0,4.0,1.0,95.0,event
11:26:11.745,1.043139,0.1392044,0.93043804,1.0186048,0.9007033,-0.034479868,0.45979702,1.0620517,0.96199,0.1334126,0.41848785,0.6707001,0.8128262,0.047901146,-0.16463774,0.659461,0.32423326,-0.47115284,-0.59538,0.0020752505,774.83514,800.6227,798.20514,816.7399,794.57874,0.05621337890625,-0.02288818359375,0.983642578125,1.65985107421875,-4.119720458984375,0.426177978515625,1.0,1.0,1.0,4.0,1.0,95.0,event
11:26:11.799,1.043139,0.1392044,0.93043804,1.0186048,0.9007033,-0.034479868,0.45979702,1.0620517,0.96199,0.1334126,0.41848785,0.6707001,0.8128262,0.047901146,-0.16463774,0.659461,0.32423326,-0.47115284,-0.59538,0.0020752505,951.31866,798.60803,849.3773,842.52747,811.0989,0.05621337890625,-0.02288818359375,0.983642578125,1.65985107421875,-4.119720458984375,0.426177978515625,1.0,1.0,1.0,4.0,1.0,95.0,event
11:26:11.801,1.043139,0.1392044,0.93043804,1.0186048,0.9007033,-0.034479868,0.45979702,1.0620517,0.96199,0.1334126,0.41848785,0.6707001,0.8128262,0.047901146,-0.16463774,0.659461,0.32423326,-0.47115284,-0.59538,0.0020752505,902.5641,796.5934,672.0879,810.293,854.21246,0.05621337890625,-0.02288818359375,0.983642578125,1.65985107421875,-4.119720458984375,0.426177978515625,1.0,1.0,1.0,4.0,1.0,95.0,event
11:26:11.802,1.043139,0.1392044,0.93043804,1.0186048,0.9007033,-0.034479868,0.45979702,1.0620517,0.96199,0.1334126,0.41848785,0.6707001,0.8128262,0.047901146,-0.16463774,0.659461,0.32423326,-0.47115284,-0.59538,0.0020752505,677.72894,790.54944,720.0366,778.0586,789.7436,0.05621337890625,-0.02288818359375,0.983642578125,1.65985107421875,-4.119720458984375,0.426177978515625,1.0,1.0,1.0,4.0,1.0,95.0,event
11:26:11.803,1.043139,0.1392044,0.93043804,1.0186048,0.9007033,-0.034479868,0.45979702,1.0620517,0.96199,0.1334126,0.41848785,0.6707001,0.8128262,0.047901146,-0.16463774,0.659461,0.32423326,-0.47115284,-0.59538,0.0020752505,607.2161,788.1319,772.01465,794.57874,672.8938,0.05621337890625,-0.02288818359375,0.983642578125,1.65985107421875,-4.119720458984375,0.426177978515625,1.0,1.0,1.0,4.0,1.0,95.0,event
11:26:11.805,1.043139,0.1392044,0.93043804,1.0186048,0.9007033,-0.034479868,0.45979702,1.0620517,0.96199,0.1334126,0.41848785,0.6707001,0.8128262,0.047901146,-0.16463774,0.659461,0.32423326,-0.47115284,-0.59538,0.0020752505,742.6007,790.9524,622.9304,817.9487,801.8315,0.05621337890625,-0.02288818359375,0.983642578125,1.65985107421875,-4.119720458984375,0.426177978515625,1.0,1.0,1.0,4.0,1.0,95.0,event
11:26:11.807,1.043139,0.1392044,0.93043804,1.0186048,0.9007033,-0.034479868,0.45979702,1.0620517,0.96199,0.1334126,0.41848785,0.6707001,0.8128262,0.047901146,-0.16463774,0.659461,0.32423326,-0.47115284,-0.59538,0.0020752505,935.6044,796.99634,385.20148,827.619,1055.2748,0.05621337890625,-0.02288818359375,0.983642578125,1.65985107421875,-4.119720458984375,0.426177978515625,1.0,1.0,1.0,4.0,1.0,95.0,event
11:26:11.808,1.043139,0.1392044,0.93043804,1.0186048,0.9007033,-0.034479868,0.45979702,1.0620517,0.96199,0.1334126,0.41848785,0.6707001,0.8128262,0.047901146,-0.16463774,0.659461,0.32423326,-0.47115284,-0.59538,0.0020752505,926.337,799.41394,428.71796,811.50183,960.18317,0.05621337890625,-0.02288818359375,0.983642578125,1.65985107421875,-4.119720458984375,0.426177978515625,1.0,1.0,1.0,4.0,1.0,95.0,event
11:26:11.809,1.043139,0.1392044,0.93043804,1.0186048,0.9007033,-0.034479868,0.45979702,1.0620517,0.96199,0.1334126,0.41848785,0.6707001,0.8128262,0.047901146,-0.16463774,0.659461,0.32423326,-0.47115284,-0.59538,0.0020752505,604.3956,790.54944,631.79486,802.6374,810.696,0.05621337890625,-0.02288818359375,0.983642578125,1.65985107421875,-4.119720458984375,0.426177978515625,1.0,1.0,1.0,4.0,1.0,95.0,event
11:26:11.809,1.043139,0.1392044,0.93043804,1.0186048,0.9007033,-0.034479868,0.45979702,1.0620517,0.96199,0.1334126,0.41848785,0.6707001,0.8128262,0.047901146,-0.16463774,0.659461,0.32423326,-0.47115284,-0.59538,0.0020752505,709.15753,796.1905,748.24176,790.14655,773.22345,0.05621337890625,-0.02288818359375,0.983642578125,1.65985107421875,-4.119720458984375,0.426177978515625,1.0,1.0,1.0,4.0,1.0,95.0,event
11:26:11.810,1.043139,0.1392044,0.93043804,1.0186048,0.9007033,-0.034479868,0.45979702,1.0620517,0.96199,0.1334126,0.41848785,0.6707001,0.8128262,0.047901146,-0.16463774,0.659461,0.32423326,-0.47115284,-0.59538,0.0020752505,703.91943,790.14655,367.47253,811.50183,950.5128,0.05621337890625,-0.02288818359375,0.983642578125,1.65985107421875,-4.119720458984375,0.426177978515625,1.0,1.0,1.0,4.0,1.0,95.0,event
11:26:11.811,1.043139,0.1392044,0.93043804,1.0186048,0.9007033,-0.034479868,0.45979702,1.0620517,0.96199,0.1334126,0.41848785,0.6707001,0.8128262,0.047901146,-0.16463774,0.659461,0.32423326,-0.47115284,-0.59538,0.0020752505,909.41394,794.9817,805.4579,824.7985,849.7802,0.05621337890625,-0.02288818359375,0.983642578125,1.65985107421875,-4.119720458984375,0.426177978515625,1.0,1.0,1.0,4.0,1.0,95.0,event
11:26:11.812,1.043139,0.1392044,0.93043804,1.0186048,0.9007033,-0.034479868,0.45979702,1.0620517,0.96199,0.1334126,0.41848785,0.6707001,0.8128262,0.047901146,-0.16463774,0.659461,0.32423326,-0.47115284,-0.59538,0.0020752505,932.381,796.99634,973.0769,809.4872,749.85345,0.05621337890625,-0.02288818359375,0.983642578125,1.65985107421875,-4.119720458984375,0.426177978515625,1.0,1.0,1.0,4.0,1.0,95.0,event
11:26:11.813,1.043139,0.1392044,0.93043804,1.0186048,0.9007033,-0.034479868,0.45979702,1.0620517,0.96199,0.1334126,0.41848785,0.6707001,0.8128262,0.047901146,-0.16463774,0.659461,0.32423326,-0.47115284,-0.59538,0.0020752505,719.2308,792.5641,679.7436,776.4469,789.34064,0.0611572265625,-0.02117919921875,0.98583984375,1.727142333984375,-3.2000732421875,-0.007476806640625,1.0,1.0,1.0,4.0,1.0,95.0,event
11:26:11.813,1.043139,0.1392044,0.93043804,1.0186048,0.9007033,-0.034479868,0.45979702,1.0620517,0.96199,0.1334126,0.41848785,0.6707001,0.8128262,0.047901146,-0.16463774,0.659461,0.32423326,-0.47115284,-0.59538,0.0020752505,606.4103,789.34064,631.79486,787.72894,763.95605,0.0611572265625,-0.02117919921875,0.98583984375,1.727142333984375,-3.2000732421875,-0.007476806640625,1.0,1.0,1.0,4.0,1.0,95.0,event
11:26:11.814,1.043139,0.1392044,0.93043804,1.0186048,0.9007033,-0.034479868,0.45979702,1.0620517,0.96199,0.1334126,0.41848785,0.6707001,0.8128262,0.047901146,-0.16463774,0.659461,0.32423326,-0.47115284,-0.59538,0.0020752505,697.8755,791.75824,842.52747,806.6667,709.15753,0.0611572265625,-0.02117919921875,0.98583984375,1.727142333984375,-3.2000732421875,-0.007476806640625,1.0,1.0,1.0,4.0,1.0,95.0,event
11:26:11.815,1.043139,0.1392044,0.93043804,1.0186048,0.9007033,-0.034479868,0.45979702,1.0620517,0.96199,0.1334126,0.41848785,0.6707001,0.8128262,0.047901146,-0.16463774,0.659461,0.32423326,-0.47115284,-0.59538,0.0020752505,892.8938,796.1905,946.4835,818.3516,722.4542,0.0611572265625,-0.02117919921875,0.98583984375,1.727142333984375,-3.2000732421875,-0.007476806640625,1.0,1.0,1.0,4.0,1.0,95.0,event
11:26:11.816,1.043139,0.1392044,0.93043804,1.0186048,0.9007033,-0.034479868,0.45979702,1.0620517,0.96199,0.1334126,0.41848785,0.6707001,0.8128262,0.047901146,-0.16463774,0.659461,0.32423326,-0.47115284,-0.59538,0.0020752505,950.5128,795.38464,789.7436,815.9341,842.9304,0.0611572265625,-0.02117919921875,0.98583984375,1.727142333984375,-3.2000732421875,-0.007476806640625,1.0,1.0,1.0,4.0,1.0,95.0,event
11:26:11.816,1.043139,0.1392044,0.93043804,1.0186048,0.9007033,-0.034479868,0.45979702,1.0620517,0.96199,0.1334126,0.41848785,0.6707001,0.8128262,0.047901146,-0.16463774,0.659461,0.32423326,-0.47115284,-0.59538,0.0020752505,757.1062,794.57874,518.5714,791.75824,909.41394,0.0611572265625,-0.02117919921875,0.98583984375,1.727142333984375,-3.2000732421875,-0.007476806640625,1.0,1.0,1.0,4.0,1.0,95.0,event
11:26:11.817,1.043139,0.1392044,0.93043804,1.0186048,0.9007033,-0.034479868,0.45979702,1.0620517,0.96199,0.1334126,0.41848785,0.6707001,0.8128262,0.047901146,-0.16463774,0.659461,0.32423326,-0.47115284,-0.59538,0.0020752505,612.8571,791.3553,454.10257,795.78754,847.76556,0.0611572265625,-0.02117919921875,0.98583984375,1.727142333984375,-3.2000732421875,-0.007476806640625,1.0,1.0,1.0,4.0,1.0,95.0,event
11:26:11.818,1.043139,0.1392044,0.93043804,1.0186048,0.9007033,-0.034479868,0.45979702,1.0620517,0.96199,0.1334126,0.41848785,0.6707001,0.8128262,0.047901146,-0.16463774,0.659461,0.32423326,-0.47115284,-0.59538,0.0020752505,681.75824,791.75824,586.26373,821.978,749.45056,0.0611572265625,-0.02117919921875,0.98583984375,1.727142333984375,-3.2000732421875,-0.007476806640625,1.0,1.0,1.0,4.0,1.0,95.0,event
11:26:11.821,1.043139,0.1392044,0.93043804,1.0186048,0.9007033,-0.034479868,0.45979702,1.0620517,0.96199,0.1334126,0.41848785,0.6707001,0.8128262,0.047901146,-0.16463774,0.659461,0.32423326,-0.47115284,-0.59538,0.0020752505,873.5531,789.7436,338.46155,836.8865,872.74725,0.0611572265625,-0.02117919921875,0.98583984375,1.727142333984375,-3.2000732421875,-0.007476806640625,1.0,1.0,1.0,4.0,1.0,95.0,event
11:26:11.822,1.043139,0.1980711,0.93043804,1.0186048,0.9007033,0.025600031,0.45979702,1.0620517,0.96199,0.1334126,0.41848785,0.6707001,0.8128262,0.08168458,-0.16463774,0.659461,0.32423326,-0.44159782,-0.59538,0.0020752505,948.0952,790.9524,151.90475,837.28937,1050.4396,0.0611572265625,-0.02117919921875,0.98583984375,1.727142333984375,-3.2000732421875,-0.007476806640625,1.0,1.0,1.0,4.0,1.0,95.0,event
11:26:11.826,1.043139,0.1980711,0.93043804,1.0186048,0.9007033,0.025600031,0.45979702,1.0620517,0.96199,0.1334126,0.41848785,0.6707001,0.8128262,0.08168458,-0.16463774,0.659461,0.32423326,-0.44159782,-0.59538,0.0020752505,799.41394,795.78754,659.19415,817.5458,790.9524,0.0611572265625,-0.02117919921875,0.98583984375,1.727142333984375,-3.2000732421875,-0.007476806640625,1.0,1.0,1.0,4.0,1.0,95.0,event
11:26:11.827,1.043139,0.1980711,0.93043804,1.0186048,0.9007033,0.025600031,0.45979702,1.0620517,0.96199,0.1334126,0.41848785,0.6707001,0.8128262,0.08168458,-0.16463774,0.659461,0.32423326,-0.44159782,-0.59538,0.0020752505,640.65936,788.5348,738.1685,802.6374,684.57874,0.0611572265625,-0.02117919921875,0.98583984375,1.727142333984375,-3.2000732421875,-0.007476806640625,1.0,1.0,1.0,4.0,1.0,95.0,event
11:26:11.881,1.043139,0.1980711,0.93043804,1.0186048,0.9007033,0.025600031,0.45979702,1.0620517,0.96199,0.1334126,0.41848785,0.6707001,0.8128262,0.08168458,-0.16463774,0.659461,0.32423326,-0.44159782,-0.59538,0.0020752505,665.64105,788.1319,639.45056,815.12823,740.989,0.06402587890625,-0.01959228515625,0.9930419921875,2.325286865234375,-4.912261962890625,0.46356201171875,1.0,1.0,1.0,4.0,1.0,95.0,event
11:26:11.883,1.043139,0.1980711,0.93043804,1.0186048,0.9007033,0.025600031,0.45979702,1.0620517,0.96199,0.1334126,0.41848785,0.6707001,0.8128262,0.08168458,-0.16463774,0.659461,0.32423326,-0.44159782,-0.59538,0.0020752505,858.6447,790.9524,885.2381,830.4396,739.7802,0.06402587890625,-0.01959228515625,0.9930419921875,2.325286865234375,-4.912261962890625,0.46356201171875,1.0,1.0,1.0,4.0,1.0,95.0,event
11:26:11.885,1.043139,0.1980711,0.93043804,1.0186048,0.9007033,0.025600031,0.45979702,1.0620517,0.96199,0.1334126,0.41848785,0.6707001,0.8128262,0.08168458,-0.16463774,0.659461,0.32423326,-0.44159782,-0.59538,0.0020752505,968.6447,795.78754,1012.96704,832.0513,766.3736,0.06402587890625,-0.01959228515625,0.9930419921875,2.325286865234375,-4.912261962890625,0.46356201171875,1.0,1.0,1.0,4.0,1.0,95.0,event
11:26:11.887,1.043139,0.1980711,0.93043804,1.0186048,0.9007033,0.025600031,0.45979702,1.0620517,0.96199,0.1334126,0.41848785,0.6707001,0.8128262,0.08168458,-0.16463774,0.659461,0.32423326,-0.44159782,-0.59538,0.0020752505,828.022,801.4286,761.13556,817.5458,778.46155,0.06402587890625,-0.01959228515625,0.9930419921875,2.325286865234375,-4.912261962890625,0.46356201171875,1.0,1.0,1.0,4.0,1.0,95.0,event
11:26:11.889,1.043139,0.1980711,0.93043804,1.0186048,0.9007033,0.025600031,0.45979702,1.0620517,0.96199,0.1334126,0.41848785,0.6707001,0.8128262,0.08168458,-0.16463774,0.659461,0.32423326,-0.44159782,-0.59538,0.0020752505,638.6447,800.6227,524.21246,809.4872,778.86444,0.06402587890625,-0.01959228515625,0.9930419921875,2.325286865234375,-4.912261962890625,0.46356201171875,1.0,1.0,1.0,4.0,1.0,95.0,event
11:26:11.891,1.043139,0.1980711,0.93043804,1.0186048,0.9007033,0.025600031,0.45979702,1.0620517,0.96199,0.1334126,0.41848785,0.6707001,0.8128262,0.08168458,-0.16463774,0.659461,0.32423326,-0.44159782,-0.59538,0.0020752505,659.19415,801.4286,568.5348,825.6044,767.5824,0.06402587890625,-0.01959228515625,0.9930419921875,2.325286865234375,-4.912261962890625,0.46356201171875,1.0,1.0,1.0,4.0,1.0,95.0,event
11:26:11.892,1.043139,0.1980711,0.93043804,1.0186048,0.9007033,0.025600031,0.45979702,1.0620517,0.96199,0.1334126,0.41848785,0.6707001,0.8128262,0.08168458,-0.16463774,0.659461,0.32423326,-0.44159782,-0.59538,0.0020752505,843.3333,803.0403,644.68866,834.4689,802.23444,0.06402587890625,-0.01959228515625,0.9930419921875,2.325286865234375,-4.912261962890625,0.46356201171875,1.0,1.0,1.0,4.0,1.0,95.0,event
11:26:11.894,1.043139,0.1980711,0.93043804,1.0186048,0.9007033,0.025600031,0.45979702,1.0620517,0.96199,0.1334126,0.41848785,0.6707001,0.8128262,0.08168458,-0.16463774,0.659461,0.32423326,-0.44159782,-0.59538,0.0020752505,948.49817,798.60803,550.80585,846.55676,908.60803,0.06402587890625,-0.01959228515625,0.9930419921875,2.325286865234375,-4.912261962890625,0.46356201171875,1.0,1.0,1.0,4.0,1.0,95.0,event
11:26:11.895,1.043139,0.1980711,0.93043804,1.0186048,0.9007033,0.025600031,0.45979702,1.0620517,0.96199,0.1334126,0.41848785,0.6707001,0.8128262,0.08168458,-0.16463774,0.659461,0.32423326,-0.44159782,-0.59538,0.0020752505,830.0366,799.81683,205.89743,838.49817,1019.011,0.06402587890625,-0.01959228515625,0.9930419921875,2.325286865234375,-4.912261962890625,0.46356201171875,1.0,1.0,1.0,4.0,1.0,95.0,event
11:26:11.897,1.043139,0.1980711,0.93043804,1.0186048,0.9007033,0.025600031,0.45979702,1.0620517,0.96199,0.1334126,0.41848785,0.6707001,0.8128262,0.08168458,-0.16463774,0.659461,0.32423326,-0.44159782,-0.59538,0.0020752505,664.0293,803.8461,463.36996,815.12823,864.68866,0.06402587890625,-0.01959228515625,0.9930419921875,2.325286865234375,-4.912261962890625,0.46356201171875,1.0,1.0,1.0,4.0,1.0,95.0,event
11:26:11.899,1.043139,0.1980711,0.93043804,1.0186048,0.9007033,0.025600031,0.45979702,1.0620517,0.96199,0.1334126,0.41848785,0.6707001,0.8128262,0.08168458,-0.16463774,0.659461,0.32423326,-0.44159782,-0.59538,0.0020752505,655.16486,801.02563,740.18317,824.3956,712.7839,0.06402587890625,-0.01959228515625,0.9930419921875,2.325286865234375,-4.912261962890625,0.46356201171875,1.0,1.0,1.0,4.0,1.0,95.0,event
11:26:11.900,1.043139,0.1980711,0.93043804,1.0186048,0.9007033,0.025600031,0.45979702,1.0620517,0.96199,0.1334126,0.41848785,0.6707001,0.8128262,0.08168458,-0.16463774,0.659461,0.32423326,-0.44159782,-0.59538,0.0020752505,821.1722,801.4286,496.8132,848.1685,844.1392,0.06402587890625,-0.01959228515625,0.9930419921875,2.325286865234375,-4.912261962890625,0.46356201171875,1.0,1.0,1.0,4.0,1.0,95.0,event
11:26:11.901,1.043139,0.1980711,0.93043804,1.0186048,0.9007033,0.025600031,0.45979702,1.0620517,0.96199,0.1334126,0.41848785,0.6707001,0.8128262,0.08168458,-0.16463774,0.659461,0.32423326,-0.44159782,-0.59538,0.0020752505,973.47986,803.44324,612.4542,856.2271,907.3993,0.071044921875,-0.01947021484375,0.98040771484375,2.444915771484375,-3.641204833984375,-0.381317138671875,1.0,1.0,1.0,4.0,1.0,95.0,event
11:26:11.902,1.043139,0.1980711,0.93043804,1.0186048,0.9007033,0.025600031,0.45979702,1.0620517,0.96199,0.1334126,0.41848785,0.6707001,0.8128262,0.08168458,-0.16463774,0.659461,0.32423326,-0.44159782,-0.59538,0.0020752505,888.86444,800.6227,867.9121,834.0659,711.978,0.071044921875,-0.01947021484375,0.98040771484375,2.444915771484375,-3.641204833984375,-0.381317138671875,1.0,1.0,1.0,4.0,1.0,95.0,event
11:26:11.903,1.043139,0.1980711,0.93043804,1.0186048,0.9007033,0.025600031,0.45979702,1.0620517,0.96199,0.1334126,0.41848785,0.6707001,0.8128262,0.08168458,-0.16463774,0.659461,0.32423326,-0.44159782,-0.59538,0.0020752505,697.0696,793.36993,782.49084,824.7985,686.5934,0.071044921875,-0.01947021484375,0.98040771484375,2.444915771484375,-3.641204833984375,-0.381317138671875,1.0,1.0,1.0,4.0,1.0,95.0,event
11:26:11.904,1.043139,0.1980711,0.93043804,1.0186048,0.9007033,0.025600031,0.45979702,1.0620517,0.96199,0.1334126,0.41848785,0.6707001,0.8128262,0.08168458,-0.16463774,0.659461,0.32423326,-0.44159782,-0.59538,0.0020752505,647.9121,793.36993,731.31866,831.2454,809.4872,0.071044921875,-0.01947021484375,0.98040771484375,2.444915771484375,-3.641204833984375,-0.381317138671875,1.0,1.0,1.0,4.0,1.0,95.0,event
11:26:11.904,1.043139,0.1980711,0.93043804,1.0186048,0.9007033,0.025600031,0.45979702,1.0620517,0.96199,0.1334126,0.41848785,0.6707001,0.8128262,0.08168458,-0.16463774,0.659461,0.32423326,-0.44159782,-0.59538,0.0020752505,804.2491,799.41394,829.6337,849.7802,805.4579,0.071044921875,-0.01947021484375,0.98040771484375,2.444915771484375,-3.641204833984375,-0.381317138671875,1.0,1.0,1.0,4.0,1.0,95.0,event
11:26:11.905,1.043139,0.1980711,0.93043804,1.0186048,0.9007033,0.025600031,0.45979702,1.0620517,0.96199,0.1334126,0.41848785,0.6707001,0.8128262,0.08168458,-0.16463774,0.659461,0.32423326,-0.44159782,-0.59538,0.0020752505,974.68866,797.8022,777.25275,862.27106,866.7033,0.071044921875,-0.01947021484375,0.98040771484375,2.444915771484375,-3.641204833984375,-0.381317138671875,1.0,1.0,1.0,4.0,1.0,95.0,event
11:26:11.906,1.043139,0.1980711,0.93043804,1.0186048,0.9007033,0.025600031,0.45979702,1.0620517,0.96199,0.1334126,0.41848785,0.6707001,0.8128262,0.08168458,-0.16463774,0.659461,0.32423326,-0.44159782,-0.59538,0.0020752505,915.8608,793.36993,650.7326,841.7216,868.71796,0.071044921875,-0.01947021484375,0.98040771484375,2.444915771484375,-3.641204833984375,-0.381317138671875,1.0,1.0,1.0,4.0,1.0,95.0,event
11:26:11.907,1.043139,0.1980711,0.93043804,1.0186048,0.9007033,0.025600031,0.45979702,1.0620517,0.96199,0.1334126,0.41848785,0.6707001,0.8128262,0.08168458,-0.16463774,0.659461,0.32423326,-0.44159782,-0.59538,0.0020752505,636.2271,797.8022,224.83516,829.2308,899.7436,0.071044921875,-0.01947021484375,0.98040771484375,2.444915771484375,-3.641204833984375,-0.381317138671875,1.0,1.0,1.0,4.0,1.0,95.0,event
11:26:11.907,1.043139,0.1980711,0.93043804,1.0186048,0.9007033,0.025600031,0.45979702,1.0620517,0.96199,0.1334126,0.41848785,0.6707001,0.8128262,0.08168458,-0.16463774,0.659461,0.32423326,-0.44159782,-0.59538,0.0020752505,697.8755,794.57874,257.0696,823.5897,892.49084,0.071044921875,-0.01947021484375,0.98040771484375,2.444915771484375,-3.641204833984375,-0.381317138671875,1.0,1.0,1.0,4.0,1.0,95.0,event
11:26:11.908,1.043139,0.1980711,0.93043804,1.0186048,0.9007033,0.025600031,0.45979702,1.0620517,0.96199,0.1334126,0.41848785,0.6707001,0.8128262,0.08168458,-0.16463774,0.659461,0.32423326,-0.44159782,-0.59538,0.0020752505,793.36993,790.9524,865.4945,854.61536,700.696,0.071044921875,-0.01947021484375,0.98040771484375,2.444915771484375,-3.641204833984375,-0.381317138671875,1.0,1.0,1.0,4.0,1.0,95.0,event
11:26:11.909,1.043139,0.1980711,0.93043804,1.0186048,0.9007033,0.025600031,0.45979702,1.0620517,0.96199,0.1334126,0.41848785,0.6707001,0.8128262,0.08168458,-0.16463774,0.659461,0.32423326,-0.44159782,-0.59538,0.0020752505,961.39197,792.5641,944.87177,857.4359,707.9487,0.071044921875,-0.01947021484375,0.98040771484375,2.444915771484375,-3.641204833984375,-0.381317138671875,1.0,1.0,1.0,4.0,1.0,95.0,event
11:26:11.910,1.043139,0.2551292,0.93043804,1.0186048,0.9007033,0.09280326,0.45979702,1.0620517,0.96199,0.1334126,0.41848785,0.6707001,0.8128262,0.11379126,-0.16463774,0.659461,0.32423326,-0.41838935,-0.59538,0.0020752505,914.2491,804.2491,740.18317,818.3516,745.0183,0.071044921875,-0.01947021484375,0.98040771484375,2.444915771484375,-3.641204833984375,-0.381317138671875,1.0,1.0,1.0,4.0,1.0,95.0,event
11:26:11.951,1.043139,0.2551292,0.93043804,1.0186048,0.9007033,0.09280326,0.45979702,1.0620517,0.96199,0.1334126,0.41848785,0.6707001,0.8128262,0.11379126,-0.16463774,0.659461,0.32423326,-0.41838935,-0.59538,0.0020752505,725.6777,803.8461,752.27106,796.99634,716.4103,0.062744140625,-0.0191650390625,0.98974609375,1.532745361328125,-3.043060302734375,0.007476806640625,1.0,1.0,1.0,4.0,1.0,95.0,event
11:26:11.952,1.043139,0.2551292,0.93043804,1.0186048,0.9007033,0.09280326,0.45979702,1.0620517,0.96199,0.1334126,0.41848785,0.6707001,0.8128262,0.11379126,-0.16463774,0.659461,0.32423326,-0.41838935,-0.59538,0.0020752505,656.77655,802.6374,713.9927,801.4286,772.8205,0.062744140625,-0.0191650390625,0.98974609375,1.532745361328125,-3.043060302734375,0.007476806640625,1.0,1.0,1.0,4.0,1.0,95.0,event
11:26:11.953,1.043139,0.2551292,0.93043804,1.0186048,0.9007033,0.09280326,0.45979702,1.0620517,0.96199,0.1334126,0.41848785,0.6707001,0.8128262,0.11379126,-0.16463774,0.659461,0.32423326,-0.41838935,-0.59538,0.0020752505,748.6447,800.6227,600.3663,815.12823,842.52747,0.062744140625,-0.0191650390625,0.98974609375,1.532745361328125,-3.043060302734375,0.007476806640625,1.0,1.0,1.0,4.0,1.0,95.0,event
11:26:11.954,1.043139,0.2551292,0.93043804,1.0186048,0.9007033,0.09280326,0.45979702,1.0620517,0.96199,0.1334126,0.41848785,0.6707001,0.8128262,0.11379126,-0.16463774,0.659461,0.32423326,-0.41838935,-0.59538,0.0020752505,925.12823,801.4286,637.4359,838.49817,875.56775,0.062744140625,-0.0191650390625,0.98974609375,1.532745361328125,-3.043060302734375,0.007476806640625,1.0,1.0,1.0,4.0,1.0,95.0,event
11:26:11.954,1.043139,0.2551292,0.93043804,1.0186048,0.9007033,0.09280326,0.45979702,1.0620517,0.96199,0.1334126,0.41848785,0.6707001,0.8128262,0.11379126,-0.16463774,0.659461,0.32423326,-0.41838935,-0.59538,0.0020752505,948.49817,804.65204,805.8608,833.2601,799.011,0.062744140625,-0.0191650390625,0.98974609375,1.532745361328125,-3.043060302734375,0.007476806640625,1.0,1.0,1.0,4.0,1.0,95.0,event
11:26:11.955,1.043139,0.2551292,0.93043804,1.0186048,0.9007033,0.09280326,0.45979702,1.0620517,0.96199,0.1334126,0.41848785,0.6707001,0.8128262,0.11379126,-0.16463774,0.659461,0.32423326,-0.41838935,-0.59538,0.0020752505,614.87177,796.5934,442.82053,811.9048,834.4689,0.062744140625,-0.0191650390625,0.98974609375,1.532745361328125,-3.043060302734375,0.007476806640625,1.0,1.0,1.0,4.0,1.0,95.0,event
11:26:11.955,1.043139,0.2551292,0.93043804,1.0186048,0.9007033,0.09280326,0.45979702,1.0620517,0.96199,0.1334126,0.41848785,0.6707001,0.8128262,0.11379126,-0.16463774,0.659461,0.32423326,-0.41838935,-0.59538,0.0020752505,738.97437,800.6227,663.6264,808.68134,755.89746,0.062744140625,-0.0191650390625,0.98974609375,1.532745361328125,-3.043060302734375,0.007476806640625,1.0,1.0,1.0,4.0,1.0,95.0,event
11:26:11.956,1.043139,0.2551292,0.93043804,1.0186048,0.9007033,0.09280326,0.45979702,1.0620517,0.96199,0.1334126,0.41848785,0.6707001,0.8128262,0.11379126,-0.16463774,0.659461,0.32423326,-0.41838935,-0.59538,0.0020752505,713.1868,801.8315,150.29305,832.8571,1030.6959,0.062744140625,-0.0191650390625,0.98974609375,1.532745361328125,-3.043060302734375,0.007476806640625,1.0,1.0,1.0,4.0,1.0,95.0,event
11:26:11.957,1.043139,0.2551292,0.93043804,1.0186048,0.9007033,0.09280326,0.45979702,1.0620517,0.96199,0.1334126,0.41848785,0.6707001,0.8128262,0.11379126,-0.16463774,0.659461,0.32423326,-0.41838935,-0.59538,0.0020752505,959.3773,805.8608,1012.96704,830.0366,711.5751,0.062744140625,-0.0191650390625,0.98974609375,1.532745361328125,-3.043060302734375,0.007476806640625,1.0,1.0,1.0,4.0,1.0,95.0,event
11:26:11.957,1.043139,0.2551292,0.93043804,1.0186048,0.9007033,0.09280326,0.45979702,1.0620517,0.96199,0.1334126,0.41848785,0.6707001,0.8128262,0.11379126,-0.16463774,0.659461,0.32423326,-0.41838935,-0.59538,0.0020752505,911.8315,808.2784,485.93405,840.5128,915.05493,0.062744140625,-0.0191650390625,0.98974609375,1.532745361328125,-3.043060302734375,0.007476806640625,1.0,1.0,1.0,4.0,1.0,95.0,event
11:26:11.958,1.043139,0.2551292,0.93043804,1.0186048,0.9007033,0.09280326,0.45979702,1.0620517,0.96199,0.1334126,0.41848785,0.6707001,0.8128262,0.11379126,-0.16463774,0.659461,0.32423326,-0.41838935,-0.59538,0.0020752505,765.16486,803.44324,701.9048,811.9048,756.7033,0.062744140625,-0.0191650390625,0.98974609375,1.532745361328125,-3.043060302734375,0.007476806640625,1.0,1.0,1.0,4.0,1.0,95.0,event
11:26:11.959,1.043139,0.2551292,0.93043804,1.0186048,0.9007033,0.09280326,0.45979702,1.0620517,0.96199,0.1334126,0.41848785,0.6707001,0.8128262,0.11379126,-0.16463774,0.659461,0.32423326,-0.41838935,-0.59538,0.0020752505,631.79486,797.8022,621.31866,813.91943,744.21246,0.062744140625,-0.0191650390625,0.98974609375,1.532745361328125,-3.043060302734375,0.007476806640625,1.0,1.0,1.0,4.0,1.0,95.0,event
11:26:11.988,1.043139,0.2551292,0.93043804,1.0186048,0.9007033,0.09280326,0.45979702,1.0620517,0.96199,0.1334126,0.41848785,0.6707001,0.8128262,0.11379126,-0.16463774,0.659461,0.32423326,-0.41838935,-0.59538,0.0020752505,706.337,798.60803,914.65204,826.4103,670.07324,0.062744140625,-0.0191650390625,0.98974609375,1.532745361328125,-3.043060302734375,0.007476806640625,1.0,1.0,1.0,4.0,1.0,95.0,event
11:26:11.989,1.043139,0.2551292,0.93043804,1.0186048,0.9007033,0.09280326,0.45979702,1.0620517,0.96199,0.1334126,0.41848785,0.6707001,0.8128262,0.11379126,-0.16463774,0.659461,0.32423326,-0.41838935,-0.59538,0.0020752505,888.86444,802.6374,1006.1172,840.10986,718.4249,0.062744140625,-0.0191650390625,0.98974609375,1.532745361328125,-3.043060302734375,0.007476806640625,1.0,1.0,1.0,4.0,1.0,95.0,event
11:26:11.990,1.043139,0.2551292,0.93043804,1.0186048,0.9007033,0.09280326,0.45979702,1.0620517,0.96199,0.1334126,0.41848785,0.6707001,0.8128262,0.11379126,-0.16463774,0.659461,0.32423326,-0.41838935,-0.59538,0.0020752505,970.65936,805.4579,842.1245,844.5421,805.8608,0.062744140625,-0.0191650390625,0.98974609375,1.532745361328125,-3.043060302734375,0.007476806640625,1.0,1.0,1.0,4.0,1.0,95.0,event
11:26:11.991,1.043139,0.2551292,0.93043804,1.0186048,0.9007033,0.09280326,0.45979702,1.0620517,0.96199,0.1334126,0.41848785,0.6707001,0.8128262,0.11379126,-0.16463774,0.659461,0.32423326,-0.41838935,-0.59538,0.0020752505,805.05493,808.68134,751.06226,818.3516,808.68134,0.062744140625,-0.0191650390625,0.98974609375,1.532745361328125,-3.043060302734375,0.007476806640625,1.0,1.0,1.0,4.0,1.0,95.0,event
11:26:11.992,1.043139,0.2551292,0.93043804,1.0186048,0.9007033,0.09280326,0.45979702,1.0620517,0.96199,0.1334126,0.41848785,0.6707001,0.8128262,0.11379126,-0.16463774,0.659461,0.32423326,-0.41838935,-0.59538,0.0020752505,641.4652,799.011,737.3626,803.0403,844.5421,0.062744140625,-0.0191650390625,0.98974609375,1.532745361328125,-3.043060302734375,0.007476806640625,1.0,1.0,1.0,4.0,1.0,95.0,event
11:26:11.992,1.043139,0.2551292,0.93043804,1.0186048,0.9007033,0.09280326,0.45979702,1.0620517,0.96199,0.1334126,0.41848785,0.6707001,0.8128262,0.11379126,-0.16463774,0.659461,0.32423326,-0.41838935,-0.59538,0.0020752505,688.60803,798.20514,735.7509,806.6667,863.8828,0.062744140625,-0.0191650390625,0.98974609375,1.532745361328125,-3.043060302734375,0.007476806640625,1.0,1.0,1.0,4.0,1.0,95.0,event
11:26:11.993,1.043139,0.2551292,0.93043804,1.0186048,0.9007033,0.09280326,0.45979702,1.0620517,0.96199,0.1334126,0.41848785,0.6707001,0.8128262,0.11379126,-0.16463774,0.659461,0.32423326,-0.41838935,-0.59538,0.0020752505,853.8095,801.02563,449.2674,830.0366,998.0586,0.062744140625,-0.0191650390625,0.98974609375,1.532745361328125,-3.043060302734375,0.007476806640625,1.0,1.0,1.0,4.0,1.0,95.0,event
11:26:11.993,1.043139,0.2551292,0.93043804,1.0186048,0.9007033,0.09280326,0.45979702,1.0620517,0.96199,0.1334126,0.41848785,0.6707001,0.8128262,0.11379126,-0.16463774,0.659461,0.32423326,-0.41838935,-0.59538,0.0020752505,940.4396,805.8608,118.86447,837.6923,1080.2565,0.062744140625,-0.0191650390625,0.98974609375,1.532745361328125,-3.043060302734375,0.007476806640625,1.0,1.0,1.0,4.0,1.0,95.0,event
11:26:11.994,1.043139,0.2551292,0.93043804,1.0186048,0.9007033,0.09280326,0.45979702,1.0620517,0.96199,0.1334126,0.41848785,0.6707001,0.8128262,0.11379126,-0.16463774,0.659461,0.32423326,-0.41838935,-0.59538,0.0020752505,830.0366,809.0842,618.9011,817.5458,845.7509,0.062744140625,-0.0191650390625,0.98974609375,1.532745361328125,-3.043060302734375,0.007476806640625,1.0,1.0,1.0,4.0,1.0,95.0,event
11:26:11.995,1.043139,0.2551292,0.93043804,1.0186048,0.9007033,0.09280326,0.45979702,1.0620517,0.96199,0.1334126,0.41848785,0.6707001,0.8128262,0.11379126,-0.16463774,0.659461,0.32423326,-0.41838935,-0.59538,0.0020752505,662.4176,801.02563,830.84247,800.6227,771.6117,0.062744140625,-0.0191650390625,0.98974609375,1.532745361328125,-3.043060302734375,0.007476806640625,1.0,1.0,1.0,4.0,1.0,95.0,event
11:26:11.995,1.043139,0.2551292,0.93043804,1.0186048,0.9007033,0.09280326,0.45979702,1.0620517,0.96199,0.1334126,0.41848785,0.6707001,0.8128262,0.11379126,-0.16463774,0.659461,0.32423326,-0.41838935,-0.59538,0.0020752505,666.4469,801.4286,755.09155,798.20514,786.1172,0.062744140625,-0.0191650390625,0.98974609375,1.532745361328125,-3.043060302734375,0.007476806640625,1.0,1.0,1.0,4.0,1.0,95.0,event
11:26:11.996,1.043139,0.2551292,0.93043804,1.0186048,0.9007033,0.09280326,0.45979702,1.0620517,0.96199,0.1334126,0.41848785,0.6707001,0.8128262,0.11379126,-0.16463774,0.659461,0.32423326,-0.41838935,-0.59538,0.0020752505,854.21246,801.8315,904.17584,821.1722,722.0513,0.062744140625,-0.0191650390625,0.98974609375,1.532745361328125,-3.043060302734375,0.007476806640625,1.0,1.0,1.0,4.0,1.0,95.0,event
11:26:12.029,1.043139,0.2551292,0.93043804,1.0186048,0.9007033,0.09280326,0.45979702,1.0620517,0.96199,0.1334126,0.41848785,0.6707001,0.8128262,0.11379126,-0.16463774,0.659461,0.32423326,-0.41838935,-0.59538,0.0020752505,970.2564,799.41394,991.2088,831.2454,682.1612,0.05755615234375,-0.02337646484375,0.9786376953125,1.861724853515625,-3.0206298828125,-0.1495361328125,1.0,1.0,1.0,4.0,1.0,95.0,event
11:26:12.030,1.043139,0.2551292,0.93043804,1.0186048,0.9007033,0.09280326,0.45979702,1.0620517,0.96199,0.1334126,0.41848785,0.6707001,0.8128262,0.11379126,-0.16463774,0.659461,0.32423326,-0.41838935,-0.59538,0.0020752505,853.00366,797.8022,780.07324,806.26373,726.4835,0.05755615234375,-0.02337646484375,0.9786376953125,1.861724853515625,-3.0206298828125,-0.1495361328125,1.0,1.0,1.0,4.0,1.0,95.0,event
11:26:12.033,1.043139,0.2551292,0.93043804,1.0186048,0.9007033,0.09280326,0.45979702,1.0620517,0.96199,0.1334126,0.41848785,0.6707001,0.8128262,0.11379126,-0.16463774,0.659461,0.32423326,-0.41838935,-0.59538,0.0020752505,658.3883,797.3993,606.8132,790.54944,771.2088,0.05755615234375,-0.02337646484375,0.9786376953125,1.861724853515625,-3.0206298828125,-0.1495361328125,1.0,1.0,1.0,4.0,1.0,95.0,event
11:26:12.034,1.043139,0.2551292,0.93043804,1.0186048,0.9007033,0.09280326,0.45979702,1.0620517,0.96199,0.1334126,0.41848785,0.6707001,0.8128262,0.11379126,-0.16463774,0.659461,0.32423326,-0.41838935,-0.59538,0.0020752505,653.1502,799.81683,842.9304,798.60803,752.27106,0.05755615234375,-0.02337646484375,0.9786376953125,1.861724853515625,-3.0206298828125,-0.1495361328125,1.0,1.0,1.0,4.0,1.0,95.0,event
11:26:12.035,1.043139,0.2551292,0.93043804,1.0186048,0.9007033,0.09280326,0.45979702,1.0620517,0.96199,0.1334126,0.41848785,0.6707001,0.8128262,0.11379126,-0.16463774,0.659461,0.32423326,-0.41838935,-0.59538,0.0020752505,820.3663,801.8315,1017.3993,809.4872,758.71796,0.05755615234375,-0.02337646484375,0.9786376953125,1.861724853515625,-3.0206298828125,-0.1495361328125,1.0,1.0,1.0,4.0,1.0,95.0,event
11:26:12.035,1.043139,0.2551292,0.93043804,1.0186048,0.9007033,0.09280326,0.45979702,1.0620517,0.96199,0.1334126,0.41848785,0.6707001,0.8128262,0.11379126,-0.16463774,0.659461,0.32423326,-0.41838935,-0.59538,0.0020752505,938.022,798.20514,739.3773,815.5311,857.03296,0.05755615234375,-0.02337646484375,0.9786376953125,1.861724853515625,-3.0206298828125,-0.1495361328125,1.0,1.0,1.0,4.0,1.0,95.0,event
11:26:12.036,1.043139,0.2551292,0.93043804,1.0186048,0.9007033,0.09280326,0.45979702,1.0620517,0.96199,0.1334126,0.41848785,0.6707001,0.8128262,0.11379126,-0.16463774,0.659461,0.32423326,-0.41838935,-0.59538,0.0020752505,838.9011,801.02563,288.9011,808.2784,999.67035,0.05755615234375,-0.02337646484375,0.9786376953125,1.861724853515625,-3.0206298828125,-0.1495361328125,1.0,1.0,1.0,4.0,1.0,95.0,event
11:26:12.037,1.043139,0.2551292,0.93043804,1.0186048,0.9007033,0.09280326,0.45979702,1.0620517,0.96199,0.1334126,0.41848785,0.6707001,0.8128262,0.11379126,-0.16463774,0.659461,0.32423326,-0.41838935,-0.59538,0.0020752505,656.3736,806.26373,405.75092,794.17584,921.0989,0.05755615234375,-0.02337646484375,0.9786376953125,1.861724853515625,-3.0206298828125,-0.1495361328125,1.0,1.0,1.0,4.0,1.0,95.0,event
11:26:12.038,1.043139,0.2551292,0.93043804,1.0186048,0.9007033,0.09280326,0.45979702,1.0620517,0.96199,0.1334126,0.41848785,0.6707001,0.8128262,0.11379126,-0.16463774,0.659461,0.32423326,-0.41838935,-0.59538,0.0020752505,787.72894,801.02563,782.0879,819.15753,909.011,0.05755615234375,-0.02337646484375,0.9786376953125,1.861724853515625,-3.0206298828125,-0.1495361328125,1.0,1.0,1.0,4.0,1.0,95.0,event
11:26:12.038,1.043139,0.2551292,0.93043804,1.0186048,0.9007033,0.09280326,0.45979702,1.0620517,0.96199,0.1334126,0.41848785,0.6707001,0.8128262,0.11379126,-0.16463774,0.659461,0.32423326,-0.41838935,-0.59538,0.0020752505,633.8095,803.44324,823.1868,801.8315,808.68134,0.05755615234375,-0.02337646484375,0.9786376953125,1.861724853515625,-3.0206298828125,-0.1495361328125,1.0,1.0,1.0,4.0,1.0,95.0,event
11:26:12.039,1.043139,0.2551292,0.93043804,1.0186048,0.9007033,0.09280326,0.45979702,1.0620517,0.96199,0.1334126,0.41848785,0.6707001,0.8128262,0.11379126,-0.16463774,0.659461,0.32423326,-0.41838935,-0.59538,0.0020752505,944.4689,801.8315,552.01465,822.7839,962.6007,0.05755615234375,-0.02337646484375,0.9786376953125,1.861724853515625,-3.0206298828125,-0.1495361328125,1.0,1.0,1.0,4.0,1.0,95.0,event
11:26:12.040,1.043139,0.2551292,0.93043804,1.0186048,0.9007033,0.09280326,0.45979702,1.0620517,0.96199,0.1334126,0.41848785,0.6707001,0.8128262,0.11379126,-0.16463774,0.659461,0.32423326,-0.41838935,-0.59538,0.0020752505,896.9231,808.2784,816.7399,812.71063,795.38464,0.05755615234375,-0.02337646484375,0.9786376953125,1.861724853515625,-3.0206298828125,-0.1495361328125,1.0,1.0,1.0,4.0,1.0,95.0,event
11:26:12.062,1.043139,0.2551292,0.93043804,1.0186048,0.9007033,0.09280326,0.45979702,1.0620517,0.96199,0.1334126,0.41848785,0.6707001,0.8128262,0.11379126,-0.16463774,0.659461,0.32423326,-0.41838935,-0.59538,0.0020752505,689.41394,808.68134,840.10986,796.99634,712.381,0.054443359375,-0.019775390625,0.98956298828125,2.0037841796875,-3.06549072265625,0.01495361328125,1.0,1.0,1.0,4.0,1.0,95.0,event
11:26:12.063,1.043139,0.2551292,0.93043804,1.0186048,0.9007033,0.09280326,0.45979702,1.0620517,0.96199,0.1334126,0.41848785,0.6707001,0.8128262,0.11379126,-0.16463774,0.659461,0.32423326,-0.41838935,-0.59538,0.0020752505,615.6777,802.6374,715.2015,794.9817,746.63007,0.054443359375,-0.019775390625,0.98956298828125,2.0037841796875,-3.06549072265625,0.01495361328125,1.0,1.0,1.0,4.0,1.0,95.0,event
11:26:12.064,1.043139,0.2551292,0.93043804,1.0186048,0.9007033,0.09280326,0.45979702,1.0620517,0.96199,0.1334126,0.41848785,0.6707001,0.8128262,0.11379126,-0.16463774,0.659461,0.32423326,-0.41838935,-0.59538,0.0020752505,759.5238,800.6227,789.7436,809.0842,755.89746,0.054443359375,-0.019775390625,0.98956298828125,2.0037841796875,-3.06549072265625,0.01495361328125,1.0,1.0,1.0,4.0,1.0,95.0,event
11:26:12.065,1.043139,0.2551292,0.93043804,1.0186048,0.9007033,0.09280326,0.45979702,1.0620517,0.96199,0.1334126,0.41848785,0.6707001,0.8128262,0.11379126,-0.16463774,0.659461,0.32423326,-0.41838935,-0.59538,0.0020752505,950.5128,801.4286,956.9597,819.9634,701.9048,0.054443359375,-0.019775390625,0.98956298828125,2.0037841796875,-3.06549072265625,0.01495361328125,1.0,1.0,1.0,4.0,1.0,95.0,event
11:26:12.065,1.043139,0.2551292,0.93043804,1.0186048,0.9007033,0.09280326,0.45979702,1.0620517,0.96199,0.1334126,0.41848785,0.6707001,0.8128262,0.11379126,-0.16463774,0.659461,0.32423326,-0.41838935,-0.59538,0.0020752505,897.72894,806.26373,865.89746,813.1135,763.1502,0.054443359375,-0.019775390625,0.98956298828125,2.0037841796875,-3.06549072265625,0.01495361328125,1.0,1.0,1.0,4.0,1.0,95.0,event
11:26:12.066,1.043139,0.2551292,0.93043804,1.0186048,0.9007033,0.09280326,0.45979702,1.0620517,0.96199,0.1334126,0.41848785,0.6707001,0.8128262,0.11379126,-0.16463774,0.659461,0.32423326,-0.41838935,-0.59538,0.0020752505,672.0879,811.0989,483.9194,798.20514,857.8388,0.054443359375,-0.019775390625,0.98956298828125,2.0037841796875,-3.06549072265625,0.01495361328125,1.0,1.0,1.0,4.0,1.0,95.0,event
11:26:12.067,1.043139,0.2551292,0.93043804,1.0186048,0.9007033,0.09280326,0.45979702,1.0620517,0.96199,0.1334126,0.41848785,0.6707001,0.8128262,0.11379126,-0.16463774,0.659461,0.32423326,-0.41838935,-0.59538,0.0020752505,619.707,806.6667,366.66666,795.78754,765.16486,0.054443359375,-0.019775390625,0.98956298828125,2.0037841796875,-3.06549072265625,0.01495361328125,1.0,1.0,1.0,4.0,1.0,95.0,event
11:26:12.068,1.043139,0.2551292,0.93043804,1.0186048,0.9007033,0.09280326,0.45979702,1.0620517,0.96199,0.1334126,0.41848785,0.6707001,0.8128262,0.11379126,-0.16463774,0.659461,0.32423326,-0.41838935,-0.59538,0.0020752505,920.293,805.05493,976.30035,818.3516,735.7509,0.054443359375,-0.019775390625,0.98956298828125,2.0037841796875,-3.06549072265625,0.01495361328125,1.0,1.0,1.0,4.0,1.0,95.0,event
11:26:12.068,1.043139,0.2551292,0.93043804,1.0186048,0.9007033,0.09280326,0.45979702,1.0620517,0.96199,0.1334126,0.41848785,0.6707001,0.8128262,0.11379126,-0.16463774,0.659461,0.32423326,-0.41838935,-0.59538,0.0020752505,740.989,804.65204,687.3993,805.05493,696.26373,0.054443359375,-0.019775390625,0.98956298828125,2.0037841796875,-3.06549072265625,0.01495361328125,1.0,1.0,1.0,4.0,1.0,95.0,event
11:26:12.069,1.043139,0.2551292,0.93043804,1.0186048,0.9007033,0.09280326,0.45979702,1.0620517,0.96199,0.1334126,0.41848785,0.6707001,0.8128262,0.11379126,-0.16463774,0.659461,0.32423326,-0.41838935,-0.59538,0.0020752505,905.38464,804.65204,516.1539,823.5897,947.6923,0.054443359375,-0.019775390625,0.98956298828125,2.0037841796875,-3.06549072265625,0.01495361328125,1.0,1.0,1.0,4.0,1.0,95.0,event
11:26:12.070,1.043139,0.2551292,0.93043804,1.0186048,0.9007033,0.09280326,0.45979702,1.0620517,0.96199,0.1334126,0.41848785,0.6707001,0.8128262,0.11379126,-0.16463774,0.659461,0.32423326,-0.41838935,-0.59538,0.0020752505,703.1135,806.6667,239.74359,805.4579,967.03296,0.054443359375,-0.019775390625,0.98956298828125,2.0037841796875,-3.06549072265625,0.01495361328125,1.0,1.0,1.0,4.0,1.0,95.0,event
11:26:12.070,1.043139,0.2551292,0.93043804,1.0186048,0.9007033,0.09280326,0.45979702,1.0620517,0.96199,0.1334126,0.41848785,0.6707001,0.8128262,0.11379126,-0.16463774,0.659461,0.32423326,-0.41838935,-0.59538,0.0020752505,617.6923,808.2784,681.3553,807.47253,780.87915,0.054443359375,-0.019775390625,0.98956298828125,2.0037841796875,-3.06549072265625,0.01495361328125,1.0,1.0,1.0,4.0,1.0,95.0,event
11:26:12.097,1.043139,0.2551292,0.93043804,1.0186048,0.9007033,0.09280326,0.45979702,1.0620517,0.96199,0.1334126,0.41848785,0.6707001,0.8128262,0.11379126,-0.16463774,0.659461,0.32423326,-0.41838935,-0.59538,0.0020752505,710.3663,805.8608,821.1722,830.4396,746.2271,0.06634521484375,-0.02667236328125,0.98297119140625,1.024322509765625,-3.5589599609375,0.052337646484375,1.0,1.0,1.0,4.0,1.0,95.0,event
11:26:12.098,1.043139,0.2551292,0.93043804,1.0186048,0.9007033,0.09280326,0.45979702,1.0620517,0.96199,0.1334126,0.41848785,0.6707001,0.8128262,0.11379126,-0.16463774,0.659461,0.32423326,-0.41838935,-0.59538,0.0020752505,898.1319,805.8608,671.685,842.1245,814.3223,0.06634521484375,-0.02667236328125,0.98297119140625,1.024322509765625,-3.5589599609375,0.052337646484375,1.0,1.0,1.0,4.0,1.0,95.0,event
11:26:12.099,1.043139,0.2551292,0.93043804,1.0186048,0.9007033,0.09280326,0.45979702,1.0620517,0.96199,0.1334126,0.41848785,0.6707001,0.8128262,0.11379126,-0.16463774,0.659461,0.32423326,-0.41838935,-0.59538,0.0020752505,933.9927,811.0989,796.5934,825.6044,829.6337,0.06634521484375,-0.02667236328125,0.98297119140625,1.024322509765625,-3.5589599609375,0.052337646484375,1.0,1.0,1.0,4.0,1.0,95.0,event
11:26:12.100,1.043139,0.2551292,0.93043804,1.0186048,0.9007033,0.09280326,0.45979702,1.0620517,0.96199,0.1334126,0.41848785,0.6707001,0.8128262,0.11379126,-0.16463774,0.659461,0.32423326,-0.41838935,-0.59538,0.0020752505,748.6447,807.8755,867.50916,808.68134,729.304,0.06634521484375,-0.02667236328125,0.98297119140625,1.024322509765625,-3.5589599609375,0.052337646484375,1.0,1.0,1.0,4.0,1.0,95.0,event
11:26:12.103,1.043139,0.2551292,0.93043804,1.0186048,0.9007033,0.09280326,0.45979702,1.0620517,0.96199,0.1334126,0.41848785,0.6707001,0.8128262,0.11379126,-0.16463774,0.659461,0.32423326,-0.41838935,-0.59538,0.0020752505,628.97437,800.6227,756.7033,815.9341,788.1319,0.06634521484375,-0.02667236328125,0.98297119140625,1.024322509765625,-3.5589599609375,0.052337646484375,1.0,1.0,1.0,4.0,1.0,95.0,event
11:26:12.104,1.043139,0.2551292,0.93043804,1.0186048,0.9007033,0.09280326,0.45979702,1.0620517,0.96199,0.1334126,0.41848785,0.6707001,0.8128262,0.11379126,-0.16463774,0.659461,0.32423326,-0.41838935,-0.59538,0.0020752505,682.96704,803.44324,624.1392,819.5604,905.38464,0.06634521484375,-0.02667236328125,0.98297119140625,1.024322509765625,-3.5589599609375,0.052337646484375,1.0,1.0,1.0,4.0,1.0,95.0,event
11:26:12.105,1.043139,0.2551292,0.93043804,1.0186048,0.9007033,0.09280326,0.45979702,1.0620517,0.96199,0.1334126,0.41848785,0.6707001,0.8128262,0.11379126,-0.16463774,0.659461,0.32423326,-0.41838935,-0.59538,0.0020752505,867.9121,805.8608,632.1978,834.0659,888.0586,0.06634521484375,-0.02667236328125,0.98297119140625,1.024322509765625,-3.5589599609375,0.052337646484375,1.0,1.0,1.0,4.0,1.0,95.0,event
11:26:12.106,1.043139,0.2551292,0.93043804,1.0186048,0.9007033,0.09280326,0.45979702,1.0620517,0.96199,0.1334126,0.41848785,0.6707001,0.8128262,0.11379126,-0.16463774,0.659461,0.32423326,-0.41838935,-0.59538,0.0020752505,774.43225,807.47253,565.7143,814.7253,712.7839,0.06634521484375,-0.02667236328125,0.98297119140625,1.024322509765625,-3.5589599609375,0.052337646484375,1.0,1.0,1.0,4.0,1.0,95.0,event
11:26:12.106,1.043139,0.2551292,0.93043804,1.0186048,0.9007033,0.09280326,0.45979702,1.0620517,0.96199,0.1334126,0.41848785,0.6707001,0.8128262,0.11379126,-0.16463774,0.659461,0.32423326,-0.41838935,-0.59538,0.0020752505,956.1539,807.47253,803.0403,838.49817,730.9158,0.06634521484375,-0.02667236328125,0.98297119140625,1.024322509765625,-3.5589599609375,0.052337646484375,1.0,1.0,1.0,4.0,1.0,95.0,event
11:26:12.107,1.043139,0.2551292,0.93043804,1.0186048,0.9007033,0.09280326,0.45979702,1.0620517,0.96199,0.1334126,0.41848785,0.6707001,0.8128262,0.11379126,-0.16463774,0.659461,0.32423326,-0.41838935,-0.59538,0.0020752505,598.7546,801.02563,160.76923,812.71063,911.4286,0.06634521484375,-0.02667236328125,0.98297119140625,1.024322509765625,-3.5589599609375,0.052337646484375,1.0,1.0,1.0,4.0,1.0,95.0,event
11:26:12.108,1.043139,0.2551292,0.93043804,1.0186048,0.9007033,0.09280326,0.45979702,1.0620517,0.96199,0.1334126,0.41848785,0.6707001,0.8128262,0.11379126,-0.16463774,0.659461,0.32423326,-0.41838935,-0.59538,0.0020752505,674.5055,803.8461,570.54944,825.2015,839.707,0.06634521484375,-0.02667236328125,0.98297119140625,1.024322509765625,-3.5589599609375,0.052337646484375,1.0,1.0,1.0,4.0,1.0,95.0,event
11:26:12.109,1.043139,0.2551292,0.93043804,1.0186048,0.9007033,0.09280326,0.45979702,1.0620517,0.96199,0.1334126,0.41848785,0.6707001,0.8128262,0.11379126,-0.16463774,0.659461,0.32423326,-0.41838935,-0.59538,0.0020752505,892.0879,808.2784,895.31134,827.2161,728.9011,0.06634521484375,-0.02667236328125,0.98297119140625,1.024322509765625,-3.5589599609375,0.052337646484375,1.0,1.0,1.0,4.0,1.0,95.0,event
11:26:12.178,1.043139,0.2551292,0.93043804,1.0186048,0.9007033,0.09280326,0.45979702,1.0620517,0.96199,0.1334126,0.41848785,0.6707001,0.8128262,0.11379126,-0.16463774,0.659461,0.32423326,-0.41838935,-0.59538,0.0020752505,951.31866,801.8315,735.7509,827.2161,775.64105,0.0631103515625,-0.02825927734375,0.98828125,1.906585693359375,-2.056121826171875,0.0897216796875,1.0,1.0,1.0,4.0,1.0,95.0,event
11:26:12.180,1.043139,0.2551292,0.93043804,1.0186048,0.9007033,0.09280326,0.45979702,1.0620517,0.96199,0.1334126,0.41848785,0.6707001,0.8128262,0.11379126,-0.16463774,0.659461,0.32423326,-0.41838935,-0.59538,0.0020752505,782.8938,799.011,579.011,817.5458,823.5897,0.0631103515625,-0.02825927734375,0.98828125,1.906585693359375,-2.056121826171875,0.0897216796875,1.0,1.0,1.0,4.0,1.0,95.0,event
11:26:12.181,1.043139,0.2551292,0.93043804,1.0186048,0.9007033,0.09280326,0.45979702,1.0620517,0.96199,0.1334126,0.41848785,0.6707001,0.8128262,0.11379126,-0.16463774,0.659461,0.32423326,-0.41838935,-0.59538,0.0020752505,639.85345,802.6374,618.9011,806.6667,790.54944,0.0631103515625,-0.02825927734375,0.98828125,1.906585693359375,-2.056121826171875,0.0897216796875,1.0,1.0,1.0,4.0,1.0,95.0,event
11:26:12.183,1.043139,0.2551292,0.93043804,1.0186048,0.9007033,0.09280326,0.45979702,1.0620517,0.96199,0.1334126,0.41848785,0.6707001,0.8128262,0.11379126,-0.16463774,0.659461,0.32423326,-0.41838935,-0.59538,0.0020752505,680.54944,807.0696,835.6777,812.3077,666.8498,0.0631103515625,-0.02825927734375,0.98828125,1.906585693359375,-2.056121826171875,0.0897216796875,1.0,1.0,1.0,4.0,1.0,95.0,event
11:26:12.185,1.043139,0.2551292,0.93043804,1.0186048,0.9007033,0.09280326,0.45979702,1.0620517,0.96199,0.1334126,0.41848785,0.6707001,0.8128262,0.11379126,-0.16463774,0.659461,0.32423326,-0.41838935,-0.59538,0.0020752505,853.8095,805.4579,713.5897,829.6337,823.5897,0.0631103515625,-0.02825927734375,0.98828125,1.906585693359375,-2.056121826171875,0.0897216796875,1.0,1.0,1.0,4.0,1.0,95.0,event
11:26:12.187,1.043139,0.2551292,0.93043804,1.0186048,0.9007033,0.09280326,0.45979702,1.0620517,0.96199,0.1334126,0.41848785,0.6707001,0.8128262,0.11379126,-0.16463774,0.659461,0.32423326,-0.41838935,-0.59538,0.0020752505,950.5128,805.4579,512.9304,836.08057,953.3333,0.0631103515625,-0.02825927734375,0.98828125,1.906585693359375,-2.056121826171875,0.0897216796875,1.0,1.0,1.0,4.0,1.0,95.0,event
11:26:12.188,1.043139,0.2551292,0.93043804,1.0186048,0.9007033,0.09280326,0.45979702,1.0620517,0.96199,0.1334126,0.41848785,0.6707001,0.8128262,0.11379126,-0.16463774,0.659461,0.32423326,-0.41838935,-0.59538,0.0020752505,827.619,807.0696,539.92676,823.1868,825.6044,0.0631103515625,-0.02825927734375,0.98828125,1.906585693359375,-2.056121826171875,0.0897216796875,1.0,1.0,1.0,4.0,1.0,95.0,event
11:26:12.189,1.043139,0.2551292,0.93043804,1.0186048,0.9007033,0.09280326,0.45979702,1.0620517,0.96199,0.1334126,0.41848785,0.6707001,0.8128262,0.11379126,-0.16463774,0.659461,0.32423326,-0.41838935,-0.59538,0.0020752505,652.3443,804.65204,727.6923,811.9048,725.2747,0.0631103515625,-0.02825927734375,0.98828125,1.906585693359375,-2.056121826171875,0.0897216796875,1.0,1.0,1.0,4.0,1.0,95.0,event
11:26:12.189,1.043139,0.2551292,0.93043804,1.0186048,0.9007033,0.09280326,0.45979702,1.0620517,0.96199,0.1334126,0.41848785,0.6707001,0.8128262,0.11379126,-0.16463774,0.659461,0.32423326,-0.41838935,-0.59538,0.0020752505,640.65936,802.23444,440.80585,818.3516,831.6484,0.0631103515625,-0.02825927734375,0.98828125,1.906585693359375,-2.056121826171875,0.0897216796875,1.0,1.0,1.0,4.0,1.0,95.0,event
11:26:12.190,1.043139,0.2551292,0.93043804,1.0186048,0.9007033,0.09280326,0.45979702,1.0620517,0.96199,0.1334126,0.41848785,0.6707001,0.8128262,0.11379126,-0.16463774,0.659461,0.32423326,-0.41838935,-0.59538,0.0020752505,814.3223,803.44324,336.4469,840.10986,922.71063,0.0631103515625,-0.02825927734375,0.98828125,1.906585693359375,-2.056121826171875,0.0897216796875,1.0,1.0,1.0,4.0,1.0,95.0,event
11:26:12.191,1.043139,0.2551292,0.93043804,1.0186048,0.9007033,0.09280326,0.45979702,1.0620517,0.96199,0.1334126,0.41848785,0.6707001,0.8128262,0.11379126,-0.16463774,0.659461,0.32423326,-0.41838935,-0.59538,0.0020752505,974.68866,801.4286,950.9158,855.42126,730.10986,0.0631103515625,-0.02825927734375,0.98828125,1.906585693359375,-2.056121826171875,0.0897216796875,1.0,1.0,1.0,4.0,1.0,95.0,event
11:26:12.192,1.043139,0.2551292,0.93043804,1.0186048,0.9007033,0.09280326,0.45979702,1.0620517,0.96199,0.1334126,0.41848785,0.6707001,0.8128262,0.11379126,-0.16463774,0.659461,0.32423326,-0.41838935,-0.59538,0.0020752505,869.5238,801.8315,858.24176,819.15753,737.76556,0.0631103515625,-0.02825927734375,0.98828125,1.906585693359375,-2.056121826171875,0.0897216796875,1.0,1.0,1.0,4.0,1.0,95.0,event
11:26:12.218,1.043139,0.2551292,0.93043804,1.0186048,0.9007033,0.09280326,0.45979702,1.0620517,0.96199,0.1334126,0.41848785,0.6707001,0.8128262,0.11379126,-0.16463774,0.659461,0.32423326,-0.41838935,-0.59538,0.0020752505,655.16486,803.44324,672.0879,792.5641,796.5934,0.0631103515625,-0.02825927734375,0.98828125,1.906585693359375,-2.056121826171875,0.0897216796875,1.0,1.0,1.0,4.0,1.0,95.0,event
11:26:12.219,1.043139,0.2551292,0.93043804,1.0186048,0.9007033,0.09280326,0.45979702,1.0620517,0.96199,0.1334126,0.41848785,0.6707001,0.8128262,0.11379126,-0.16463774,0.659461,0.32423326,-0.41838935,-0.59538,0.0020752505,626.55676,796.99634,834.87177,814.3223,742.1978,0.0631103515625,-0.02825927734375,0.98828125,1.906585693359375,-2.056121826171875,0.0897216796875,1.0,1.0,1.0,4.0,1.0,95.0,event
11:26:12.220,1.043139,0.2551292,0.93043804,1.0186048,0.9007033,0.09280326,0.45979702,1.0620517,0.96199,0.1334126,0.41848785,0.6707001,0.8128262,0.11379126,-0.16463774,0.659461,0.32423326,-0.41838935,-0.59538,0.0020752505,795.38464,794.17584,996.8498,829.2308,686.5934,0.0631103515625,-0.02825927734375,0.98828125,1.906585693359375,-2.056121826171875,0.0897216796875,1.0,1.0,1.0,4.0,1.0,95.0,event
11:26:12.221,1.043139,0.2551292,0.93043804,1.0186048,0.9007033,0.09280326,0.45979702,1.0620517,0.96199,0.1334126,0.41848785,0.6707001,0.8128262,0.11379126,-0.16463774,0.659461,0.32423326,-0.41838935,-0.59538,0.0020752505,956.9597,798.60803,877.1795,829.6337,742.1978,0.0631103515625,-0.02825927734375,0.98828125,1.906585693359375,-2.056121826171875,0.0897216796875,1.0,1.0,1.0,4.0,1.0,95.0,event
11:26:12.222,1.043139,0.2551292,0.93043804,1.0186048,0.9007033,0.09280326,0.45979702,1.0620517,0.96199,0.1334126,0.41848785,0.6707001,0.8128262,0.11379126,-0.16463774,0.659461,0.32423326,-0.41838935,-0.59538,0.0020752505,884.83514,804.65204,656.77655,813.91943,804.65204,0.0631103515625,-0.02825927734375,0.98828125,1.906585693359375,-2.056121826171875,0.0897216796875,1.0,1.0,1.0,4.0,1.0,95.0,event
11:26:12.223,1.043139,0.2551292,0.93043804,1.0186048,0.9007033,0.09280326,0.45979702,1.0620517,0.96199,0.1334126,0.41848785,0.6707001,0.8128262,0.11379126,-0.16463774,0.659461,0.32423326,-0.41838935,-0.59538,0.0020752505,677.72894,805.4579,537.9121,802.23444,734.5421,0.0631103515625,-0.02825927734375,0.98828125,1.906585693359375,-2.056121826171875,0.0897216796875,1.0,1.0,1.0,4.0,1.0,95.0,event
11:26:12.227,1.043139,0.2551292,0.93043804,1.0186048,0.9007033,0.09280326,0.45979702,1.0620517,0.96199,0.1334126,0.41848785,0.6707001,0.8128262,0.11379126,-0.16463774,0.659461,0.32423326,-0.41838935,-0.59538,0.0020752505,626.55676,804.2491,496.41025,809.0842,722.8571,0.0631103515625,-0.02825927734375,0.98828125,1.906585693359375,-2.056121826171875,0.0897216796875,1.0,1.0,1.0,4.0,1.0,95.0,event
11:26:12.228,1.043139,0.2551292,0.93043804,1.0186048,0.9007033,0.09280326,0.45979702,1.0620517,0.96199,0.1334126,0.41848785,0.6707001,0.8128262,0.11379126,-0.16463774,0.659461,0.32423326,-0.41838935,-0.59538,0.0020752505,775.2381,799.41394,610.4396,828.4249,903.7729,0.0631103515625,-0.02825927734375,0.98828125,1.906585693359375,-2.056121826171875,0.0897216796875,1.0,1.0,1.0,4.0,1.0,95.0,event
11:26:12.229,1.043139,0.2551292,0.93043804,1.0186048,0.9007033,0.09280326,0.45979702,1.0620517,0.96199,0.1334126,0.41848785,0.6707001,0.8128262,0.11379126,-0.16463774,0.659461,0.32423326,-0.41838935,-0.59538,0.0020752505,938.4249,798.60803,271.17215,847.3626,1212.8206,0.0631103515625,-0.02825927734375,0.98828125,1.906585693359375,-2.056121826171875,0.0897216796875,1.0,1.0,1.0,4.0,1.0,95.0,event
11:26:12.229,1.043139,0.2551292,0.93043804,1.0186048,0.9007033,0.09280326,0.45979702,1.0620517,0.96199,0.1334126,0.41848785,0.6707001,0.8128262,0.11379126,-0.16463774,0.659461,0.32423326,-0.41838935,-0.59538,0.0020752505,906.5934,807.8755,350.1465,833.2601,1053.663,0.0631103515625,-0.02825927734375,0.98828125,1.906585693359375,-2.056121826171875,0.0897216796875,1.0,1.0,1.0,4.0,1.0,95.0,event
11:26:12.230,1.043139,0.2551292,0.93043804,1.0186048,0.9007033,0.09280326,0.45979702,1.0620517,0.96199,0.1334126,0.41848785,0.6707001,0.8128262,0.11379126,-0.16463774,0.659461,0.32423326,-0.41838935,-0.59538,0.0020752505,730.5128,807.8755,858.6447,806.6667,720.4396,0.0631103515625,-0.02825927734375,0.98828125,1.906585693359375,-2.056121826171875,0.0897216796875,1.0,1.0,1.0,4.0,1.0,95.0,event
11:26:12.231,1.043139,0.2551292,0.93043804,1.0186048,0.9007033,0.09280326,0.45979702,1.0620517,0.96199,0.1334126,0.41848785,0.6707001,0.8128262,0.11379126,-0.16463774,0.659461,0.32423326,-0.41838935,-0.59538,0.0020752505,655.9707,807.47253,783.69965,802.23444,778.86444,0.0631103515625,-0.02825927734375,0.98828125,1.906585693359375,-2.056121826171875,0.0897216796875,1.0,1.0,1.0,4.0,1.0,95.0,event
11:26:12.255,1.043139,0.2551292,0.93043804,1.0186048,0.9007033,0.09280326,0.45979702,1.0620517,0.96199,0.1334126,0.41848785,0.6707001,0.8128262,0.11379126,-0.16463774,0.659461,0.32423326,-0.41838935,-0.59538,0.0020752505,776.8498,809.89014,850.58606,817.9487,836.8865,0.0623779296875,-0.02801513671875,0.981689453125,1.996307373046875,-3.30474853515625,0.07476806640625,1.0,1.0,1.0,4.0,1.0,95.0,event
11:26:12.256,1.043139,0.2551292,0.93043804,1.0186048,0.9007033,0.09280326,0.45979702,1.0620517,0.96199,0.1334126,0.41848785,0.6707001,0.8128262,0.11379126,-0.16463774,0.659461,0.32423326,-0.41838935,-0.59538,0.0020752505,976.7033,811.9048,1081.4652,834.4689,793.36993,0.0623779296875,-0.02801513671875,0.981689453125,1.996307373046875,-3.30474853515625,0.07476806640625,1.0,1.0,1.0,4.0,1.0,95.0,event
11:26:12.257,1.043139,0.2551292,0.93043804,1.0186048,0.9007033,0.09280326,0.45979702,1.0620517,0.96199,0.1334126,0.41848785,0.6707001,0.8128262,0.11379126,-0.16463774,0.659461,0.32423326,-0.41838935,-0.59538,0.0020752505,957.76556,811.0989,935.6044,830.0366,749.85345,0.0623779296875,-0.02801513671875,0.981689453125,1.996307373046875,-3.30474853515625,0.07476806640625,1.0,1.0,1.0,4.0,1.0,95.0,event
11:26:12.257,1.043139,0.2551292,0.93043804,1.0186048,0.9007033,0.09280326,0.45979702,1.0620517,0.96199,0.1334126,0.41848785,0.6707001,0.8128262,0.11379126,-0.16463774,0.659461,0.32423326,-0.41838935,-0.59538,0.0020752505,730.9158,805.4579,656.3736,806.26373,761.13556,0.0623779296875,-0.02801513671875,0.981689453125,1.996307373046875,-3.30474853515625,0.07476806640625,1.0,1.0,1.0,4.0,1.0,95.0,event
11:26:12.258,1.043139,0.2551292,0.93043804,1.0186048,0.9007033,0.09280326,0.45979702,1.0620517,0.96199,0.1334126,0.41848785,0.6707001,0.8128262,0.11379126,-0.16463774,0.659461,0.32423326,-0.41838935,-0.59538,0.0020752505,643.47986,803.44324,705.12823,803.8461,770.0,0.0623779296875,-0.02801513671875,0.981689453125,1.996307373046875,-3.30474853515625,0.07476806640625,1.0,1.0,1.0,4.0,1.0,95.0,event
11:26:12.258,1.043139,0.2551292,0.93043804,1.0186048,0.9007033,0.09280326,0.45979702,1.0620517,0.96199,0.1334126,0.41848785,0.6707001,0.8128262,0.11379126,-0.16463774,0.659461,0.32423326,-0.41838935,-0.59538,0.0020752505,747.8388,803.44324,699.4872,815.9341,764.35895,0.0623779296875,-0.02801513671875,0.981689453125,1.996307373046875,-3.30474853515625,0.07476806640625,1.0,1.0,1.0,4.0,1.0,95.0,event
11:26:12.259,1.043139,0.2551292,0.93043804,1.0186048,0.9007033,0.09280326,0.45979702,1.0620517,0.96199,0.1334126,0.41848785,0.6707001,0.8128262,0.11379126,-0.16463774,0.659461,0.32423326,-0.41838935,-0.59538,0.0020752505,927.5458,805.4579,717.2161,823.5897,822.7839,0.0623779296875,-0.02801513671875,0.981689453125,1.996307373046875,-3.30474853515625,0.07476806640625,1.0,1.0,1.0,4.0,1.0,95.0,event
11:26:12.260,1.043139,0.2551292,0.93043804,1.0186048,0.9007033,0.09280326,0.45979702,1.0620517,0.96199,0.1334126,0.41848785,0.6707001,0.8128262,0.11379126,-0.16463774,0.659461,0.32423326,-0.41838935,-0.59538,0.0020752505,946.4835,805.05493,405.75092,830.84247,958.5714,0.0623779296875,-0.02801513671875,0.981689453125,1.996307373046875,-3.30474853515625,0.07476806640625,1.0,1.0,1.0,4.0,1.0,95.0,event
11:26:12.260,1.043139,0.2551292,0.93043804,1.0186048,0.9007033,0.09280326,0.45979702,1.0620517,0.96199,0.1334126,0.41848785,0.6707001,0.8128262,0.11379126,-0.16463774,0.659461,0.32423326,-0.41838935,-0.59538,0.0020752505,750.2564,804.2491,111.20879,813.1135,924.7253,0.0623779296875,-0.02801513671875,0.981689453125,1.996307373046875,-3.30474853515625,0.07476806640625,1.0,1.0,1.0,4.0,1.0,95.0,event
11:26:12.261,1.043139,0.2551292,0.93043804,1.0186048,0.9007033,0.09280326,0.45979702,1.0620517,0.96199,0.1334126,0.41848785,0.6707001,0.8128262,0.11379126,-0.16463774,0.659461,0.32423326,-0.41838935,-0.59538,0.0020752505,636.2271,808.2784,655.16486,797.3993,665.64105,0.0623779296875,-0.02801513671875,0.981689453125,1.996307373046875,-3.30474853515625,0.07476806640625,1.0,1.0,1.0,4.0,1.0,95.0,event
11:26:12.262,1.043139,0.2551292,0.93043804,1.0186048,0.9007033,0.09280326,0.45979702,1.0620517,0.96199,0.1334126,0.41848785,0.6707001,0.8128262,0.11379126,-0.16463774,0.659461,0.32423326,-0.41838935,-0.59538,0.0020752505,706.337,807.0696,896.9231,807.0696,645.09155,0.0623779296875,-0.02801513671875,0.981689453125,1.996307373046875,-3.30474853515625,0.07476806640625,1.0,1.0,1.0,4.0,1.0,95.0,event
11:26:12.263,1.043139,0.2551292,0.93043804,1.0186048,0.9007033,0.09280326,0.45979702,1.0620517,0.96199,0.1334126,0.41848785,0.6707001,0.8128262,0.11379126,-0.16463774,0.659461,0.32423326,-0.41838935,-0.59538,0.0020752505,881.2088,813.5165,705.9341,823.5897,765.56775,0.0623779296875,-0.02801513671875,0.981689453125,1.996307373046875,-3.30474853515625,0.07476806640625,1.0,1.0,1.0,4.0,1.0,95.0,event
11:26:12.313,1.043139,0.2551292,0.93043804,1.0186048,0.9007033,0.09280326,0.45979702,1.0620517,0.96199,0.1334126,0.41848785,0.6707001,0.8128262,0.11379126,-0.16463774,0.659461,0.32423326,-0.41838935,-0.59538,0.0020752505,931.1722,812.3077,757.9121,799.81683,763.95605,0.0557861328125,-0.02099609375,0.98486328125,2.220611572265625,-3.536529541015625,0.07476806640625,1.0,1.0,1.0,4.0,1.0,95.0,event
11:26:12.314,1.043139,0.2551292,0.93043804,1.0186048,0.9007033,0.09280326,0.45979702,1.0620517,0.96199,0.1334126,0.41848785,0.6707001,0.8128262,0.11379126,-0.16463774,0.659461,0.32423326,-0.41838935,-0.59538,0.0020752505,746.2271,809.89014,919.4872,763.1502,698.2784,0.0557861328125,-0.02099609375,0.98486328125,2.220611572265625,-3.536529541015625,0.07476806640625,1.0,1.0,1.0,4.0,1.0,95.0,event
11:26:12.315,1.043139,0.2551292,0.93043804,1.0186048,0.9007033,0.09280326,0.45979702,1.0620517,0.96199,0.1334126,0.41848785,0.6707001,0.8128262,0.11379126,-0.16463774,0.659461,0.32423326,-0.41838935,-0.59538,0.0020752505,593.91943,826.0073,821.5751,761.53845,753.8828,0.0557861328125,-0.02099609375,0.98486328125,2.220611572265625,-3.536529541015625,0.07476806640625,1.0,1.0,1.0,4.0,1.0,95.0,event
11:26:12.316,1.043139,0.2551292,0.93043804,1.0186048,0.9007033,0.09280326,0.45979702,1.0620517,0.96199,0.1334126,0.41848785,0.6707001,0.8128262,0.11379126,-0.16463774,0.659461,0.32423326,-0.41838935,-0.59538,0.0020752505,634.61536,823.5897,812.3077,766.3736,854.61536,0.0557861328125,-0.02099609375,0.98486328125,2.220611572265625,-3.536529541015625,0.07476806640625,1.0,1.0,1.0,4.0,1.0,95.0,event
11:26:12.317,1.043139,0.2551292,0.93043804,1.0186048,0.9007033,0.09280326,0.45979702,1.0620517,0.96199,0.1334126,0.41848785,0.6707001,0.8128262,0.11379126,-0.16463774,0.659461,0.32423326,-0.41838935,-0.59538,0.0020752505,812.3077,815.9341,1026.6666,761.9414,830.84247,0.0557861328125,-0.02099609375,0.98486328125,2.220611572265625,-3.536529541015625,0.07476806640625,1.0,1.0,1.0,4.0,1.0,95.0,event
11:26:12.317,1.043139,0.2551292,0.93043804,1.0186048,0.9007033,0.09280326,0.45979702,1.0620517,0.96199,0.1334126,0.41848785,0.6707001,0.8128262,0.11379126,-0.16463774,0.659461,0.32423326,-0.41838935,-0.59538,0.0020752505,873.95605,815.5311,880.0,745.82416,813.1135,0.0557861328125,-0.02099609375,0.98486328125,2.220611572265625,-3.536529541015625,0.07476806640625,1.0,1.0,1.0,4.0,1.0,95.0,event
11:26:12.318,1.043139,0.2551292,0.93043804,1.0186048,0.9007033,0.09280326,0.45979702,1.0620517,0.96199,0.1334126,0.41848785,0.6707001,0.8128262,0.11379126,-0.16463774,0.659461,0.32423326,-0.41838935,-0.59538,0.0020752505,695.05493,822.381,562.0879,720.0366,960.18317,0.0557861328125,-0.02099609375,0.98486328125,2.220611572265625,-3.536529541015625,0.07476806640625,1.0,1.0,1.0,4.0,1.0,95.0,event
11:26:12.319,1.043139,0.2551292,0.93043804,1.0186048,0.9007033,0.09280326,0.45979702,1.0620517,0.96199,0.1334126,0.41848785,0.6707001,0.8128262,0.11379126,-0.16463774,0.659461,0.32423326,-0.41838935,-0.59538,0.0020752505,517.3626,828.4249,283.663,715.2015,1072.1978,0.0557861328125,-0.02099609375,0.98486328125,2.220611572265625,-3.536529541015625,0.07476806640625,1.0,1.0,1.0,4.0,1.0,95.0,event
11:26:12.322,1.043139,0.2551292,0.93043804,1.0186048,0.9007033,0.09280326,0.45979702,1.0620517,0.96199,0.1334126,0.41848785,0.6707001,0.8128262,0.11379126,-0.16463774,0.659461,0.32423326,-0.41838935,-0.59538,0.0020752505,548.3883,840.10986,614.0659,709.15753,830.84247,0.0557861328125,-0.02099609375,0.98486328125,2.220611572265625,-3.536529541015625,0.07476806640625,1.0,1.0,1.0,4.0,1.0,95.0,event
11:26:12.323,1.043139,0.2551292,0.93043804,1.0186048,0.9007033,0.09280326,0.45979702,1.0620517,0.96199,0.1334126,0.41848785,0.6707001,0.8128262,0.11379126,-0.16463774,0.659461,0.32423326,-0.41838935,-0.59538,0.0020752505,744.21246,852.6007,1140.2931,701.9048,767.98535,0.0557861328125,-0.02099609375,0.98486328125,2.220611572265625,-3.536529541015625,0.07476806640625,1.0,1.0,1.0,4.0,1.0,95.0,event
11:26:12.324,1.043139,0.2551292,0.93043804,1.0186048,0.9007033,0.09280326,0.45979702,1.0620517,0.96199,0.1334126,0.41848785,0.6707001,0.8128262,0.11379126,-0.16463774,0.659461,0.32423326,-0.41838935,-0.59538,0.0020752505,822.7839,854.61536,952.52747,690.6227,859.0476,0.0557861328125,-0.02099609375,0.98486328125,2.220611572265625,-3.536529541015625,0.07476806640625,1.0,1.0,1.0,4.0,1.0,95.0,event
11:26:12.325,1.043139,0.2551292,0.93043804,1.0186048,0.9007033,0.09280326,0.45979702,1.0620517,0.96199,0.1334126,0.41848785,0.6707001,0.8128262,0.11379126,-0.16463774,0.659461,0.32423326,-0.41838935,-0.59538,0.0020752505,658.3883,862.27106,630.58606,652.74725,825.2015,0.0557861328125,-0.02099609375,0.98486328125,2.220611572265625,-3.536529541015625,0.07476806640625,1.0,1.0,1.0,4.0,1.0,95.0,event
11:26:12.346,1.043139,0.2551292,0.93043804,1.0186048,0.9007033,0.09280326,0.45979702,1.0620517,0.96199,0.1334126,0.41848785,0.6707001,0.8128262,0.11379126,-0.16463774,0.659461,0.32423326,-0.41838935,-0.59538,0.0020752505,474.652,869.92676,799.011,635.0183,786.9231,0.0631103515625,-0.02374267578125,0.986083984375,2.13836669921875,-3.401947021484375,0.605621337890625,1.0,1.0,1.0,4.0,1.0,95.0,event
11:26:12.347,1.043139,0.2551292,0.93043804,1.0186048,0.9007033,0.09280326,0.45979702,1.0620517,0.96199,0.1334126,0.41848785,0.6707001,0.8128262,0.11379126,-0.16463774,0.659461,0.32423326,-0.41838935,-0.59538,0.0020752505,477.47253,874.35895,1027.0696,631.39197,738.97437,0.0631103515625,-0.02374267578125,0.986083984375,2.13836669921875,-3.401947021484375,0.605621337890625,1.0,1.0,1.0,4.0,1.0,95.0,event
11:26:12.348,1.043139,0.2551292,0.93043804,1.0186048,0.9007033,0.09280326,0.45979702,1.0620517,0.96199,0.1334126,0.41848785,0.6707001,0.8128262,0.11379126,-0.16463774,0.659461,0.32423326,-0.41838935,-0.59538,0.0020752505,643.47986,887.25275,823.9927,635.0183,813.91943,0.0631103515625,-0.02374267578125,0.986083984375,2.13836669921875,-3.401947021484375,0.605621337890625,1.0,1.0,1.0,4.0,1.0,95.0,event
11:26:12.349,1.043139,0.2551292,0.93043804,1.0186048,0.9007033,0.09280326,0.45979702,1.0620517,0.96199,0.1334126,0.41848785,0.6707001,0.8128262,0.11379126,-0.16463774,0.659461,0.32423326,-0.41838935,-0.59538,0.0020752505,755.89746,905.38464,765.9707,630.989,845.34796,0.0631103515625,-0.02374267578125,0.986083984375,2.13836669921875,-3.401947021484375,0.605621337890625,1.0,1.0,1.0,4.0,1.0,95.0,event
11:26:12.349,1.043139,0.2551292,0.93043804,1.0186048,0.9007033,0.09280326,0.45979702,1.0620517,0.96199,0.1334126,0.41848785,0.6707001,0.8128262,0.11379126,-0.16463774,0.659461,0.32423326,-0.41838935,-0.59538,0.0020752505,650.7326,903.36993,918.68134,613.663,809.4872,0.0631103515625,-0.02374267578125,0.986083984375,2.13836669921875,-3.401947021484375,0.605621337890625,1.0,1.0,1.0,4.0,1.0,95.0,event
11:26:12.350,1.043139,0.2551292,0.93043804,1.0186048,0.9007033,0.09280326,0.45979702,1.0620517,0.96199,0.1334126,0.41848785,0.6707001,0.8128262,0.11379126,-0.16463774,0.659461,0.32423326,-0.41838935,-0.59538,0.0020752505,460.1465,904.9817,768.7912,603.9927,788.5348,0.0631103515625,-0.02374267578125,0.986083984375,2.13836669921875,-3.401947021484375,0.605621337890625,1.0,1.0,1.0,4.0,1.0,95.0,event
11:26:12.351,1.043139,0.2551292,0.93043804,1.0186048,0.9007033,0.09280326,0.45979702,1.0620517,0.96199,0.1334126,0.41848785,0.6707001,0.8128262,0.11379126,-0.16463774,0.659461,0.32423326,-0.41838935,-0.59538,0.0020752505,430.7326,906.99634,406.15384,609.2308,997.6557,0.0631103515625,-0.02374267578125,0.986083984375,2.13836669921875,-3.401947021484375,0.605621337890625,1.0,1.0,1.0,4.0,1.0,95.0,event
11:26:12.351,1.043139,0.2551292,0.93043804,1.0186048,0.9007033,0.09280326,0.45979702,1.0620517,0.96199,0.1334126,0.41848785,0.6707001,0.8128262,0.11379126,-0.16463774,0.659461,0.32423326,-0.41838935,-0.59538,0.0020752505,630.989,897.72894,246.19048,647.1062,1162.8572,0.0631103515625,-0.02374267578125,0.986083984375,2.13836669921875,-3.401947021484375,0.605621337890625,1.0,1.0,1.0,4.0,1.0,95.0,event
11:26:12.352,1.043139,0.2551292,0.93043804,1.0186048,0.9007033,0.09280326,0.45979702,1.0620517,0.96199,0.1334126,0.41848785,0.6707001,0.8128262,0.11379126,-0.16463774,0.659461,0.32423326,-0.41838935,-0.59538,0.0020752505,832.8571,889.2674,815.9341,684.57874,903.7729,0.0631103515625,-0.02374267578125,0.986083984375,2.13836669921875,-3.401947021484375,0.605621337890625,1.0,1.0,1.0,4.0,1.0,95.0,event
11:26:12.353,1.043139,0.2551292,0.93043804,1.0186048,0.9007033,0.09280326,0.45979702,1.0620517,0.96199,0.1334126,0.41848785,0.6707001,0.8128262,0.11379126,-0.16463774,0.659461,0.32423326,-0.41838935,-0.59538,0.0020752505,749.85345,875.56775,996.04395,677.326,832.8571,0.0631103515625,-0.02374267578125,0.986083984375,2.13836669921875,-3.401947021484375,0.605621337890625,1.0,1.0,1.0,4.0,1.0,95.0,event
11:26:12.354,1.043139,0.2551292,0.93043804,1.0186048,0.9007033,0.09280326,0.45979702,1.0620517,0.96199,0.1334126,0.41848785,0.6707001,0.8128262,0.11379126,-0.16463774,0.659461,0.32423326,-0.41838935,-0.59538,0.0020752505,551.2088,862.674,830.84247,708.3516,707.5458,0.0631103515625,-0.02374267578125,0.986083984375,2.13836669921875,-3.401947021484375,0.605621337890625,1.0,1.0,1.0,4.0,1.0,95.0,event
11:26:12.354,1.043139,0.2551292,0.93043804,1.0186048,0.9007033,0.09280326,0.45979702,1.0620517,0.96199,0.1334126,0.41848785,0.6707001,0.8128262,0.11379126,-0.16463774,0.659461,0.32423326,-0.41838935,-0.59538,0.0020752505,555.2381,869.12085,738.5714,675.31134,802.23444,0.0631103515625,-0.02374267578125,0.986083984375,2.13836669921875,-3.401947021484375,0.605621337890625,1.0,1.0,1.0,4.0,1.0,95.0,event
11:26:12.395,1.043139,0.2551292,0.93043804,1.0186048,0.9007033,0.09280326,0.45979702,1.0620517,0.96199,0.1334126,0.41848785,0.6707001,0.8128262,0.11379126,-0.16463774,0.659461,0.32423326,-0.41838935,-0.59538,0.0020752505,744.21246,848.5714,1017.8022,753.8828,667.25275,0.0631103515625,-0.02374267578125,0.986083984375,2.13836669921875,-3.401947021484375,0.605621337890625,1.0,1.0,1.0,4.0,1.0,95.0,event
11:26:12.396,1.043139,0.2551292,0.93043804,1.0186048,0.9007033,0.09280326,0.45979702,1.0620517,0.96199,0.1334126,0.41848785,0.6707001,0.8128262,0.11379126,-0.16463774,0.659461,0.32423326,-0.41838935,-0.59538,0.0020752505,931.978,834.0659,942.8571,782.0879,727.6923,0.0631103515625,-0.02374267578125,0.986083984375,2.13836669921875,-3.401947021484375,0.605621337890625,1.0,1.0,1.0,4.0,1.0,95.0,event
11:26:12.397,1.043139,0.2551292,0.93043804,1.0186048,0.9007033,0.09280326,0.45979702,1.0620517,0.96199,0.1334126,0.41848785,0.6707001,0.8128262,0.11379126,-0.16463774,0.659461,0.32423326,-0.41838935,-0.59538,0.0020752505,887.25275,826.0073,593.91943,790.14655,799.011,0.0631103515625,-0.02374267578125,0.986083984375,2.13836669921875,-3.401947021484375,0.605621337890625,1.0,1.0,1.0,4.0,1.0,95.0,event
11:26:12.397,1.043139,0.2551292,0.93043804,1.0186048,0.9007033,0.09280326,0.45979702,1.0620517,0.96199,0.1334126,0.41848785,0.6707001,0.8128262,0.11379126,-0.16463774,0.659461,0.32423326,-0.41838935,-0.59538,0.0020752505,711.1722,823.5897,626.9597,803.44324,726.4835,0.0631103515625,-0.02374267578125,0.986083984375,2.13836669921875,-3.401947021484375,0.605621337890625,1.0,1.0,1.0,4.0,1.0,95.0,event
11:26:12.398,1.043139,0.2551292,0.93043804,1.0186048,0.9007033,0.09280326,0.45979702,1.0620517,0.96199,0.1334126,0.41848785,0.6707001,0.8128262,0.11379126,-0.16463774,0.659461,0.32423326,-0.41838935,-0.59538,0.0020752505,658.3883,815.12823,861.8681,817.5458,691.8315,0.0631103515625,-0.02374267578125,0.986083984375,2.13836669921875,-3.401947021484375,0.605621337890625,1.0,1.0,1.0,4.0,1.0,95.0,event
11:26:12.399,1.043139,0.2551292,0.93043804,1.0186048,0.9007033,0.09280326,0.45979702,1.0620517,0.96199,0.1334126,0.41848785,0.6707001,0.8128262,0.11379126,-0.16463774,0.659461,0.32423326,-0.41838935,-0.59538,0.0020752505,795.38464,800.6227,753.47986,838.9011,775.64105,0.0631103515625,-0.02374267578125,0.986083984375,2.13836669921875,-3.401947021484375,0.605621337890625,1.0,1.0,1.0,4.0,1.0,95.0,event
11:26:12.400,1.043139,0.2551292,0.93043804,1.0186048,0.9007033,0.09280326,0.45979702,1.0620517,0.96199,0.1334126,0.41848785,0.6707001,0.8128262,0.11379126,-0.16463774,0.659461,0.32423326,-0.41838935,-0.59538,0.0020752505,971.06226,790.9524,197.03297,867.9121,1079.8535,0.0631103515625,-0.02374267578125,0.986083984375,2.13836669921875,-3.401947021484375,0.605621337890625,1.0,1.0,1.0,4.0,1.0,95.0,event
11:26:12.400,1.043139,0.2551292,0.93043804,1.0186048,0.9007033,0.09280326,0.45979702,1.0620517,0.96199,0.1334126,0.41848785,0.6707001,0.8128262,0.11379126,-0.16463774,0.659461,0.32423326,-0.41838935,-0.59538,0.0020752505,980.32965,793.7729,255.86081,871.13556,1034.3224,0.0631103515625,-0.02374267578125,0.986083984375,2.13836669921875,-3.401947021484375,0.605621337890625,1.0,1.0,1.0,4.0,1.0,95.0,event
11:26:12.401,1.043139,0.2551292,0.93043804,1.0186048,0.9007033,0.09280326,0.45979702,1.0620517,0.96199,0.1334126,0.41848785,0.6707001,0.8128262,0.11379126,-0.16463774,0.659461,0.32423326,-0.41838935,-0.59538,0.0020752505,823.5897,794.17584,850.989,867.1062,711.978,0.0631103515625,-0.02374267578125,0.986083984375,2.13836669921875,-3.401947021484375,0.605621337890625,1.0,1.0,1.0,4.0,1.0,95.0,event
11:26:12.402,1.043139,0.2551292,0.93043804,1.0186048,0.9007033,0.09280326,0.45979702,1.0620517,0.96199,0.1334126,0.41848785,0.6707001,0.8128262,0.11379126,-0.16463774,0.659461,0.32423326,-0.41838935,-0.59538,0.0020752505,718.022,788.93774,755.4945,870.7326,729.707,0.0631103515625,-0.02374267578125,0.986083984375,2.13836669921875,-3.401947021484375,0.605621337890625,1.0,1.0,1.0,4.0,1.0,95.0,event
11:26:12.405,1.043139,0.2551292,0.93043804,1.0186048,0.9007033,0.09280326,0.45979702,1.0620517,0.96199,0.1334126,0.41848785,0.6707001,0.8128262,0.11379126,-0.16463774,0.659461,0.32423326,-0.41838935,-0.59538,0.0020752505,822.381,785.31134,756.30035,888.46155,746.2271,0.0631103515625,-0.02374267578125,0.986083984375,2.13836669921875,-3.401947021484375,0.605621337890625,1.0,1.0,1.0,4.0,1.0,95.0,event
11:26:12.406,1.043139,0.2551292,0.93043804,1.0186048,0.9007033,0.09280326,0.45979702,1.0620517,0.96199,0.1334126,0.41848785,0.6707001,0.8128262,0.11379126,-0.16463774,0.659461,0.32423326,-0.41838935,-0.59538,0.0020752505,1028.6813,784.10254,993.6264,913.8461,755.09155,0.0631103515625,-0.02374267578125,0.986083984375,2.13836669921875,-3.401947021484375,0.605621337890625,1.0,1.0,1.0,4.0,1.0,95.0,event
11:26:12.447,1.043139,0.2551292,0.93043804,1.0186048,0.9007033,0.09280326,0.45979702,1.0620517,0.96199,0.1334126,0.41848785,0.6707001,0.8128262,0.11379126,-0.16463774,0.659461,0.32423326,-0.41838935,-0.59538,0.0020752505,1043.1868,785.31134,968.6447,916.26373,772.4176,0.05084228515625,-0.02471923828125,0.9842529296875,2.160797119140625,-1.57012939453125,-0.291595458984375,1.0,1.0,1.0,4.0,1.0,95.0,event
11:26:12.449,1.043139,0.2551292,0.93043804,1.0186048,0.9007033,0.09280326,0.45979702,1.0620517,0.96199,0.1334126,0.41848785,0.6707001,0.8128262,0.11379126,-0.16463774,0.659461,0.32423326,-0.41838935,-0.59538,0.0020752505,838.49817,784.10254,671.28204,893.69965,708.3516,0.05084228515625,-0.02471923828125,0.9842529296875,2.160797119140625,-1.57012939453125,-0.291595458984375,1.0,1.0,1.0,4.0,1.0,95.0,event
11:26:12.450,1.043139,0.2551292,0.93043804,1.0186048,0.9007033,0.09280326,0.45979702,1.0620517,0.96199,0.1334126,0.41848785,0.6707001,0.8128262,0.11379126,-0.16463774,0.659461,0.32423326,-0.41838935,-0.59538,0.0020752505,724.4689,780.4762,653.5531,882.8205,709.5604,0.05084228515625,-0.02471923828125,0.9842529296875,2.160797119140625,-1.57012939453125,-0.291595458984375,1.0,1.0,1.0,4.0,1.0,95.0,event
11:26:12.452,1.043139,0.2551292,0.93043804,1.0186048,0.9007033,0.09280326,0.45979702,1.0620517,0.96199,0.1334126,0.41848785,0.6707001,0.8128262,0.11379126,-0.16463774,0.659461,0.32423326,-0.41838935,-0.59538,0.0020752505,827.619,781.28204,919.89014,899.34064,702.3077,0.05084228515625,-0.02471923828125,0.9842529296875,2.160797119140625,-1.57012939453125,-0.291595458984375,1.0,1.0,1.0,4.0,1.0,95.0,event
11:26:12.453,1.043139,0.2551292,0.93043804,1.0186048,0.9007033,0.09280326,0.45979702,1.0620517,0.96199,0.1334126,0.41848785,0.6707001,0.8128262,0.11379126,-0.16463774,0.659461,0.32423326,-0.41838935,-0.59538,0.0020752505,1019.41394,778.46155,979.12085,916.26373,776.8498,0.05084228515625,-0.02471923828125,0.9842529296875,2.160797119140625,-1.57012939453125,-0.291595458984375,1.0,1.0,1.0,4.0,1.0,95.0,event
11:26:12.454,1.043139,0.2551292,0.93043804,1.0186048,0.9007033,0.09280326,0.45979702,1.0620517,0.96199,0.1334126,0.41848785,0.6707001,0.8128262,0.11379126,-0.16463774,0.659461,0.32423326,-0.41838935,-0.59538,0.0020752505,1033.5165,778.46155,712.7839,919.4872,904.17584,0.05084228515625,-0.02471923828125,0.9842529296875,2.160797119140625,-1.57012939453125,-0.291595458984375,1.0,1.0,1.0,4.0,1.0,95.0,event
11:26:12.455,1.043139,0.2551292,0.93043804,1.0186048,0.9007033,0.09280326,0.45979702,1.0620517,0.96199,0.1334126,0.41848785,0.6707001,0.8128262,0.11379126,-0.16463774,0.659461,0.32423326,-0.41838935,-0.59538,0.0020752505,833.663,786.52014,458.93774,896.9231,892.8938,0.05084228515625,-0.02471923828125,0.9842529296875,2.160797119140625,-1.57012939453125,-0.291595458984375,1.0,1.0,1.0,4.0,1.0,95.0,event
11:26:12.456,1.043139,0.2551292,0.93043804,1.0186048,0.9007033,0.09280326,0.45979702,1.0620517,0.96199,0.1334126,0.41848785,0.6707001,0.8128262,0.11379126,-0.16463774,0.659461,0.32423326,-0.41838935,-0.59538,0.0020752505,718.4249,788.1319,522.1978,886.4469,868.71796,0.05084228515625,-0.02471923828125,0.9842529296875,2.160797119140625,-1.57012939453125,-0.291595458984375,1.0,1.0,1.0,4.0,1.0,95.0,event
11:26:12.456,1.043139,0.2551292,0.93043804,1.0186048,0.9007033,0.09280326,0.45979702,1.0620517,0.96199,0.1334126,0.41848785,0.6707001,0.8128262,0.11379126,-0.16463774,0.659461,0.32423326,-0.41838935,-0.59538,0.0020752505,797.8022,787.72894,813.91943,892.49084,776.4469,0.05084228515625,-0.02471923828125,0.9842529296875,2.160797119140625,-1.57012939453125,-0.291595458984375,1.0,1.0,1.0,4.0,1.0,95.0,event
11:26:12.457,1.043139,0.2551292,0.93043804,1.0186048,0.9007033,0.09280326,0.45979702,1.0620517,0.96199,0.1334126,0.41848785,0.6707001,0.8128262,0.11379126,-0.16463774,0.659461,0.32423326,-0.41838935,-0.59538,0.0020752505,967.03296,787.72894,506.0806,910.6227,952.52747,0.05084228515625,-0.02471923828125,0.9842529296875,2.160797119140625,-1.57012939453125,-0.291595458984375,1.0,1.0,1.0,4.0,1.0,95.0,event
11:26:12.458,1.043139,0.2551292,0.93043804,1.0186048,0.9007033,0.09280326,0.45979702,1.0620517,0.96199,0.1334126,0.41848785,0.6707001,0.8128262,0.11379126,-0.16463774,0.659461,0.32423326,-0.41838935,-0.59538,0.0020752505,1031.9048,790.14655,226.04396,906.99634,1058.0952,0.05084228515625,-0.02471923828125,0.9842529296875,2.160797119140625,-1.57012939453125,-0.291595458984375,1.0,1.0,1.0,4.0,1.0,95.0,event
11:26:12.459,1.043139,0.2551292,0.93043804,1.0186048,0.9007033,0.09280326,0.45979702,1.0620517,0.96199,0.1334126,0.41848785,0.6707001,0.8128262,0.11379126,-0.16463774,0.659461,0.32423326,-0.41838935,-0.59538,0.0020752505,873.1502,791.75824,772.4176,877.98535,775.64105,0.05084228515625,-0.02471923828125,0.9842529296875,2.160797119140625,-1.57012939453125,-0.291595458984375,1.0,1.0,1.0,4.0,1.0,95.0,event
11:26:12.488,1.043139,0.2551292,0.93043804,1.0186048,0.9007033,0.09280326,0.45979702,1.0620517,0.96199,0.1334126,0.41848785,0.6707001,0.8128262,0.11379126,-0.16463774,0.659461,0.32423326,-0.41838935,-0.59538,0.0020752505,707.1429,790.54944,792.5641,861.06226,729.304,0.06158447265625,-0.022705078125,0.9913330078125,2.52716064453125,-1.517791748046875,0.16448974609375,1.0,1.0,1.0,4.0,1.0,95.0,event
11:26:12.489,1.043139,0.2551292,0.93043804,1.0186048,0.9007033,0.09280326,0.45979702,1.0620517,0.96199,0.1334126,0.41848785,0.6707001,0.8128262,0.11379126,-0.16463774,0.659461,0.32423326,-0.41838935,-0.59538,0.0020752505,745.82416,794.57874,713.9927,867.9121,785.31134,0.06158447265625,-0.022705078125,0.9913330078125,2.52716064453125,-1.517791748046875,0.16448974609375,1.0,1.0,1.0,4.0,1.0,95.0,event
11:26:12.491,1.043139,0.2551292,0.93043804,1.0186048,0.9007033,0.09280326,0.45979702,1.0620517,0.96199,0.1334126,0.41848785,0.6707001,0.8128262,0.11379126,-0.16463774,0.659461,0.32423326,-0.41838935,-0.59538,0.0020752505,935.2015,792.5641,909.81683,883.22345,790.14655,0.06158447265625,-0.022705078125,0.9913330078125,2.52716064453125,-1.517791748046875,0.16448974609375,1.0,1.0,1.0,4.0,1.0,95.0,event
11:26:12.492,1.043139,0.2551292,0.93043804,1.0186048,0.9007033,0.09280326,0.45979702,1.0620517,0.96199,0.1334126,0.41848785,0.6707001,0.8128262,0.11379126,-0.16463774,0.659461,0.32423326,-0.41838935,-0.59538,0.0020752505,1042.381,796.5934,978.315,880.40295,759.5238,0.06158447265625,-0.022705078125,0.9913330078125,2.52716064453125,-1.517791748046875,0.16448974609375,1.0,1.0,1.0,4.0,1.0,95.0,event
11:26:12.495,1.043139,0.2551292,0.93043804,1.0186048,0.9007033,0.09280326,0.45979702,1.0620517,0.96199,0.1334126,0.41848785,0.6707001,0.8128262,0.11379126,-0.16463774,0.659461,0.32423326,-0.41838935,-0.59538,0.0020752505,899.34064,802.6374,756.7033,867.50916,767.98535,0.06158447265625,-0.022705078125,0.9913330078125,2.52716064453125,-1.517791748046875,0.16448974609375,1.0,1.0,1.0,4.0,1.0,95.0,event
11:26:12.497,1.043139,0.2551292,0.93043804,1.0186048,0.9007033,0.09280326,0.45979702,1.0620517,0.96199,0.1334126,0.41848785,0.6707001,0.8128262,0.11379126,-0.16463774,0.659461,0.32423326,-0.41838935,-0.59538,0.0020752505,705.5311,797.3993,448.0586,853.4066,828.4249,0.06158447265625,-0.022705078125,0.9913330078125,2.52716064453125,-1.517791748046875,0.16448974609375,1.0,1.0,1.0,4.0,1.0,95.0,event
11:26:12.498,1.043139,0.2551292,0.93043804,1.0186048,0.9007033,0.09280326,0.45979702,1.0620517,0.96199,0.1334126,0.41848785,0.6707001,0.8128262,0.11379126,-0.16463774,0.659461,0.32423326,-0.41838935,-0.59538,0.0020752505,721.6484,797.8022,469.4139,855.42126,867.1062,0.06158447265625,-0.022705078125,0.9913330078125,2.52716064453125,-1.517791748046875,0.16448974609375,1.0,1.0,1.0,4.0,1.0,95.0,event
11:26:12.499,1.043139,0.2551292,0.93043804,1.0186048,0.9007033,0.09280326,0.45979702,1.0620517,0.96199,0.1334126,0.41848785,0.6707001,0.8128262,0.11379126,-0.16463774,0.659461,0.32423326,-0.41838935,-0.59538,0.0020752505,920.293,799.011,752.674,877.1795,772.01465,0.06158447265625,-0.022705078125,0.9913330078125,2.52716064453125,-1.517791748046875,0.16448974609375,1.0,1.0,1.0,4.0,1.0,95.0,event
11:26:12.500,1.043139,0.2551292,0.93043804,1.0186048,0.9007033,0.09280326,0.45979702,1.0620517,0.96199,0.1334126,0.41848785,0.6707001,0.8128262,0.11379126,-0.16463774,0.659461,0.32423326,-0.41838935,-0.59538,0.0020752505,1025.4579,794.9817,719.6337,889.2674,788.1319,0.06158447265625,-0.022705078125,0.9913330078125,2.52716064453125,-1.517791748046875,0.16448974609375,1.0,1.0,1.0,4.0,1.0,95.0,event
11:26:12.502,1.043139,0.2551292,0.93043804,1.0186048,0.9007033,0.09280326,0.45979702,1.0620517,0.96199,0.1334126,0.41848785,0.6707001,0.8128262,0.11379126,-0.16463774,0.659461,0.32423326,-0.41838935,-0.59538,0.0020752505,895.31134,795.78754,88.24176,874.7619,1047.2161,0.06158447265625,-0.022705078125,0.9913330078125,2.52716064453125,-1.517791748046875,0.16448974609375,1.0,1.0,1.0,4.0,1.0,95.0,event
11:26:12.504,1.043139,0.2551292,0.93043804,1.0186048,0.9007033,0.09280326,0.45979702,1.0620517,0.96199,0.1334126,0.41848785,0.6707001,0.8128262,0.11379126,-0.16463774,0.659461,0.32423326,-0.41838935,-0.59538,0.0020752505,716.0073,799.41394,263.11356,866.7033,914.65204,0.06158447265625,-0.022705078125,0.9913330078125,2.52716064453125,-1.517791748046875,0.16448974609375,1.0,1.0,1.0,4.0,1.0,95.0,event
11:26:12.505,1.043139,0.2551292,0.93043804,1.0186048,0.9007033,0.09280326,0.45979702,1.0620517,0.96199,0.1334126,0.41848785,0.6707001,0.8128262,0.11379126,-0.16463774,0.659461,0.32423326,-0.41838935,-0.59538,0.0020752505,710.7692,795.78754,867.50916,868.71796,693.0403,0.06158447265625,-0.022705078125,0.9913330078125,2.52716064453125,-1.517791748046875,0.16448974609375,1.0,1.0,1.0,4.0,1.0,95.0,event
11:26:12.508,,,,,,,,,,,,,,,,,,,,,,,,,,,,,,,,,,,,,,blink
11:26:12.530,1.043139,0.2551292,0.93043804,1.0186048,0.9007033,0.09280326,0.45979702,1.0620517,0.96199,0.1334126,0.41848785,0.6707001,0.8128262,0.11379126,-0.16463774,0.659461,0.32423326,-0.41838935,-0.59538,0.0020752505,887.25275,797.8022,768.3883,880.0,733.73627,0.0487060546875,-0.02197265625,0.98309326171875,2.19818115234375,-3.94775390625,-0.321502685546875,1.0,1.0,1.0,4.0,1.0,95.0,event
11:26:12.531,1.043139,0.2551292,0.93043804,1.0186048,0.9007033,0.09280326,0.45979702,1.0620517,0.96199,0.1334126,0.41848785,0.6707001,0.8128262,0.11379126,-0.16463774,0.659461,0.32423326,-0.41838935,-0.59538,0.0020752505,1019.41394,799.41394,719.6337,886.04395,749.85345,0.0487060546875,-0.02197265625,0.98309326171875,2.19818115234375,-3.94775390625,-0.321502685546875,1.0,1.0,1.0,4.0,1.0,95.0,event
11:26:12.532,1.043139,0.2551292,0.93043804,1.0186048,0.9007033,0.09280326,0.45979702,1.0620517,0.96199,0.1334126,0.41848785,0.6707001,0.8128262,0.11379126,-0.16463774,0.659461,0.32423326,-0.41838935,-0.59538,0.0020752505,933.1868,799.41394,864.68866,861.4652,718.022,0.0487060546875,-0.02197265625,0.98309326171875,2.19818115234375,-3.94775390625,-0.321502685546875,1.0,1.0,1.0,4.0,1.0,95.0,event
11:26:12.533,1.043139,0.2551292,0.93043804,1.0186048,0.9007033,0.09280326,0.45979702,1.0620517,0.96199,0.1334126,0.41848785,0.6707001,0.8128262,0.11379126,-0.16463774,0.659461,0.32423326,-0.41838935,-0.59538,0.0020752505,738.97437,801.02563,830.84247,849.3773,729.707,0.0487060546875,-0.02197265625,0.98309326171875,2.19818115234375,-3.94775390625,-0.321502685546875,1.0,1.0,1.0,4.0,1.0,95.0,event
11:26:12.534,1.043139,0.2551292,0.93043804,1.0186048,0.9007033,0.09280326,0.45979702,1.0620517,0.96199,0.1334126,0.41848785,0.6707001,0.8128262,0.11379126,-0.16463774,0.659461,0.32423326,-0.41838935,-0.59538,0.0020752505,699.89014,796.99634,690.6227,854.21246,760.7326,0.0487060546875,-0.02197265625,0.98309326171875,2.19818115234375,-3.94775390625,-0.321502685546875,1.0,1.0,1.0,4.0,1.0,95.0,event
11:26:12.535,1.043139,0.2551292,0.93043804,1.0186048,0.9007033,0.09280326,0.45979702,1.0620517,0.96199,0.1334126,0.41848785,0.6707001,0.8128262,0.11379126,-0.16463774,0.659461,0.32423326,-0.41838935,-0.59538,0.0020752505,864.2857,796.1905,597.5458,861.4652,830.84247,0.0487060546875,-0.02197265625,0.98309326171875,2.19818115234375,-3.94775390625,-0.321502685546875,1.0,1.0,1.0,4.0,1.0,95.0,event
11:26:12.535,1.043139,0.2551292,0.93043804,1.0186048,0.9007033,0.09280326,0.45979702,1.0620517,0.96199,0.1334126,0.41848785,0.6707001,0.8128262,0.11379126,-0.16463774,0.659461,0.32423326,-0.41838935,-0.59538,0.0020752505,1017.3993,799.81683,629.7802,870.7326,889.67035,0.0487060546875,-0.02197265625,0.98309326171875,2.19818115234375,-3.94775390625,-0.321502685546875,1.0,1.0,1.0,4.0,1.0,95.0,event
11:26:12.536,1.043139,0.2551292,0.93043804,1.0186048,0.9007033,0.09280326,0.45979702,1.0620517,0.96199,0.1334126,0.41848785,0.6707001,0.8128262,0.11379126,-0.16463774,0.659461,0.32423326,-0.41838935,-0.59538,0.0020752505,942.0513,794.9817,752.674,848.97437,772.8205,0.0487060546875,-0.02197265625,0.98309326171875,2.19818115234375,-3.94775390625,-0.321502685546875,1.0,1.0,1.0,4.0,1.0,95.0,event
11:26:12.537,1.043139,0.2551292,0.93043804,1.0186048,0.9007033,0.09280326,0.45979702,1.0620517,0.96199,0.1334126,0.41848785,0.6707001,0.8128262,0.11379126,-0.16463774,0.659461,0.32423326,-0.41838935,-0.59538,0.0020752505,718.8278,790.54944,342.49084,822.7839,870.7326,0.0487060546875,-0.02197265625,0.98309326171875,2.19818115234375,-3.94775390625,-0.321502685546875,1.0,1.0,1.0,4.0,1.0,95.0,event
11:26:12.538,1.043139,0.2551292,0.93043804,1.0186048,0.9007033,0.09280326,0.45979702,1.0620517,0.96199,0.1334126,0.41848785,0.6707001,0.8128262,0.11379126,-0.16463774,0.659461,0.32423326,-0.41838935,-0.59538,0.0020752505,667.6557,799.81683,220.40292,830.4396,918.68134,0.0487060546875,-0.02197265625,0.98309326171875,2.19818115234375,-3.94775390625,-0.321502685546875,1.0,1.0,1.0,4.0,1.0,95.0,event
11:26:12.539,1.043139,0.2551292,0.93043804,1.0186048,0.9007033,0.09280326,0.45979702,1.0620517,0.96199,0.1334126,0.41848785,0.6707001,0.8128262,0.11379126,-0.16463774,0.659461,0.32423326,-0.41838935,-0.59538,0.0020752505,824.3956,801.4286,803.8461,844.5421,680.54944,0.0487060546875,-0.02197265625,0.98309326171875,2.19818115234375,-3.94775390625,-0.321502685546875,1.0,1.0,1.0,4.0,1.0,95.0,event
11:26:12.539,1.043139,0.2551292,0.93043804,1.0186048,0.9007033,0.09280326,0.45979702,1.0620517,0.96199,0.1334126,0.41848785,0.6707001,0.8128262,0.11379126,-0.16463774,0.659461,0.32423326,-0.41838935,-0.59538,0.0020752505,998.46155,798.20514,753.8828,854.21246,817.1429,0.0487060546875,-0.02197265625,0.98309326171875,2.19818115234375,-3.94775390625,-0.321502685546875,1.0,1.0,1.0,4.0,1.0,95.0,event
11:26:12.563,1.043139,0.2551292,0.93043804,1.0186048,0.9007033,0.09280326,0.45979702,1.0620517,0.96199,0.1334126,0.41848785,0.6707001,0.8128262,0.11379126,-0.16463774,0.659461,0.32423326,-0.41838935,-0.59538,0.0020752505,969.0476,803.8461,465.78754,850.989,1016.1905,0.06341552734375,-0.02423095703125,0.98846435546875,2.295379638671875,-4.05242919921875,-0.306549072265625,1.0,1.0,1.0,4.0,1.0,95.0,event
11:26:12.564,1.043139,0.2551292,0.93043804,1.0186048,0.9007033,0.09280326,0.45979702,1.0620517,0.96199,0.1334126,0.41848785,0.6707001,0.8128262,0.11379126,-0.16463774,0.659461,0.32423326,-0.41838935,-0.59538,0.0020752505,770.0,801.4286,580.2198,836.4835,850.18317,0.06341552734375,-0.02423095703125,0.98846435546875,2.295379638671875,-4.05242919921875,-0.306549072265625,1.0,1.0,1.0,4.0,1.0,95.0,event
11:26:12.565,1.043139,0.2551292,0.93043804,1.0186048,0.9007033,0.09280326,0.45979702,1.0620517,0.96199,0.1334126,0.41848785,0.6707001,0.8128262,0.11379126,-0.16463774,0.659461,0.32423326,-0.41838935,-0.59538,0.0020752505,689.011,798.20514,908.60803,840.5128,718.022,0.06341552734375,-0.02423095703125,0.98846435546875,2.295379638671875,-4.05242919921875,-0.306549072265625,1.0,1.0,1.0,4.0,1.0,95.0,event
11:26:12.566,1.043139,0.2551292,0.93043804,1.0186048,0.9007033,0.09280326,0.45979702,1.0620517,0.96199,0.1334126,0.41848785,0.6707001,0.8128262,0.11379126,-0.16463774,0.659461,0.32423326,-0.41838935,-0.59538,0.0020752505,801.4286,801.8315,864.68866,860.65936,770.40295,0.06341552734375,-0.02423095703125,0.98846435546875,2.295379638671875,-4.05242919921875,-0.306549072265625,1.0,1.0,1.0,4.0,1.0,95.0,event
11:26:12.567,1.043139,0.2551292,0.93043804,1.0186048,0.9007033,0.09280326,0.45979702,1.0620517,0.96199,0.1334126,0.41848785,0.6707001,0.8128262,0.11379126,-0.16463774,0.659461,0.32423326,-0.41838935,-0.59538,0.0020752505,969.0476,801.4286,774.83514,871.9414,823.5897,0.06341552734375,-0.02423095703125,0.98846435546875,2.295379638671875,-4.05242919921875,-0.306549072265625,1.0,1.0,1.0,4.0,1.0,95.0,event
11:26:12.568,1.043139,0.2551292,0.93043804,1.0186048,0.9007033,0.09280326,0.45979702,1.0620517,0.96199,0.1334126,0.41848785,0.6707001,0.8128262,0.11379126,-0.16463774,0.659461,0.32423326,-0.41838935,-0.59538,0.0020752505,967.8388,801.02563,766.3736,862.674,911.8315,0.06341552734375,-0.02423095703125,0.98846435546875,2.295379638671875,-4.05242919921875,-0.306549072265625,1.0,1.0,1.0,4.0,1.0,95.0,event
11:26:12.568,1.043139,0.2551292,0.93043804,1.0186048,0.9007033,0.09280326,0.45979702,1.0620517,0.96199,0.1334126,0.41848785,0.6707001,0.8128262,0.11379126,-0.16463774,0.659461,0.32423326,-0.41838935,-0.59538,0.0020752505,777.25275,805.4579,614.87177,840.10986,857.4359,0.06341552734375,-0.02423095703125,0.98846435546875,2.295379638671875,-4.05242919921875,-0.306549072265625,1.0,1.0,1.0,4.0,1.0,95.0,event
11:26:12.569,1.043139,0.2551292,0.93043804,1.0186048,0.9007033,0.09280326,0.45979702,1.0620517,0.96199,0.1334126,0.41848785,0.6707001,0.8128262,0.11379126,-0.16463774,0.659461,0.32423326,-0.41838935,-0.59538,0.0020752505,664.43225,799.81683,503.663,838.49817,807.0696,0.06341552734375,-0.02423095703125,0.98846435546875,2.295379638671875,-4.05242919921875,-0.306549072265625,1.0,1.0,1.0,4.0,1.0,95.0,event
11:26:12.569,1.043139,0.2551292,0.93043804,1.0186048,0.9007033,0.09280326,0.45979702,1.0620517,0.96199,0.1334126,0.41848785,0.6707001,0.8128262,0.11379126,-0.16463774,0.659461,0.32423326,-0.41838935,-0.59538,0.0020752505,747.03296,801.4286,292.9304,863.8828,977.1062,0.06341552734375,-0.02423095703125,0.98846435546875,2.295379638671875,-4.05242919921875,-0.306549072265625,1.0,1.0,1.0,4.0,1.0,95.0,event
11:26:12.570,1.043139,0.2551292,0.93043804,1.0186048,0.9007033,0.09280326,0.45979702,1.0620517,0.96199,0.1334126,0.41848785,0.6707001,0.8128262,0.11379126,-0.16463774,0.659461,0.32423326,-0.41838935,-0.59538,0.0020752505,947.28937,811.0989,614.4689,874.35895,870.7326,0.06341552734375,-0.02423095703125,0.98846435546875,2.295379638671875,-4.05242919921875,-0.306549072265625,1.0,1.0,1.0,4.0,1.0,95.0,event
11:26:12.571,1.043139,0.2551292,0.93043804,1.0186048,0.9007033,0.09280326,0.45979702,1.0620517,0.96199,0.1334126,0.41848785,0.6707001,0.8128262,0.11379126,-0.16463774,0.659461,0.32423326,-0.41838935,-0.59538,0.0020752505,992.4176,806.6667,992.01465,866.7033,716.8132,0.06341552734375,-0.02423095703125,0.98846435546875,2.295379638671875,-4.05242919921875,-0.306549072265625,1.0,1.0,1.0,4.0,1.0,95.0,event
11:26:12.571,1.043139,0.2551292,0.93043804,1.0186048,0.9007033,0.09280326,0.45979702,1.0620517,0.96199,0.1334126,0.41848785,0.6707001,0.8128262,0.11379126,-0.16463774,0.659461,0.32423326,-0.41838935,-0.59538,0.0020752505,792.96704,802.23444,730.5128,855.0183,751.06226,0.06341552734375,-0.02423095703125,0.98846435546875,2.295379638671875,-4.05242919921875,-0.306549072265625,1.0,1.0,1.0,4.0,1.0,95.0,event
11:26:12.641,1.043139,0.2551292,0.93043804,1.0186048,0.9007033,0.09280326,0.45979702,1.0620517,0.96199,0.1334126,0.41848785,0.6707001,0.8128262,0.11379126,-0.16463774,0.659461,0.32423326,-0.41838935,-0.59538,0.0020752505,654.7619,801.4286,695.05493,843.73627,768.3883,0.06341552734375,-0.02423095703125,0.98846435546875,2.295379638671875,-4.05242919921875,-0.306549072265625,1.0,1.0,1.0,4.0,1.0,95.0,event
11:26:12.643,1.043139,0.2551292,0.93043804,1.0186048,0.9007033,0.09280326,0.45979702,1.0620517,0.96199,0.1334126,0.41848785,0.6707001,0.8128262,0.11379126,-0.16463774,0.659461,0.32423326,-0.41838935,-0.59538,0.0020752505,734.5421,801.02563,944.4689,850.989,731.31866,0.06341552734375,-0.02423095703125,0.98846435546875,2.295379638671875,-4.05242919921875,-0.306549072265625,1.0,1.0,1.0,4.0,1.0,95.0,event
11:26:12.648,1.043139,0.2551292,0.93043804,1.0186048,0.9007033,0.09280326,0.45979702,1.0620517,0.96199,0.1334126,0.41848785,0.6707001,0.8128262,0.11379126,-0.16463774,0.659461,0.32423326,-0.41838935,-0.59538,0.0020752505,929.15753,799.011,872.74725,856.2271,705.5311,0.06341552734375,-0.02423095703125,0.98846435546875,2.295379638671875,-4.05242919921875,-0.306549072265625,1.0,1.0,1.0,4.0,1.0,95.0,event
11:26:12.649,1.043139,0.2551292,0.93043804,1.0186048,0.9007033,0.09280326,0.45979702,1.0620517,0.96199,0.1334126,0.41848785,0.6707001,0.8128262,0.11379126,-0.16463774,0.659461,0.32423326,-0.41838935,-0.59538,0.0020752505,981.9414,799.41394,530.65936,859.45056,870.32965,0.06341552734375,-0.02423095703125,0.98846435546875,2.295379638671875,-4.05242919921875,-0.306549072265625,1.0,1.0,1.0,4.0,1.0,95.0,event
11:26:12.650,1.043139,0.2551292,0.93043804,1.0186048,0.9007033,0.09280326,0.45979702,1.0620517,0.96199,0.1334126,0.41848785,0.6707001,0.8128262,0.11379126,-0.16463774,0.659461,0.32423326,-0.41838935,-0.59538,0.0020752505,796.99634,802.6374,480.29303,844.94507,824.7985,0.06341552734375,-0.02423095703125,0.98846435546875,2.295379638671875,-4.05242919921875,-0.306549072265625,1.0,1.0,1.0,4.0,1.0,95.0,event
11:26:12.651,1.043139,0.2551292,0.93043804,1.0186048,0.9007033,0.09280326,0.45979702,1.0620517,0.96199,0.1334126,0.41848785,0.6707001,0.8128262,0.11379126,-0.16463774,0.659461,0.32423326,-0.41838935,-0.59538,0.0020752505,646.7033,804.2491,571.3553,833.2601,723.663,0.06341552734375,-0.02423095703125,0.98846435546875,2.295379638671875,-4.05242919921875,-0.306549072265625,1.0,1.0,1.0,4.0,1.0,95.0,event
11:26:12.652,1.043139,0.2551292,0.93043804,1.0186048,0.9007033,0.09280326,0.45979702,1.0620517,0.96199,0.1334126,0.41848785,0.6707001,0.8128262,0.11379126,-0.16463774,0.659461,0.32423326,-0.41838935,-0.59538,0.0020752505,709.5604,806.26373,614.87177,845.34796,752.27106,0.06341552734375,-0.02423095703125,0.98846435546875,2.295379638671875,-4.05242919921875,-0.306549072265625,1.0,1.0,1.0,4.0,1.0,95.0,event
11:26:12.652,1.043139,0.2551292,0.93043804,1.0186048,0.9007033,0.09280326,0.45979702,1.0620517,0.96199,0.1334126,0.41848785,0.6707001,0.8128262,0.11379126,-0.16463774,0.659461,0.32423326,-0.41838935,-0.59538,0.0020752505,876.3736,806.26373,396.88644,861.4652,888.0586,0.06341552734375,-0.02423095703125,0.98846435546875,2.295379638671875,-4.05242919921875,-0.306549072265625,1.0,1.0,1.0,4.0,1.0,95.0,event
11:26:12.653,1.043139,0.2551292,0.93043804,1.0186048,0.9007033,0.09280326,0.45979702,1.0620517,0.96199,0.1334126,0.41848785,0.6707001,0.8128262,0.11379126,-0.16463774,0.659461,0.32423326,-0.41838935,-0.59538,0.0020752505,958.97437,807.47253,327.17947,867.50916,952.52747,0.06341552734375,-0.02423095703125,0.98846435546875,2.295379638671875,-4.05242919921875,-0.306549072265625,1.0,1.0,1.0,4.0,1.0,95.0,event
11:26:12.654,1.043139,0.2551292,0.93043804,1.0186048,0.9007033,0.09280326,0.45979702,1.0620517,0.96199,0.1334126,0.41848785,0.6707001,0.8128262,0.11379126,-0.16463774,0.659461,0.32423326,-0.41838935,-0.59538,0.0020752505,830.84247,805.8608,844.5421,845.7509,755.89746,0.06341552734375,-0.02423095703125,0.98846435546875,2.295379638671875,-4.05242919921875,-0.306549072265625,1.0,1.0,1.0,4.0,1.0,95.0,event
11:26:12.655,1.043139,0.2551292,0.93043804,1.0186048,0.9007033,0.09280326,0.45979702,1.0620517,0.96199,0.1334126,0.41848785,0.6707001,0.8128262,0.11379126,-0.16463774,0.659461,0.32423326,-0.41838935,-0.59538,0.0020752505,647.9121,807.8755,856.63007,824.3956,744.21246,0.06341552734375,-0.02423095703125,0.98846435546875,2.295379638671875,-4.05242919921875,-0.306549072265625,1.0,1.0,1.0,4.0,1.0,95.0,event
11:26:12.655,1.043139,0.2551292,0.93043804,1.0186048,0.9007033,0.09280326,0.45979702,1.0620517,0.96199,0.1334126,0.41848785,0.6707001,0.8128262,0.11379126,-0.16463774,0.659461,0.32423326,-0.41838935,-0.59538,0.0020752505,661.6117,815.5311,729.304,838.0952,757.9121,0.06341552734375,-0.02423095703125,0.98846435546875,2.295379638671875,-4.05242919921875,-0.306549072265625,1.0,1.0,1.0,4.0,1.0,95.0,event
11:26:12.677,1.043139,0.2551292,0.93043804,1.0186048,0.9007033,0.09280326,0.45979702,1.0620517,0.96199,0.1334126,0.41848785,0.6707001,0.8128262,0.11379126,-0.16463774,0.659461,0.32423326,-0.41838935,-0.59538,0.0020752505,847.3626,821.978,882.01465,849.3773,732.9304,0.0556640625,-0.02423095703125,0.9879150390625,1.854248046875,-5.36834716796875,0.859832763671875,1.0,1.0,1.0,4.0,1.0,95.0,event
11:26:12.679,1.043139,0.2551292,0.93043804,1.0186048,0.9007033,0.09280326,0.45979702,1.0620517,0.96199,0.1334126,0.41848785,0.6707001,0.8128262,0.11379126,-0.16463774,0.659461,0.32423326,-0.41838935,-0.59538,0.0020752505,955.34796,821.1722,1039.9634,833.2601,745.42126,0.0556640625,-0.02423095703125,0.9879150390625,1.854248046875,-5.36834716796875,0.859832763671875,1.0,1.0,1.0,4.0,1.0,95.0,event
11:26:12.679,1.043139,0.2551292,0.93043804,1.0186048,0.9007033,0.09280326,0.45979702,1.0620517,0.96199,0.1334126,0.41848785,0.6707001,0.8128262,0.11379126,-0.16463774,0.659461,0.32423326,-0.41838935,-0.59538,0.0020752505,817.1429,812.3077,828.4249,798.60803,758.71796,0.0556640625,-0.02423095703125,0.9879150390625,1.854248046875,-5.36834716796875,0.859832763671875,1.0,1.0,1.0,4.0,1.0,95.0,event
11:26:12.680,1.043139,0.2551292,0.93043804,1.0186048,0.9007033,0.09280326,0.45979702,1.0620517,0.96199,0.1334126,0.41848785,0.6707001,0.8128262,0.11379126,-0.16463774,0.659461,0.32423326,-0.41838935,-0.59538,0.0020752505,602.381,828.4249,583.44324,765.56775,698.2784,0.0556640625,-0.02423095703125,0.9879150390625,1.854248046875,-5.36834716796875,0.859832763671875,1.0,1.0,1.0,4.0,1.0,95.0,event
11:26:12.681,1.043139,0.2551292,0.93043804,1.0186048,0.9007033,0.09280326,0.45979702,1.0620517,0.96199,0.1334126,0.41848785,0.6707001,0.8128262,0.11379126,-0.16463774,0.659461,0.32423326,-0.41838935,-0.59538,0.0020752505,584.65204,832.0513,776.04395,757.9121,657.1795,0.0556640625,-0.02423095703125,0.9879150390625,1.854248046875,-5.36834716796875,0.859832763671875,1.0,1.0,1.0,4.0,1.0,95.0,event
11:26:12.682,1.043139,0.2551292,0.93043804,1.0186048,0.9007033,0.09280326,0.45979702,1.0620517,0.96199,0.1334126,0.41848785,0.6707001,0.8128262,0.11379126,-0.16463774,0.659461,0.32423326,-0.41838935,-0.59538,0.0020752505,736.1539,824.7985,829.6337,751.4652,735.34796,0.0556640625,-0.02423095703125,0.9879150390625,1.854248046875,-5.36834716796875,0.859832763671875,1.0,1.0,1.0,4.0,1.0,95.0,event
11:26:12.683,1.043139,0.2551292,0.93043804,1.0186048,0.9007033,0.09280326,0.45979702,1.0620517,0.96199,0.1334126,0.41848785,0.6707001,0.8128262,0.11379126,-0.16463774,0.659461,0.32423326,-0.41838935,-0.59538,0.0020752505,842.9304,842.52747,633.00366,735.34796,896.52014,0.0556640625,-0.02423095703125,0.9879150390625,1.854248046875,-5.36834716796875,0.859832763671875,1.0,1.0,1.0,4.0,1.0,95.0,event
11:26:12.685,1.043139,0.2551292,0.93043804,1.0186048,0.9007033,0.09280326,0.45979702,1.0620517,0.96199,0.1334126,0.41848785,0.6707001,0.8128262,0.11379126,-0.16463774,0.659461,0.32423326,-0.41838935,-0.59538,0.0020752505,724.0659,870.32965,481.90475,693.8461,1029.8901,0.0556640625,-0.02423095703125,0.9879150390625,1.854248046875,-5.36834716796875,0.859832763671875,1.0,1.0,1.0,4.0,1.0,95.0,event
11:26:12.686,1.043139,0.2551292,0.93043804,1.0186048,0.9007033,0.09280326,0.45979702,1.0620517,0.96199,0.1334126,0.41848785,0.6707001,0.8128262,0.11379126,-0.16463774,0.659461,0.32423326,-0.41838935,-0.59538,0.0020752505,499.6337,887.6557,694.2491,635.82416,857.4359,0.0556640625,-0.02423095703125,0.9879150390625,1.854248046875,-5.36834716796875,0.859832763671875,1.0,1.0,1.0,4.0,1.0,95.0,event
11:26:12.687,1.043139,0.2551292,0.93043804,1.0186048,0.9007033,0.09280326,0.45979702,1.0620517,0.96199,0.1334126,0.41848785,0.6707001,0.8128262,0.11379126,-0.16463774,0.659461,0.32423326,-0.41838935,-0.59538,0.0020752505,440.40292,912.23444,970.2564,601.978,689.81683,0.0556640625,-0.02423095703125,0.9879150390625,1.854248046875,-5.36834716796875,0.859832763671875,1.0,1.0,1.0,4.0,1.0,95.0,event
11:26:12.688,1.043139,0.2551292,0.93043804,1.0186048,0.9007033,0.09280326,0.45979702,1.0620517,0.96199,0.1334126,0.41848785,0.6707001,0.8128262,0.11379126,-0.16463774,0.659461,0.32423326,-0.41838935,-0.59538,0.0020752505,545.16486,937.619,809.4872,586.6667,792.5641,0.0556640625,-0.02423095703125,0.9879150390625,1.854248046875,-5.36834716796875,0.859832763671875,1.0,1.0,1.0,4.0,1.0,95.0,event
11:26:12.689,1.043139,0.2551292,0.93043804,1.0186048,0.9007033,0.09280326,0.45979702,1.0620517,0.96199,0.1334126,0.41848785,0.6707001,0.8128262,0.11379126,-0.16463774,0.659461,0.32423326,-0.41838935,-0.59538,0.0020752505,637.4359,941.2454,224.83516,544.35895,1079.8535,0.0556640625,-0.02423095703125,0.9879150390625,1.854248046875,-5.36834716796875,0.859832763671875,1.0,1.0,1.0,4.0,1.0,95.0,event
11:26:12.712,1.043139,0.2551292,0.93043804,1.0186048,0.9007033,0.09280326,0.45979702,1.0620517,0.96199,0.1334126,0.41848785,0.6707001,0.8128262,0.11379126,-0.16463774,0.659461,0.32423326,-0.41838935,-0.59538,0.0020752505,560.07324,952.9304,459.34067,494.3956,962.6007,0.05462646484375,-0.02154541015625,0.9844970703125,2.13836669921875,-5.644989013671875,0.61309814453125,1.0,1.0,1.0,4.0,1.0,95.0,event
11:26:12.713,1.043139,0.2551292,0.93043804,1.0186048,0.9007033,0.09280326,0.45979702,1.0620517,0.96199,0.1334126,0.41848785,0.6707001,0.8128262,0.11379126,-0.16463774,0.659461,0.32423326,-0.41838935,-0.59538,0.0020752505,345.7143,966.63007,934.3956,460.1465,712.381,0.05462646484375,-0.02154541015625,0.9844970703125,2.13836669921875,-5.644989013671875,0.61309814453125,1.0,1.0,1.0,4.0,1.0,95.0,event
11:26:12.714,1.043139,0.2551292,0.93043804,1.0186048,0.9007033,0.09280326,0.45979702,1.0620517,0.96199,0.1334126,0.41848785,0.6707001,0.8128262,0.11379126,-0.16463774,0.659461,0.32423326,-0.41838935,-0.59538,0.0020752505,257.0696,975.4945,761.53845,435.56778,736.1539,0.05462646484375,-0.02154541015625,0.9844970703125,2.13836669921875,-5.644989013671875,0.61309814453125,1.0,1.0,1.0,4.0,1.0,95.0,event
11:26:12.715,1.043139,0.2551292,0.93043804,1.0186048,0.9007033,0.09280326,0.45979702,1.0620517,0.96199,0.1334126,0.41848785,0.6707001,0.8128262,0.11379126,-0.16463774,0.659461,0.32423326,-0.41838935,-0.59538,0.0020752505,401.3187,978.315,819.9634,452.08792,752.674,0.05462646484375,-0.02154541015625,0.9844970703125,2.13836669921875,-5.644989013671875,0.61309814453125,1.0,1.0,1.0,4.0,1.0,95.0,event
11:26:12.719,1.043139,0.2551292,0.93043804,1.0186048,0.9007033,0.09280326,0.45979702,1.0620517,0.96199,0.1334126,0.41848785,0.6707001,0.8128262,0.11379126,-0.16463774,0.659461,0.32423326,-0.41838935,-0.59538,0.0020752505,587.0696,975.89746,1027.0696,476.26373,796.5934,0.05462646484375,-0.02154541015625,0.9844970703125,2.13836669921875,-5.644989013671875,0.61309814453125,1.0,1.0,1.0,4.0,1.0,95.0,event
11:26:12.719,1.043139,0.2551292,0.93043804,1.0186048,0.9007033,0.09280326,0.45979702,1.0620517,0.96199,0.1334126,0.41848785,0.6707001,0.8128262,0.11379126,-0.16463774,0.659461,0.32423326,-0.41838935,-0.59538,0.0020752505,550.40295,969.0476,883.6264,469.81686,817.1429,0.05462646484375,-0.02154541015625,0.9844970703125,2.13836669921875,-5.644989013671875,0.61309814453125,1.0,1.0,1.0,4.0,1.0,95.0,event
11:26:12.720,1.043139,0.2551292,0.93043804,1.0186048,0.9007033,0.09280326,0.45979702,1.0620517,0.96199,0.1334126,0.41848785,0.6707001,0.8128262,0.11379126,-0.16463774,0.659461,0.32423326,-0.41838935,-0.59538,0.0020752505,342.08792,965.42126,314.2857,461.35532,938.022,0.05462646484375,-0.02154541015625,0.9844970703125,2.13836669921875,-5.644989013671875,0.61309814453125,1.0,1.0,1.0,4.0,1.0,95.0,event
11:26:12.720,1.043139,0.2551292,0.93043804,1.0186048,0.9007033,0.09280326,0.45979702,1.0620517,0.96199,0.1334126,0.41848785,0.6707001,0.8128262,0.11379126,-0.16463774,0.659461,0.32423326,-0.41838935,-0.59538,0.0020752505,284.06595,967.03296,229.2674,477.47253,970.2564,0.05462646484375,-0.02154541015625,0.9844970703125,2.13836669921875,-5.644989013671875,0.61309814453125,1.0,1.0,1.0,4.0,1.0,95.0,event
11:26:12.721,1.043139,0.2551292,0.93043804,1.0186048,0.9007033,0.09280326,0.45979702,1.0620517,0.96199,0.1334126,0.41848785,0.6707001,0.8128262,0.11379126,-0.16463774,0.659461,0.32423326,-0.41838935,-0.59538,0.0020752505,431.53845,960.58606,842.9304,502.05127,741.79486,0.05462646484375,-0.02154541015625,0.9844970703125,2.13836669921875,-5.644989013671875,0.61309814453125,1.0,1.0,1.0,4.0,1.0,95.0,event
11:26:12.722,1.043139,0.2551292,0.93043804,1.0186048,0.9007033,0.09280326,0.45979702,1.0620517,0.96199,0.1334126,0.41848785,0.6707001,0.8128262,0.11379126,-0.16463774,0.659461,0.32423326,-0.41838935,-0.59538,0.0020752505,616.08057,943.2601,890.4762,523.8095,797.3993,0.05462646484375,-0.02154541015625,0.9844970703125,2.13836669921875,-5.644989013671875,0.61309814453125,1.0,1.0,1.0,4.0,1.0,95.0,event
11:26:12.722,1.043139,0.2551292,0.93043804,1.0186048,0.9007033,0.09280326,0.45979702,1.0620517,0.96199,0.1334126,0.41848785,0.6707001,0.8128262,0.11379126,-0.16463774,0.659461,0.32423326,-0.41838935,-0.59538,0.0020752505,622.9304,944.87177,616.4835,528.6447,867.1062,0.05462646484375,-0.02154541015625,0.9844970703125,2.13836669921875,-5.644989013671875,0.61309814453125,1.0,1.0,1.0,4.0,1.0,95.0,event
11:26:12.723,1.043139,0.2551292,0.93043804,1.0186048,0.9007033,0.09280326,0.45979702,1.0620517,0.96199,0.1334126,0.41848785,0.6707001,0.8128262,0.11379126,-0.16463774,0.659461,0.32423326,-0.41838935,-0.59538,0.0020752505,424.68866,950.5128,692.6374,503.663,804.65204,0.05462646484375,-0.02154541015625,0.9844970703125,2.13836669921875,-5.644989013671875,0.61309814453125,1.0,1.0,1.0,4.0,1.0,95.0,event
11:26:12.792,1.043139,0.2551292,0.93043804,1.0186048,0.9007033,0.09280326,0.45979702,1.0620517,0.96199,0.1334126,0.41848785,0.6707001,0.8128262,0.11379126,-0.16463774,0.659461,0.32423326,-0.41838935,-0.59538,0.0020752505,334.43222,942.8571,941.6484,506.88644,746.2271,0.07086181640625,-0.0244140625,0.98516845703125,2.175750732421875,-5.24871826171875,-0.067291259765625,1.0,1.0,1.0,4.0,1.0,95.0,event
11:26:12.793,1.043139,0.2551292,0.93043804,1.0186048,0.9007033,0.09280326,0.45979702,1.0620517,0.96199,0.1334126,0.41848785,0.6707001,0.8128262,0.11379126,-0.16463774,0.659461,0.32423326,-0.41838935,-0.59538,0.0020752505,457.32602,939.2308,885.64105,541.9414,777.6557,0.07086181640625,-0.0244140625,0.98516845703125,2.175750732421875,-5.24871826171875,-0.067291259765625,1.0,1.0,1.0,4.0,1.0,95.0,event
11:26:12.794,1.043139,0.2551292,0.93043804,1.0186048,0.9007033,0.09280326,0.45979702,1.0620517,0.96199,0.1334126,0.41848785,0.6707001,0.8128262,0.11379126,-0.16463774,0.659461,0.32423326,-0.41838935,-0.59538,0.0020752505,664.43225,938.022,815.9341,571.3553,807.0696,0.07086181640625,-0.0244140625,0.98516845703125,2.175750732421875,-5.24871826171875,-0.067291259765625,1.0,1.0,1.0,4.0,1.0,95.0,event
11:26:12.795,1.043139,0.2551292,0.93043804,1.0186048,0.9007033,0.09280326,0.45979702,1.0620517,0.96199,0.1334126,0.41848785,0.6707001,0.8128262,0.11379126,-0.16463774,0.659461,0.32423326,-0.41838935,-0.59538,0.0020752505,705.12823,933.9927,899.34064,572.5641,739.3773,0.07086181640625,-0.0244140625,0.98516845703125,2.175750732421875,-5.24871826171875,-0.067291259765625,1.0,1.0,1.0,4.0,1.0,95.0,event
11:26:12.796,1.043139,0.2551292,0.93043804,1.0186048,0.9007033,0.09280326,0.45979702,1.0620517,0.96199,0.1334126,0.41848785,0.6707001,0.8128262,0.11379126,-0.16463774,0.659461,0.32423326,-0.41838935,-0.59538,0.0020752505,520.18317,923.5165,830.4396,572.1612,662.8205,0.07086181640625,-0.0244140625,0.98516845703125,2.175750732421875,-5.24871826171875,-0.067291259765625,1.0,1.0,1.0,4.0,1.0,95.0,event
11:26:12.796,1.043139,0.2551292,0.93043804,1.0186048,0.9007033,0.09280326,0.45979702,1.0620517,0.96199,0.1334126,0.41848785,0.6707001,0.8128262,0.11379126,-0.16463774,0.659461,0.32423326,-0.41838935,-0.59538,0.0020752505,398.49817,910.2198,589.4872,595.12823,788.5348,0.07086181640625,-0.0244140625,0.98516845703125,2.175750732421875,-5.24871826171875,-0.067291259765625,1.0,1.0,1.0,4.0,1.0,95.0,event
11:26:12.797,1.043139,0.2551292,0.93043804,1.0186048,0.9007033,0.09280326,0.45979702,1.0620517,0.96199,0.1334126,0.41848785,0.6707001,0.8128262,0.11379126,-0.16463774,0.659461,0.32423326,-0.41838935,-0.59538,0.0020752505,496.41025,902.5641,289.70697,628.5714,1053.2601,0.07086181640625,-0.0244140625,0.98516845703125,2.175750732421875,-5.24871826171875,-0.067291259765625,1.0,1.0,1.0,4.0,1.0,95.0,event
11:26:12.798,1.043139,0.2551292,0.93043804,1.0186048,0.9007033,0.09280326,0.45979702,1.0620517,0.96199,0.1334126,0.41848785,0.6707001,0.8128262,0.11379126,-0.16463774,0.659461,0.32423326,-0.41838935,-0.59538,0.0020752505,719.2308,896.52014,579.011,662.01465,950.10986,0.07086181640625,-0.0244140625,0.98516845703125,2.175750732421875,-5.24871826171875,-0.067291259765625,1.0,1.0,1.0,4.0,1.0,95.0,event
11:26:12.798,1.043139,0.2551292,0.93043804,1.0186048,0.9007033,0.09280326,0.45979702,1.0620517,0.96199,0.1334126,0.41848785,0.6707001,0.8128262,0.11379126,-0.16463774,0.659461,0.32423326,-0.41838935,-0.59538,0.0020752505,806.26373,882.8205,994.0293,676.1172,711.978,0.07086181640625,-0.0244140625,0.98516845703125,2.175750732421875,-5.24871826171875,-0.067291259765625,1.0,1.0,1.0,4.0,1.0,95.0,event
11:26:12.799,1.043139,0.2551292,0.93043804,1.0186048,0.9007033,0.09280326,0.45979702,1.0620517,0.96199,0.1334126,0.41848785,0.6707001,0.8128262,0.11379126,-0.16463774,0.659461,0.32423326,-0.41838935,-0.59538,0.0020752505,656.77655,866.30035,653.95605,686.99634,793.7729,0.07086181640625,-0.0244140625,0.98516845703125,2.175750732421875,-5.24871826171875,-0.067291259765625,1.0,1.0,1.0,4.0,1.0,95.0,event
11:26:12.800,1.043139,0.2551292,0.93043804,1.0186048,0.9007033,0.09280326,0.45979702,1.0620517,0.96199,0.1334126,0.41848785,0.6707001,0.8128262,0.11379126,-0.16463774,0.659461,0.32423326,-0.41838935,-0.59538,0.0020752505,539.5238,855.42126,425.09158,714.7985,787.72894,0.07086181640625,-0.0244140625,0.98516845703125,2.175750732421875,-5.24871826171875,-0.067291259765625,1.0,1.0,1.0,4.0,1.0,95.0,event
11:26:12.801,1.043139,0.2551292,0.93043804,1.0186048,0.9007033,0.09280326,0.45979702,1.0620517,0.96199,0.1334126,0.41848785,0.6707001,0.8128262,0.11379126,-0.16463774,0.659461,0.32423326,-0.41838935,-0.59538,0.0020752505,622.52747,848.97437,787.326,741.39197,658.3883,0.07086181640625,-0.0244140625,0.98516845703125,2.175750732421875,-5.24871826171875,-0.067291259765625,1.0,1.0,1.0,4.0,1.0,95.0,event
11:26:12.836,1.043139,0.2551292,0.93043804,1.0186048,0.9007033,0.09280326,0.45979702,1.0620517,0.96199,0.1334126,0.41848785,0.6707001,0.8128262,0.11379126,-0.16463774,0.659461,0.32423326,-0.41838935,-0.59538,0.0020752505,819.15753,838.0952,809.4872,772.8205,753.47986,0.0609130859375,-0.01708984375,0.98974609375,2.64678955078125,-4.717864990234375,0.934600830078125,1.0,1.0,1.0,4.0,1.0,95.0,event
11:26:12.837,1.043139,0.2551292,0.93043804,1.0186048,0.9007033,0.09280326,0.45979702,1.0620517,0.96199,0.1334126,0.41848785,0.6707001,0.8128262,0.11379126,-0.16463774,0.659461,0.32423326,-0.41838935,-0.59538,0.0020752505,926.337,830.84247,536.30035,816.7399,903.36993,0.0609130859375,-0.01708984375,0.98974609375,2.64678955078125,-4.717864990234375,0.934600830078125,1.0,1.0,1.0,4.0,1.0,95.0,event
11:26:12.838,1.043139,0.2551292,0.93043804,1.0186048,0.9007033,0.09280326,0.45979702,1.0620517,0.96199,0.1334126,0.41848785,0.6707001,0.8128262,0.11379126,-0.16463774,0.659461,0.32423326,-0.41838935,-0.59538,0.0020752505,806.26373,823.5897,559.67035,841.31866,919.0842,0.0609130859375,-0.01708984375,0.98974609375,2.64678955078125,-4.717864990234375,0.934600830078125,1.0,1.0,1.0,4.0,1.0,95.0,event
11:26:12.839,1.043139,0.2551292,0.93043804,1.0186048,0.9007033,0.09280326,0.45979702,1.0620517,0.96199,0.1334126,0.41848785,0.6707001,0.8128262,0.11379126,-0.16463774,0.659461,0.32423326,-0.41838935,-0.59538,0.0020752505,666.8498,813.1135,841.7216,853.00366,753.0769,0.0609130859375,-0.01708984375,0.98974609375,2.64678955078125,-4.717864990234375,0.934600830078125,1.0,1.0,1.0,4.0,1.0,95.0,event
11:26:12.839,1.043139,0.2551292,0.93043804,1.0186048,0.9007033,0.09280326,0.45979702,1.0620517,0.96199,0.1334126,0.41848785,0.6707001,0.8128262,0.11379126,-0.16463774,0.659461,0.32423326,-0.41838935,-0.59538,0.0020752505,711.1722,804.2491,887.25275,882.01465,714.7985,0.0609130859375,-0.01708984375,0.98974609375,2.64678955078125,-4.717864990234375,0.934600830078125,1.0,1.0,1.0,4.0,1.0,95.0,event
11:26:12.840,1.043139,0.2551292,0.93043804,1.0186048,0.9007033,0.09280326,0.45979702,1.0620517,0.96199,0.1334126,0.41848785,0.6707001,0.8128262,0.11379126,-0.16463774,0.659461,0.32423326,-0.41838935,-0.59538,0.0020752505,915.05493,797.8022,723.2601,915.8608,824.7985,0.0609130859375,-0.01708984375,0.98974609375,2.64678955078125,-4.717864990234375,0.934600830078125,1.0,1.0,1.0,4.0,1.0,95.0,event
11:26:12.844,1.043139,0.2551292,0.93043804,1.0186048,0.9007033,0.09280326,0.45979702,1.0620517,0.96199,0.1334126,0.41848785,0.6707001,0.8128262,0.11379126,-0.16463774,0.659461,0.32423326,-0.41838935,-0.59538,0.0020752505,1044.7986,788.93774,544.7619,945.2747,875.9707,0.0609130859375,-0.01708984375,0.98974609375,2.64678955078125,-4.717864990234375,0.934600830078125,1.0,1.0,1.0,4.0,1.0,95.0,event
11:26:12.845,1.043139,0.2551292,0.93043804,1.0186048,0.9007033,0.09280326,0.45979702,1.0620517,0.96199,0.1334126,0.41848785,0.6707001,0.8128262,0.11379126,-0.16463774,0.659461,0.32423326,-0.41838935,-0.59538,0.0020752505,936.0073,786.1172,636.2271,953.3333,759.92676,0.0609130859375,-0.01708984375,0.98974609375,2.64678955078125,-4.717864990234375,0.934600830078125,1.0,1.0,1.0,4.0,1.0,95.0,event
11:26:12.846,1.043139,0.2551292,0.93043804,1.0186048,0.9007033,0.09280326,0.45979702,1.0620517,0.96199,0.1334126,0.41848785,0.6707001,0.8128262,0.11379126,-0.16463774,0.659461,0.32423326,-0.41838935,-0.59538,0.0020752505,772.4176,779.2674,814.7253,952.52747,631.39197,0.0609130859375,-0.01708984375,0.98974609375,2.64678955078125,-4.717864990234375,0.934600830078125,1.0,1.0,1.0,4.0,1.0,95.0,event
11:26:12.847,1.043139,0.2551292,0.93043804,1.0186048,0.9007033,0.09280326,0.45979702,1.0620517,0.96199,0.1334126,0.41848785,0.6707001,0.8128262,0.11379126,-0.16463774,0.659461,0.32423326,-0.41838935,-0.59538,0.0020752505,774.83514,765.56775,373.51648,976.30035,874.7619,0.0609130859375,-0.01708984375,0.98974609375,2.64678955078125,-4.717864990234375,0.934600830078125,1.0,1.0,1.0,4.0,1.0,95.0,event
11:26:12.847,1.043139,0.2551292,0.93043804,1.0186048,0.9007033,0.09280326,0.45979702,1.0620517,0.96199,0.1334126,0.41848785,0.6707001,0.8128262,0.11379126,-0.16463774,0.659461,0.32423326,-0.41838935,-0.59538,0.0020752505,972.674,767.5824,307.43588,1012.1612,986.3736,0.0609130859375,-0.01708984375,0.98974609375,2.64678955078125,-4.717864990234375,0.934600830078125,1.0,1.0,1.0,4.0,1.0,95.0,event
11:26:12.848,1.043139,0.2551292,0.93043804,1.0186048,0.9007033,0.09280326,0.45979702,1.0620517,0.96199,0.1334126,0.41848785,0.6707001,0.8128262,0.11379126,-0.16463774,0.659461,0.32423326,-0.41838935,-0.59538,0.0020752505,1134.652,772.01465,922.3077,1015.78754,730.5128,0.0609130859375,-0.01708984375,0.98974609375,2.64678955078125,-4.717864990234375,0.934600830078125,1.0,1.0,1.0,4.0,1.0,95.0,event
11:26:12.872,1.043139,0.2551292,0.93043804,1.0186048,0.9007033,0.09280326,0.45979702,1.0620517,0.96199,0.1334126,0.41848785,0.6707001,0.8128262,0.11379126,-0.16463774,0.659461,0.32423326,-0.41838935,-0.59538,0.0020752505,1037.9487,764.7619,845.7509,1012.5641,766.77655,0.0609130859375,-0.01708984375,0.98974609375,2.64678955078125,-4.717864990234375,0.934600830078125,1.0,1.0,1.0,4.0,1.0,95.0,event
11:26:12.873,1.043139,0.2551292,0.93043804,1.0186048,0.9007033,0.09280326,0.45979702,1.0620517,0.96199,0.1334126,0.41848785,0.6707001,0.8128262,0.11379126,-0.16463774,0.659461,0.32423326,-0.41838935,-0.59538,0.0020752505,853.4066,760.32965,665.64105,1013.36993,836.08057,0.0609130859375,-0.01708984375,0.98974609375,2.64678955078125,-4.717864990234375,0.934600830078125,1.0,1.0,1.0,4.0,1.0,95.0,event
11:26:12.874,1.043139,0.2551292,0.93043804,1.0186048,0.9007033,0.09280326,0.45979702,1.0620517,0.96199,0.1334126,0.41848785,0.6707001,0.8128262,0.11379126,-0.16463774,0.659461,0.32423326,-0.41838935,-0.59538,0.0020752505,830.84247,759.12085,842.9304,1015.38464,810.696,0.0609130859375,-0.01708984375,0.98974609375,2.64678955078125,-4.717864990234375,0.934600830078125,1.0,1.0,1.0,4.0,1.0,95.0,event
11:26:12.875,1.043139,0.2551292,0.93043804,1.0186048,0.9007033,0.09280326,0.45979702,1.0620517,0.96199,0.1334126,0.41848785,0.6707001,0.8128262,0.11379126,-0.16463774,0.659461,0.32423326,-0.41838935,-0.59538,0.0020752505,1007.72894,758.315,867.9121,1034.7252,821.978,0.0609130859375,-0.01708984375,0.98974609375,2.64678955078125,-4.717864990234375,0.934600830078125,1.0,1.0,1.0,4.0,1.0,95.0,event
11:26:12.876,1.043139,0.2551292,0.93043804,1.0186048,0.9007033,0.09280326,0.45979702,1.0620517,0.96199,0.1334126,0.41848785,0.6707001,0.8128262,0.11379126,-0.16463774,0.659461,0.32423326,-0.41838935,-0.59538,0.0020752505,1164.0659,756.30035,670.4762,1048.4249,864.2857,0.0609130859375,-0.01708984375,0.98974609375,2.64678955078125,-4.717864990234375,0.934600830078125,1.0,1.0,1.0,4.0,1.0,95.0,event
11:26:12.877,1.043139,0.2551292,0.93043804,1.0186048,0.9007033,0.09280326,0.45979702,1.0620517,0.96199,0.1334126,0.41848785,0.6707001,0.8128262,0.11379126,-0.16463774,0.659461,0.32423326,-0.41838935,-0.59538,0.0020752505,1083.0769,758.71796,278.82785,1036.7399,990.0,0.0609130859375,-0.01708984375,0.98974609375,2.64678955078125,-4.717864990234375,0.934600830078125,1.0,1.0,1.0,4.0,1.0,95.0,event
11:26:12.877,1.043139,0.2551292,0.93043804,1.0186048,0.9007033,0.09280326,0.45979702,1.0620517,0.96199,0.1334126,0.41848785,0.6707001,0.8128262,0.11379126,-0.16463774,0.659461,0.32423326,-0.41838935,-0.59538,0.0020752505,901.3553,762.74725,287.69232,1023.44324,913.8461,0.0609130859375,-0.01708984375,0.98974609375,2.64678955078125,-4.717864990234375,0.934600830078125,1.0,1.0,1.0,4.0,1.0,95.0,event
11:26:12.878,1.043139,0.2551292,0.93043804,1.0186048,0.9007033,0.09280326,0.45979702,1.0620517,0.96199,0.1334126,0.41848785,0.6707001,0.8128262,0.11379126,-0.16463774,0.659461,0.32423326,-0.41838935,-0.59538,0.0020752505,860.2564,753.47986,771.2088,1024.249,728.0952,0.0609130859375,-0.01708984375,0.98974609375,2.64678955078125,-4.717864990234375,0.934600830078125,1.0,1.0,1.0,4.0,1.0,95.0,event
11:26:12.879,1.043139,0.2551292,0.93043804,1.0186048,0.9007033,0.09280326,0.45979702,1.0620517,0.96199,0.1334126,0.41848785,0.6707001,0.8128262,0.11379126,-0.16463774,0.659461,0.32423326,-0.41838935,-0.59538,0.0020752505,989.59705,748.24176,749.45056,1039.5604,808.2784,0.0609130859375,-0.01708984375,0.98974609375,2.64678955078125,-4.717864990234375,0.934600830078125,1.0,1.0,1.0,4.0,1.0,95.0,event
11:26:12.880,1.043139,0.2551292,0.93043804,1.0186048,0.9007033,0.09280326,0.45979702,1.0620517,0.96199,0.1334126,0.41848785,0.6707001,0.8128262,0.11379126,-0.16463774,0.659461,0.32423326,-0.41838935,-0.59538,0.0020752505,1162.4542,757.9121,531.4652,1057.2894,923.91943,0.0609130859375,-0.01708984375,0.98974609375,2.64678955078125,-4.717864990234375,0.934600830078125,1.0,1.0,1.0,4.0,1.0,95.0,event
11:26:12.880,1.043139,0.2551292,0.93043804,1.0186048,0.9007033,0.09280326,0.45979702,1.0620517,0.96199,0.1334126,0.41848785,0.6707001,0.8128262,0.11379126,-0.16463774,0.659461,0.32423326,-0.41838935,-0.59538,0.0020752505,1123.37,757.1062,753.0769,1036.337,733.73627,0.0609130859375,-0.01708984375,0.98974609375,2.64678955078125,-4.717864990234375,0.934600830078125,1.0,1.0,1.0,4.0,1.0,95.0,event
11:26:12.881,1.043139,0.2551292,0.93043804,1.0186048,0.9007033,0.09280326,0.45979702,1.0620517,0.96199,0.1334126,0.41848785,0.6707001,0.8128262,0.11379126,-0.16463774,0.659461,0.32423326,-0.41838935,-0.59538,0.0020752505,910.6227,752.674,844.5421,1013.7729,667.25275,0.0609130859375,-0.01708984375,0.98974609375,2.64678955078125,-4.717864990234375,0.934600830078125,1.0,1.0,1.0,4.0,1.0,95.0,event
11:26:12.914,1.043139,0.2551292,0.93043804,1.0186048,0.9007033,0.09280326,0.45979702,1.0620517,0.96199,0.1334126,0.41848785,0.6707001,0.8128262,0.11379126,-0.16463774,0.659461,0.32423326,-0.41838935,-0.59538,0.0020752505,820.3663,757.9121,668.86444,1008.1319,751.8681,0.06689453125,-0.0242919921875,0.9810791015625,2.265472412109375,-2.115936279296875,0.34393310546875,1.0,1.0,1.0,4.0,1.0,95.0,event
11:26:12.915,1.043139,0.2551292,0.93043804,1.0186048,0.9007033,0.09280326,0.45979702,1.0620517,0.96199,0.1334126,0.41848785,0.6707001,0.8128262,0.11379126,-0.16463774,0.659461,0.32423326,-0.41838935,-0.59538,0.0020752505,938.022,762.3443,731.31866,1008.1319,774.0293,0.06689453125,-0.0242919921875,0.9810791015625,2.265472412109375,-2.115936279296875,0.34393310546875,1.0,1.0,1.0,4.0,1.0,95.0,event
11:26:12.916,1.043139,0.2551292,0.93043804,1.0186048,0.9007033,0.09280326,0.45979702,1.0620517,0.96199,0.1334126,0.41848785,0.6707001,0.8128262,0.11379126,-0.16463774,0.659461,0.32423326,-0.41838935,-0.59538,0.0020752505,1129.011,764.35895,996.4469,1017.3993,774.43225,0.06689453125,-0.0242919921875,0.9810791015625,2.265472412109375,-2.115936279296875,0.34393310546875,1.0,1.0,1.0,4.0,1.0,95.0,event
11:26:12.917,1.043139,0.2551292,0.93043804,1.0186048,0.9007033,0.09280326,0.45979702,1.0620517,0.96199,0.1334126,0.41848785,0.6707001,0.8128262,0.11379126,-0.16463774,0.659461,0.32423326,-0.41838935,-0.59538,0.0020752505,1117.326,764.35895,915.4579,1010.14655,732.9304,0.06689453125,-0.0242919921875,0.9810791015625,2.265472412109375,-2.115936279296875,0.34393310546875,1.0,1.0,1.0,4.0,1.0,95.0,event
11:26:12.917,1.043139,0.2551292,0.93043804,1.0186048,0.9007033,0.09280326,0.45979702,1.0620517,0.96199,0.1334126,0.41848785,0.6707001,0.8128262,0.11379126,-0.16463774,0.659461,0.32423326,-0.41838935,-0.59538,0.0020752505,897.326,765.56775,597.1429,981.13556,701.0989,0.06689453125,-0.0242919921875,0.9810791015625,2.265472412109375,-2.115936279296875,0.34393310546875,1.0,1.0,1.0,4.0,1.0,95.0,event
11:26:12.918,1.043139,0.2551292,0.93043804,1.0186048,0.9007033,0.09280326,0.45979702,1.0620517,0.96199,0.1334126,0.41848785,0.6707001,0.8128262,0.11379126,-0.16463774,0.659461,0.32423326,-0.41838935,-0.59538,0.0020752505,786.9231,767.98535,457.72894,973.8828,779.2674,0.06689453125,-0.0242919921875,0.9810791015625,2.265472412109375,-2.115936279296875,0.34393310546875,1.0,1.0,1.0,4.0,1.0,95.0,event
11:26:12.919,1.043139,0.2551292,0.93043804,1.0186048,0.9007033,0.09280326,0.45979702,1.0620517,0.96199,0.1334126,0.41848785,0.6707001,0.8128262,0.11379126,-0.16463774,0.659461,0.32423326,-0.41838935,-0.59538,0.0020752505,888.0586,766.77655,558.0586,988.3883,811.9048,0.06689453125,-0.0242919921875,0.9810791015625,2.265472412109375,-2.115936279296875,0.34393310546875,1.0,1.0,1.0,4.0,1.0,95.0,event
11:26:12.920,1.043139,0.2551292,0.93043804,1.0186048,0.9007033,0.09280326,0.45979702,1.0620517,0.96199,0.1334126,0.41848785,0.6707001,0.8128262,0.11379126,-0.16463774,0.659461,0.32423326,-0.41838935,-0.59538,0.0020752505,1076.227,765.16486,654.7619,1000.87915,782.8938,0.06689453125,-0.0242919921875,0.9810791015625,2.265472412109375,-2.115936279296875,0.34393310546875,1.0,1.0,1.0,4.0,1.0,95.0,event
11:26:12.922,,,,,,,,,,,,,,,,,,,,,,,,,,,,,,,,,,,,,,blink
11:26:12.924,1.043139,0.2551292,0.93043804,1.0186048,0.9007033,0.09280326,0.45979702,1.0620517,0.96199,0.1334126,0.41848785,0.6707001,0.8128262,0.11379126,-0.16463774,0.659461,0.32423326,-0.41838935,-0.59538,0.0020752505,1089.5238,767.98535,336.84982,987.1795,917.8755,0.06689453125,-0.0242919921875,0.9810791015625,2.265472412109375,-2.115936279296875,0.34393310546875,1.0,1.0,1.0,4.0,1.0,95.0,event
11:26:12.924,1.043139,0.2551292,0.93043804,1.0186048,0.9007033,0.09280326,0.45979702,1.0620517,0.96199,0.1334126,0.41848785,0.6707001,0.8128262,0.11379126,-0.16463774,0.659461,0.32423326,-0.41838935,-0.59538,0.0020752505,877.1795,774.0293,74.13919,960.58606,963.00366,0.06689453125,-0.0242919921875,0.9810791015625,2.265472412109375,-2.115936279296875,0.34393310546875,1.0,1.0,1.0,4.0,1.0,95.0,event
11:26:12.925,1.043139,0.2551292,0.93043804,1.0186048,0.9007033,0.09280326,0.45979702,1.0620517,0.96199,0.1334126,0.41848785,0.6707001,0.8128262,0.11379126,-0.16463774,0.659461,0.32423326,-0.41838935,-0.59538,0.0020752505,769.59705,783.69965,558.46155,950.5128,731.7216,0.06689453125,-0.0242919921875,0.9810791015625,2.265472412109375,-2.115936279296875,0.34393310546875,1.0,1.0,1.0,4.0,1.0,95.0,event
11:26:12.926,1.043139,0.2551292,0.93043804,1.0186048,0.9007033,0.09280326,0.45979702,1.0620517,0.96199,0.1334126,0.41848785,0.6707001,0.8128262,0.11379126,-0.16463774,0.659461,0.32423326,-0.41838935,-0.59538,0.0020752505,850.989,781.28204,768.3883,946.08057,665.2381,0.06689453125,-0.0242919921875,0.9810791015625,2.265472412109375,-2.115936279296875,0.34393310546875,1.0,1.0,1.0,4.0,1.0,95.0,event
11:26:12.954,1.043139,0.2551292,0.93043804,1.0186048,0.9007033,0.09280326,0.45979702,1.0620517,0.96199,0.1334126,0.41848785,0.6707001,0.8128262,0.11379126,-0.16463774,0.659461,0.32423326,-0.41838935,-0.59538,0.0020752505,1039.5604,782.8938,759.92676,951.7216,759.12085,0.06048583984375,-0.0169677734375,0.98455810546875,2.27294921875,-2.205657958984375,1.472930908203125,1.0,1.0,1.0,4.0,1.0,95.0,event
11:26:12.956,1.043139,0.2551292,0.93043804,1.0186048,0.9007033,0.09280326,0.45979702,1.0620517,0.96199,0.1334126,0.41848785,0.6707001,0.8128262,0.11379126,-0.16463774,0.659461,0.32423326,-0.41838935,-0.59538,0.0020752505,881.6117,789.7436,870.7326,930.3663,753.47986,0.06048583984375,-0.0169677734375,0.98455810546875,2.27294921875,-2.205657958984375,1.472930908203125,1.0,1.0,1.0,4.0,1.0,95.0,event
11:26:12.956,1.043139,0.2551292,0.93043804,1.0186048,0.9007033,0.09280326,0.45979702,1.0620517,0.96199,0.1334126,0.41848785,0.6707001,0.8128262,0.11379126,-0.16463774,0.659461,0.32423326,-0.41838935,-0.59538,0.0020752505,1083.0769,790.9524,904.9817,944.0659,806.6667,0.06048583984375,-0.0169677734375,0.98455810546875,2.27294921875,-2.205657958984375,1.472930908203125,1.0,1.0,1.0,4.0,1.0,95.0,event
11:26:12.957,1.043139,0.2551292,0.93043804,1.0186048,0.9007033,0.09280326,0.45979702,1.0620517,0.96199,0.1334126,0.41848785,0.6707001,0.8128262,0.11379126,-0.16463774,0.659461,0.32423326,-0.41838935,-0.59538,0.0020752505,733.73627,790.14655,651.9414,910.2198,721.6484,0.06048583984375,-0.0169677734375,0.98455810546875,2.27294921875,-2.205657958984375,1.472930908203125,1.0,1.0,1.0,4.0,1.0,95.0,event
11:26:12.958,1.043139,0.2551292,0.93043804,1.0186048,0.9007033,0.09280326,0.45979702,1.0620517,0.96199,0.1334126,0.41848785,0.6707001,0.8128262,0.11379126,-0.16463774,0.659461,0.32423326,-0.41838935,-0.59538,0.0020752505,796.99634,795.38464,613.663,904.17584,770.0,0.06048583984375,-0.0169677734375,0.98455810546875,2.27294921875,-2.205657958984375,1.472930908203125,1.0,1.0,1.0,4.0,1.0,95.0,event
11:26:12.959,1.043139,0.2551292,0.93043804,1.0186048,0.9007033,0.09280326,0.45979702,1.0620517,0.96199,0.1334126,0.41848785,0.6707001,0.8128262,0.11379126,-0.16463774,0.659461,0.32423326,-0.41838935,-0.59538,0.0020752505,979.5238,796.1905,677.72894,928.3516,845.34796,0.06048583984375,-0.0169677734375,0.98455810546875,2.27294921875,-2.205657958984375,1.472930908203125,1.0,1.0,1.0,4.0,1.0,95.0,event
11:26:12.959,1.043139,0.2551292,0.93043804,1.0186048,0.9007033,0.09280326,0.45979702,1.0620517,0.96199,0.1334126,0.41848785,0.6707001,0.8128262,0.11379126,-0.16463774,0.659461,0.32423326,-0.41838935,-0.59538,0.0020752505,1049.6337,798.20514,650.32965,934.7985,925.12823,0.06048583984375,-0.0169677734375,0.98455810546875,2.27294921875,-2.205657958984375,1.472930908203125,1.0,1.0,1.0,4.0,1.0,95.0,event
11:26:12.960,1.043139,0.2551292,0.93043804,1.0186048,0.9007033,0.09280326,0.45979702,1.0620517,0.96199,0.1334126,0.41848785,0.6707001,0.8128262,0.11379126,-0.16463774,0.659461,0.32423326,-0.41838935,-0.59538,0.0020752505,889.2674,804.65204,497.21613,919.0842,919.4872,0.06048583984375,-0.0169677734375,0.98455810546875,2.27294921875,-2.205657958984375,1.472930908203125,1.0,1.0,1.0,4.0,1.0,95.0,event
11:26:12.960,1.043139,0.2551292,0.93043804,1.0186048,0.9007033,0.09280326,0.45979702,1.0620517,0.96199,0.1334126,0.41848785,0.6707001,0.8128262,0.11379126,-0.16463774,0.659461,0.32423326,-0.41838935,-0.59538,0.0020752505,718.4249,803.44324,145.45787,899.7436,931.1722,0.06048583984375,-0.0169677734375,0.98455810546875,2.27294921875,-2.205657958984375,1.472930908203125,1.0,1.0,1.0,4.0,1.0,95.0,event
11:26:12.961,1.043139,0.2551292,0.93043804,1.0186048,0.9007033,0.09280326,0.45979702,1.0620517,0.96199,0.1334126,0.41848785,0.6707001,0.8128262,0.11379126,-0.16463774,0.659461,0.32423326,-0.41838935,-0.59538,0.0020752505,757.50916,804.2491,346.52014,894.90845,862.27106,0.06048583984375,-0.0169677734375,0.98455810546875,2.27294921875,-2.205657958984375,1.472930908203125,1.0,1.0,1.0,4.0,1.0,95.0,event
11:26:12.962,1.043139,0.2551292,0.93043804,1.0186048,0.9007033,0.09280326,0.45979702,1.0620517,0.96199,0.1334126,0.41848785,0.6707001,0.8128262,0.11379126,-0.16463774,0.659461,0.32423326,-0.41838935,-0.59538,0.0020752505,962.6007,807.0696,823.9927,907.3993,815.12823,0.06048583984375,-0.0169677734375,0.98455810546875,2.27294921875,-2.205657958984375,1.472930908203125,1.0,1.0,1.0,4.0,1.0,95.0,event
11:26:12.962,1.043139,0.2551292,0.93043804,1.0186048,0.9007033,0.09280326,0.45979702,1.0620517,0.96199,0.1334126,0.41848785,0.6707001,0.8128262,0.11379126,-0.16463774,0.659461,0.32423326,-0.41838935,-0.59538,0.0020752505,1052.8572,800.6227,635.42126,900.54944,923.5165,0.06048583984375,-0.0169677734375,0.98455810546875,2.27294921875,-2.205657958984375,1.472930908203125,1.0,1.0,1.0,4.0,1.0,95.0,event
11:26:12.999,1.043139,0.2551292,0.93043804,1.0186048,0.9007033,0.09280326,0.45979702,1.0620517,0.96199,0.1334126,0.41848785,0.6707001,0.8128262,0.11379126,-0.16463774,0.659461,0.32423326,-0.41838935,-0.59538,0.0020752505,905.78754,801.4286,310.65933,879.19415,990.0,0.05694580078125,-0.0240478515625,0.98724365234375,1.973876953125,-2.91595458984375,0.605621337890625,1.0,1.0,1.0,4.0,1.0,95.0,event
11:26:13.000,1.043139,0.2551292,0.93043804,1.0186048,0.9007033,0.09280326,0.45979702,1.0620517,0.96199,0.1334126,0.41848785,0.6707001,0.8128262,0.11379126,-0.16463774,0.659461,0.32423326,-0.41838935,-0.59538,0.0020752505,729.707,807.0696,855.82416,839.304,740.989,0.05694580078125,-0.0240478515625,0.98724365234375,1.973876953125,-2.91595458984375,0.605621337890625,1.0,1.0,1.0,4.0,1.0,95.0,event
11:26:13.000,1.043139,0.2551292,0.93043804,1.0186048,0.9007033,0.09280326,0.45979702,1.0620517,0.96199,0.1334126,0.41848785,0.6707001,0.8128262,0.11379126,-0.16463774,0.659461,0.32423326,-0.41838935,-0.59538,0.0020752505,736.55676,810.696,655.9707,851.39197,802.23444,0.05694580078125,-0.0240478515625,0.98724365234375,1.973876953125,-2.91595458984375,0.605621337890625,1.0,1.0,1.0,4.0,1.0,95.0,event
11:26:13.001,1.043139,0.2551292,0.93043804,1.0186048,0.9007033,0.09280326,0.45979702,1.0620517,0.96199,0.1334126,0.41848785,0.6707001,0.8128262,0.11379126,-0.16463774,0.659461,0.32423326,-0.41838935,-0.59538,0.0020752505,913.8461,803.44324,783.69965,852.6007,771.6117,0.05694580078125,-0.0240478515625,0.98724365234375,1.973876953125,-2.91595458984375,0.605621337890625,1.0,1.0,1.0,4.0,1.0,95.0,event
11:26:13.002,1.043139,0.2551292,0.93043804,1.0186048,0.9007033,0.09280326,0.45979702,1.0620517,0.96199,0.1334126,0.41848785,0.6707001,0.8128262,0.11379126,-0.16463774,0.659461,0.32423326,-0.41838935,-0.59538,0.0020752505,1041.5751,807.8755,770.80585,857.4359,741.79486,0.05694580078125,-0.0240478515625,0.98724365234375,1.973876953125,-2.91595458984375,0.605621337890625,1.0,1.0,1.0,4.0,1.0,95.0,event
11:26:13.003,1.043139,0.2551292,0.93043804,1.0186048,0.9007033,0.09280326,0.45979702,1.0620517,0.96199,0.1334126,0.41848785,0.6707001,0.8128262,0.11379126,-0.16463774,0.659461,0.32423326,-0.41838935,-0.59538,0.0020752505,927.9487,815.9341,634.61536,842.9304,815.5311,0.05694580078125,-0.0240478515625,0.98724365234375,1.973876953125,-2.91595458984375,0.605621337890625,1.0,1.0,1.0,4.0,1.0,95.0,event
11:26:13.003,1.043139,0.2551292,0.93043804,1.0186048,0.9007033,0.09280326,0.45979702,1.0620517,0.96199,0.1334126,0.41848785,0.6707001,0.8128262,0.11379126,-0.16463774,0.659461,0.32423326,-0.41838935,-0.59538,0.0020752505,734.94507,814.3223,527.03296,823.9927,843.73627,0.05694580078125,-0.0240478515625,0.98724365234375,1.973876953125,-2.91595458984375,0.605621337890625,1.0,1.0,1.0,4.0,1.0,95.0,event
11:26:13.004,1.043139,0.2551292,0.93043804,1.0186048,0.9007033,0.09280326,0.45979702,1.0620517,0.96199,0.1334126,0.41848785,0.6707001,0.8128262,0.11379126,-0.16463774,0.659461,0.32423326,-0.41838935,-0.59538,0.0020752505,705.9341,807.47253,264.72528,818.3516,893.2967,0.05694580078125,-0.0240478515625,0.98724365234375,1.973876953125,-2.91595458984375,0.605621337890625,1.0,1.0,1.0,4.0,1.0,95.0,event
11:26:13.005,1.043139,0.2551292,0.93043804,1.0186048,0.9007033,0.09280326,0.45979702,1.0620517,0.96199,0.1334126,0.41848785,0.6707001,0.8128262,0.11379126,-0.16463774,0.659461,0.32423326,-0.41838935,-0.59538,0.0020752505,877.98535,807.47253,240.95238,823.1868,885.64105,0.05694580078125,-0.0240478515625,0.98724365234375,1.973876953125,-2.91595458984375,0.605621337890625,1.0,1.0,1.0,4.0,1.0,95.0,event
11:26:13.006,1.043139,0.2551292,0.93043804,1.0186048,0.9007033,0.09280326,0.45979702,1.0620517,0.96199,0.1334126,0.41848785,0.6707001,0.8128262,0.11379126,-0.16463774,0.659461,0.32423326,-0.41838935,-0.59538,0.0020752505,1040.3663,808.68134,792.96704,810.696,639.85345,0.05694580078125,-0.0240478515625,0.98724365234375,1.973876953125,-2.91595458984375,0.605621337890625,1.0,2.0,1.0,4.0,2.0,95.0,event
11:26:13.009,1.043139,0.2551292,0.93043804,1.0186048,0.9007033,0.09280326,0.45979702,1.0620517,0.96199,0.1334126,0.41848785,0.6707001,0.8128262,0.11379126,-0.16463774,0.659461,0.32423326,-0.41838935,-0.59538,0.0020752505,952.9304,811.0989,765.56775,783.2967,636.2271,0.05694580078125,-0.0240478515625,0.98724365234375,1.973876953125,-2.91595458984375,0.605621337890625,1.0,2.0,1.0,4.0,2.0,95.0,event
11:26:13.010,1.043139,0.2551292,0.93043804,1.0186048,0.9007033,0.09280326,0.45979702,1.0620517,0.96199,0.1334126,0.41848785,0.6707001,0.8128262,0.11379126,-0.16463774,0.659461,0.32423326,-0.41838935,-0.59538,0.0020752505,739.7802,812.71063,573.36993,759.92676,703.91943,0.05694580078125,-0.0240478515625,0.98724365234375,1.973876953125,-2.91595458984375,0.605621337890625,1.0,2.0,1.0,4.0,2.0,95.0,event
11:26:13.032,1.043139,0.2551292,0.93043804,1.0186048,0.9007033,0.09280326,0.45979702,1.0620517,0.96199,0.1334126,0.41848785,0.6707001,0.8128262,0.11379126,-0.16463774,0.659461,0.32423326,-0.41838935,-0.59538,0.0020752505,682.5641,811.50183,596.7399,754.68866,760.32965,0.05670166015625,-0.02203369140625,0.9913330078125,1.8243408203125,-3.94775390625,0.441131591796875,1.0,2.0,1.0,4.0,2.0,95.0,event
11:26:13.033,1.043139,0.2551292,0.93043804,1.0186048,0.9007033,0.09280326,0.45979702,1.0620517,0.96199,0.1334126,0.41848785,0.6707001,0.8128262,0.11379126,-0.16463774,0.659461,0.32423326,-0.41838935,-0.59538,0.0020752505,836.08057,817.1429,774.83514,770.80585,818.3516,0.05670166015625,-0.02203369140625,0.9913330078125,1.8243408203125,-3.94775390625,0.441131591796875,1.0,2.0,1.0,4.0,2.0,95.0,event
11:26:13.034,1.043139,0.2551292,0.93043804,1.0186048,0.9007033,0.09280326,0.45979702,1.0620517,0.96199,0.1334126,0.41848785,0.6707001,0.8128262,0.11379126,-0.16463774,0.659461,0.32423326,-0.41838935,-0.59538,0.0020752505,1006.52014,817.9487,886.04395,786.9231,846.1539,0.05670166015625,-0.02203369140625,0.9913330078125,1.8243408203125,-3.94775390625,0.441131591796875,1.0,2.0,1.0,4.0,2.0,95.0,event
11:26:13.035,1.043139,0.2551292,0.93043804,1.0186048,0.9007033,0.09280326,0.45979702,1.0620517,0.96199,0.1334126,0.41848785,0.6707001,0.8128262,0.11379126,-0.16463774,0.659461,0.32423326,-0.41838935,-0.59538,0.0020752505,933.9927,815.12823,616.08057,778.0586,901.3553,0.05670166015625,-0.02203369140625,0.9913330078125,1.8243408203125,-3.94775390625,0.441131591796875,1.0,2.0,1.0,4.0,2.0,95.0,event
11:26:13.036,1.043139,0.2551292,0.93043804,1.0186048,0.9007033,0.09280326,0.45979702,1.0620517,0.96199,0.1334126,0.41848785,0.6707001,0.8128262,0.11379126,-0.16463774,0.659461,0.32423326,-0.41838935,-0.59538,0.0020752505,743.4066,818.3516,618.49817,753.8828,813.1135,0.05670166015625,-0.02203369140625,0.9913330078125,1.8243408203125,-3.94775390625,0.441131591796875,1.0,2.0,1.0,4.0,2.0,95.0,event
11:26:13.036,1.043139,0.2551292,0.93043804,1.0186048,0.9007033,0.09280326,0.45979702,1.0620517,0.96199,0.1334126,0.41848785,0.6707001,0.8128262,0.11379126,-0.16463774,0.659461,0.32423326,-0.41838935,-0.59538,0.0020752505,682.96704,818.3516,647.50916,755.89746,749.0476,0.05670166015625,-0.02203369140625,0.9913330078125,1.8243408203125,-3.94775390625,0.441131591796875,1.0,2.0,1.0,4.0,2.0,95.0,event
11:26:13.037,1.043139,0.2551292,0.93043804,1.0186048,0.9007033,0.09280326,0.45979702,1.0620517,0.96199,0.1334126,0.41848785,0.6707001,0.8128262,0.11379126,-0.16463774,0.659461,0.32423326,-0.41838935,-0.59538,0.0020752505,788.93774,813.91943,524.21246,770.80585,865.4945,0.05670166015625,-0.02203369140625,0.9913330078125,1.8243408203125,-3.94775390625,0.441131591796875,1.0,2.0,1.0,4.0,2.0,95.0,event
11:26:13.038,1.043139,0.2551292,0.93043804,1.0186048,0.9007033,0.09280326,0.45979702,1.0620517,0.96199,0.1334126,0.41848785,0.6707001,0.8128262,0.11379126,-0.16463774,0.659461,0.32423326,-0.41838935,-0.59538,0.0020752505,964.21246,815.12823,255.45787,784.10254,1032.3077,0.05670166015625,-0.02203369140625,0.9913330078125,1.8243408203125,-3.94775390625,0.441131591796875,1.0,2.0,1.0,4.0,2.0,95.0,event
11:26:13.039,1.043139,0.2551292,0.93043804,1.0186048,0.9007033,0.09280326,0.45979702,1.0620517,0.96199,0.1334126,0.41848785,0.6707001,0.8128262,0.11379126,-0.16463774,0.659461,0.32423326,-0.41838935,-0.59538,0.0020752505,967.8388,820.3663,559.2674,779.2674,933.5897,0.05670166015625,-0.02203369140625,0.9913330078125,1.8243408203125,-3.94775390625,0.441131591796875,1.0,2.0,1.0,4.0,2.0,95.0,event
11:26:13.039,1.043139,0.2551292,0.93043804,1.0186048,0.9007033,0.09280326,0.45979702,1.0620517,0.96199,0.1334126,0.41848785,0.6707001,0.8128262,0.11379126,-0.16463774,0.659461,0.32423326,-0.41838935,-0.59538,0.0020752505,763.5531,821.1722,873.95605,754.68866,749.0476,0.05670166015625,-0.02203369140625,0.9913330078125,1.8243408203125,-3.94775390625,0.441131591796875,1.0,2.0,1.0,4.0,2.0,95.0,event
11:26:13.040,1.043139,0.2551292,0.93043804,1.0186048,0.9007033,0.09280326,0.45979702,1.0620517,0.96199,0.1334126,0.41848785,0.6707001,0.8128262,0.11379126,-0.16463774,0.659461,0.32423326,-0.41838935,-0.59538,0.0020752505,667.25275,817.5458,630.58606,755.4945,765.16486,0.05670166015625,-0.02203369140625,0.9913330078125,1.8243408203125,-3.94775390625,0.441131591796875,1.0,2.0,1.0,4.0,2.0,95.0,event
11:26:13.041,1.043139,0.2551292,0.93043804,1.0186048,0.9007033,0.09280326,0.45979702,1.0620517,0.96199,0.1334126,0.41848785,0.6707001,0.8128262,0.11379126,-0.16463774,0.659461,0.32423326,-0.41838935,-0.59538,0.0020752505,777.25275,815.12823,691.02563,777.25275,762.3443,0.05670166015625,-0.02203369140625,0.9913330078125,1.8243408203125,-3.94775390625,0.441131591796875,1.0,2.0,1.0,4.0,2.0,95.0,event
11:26:13.101,1.043139,0.2551292,0.93043804,1.0186048,0.9007033,0.09280326,0.45979702,1.0620517,0.96199,0.1334126,0.41848785,0.6707001,0.8128262,0.11379126,-0.16463774,0.659461,0.32423326,-0.41838935,-0.59538,0.0020752505,971.06226,815.12823,947.28937,787.72894,724.87177,0.05670166015625,-0.02203369140625,0.9913330078125,1.8243408203125,-3.94775390625,0.441131591796875,1.0,2.0,1.0,4.0,2.0,95.0,event
11:26:13.102,1.043139,0.2551292,0.93043804,1.0186048,0.9007033,0.09280326,0.45979702,1.0620517,0.96199,0.1334126,0.41848785,0.6707001,0.8128262,0.11379126,-0.16463774,0.659461,0.32423326,-0.41838935,-0.59538,0.0020752505,976.30035,816.337,928.7546,786.1172,772.4176,0.05670166015625,-0.02203369140625,0.9913330078125,1.8243408203125,-3.94775390625,0.441131591796875,1.0,2.0,1.0,4.0,2.0,95.0,event
11:26:13.104,1.043139,0.2551292,0.93043804,1.0186048,0.9007033,0.09280326,0.45979702,1.0620517,0.96199,0.1334126,0.41848785,0.6707001,0.8128262,0.11379126,-0.16463774,0.659461,0.32423326,-0.41838935,-0.59538,0.0020752505,763.1502,817.9487,671.685,751.8681,816.337,0.05670166015625,-0.02203369140625,0.9913330078125,1.8243408203125,-3.94775390625,0.441131591796875,1.0,2.0,1.0,4.0,2.0,95.0,event
11:26:13.105,1.043139,0.2551292,0.93043804,1.0186048,0.9007033,0.09280326,0.45979702,1.0620517,0.96199,0.1334126,0.41848785,0.6707001,0.8128262,0.11379126,-0.16463774,0.659461,0.32423326,-0.41838935,-0.59538,0.0020752505,651.9414,812.71063,587.0696,730.10986,860.2564,0.05670166015625,-0.02203369140625,0.9913330078125,1.8243408203125,-3.94775390625,0.441131591796875,1.0,2.0,1.0,4.0,2.0,95.0,event
11:26:13.107,1.043139,0.2551292,0.93043804,1.0186048,0.9007033,0.09280326,0.45979702,1.0620517,0.96199,0.1334126,0.41848785,0.6707001,0.8128262,0.11379126,-0.16463774,0.659461,0.32423326,-0.41838935,-0.59538,0.0020752505,743.8095,813.91943,701.50183,742.1978,842.9304,0.05670166015625,-0.02203369140625,0.9913330078125,1.8243408203125,-3.94775390625,0.441131591796875,1.0,2.0,1.0,4.0,2.0,95.0,event
11:26:13.109,1.043139,0.2551292,0.93043804,1.0186048,0.9007033,0.09280326,0.45979702,1.0620517,0.96199,0.1334126,0.41848785,0.6707001,0.8128262,0.11379126,-0.16463774,0.659461,0.32423326,-0.41838935,-0.59538,0.0020752505,941.2454,813.1135,755.89746,762.3443,857.8388,0.05670166015625,-0.02203369140625,0.9913330078125,1.8243408203125,-3.94775390625,0.441131591796875,1.0,2.0,1.0,4.0,2.0,95.0,event
11:26:13.110,1.043139,0.2551292,0.93043804,1.0186048,0.9007033,0.09280326,0.45979702,1.0620517,0.96199,0.1334126,0.41848785,0.6707001,0.8128262,0.11379126,-0.16463774,0.659461,0.32423326,-0.41838935,-0.59538,0.0020752505,968.24176,806.26373,389.6337,771.6117,1059.7069,0.05670166015625,-0.02203369140625,0.9913330078125,1.8243408203125,-3.94775390625,0.441131591796875,1.0,2.0,1.0,4.0,2.0,95.0,event
11:26:13.112,1.043139,0.2551292,0.93043804,1.0186048,0.9007033,0.09280326,0.45979702,1.0620517,0.96199,0.1334126,0.41848785,0.6707001,0.8128262,0.11379126,-0.16463774,0.659461,0.32423326,-0.41838935,-0.59538,0.0020752505,770.40295,804.2491,30.21978,753.0769,1049.6337,0.05670166015625,-0.02203369140625,0.9913330078125,1.8243408203125,-3.94775390625,0.441131591796875,1.0,2.0,1.0,4.0,2.0,95.0,event
11:26:13.113,1.043139,0.2551292,0.93043804,1.0186048,0.9007033,0.09280326,0.45979702,1.0620517,0.96199,0.1334126,0.41848785,0.6707001,0.8128262,0.11379126,-0.16463774,0.659461,0.32423326,-0.41838935,-0.59538,0.0020752505,651.13556,806.6667,512.52747,746.63007,760.32965,0.05670166015625,-0.02203369140625,0.9913330078125,1.8243408203125,-3.94775390625,0.441131591796875,1.0,2.0,1.0,4.0,2.0,95.0,event
11:26:13.115,1.043139,0.2551292,0.93043804,1.0186048,0.9007033,0.09280326,0.45979702,1.0620517,0.96199,0.1334126,0.41848785,0.6707001,0.8128262,0.11379126,-0.16463774,0.659461,0.32423326,-0.41838935,-0.59538,0.0020752505,728.0952,808.2784,823.5897,753.47986,673.2967,0.05670166015625,-0.02203369140625,0.9913330078125,1.8243408203125,-3.94775390625,0.441131591796875,1.0,2.0,1.0,4.0,2.0,95.0,event
11:26:13.116,1.043139,0.2551292,0.93043804,1.0186048,0.9007033,0.09280326,0.45979702,1.0620517,0.96199,0.1334126,0.41848785,0.6707001,0.8128262,0.11379126,-0.16463774,0.659461,0.32423326,-0.41838935,-0.59538,0.0020752505,914.65204,808.2784,740.58606,762.3443,750.2564,0.05670166015625,-0.02203369140625,0.9913330078125,1.8243408203125,-3.94775390625,0.441131591796875,1.0,2.0,1.0,4.0,2.0,95.0,event
11:26:13.117,1.043139,0.2551292,0.93043804,1.0186048,0.9007033,0.09280326,0.45979702,1.0620517,0.96199,0.1334126,0.41848785,0.6707001,0.8128262,0.11379126,-0.16463774,0.659461,0.32423326,-0.41838935,-0.59538,0.0020752505,985.16486,811.50183,854.61536,773.6264,771.6117,0.05670166015625,-0.02203369140625,0.9913330078125,1.8243408203125,-3.94775390625,0.441131591796875,1.0,2.0,1.0,4.0,2.0,95.0,event
11:26:13.147,1.043139,0.2551292,0.93043804,1.0186048,0.9007033,0.09280326,0.45979702,1.0620517,0.96199,0.1334126,0.41848785,0.6707001,0.8128262,0.11379126,-0.16463774,0.659461,0.32423326,-0.41838935,-0.59538,0.0020752505,821.5751,811.9048,868.71796,758.315,727.6923,0.06060791015625,-0.02227783203125,0.9903564453125,2.489776611328125,-2.1533203125,-0.76263427734375,1.0,2.0,1.0,4.0,2.0,95.0,event
11:26:13.149,1.043139,0.2551292,0.93043804,1.0186048,0.9007033,0.09280326,0.45979702,1.0620517,0.96199,0.1334126,0.41848785,0.6707001,0.8128262,0.11379126,-0.16463774,0.659461,0.32423326,-0.41838935,-0.59538,0.0020752505,664.43225,806.26373,671.685,744.21246,728.49817,0.06060791015625,-0.02227783203125,0.9903564453125,2.489776611328125,-2.1533203125,-0.76263427734375,1.0,2.0,1.0,4.0,2.0,95.0,event
11:26:13.150,1.043139,0.2551292,0.93043804,1.0186048,0.9007033,0.09280326,0.45979702,1.0620517,0.96199,0.1334126,0.41848785,0.6707001,0.8128262,0.11379126,-0.16463774,0.659461,0.32423326,-0.41838935,-0.59538,0.0020752505,698.2784,801.4286,593.5165,751.06226,719.2308,0.06060791015625,-0.02227783203125,0.9903564453125,2.489776611328125,-2.1533203125,-0.76263427734375,1.0,2.0,1.0,4.0,2.0,95.0,event
11:26:13.151,1.043139,0.2551292,0.93043804,1.0186048,0.9007033,0.09280326,0.45979702,1.0620517,0.96199,0.1334126,0.41848785,0.6707001,0.8128262,0.11379126,-0.16463774,0.659461,0.32423326,-0.41838935,-0.59538,0.0020752505,895.31134,806.6667,829.6337,775.64105,718.4249,0.06060791015625,-0.02227783203125,0.9903564453125,2.489776611328125,-2.1533203125,-0.76263427734375,1.0,2.0,1.0,4.0,2.0,95.0,event
11:26:13.152,1.043139,0.2551292,0.93043804,1.0186048,0.9007033,0.09280326,0.45979702,1.0620517,0.96199,0.1334126,0.41848785,0.6707001,0.8128262,0.11379126,-0.16463774,0.659461,0.32423326,-0.41838935,-0.59538,0.0020752505,998.46155,806.6667,913.0403,782.49084,732.1245,0.06060791015625,-0.02227783203125,0.9903564453125,2.489776611328125,-2.1533203125,-0.76263427734375,1.0,2.0,1.0,4.0,2.0,95.0,event
11:26:13.153,1.043139,0.2551292,0.93043804,1.0186048,0.9007033,0.09280326,0.45979702,1.0620517,0.96199,0.1334126,0.41848785,0.6707001,0.8128262,0.11379126,-0.16463774,0.659461,0.32423326,-0.41838935,-0.59538,0.0020752505,828.8278,796.5934,542.3443,769.19415,852.6007,0.06060791015625,-0.02227783203125,0.9903564453125,2.489776611328125,-2.1533203125,-0.76263427734375,1.0,2.0,1.0,4.0,2.0,95.0,event
11:26:13.154,1.043139,0.2551292,0.93043804,1.0186048,0.9007033,0.09280326,0.45979702,1.0620517,0.96199,0.1334126,0.41848785,0.6707001,0.8128262,0.11379126,-0.16463774,0.659461,0.32423326,-0.41838935,-0.59538,0.0020752505,643.47986,797.3993,121.68498,766.3736,977.50916,0.06060791015625,-0.02227783203125,0.9903564453125,2.489776611328125,-2.1533203125,-0.76263427734375,1.0,2.0,1.0,4.0,2.0,95.0,event
11:26:13.155,1.043139,0.2551292,0.93043804,1.0186048,0.9007033,0.09280326,0.45979702,1.0620517,0.96199,0.1334126,0.41848785,0.6707001,0.8128262,0.11379126,-0.16463774,0.659461,0.32423326,-0.41838935,-0.59538,0.0020752505,678.5348,805.05493,301.39194,768.7912,811.0989,0.06060791015625,-0.02227783203125,0.9903564453125,2.489776611328125,-2.1533203125,-0.76263427734375,1.0,2.0,1.0,4.0,2.0,95.0,event
11:26:13.156,1.043139,0.2551292,0.93043804,1.0186048,0.9007033,0.09280326,0.45979702,1.0620517,0.96199,0.1334126,0.41848785,0.6707001,0.8128262,0.11379126,-0.16463774,0.659461,0.32423326,-0.41838935,-0.59538,0.0020752505,882.8205,805.8608,790.9524,782.49084,667.25275,0.06060791015625,-0.02227783203125,0.9903564453125,2.489776611328125,-2.1533203125,-0.76263427734375,1.0,2.0,1.0,4.0,2.0,95.0,event
11:26:13.157,1.043139,0.2551292,0.93043804,1.0186048,0.9007033,0.09280326,0.45979702,1.0620517,0.96199,0.1334126,0.41848785,0.6707001,0.8128262,0.11379126,-0.16463774,0.659461,0.32423326,-0.41838935,-0.59538,0.0020752505,984.7619,805.4579,689.81683,796.5934,796.99634,0.06060791015625,-0.02227783203125,0.9903564453125,2.489776611328125,-2.1533203125,-0.76263427734375,1.0,2.0,1.0,4.0,2.0,95.0,event
11:26:13.157,1.043139,0.2551292,0.93043804,1.0186048,0.9007033,0.09280326,0.45979702,1.0620517,0.96199,0.1334126,0.41848785,0.6707001,0.8128262,0.11379126,-0.16463774,0.659461,0.32423326,-0.41838935,-0.59538,0.0020752505,846.9597,804.2491,308.64468,791.3553,880.80585,0.06060791015625,-0.02227783203125,0.9903564453125,2.489776611328125,-2.1533203125,-0.76263427734375,1.0,2.0,1.0,4.0,2.0,95.0,event
11:26:13.161,1.043139,0.2551292,0.93043804,1.0186048,0.9007033,0.09280326,0.45979702,1.0620517,0.96199,0.1334126,0.41848785,0.6707001,0.8128262,0.11379126,-0.16463774,0.659461,0.32423326,-0.41838935,-0.59538,0.0020752505,668.86444,802.23444,527.03296,778.46155,665.64105,0.06060791015625,-0.02227783203125,0.9903564453125,2.489776611328125,-2.1533203125,-0.76263427734375,1.0,2.0,1.0,4.0,2.0,95.0,event
11:26:13.186,1.043139,0.2551292,0.93043804,1.0186048,0.9007033,0.09280326,0.45979702,1.0620517,0.96199,0.1334126,0.41848785,0.6707001,0.8128262,0.11379126,-0.16463774,0.659461,0.32423326,-0.41838935,-0.59538,0.0020752505,662.01465,804.2491,828.022,782.8938,696.26373,0.06414794921875,-0.02056884765625,0.98651123046875,2.564544677734375,-3.162689208984375,0.276641845703125,1.0,2.0,1.0,4.0,2.0,95.0,event
11:26:13.187,1.043139,0.2551292,0.93043804,1.0186048,0.9007033,0.09280326,0.45979702,1.0620517,0.96199,0.1334126,0.41848785,0.6707001,0.8128262,0.11379126,-0.16463774,0.659461,0.32423326,-0.41838935,-0.59538,0.0020752505,836.4835,805.4579,798.20514,797.8022,825.2015,0.06414794921875,-0.02056884765625,0.98651123046875,2.564544677734375,-3.162689208984375,0.276641845703125,1.0,2.0,1.0,4.0,2.0,95.0,event
11:26:13.188,1.043139,0.2551292,0.93043804,1.0186048,0.9007033,0.09280326,0.45979702,1.0620517,0.96199,0.1334126,0.41848785,0.6707001,0.8128262,0.11379126,-0.16463774,0.659461,0.32423326,-0.41838935,-0.59538,0.0020752505,891.685,806.6667,868.315,801.8315,798.60803,0.06414794921875,-0.02056884765625,0.98651123046875,2.564544677734375,-3.162689208984375,0.276641845703125,1.0,2.0,1.0,4.0,2.0,95.0,event
11:26:13.188,1.043139,0.2551292,0.93043804,1.0186048,0.9007033,0.09280326,0.45979702,1.0620517,0.96199,0.1334126,0.41848785,0.6707001,0.8128262,0.11379126,-0.16463774,0.659461,0.32423326,-0.41838935,-0.59538,0.0020752505,977.1062,805.4579,761.13556,810.293,812.3077,0.06414794921875,-0.02056884765625,0.98651123046875,2.564544677734375,-3.162689208984375,0.276641845703125,1.0,2.0,1.0,4.0,2.0,95.0,event
11:26:13.189,1.043139,0.2551292,0.93043804,1.0186048,0.9007033,0.09280326,0.45979702,1.0620517,0.96199,0.1334126,0.41848785,0.6707001,0.8128262,0.11379126,-0.16463774,0.659461,0.32423326,-0.41838935,-0.59538,0.0020752505,694.2491,810.696,730.9158,781.28204,773.6264,0.06414794921875,-0.02056884765625,0.98651123046875,2.564544677734375,-3.162689208984375,0.276641845703125,1.0,2.0,1.0,4.0,2.0,95.0,event
11:26:13.190,1.043139,0.2551292,0.93043804,1.0186048,0.9007033,0.09280326,0.45979702,1.0620517,0.96199,0.1334126,0.41848785,0.6707001,0.8128262,0.11379126,-0.16463774,0.659461,0.32423326,-0.41838935,-0.59538,0.0020752505,647.50916,811.50183,475.4579,780.4762,793.7729,0.06414794921875,-0.02056884765625,0.98651123046875,2.564544677734375,-3.162689208984375,0.276641845703125,1.0,2.0,1.0,4.0,2.0,95.0,event
11:26:13.191,1.043139,0.2551292,0.93043804,1.0186048,0.9007033,0.09280326,0.45979702,1.0620517,0.96199,0.1334126,0.41848785,0.6707001,0.8128262,0.11379126,-0.16463774,0.659461,0.32423326,-0.41838935,-0.59538,0.0020752505,817.5458,809.4872,471.02563,796.5934,871.53845,0.06414794921875,-0.02056884765625,0.98651123046875,2.564544677734375,-3.162689208984375,0.276641845703125,1.0,2.0,1.0,4.0,2.0,95.0,event
11:26:13.191,1.043139,0.2551292,0.93043804,1.0186048,0.9007033,0.09280326,0.45979702,1.0620517,0.96199,0.1334126,0.41848785,0.6707001,0.8128262,0.11379126,-0.16463774,0.659461,0.32423326,-0.41838935,-0.59538,0.0020752505,994.43225,809.0842,658.3883,805.05493,824.7985,0.06414794921875,-0.02056884765625,0.98651123046875,2.564544677734375,-3.162689208984375,0.276641845703125,1.0,2.0,1.0,4.0,2.0,95.0,event
11:26:13.192,1.043139,0.2551292,0.93043804,1.0186048,0.9007033,0.09280326,0.45979702,1.0620517,0.96199,0.1334126,0.41848785,0.6707001,0.8128262,0.11379126,-0.16463774,0.659461,0.32423326,-0.41838935,-0.59538,0.0020752505,923.5165,808.68134,803.0403,788.5348,721.6484,0.06414794921875,-0.02056884765625,0.98651123046875,2.564544677734375,-3.162689208984375,0.276641845703125,1.0,2.0,1.0,4.0,2.0,95.0,event
11:26:13.193,1.043139,0.2551292,0.93043804,1.0186048,0.9007033,0.09280326,0.45979702,1.0620517,0.96199,0.1334126,0.41848785,0.6707001,0.8128262,0.11379126,-0.16463774,0.659461,0.32423326,-0.41838935,-0.59538,0.0020752505,698.68134,807.47253,337.25275,771.2088,950.9158,0.06414794921875,-0.02056884765625,0.98651123046875,2.564544677734375,-3.162689208984375,0.276641845703125,1.0,2.0,1.0,4.0,2.0,95.0,event
11:26:13.193,1.043139,0.2551292,0.93043804,1.0186048,0.9007033,0.09280326,0.45979702,1.0620517,0.96199,0.1334126,0.41848785,0.6707001,0.8128262,0.11379126,-0.16463774,0.659461,0.32423326,-0.41838935,-0.59538,0.0020752505,630.58606,811.9048,148.27838,770.0,1050.8425,0.06414794921875,-0.02056884765625,0.98651123046875,2.564544677734375,-3.162689208984375,0.276641845703125,1.0,2.0,1.0,4.0,2.0,95.0,event
11:26:13.194,1.043139,0.2551292,0.93043804,1.0186048,0.9007033,0.09280326,0.45979702,1.0620517,0.96199,0.1334126,0.41848785,0.6707001,0.8128262,0.11379126,-0.16463774,0.659461,0.32423326,-0.41838935,-0.59538,0.0020752505,784.10254,808.2784,774.43225,775.2381,740.58606,0.06414794921875,-0.02056884765625,0.98651123046875,2.564544677734375,-3.162689208984375,0.276641845703125,1.0,2.0,1.0,4.0,2.0,95.0,event
11:26:13.215,1.043139,0.2551292,0.93043804,1.0186048,0.9007033,0.09280326,0.45979702,1.0620517,0.96199,0.1334126,0.41848785,0.6707001,0.8128262,0.11379126,-0.16463774,0.659461,0.32423326,-0.41838935,-0.59538,0.0020752505,967.4359,806.6667,886.4469,785.31134,728.0952,0.05548095703125,-0.02398681640625,0.9832763671875,1.906585693359375,-2.220611572265625,0.097198486328125,1.0,2.0,1.0,4.0,2.0,95.0,event
11:26:13.216,1.043139,0.2551292,0.93043804,1.0186048,0.9007033,0.09280326,0.45979702,1.0620517,0.96199,0.1334126,0.41848785,0.6707001,0.8128262,0.11379126,-0.16463774,0.659461,0.32423326,-0.41838935,-0.59538,0.0020752505,934.3956,815.12823,540.7326,767.98535,807.47253,0.05548095703125,-0.02398681640625,0.9832763671875,1.906585693359375,-2.220611572265625,0.097198486328125,1.0,2.0,1.0,4.0,2.0,95.0,event
11:26:13.220,1.043139,0.2551292,0.93043804,1.0186048,0.9007033,0.09280326,0.45979702,1.0620517,0.96199,0.1334126,0.41848785,0.6707001,0.8128262,0.11379126,-0.16463774,0.659461,0.32423326,-0.41838935,-0.59538,0.0020752505,728.0952,816.7399,500.43958,755.09155,702.71063,0.05548095703125,-0.02398681640625,0.9832763671875,1.906585693359375,-2.220611572265625,0.097198486328125,1.0,2.0,1.0,4.0,2.0,95.0,event
11:26:13.221,1.043139,0.2551292,0.93043804,1.0186048,0.9007033,0.09280326,0.45979702,1.0620517,0.96199,0.1334126,0.41848785,0.6707001,0.8128262,0.11379126,-0.16463774,0.659461,0.32423326,-0.41838935,-0.59538,0.0020752505,751.06226,809.0842,772.4176,776.8498,740.989,0.05548095703125,-0.02398681640625,0.9832763671875,1.906585693359375,-2.220611572265625,0.097198486328125,1.0,2.0,1.0,4.0,2.0,95.0,event
11:26:13.221,1.043139,0.2551292,0.93043804,1.0186048,0.9007033,0.09280326,0.45979702,1.0620517,0.96199,0.1334126,0.41848785,0.6707001,0.8128262,0.11379126,-0.16463774,0.659461,0.32423326,-0.41838935,-0.59538,0.0020752505,640.65936,811.50183,733.73627,762.74725,607.2161,0.05548095703125,-0.02398681640625,0.9832763671875,1.906585693359375,-2.220611572265625,0.097198486328125,1.0,2.0,1.0,4.0,2.0,95.0,event
11:26:13.222,1.043139,0.2551292,0.93043804,1.0186048,0.9007033,0.09280326,0.45979702,1.0620517,0.96199,0.1334126,0.41848785,0.6707001,0.8128262,0.11379126,-0.16463774,0.659461,0.32423326,-0.41838935,-0.59538,0.0020752505,937.619,811.9048,595.9341,789.7436,865.09155,0.05548095703125,-0.02398681640625,0.9832763671875,1.906585693359375,-2.220611572265625,0.097198486328125,1.0,2.0,1.0,4.0,2.0,95.0,event
11:26:13.223,1.043139,0.2551292,0.93043804,1.0186048,0.9007033,0.09280326,0.45979702,1.0620517,0.96199,0.1334126,0.41848785,0.6707001,0.8128262,0.11379126,-0.16463774,0.659461,0.32423326,-0.41838935,-0.59538,0.0020752505,940.4396,812.3077,485.93405,779.67035,795.38464,0.05548095703125,-0.02398681640625,0.9832763671875,1.906585693359375,-2.220611572265625,0.097198486328125,1.0,2.0,1.0,4.0,2.0,95.0,event
11:26:13.223,1.043139,0.2551292,0.93043804,1.0186048,0.9007033,0.09280326,0.45979702,1.0620517,0.96199,0.1334126,0.41848785,0.6707001,0.8128262,0.11379126,-0.16463774,0.659461,0.32423326,-0.41838935,-0.59538,0.0020752505,735.7509,811.9048,660.40295,761.13556,756.7033,0.05548095703125,-0.02398681640625,0.9832763671875,1.906585693359375,-2.220611572265625,0.097198486328125,1.0,2.0,1.0,4.0,2.0,95.0,event
11:26:13.224,1.043139,0.2551292,0.93043804,1.0186048,0.9007033,0.09280326,0.45979702,1.0620517,0.96199,0.1334126,0.41848785,0.6707001,0.8128262,0.11379126,-0.16463774,0.659461,0.32423326,-0.41838935,-0.59538,0.0020752505,617.28937,807.47253,614.87177,759.5238,807.8755,0.05548095703125,-0.02398681640625,0.9832763671875,1.906585693359375,-2.220611572265625,0.097198486328125,1.0,2.0,1.0,4.0,2.0,95.0,event
11:26:13.225,1.043139,0.2551292,0.93043804,1.0186048,0.9007033,0.09280326,0.45979702,1.0620517,0.96199,0.1334126,0.41848785,0.6707001,0.8128262,0.11379126,-0.16463774,0.659461,0.32423326,-0.41838935,-0.59538,0.0020752505,713.5897,806.26373,168.42491,777.6557,880.40295,0.05548095703125,-0.02398681640625,0.9832763671875,1.906585693359375,-2.220611572265625,0.097198486328125,1.0,2.0,1.0,4.0,2.0,95.0,event
11:26:13.226,1.043139,0.2551292,0.93043804,1.0186048,0.9007033,0.09280326,0.45979702,1.0620517,0.96199,0.1334126,0.41848785,0.6707001,0.8128262,0.11379126,-0.16463774,0.659461,0.32423326,-0.41838935,-0.59538,0.0020752505,930.7692,807.8755,533.47986,795.38464,806.26373,0.05548095703125,-0.02398681640625,0.9832763671875,1.906585693359375,-2.220611572265625,0.097198486328125,1.0,2.0,1.0,4.0,2.0,95.0,event
11:26:13.226,1.043139,0.2551292,0.93043804,1.0186048,0.9007033,0.09280326,0.45979702,1.0620517,0.96199,0.1334126,0.41848785,0.6707001,0.8128262,0.11379126,-0.16463774,0.659461,0.32423326,-0.41838935,-0.59538,0.0020752505,961.39197,810.293,973.47986,787.72894,788.93774,0.05548095703125,-0.02398681640625,0.9832763671875,1.906585693359375,-2.220611572265625,0.097198486328125,1.0,2.0,1.0,4.0,2.0,95.0,event
11:26:13.285,1.043139,0.2551292,0.93043804,1.0186048,0.9007033,0.09280326,0.45979702,1.0620517,0.96199,0.1334126,0.41848785,0.6707001,0.8128262,0.11379126,-0.16463774,0.659461,0.32423326,-0.41838935,-0.59538,0.0020752505,757.1062,811.50183,628.5714,770.80585,805.8608,0.0582275390625,-0.02166748046875,0.98553466796875,2.91595458984375,-4.3963623046875,1.24114990234375,1.0,2.0,1.0,4.0,2.0,95.0,event
11:26:13.286,1.043139,0.2551292,0.93043804,1.0186048,0.9007033,0.09280326,0.45979702,1.0620517,0.96199,0.1334126,0.41848785,0.6707001,0.8128262,0.11379126,-0.16463774,0.659461,0.32423326,-0.41838935,-0.59538,0.0020752505,622.52747,811.0989,416.2271,781.28204,797.8022,0.0582275390625,-0.02166748046875,0.98553466796875,2.91595458984375,-4.3963623046875,1.24114990234375,1.0,2.0,1.0,4.0,2.0,95.0,event
11:26:13.288,1.043139,0.2551292,0.93043804,1.0186048,0.9007033,0.09280326,0.45979702,1.0620517,0.96199,0.1334126,0.41848785,0.6707001,0.8128262,0.11379126,-0.16463774,0.659461,0.32423326,-0.41838935,-0.59538,0.0020752505,706.7399,816.337,742.6007,789.34064,771.2088,0.0582275390625,-0.02166748046875,0.98553466796875,2.91595458984375,-4.3963623046875,1.24114990234375,1.0,2.0,1.0,4.0,2.0,95.0,event
11:26:13.289,1.043139,0.2551292,0.93043804,1.0186048,0.9007033,0.09280326,0.45979702,1.0620517,0.96199,0.1334126,0.41848785,0.6707001,0.8128262,0.11379126,-0.16463774,0.659461,0.32423326,-0.41838935,-0.59538,0.0020752505,908.20514,817.9487,991.6117,793.36993,773.6264,0.0582275390625,-0.02166748046875,0.98553466796875,2.91595458984375,-4.3963623046875,1.24114990234375,1.0,2.0,1.0,4.0,2.0,95.0,event
11:26:13.291,1.043139,0.2551292,0.93043804,1.0186048,0.9007033,0.09280326,0.45979702,1.0620517,0.96199,0.1334126,0.41848785,0.6707001,0.8128262,0.11379126,-0.16463774,0.659461,0.32423326,-0.41838935,-0.59538,0.0020752505,959.3773,817.9487,664.43225,801.02563,936.4103,0.0582275390625,-0.02166748046875,0.98553466796875,2.91595458984375,-4.3963623046875,1.24114990234375,1.0,2.0,1.0,4.0,2.0,95.0,event
11:26:13.292,1.043139,0.2551292,0.93043804,1.0186048,0.9007033,0.09280326,0.45979702,1.0620517,0.96199,0.1334126,0.41848785,0.6707001,0.8128262,0.11379126,-0.16463774,0.659461,0.32423326,-0.41838935,-0.59538,0.0020752505,772.01465,819.15753,338.0586,783.69965,950.10986,0.0582275390625,-0.02166748046875,0.98553466796875,2.91595458984375,-4.3963623046875,1.24114990234375,1.0,2.0,1.0,4.0,2.0,95.0,event
11:26:13.292,1.043139,0.2551292,0.93043804,1.0186048,0.9007033,0.09280326,0.45979702,1.0620517,0.96199,0.1334126,0.41848785,0.6707001,0.8128262,0.11379126,-0.16463774,0.659461,0.32423326,-0.41838935,-0.59538,0.0020752505,623.73627,815.5311,482.71063,773.22345,862.674,0.0582275390625,-0.02166748046875,0.98553466796875,2.91595458984375,-4.3963623046875,1.24114990234375,1.0,2.0,1.0,4.0,2.0,95.0,event
11:26:13.293,1.043139,0.2551292,0.93043804,1.0186048,0.9007033,0.09280326,0.45979702,1.0620517,0.96199,0.1334126,0.41848785,0.6707001,0.8128262,0.11379126,-0.16463774,0.659461,0.32423326,-0.41838935,-0.59538,0.0020752505,686.1905,816.337,647.9121,786.9231,813.5165,0.0582275390625,-0.02166748046875,0.98553466796875,2.91595458984375,-4.3963623046875,1.24114990234375,1.0,2.0,1.0,4.0,2.0,95.0,event
11:26:13.294,1.043139,0.2551292,0.93043804,1.0186048,0.9007033,0.09280326,0.45979702,1.0620517,0.96199,0.1334126,0.41848785,0.6707001,0.8128262,0.11379126,-0.16463774,0.659461,0.32423326,-0.41838935,-0.59538,0.0020752505,868.315,815.12823,403.33334,808.68134,967.8388,0.0582275390625,-0.02166748046875,0.98553466796875,2.91595458984375,-4.3963623046875,1.24114990234375,1.0,2.0,1.0,4.0,2.0,95.0,event
11:26:13.295,1.043139,0.2551292,0.93043804,1.0186048,0.9007033,0.09280326,0.45979702,1.0620517,0.96199,0.1334126,0.41848785,0.6707001,0.8128262,0.11379126,-0.16463774,0.659461,0.32423326,-0.41838935,-0.59538,0.0020752505,957.76556,813.1135,338.86447,809.89014,1073.0037,0.0582275390625,-0.02166748046875,0.98553466796875,2.91595458984375,-4.3963623046875,1.24114990234375,1.0,2.0,1.0,4.0,2.0,95.0,event
11:26:13.295,1.043139,0.2551292,0.93043804,1.0186048,0.9007033,0.09280326,0.45979702,1.0620517,0.96199,0.1334126,0.41848785,0.6707001,0.8128262,0.11379126,-0.16463774,0.659461,0.32423326,-0.41838935,-0.59538,0.0020752505,829.6337,812.3077,790.14655,790.54944,805.4579,0.0582275390625,-0.02166748046875,0.98553466796875,2.91595458984375,-4.3963623046875,1.24114990234375,1.0,2.0,1.0,4.0,2.0,95.0,event
11:26:13.296,1.043139,0.2551292,0.93043804,1.0186048,0.9007033,0.09280326,0.45979702,1.0620517,0.96199,0.1334126,0.41848785,0.6707001,0.8128262,0.11379126,-0.16463774,0.659461,0.32423326,-0.41838935,-0.59538,0.0020752505,661.2088,811.50183,773.6264,780.07324,755.4945,0.0582275390625,-0.02166748046875,0.98553466796875,2.91595458984375,-4.3963623046875,1.24114990234375,1.0,2.0,1.0,4.0,2.0,95.0,event
11:26:13.339,1.043139,0.2551292,0.93043804,1.0186048,0.9007033,0.09280326,0.45979702,1.0620517,0.96199,0.1334126,0.41848785,0.6707001,0.8128262,0.11379126,-0.16463774,0.659461,0.32423326,-0.41838935,-0.59538,0.0020752505,678.5348,815.9341,707.9487,794.57874,811.0989,0.0582275390625,-0.02166748046875,0.98553466796875,2.91595458984375,-4.3963623046875,1.24114990234375,1.0,2.0,1.0,4.0,2.0,95.0,event
11:26:13.341,1.043139,0.2551292,0.93043804,1.0186048,0.9007033,0.09280326,0.45979702,1.0620517,0.96199,0.1334126,0.41848785,0.6707001,0.8128262,0.11379126,-0.16463774,0.659461,0.32423326,-0.41838935,-0.59538,0.0020752505,865.89746,813.1135,869.92676,822.381,763.95605,0.0582275390625,-0.02166748046875,0.98553466796875,2.91595458984375,-4.3963623046875,1.24114990234375,1.0,2.0,1.0,4.0,2.0,95.0,event
11:26:13.343,1.043139,0.2551292,0.93043804,1.0186048,0.9007033,0.09280326,0.45979702,1.0620517,0.96199,0.1334126,0.41848785,0.6707001,0.8128262,0.11379126,-0.16463774,0.659461,0.32423326,-0.41838935,-0.59538,0.0020752505,1005.31134,814.7253,963.4066,839.304,720.4396,0.0582275390625,-0.02166748046875,0.98553466796875,2.91595458984375,-4.3963623046875,1.24114990234375,1.0,2.0,1.0,4.0,2.0,95.0,event
11:26:13.344,1.043139,0.2551292,0.93043804,1.0186048,0.9007033,0.09280326,0.45979702,1.0620517,0.96199,0.1334126,0.41848785,0.6707001,0.8128262,0.11379126,-0.16463774,0.659461,0.32423326,-0.41838935,-0.59538,0.0020752505,885.64105,814.3223,717.619,825.6044,738.5714,0.0582275390625,-0.02166748046875,0.98553466796875,2.91595458984375,-4.3963623046875,1.24114990234375,1.0,2.0,1.0,4.0,2.0,95.0,event
11:26:13.348,,,,,,,,,,,,,,,,,,,,,,,,,,,,,,,,,,,,,,blink
11:26:13.351,1.043139,0.2551292,0.93043804,1.0186048,0.9007033,0.09280326,0.45979702,1.0620517,0.96199,0.1334126,0.41848785,0.6707001,0.8128262,0.11379126,-0.16463774,0.659461,0.32423326,-0.41838935,-0.59538,0.0020752505,653.1502,804.65204,414.21246,790.14655,797.8022,0.0582275390625,-0.02166748046875,0.98553466796875,2.91595458984375,-4.3963623046875,1.24114990234375,1.0,2.0,1.0,4.0,2.0,95.0,event
11:26:13.352,1.043139,0.2551292,0.93043804,1.0186048,0.9007033,0.09280326,0.45979702,1.0620517,0.96199,0.1334126,0.41848785,0.6707001,0.8128262,0.11379126,-0.16463774,0.659461,0.32423326,-0.41838935,-0.59538,0.0020752505,631.79486,805.8608,474.652,787.72894,779.67035,0.0582275390625,-0.02166748046875,0.98553466796875,2.91595458984375,-4.3963623046875,1.24114990234375,1.0,2.0,1.0,4.0,2.0,95.0,event
11:26:13.353,1.043139,0.2551292,0.93043804,1.0186048,0.9007033,0.09280326,0.45979702,1.0620517,0.96199,0.1334126,0.41848785,0.6707001,0.8128262,0.11379126,-0.16463774,0.659461,0.32423326,-0.41838935,-0.59538,0.0020752505,845.7509,810.293,591.50183,825.6044,792.5641,0.0582275390625,-0.02166748046875,0.98553466796875,2.91595458984375,-4.3963623046875,1.24114990234375,1.0,2.0,1.0,4.0,2.0,95.0,event
11:26:13.355,1.043139,0.2551292,0.93043804,1.0186048,0.9007033,0.09280326,0.45979702,1.0620517,0.96199,0.1334126,0.41848785,0.6707001,0.8128262,0.11379126,-0.16463774,0.659461,0.32423326,-0.41838935,-0.59538,0.0020752505,989.59705,806.26373,597.1429,853.8095,859.45056,0.0582275390625,-0.02166748046875,0.98553466796875,2.91595458984375,-4.3963623046875,1.24114990234375,1.0,2.0,1.0,4.0,2.0,95.0,event
11:26:13.356,1.043139,0.2551292,0.93043804,1.0186048,0.9007033,0.09280326,0.45979702,1.0620517,0.96199,0.1334126,0.41848785,0.6707001,0.8128262,0.11379126,-0.16463774,0.659461,0.32423326,-0.41838935,-0.59538,0.0020752505,860.65936,800.2198,141.42857,848.1685,1039.1575,0.0582275390625,-0.02166748046875,0.98553466796875,2.91595458984375,-4.3963623046875,1.24114990234375,1.0,2.0,1.0,4.0,2.0,95.0,event
11:26:13.358,1.043139,0.2551292,0.93043804,1.0186048,0.9007033,0.09280326,0.45979702,1.0620517,0.96199,0.1334126,0.41848785,0.6707001,0.8128262,0.11379126,-0.16463774,0.659461,0.32423326,-0.41838935,-0.59538,0.0020752505,676.9231,804.2491,242.96703,828.8278,959.7802,0.0582275390625,-0.02166748046875,0.98553466796875,2.91595458984375,-4.3963623046875,1.24114990234375,1.0,2.0,1.0,4.0,2.0,95.0,event
11:26:13.360,1.043139,0.2551292,0.93043804,1.0186048,0.9007033,0.09280326,0.45979702,1.0620517,0.96199,0.1334126,0.41848785,0.6707001,0.8128262,0.11379126,-0.16463774,0.659461,0.32423326,-0.41838935,-0.59538,0.0020752505,673.69965,807.0696,857.8388,828.8278,701.50183,0.0582275390625,-0.02166748046875,0.98553466796875,2.91595458984375,-4.3963623046875,1.24114990234375,1.0,2.0,1.0,4.0,2.0,95.0,event
11:26:13.362,1.043139,0.2551292,0.93043804,1.0186048,0.9007033,0.09280326,0.45979702,1.0620517,0.96199,0.1334126,0.41848785,0.6707001,0.8128262,0.11379126,-0.16463774,0.659461,0.32423326,-0.41838935,-0.59538,0.0020752505,838.9011,803.8461,790.9524,851.79486,749.45056,0.0582275390625,-0.02166748046875,0.98553466796875,2.91595458984375,-4.3963623046875,1.24114990234375,1.0,2.0,1.0,4.0,2.0,95.0,event
11:26:13.401,1.043139,0.2551292,0.93043804,1.0186048,0.9007033,0.09280326,0.45979702,1.0620517,0.96199,0.1334126,0.41848785,0.6707001,0.8128262,0.11379126,-0.16463774,0.659461,0.32423326,-0.41838935,-0.59538,0.0020752505,1010.9524,808.2784,780.4762,881.6117,786.9231,0.05682373046875,-0.0194091796875,0.99005126953125,2.27294921875,-1.054229736328125,0.530853271484375,1.0,2.0,1.0,4.0,2.0,95.0,event
11:26:13.402,1.043139,0.2551292,0.93043804,1.0186048,0.9007033,0.09280326,0.45979702,1.0620517,0.96199,0.1334126,0.41848785,0.6707001,0.8128262,0.11379126,-0.16463774,0.659461,0.32423326,-0.41838935,-0.59538,0.0020752505,946.08057,817.1429,871.53845,882.8205,755.09155,0.05682373046875,-0.0194091796875,0.99005126953125,2.27294921875,-1.054229736328125,0.530853271484375,1.0,2.0,1.0,4.0,2.0,95.0,event
11:26:13.403,1.043139,0.2551292,0.93043804,1.0186048,0.9007033,0.09280326,0.45979702,1.0620517,0.96199,0.1334126,0.41848785,0.6707001,0.8128262,0.11379126,-0.16463774,0.659461,0.32423326,-0.41838935,-0.59538,0.0020752505,726.4835,818.3516,768.7912,850.58606,725.2747,0.05682373046875,-0.0194091796875,0.99005126953125,2.27294921875,-1.054229736328125,0.530853271484375,1.0,2.0,1.0,4.0,2.0,95.0,event
11:26:13.404,1.043139,0.2551292,0.93043804,1.0186048,0.9007033,0.09280326,0.45979702,1.0620517,0.96199,0.1334126,0.41848785,0.6707001,0.8128262,0.11379126,-0.16463774,0.659461,0.32423326,-0.41838935,-0.59538,0.0020752505,665.64105,813.5165,679.7436,846.9597,746.63007,0.05682373046875,-0.0194091796875,0.99005126953125,2.27294921875,-1.054229736328125,0.530853271484375,1.0,2.0,1.0,4.0,2.0,95.0,event
11:26:13.404,1.043139,0.2551292,0.93043804,1.0186048,0.9007033,0.09280326,0.45979702,1.0620517,0.96199,0.1334126,0.41848785,0.6707001,0.8128262,0.11379126,-0.16463774,0.659461,0.32423326,-0.41838935,-0.59538,0.0020752505,815.12823,813.5165,782.49084,870.32965,788.93774,0.05682373046875,-0.0194091796875,0.99005126953125,2.27294921875,-1.054229736328125,0.530853271484375,1.0,2.0,1.0,4.0,2.0,95.0,event
11:26:13.405,1.043139,0.2551292,0.93043804,1.0186048,0.9007033,0.09280326,0.45979702,1.0620517,0.96199,0.1334126,0.41848785,0.6707001,0.8128262,0.11379126,-0.16463774,0.659461,0.32423326,-0.41838935,-0.59538,0.0020752505,987.1795,819.15753,771.2088,874.7619,832.4542,0.05682373046875,-0.0194091796875,0.99005126953125,2.27294921875,-1.054229736328125,0.530853271484375,1.0,2.0,1.0,4.0,2.0,95.0,event
11:26:13.406,1.043139,0.2551292,0.93043804,1.0186048,0.9007033,0.09280326,0.45979702,1.0620517,0.96199,0.1334126,0.41848785,0.6707001,0.8128262,0.11379126,-0.16463774,0.659461,0.32423326,-0.41838935,-0.59538,0.0020752505,944.0659,821.978,643.47986,857.8388,919.89014,0.05682373046875,-0.0194091796875,0.99005126953125,2.27294921875,-1.054229736328125,0.530853271484375,1.0,2.0,1.0,4.0,2.0,95.0,event
11:26:13.406,1.043139,0.2551292,0.93043804,1.0186048,0.9007033,0.09280326,0.45979702,1.0620517,0.96199,0.1334126,0.41848785,0.6707001,0.8128262,0.11379126,-0.16463774,0.659461,0.32423326,-0.41838935,-0.59538,0.0020752505,726.8865,820.3663,283.26007,839.707,1044.3956,0.05682373046875,-0.0194091796875,0.99005126953125,2.27294921875,-1.054229736328125,0.530853271484375,1.0,2.0,1.0,4.0,2.0,95.0,event
11:26:13.407,1.043139,0.2551292,0.93043804,1.0186048,0.9007033,0.09280326,0.45979702,1.0620517,0.96199,0.1334126,0.41848785,0.6707001,0.8128262,0.11379126,-0.16463774,0.659461,0.32423326,-0.41838935,-0.59538,0.0020752505,647.9121,825.2015,77.765564,835.6777,1064.9451,0.05682373046875,-0.0194091796875,0.99005126953125,2.27294921875,-1.054229736328125,0.530853271484375,1.0,2.0,1.0,4.0,2.0,95.0,event
11:26:13.408,1.043139,0.2551292,0.93043804,1.0186048,0.9007033,0.09280326,0.45979702,1.0620517,0.96199,0.1334126,0.41848785,0.6707001,0.8128262,0.11379126,-0.16463774,0.659461,0.32423326,-0.41838935,-0.59538,0.0020752505,796.99634,827.2161,717.2161,841.31866,822.381,0.05682373046875,-0.0194091796875,0.99005126953125,2.27294921875,-1.054229736328125,0.530853271484375,1.0,2.0,1.0,4.0,2.0,95.0,event
11:26:13.409,1.043139,0.2551292,0.93043804,1.0186048,0.9007033,0.09280326,0.45979702,1.0620517,0.96199,0.1334126,0.41848785,0.6707001,0.8128262,0.11379126,-0.16463774,0.659461,0.32423326,-0.41838935,-0.59538,0.0020752505,997.25275,819.5604,998.0586,851.39197,801.02563,0.05682373046875,-0.0194091796875,0.99005126953125,2.27294921875,-1.054229736328125,0.530853271484375,1.0,2.0,1.0,4.0,2.0,95.0,event
11:26:13.409,1.043139,0.2551292,0.93043804,1.0186048,0.9007033,0.09280326,0.45979702,1.0620517,0.96199,0.1334126,0.41848785,0.6707001,0.8128262,0.11379126,-0.16463774,0.659461,0.32423326,-0.41838935,-0.59538,0.0020752505,969.45056,820.3663,723.663,843.73627,905.38464,0.05682373046875,-0.0194091796875,0.99005126953125,2.27294921875,-1.054229736328125,0.530853271484375,1.0,2.0,1.0,4.0,2.0,95.0,event
11:26:13.439,1.043139,0.2551292,0.93043804,1.0186048,0.9007033,0.09280326,0.45979702,1.0620517,0.96199,0.1334126,0.41848785,0.6707001,0.8128262,0.11379126,-0.16463774,0.659461,0.32423326,-0.41838935,-0.59538,0.0020752505,745.82416,823.1868,711.978,819.5604,786.1172,0.044677734375,-0.02099609375,0.98162841796875,1.74957275390625,-4.762725830078125,0.85235595703125,1.0,2.0,1.0,4.0,2.0,95.0,event
11:26:13.440,1.043139,0.2551292,0.93043804,1.0186048,0.9007033,0.09280326,0.45979702,1.0620517,0.96199,0.1334126,0.41848785,0.6707001,0.8128262,0.11379126,-0.16463774,0.659461,0.32423326,-0.41838935,-0.59538,0.0020752505,668.46155,819.5604,862.674,816.7399,673.69965,0.044677734375,-0.02099609375,0.98162841796875,1.74957275390625,-4.762725830078125,0.85235595703125,1.0,2.0,1.0,4.0,2.0,95.0,event
11:26:13.441,1.043139,0.2551292,0.93043804,1.0186048,0.9007033,0.09280326,0.45979702,1.0620517,0.96199,0.1334126,0.41848785,0.6707001,0.8128262,0.11379126,-0.16463774,0.659461,0.32423326,-0.41838935,-0.59538,0.0020752505,784.10254,819.9634,817.1429,836.08057,725.2747,0.044677734375,-0.02099609375,0.98162841796875,1.74957275390625,-4.762725830078125,0.85235595703125,1.0,2.0,1.0,4.0,2.0,95.0,event
11:26:13.442,1.043139,0.2551292,0.93043804,1.0186048,0.9007033,0.09280326,0.45979702,1.0620517,0.96199,0.1334126,0.41848785,0.6707001,0.8128262,0.11379126,-0.16463774,0.659461,0.32423326,-0.41838935,-0.59538,0.0020752505,956.9597,822.381,781.28204,854.61536,794.17584,0.044677734375,-0.02099609375,0.98162841796875,1.74957275390625,-4.762725830078125,0.85235595703125,1.0,2.0,1.0,4.0,2.0,95.0,event
11:26:13.443,1.043139,0.2551292,0.93043804,1.0186048,0.9007033,0.09280326,0.45979702,1.0620517,0.96199,0.1334126,0.41848785,0.6707001,0.8128262,0.11379126,-0.16463774,0.659461,0.32423326,-0.41838935,-0.59538,0.0020752505,979.5238,826.0073,783.69965,846.1539,728.0952,0.044677734375,-0.02099609375,0.98162841796875,1.74957275390625,-4.762725830078125,0.85235595703125,1.0,2.0,1.0,4.0,2.0,95.0,event
11:26:13.443,1.043139,0.2551292,0.93043804,1.0186048,0.9007033,0.09280326,0.45979702,1.0620517,0.96199,0.1334126,0.41848785,0.6707001,0.8128262,0.11379126,-0.16463774,0.659461,0.32423326,-0.41838935,-0.59538,0.0020752505,786.52014,829.2308,641.8681,821.1722,745.0183,0.044677734375,-0.02099609375,0.98162841796875,1.74957275390625,-4.762725830078125,0.85235595703125,1.0,2.0,1.0,4.0,2.0,95.0,event
11:26:13.448,1.043139,0.2551292,0.93043804,1.0186048,0.9007033,0.09280326,0.45979702,1.0620517,0.96199,0.1334126,0.41848785,0.6707001,0.8128262,0.11379126,-0.16463774,0.659461,0.32423326,-0.41838935,-0.59538,0.0020752505,662.4176,822.7839,489.1575,814.7253,863.0769,0.044677734375,-0.02099609375,0.98162841796875,1.74957275390625,-4.762725830078125,0.85235595703125,1.0,2.0,1.0,4.0,2.0,95.0,event
11:26:13.448,1.043139,0.2551292,0.93043804,1.0186048,0.9007033,0.09280326,0.45979702,1.0620517,0.96199,0.1334126,0.41848785,0.6707001,0.8128262,0.11379126,-0.16463774,0.659461,0.32423326,-0.41838935,-0.59538,0.0020752505,739.7802,823.1868,186.9597,831.6484,967.8388,0.044677734375,-0.02099609375,0.98162841796875,1.74957275390625,-4.762725830078125,0.85235595703125,1.0,2.0,1.0,4.0,2.0,95.0,event
11:26:13.449,1.043139,0.2551292,0.93043804,1.0186048,0.9007033,0.09280326,0.45979702,1.0620517,0.96199,0.1334126,0.41848785,0.6707001,0.8128262,0.11379126,-0.16463774,0.659461,0.32423326,-0.41838935,-0.59538,0.0020752505,944.4689,831.6484,548.7912,843.3333,857.4359,0.044677734375,-0.02099609375,0.98162841796875,1.74957275390625,-4.762725830078125,0.85235595703125,1.0,2.0,1.0,4.0,2.0,95.0,event
11:26:13.450,1.043139,0.2551292,0.93043804,1.0186048,0.9007033,0.09280326,0.45979702,1.0620517,0.96199,0.1334126,0.41848785,0.6707001,0.8128262,0.11379126,-0.16463774,0.659461,0.32423326,-0.41838935,-0.59538,0.0020752505,1002.0879,832.4542,952.9304,836.8865,736.55676,0.044677734375,-0.02099609375,0.98162841796875,1.74957275390625,-4.762725830078125,0.85235595703125,1.0,2.0,1.0,4.0,2.0,95.0,event
11:26:13.451,1.043139,0.2551292,0.93043804,1.0186048,0.9007033,0.09280326,0.45979702,1.0620517,0.96199,0.1334126,0.41848785,0.6707001,0.8128262,0.11379126,-0.16463774,0.659461,0.32423326,-0.41838935,-0.59538,0.0020752505,805.4579,829.6337,593.91943,819.9634,870.7326,0.044677734375,-0.02099609375,0.98162841796875,1.74957275390625,-4.762725830078125,0.85235595703125,1.0,2.0,1.0,4.0,2.0,95.0,event
11:26:13.452,1.043139,0.2551292,0.93043804,1.0186048,0.9007033,0.09280326,0.45979702,1.0620517,0.96199,0.1334126,0.41848785,0.6707001,0.8128262,0.11379126,-0.16463774,0.659461,0.32423326,-0.41838935,-0.59538,0.0020752505,657.1795,827.2161,486.73993,810.696,814.7253,0.044677734375,-0.02099609375,0.98162841796875,1.74957275390625,-4.762725830078125,0.85235595703125,1.0,2.0,1.0,4.0,2.0,95.0,event
11:26:13.476,1.043139,0.2551292,0.93043804,1.0186048,0.9007033,0.09280326,0.45979702,1.0620517,0.96199,0.1334126,0.41848785,0.6707001,0.8128262,0.11379126,-0.16463774,0.659461,0.32423326,-0.41838935,-0.59538,0.0020752505,723.2601,830.84247,811.9048,816.337,652.3443,0.06439208984375,-0.024169921875,0.98345947265625,1.68975830078125,-3.0206298828125,-1.60003662109375,1.0,2.0,1.0,4.0,2.0,95.0,event
11:26:13.478,1.043139,0.2551292,0.93043804,1.0186048,0.9007033,0.09280326,0.45979702,1.0620517,0.96199,0.1334126,0.41848785,0.6707001,0.8128262,0.11379126,-0.16463774,0.659461,0.32423326,-0.41838935,-0.59538,0.0020752505,921.9048,828.022,970.2564,838.0952,710.7692,0.06439208984375,-0.024169921875,0.98345947265625,1.68975830078125,-3.0206298828125,-1.60003662109375,1.0,2.0,1.0,4.0,2.0,95.0,event
11:26:13.479,1.043139,0.2551292,0.93043804,1.0186048,0.9007033,0.09280326,0.45979702,1.0620517,0.96199,0.1334126,0.41848785,0.6707001,0.8128262,0.11379126,-0.16463774,0.659461,0.32423326,-0.41838935,-0.59538,0.0020752505,827.619,827.2161,547.98535,799.81683,756.7033,0.06439208984375,-0.024169921875,0.98345947265625,1.68975830078125,-3.0206298828125,-1.60003662109375,1.0,2.0,1.0,4.0,2.0,95.0,event
11:26:13.479,1.043139,0.2551292,0.93043804,1.0186048,0.9007033,0.09280326,0.45979702,1.0620517,0.96199,0.1334126,0.41848785,0.6707001,0.8128262,0.11379126,-0.16463774,0.659461,0.32423326,-0.41838935,-0.59538,0.0020752505,996.04395,823.9927,708.7546,836.08057,788.1319,0.06439208984375,-0.024169921875,0.98345947265625,1.68975830078125,-3.0206298828125,-1.60003662109375,1.0,2.0,1.0,4.0,2.0,95.0,event
11:26:13.480,1.043139,0.2551292,0.93043804,1.0186048,0.9007033,0.09280326,0.45979702,1.0620517,0.96199,0.1334126,0.41848785,0.6707001,0.8128262,0.11379126,-0.16463774,0.659461,0.32423326,-0.41838935,-0.59538,0.0020752505,659.19415,822.7839,717.2161,791.3553,682.1612,0.06439208984375,-0.024169921875,0.98345947265625,1.68975830078125,-3.0206298828125,-1.60003662109375,1.0,2.0,1.0,4.0,2.0,95.0,event
11:26:13.481,1.043139,0.2551292,0.93043804,1.0186048,0.9007033,0.09280326,0.45979702,1.0620517,0.96199,0.1334126,0.41848785,0.6707001,0.8128262,0.11379126,-0.16463774,0.659461,0.32423326,-0.41838935,-0.59538,0.0020752505,699.89014,821.5751,717.2161,799.81683,729.707,0.06439208984375,-0.024169921875,0.98345947265625,1.68975830078125,-3.0206298828125,-1.60003662109375,1.0,2.0,1.0,4.0,2.0,95.0,event
11:26:13.482,1.043139,0.2551292,0.93043804,1.0186048,0.9007033,0.09280326,0.45979702,1.0620517,0.96199,0.1334126,0.41848785,0.6707001,0.8128262,0.11379126,-0.16463774,0.659461,0.32423326,-0.41838935,-0.59538,0.0020752505,883.6264,822.381,371.0989,808.68134,1008.1319,0.06439208984375,-0.024169921875,0.98345947265625,1.68975830078125,-3.0206298828125,-1.60003662109375,1.0,2.0,1.0,4.0,2.0,95.0,event
11:26:13.482,1.043139,0.2551292,0.93043804,1.0186048,0.9007033,0.09280326,0.45979702,1.0620517,0.96199,0.1334126,0.41848785,0.6707001,0.8128262,0.11379126,-0.16463774,0.659461,0.32423326,-0.41838935,-0.59538,0.0020752505,983.1502,821.5751,232.89377,819.15753,1050.0366,0.06439208984375,-0.024169921875,0.98345947265625,1.68975830078125,-3.0206298828125,-1.60003662109375,1.0,2.0,1.0,4.0,2.0,95.0,event
11:26:13.483,1.043139,0.2551292,0.93043804,1.0186048,0.9007033,0.09280326,0.45979702,1.0620517,0.96199,0.1334126,0.41848785,0.6707001,0.8128262,0.11379126,-0.16463774,0.659461,0.32423326,-0.41838935,-0.59538,0.0020752505,863.0769,820.3663,669.2674,809.0842,710.7692,0.06439208984375,-0.024169921875,0.98345947265625,1.68975830078125,-3.0206298828125,-1.60003662109375,1.0,2.0,1.0,4.0,2.0,95.0,event
11:26:13.484,1.043139,0.2551292,0.93043804,1.0186048,0.9007033,0.09280326,0.45979702,1.0620517,0.96199,0.1334126,0.41848785,0.6707001,0.8128262,0.11379126,-0.16463774,0.659461,0.32423326,-0.41838935,-0.59538,0.0020752505,678.93774,817.9487,732.1245,796.1905,680.9524,0.06439208984375,-0.024169921875,0.98345947265625,1.68975830078125,-3.0206298828125,-1.60003662109375,1.0,2.0,1.0,4.0,2.0,95.0,event
11:26:13.485,1.043139,0.2551292,0.93043804,1.0186048,0.9007033,0.09280326,0.45979702,1.0620517,0.96199,0.1334126,0.41848785,0.6707001,0.8128262,0.11379126,-0.16463774,0.659461,0.32423326,-0.41838935,-0.59538,0.0020752505,681.75824,822.381,640.65936,802.6374,751.8681,0.06439208984375,-0.024169921875,0.98345947265625,1.68975830078125,-3.0206298828125,-1.60003662109375,1.0,2.0,1.0,4.0,2.0,95.0,event
11:26:13.485,1.043139,0.2551292,0.93043804,1.0186048,0.9007033,0.09280326,0.45979702,1.0620517,0.96199,0.1334126,0.41848785,0.6707001,0.8128262,0.11379126,-0.16463774,0.659461,0.32423326,-0.41838935,-0.59538,0.0020752505,868.315,821.5751,805.4579,821.5751,726.8865,0.06439208984375,-0.024169921875,0.98345947265625,1.68975830078125,-3.0206298828125,-1.60003662109375,1.0,2.0,1.0,4.0,2.0,95.0,event
11:26:13.527,1.043139,0.2551292,0.93043804,1.0186048,0.9007033,0.09280326,0.45979702,1.0620517,0.96199,0.1334126,0.41848785,0.6707001,0.8128262,0.11379126,-0.16463774,0.659461,0.32423326,-0.41838935,-0.59538,0.0020752505,990.80585,818.3516,912.23444,828.022,689.81683,0.06207275390625,-0.021728515625,0.98468017578125,2.04864501953125,-3.476715087890625,0.485992431640625,1.0,2.0,1.0,4.0,2.0,95.0,event
11:26:13.528,1.043139,0.2551292,0.93043804,1.0186048,0.9007033,0.09280326,0.45979702,1.0620517,0.96199,0.1334126,0.41848785,0.6707001,0.8128262,0.11379126,-0.16463774,0.659461,0.32423326,-0.41838935,-0.59538,0.0020752505,871.13556,819.15753,656.77655,811.0989,731.7216,0.06207275390625,-0.021728515625,0.98468017578125,2.04864501953125,-3.476715087890625,0.485992431640625,1.0,2.0,1.0,4.0,2.0,95.0,event
11:26:13.529,1.043139,0.2551292,0.93043804,1.0186048,0.9007033,0.09280326,0.45979702,1.0620517,0.96199,0.1334126,0.41848785,0.6707001,0.8128262,0.11379126,-0.16463774,0.659461,0.32423326,-0.41838935,-0.59538,0.0020752505,686.99634,819.5604,476.26373,795.78754,854.61536,0.06207275390625,-0.021728515625,0.98468017578125,2.04864501953125,-3.476715087890625,0.485992431640625,1.0,2.0,1.0,4.0,2.0,95.0,event
11:26:13.530,1.043139,0.2551292,0.93043804,1.0186048,0.9007033,0.09280326,0.45979702,1.0620517,0.96199,0.1334126,0.41848785,0.6707001,0.8128262,0.11379126,-0.16463774,0.659461,0.32423326,-0.41838935,-0.59538,0.0020752505,670.87915,820.3663,737.76556,801.8315,769.59705,0.06207275390625,-0.021728515625,0.98468017578125,2.04864501953125,-3.476715087890625,0.485992431640625,1.0,2.0,1.0,4.0,2.0,95.0,event
11:26:13.531,1.043139,0.2551292,0.93043804,1.0186048,0.9007033,0.09280326,0.45979702,1.0620517,0.96199,0.1334126,0.41848785,0.6707001,0.8128262,0.11379126,-0.16463774,0.659461,0.32423326,-0.41838935,-0.59538,0.0020752505,836.8865,817.9487,947.6923,827.2161,742.1978,0.06207275390625,-0.021728515625,0.98468017578125,2.04864501953125,-3.476715087890625,0.485992431640625,1.0,2.0,1.0,4.0,2.0,95.0,event
11:26:13.531,1.043139,0.2551292,0.93043804,1.0186048,0.9007033,0.09280326,0.45979702,1.0620517,0.96199,0.1334126,0.41848785,0.6707001,0.8128262,0.11379126,-0.16463774,0.659461,0.32423326,-0.41838935,-0.59538,0.0020752505,978.315,815.9341,718.8278,836.8865,997.6557,0.06207275390625,-0.021728515625,0.98468017578125,2.04864501953125,-3.476715087890625,0.485992431640625,1.0,2.0,1.0,4.0,2.0,95.0,event
11:26:13.532,1.043139,0.2551292,0.93043804,1.0186048,0.9007033,0.09280326,0.45979702,1.0620517,0.96199,0.1334126,0.41848785,0.6707001,0.8128262,0.11379126,-0.16463774,0.659461,0.32423326,-0.41838935,-0.59538,0.0020752505,883.22345,818.3516,355.78754,822.7839,1044.7986,0.06207275390625,-0.021728515625,0.98468017578125,2.04864501953125,-3.476715087890625,0.485992431640625,1.0,2.0,1.0,4.0,2.0,95.0,event
11:26:13.533,1.043139,0.2551292,0.93043804,1.0186048,0.9007033,0.09280326,0.45979702,1.0620517,0.96199,0.1334126,0.41848785,0.6707001,0.8128262,0.11379126,-0.16463774,0.659461,0.32423326,-0.41838935,-0.59538,0.0020752505,690.6227,819.9634,500.43958,809.0842,786.9231,0.06207275390625,-0.021728515625,0.98468017578125,2.04864501953125,-3.476715087890625,0.485992431640625,1.0,2.0,1.0,4.0,2.0,95.0,event
11:26:13.539,1.043139,0.2551292,0.93043804,1.0186048,0.9007033,0.09280326,0.45979702,1.0620517,0.96199,0.1334126,0.41848785,0.6707001,0.8128262,0.11379126,-0.16463774,0.659461,0.32423326,-0.41838935,-0.59538,0.0020752505,651.53845,819.5604,790.54944,810.696,645.4945,0.06207275390625,-0.021728515625,0.98468017578125,2.04864501953125,-3.476715087890625,0.485992431640625,1.0,2.0,1.0,4.0,2.0,95.0,event
11:26:13.540,1.043139,0.2551292,0.93043804,1.0186048,0.9007033,0.09280326,0.45979702,1.0620517,0.96199,0.1334126,0.41848785,0.6707001,0.8128262,0.11379126,-0.16463774,0.659461,0.32423326,-0.41838935,-0.59538,0.0020752505,794.57874,817.9487,687.3993,830.0366,750.2564,0.06207275390625,-0.021728515625,0.98468017578125,2.04864501953125,-3.476715087890625,0.485992431640625,1.0,2.0,1.0,4.0,2.0,95.0,event
11:26:13.541,1.043139,0.2551292,0.93043804,1.0186048,0.9007033,0.09280326,0.45979702,1.0620517,0.96199,0.1334126,0.41848785,0.6707001,0.8128262,0.11379126,-0.16463774,0.659461,0.32423326,-0.41838935,-0.59538,0.0020752505,957.76556,817.1429,198.24176,854.21246,1057.2894,0.06207275390625,-0.021728515625,0.98468017578125,2.04864501953125,-3.476715087890625,0.485992431640625,1.0,2.0,1.0,4.0,2.0,95.0,event
11:26:13.542,1.043139,0.2551292,0.93043804,1.0186048,0.9007033,0.09280326,0.45979702,1.0620517,0.96199,0.1334126,0.41848785,0.6707001,0.8128262,0.11379126,-0.16463774,0.659461,0.32423326,-0.41838935,-0.59538,0.0020752505,919.0842,820.7692,400.51282,841.7216,931.5751,0.06207275390625,-0.021728515625,0.98468017578125,2.04864501953125,-3.476715087890625,0.485992431640625,1.0,2.0,1.0,4.0,2.0,95.0,event
11:26:13.586,1.043139,0.2551292,0.93043804,1.0186048,0.9007033,0.09280326,0.45979702,1.0620517,0.96199,0.1334126,0.41848785,0.6707001,0.8128262,0.11379126,-0.16463774,0.659461,0.32423326,-0.41838935,-0.59538,0.0020752505,722.8571,819.15753,790.14655,820.3663,711.5751,0.06207275390625,-0.021728515625,0.98468017578125,2.04864501953125,-3.476715087890625,0.485992431640625,1.0,2.0,1.0,4.0,2.0,95.0,event
11:26:13.587,1.043139,0.2551292,0.93043804,1.0186048,0.9007033,0.09280326,0.45979702,1.0620517,0.96199,0.1334126,0.41848785,0.6707001,0.8128262,0.11379126,-0.16463774,0.659461,0.32423326,-0.41838935,-0.59538,0.0020752505,651.9414,821.5751,621.7216,826.0073,751.4652,0.06207275390625,-0.021728515625,0.98468017578125,2.04864501953125,-3.476715087890625,0.485992431640625,1.0,2.0,1.0,4.0,2.0,95.0,event
11:26:13.588,1.043139,0.2551292,0.93043804,1.0186048,0.9007033,0.09280326,0.45979702,1.0620517,0.96199,0.1334126,0.41848785,0.6707001,0.8128262,0.11379126,-0.16463774,0.659461,0.32423326,-0.41838935,-0.59538,0.0020752505,778.86444,823.1868,730.9158,839.304,793.7729,0.06207275390625,-0.021728515625,0.98468017578125,2.04864501953125,-3.476715087890625,0.485992431640625,1.0,2.0,1.0,4.0,2.0,95.0,event
11:26:13.589,1.043139,0.2551292,0.93043804,1.0186048,0.9007033,0.09280326,0.45979702,1.0620517,0.96199,0.1334126,0.41848785,0.6707001,0.8128262,0.11379126,-0.16463774,0.659461,0.32423326,-0.41838935,-0.59538,0.0020752505,951.7216,818.3516,972.674,855.82416,828.4249,0.06207275390625,-0.021728515625,0.98468017578125,2.04864501953125,-3.476715087890625,0.485992431640625,1.0,2.0,1.0,4.0,2.0,95.0,event
11:26:13.590,1.043139,0.2551292,0.93043804,1.0186048,0.9007033,0.09280326,0.45979702,1.0620517,0.96199,0.1334126,0.41848785,0.6707001,0.8128262,0.11379126,-0.16463774,0.659461,0.32423326,-0.41838935,-0.59538,0.0020752505,916.26373,817.1429,815.12823,853.8095,826.0073,0.06207275390625,-0.021728515625,0.98468017578125,2.04864501953125,-3.476715087890625,0.485992431640625,1.0,2.0,1.0,4.0,2.0,95.0,event
11:26:13.591,1.043139,0.2551292,0.93043804,1.0186048,0.9007033,0.09280326,0.45979702,1.0620517,0.96199,0.1334126,0.41848785,0.6707001,0.8128262,0.11379126,-0.16463774,0.659461,0.32423326,-0.41838935,-0.59538,0.0020752505,694.2491,816.7399,294.94507,830.4396,953.3333,0.06207275390625,-0.021728515625,0.98468017578125,2.04864501953125,-3.476715087890625,0.485992431640625,1.0,2.0,1.0,4.0,2.0,95.0,event
11:26:13.592,1.043139,0.2551292,0.93043804,1.0186048,0.9007033,0.09280326,0.45979702,1.0620517,0.96199,0.1334126,0.41848785,0.6707001,0.8128262,0.11379126,-0.16463774,0.659461,0.32423326,-0.41838935,-0.59538,0.0020752505,609.6337,818.3516,99.52381,829.2308,983.1502,0.06207275390625,-0.021728515625,0.98468017578125,2.04864501953125,-3.476715087890625,0.485992431640625,1.0,2.0,1.0,4.0,2.0,95.0,event
11:26:13.593,1.043139,0.2551292,0.93043804,1.0186048,0.9007033,0.09280326,0.45979702,1.0620517,0.96199,0.1334126,0.41848785,0.6707001,0.8128262,0.11379126,-0.16463774,0.659461,0.32423326,-0.41838935,-0.59538,0.0020752505,741.79486,819.15753,620.10986,836.4835,778.46155,0.06207275390625,-0.021728515625,0.98468017578125,2.04864501953125,-3.476715087890625,0.485992431640625,1.0,2.0,1.0,4.0,2.0,95.0,event
11:26:13.594,1.043139,0.2551292,0.93043804,1.0186048,0.9007033,0.09280326,0.45979702,1.0620517,0.96199,0.1334126,0.41848785,0.6707001,0.8128262,0.11379126,-0.16463774,0.659461,0.32423326,-0.41838935,-0.59538,0.0020752505,936.8132,813.5165,922.71063,842.9304,716.0073,0.06207275390625,-0.021728515625,0.98468017578125,2.04864501953125,-3.476715087890625,0.485992431640625,1.0,2.0,1.0,4.0,2.0,95.0,event
11:26:13.595,1.043139,0.2551292,0.93043804,1.0186048,0.9007033,0.09280326,0.45979702,1.0620517,0.96199,0.1334126,0.41848785,0.6707001,0.8128262,0.11379126,-0.16463774,0.659461,0.32423326,-0.41838935,-0.59538,0.0020752505,930.7692,812.71063,483.51648,851.79486,831.2454,0.06207275390625,-0.021728515625,0.98468017578125,2.04864501953125,-3.476715087890625,0.485992431640625,1.0,2.0,1.0,4.0,2.0,95.0,event
11:26:13.596,1.043139,0.2551292,0.93043804,1.0186048,0.9007033,0.09280326,0.45979702,1.0620517,0.96199,0.1334126,0.41848785,0.6707001,0.8128262,0.11379126,-0.16463774,0.659461,0.32423326,-0.41838935,-0.59538,0.0020752505,721.2454,816.337,411.79486,825.2015,810.293,0.06207275390625,-0.021728515625,0.98468017578125,2.04864501953125,-3.476715087890625,0.485992431640625,1.0,2.0,1.0,4.0,2.0,95.0,event
11:26:13.597,1.043139,0.2551292,0.93043804,1.0186048,0.9007033,0.09280326,0.45979702,1.0620517,0.96199,0.1334126,0.41848785,0.6707001,0.8128262,0.11379126,-0.16463774,0.659461,0.32423326,-0.41838935,-0.59538,0.0020752505,626.1539,818.3516,830.84247,804.2491,686.99634,0.06207275390625,-0.021728515625,0.98468017578125,2.04864501953125,-3.476715087890625,0.485992431640625,1.0,2.0,1.0,4.0,2.0,95.0,event
11:26:13.649,1.043139,0.2551292,0.93043804,1.0186048,0.9007033,0.09280326,0.45979702,1.0620517,0.96199,0.1334126,0.41848785,0.6707001,0.8128262,0.11379126,-0.16463774,0.659461,0.32423326,-0.41838935,-0.59538,0.0020752505,710.7692,816.7399,844.5421,815.12823,749.45056,0.053955078125,-0.0244140625,0.98223876953125,1.786956787109375,-2.773895263671875,0.5084228515625,1.0,2.0,1.0,4.0,2.0,95.0,event
11:26:13.650,1.043139,0.2551292,0.93043804,1.0186048,0.9007033,0.09280326,0.45979702,1.0620517,0.96199,0.1334126,0.41848785,0.6707001,0.8128262,0.11379126,-0.16463774,0.659461,0.32423326,-0.41838935,-0.59538,0.0020752505,900.54944,815.9341,772.01465,830.0366,831.6484,0.053955078125,-0.0244140625,0.98223876953125,1.786956787109375,-2.773895263671875,0.5084228515625,1.0,2.0,1.0,4.0,2.0,95.0,event
11:26:13.651,1.043139,0.2551292,0.93043804,1.0186048,0.9007033,0.09280326,0.45979702,1.0620517,0.96199,0.1334126,0.41848785,0.6707001,0.8128262,0.11379126,-0.16463774,0.659461,0.32423326,-0.41838935,-0.59538,0.0020752505,956.55676,815.9341,834.87177,827.2161,804.65204,0.053955078125,-0.0244140625,0.98223876953125,1.786956787109375,-2.773895263671875,0.5084228515625,1.0,2.0,1.0,4.0,2.0,95.0,event
11:26:13.652,1.043139,0.2551292,0.93043804,1.0186048,0.9007033,0.09280326,0.45979702,1.0620517,0.96199,0.1334126,0.41848785,0.6707001,0.8128262,0.11379126,-0.16463774,0.659461,0.32423326,-0.41838935,-0.59538,0.0020752505,761.53845,815.5311,859.45056,807.0696,763.1502,0.053955078125,-0.0244140625,0.98223876953125,1.786956787109375,-2.773895263671875,0.5084228515625,1.0,2.0,1.0,4.0,2.0,95.0,event
11:26:13.653,1.043139,0.2551292,0.93043804,1.0186048,0.9007033,0.09280326,0.45979702,1.0620517,0.96199,0.1334126,0.41848785,0.6707001,0.8128262,0.11379126,-0.16463774,0.659461,0.32423326,-0.41838935,-0.59538,0.0020752505,622.1245,816.337,692.6374,807.47253,757.9121,0.053955078125,-0.0244140625,0.98223876953125,1.786956787109375,-2.773895263671875,0.5084228515625,1.0,2.0,1.0,4.0,2.0,95.0,event
11:26:13.653,1.043139,0.2551292,0.93043804,1.0186048,0.9007033,0.09280326,0.45979702,1.0620517,0.96199,0.1334126,0.41848785,0.6707001,0.8128262,0.11379126,-0.16463774,0.659461,0.32423326,-0.41838935,-0.59538,0.0020752505,701.0989,816.7399,505.67764,821.978,798.60803,0.053955078125,-0.0244140625,0.98223876953125,1.786956787109375,-2.773895263671875,0.5084228515625,1.0,2.0,1.0,4.0,2.0,95.0,event
11:26:13.654,1.043139,0.2551292,0.93043804,1.0186048,0.9007033,0.09280326,0.45979702,1.0620517,0.96199,0.1334126,0.41848785,0.6707001,0.8128262,0.11379126,-0.16463774,0.659461,0.32423326,-0.41838935,-0.59538,0.0020752505,887.25275,816.337,545.56775,827.619,841.7216,0.053955078125,-0.0244140625,0.98223876953125,1.786956787109375,-2.773895263671875,0.5084228515625,1.0,2.0,1.0,4.0,2.0,95.0,event
11:26:13.655,1.043139,0.2551292,0.93043804,1.0186048,0.9007033,0.09280326,0.45979702,1.0620517,0.96199,0.1334126,0.41848785,0.6707001,0.8128262,0.11379126,-0.16463774,0.659461,0.32423326,-0.41838935,-0.59538,0.0020752505,957.76556,816.337,643.47986,826.0073,878.7912,0.053955078125,-0.0244140625,0.98223876953125,1.786956787109375,-2.773895263671875,0.5084228515625,1.0,2.0,1.0,4.0,2.0,95.0,event
11:26:13.655,1.043139,0.2551292,0.93043804,1.0186048,0.9007033,0.09280326,0.45979702,1.0620517,0.96199,0.1334126,0.41848785,0.6707001,0.8128262,0.11379126,-0.16463774,0.659461,0.32423326,-0.41838935,-0.59538,0.0020752505,787.326,813.1135,557.6557,811.50183,909.41394,0.053955078125,-0.0244140625,0.98223876953125,1.786956787109375,-2.773895263671875,0.5084228515625,1.0,2.0,1.0,4.0,2.0,95.0,event
11:26:13.656,1.043139,0.2551292,0.93043804,1.0186048,0.9007033,0.09280326,0.45979702,1.0620517,0.96199,0.1334126,0.41848785,0.6707001,0.8128262,0.11379126,-0.16463774,0.659461,0.32423326,-0.41838935,-0.59538,0.0020752505,603.1868,806.6667,56.007324,810.293,1099.1941,0.053955078125,-0.0244140625,0.98223876953125,1.786956787109375,-2.773895263671875,0.5084228515625,1.0,2.0,1.0,4.0,2.0,95.0,event
11:26:13.659,1.043139,0.2551292,0.93043804,1.0186048,0.9007033,0.09280326,0.45979702,1.0620517,0.96199,0.1334126,0.41848785,0.6707001,0.8128262,0.11379126,-0.16463774,0.659461,0.32423326,-0.41838935,-0.59538,0.0020752505,660.40295,811.9048,224.0293,828.022,1004.90845,0.053955078125,-0.0244140625,0.98223876953125,1.786956787109375,-2.773895263671875,0.5084228515625,1.0,2.0,1.0,4.0,2.0,95.0,event
11:26:13.660,1.043139,0.2551292,0.93043804,1.0186048,0.9007033,0.09280326,0.45979702,1.0620517,0.96199,0.1334126,0.41848785,0.6707001,0.8128262,0.11379126,-0.16463774,0.659461,0.32423326,-0.41838935,-0.59538,0.0020752505,879.19415,817.5458,843.3333,839.304,674.10254,0.053955078125,-0.0244140625,0.98223876953125,1.786956787109375,-2.773895263671875,0.5084228515625,1.0,2.0,1.0,4.0,2.0,95.0,event
11:26:13.689,1.043139,0.2551292,0.93043804,1.0186048,0.9007033,0.09280326,0.45979702,1.0620517,0.96199,0.1334126,0.41848785,0.6707001,0.8128262,0.11379126,-0.16463774,0.659461,0.32423326,-0.41838935,-0.59538,0.0020752505,969.45056,816.7399,781.685,842.1245,778.86444,0.04888916015625,-0.0224609375,0.986328125,1.92901611328125,-2.40753173828125,0.83740234375,1.0,2.0,1.0,4.0,2.0,95.0,event
11:26:13.690,1.043139,0.2551292,0.93043804,1.0186048,0.9007033,0.09280326,0.45979702,1.0620517,0.96199,0.1334126,0.41848785,0.6707001,0.8128262,0.11379126,-0.16463774,0.659461,0.32423326,-0.41838935,-0.59538,0.0020752505,826.0073,820.7692,686.5934,820.7692,785.7143,0.04888916015625,-0.0224609375,0.986328125,1.92901611328125,-2.40753173828125,0.83740234375,1.0,2.0,1.0,4.0,2.0,95.0,event
11:26:13.691,1.043139,0.2551292,0.93043804,1.0186048,0.9007033,0.09280326,0.45979702,1.0620517,0.96199,0.1334126,0.41848785,0.6707001,0.8128262,0.11379126,-0.16463774,0.659461,0.32423326,-0.41838935,-0.59538,0.0020752505,660.0,820.3663,802.23444,801.4286,688.20514,0.04888916015625,-0.0224609375,0.986328125,1.92901611328125,-2.40753173828125,0.83740234375,1.0,2.0,1.0,4.0,2.0,95.0,event
11:26:13.692,1.043139,0.2551292,0.93043804,1.0186048,0.9007033,0.09280326,0.45979702,1.0620517,0.96199,0.1334126,0.41848785,0.6707001,0.8128262,0.11379126,-0.16463774,0.659461,0.32423326,-0.41838935,-0.59538,0.0020752505,677.72894,817.9487,921.50183,809.0842,753.8828,0.04888916015625,-0.0224609375,0.986328125,1.92901611328125,-2.40753173828125,0.83740234375,1.0,2.0,1.0,4.0,2.0,95.0,event
11:26:13.693,1.043139,0.2551292,0.93043804,1.0186048,0.9007033,0.09280326,0.45979702,1.0620517,0.96199,0.1334126,0.41848785,0.6707001,0.8128262,0.11379126,-0.16463774,0.659461,0.32423326,-0.41838935,-0.59538,0.0020752505,971.06226,814.3223,685.78754,830.4396,898.93774,0.04888916015625,-0.0224609375,0.986328125,1.92901611328125,-2.40753173828125,0.83740234375,1.0,2.0,1.0,4.0,2.0,95.0,event
11:26:13.693,1.043139,0.2551292,0.93043804,1.0186048,0.9007033,0.09280326,0.45979702,1.0620517,0.96199,0.1334126,0.41848785,0.6707001,0.8128262,0.11379126,-0.16463774,0.659461,0.32423326,-0.41838935,-0.59538,0.0020752505,857.4359,818.3516,873.95605,822.7839,863.0769,0.04888916015625,-0.0224609375,0.986328125,1.92901611328125,-2.40753173828125,0.83740234375,1.0,2.0,1.0,4.0,2.0,95.0,event
11:26:13.694,1.043139,0.2551292,0.93043804,1.0186048,0.9007033,0.09280326,0.45979702,1.0620517,0.96199,0.1334126,0.41848785,0.6707001,0.8128262,0.11379126,-0.16463774,0.659461,0.32423326,-0.41838935,-0.59538,0.0020752505,860.65936,808.68134,546.77655,817.9487,842.1245,0.04888916015625,-0.0224609375,0.986328125,1.92901611328125,-2.40753173828125,0.83740234375,1.0,2.0,1.0,4.0,2.0,95.0,event
11:26:13.694,1.043139,0.2551292,0.93043804,1.0186048,0.9007033,0.09280326,0.45979702,1.0620517,0.96199,0.1334126,0.41848785,0.6707001,0.8128262,0.11379126,-0.16463774,0.659461,0.32423326,-0.41838935,-0.59538,0.0020752505,665.2381,806.6667,574.57874,788.5348,793.36993,0.04888916015625,-0.0224609375,0.986328125,1.92901611328125,-2.40753173828125,0.83740234375,1.0,2.0,1.0,4.0,2.0,95.0,event
11:26:13.695,1.043139,0.2551292,0.93043804,1.0186048,0.9007033,0.09280326,0.45979702,1.0620517,0.96199,0.1334126,0.41848785,0.6707001,0.8128262,0.11379126,-0.16463774,0.659461,0.32423326,-0.41838935,-0.59538,0.0020752505,608.4249,807.0696,318.71796,782.0879,904.57874,0.04888916015625,-0.0224609375,0.986328125,1.92901611328125,-2.40753173828125,0.83740234375,1.0,2.0,1.0,4.0,2.0,95.0,event
11:26:13.696,1.043139,0.2551292,0.93043804,1.0186048,0.9007033,0.09280326,0.45979702,1.0620517,0.96199,0.1334126,0.41848785,0.6707001,0.8128262,0.11379126,-0.16463774,0.659461,0.32423326,-0.41838935,-0.59538,0.0020752505,774.83514,805.4579,298.57144,778.0586,938.8278,0.04888916015625,-0.0224609375,0.986328125,1.92901611328125,-2.40753173828125,0.83740234375,1.0,2.0,1.0,4.0,2.0,95.0,event
11:26:13.696,1.043139,0.2551292,0.93043804,1.0186048,0.9007033,0.09280326,0.45979702,1.0620517,0.96199,0.1334126,0.41848785,0.6707001,0.8128262,0.11379126,-0.16463774,0.659461,0.32423326,-0.41838935,-0.59538,0.0020752505,942.4542,801.02563,859.85345,774.0293,780.4762,0.04888916015625,-0.0224609375,0.986328125,1.92901611328125,-2.40753173828125,0.83740234375,1.0,2.0,1.0,4.0,2.0,95.0,event
11:26:13.697,1.043139,0.2551292,0.93043804,1.0186048,0.9007033,0.09280326,0.45979702,1.0620517,0.96199,0.1334126,0.41848785,0.6707001,0.8128262,0.11379126,-0.16463774,0.659461,0.32423326,-0.41838935,-0.59538,0.0020752505,845.7509,797.3993,711.1722,771.6117,772.4176,0.04888916015625,-0.0224609375,0.986328125,1.92901611328125,-2.40753173828125,0.83740234375,1.0,2.0,1.0,4.0,2.0,95.0,event
11:26:13.698,1.043139,0.2551292,0.93043804,1.0186048,0.9007033,0.09280326,0.45979702,1.0620517,0.96199,0.1334126,0.41848785,0.6707001,0.8128262,0.11379126,-0.16463774,0.659461,0.32423326,-0.41838935,-0.59538,0.0020752505,641.8681,794.57874,467.39926,760.32965,830.0366,0.0506591796875,-0.0216064453125,0.97613525390625,2.07855224609375,-4.2767333984375,1.039276123046875,1.0,2.0,1.0,4.0,2.0,95.0,event
11:26:13.699,1.043139,0.2551292,0.93043804,1.0186048,0.9007033,0.09280326,0.45979702,1.0620517,0.96199,0.1334126,0.41848785,0.6707001,0.8128262,0.11379126,-0.16463774,0.659461,0.32423326,-0.41838935,-0.59538,0.0020752505,617.6923,795.38464,706.7399,764.35895,772.01465,0.0506591796875,-0.0216064453125,0.97613525390625,2.07855224609375,-4.2767333984375,1.039276123046875,1.0,2.0,1.0,4.0,2.0,95.0,event
11:26:13.700,1.043139,0.2551292,0.93043804,1.0186048,0.9007033,0.09280326,0.45979702,1.0620517,0.96199,0.1334126,0.41848785,0.6707001,0.8128262,0.11379126,-0.16463774,0.659461,0.32423326,-0.41838935,-0.59538,0.0020752505,786.52014,794.17584,943.663,781.28204,641.06226,0.0506591796875,-0.0216064453125,0.97613525390625,2.07855224609375,-4.2767333984375,1.039276123046875,1.0,2.0,1.0,4.0,2.0,95.0,event
11:26:13.700,1.043139,0.2551292,0.93043804,1.0186048,0.9007033,0.09280326,0.45979702,1.0620517,0.96199,0.1334126,0.41848785,0.6707001,0.8128262,0.11379126,-0.16463774,0.659461,0.32423326,-0.41838935,-0.59538,0.0020752505,946.8865,790.9524,853.8095,792.96704,756.30035,0.0506591796875,-0.0216064453125,0.97613525390625,2.07855224609375,-4.2767333984375,1.039276123046875,1.0,2.0,1.0,4.0,2.0,95.0,event
11:26:13.701,1.043139,0.2551292,0.93043804,1.0186048,0.9007033,0.09280326,0.45979702,1.0620517,0.96199,0.1334126,0.41848785,0.6707001,0.8128262,0.11379126,-0.16463774,0.659461,0.32423326,-0.41838935,-0.59538,0.0020752505,872.3443,793.7729,688.20514,774.83514,826.0073,0.0506591796875,-0.0216064453125,0.97613525390625,2.07855224609375,-4.2767333984375,1.039276123046875,1.0,2.0,1.0,4.0,2.0,95.0,event
11:26:13.702,1.043139,0.2551292,0.93043804,1.0186048,0.9007033,0.09280326,0.45979702,1.0620517,0.96199,0.1334126,0.41848785,0.6707001,0.8128262,0.11379126,-0.16463774,0.659461,0.32423326,-0.41838935,-0.59538,0.0020752505,669.67035,797.8022,551.2088,751.4652,781.685,0.0506591796875,-0.0216064453125,0.97613525390625,2.07855224609375,-4.2767333984375,1.039276123046875,1.0,2.0,1.0,4.0,2.0,95.0,event
11:26:13.703,1.043139,0.2551292,0.93043804,1.0186048,0.9007033,0.09280326,0.45979702,1.0620517,0.96199,0.1334126,0.41848785,0.6707001,0.8128262,0.11379126,-0.16463774,0.659461,0.32423326,-0.41838935,-0.59538,0.0020752505,613.663,800.6227,512.52747,755.09155,806.6667,0.0506591796875,-0.0216064453125,0.97613525390625,2.07855224609375,-4.2767333984375,1.039276123046875,1.0,2.0,1.0,4.0,2.0,95.0,event
11:26:13.704,1.043139,0.2551292,0.93043804,1.0186048,0.9007033,0.09280326,0.45979702,1.0620517,0.96199,0.1334126,0.41848785,0.6707001,0.8128262,0.11379126,-0.16463774,0.659461,0.32423326,-0.41838935,-0.59538,0.0020752505,753.47986,796.99634,583.44324,767.1795,875.9707,0.0506591796875,-0.0216064453125,0.97613525390625,2.07855224609375,-4.2767333984375,1.039276123046875,1.0,2.0,1.0,4.0,2.0,95.0,event
11:26:13.704,1.043139,0.2551292,0.93043804,1.0186048,0.9007033,0.09280326,0.45979702,1.0620517,0.96199,0.1334126,0.41848785,0.6707001,0.8128262,0.11379126,-0.16463774,0.659461,0.32423326,-0.41838935,-0.59538,0.0020752505,924.3223,793.7729,355.78754,775.64105,1035.5311,0.0506591796875,-0.0216064453125,0.97613525390625,2.07855224609375,-4.2767333984375,1.039276123046875,1.0,2.0,1.0,4.0,2.0,95.0,event
11:26:13.705,1.043139,0.2551292,0.93043804,1.0186048,0.9007033,0.09280326,0.45979702,1.0620517,0.96199,0.1334126,0.41848785,0.6707001,0.8128262,0.11379126,-0.16463774,0.659461,0.32423326,-0.41838935,-0.59538,0.0020752505,909.41394,800.6227,596.337,764.7619,922.3077,0.0506591796875,-0.0216064453125,0.97613525390625,2.07855224609375,-4.2767333984375,1.039276123046875,1.0,2.0,1.0,4.0,2.0,95.0,event
11:26:13.706,1.043139,0.2551292,0.93043804,1.0186048,0.9007033,0.09280326,0.45979702,1.0620517,0.96199,0.1334126,0.41848785,0.6707001,0.8128262,0.11379126,-0.16463774,0.659461,0.32423326,-0.41838935,-0.59538,0.0020752505,722.4542,802.6374,912.6374,745.42126,721.6484,0.0506591796875,-0.0216064453125,0.97613525390625,2.07855224609375,-4.2767333984375,1.039276123046875,1.0,2.0,1.0,4.0,2.0,95.0,event
11:26:13.707,1.043139,0.2551292,0.93043804,1.0186048,0.9007033,0.09280326,0.45979702,1.0620517,0.96199,0.1334126,0.41848785,0.6707001,0.8128262,0.11379126,-0.16463774,0.659461,0.32423326,-0.41838935,-0.59538,0.0020752505,639.45056,801.8315,706.337,756.7033,738.1685,0.0506591796875,-0.0216064453125,0.97613525390625,2.07855224609375,-4.2767333984375,1.039276123046875,1.0,2.0,1.0,4.0,2.0,95.0,event
11:26:13.748,1.043139,0.2551292,0.93043804,1.0186048,0.9007033,0.09280326,0.45979702,1.0620517,0.96199,0.1334126,0.41848785,0.6707001,0.8128262,0.11379126,-0.16463774,0.659461,0.32423326,-0.41838935,-0.59538,0.0020752505,759.12085,804.65204,785.31134,775.64105,748.24176,0.0506591796875,-0.0216064453125,0.97613525390625,2.07855224609375,-4.2767333984375,1.039276123046875,1.0,2.0,1.0,4.0,2.0,95.0,event
11:26:13.749,1.043139,0.2551292,0.93043804,1.0186048,0.9007033,0.09280326,0.45979702,1.0620517,0.96199,0.1334126,0.41848785,0.6707001,0.8128262,0.11379126,-0.16463774,0.659461,0.32423326,-0.41838935,-0.59538,0.0020752505,948.9011,803.44324,948.9011,786.1172,704.7253,0.0506591796875,-0.0216064453125,0.97613525390625,2.07855224609375,-4.2767333984375,1.039276123046875,1.0,2.0,1.0,4.0,2.0,95.0,event
11:26:13.750,1.043139,0.2551292,0.93043804,1.0186048,0.9007033,0.09280326,0.45979702,1.0620517,0.96199,0.1334126,0.41848785,0.6707001,0.8128262,0.11379126,-0.16463774,0.659461,0.32423326,-0.41838935,-0.59538,0.0020752505,946.08057,800.6227,733.3333,777.6557,756.30035,0.0506591796875,-0.0216064453125,0.97613525390625,2.07855224609375,-4.2767333984375,1.039276123046875,1.0,2.0,1.0,4.0,2.0,95.0,event
11:26:13.751,1.043139,0.2551292,0.93043804,1.0186048,0.9007033,0.09280326,0.45979702,1.0620517,0.96199,0.1334126,0.41848785,0.6707001,0.8128262,0.11379126,-0.16463774,0.659461,0.32423326,-0.41838935,-0.59538,0.0020752505,719.2308,803.44324,398.09525,757.50916,861.8681,0.0506591796875,-0.0216064453125,0.97613525390625,2.07855224609375,-4.2767333984375,1.039276123046875,1.0,2.0,1.0,4.0,2.0,95.0,event
11:26:13.752,1.043139,0.2551292,0.93043804,1.0186048,0.9007033,0.09280326,0.45979702,1.0620517,0.96199,0.1334126,0.41848785,0.6707001,0.8128262,0.11379126,-0.16463774,0.659461,0.32423326,-0.41838935,-0.59538,0.0020752505,618.49817,804.65204,515.34796,760.7326,856.2271,0.0506591796875,-0.0216064453125,0.97613525390625,2.07855224609375,-4.2767333984375,1.039276123046875,1.0,2.0,1.0,4.0,2.0,95.0,event
11:26:13.753,1.043139,0.2551292,0.93043804,1.0186048,0.9007033,0.09280326,0.45979702,1.0620517,0.96199,0.1334126,0.41848785,0.6707001,0.8128262,0.11379126,-0.16463774,0.659461,0.32423326,-0.41838935,-0.59538,0.0020752505,724.4689,803.44324,747.03296,777.25275,873.5531,0.0506591796875,-0.0216064453125,0.97613525390625,2.07855224609375,-4.2767333984375,1.039276123046875,1.0,2.0,1.0,4.0,2.0,95.0,event
11:26:13.754,1.043139,0.2551292,0.93043804,1.0186048,0.9007033,0.09280326,0.45979702,1.0620517,0.96199,0.1334126,0.41848785,0.6707001,0.8128262,0.11379126,-0.16463774,0.659461,0.32423326,-0.41838935,-0.59538,0.0020752505,906.1905,804.65204,751.8681,787.72894,880.0,0.0506591796875,-0.0216064453125,0.97613525390625,2.07855224609375,-4.2767333984375,1.039276123046875,1.0,2.0,1.0,4.0,2.0,95.0,event
11:26:13.754,1.043139,0.2551292,0.93043804,1.0186048,0.9007033,0.09280326,0.45979702,1.0620517,0.96199,0.1334126,0.41848785,0.6707001,0.8128262,0.11379126,-0.16463774,0.659461,0.32423326,-0.41838935,-0.59538,0.0020752505,936.8132,802.23444,477.87546,792.1612,1021.8315,0.0506591796875,-0.0216064453125,0.97613525390625,2.07855224609375,-4.2767333984375,1.039276123046875,1.0,2.0,1.0,4.0,2.0,95.0,event
11:26:13.755,1.043139,0.2551292,0.93043804,1.0186048,0.9007033,0.09280326,0.45979702,1.0620517,0.96199,0.1334126,0.41848785,0.6707001,0.8128262,0.11379126,-0.16463774,0.659461,0.32423326,-0.41838935,-0.59538,0.0020752505,754.68866,800.6227,267.14285,780.87915,1008.93774,0.0506591796875,-0.0216064453125,0.97613525390625,2.07855224609375,-4.2767333984375,1.039276123046875,1.0,2.0,1.0,4.0,2.0,95.0,event
11:26:13.756,1.043139,0.2551292,0.93043804,1.0186048,0.9007033,0.09280326,0.45979702,1.0620517,0.96199,0.1334126,0.41848785,0.6707001,0.8128262,0.11379126,-0.16463774,0.659461,0.32423326,-0.41838935,-0.59538,0.0020752505,641.8681,804.2491,784.10254,769.19415,713.1868,0.0506591796875,-0.0216064453125,0.97613525390625,2.07855224609375,-4.2767333984375,1.039276123046875,1.0,2.0,1.0,4.0,2.0,95.0,event
11:26:13.756,1.043139,0.2551292,0.93043804,1.0186048,0.9007033,0.09280326,0.45979702,1.0620517,0.96199,0.1334126,0.41848785,0.6707001,0.8128262,0.11379126,-0.16463774,0.659461,0.32423326,-0.41838935,-0.59538,0.0020752505,701.0989,800.2198,960.18317,778.46155,744.61536,0.0506591796875,-0.0216064453125,0.97613525390625,2.07855224609375,-4.2767333984375,1.039276123046875,1.0,2.0,1.0,4.0,2.0,95.0,event
11:26:13.757,1.043139,0.2551292,0.93043804,1.0186048,0.9007033,0.09280326,0.45979702,1.0620517,0.96199,0.1334126,0.41848785,0.6707001,0.8128262,0.11379126,-0.16463774,0.659461,0.32423326,-0.41838935,-0.59538,0.0020752505,906.5934,796.99634,859.0476,792.1612,838.0952,0.0506591796875,-0.0216064453125,0.97613525390625,2.07855224609375,-4.2767333984375,1.039276123046875,1.0,2.0,1.0,4.0,2.0,95.0,event
11:26:13.791,1.043139,0.2551292,0.93043804,1.0186048,0.9007033,0.09280326,0.45979702,1.0620517,0.96199,0.1334126,0.41848785,0.6707001,0.8128262,0.11379126,-0.16463774,0.659461,0.32423326,-0.41838935,-0.59538,0.0020752505,992.01465,803.0403,890.87915,788.5348,765.9707,0.049560546875,-0.02191162109375,0.98492431640625,2.773895263671875,-3.985137939453125,1.218719482421875,1.0,2.0,1.0,4.0,2.0,95.0,event
11:26:13.792,1.043139,0.2551292,0.93043804,1.0186048,0.9007033,0.09280326,0.45979702,1.0620517,0.96199,0.1334126,0.41848785,0.6707001,0.8128262,0.11379126,-0.16463774,0.659461,0.32423326,-0.41838935,-0.59538,0.0020752505,791.3553,805.4579,900.9524,750.65936,687.8022,0.049560546875,-0.02191162109375,0.98492431640625,2.773895263671875,-3.985137939453125,1.218719482421875,1.0,2.0,1.0,4.0,2.0,95.0,event
11:26:13.793,1.043139,0.2551292,0.93043804,1.0186048,0.9007033,0.09280326,0.45979702,1.0620517,0.96199,0.1334126,0.41848785,0.6707001,0.8128262,0.11379126,-0.16463774,0.659461,0.32423326,-0.41838935,-0.59538,0.0020752505,628.1685,805.8608,746.2271,750.65936,716.4103,0.049560546875,-0.02191162109375,0.98492431640625,2.773895263671875,-3.985137939453125,1.218719482421875,1.0,2.0,1.0,4.0,2.0,95.0,event
11:26:13.793,1.043139,0.2551292,0.93043804,1.0186048,0.9007033,0.09280326,0.45979702,1.0620517,0.96199,0.1334126,0.41848785,0.6707001,0.8128262,0.11379126,-0.16463774,0.659461,0.32423326,-0.41838935,-0.59538,0.0020752505,689.81683,811.50183,699.89014,772.01465,756.7033,0.049560546875,-0.02191162109375,0.98492431640625,2.773895263671875,-3.985137939453125,1.218719482421875,1.0,2.0,1.0,4.0,2.0,95.0,event
11:26:13.794,1.043139,0.2551292,0.93043804,1.0186048,0.9007033,0.09280326,0.45979702,1.0620517,0.96199,0.1334126,0.41848785,0.6707001,0.8128262,0.11379126,-0.16463774,0.659461,0.32423326,-0.41838935,-0.59538,0.0020752505,968.24176,803.44324,774.43225,788.1319,761.13556,0.049560546875,-0.02191162109375,0.98492431640625,2.773895263671875,-3.985137939453125,1.218719482421875,1.0,2.0,1.0,4.0,2.0,95.0,event
11:26:13.794,1.043139,0.2551292,0.93043804,1.0186048,0.9007033,0.09280326,0.45979702,1.0620517,0.96199,0.1334126,0.41848785,0.6707001,0.8128262,0.11379126,-0.16463774,0.659461,0.32423326,-0.41838935,-0.59538,0.0020752505,885.2381,810.696,867.9121,781.28204,742.1978,0.049560546875,-0.02191162109375,0.98492431640625,2.773895263671875,-3.985137939453125,1.218719482421875,1.0,2.0,1.0,4.0,2.0,95.0,event
11:26:13.795,1.043139,0.2551292,0.93043804,1.0186048,0.9007033,0.09280326,0.45979702,1.0620517,0.96199,0.1334126,0.41848785,0.6707001,0.8128262,0.11379126,-0.16463774,0.659461,0.32423326,-0.41838935,-0.59538,0.0020752505,812.71063,797.3993,528.24176,767.98535,798.60803,0.049560546875,-0.02191162109375,0.98492431640625,2.773895263671875,-3.985137939453125,1.218719482421875,1.0,2.0,1.0,4.0,2.0,95.0,event
11:26:13.795,1.043139,0.2551292,0.93043804,1.0186048,0.9007033,0.09280326,0.45979702,1.0620517,0.96199,0.1334126,0.41848785,0.6707001,0.8128262,0.11379126,-0.16463774,0.659461,0.32423326,-0.41838935,-0.59538,0.0020752505,623.73627,797.3993,78.168495,753.47986,1089.9268,0.049560546875,-0.02191162109375,0.98492431640625,2.773895263671875,-3.985137939453125,1.218719482421875,1.0,2.0,1.0,4.0,2.0,95.0,event
11:26:13.796,1.043139,0.2551292,0.93043804,1.0186048,0.9007033,0.09280326,0.45979702,1.0620517,0.96199,0.1334126,0.41848785,0.6707001,0.8128262,0.11379126,-0.16463774,0.659461,0.32423326,-0.41838935,-0.59538,0.0020752505,645.89746,803.0403,261.0989,752.27106,1033.5165,0.049560546875,-0.02191162109375,0.98492431640625,2.773895263671875,-3.985137939453125,1.218719482421875,1.0,2.0,1.0,4.0,2.0,95.0,event
11:26:13.796,1.043139,0.2551292,0.93043804,1.0186048,0.9007033,0.09280326,0.45979702,1.0620517,0.96199,0.1334126,0.41848785,0.6707001,0.8128262,0.11379126,-0.16463774,0.659461,0.32423326,-0.41838935,-0.59538,0.0020752505,842.9304,800.6227,878.3883,761.53845,670.4762,0.049560546875,-0.02191162109375,0.98492431640625,2.773895263671875,-3.985137939453125,1.218719482421875,1.0,2.0,1.0,4.0,2.0,95.0,event
11:26:13.797,1.043139,0.2551292,0.93043804,1.0186048,0.9007033,0.09280326,0.45979702,1.0620517,0.96199,0.1334126,0.41848785,0.6707001,0.8128262,0.11379126,-0.16463774,0.659461,0.32423326,-0.41838935,-0.59538,0.0020752505,952.52747,800.2198,768.7912,766.3736,770.80585,0.049560546875,-0.02191162109375,0.98492431640625,2.773895263671875,-3.985137939453125,1.218719482421875,1.0,2.0,1.0,4.0,2.0,95.0,event
11:26:13.797,1.043139,0.2551292,0.93043804,1.0186048,0.9007033,0.09280326,0.45979702,1.0620517,0.96199,0.1334126,0.41848785,0.6707001,0.8128262,0.11379126,-0.16463774,0.659461,0.32423326,-0.41838935,-0.59538,0.0020752505,824.3956,801.4286,615.2747,748.24176,825.6044,0.049560546875,-0.02191162109375,0.98492431640625,2.773895263671875,-3.985137939453125,1.218719482421875,1.0,2.0,1.0,4.0,2.0,95.0,event
11:26:13.864,1.043139,0.2551292,0.93043804,1.0186048,0.9007033,0.09280326,0.45979702,1.0620517,0.96199,0.1334126,0.41848785,0.6707001,0.8128262,0.11379126,-0.16463774,0.659461,0.32423326,-0.41838935,-0.59538,0.0020752505,647.9121,799.81683,774.83514,733.73627,674.10254,0.06402587890625,-0.0216064453125,0.97735595703125,2.52716064453125,-3.940277099609375,-0.478515625,1.0,2.0,1.0,4.0,2.0,95.0,event
11:26:13.865,1.043139,0.2551292,0.93043804,1.0186048,0.9007033,0.09280326,0.45979702,1.0620517,0.96199,0.1334126,0.41848785,0.6707001,0.8128262,0.11379126,-0.16463774,0.659461,0.32423326,-0.41838935,-0.59538,0.0020752505,650.7326,798.60803,862.27106,741.39197,634.61536,0.06402587890625,-0.0216064453125,0.97735595703125,2.52716064453125,-3.940277099609375,-0.478515625,1.0,2.0,1.0,4.0,2.0,95.0,event
11:26:13.868,1.043139,0.2551292,0.93043804,1.0186048,0.9007033,0.09280326,0.45979702,1.0620517,0.96199,0.1334126,0.41848785,0.6707001,0.8128262,0.11379126,-0.16463774,0.659461,0.32423326,-0.41838935,-0.59538,0.0020752505,833.2601,802.23444,726.4835,755.4945,759.5238,0.06402587890625,-0.0216064453125,0.97735595703125,2.52716064453125,-3.940277099609375,-0.478515625,1.0,2.0,1.0,4.0,2.0,95.0,event
11:26:13.868,1.043139,0.2551292,0.93043804,1.0186048,0.9007033,0.09280326,0.45979702,1.0620517,0.96199,0.1334126,0.41848785,0.6707001,0.8128262,0.11379126,-0.16463774,0.659461,0.32423326,-0.41838935,-0.59538,0.0020752505,972.674,804.65204,738.5714,761.13556,798.60803,0.06402587890625,-0.0216064453125,0.97735595703125,2.52716064453125,-3.940277099609375,-0.478515625,1.0,2.0,1.0,4.0,2.0,95.0,event
11:26:13.869,1.043139,0.2551292,0.93043804,1.0186048,0.9007033,0.09280326,0.45979702,1.0620517,0.96199,0.1334126,0.41848785,0.6707001,0.8128262,0.11379126,-0.16463774,0.659461,0.32423326,-0.41838935,-0.59538,0.0020752505,873.1502,801.02563,859.45056,739.3773,751.8681,0.06402587890625,-0.0216064453125,0.97735595703125,2.52716064453125,-3.940277099609375,-0.478515625,1.0,2.0,1.0,4.0,2.0,95.0,event
11:26:13.870,1.043139,0.2551292,0.93043804,1.0186048,0.9007033,0.09280326,0.45979702,1.0620517,0.96199,0.1334126,0.41848785,0.6707001,0.8128262,0.11379126,-0.16463774,0.659461,0.32423326,-0.41838935,-0.59538,0.0020752505,631.79486,797.3993,282.05127,727.28937,985.56775,0.06402587890625,-0.0216064453125,0.97735595703125,2.52716064453125,-3.940277099609375,-0.478515625,1.0,2.0,1.0,4.0,2.0,95.0,event
11:26:13.870,1.043139,0.2551292,0.93043804,1.0186048,0.9007033,0.09280326,0.45979702,1.0620517,0.96199,0.1334126,0.41848785,0.6707001,0.8128262,0.11379126,-0.16463774,0.659461,0.32423326,-0.41838935,-0.59538,0.0020752505,673.2967,794.9817,673.69965,717.619,763.1502,0.06402587890625,-0.0216064453125,0.97735595703125,2.52716064453125,-3.940277099609375,-0.478515625,1.0,2.0,1.0,4.0,2.0,95.0,event
11:26:13.871,1.043139,0.2551292,0.93043804,1.0186048,0.9007033,0.09280326,0.45979702,1.0620517,0.96199,0.1334126,0.41848785,0.6707001,0.8128262,0.11379126,-0.16463774,0.659461,0.32423326,-0.41838935,-0.59538,0.0020752505,799.41394,802.6374,253.44322,739.3773,1045.2014,0.06402587890625,-0.0216064453125,0.97735595703125,2.52716064453125,-3.940277099609375,-0.478515625,1.0,2.0,1.0,4.0,2.0,95.0,event
11:26:13.871,1.043139,0.2551292,0.93043804,1.0186048,0.9007033,0.09280326,0.45979702,1.0620517,0.96199,0.1334126,0.41848785,0.6707001,0.8128262,0.11379126,-0.16463774,0.659461,0.32423326,-0.41838935,-0.59538,0.0020752505,973.47986,799.41394,646.7033,742.6007,769.59705,0.06402587890625,-0.0216064453125,0.97735595703125,2.52716064453125,-3.940277099609375,-0.478515625,1.0,2.0,1.0,4.0,2.0,95.0,event
11:26:13.872,1.043139,0.2551292,0.93043804,1.0186048,0.9007033,0.09280326,0.45979702,1.0620517,0.96199,0.1334126,0.41848785,0.6707001,0.8128262,0.11379126,-0.16463774,0.659461,0.32423326,-0.41838935,-0.59538,0.0020752505,901.75824,796.1905,713.1868,736.55676,699.0842,0.06402587890625,-0.0216064453125,0.97735595703125,2.52716064453125,-3.940277099609375,-0.478515625,1.0,2.0,1.0,4.0,2.0,95.0,event
11:26:13.872,1.043139,0.2551292,0.93043804,1.0186048,0.9007033,0.09280326,0.45979702,1.0620517,0.96199,0.1334126,0.41848785,0.6707001,0.8128262,0.11379126,-0.16463774,0.659461,0.32423326,-0.41838935,-0.59538,0.0020752505,701.0989,801.8315,537.1062,728.0952,799.81683,0.06402587890625,-0.0216064453125,0.97735595703125,2.52716064453125,-3.940277099609375,-0.478515625,1.0,2.0,1.0,4.0,2.0,95.0,event
11:26:13.873,1.043139,0.2551292,0.93043804,1.0186048,0.9007033,0.09280326,0.45979702,1.0620517,0.96199,0.1334126,0.41848785,0.6707001,0.8128262,0.11379126,-0.16463774,0.659461,0.32423326,-0.41838935,-0.59538,0.0020752505,648.71796,804.65204,618.0952,725.6777,755.4945,0.06402587890625,-0.0216064453125,0.97735595703125,2.52716064453125,-3.940277099609375,-0.478515625,1.0,2.0,1.0,4.0,2.0,95.0,event
11:26:13.898,1.043139,0.2551292,0.93043804,1.0186048,0.9007033,0.09280326,0.45979702,1.0620517,0.96199,0.1334126,0.41848785,0.6707001,0.8128262,0.11379126,-0.16463774,0.659461,0.32423326,-0.41838935,-0.59538,0.0020752505,789.34064,797.8022,877.5824,728.0952,617.6923,0.0576171875,-0.02813720703125,0.9906005859375,1.95892333984375,-2.8411865234375,0.351409912109375,1.0,2.0,1.0,4.0,2.0,95.0,event
11:26:13.899,1.043139,0.2551292,0.93043804,1.0186048,0.9007033,0.09280326,0.45979702,1.0620517,0.96199,0.1334126,0.41848785,0.6707001,0.8128262,0.11379126,-0.16463774,0.659461,0.32423326,-0.41838935,-0.59538,0.0020752505,960.58606,799.81683,838.0952,743.4066,686.5934,0.0576171875,-0.02813720703125,0.9906005859375,1.95892333984375,-2.8411865234375,0.351409912109375,1.0,2.0,1.0,4.0,2.0,95.0,event
11:26:13.901,1.043139,0.2551292,0.93043804,1.0186048,0.9007033,0.09280326,0.45979702,1.0620517,0.96199,0.1334126,0.41848785,0.6707001,0.8128262,0.11379126,-0.16463774,0.659461,0.32423326,-0.41838935,-0.59538,0.0020752505,923.5165,801.8315,683.36993,731.7216,745.0183,0.0576171875,-0.02813720703125,0.9906005859375,1.95892333984375,-2.8411865234375,0.351409912109375,1.0,2.0,1.0,4.0,2.0,95.0,event
11:26:13.902,1.043139,0.2551292,0.93043804,1.0186048,0.9007033,0.09280326,0.45979702,1.0620517,0.96199,0.1334126,0.41848785,0.6707001,0.8128262,0.11379126,-0.16463774,0.659461,0.32423326,-0.41838935,-0.59538,0.0020752505,719.6337,803.0403,686.5934,708.7546,668.46155,0.0576171875,-0.02813720703125,0.9906005859375,1.95892333984375,-2.8411865234375,0.351409912109375,1.0,2.0,1.0,4.0,2.0,95.0,event
11:26:13.904,1.043139,0.2551292,0.93043804,1.0186048,0.9007033,0.09280326,0.45979702,1.0620517,0.96199,0.1334126,0.41848785,0.6707001,0.8128262,0.11379126,-0.16463774,0.659461,0.32423326,-0.41838935,-0.59538,0.0020752505,643.8828,806.26373,777.25275,717.619,630.18317,0.0576171875,-0.02813720703125,0.9906005859375,1.95892333984375,-2.8411865234375,0.351409912109375,1.0,2.0,1.0,4.0,2.0,95.0,event
11:26:13.905,1.043139,0.2551292,0.93043804,1.0186048,0.9007033,0.09280326,0.45979702,1.0620517,0.96199,0.1334126,0.41848785,0.6707001,0.8128262,0.11379126,-0.16463774,0.659461,0.32423326,-0.41838935,-0.59538,0.0020752505,938.4249,798.20514,410.18314,743.8095,1033.1135,0.0576171875,-0.02813720703125,0.9906005859375,1.95892333984375,-2.8411865234375,0.351409912109375,1.0,2.0,1.0,4.0,2.0,95.0,event
11:26:13.905,1.043139,0.2551292,0.93043804,1.0186048,0.9007033,0.09280326,0.45979702,1.0620517,0.96199,0.1334126,0.41848785,0.6707001,0.8128262,0.11379126,-0.16463774,0.659461,0.32423326,-0.41838935,-0.59538,0.0020752505,757.1062,801.02563,630.18317,730.5128,797.8022,0.0576171875,-0.02813720703125,0.9906005859375,1.95892333984375,-2.8411865234375,0.351409912109375,1.0,2.0,1.0,4.0,2.0,95.0,event
11:26:13.906,1.043139,0.2551292,0.93043804,1.0186048,0.9007033,0.09280326,0.45979702,1.0620517,0.96199,0.1334126,0.41848785,0.6707001,0.8128262,0.11379126,-0.16463774,0.659461,0.32423326,-0.41838935,-0.59538,0.0020752505,934.3956,803.0403,625.7509,740.58606,900.14655,0.0576171875,-0.02813720703125,0.9906005859375,1.95892333984375,-2.8411865234375,0.351409912109375,1.0,2.0,1.0,4.0,2.0,95.0,event
11:26:13.906,1.043139,0.2551292,0.93043804,1.0186048,0.9007033,0.09280326,0.45979702,1.0620517,0.96199,0.1334126,0.41848785,0.6707001,0.8128262,0.11379126,-0.16463774,0.659461,0.32423326,-0.41838935,-0.59538,0.0020752505,712.381,802.6374,888.46155,721.6484,721.2454,0.0576171875,-0.02813720703125,0.9906005859375,1.95892333984375,-2.8411865234375,0.351409912109375,1.0,2.0,1.0,4.0,2.0,95.0,event
11:26:13.907,1.043139,0.2551292,0.93043804,1.0186048,0.9007033,0.09280326,0.45979702,1.0620517,0.96199,0.1334126,0.41848785,0.6707001,0.8128262,0.11379126,-0.16463774,0.659461,0.32423326,-0.41838935,-0.59538,0.0020752505,615.6777,802.23444,649.5238,738.5714,813.91943,0.0576171875,-0.02813720703125,0.9906005859375,1.95892333984375,-2.8411865234375,0.351409912109375,1.0,2.0,1.0,4.0,2.0,95.0,event
11:26:13.907,1.043139,0.2551292,0.93043804,1.0186048,0.9007033,0.09280326,0.45979702,1.0620517,0.96199,0.1334126,0.41848785,0.6707001,0.8128262,0.11379126,-0.16463774,0.659461,0.32423326,-0.41838935,-0.59538,0.0020752505,727.6923,800.2198,520.989,768.7912,850.58606,0.0576171875,-0.02813720703125,0.9906005859375,1.95892333984375,-2.8411865234375,0.351409912109375,1.0,2.0,1.0,4.0,2.0,95.0,event
11:26:13.908,1.043139,0.2551292,0.93043804,1.0186048,0.9007033,0.09280326,0.45979702,1.0620517,0.96199,0.1334126,0.41848785,0.6707001,0.8128262,0.11379126,-0.16463774,0.659461,0.32423326,-0.41838935,-0.59538,0.0020752505,925.9341,797.8022,718.4249,785.7143,767.1795,0.0576171875,-0.02813720703125,0.9906005859375,1.95892333984375,-2.8411865234375,0.351409912109375,1.0,2.0,1.0,4.0,2.0,95.0,event
11:26:13.952,1.043139,0.2551292,0.93043804,1.0186048,0.9007033,0.09280326,0.45979702,1.0620517,0.96199,0.1334126,0.41848785,0.6707001,0.8128262,0.11379126,-0.16463774,0.659461,0.32423326,-0.41838935,-0.59538,0.0020752505,965.0183,800.6227,770.40295,785.7143,713.9927,0.0596923828125,-0.0220947265625,0.98406982421875,3.24493408203125,-2.46734619140625,0.800018310546875,1.0,2.0,1.0,4.0,2.0,95.0,event
11:26:13.953,1.043139,0.2551292,0.93043804,1.0186048,0.9007033,0.09280326,0.45979702,1.0620517,0.96199,0.1334126,0.41848785,0.6707001,0.8128262,0.11379126,-0.16463774,0.659461,0.32423326,-0.41838935,-0.59538,0.0020752505,774.0293,797.3993,572.1612,767.5824,826.4103,0.0596923828125,-0.0220947265625,0.98406982421875,3.24493408203125,-2.46734619140625,0.800018310546875,1.0,2.0,1.0,4.0,2.0,95.0,event
11:26:13.953,1.043139,0.2551292,0.93043804,1.0186048,0.9007033,0.09280326,0.45979702,1.0620517,0.96199,0.1334126,0.41848785,0.6707001,0.8128262,0.11379126,-0.16463774,0.659461,0.32423326,-0.41838935,-0.59538,0.0020752505,637.8388,803.0403,496.41025,774.43225,881.6117,0.0596923828125,-0.0220947265625,0.98406982421875,3.24493408203125,-2.46734619140625,0.800018310546875,1.0,2.0,1.0,4.0,2.0,95.0,event
11:26:13.954,1.043139,0.2551292,0.93043804,1.0186048,0.9007033,0.09280326,0.45979702,1.0620517,0.96199,0.1334126,0.41848785,0.6707001,0.8128262,0.11379126,-0.16463774,0.659461,0.32423326,-0.41838935,-0.59538,0.0020752505,720.84247,806.26373,871.53845,790.54944,742.1978,0.0596923828125,-0.0220947265625,0.98406982421875,3.24493408203125,-2.46734619140625,0.800018310546875,1.0,2.0,1.0,4.0,2.0,95.0,event
11:26:13.957,1.043139,0.2551292,0.93043804,1.0186048,0.9007033,0.09280326,0.45979702,1.0620517,0.96199,0.1334126,0.41848785,0.6707001,0.8128262,0.11379126,-0.16463774,0.659461,0.32423326,-0.41838935,-0.59538,0.0020752505,964.21246,793.36993,692.6374,801.02563,898.1319,0.0596923828125,-0.0220947265625,0.98406982421875,3.24493408203125,-2.46734619140625,0.800018310546875,1.0,2.0,1.0,4.0,2.0,95.0,event
11:26:13.957,1.043139,0.2551292,0.93043804,1.0186048,0.9007033,0.09280326,0.45979702,1.0620517,0.96199,0.1334126,0.41848785,0.6707001,0.8128262,0.11379126,-0.16463774,0.659461,0.32423326,-0.41838935,-0.59538,0.0020752505,919.4872,796.5934,957.76556,797.8022,766.77655,0.0596923828125,-0.0220947265625,0.98406982421875,3.24493408203125,-2.46734619140625,0.800018310546875,1.0,2.0,1.0,4.0,2.0,95.0,event
11:26:13.958,1.043139,0.2551292,0.93043804,1.0186048,0.9007033,0.09280326,0.45979702,1.0620517,0.96199,0.1334126,0.41848785,0.6707001,0.8128262,0.11379126,-0.16463774,0.659461,0.32423326,-0.41838935,-0.59538,0.0020752505,642.674,796.5934,716.4103,787.72894,819.9634,0.0596923828125,-0.0220947265625,0.98406982421875,3.24493408203125,-2.46734619140625,0.800018310546875,1.0,2.0,1.0,4.0,2.0,95.0,event
11:26:13.958,1.043139,0.2551292,0.93043804,1.0186048,0.9007033,0.09280326,0.45979702,1.0620517,0.96199,0.1334126,0.41848785,0.6707001,0.8128262,0.11379126,-0.16463774,0.659461,0.32423326,-0.41838935,-0.59538,0.0020752505,777.6557,795.78754,479.8901,793.36993,931.978,0.0596923828125,-0.0220947265625,0.98406982421875,3.24493408203125,-2.46734619140625,0.800018310546875,1.0,2.0,1.0,4.0,2.0,95.0,event
11:26:13.959,1.043139,0.2551292,0.93043804,1.0186048,0.9007033,0.09280326,0.45979702,1.0620517,0.96199,0.1334126,0.41848785,0.6707001,0.8128262,0.11379126,-0.16463774,0.659461,0.32423326,-0.41838935,-0.59538,0.0020752505,708.7546,796.99634,904.17584,792.1612,697.0696,0.0596923828125,-0.0220947265625,0.98406982421875,3.24493408203125,-2.46734619140625,0.800018310546875,1.0,2.0,1.0,4.0,2.0,95.0,event
11:26:13.960,1.043139,0.2551292,0.93043804,1.0186048,0.9007033,0.09280326,0.45979702,1.0620517,0.96199,0.1334126,0.41848785,0.6707001,0.8128262,0.11379126,-0.16463774,0.659461,0.32423326,-0.41838935,-0.59538,0.0020752505,883.22345,799.011,485.1282,811.0989,873.95605,0.0596923828125,-0.0220947265625,0.98406982421875,3.24493408203125,-2.46734619140625,0.800018310546875,1.0,2.0,1.0,4.0,2.0,95.0,event
11:26:13.960,1.043139,0.2551292,0.93043804,1.0186048,0.9007033,0.09280326,0.45979702,1.0620517,0.96199,0.1334126,0.41848785,0.6707001,0.8128262,0.11379126,-0.16463774,0.659461,0.32423326,-0.41838935,-0.59538,0.0020752505,945.2747,799.011,416.63004,815.12823,930.3663,0.0596923828125,-0.0220947265625,0.98406982421875,3.24493408203125,-2.46734619140625,0.800018310546875,1.0,2.0,1.0,4.0,2.0,95.0,event
11:26:13.961,1.043139,0.2551292,0.93043804,1.0186048,0.9007033,0.09280326,0.45979702,1.0620517,0.96199,0.1334126,0.41848785,0.6707001,0.8128262,0.11379126,-0.16463774,0.659461,0.32423326,-0.41838935,-0.59538,0.0020752505,800.6227,799.41394,845.34796,790.14655,721.2454,0.0596923828125,-0.0220947265625,0.98406982421875,3.24493408203125,-2.46734619140625,0.800018310546875,1.0,2.0,1.0,4.0,2.0,95.0,event
11:26:13.982,1.043139,0.2551292,0.93043804,1.0186048,0.9007033,0.09280326,0.45979702,1.0620517,0.96199,0.1334126,0.41848785,0.6707001,0.8128262,0.11379126,-0.16463774,0.659461,0.32423326,-0.41838935,-0.59538,0.0020752505,634.61536,802.23444,803.0403,784.90845,785.7143,0.0596923828125,-0.0220947265625,0.98406982421875,3.24493408203125,-2.46734619140625,0.800018310546875,1.0,2.0,1.0,4.0,2.0,95.0,event
11:26:13.983,1.043139,0.2551292,0.93043804,1.0186048,0.9007033,0.09280326,0.45979702,1.0620517,0.96199,0.1334126,0.41848785,0.6707001,0.8128262,0.11379126,-0.16463774,0.659461,0.32423326,-0.41838935,-0.59538,0.0020752505,664.43225,803.8461,738.1685,797.8022,823.1868,0.0596923828125,-0.0220947265625,0.98406982421875,3.24493408203125,-2.46734619140625,0.800018310546875,1.0,2.0,1.0,4.0,2.0,95.0,event
11:26:13.983,1.043139,0.2551292,0.93043804,1.0186048,0.9007033,0.09280326,0.45979702,1.0620517,0.96199,0.1334126,0.41848785,0.6707001,0.8128262,0.11379126,-0.16463774,0.659461,0.32423326,-0.41838935,-0.59538,0.0020752505,853.00366,799.41394,803.8461,801.02563,903.36993,0.0596923828125,-0.0220947265625,0.98406982421875,3.24493408203125,-2.46734619140625,0.800018310546875,1.0,2.0,1.0,4.0,2.0,95.0,event
11:26:13.984,1.043139,0.2551292,0.93043804,1.0186048,0.9007033,0.09280326,0.45979702,1.0620517,0.96199,0.1334126,0.41848785,0.6707001,0.8128262,0.11379126,-0.16463774,0.659461,0.32423326,-0.41838935,-0.59538,0.0020752505,959.3773,799.81683,881.6117,803.44324,923.1135,0.0596923828125,-0.0220947265625,0.98406982421875,3.24493408203125,-2.46734619140625,0.800018310546875,1.0,2.0,1.0,4.0,2.0,95.0,event
11:26:13.985,1.043139,0.2551292,0.93043804,1.0186048,0.9007033,0.09280326,0.45979702,1.0620517,0.96199,0.1334126,0.41848785,0.6707001,0.8128262,0.11379126,-0.16463774,0.659461,0.32423326,-0.41838935,-0.59538,0.0020752505,818.3516,803.8461,780.07324,791.3553,809.4872,0.0596923828125,-0.0220947265625,0.98406982421875,3.24493408203125,-2.46734619140625,0.800018310546875,1.0,2.0,1.0,4.0,2.0,95.0,event
11:26:13.985,1.043139,0.2551292,0.93043804,1.0186048,0.9007033,0.09280326,0.45979702,1.0620517,0.96199,0.1334126,0.41848785,0.6707001,0.8128262,0.11379126,-0.16463774,0.659461,0.32423326,-0.41838935,-0.59538,0.0020752505,623.73627,799.011,249.81685,785.31134,978.71796,0.0596923828125,-0.0220947265625,0.98406982421875,3.24493408203125,-2.46734619140625,0.800018310546875,1.0,2.0,1.0,4.0,2.0,95.0,event
11:26:13.986,1.043139,0.2551292,0.93043804,1.0186048,0.9007033,0.09280326,0.45979702,1.0620517,0.96199,0.1334126,0.41848785,0.6707001,0.8128262,0.11379126,-0.16463774,0.659461,0.32423326,-0.41838935,-0.59538,0.0020752505,821.1722,809.4872,764.35895,817.5458,640.65936,0.0596923828125,-0.0220947265625,0.98406982421875,3.24493408203125,-2.46734619140625,0.800018310546875,1.0,2.0,1.0,4.0,2.0,95.0,event
11:26:13.986,1.043139,0.2551292,0.93043804,1.0186048,0.9007033,0.09280326,0.45979702,1.0620517,0.96199,0.1334126,0.41848785,0.6707001,0.8128262,0.11379126,-0.16463774,0.659461,0.32423326,-0.41838935,-0.59538,0.0020752505,638.6447,804.2491,253.44322,799.41394,889.67035,0.0596923828125,-0.0220947265625,0.98406982421875,3.24493408203125,-2.46734619140625,0.800018310546875,1.0,2.0,1.0,4.0,2.0,95.0,event
11:26:13.987,1.043139,0.2551292,0.93043804,1.0186048,0.9007033,0.09280326,0.45979702,1.0620517,0.96199,0.1334126,0.41848785,0.6707001,0.8128262,0.11379126,-0.16463774,0.659461,0.32423326,-0.41838935,-0.59538,0.0020752505,940.84247,806.6667,739.3773,826.0073,782.0879,0.0596923828125,-0.0220947265625,0.98406982421875,3.24493408203125,-2.46734619140625,0.800018310546875,1.0,2.0,1.0,4.0,2.0,95.0,event
11:26:13.987,1.043139,0.2551292,0.93043804,1.0186048,0.9007033,0.09280326,0.45979702,1.0620517,0.96199,0.1334126,0.41848785,0.6707001,0.8128262,0.11379126,-0.16463774,0.659461,0.32423326,-0.41838935,-0.59538,0.0020752505,830.0366,805.4579,398.9011,814.7253,923.5165,0.0596923828125,-0.0220947265625,0.98406982421875,3.24493408203125,-2.46734619140625,0.800018310546875,1.0,2.0,1.0,4.0,2.0,95.0,event
11:26:13.988,1.043139,0.2551292,0.93043804,1.0186048,0.9007033,0.09280326,0.45979702,1.0620517,0.96199,0.1334126,0.41848785,0.6707001,0.8128262,0.11379126,-0.16463774,0.659461,0.32423326,-0.41838935,-0.59538,0.0020752505,645.89746,813.5165,651.9414,803.44324,757.9121,0.0596923828125,-0.0220947265625,0.98406982421875,3.24493408203125,-2.46734619140625,0.800018310546875,1.0,2.0,1.0,4.0,2.0,95.0,event
11:26:13.988,1.043139,0.2551292,0.93043804,1.0186048,0.9007033,0.09280326,0.45979702,1.0620517,0.96199,0.1334126,0.41848785,0.6707001,0.8128262,0.11379126,-0.16463774,0.659461,0.32423326,-0.41838935,-0.59538,0.0020752505,628.1685,814.3223,849.7802,812.71063,696.6667,0.0596923828125,-0.0220947265625,0.98406982421875,3.24493408203125,-2.46734619140625,0.800018310546875,1.0,2.0,1.0,4.0,2.0,95.0,event
11:26:14.029,1.043139,0.2551292,0.93043804,1.0186048,0.9007033,0.09280326,0.45979702,1.0620517,0.96199,0.1334126,0.41848785,0.6707001,0.8128262,0.11379126,-0.16463774,0.659461,0.32423326,-0.41838935,-0.59538,0.0020752505,786.9231,811.50183,730.5128,836.4835,790.54944,0.05023193359375,-0.0159912109375,0.99310302734375,2.340240478515625,-1.60003662109375,0.3887939453125,1.0,2.0,1.0,4.0,2.0,95.0,event
11:26:14.030,1.043139,0.2551292,0.93043804,1.0186048,0.9007033,0.09280326,0.45979702,1.0620517,0.96199,0.1334126,0.41848785,0.6707001,0.8128262,0.11379126,-0.16463774,0.659461,0.32423326,-0.41838935,-0.59538,0.0020752505,936.0073,809.0842,775.64105,847.3626,803.44324,0.05023193359375,-0.0159912109375,0.99310302734375,2.340240478515625,-1.60003662109375,0.3887939453125,1.0,2.0,1.0,4.0,2.0,95.0,event
11:26:14.031,1.043139,0.2551292,0.93043804,1.0186048,0.9007033,0.09280326,0.45979702,1.0620517,0.96199,0.1334126,0.41848785,0.6707001,0.8128262,0.11379126,-0.16463774,0.659461,0.32423326,-0.41838935,-0.59538,0.0020752505,865.4945,811.9048,859.45056,826.4103,771.6117,0.05023193359375,-0.0159912109375,0.99310302734375,2.340240478515625,-1.60003662109375,0.3887939453125,1.0,2.0,1.0,4.0,2.0,95.0,event
11:26:14.031,1.043139,0.2551292,0.93043804,1.0186048,0.9007033,0.09280326,0.45979702,1.0620517,0.96199,0.1334126,0.41848785,0.6707001,0.8128262,0.11379126,-0.16463774,0.659461,0.32423326,-0.41838935,-0.59538,0.0020752505,663.6264,809.0842,782.8938,805.4579,722.4542,0.05023193359375,-0.0159912109375,0.99310302734375,2.340240478515625,-1.60003662109375,0.3887939453125,1.0,2.0,1.0,4.0,2.0,95.0,event
11:26:14.032,1.043139,0.2551292,0.93043804,1.0186048,0.9007033,0.09280326,0.45979702,1.0620517,0.96199,0.1334126,0.41848785,0.6707001,0.8128262,0.11379126,-0.16463774,0.659461,0.32423326,-0.41838935,-0.59538,0.0020752505,624.1392,813.91943,615.2747,815.12823,755.09155,0.05023193359375,-0.0159912109375,0.99310302734375,2.340240478515625,-1.60003662109375,0.3887939453125,1.0,2.0,1.0,4.0,2.0,95.0,event
11:26:14.033,1.043139,0.2551292,0.93043804,1.0186048,0.9007033,0.09280326,0.45979702,1.0620517,0.96199,0.1334126,0.41848785,0.6707001,0.8128262,0.11379126,-0.16463774,0.659461,0.32423326,-0.41838935,-0.59538,0.0020752505,774.43225,822.7839,560.87915,824.7985,892.49084,0.05023193359375,-0.0159912109375,0.99310302734375,2.340240478515625,-1.60003662109375,0.3887939453125,1.0,2.0,1.0,4.0,2.0,95.0,event
11:26:14.037,1.043139,0.2551292,0.93043804,1.0186048,0.9007033,0.09280326,0.45979702,1.0620517,0.96199,0.1334126,0.41848785,0.6707001,0.8128262,0.11379126,-0.16463774,0.659461,0.32423326,-0.41838935,-0.59538,0.0020752505,926.7399,818.7546,587.8755,814.3223,859.0476,0.05023193359375,-0.0159912109375,0.99310302734375,2.340240478515625,-1.60003662109375,0.3887939453125,1.0,2.0,1.0,4.0,2.0,95.0,event
11:26:14.038,1.043139,0.2551292,0.93043804,1.0186048,0.9007033,0.09280326,0.45979702,1.0620517,0.96199,0.1334126,0.41848785,0.6707001,0.8128262,0.11379126,-0.16463774,0.659461,0.32423326,-0.41838935,-0.59538,0.0020752505,872.74725,812.3077,564.5055,797.8022,792.96704,0.05023193359375,-0.0159912109375,0.99310302734375,2.340240478515625,-1.60003662109375,0.3887939453125,1.0,2.0,1.0,4.0,2.0,95.0,event
11:26:14.039,1.043139,0.2551292,0.93043804,1.0186048,0.9007033,0.09280326,0.45979702,1.0620517,0.96199,0.1334126,0.41848785,0.6707001,0.8128262,0.11379126,-0.16463774,0.659461,0.32423326,-0.41838935,-0.59538,0.0020752505,659.59705,821.978,293.33334,793.36993,944.87177,0.05023193359375,-0.0159912109375,0.99310302734375,2.340240478515625,-1.60003662109375,0.3887939453125,1.0,2.0,1.0,4.0,2.0,95.0,event
11:26:14.040,1.043139,0.2551292,0.93043804,1.0186048,0.9007033,0.09280326,0.45979702,1.0620517,0.96199,0.1334126,0.41848785,0.6707001,0.8128262,0.11379126,-0.16463774,0.659461,0.32423326,-0.41838935,-0.59538,0.0020752505,577.8022,829.2308,0.0,801.02563,1070.586,0.05023193359375,-0.0159912109375,0.99310302734375,2.340240478515625,-1.60003662109375,0.3887939453125,1.0,2.0,1.0,4.0,2.0,95.0,event
11:26:14.040,1.043139,0.2551292,0.93043804,1.0186048,0.9007033,0.09280326,0.45979702,1.0620517,0.96199,0.1334126,0.41848785,0.6707001,0.8128262,0.11379126,-0.16463774,0.659461,0.32423326,-0.41838935,-0.59538,0.0020752505,711.5751,820.3663,569.7436,798.60803,830.0366,0.05023193359375,-0.0159912109375,0.99310302734375,2.340240478515625,-1.60003662109375,0.3887939453125,1.0,2.0,1.0,4.0,2.0,95.0,event
11:26:14.042,1.043139,0.2551292,0.93043804,1.0186048,0.9007033,0.09280326,0.45979702,1.0620517,0.96199,0.1334126,0.41848785,0.6707001,0.8128262,0.11379126,-0.16463774,0.659461,0.32423326,-0.41838935,-0.59538,0.0020752505,900.14655,844.94507,1018.20514,794.9817,779.2674,0.05023193359375,-0.0159912109375,0.99310302734375,2.340240478515625,-1.60003662109375,0.3887939453125,1.0,2.0,1.0,4.0,2.0,95.0,event
11:26:14.078,1.043139,0.2551292,0.93043804,1.0186048,0.9007033,0.09280326,0.45979702,1.0620517,0.96199,0.1334126,0.41848785,0.6707001,0.8128262,0.11379126,-0.16463774,0.659461,0.32423326,-0.41838935,-0.59538,0.0020752505,853.00366,876.3736,848.97437,742.1978,846.55676,0.0494384765625,-0.02252197265625,0.984130859375,1.727142333984375,-4.209442138671875,0.91217041015625,1.0,2.0,1.0,4.0,2.0,95.0,event
11:26:14.078,1.043139,0.2551292,0.93043804,1.0186048,0.9007033,0.09280326,0.45979702,1.0620517,0.96199,0.1334126,0.41848785,0.6707001,0.8128262,0.11379126,-0.16463774,0.659461,0.32423326,-0.41838935,-0.59538,0.0020752505,584.65204,881.2088,796.1905,672.49084,722.8571,0.0494384765625,-0.02252197265625,0.984130859375,1.727142333984375,-4.209442138671875,0.91217041015625,1.0,2.0,1.0,4.0,2.0,95.0,event
11:26:14.079,1.043139,0.2551292,0.93043804,1.0186048,0.9007033,0.09280326,0.45979702,1.0620517,0.96199,0.1334126,0.41848785,0.6707001,0.8128262,0.11379126,-0.16463774,0.659461,0.32423326,-0.41838935,-0.59538,0.0020752505,452.08792,880.80585,862.27106,652.3443,643.47986,0.0494384765625,-0.02252197265625,0.984130859375,1.727142333984375,-4.209442138671875,0.91217041015625,1.0,2.0,1.0,4.0,2.0,95.0,event
11:26:14.079,1.043139,0.2551292,0.93043804,1.0186048,0.9007033,0.09280326,0.45979702,1.0620517,0.96199,0.1334126,0.41848785,0.6707001,0.8128262,0.11379126,-0.16463774,0.659461,0.32423326,-0.41838935,-0.59538,0.0020752505,535.4945,902.5641,844.5421,635.82416,726.8865,0.0494384765625,-0.02252197265625,0.984130859375,1.727142333984375,-4.209442138671875,0.91217041015625,1.0,2.0,1.0,4.0,2.0,95.0,event
11:26:14.080,1.043139,0.2551292,0.93043804,1.0186048,0.9007033,0.09280326,0.45979702,1.0620517,0.96199,0.1334126,0.41848785,0.6707001,0.8128262,0.11379126,-0.16463774,0.659461,0.32423326,-0.41838935,-0.59538,0.0020752505,684.9817,926.7399,834.87177,617.6923,837.6923,0.0494384765625,-0.02252197265625,0.984130859375,1.727142333984375,-4.209442138671875,0.91217041015625,1.0,2.0,1.0,4.0,2.0,95.0,event
11:26:14.081,1.043139,0.2551292,0.93043804,1.0186048,0.9007033,0.09280326,0.45979702,1.0620517,0.96199,0.1334126,0.41848785,0.6707001,0.8128262,0.11379126,-0.16463774,0.659461,0.32423326,-0.41838935,-0.59538,0.0020752505,669.2674,939.6337,815.9341,569.34064,904.57874,0.0494384765625,-0.02252197265625,0.984130859375,1.727142333984375,-4.209442138671875,0.91217041015625,1.0,2.0,1.0,4.0,2.0,95.0,event
11:26:14.081,1.043139,0.2551292,0.93043804,1.0186048,0.9007033,0.09280326,0.45979702,1.0620517,0.96199,0.1334126,0.41848785,0.6707001,0.8128262,0.11379126,-0.16463774,0.659461,0.32423326,-0.41838935,-0.59538,0.0020752505,450.87912,952.1245,623.3333,504.8718,820.7692,0.0494384765625,-0.02252197265625,0.984130859375,1.727142333984375,-4.209442138671875,0.91217041015625,1.0,2.0,1.0,4.0,2.0,95.0,event
11:26:14.082,1.043139,0.2551292,0.93043804,1.0186048,0.9007033,0.09280326,0.45979702,1.0620517,0.96199,0.1334126,0.41848785,0.6707001,0.8128262,0.11379126,-0.16463774,0.659461,0.32423326,-0.41838935,-0.59538,0.0020752505,327.98535,963.00366,520.18317,487.14285,756.30035,0.0494384765625,-0.02252197265625,0.984130859375,1.727142333984375,-4.209442138671875,0.91217041015625,1.0,2.0,1.0,4.0,2.0,95.0,event
11:26:14.083,1.043139,0.2551292,0.93043804,1.0186048,0.9007033,0.09280326,0.45979702,1.0620517,0.96199,0.1334126,0.41848785,0.6707001,0.8128262,0.11379126,-0.16463774,0.659461,0.32423326,-0.41838935,-0.59538,0.0020752505,560.87915,972.27106,622.1245,480.29303,956.1539,0.0494384765625,-0.02252197265625,0.984130859375,1.727142333984375,-4.209442138671875,0.91217041015625,1.0,2.0,1.0,4.0,2.0,95.0,event
11:26:14.083,1.043139,0.2551292,0.93043804,1.0186048,0.9007033,0.09280326,0.45979702,1.0620517,0.96199,0.1334126,0.41848785,0.6707001,0.8128262,0.11379126,-0.16463774,0.659461,0.32423326,-0.41838935,-0.59538,0.0020752505,377.94873,968.24176,299.3773,481.50183,983.5531,0.0494384765625,-0.02252197265625,0.984130859375,1.727142333984375,-4.209442138671875,0.91217041015625,1.0,2.0,1.0,4.0,2.0,95.0,event
11:26:14.084,1.043139,0.2551292,0.93043804,1.0186048,0.9007033,0.09280326,0.45979702,1.0620517,0.96199,0.1334126,0.41848785,0.6707001,0.8128262,0.11379126,-0.16463774,0.659461,0.32423326,-0.41838935,-0.59538,0.0020752505,629.3773,962.6007,1114.5055,475.8608,720.84247,0.0494384765625,-0.02252197265625,0.984130859375,1.727142333984375,-4.209442138671875,0.91217041015625,1.0,2.0,1.0,4.0,2.0,95.0,event
11:26:14.085,1.043139,0.2551292,0.93043804,1.0186048,0.9007033,0.09280326,0.45979702,1.0620517,0.96199,0.1334126,0.41848785,0.6707001,0.8128262,0.11379126,-0.16463774,0.659461,0.32423326,-0.41838935,-0.59538,0.0020752505,458.13187,955.7509,690.6227,462.16116,734.5421,0.0494384765625,-0.02252197265625,0.984130859375,1.727142333984375,-4.209442138671875,0.91217041015625,1.0,2.0,1.0,4.0,2.0,95.0,event
11:26:14.114,1.043139,0.2551292,0.93043804,1.0186048,0.9007033,0.09280326,0.45979702,1.0620517,0.96199,0.1334126,0.41848785,0.6707001,0.8128262,0.11379126,-0.16463774,0.659461,0.32423326,-0.41838935,-0.59538,0.0020752505,334.43222,960.18317,514.1392,470.2198,810.293,0.0513916015625,-0.0255126953125,0.9844970703125,1.614990234375,-3.641204833984375,-1.03179931640625,1.0,2.0,1.0,4.0,2.0,95.0,event
11:26:14.114,1.043139,0.2551292,0.93043804,1.0186048,0.9007033,0.09280326,0.45979702,1.0620517,0.96199,0.1334126,0.41848785,0.6707001,0.8128262,0.11379126,-0.16463774,0.659461,0.32423326,-0.41838935,-0.59538,0.0020752505,422.27106,961.39197,965.82416,501.24542,743.4066,0.0513916015625,-0.0255126953125,0.9844970703125,1.614990234375,-3.641204833984375,-1.03179931640625,1.0,2.0,1.0,4.0,2.0,95.0,event
11:26:14.115,1.043139,0.2551292,0.93043804,1.0186048,0.9007033,0.09280326,0.45979702,1.0620517,0.96199,0.1334126,0.41848785,0.6707001,0.8128262,0.11379126,-0.16463774,0.659461,0.32423326,-0.41838935,-0.59538,0.0020752505,633.8095,954.94507,1101.6117,527.03296,732.1245,0.0513916015625,-0.0255126953125,0.9844970703125,1.614990234375,-3.641204833984375,-1.03179931640625,1.0,2.0,1.0,4.0,2.0,95.0,event
11:26:14.116,1.043139,0.2551292,0.93043804,1.0186048,0.9007033,0.09280326,0.45979702,1.0620517,0.96199,0.1334126,0.41848785,0.6707001,0.8128262,0.11379126,-0.16463774,0.659461,0.32423326,-0.41838935,-0.59538,0.0020752505,731.7216,944.0659,953.73627,550.80585,813.91943,0.0513916015625,-0.0255126953125,0.9844970703125,1.614990234375,-3.641204833984375,-1.03179931640625,1.0,2.0,1.0,4.0,2.0,95.0,event
11:26:14.117,1.043139,0.2551292,0.93043804,1.0186048,0.9007033,0.09280326,0.45979702,1.0620517,0.96199,0.1334126,0.41848785,0.6707001,0.8128262,0.11379126,-0.16463774,0.659461,0.32423326,-0.41838935,-0.59538,0.0020752505,581.4286,932.381,863.47986,561.28204,863.8828,0.0513916015625,-0.0255126953125,0.9844970703125,1.614990234375,-3.641204833984375,-1.03179931640625,1.0,2.0,1.0,4.0,2.0,95.0,event
11:26:14.117,1.043139,0.2551292,0.93043804,1.0186048,0.9007033,0.09280326,0.45979702,1.0620517,0.96199,0.1334126,0.41848785,0.6707001,0.8128262,0.11379126,-0.16463774,0.659461,0.32423326,-0.41838935,-0.59538,0.0020752505,440.80585,920.293,700.696,564.5055,829.6337,0.0513916015625,-0.0255126953125,0.9844970703125,1.614990234375,-3.641204833984375,-1.03179931640625,1.0,2.0,1.0,4.0,2.0,95.0,event
11:26:14.118,1.043139,0.2551292,0.93043804,1.0186048,0.9007033,0.09280326,0.45979702,1.0620517,0.96199,0.1334126,0.41848785,0.6707001,0.8128262,0.11379126,-0.16463774,0.659461,0.32423326,-0.41838935,-0.59538,0.0020752505,493.99268,913.0403,675.31134,592.3077,772.8205,0.0513916015625,-0.0255126953125,0.9844970703125,1.614990234375,-3.641204833984375,-1.03179931640625,1.0,2.0,1.0,4.0,2.0,95.0,event
11:26:14.119,1.043139,0.2551292,0.93043804,1.0186048,0.9007033,0.09280326,0.45979702,1.0620517,0.96199,0.1334126,0.41848785,0.6707001,0.8128262,0.11379126,-0.16463774,0.659461,0.32423326,-0.41838935,-0.59538,0.0020752505,680.54944,909.41394,521.39197,651.9414,927.1429,0.0513916015625,-0.0255126953125,0.9844970703125,1.614990234375,-3.641204833984375,-1.03179931640625,1.0,2.0,1.0,4.0,2.0,95.0,event
11:26:14.121,1.043139,0.2551292,0.93043804,1.0186048,0.9007033,0.09280326,0.45979702,1.0620517,0.96199,0.1334126,0.41848785,0.6707001,0.8128262,0.11379126,-0.16463774,0.659461,0.32423326,-0.41838935,-0.59538,0.0020752505,816.7399,905.78754,408.57144,680.9524,966.63007,0.0513916015625,-0.0255126953125,0.9844970703125,1.614990234375,-3.641204833984375,-1.03179931640625,1.0,2.0,1.0,4.0,2.0,95.0,event
11:26:14.122,1.043139,0.2551292,0.93043804,1.0186048,0.9007033,0.09280326,0.45979702,1.0620517,0.96199,0.1334126,0.41848785,0.6707001,0.8128262,0.11379126,-0.16463774,0.659461,0.32423326,-0.41838935,-0.59538,0.0020752505,722.0513,894.90845,866.30035,655.9707,728.49817,0.0513916015625,-0.0255126953125,0.9844970703125,1.614990234375,-3.641204833984375,-1.03179931640625,1.0,2.0,1.0,4.0,2.0,95.0,event
11:26:14.123,1.043139,0.2551292,0.93043804,1.0186048,0.9007033,0.09280326,0.45979702,1.0620517,0.96199,0.1334126,0.41848785,0.6707001,0.8128262,0.11379126,-0.16463774,0.659461,0.32423326,-0.41838935,-0.59538,0.0020752505,556.04395,875.16486,922.71063,670.87915,705.9341,0.0513916015625,-0.0255126953125,0.9844970703125,1.614990234375,-3.641204833984375,-1.03179931640625,1.0,2.0,1.0,4.0,2.0,95.0,event
11:26:14.123,1.043139,0.2551292,0.93043804,1.0186048,0.9007033,0.09280326,0.45979702,1.0620517,0.96199,0.1334126,0.41848785,0.6707001,0.8128262,0.11379126,-0.16463774,0.659461,0.32423326,-0.41838935,-0.59538,0.0020752505,585.8608,863.47986,732.1245,714.7985,778.86444,0.0513916015625,-0.0255126953125,0.9844970703125,1.614990234375,-3.641204833984375,-1.03179931640625,1.0,2.0,1.0,4.0,2.0,95.0,event
11:26:14.162,1.043139,0.2551292,0.93043804,1.0186048,0.9007033,0.09280326,0.45979702,1.0620517,0.96199,0.1334126,0.41848785,0.6707001,0.8128262,0.11379126,-0.16463774,0.659461,0.32423326,-0.41838935,-0.59538,0.0020752505,799.41394,852.1978,803.8461,751.06226,787.326,0.05499267578125,-0.01611328125,0.99420166015625,3.162689208984375,-4.1571044921875,0.58319091796875,1.0,2.0,1.0,4.0,2.0,95.0,event
11:26:14.163,1.043139,0.2551292,0.93043804,1.0186048,0.9007033,0.09280326,0.45979702,1.0620517,0.96199,0.1334126,0.41848785,0.6707001,0.8128262,0.11379126,-0.16463774,0.659461,0.32423326,-0.41838935,-0.59538,0.0020752505,958.5714,840.5128,1094.359,783.2967,763.95605,0.05499267578125,-0.01611328125,0.99420166015625,3.162689208984375,-4.1571044921875,0.58319091796875,1.0,2.0,1.0,4.0,2.0,95.0,event
11:26:14.164,1.043139,0.2551292,0.93043804,1.0186048,0.9007033,0.09280326,0.45979702,1.0620517,0.96199,0.1334126,0.41848785,0.6707001,0.8128262,0.11379126,-0.16463774,0.659461,0.32423326,-0.41838935,-0.59538,0.0020752505,863.0769,833.2601,954.1392,788.93774,779.67035,0.05499267578125,-0.01611328125,0.99420166015625,3.162689208984375,-4.1571044921875,0.58319091796875,1.0,2.0,1.0,4.0,2.0,95.0,event
11:26:14.164,1.043139,0.2551292,0.93043804,1.0186048,0.9007033,0.09280326,0.45979702,1.0620517,0.96199,0.1334126,0.41848785,0.6707001,0.8128262,0.11379126,-0.16463774,0.659461,0.32423326,-0.41838935,-0.59538,0.0020752505,668.0586,813.91943,572.96704,793.36993,786.9231,0.05499267578125,-0.01611328125,0.99420166015625,3.162689208984375,-4.1571044921875,0.58319091796875,1.0,2.0,1.0,4.0,2.0,95.0,event
11:26:14.164,1.043139,0.2551292,0.93043804,1.0186048,0.9007033,0.09280326,0.45979702,1.0620517,0.96199,0.1334126,0.41848785,0.6707001,0.8128262,0.11379126,-0.16463774,0.659461,0.32423326,-0.41838935,-0.59538,0.0020752505,679.7436,807.0696,705.12823,814.3223,721.6484,0.05499267578125,-0.01611328125,0.99420166015625,3.162689208984375,-4.1571044921875,0.58319091796875,1.0,2.0,1.0,4.0,2.0,95.0,event
11:26:14.165,1.043139,0.2551292,0.93043804,1.0186048,0.9007033,0.09280326,0.45979702,1.0620517,0.96199,0.1334126,0.41848785,0.6707001,0.8128262,0.11379126,-0.16463774,0.659461,0.32423326,-0.41838935,-0.59538,0.0020752505,888.86444,811.50183,870.32965,854.21246,799.81683,0.05499267578125,-0.01611328125,0.99420166015625,3.162689208984375,-4.1571044921875,0.58319091796875,1.0,2.0,1.0,4.0,2.0,95.0,event
11:26:14.165,1.043139,0.2551292,0.93043804,1.0186048,0.9007033,0.09280326,0.45979702,1.0620517,0.96199,0.1334126,0.41848785,0.6707001,0.8128262,0.11379126,-0.16463774,0.659461,0.32423326,-0.41838935,-0.59538,0.0020752505,1043.1868,802.6374,750.2564,896.1172,973.0769,0.05499267578125,-0.01611328125,0.99420166015625,3.162689208984375,-4.1571044921875,0.58319091796875,1.0,2.0,1.0,4.0,2.0,95.0,event
11:26:14.166,1.043139,0.2551292,0.93043804,1.0186048,0.9007033,0.09280326,0.45979702,1.0620517,0.96199,0.1334126,0.41848785,0.6707001,0.8128262,0.11379126,-0.16463774,0.659461,0.32423326,-0.41838935,-0.59538,0.0020752505,782.49084,795.38464,504.06595,897.72894,834.0659,0.05499267578125,-0.01611328125,0.99420166015625,3.162689208984375,-4.1571044921875,0.58319091796875,1.0,2.0,1.0,4.0,2.0,95.0,event
11:26:14.166,1.043139,0.2551292,0.93043804,1.0186048,0.9007033,0.09280326,0.45979702,1.0620517,0.96199,0.1334126,0.41848785,0.6707001,0.8128262,0.11379126,-0.16463774,0.659461,0.32423326,-0.41838935,-0.59538,0.0020752505,959.7802,796.5934,348.13187,903.7729,1042.7839,0.05499267578125,-0.01611328125,0.99420166015625,3.162689208984375,-4.1571044921875,0.58319091796875,1.0,2.0,1.0,4.0,2.0,95.0,event
11:26:14.167,1.043139,0.2551292,0.93043804,1.0186048,0.9007033,0.09280326,0.45979702,1.0620517,0.96199,0.1334126,0.41848785,0.6707001,0.8128262,0.11379126,-0.16463774,0.659461,0.32423326,-0.41838935,-0.59538,0.0020752505,764.7619,788.93774,943.2601,906.5934,666.4469,0.05499267578125,-0.01611328125,0.99420166015625,3.162689208984375,-4.1571044921875,0.58319091796875,1.0,2.0,1.0,4.0,2.0,95.0,event
11:26:14.167,1.043139,0.2551292,0.93043804,1.0186048,0.9007033,0.09280326,0.45979702,1.0620517,0.96199,0.1334126,0.41848785,0.6707001,0.8128262,0.11379126,-0.16463774,0.659461,0.32423326,-0.41838935,-0.59538,0.0020752505,919.0842,789.34064,849.3773,922.71063,720.0366,0.05499267578125,-0.01611328125,0.99420166015625,3.162689208984375,-4.1571044921875,0.58319091796875,1.0,2.0,1.0,4.0,2.0,95.0,event
11:26:14.167,1.043139,0.2551292,0.93043804,1.0186048,0.9007033,0.09280326,0.45979702,1.0620517,0.96199,0.1334126,0.41848785,0.6707001,0.8128262,0.11379126,-0.16463774,0.659461,0.32423326,-0.41838935,-0.59538,0.0020752505,1076.63,784.90845,874.35895,937.2161,768.7912,0.05499267578125,-0.01611328125,0.99420166015625,3.162689208984375,-4.1571044921875,0.58319091796875,1.0,2.0,1.0,4.0,2.0,95.0,event
11:26:14.240,1.043139,0.2551292,0.93043804,1.0186048,0.9007033,0.09280326,0.45979702,1.0620517,0.96199,0.1334126,0.41848785,0.6707001,0.8128262,0.11379126,-0.16463774,0.659461,0.32423326,-0.41838935,-0.59538,0.0020752505,1015.38464,773.22345,1004.5055,927.9487,757.1062,0.05499267578125,-0.01611328125,0.99420166015625,3.162689208984375,-4.1571044921875,0.58319091796875,1.0,2.0,1.0,4.0,2.0,95.0,event
11:26:14.241,1.043139,0.2551292,0.93043804,1.0186048,0.9007033,0.09280326,0.45979702,1.0620517,0.96199,0.1334126,0.41848785,0.6707001,0.8128262,0.11379126,-0.16463774,0.659461,0.32423326,-0.41838935,-0.59538,0.0020752505,809.0842,769.59705,944.4689,916.6667,717.619,0.05499267578125,-0.01611328125,0.99420166015625,3.162689208984375,-4.1571044921875,0.58319091796875,1.0,2.0,1.0,4.0,2.0,95.0,event
11:26:14.242,1.043139,0.2551292,0.93043804,1.0186048,0.9007033,0.09280326,0.45979702,1.0620517,0.96199,0.1334126,0.41848785,0.6707001,0.8128262,0.11379126,-0.16463774,0.659461,0.32423326,-0.41838935,-0.59538,0.0020752505,743.4066,767.98535,733.73627,910.2198,767.98535,0.05499267578125,-0.01611328125,0.99420166015625,3.162689208984375,-4.1571044921875,0.58319091796875,1.0,2.0,1.0,4.0,2.0,95.0,event
11:26:14.243,1.043139,0.2551292,0.93043804,1.0186048,0.9007033,0.09280326,0.45979702,1.0620517,0.96199,0.1334126,0.41848785,0.6707001,0.8128262,0.11379126,-0.16463774,0.659461,0.32423326,-0.41838935,-0.59538,0.0020752505,902.96704,773.6264,678.1319,934.3956,816.7399,0.05499267578125,-0.01611328125,0.99420166015625,3.162689208984375,-4.1571044921875,0.58319091796875,1.0,2.0,1.0,4.0,2.0,95.0,event
11:26:14.244,1.043139,0.2551292,0.93043804,1.0186048,0.9007033,0.09280326,0.45979702,1.0620517,0.96199,0.1334126,0.41848785,0.6707001,0.8128262,0.11379126,-0.16463774,0.659461,0.32423326,-0.41838935,-0.59538,0.0020752505,1092.7472,777.25275,905.78754,970.2564,788.1319,0.05499267578125,-0.01611328125,0.99420166015625,3.162689208984375,-4.1571044921875,0.58319091796875,1.0,2.0,1.0,4.0,2.0,95.0,event
11:26:14.245,1.043139,0.2551292,0.93043804,1.0186048,0.9007033,0.09280326,0.45979702,1.0620517,0.96199,0.1334126,0.41848785,0.6707001,0.8128262,0.11379126,-0.16463774,0.659461,0.32423326,-0.41838935,-0.59538,0.0020752505,1031.5018,768.7912,813.91943,938.8278,761.9414,0.05499267578125,-0.01611328125,0.99420166015625,3.162689208984375,-4.1571044921875,0.58319091796875,1.0,2.0,1.0,4.0,2.0,95.0,event
11:26:14.246,1.043139,0.2551292,0.93043804,1.0186048,0.9007033,0.09280326,0.45979702,1.0620517,0.96199,0.1334126,0.41848785,0.6707001,0.8128262,0.11379126,-0.16463774,0.659461,0.32423326,-0.41838935,-0.59538,0.0020752505,719.6337,761.13556,74.54212,902.1612,1042.381,0.05499267578125,-0.01611328125,0.99420166015625,3.162689208984375,-4.1571044921875,0.58319091796875,1.0,2.0,1.0,4.0,2.0,95.0,event
11:26:14.246,1.043139,0.2551292,0.93043804,1.0186048,0.9007033,0.09280326,0.45979702,1.0620517,0.96199,0.1334126,0.41848785,0.6707001,0.8128262,0.11379126,-0.16463774,0.659461,0.32423326,-0.41838935,-0.59538,0.0020752505,809.0842,762.3443,330.40292,902.5641,910.6227,0.05499267578125,-0.01611328125,0.99420166015625,3.162689208984375,-4.1571044921875,0.58319091796875,1.0,2.0,1.0,4.0,2.0,95.0,event
11:26:14.247,1.043139,0.2551292,0.93043804,1.0186048,0.9007033,0.09280326,0.45979702,1.0620517,0.96199,0.1334126,0.41848785,0.6707001,0.8128262,0.11379126,-0.16463774,0.659461,0.32423326,-0.41838935,-0.59538,0.0020752505,848.5714,771.6117,686.1905,918.2784,809.89014,0.05499267578125,-0.01611328125,0.99420166015625,3.162689208984375,-4.1571044921875,0.58319091796875,1.0,2.0,1.0,4.0,2.0,95.0,event
11:26:14.248,1.043139,0.2551292,0.93043804,1.0186048,0.9007033,0.09280326,0.45979702,1.0620517,0.96199,0.1334126,0.41848785,0.6707001,0.8128262,0.11379126,-0.16463774,0.659461,0.32423326,-0.41838935,-0.59538,0.0020752505,1041.978,768.3883,1045.2014,938.4249,710.7692,0.05499267578125,-0.01611328125,0.99420166015625,3.162689208984375,-4.1571044921875,0.58319091796875,1.0,2.0,1.0,4.0,2.0,95.0,event
11:26:14.251,1.043139,0.2551292,0.93043804,1.0186048,0.9007033,0.09280326,0.45979702,1.0620517,0.96199,0.1334126,0.41848785,0.6707001,0.8128262,0.11379126,-0.16463774,0.659461,0.32423326,-0.41838935,-0.59538,0.0020752505,1041.1721,764.35895,794.17584,946.08057,784.90845,0.05499267578125,-0.01611328125,0.99420166015625,3.162689208984375,-4.1571044921875,0.58319091796875,1.0,2.0,1.0,4.0,2.0,95.0,event
11:26:14.253,1.043139,0.2551292,0.93043804,1.0186048,0.9007033,0.09280326,0.45979702,1.0620517,0.96199,0.1334126,0.41848785,0.6707001,0.8128262,0.11379126,-0.16463774,0.659461,0.32423326,-0.41838935,-0.59538,0.0020752505,858.24176,780.4762,727.28937,936.0073,815.12823,0.05499267578125,-0.01611328125,0.99420166015625,3.162689208984375,-4.1571044921875,0.58319091796875,1.0,2.0,1.0,4.0,2.0,95.0,event
11:26:14.284,1.043139,0.2551292,0.93043804,1.0186048,0.9007033,0.09280326,0.45979702,1.0620517,0.96199,0.1334126,0.41848785,0.6707001,0.8128262,0.11379126,-0.16463774,0.659461,0.32423326,-0.41838935,-0.59538,0.0020752505,756.30035,783.69965,909.011,920.293,738.1685,0.05023193359375,-0.0206298828125,0.98748779296875,1.30096435546875,-3.790740966796875,-1.95892333984375,1.0,2.0,1.0,4.0,2.0,95.0,event
11:26:14.285,1.043139,0.2551292,0.93043804,1.0186048,0.9007033,0.09280326,0.45979702,1.0620517,0.96199,0.1334126,0.41848785,0.6707001,0.8128262,0.11379126,-0.16463774,0.659461,0.32423326,-0.41838935,-0.59538,0.0020752505,834.4689,776.4469,879.19415,923.5165,691.8315,0.05023193359375,-0.0206298828125,0.98748779296875,1.30096435546875,-3.790740966796875,-1.95892333984375,1.0,2.0,1.0,4.0,2.0,95.0,event
11:26:14.286,1.043139,0.2551292,0.93043804,1.0186048,0.9007033,0.09280326,0.45979702,1.0620517,0.96199,0.1334126,0.41848785,0.6707001,0.8128262,0.11379126,-0.16463774,0.659461,0.32423326,-0.41838935,-0.59538,0.0020752505,1032.7106,779.2674,795.38464,940.4396,804.65204,0.05023193359375,-0.0206298828125,0.98748779296875,1.30096435546875,-3.790740966796875,-1.95892333984375,1.0,2.0,1.0,4.0,2.0,95.0,event
11:26:14.287,1.043139,0.2551292,0.93043804,1.0186048,0.9007033,0.09280326,0.45979702,1.0620517,0.96199,0.1334126,0.41848785,0.6707001,0.8128262,0.11379126,-0.16463774,0.659461,0.32423326,-0.41838935,-0.59538,0.0020752505,1075.8242,782.8938,975.09155,926.337,857.03296,0.05023193359375,-0.0206298828125,0.98748779296875,1.30096435546875,-3.790740966796875,-1.95892333984375,1.0,2.0,1.0,4.0,2.0,95.0,event
11:26:14.288,1.043139,0.2551292,0.93043804,1.0186048,0.9007033,0.09280326,0.45979702,1.0620517,0.96199,0.1334126,0.41848785,0.6707001,0.8128262,0.11379126,-0.16463774,0.659461,0.32423326,-0.41838935,-0.59538,0.0020752505,869.5238,782.8938,999.67035,887.6557,826.0073,0.05023193359375,-0.0206298828125,0.98748779296875,1.30096435546875,-3.790740966796875,-1.95892333984375,1.0,2.0,1.0,4.0,2.0,95.0,event
11:26:14.288,1.043139,0.2551292,0.93043804,1.0186048,0.9007033,0.09280326,0.45979702,1.0620517,0.96199,0.1334126,0.41848785,0.6707001,0.8128262,0.11379126,-0.16463774,0.659461,0.32423326,-0.41838935,-0.59538,0.0020752505,722.8571,774.0293,693.0403,869.92676,893.2967,0.05023193359375,-0.0206298828125,0.98748779296875,1.30096435546875,-3.790740966796875,-1.95892333984375,1.0,2.0,1.0,4.0,2.0,95.0,event
11:26:14.289,1.043139,0.2551292,0.93043804,1.0186048,0.9007033,0.09280326,0.45979702,1.0620517,0.96199,0.1334126,0.41848785,0.6707001,0.8128262,0.11379126,-0.16463774,0.659461,0.32423326,-0.41838935,-0.59538,0.0020752505,792.1612,769.19415,390.43958,873.1502,981.13556,0.05023193359375,-0.0206298828125,0.98748779296875,1.30096435546875,-3.790740966796875,-1.95892333984375,1.0,2.0,1.0,4.0,2.0,95.0,event
11:26:14.290,1.043139,0.2551292,0.93043804,1.0186048,0.9007033,0.09280326,0.45979702,1.0620517,0.96199,0.1334126,0.41848785,0.6707001,0.8128262,0.11379126,-0.16463774,0.659461,0.32423326,-0.41838935,-0.59538,0.0020752505,996.4469,781.28204,548.7912,888.86444,917.47253,0.05023193359375,-0.0206298828125,0.98748779296875,1.30096435546875,-3.790740966796875,-1.95892333984375,1.0,2.0,1.0,4.0,2.0,95.0,event
11:26:14.290,1.043139,0.2551292,0.93043804,1.0186048,0.9007033,0.09280326,0.45979702,1.0620517,0.96199,0.1334126,0.41848785,0.6707001,0.8128262,0.11379126,-0.16463774,0.659461,0.32423326,-0.41838935,-0.59538,0.0020752505,1068.5714,793.36993,915.8608,894.90845,766.3736,0.05023193359375,-0.0206298828125,0.98748779296875,1.30096435546875,-3.790740966796875,-1.95892333984375,1.0,2.0,1.0,4.0,2.0,95.0,event
11:26:14.291,1.043139,0.2551292,0.93043804,1.0186048,0.9007033,0.09280326,0.45979702,1.0620517,0.96199,0.1334126,0.41848785,0.6707001,0.8128262,0.11379126,-0.16463774,0.659461,0.32423326,-0.41838935,-0.59538,0.0020752505,877.1795,788.93774,738.1685,863.47986,814.3223,0.05023193359375,-0.0206298828125,0.98748779296875,1.30096435546875,-3.790740966796875,-1.95892333984375,1.0,2.0,1.0,4.0,2.0,95.0,event
11:26:14.292,1.043139,0.2551292,0.93043804,1.0186048,0.9007033,0.09280326,0.45979702,1.0620517,0.96199,0.1334126,0.41848785,0.6707001,0.8128262,0.11379126,-0.16463774,0.659461,0.32423326,-0.41838935,-0.59538,0.0020752505,771.6117,796.99634,700.696,861.06226,774.43225,0.05023193359375,-0.0206298828125,0.98748779296875,1.30096435546875,-3.790740966796875,-1.95892333984375,1.0,2.0,1.0,4.0,2.0,95.0,event
11:26:14.292,1.043139,0.2551292,0.93043804,1.0186048,0.9007033,0.09280326,0.45979702,1.0620517,0.96199,0.1334126,0.41848785,0.6707001,0.8128262,0.11379126,-0.16463774,0.659461,0.32423326,-0.41838935,-0.59538,0.0020752505,713.5897,791.75824,291.3187,846.9597,913.8461,0.05023193359375,-0.0206298828125,0.98748779296875,1.30096435546875,-3.790740966796875,-1.95892333984375,1.0,2.0,1.0,4.0,2.0,95.0,event
11:26:14.324,1.043139,0.2551292,0.93043804,1.0186048,0.9007033,0.09280326,0.45979702,1.0620517,0.96199,0.1334126,0.41848785,0.6707001,0.8128262,0.11379126,-0.16463774,0.659461,0.32423326,-0.41838935,-0.59538,0.0020752505,957.3626,794.57874,1073.8096,880.0,717.2161,0.05419921875,-0.02142333984375,0.9959716796875,1.57012939453125,-3.0206298828125,0.575714111328125,1.0,2.0,1.0,4.0,2.0,95.0,event
11:26:14.325,1.043139,0.2551292,0.93043804,1.0186048,0.9007033,0.09280326,0.45979702,1.0620517,0.96199,0.1334126,0.41848785,0.6707001,0.8128262,0.11379126,-0.16463774,0.659461,0.32423326,-0.41838935,-0.59538,0.0020752505,1047.619,799.41394,875.9707,859.45056,801.4286,0.05419921875,-0.02142333984375,0.9959716796875,1.57012939453125,-3.0206298828125,0.575714111328125,1.0,2.0,1.0,4.0,2.0,95.0,event
11:26:14.326,1.043139,0.2551292,0.93043804,1.0186048,0.9007033,0.09280326,0.45979702,1.0620517,0.96199,0.1334126,0.41848785,0.6707001,0.8128262,0.11379126,-0.16463774,0.659461,0.32423326,-0.41838935,-0.59538,0.0020752505,894.90845,807.8755,758.315,838.9011,807.8755,0.05419921875,-0.02142333984375,0.9959716796875,1.57012939453125,-3.0206298828125,0.575714111328125,1.0,2.0,1.0,4.0,2.0,95.0,event
11:26:14.327,1.043139,0.2551292,0.93043804,1.0186048,0.9007033,0.09280326,0.45979702,1.0620517,0.96199,0.1334126,0.41848785,0.6707001,0.8128262,0.11379126,-0.16463774,0.659461,0.32423326,-0.41838935,-0.59538,0.0020752505,725.2747,809.0842,812.71063,832.0513,682.96704,0.05419921875,-0.02142333984375,0.9959716796875,1.57012939453125,-3.0206298828125,0.575714111328125,1.0,2.0,1.0,4.0,2.0,95.0,event
11:26:14.328,1.043139,0.2551292,0.93043804,1.0186048,0.9007033,0.09280326,0.45979702,1.0620517,0.96199,0.1334126,0.41848785,0.6707001,0.8128262,0.11379126,-0.16463774,0.659461,0.32423326,-0.41838935,-0.59538,0.0020752505,758.71796,803.0403,837.28937,840.9158,624.1392,0.05419921875,-0.02142333984375,0.9959716796875,1.57012939453125,-3.0206298828125,0.575714111328125,1.0,2.0,1.0,4.0,2.0,95.0,event
11:26:14.329,1.043139,0.2551292,0.93043804,1.0186048,0.9007033,0.09280326,0.45979702,1.0620517,0.96199,0.1334126,0.41848785,0.6707001,0.8128262,0.11379126,-0.16463774,0.659461,0.32423326,-0.41838935,-0.59538,0.0020752505,925.5311,807.47253,690.2198,863.8828,849.7802,0.05419921875,-0.02142333984375,0.9959716796875,1.57012939453125,-3.0206298828125,0.575714111328125,1.0,2.0,1.0,4.0,2.0,95.0,event
11:26:14.330,1.043139,0.2551292,0.93043804,1.0186048,0.9007033,0.09280326,0.45979702,1.0620517,0.96199,0.1334126,0.41848785,0.6707001,0.8128262,0.11379126,-0.16463774,0.659461,0.32423326,-0.41838935,-0.59538,0.0020752505,1025.8608,809.4872,606.0073,861.4652,931.5751,0.05419921875,-0.02142333984375,0.9959716796875,1.57012939453125,-3.0206298828125,0.575714111328125,1.0,2.0,1.0,4.0,2.0,95.0,event
11:26:14.330,1.043139,0.2551292,0.93043804,1.0186048,0.9007033,0.09280326,0.45979702,1.0620517,0.96199,0.1334126,0.41848785,0.6707001,0.8128262,0.11379126,-0.16463774,0.659461,0.32423326,-0.41838935,-0.59538,0.0020752505,901.75824,806.26373,732.9304,832.0513,745.82416,0.05419921875,-0.02142333984375,0.9959716796875,1.57012939453125,-3.0206298828125,0.575714111328125,1.0,2.0,1.0,4.0,2.0,95.0,event
11:26:14.331,1.043139,0.2551292,0.93043804,1.0186048,0.9007033,0.09280326,0.45979702,1.0620517,0.96199,0.1334126,0.41848785,0.6707001,0.8128262,0.11379126,-0.16463774,0.659461,0.32423326,-0.41838935,-0.59538,0.0020752505,711.5751,800.2198,829.6337,801.4286,664.43225,0.05419921875,-0.02142333984375,0.9959716796875,1.57012939453125,-3.0206298828125,0.575714111328125,1.0,2.0,1.0,4.0,2.0,95.0,event
11:26:14.332,1.043139,0.2551292,0.93043804,1.0186048,0.9007033,0.09280326,0.45979702,1.0620517,0.96199,0.1334126,0.41848785,0.6707001,0.8128262,0.11379126,-0.16463774,0.659461,0.32423326,-0.41838935,-0.59538,0.0020752505,689.011,797.3993,375.53113,810.696,875.9707,0.05419921875,-0.02142333984375,0.9959716796875,1.57012939453125,-3.0206298828125,0.575714111328125,1.0,2.0,1.0,4.0,2.0,95.0,event
11:26:14.333,1.043139,0.2551292,0.93043804,1.0186048,0.9007033,0.09280326,0.45979702,1.0620517,0.96199,0.1334126,0.41848785,0.6707001,0.8128262,0.11379126,-0.16463774,0.659461,0.32423326,-0.41838935,-0.59538,0.0020752505,1030.6959,809.0842,913.44324,845.7509,781.28204,0.05419921875,-0.02142333984375,0.9959716796875,1.57012939453125,-3.0206298828125,0.575714111328125,1.0,2.0,1.0,4.0,2.0,95.0,event
11:26:14.333,1.043139,0.2551292,0.93043804,1.0186048,0.9007033,0.09280326,0.45979702,1.0620517,0.96199,0.1334126,0.41848785,0.6707001,0.8128262,0.11379126,-0.16463774,0.659461,0.32423326,-0.41838935,-0.59538,0.0020752505,872.3443,805.8608,261.0989,842.1245,1025.0549,0.05419921875,-0.02142333984375,0.9959716796875,1.57012939453125,-3.0206298828125,0.575714111328125,1.0,2.0,1.0,4.0,2.0,95.0,event
11:26:14.337,,,,,,,,,,,,,,,,,,,,,,,,,,,,,,,,,,,,,,blink
11:26:14.362,1.043139,0.2551292,0.93043804,1.0186048,0.9007033,0.09280326,0.45979702,1.0620517,0.96199,0.1334126,0.41848785,0.6707001,0.8128262,0.11379126,-0.16463774,0.659461,0.32423326,-0.41838935,-0.59538,0.0020752505,926.7399,805.4579,900.9524,820.7692,730.5128,0.0474853515625,-0.03375244140625,0.98419189453125,1.1962890625,-3.686065673828125,-0.545806884765625,1.0,2.0,1.0,4.0,2.0,95.0,event
11:26:14.364,1.043139,0.2551292,0.93043804,1.0186048,0.9007033,0.09280326,0.45979702,1.0620517,0.96199,0.1334126,0.41848785,0.6707001,0.8128262,0.11379126,-0.16463774,0.659461,0.32423326,-0.41838935,-0.59538,0.0020752505,728.9011,807.8755,618.0952,819.15753,743.00366,0.0474853515625,-0.03375244140625,0.98419189453125,1.1962890625,-3.686065673828125,-0.545806884765625,1.0,2.0,1.0,4.0,2.0,95.0,event
11:26:14.365,1.043139,0.2551292,0.93043804,1.0186048,0.9007033,0.09280326,0.45979702,1.0620517,0.96199,0.1334126,0.41848785,0.6707001,0.8128262,0.11379126,-0.16463774,0.659461,0.32423326,-0.41838935,-0.59538,0.0020752505,697.47253,804.65204,782.0879,822.7839,720.84247,0.0474853515625,-0.03375244140625,0.98419189453125,1.1962890625,-3.686065673828125,-0.545806884765625,1.0,2.0,1.0,4.0,2.0,95.0,event
11:26:14.365,1.043139,0.2551292,0.93043804,1.0186048,0.9007033,0.09280326,0.45979702,1.0620517,0.96199,0.1334126,0.41848785,0.6707001,0.8128262,0.11379126,-0.16463774,0.659461,0.32423326,-0.41838935,-0.59538,0.0020752505,853.00366,802.23444,1024.249,818.3516,723.663,0.0474853515625,-0.03375244140625,0.98419189453125,1.1962890625,-3.686065673828125,-0.545806884765625,1.0,2.0,1.0,4.0,2.0,95.0,event
11:26:14.366,1.043139,0.2551292,0.93043804,1.0186048,0.9007033,0.09280326,0.45979702,1.0620517,0.96199,0.1334126,0.41848785,0.6707001,0.8128262,0.11379126,-0.16463774,0.659461,0.32423326,-0.41838935,-0.59538,0.0020752505,1009.7436,802.23444,909.011,836.4835,753.0769,0.0474853515625,-0.03375244140625,0.98419189453125,1.1962890625,-3.686065673828125,-0.545806884765625,1.0,2.0,1.0,4.0,2.0,95.0,event
11:26:14.367,1.043139,0.2551292,0.93043804,1.0186048,0.9007033,0.09280326,0.45979702,1.0620517,0.96199,0.1334126,0.41848785,0.6707001,0.8128262,0.11379126,-0.16463774,0.659461,0.32423326,-0.41838935,-0.59538,0.0020752505,939.6337,797.8022,574.9817,840.10986,852.1978,0.0474853515625,-0.03375244140625,0.98419189453125,1.1962890625,-3.686065673828125,-0.545806884765625,1.0,2.0,1.0,4.0,2.0,95.0,event
11:26:14.368,1.043139,0.2551292,0.93043804,1.0186048,0.9007033,0.09280326,0.45979702,1.0620517,0.96199,0.1334126,0.41848785,0.6707001,0.8128262,0.11379126,-0.16463774,0.659461,0.32423326,-0.41838935,-0.59538,0.0020752505,742.6007,802.6374,472.23444,828.8278,876.77655,0.0474853515625,-0.03375244140625,0.98419189453125,1.1962890625,-3.686065673828125,-0.545806884765625,1.0,2.0,1.0,4.0,2.0,95.0,event
11:26:14.369,1.043139,0.2551292,0.93043804,1.0186048,0.9007033,0.09280326,0.45979702,1.0620517,0.96199,0.1334126,0.41848785,0.6707001,0.8128262,0.11379126,-0.16463774,0.659461,0.32423326,-0.41838935,-0.59538,0.0020752505,678.93774,807.47253,747.8388,824.3956,729.304,0.0474853515625,-0.03375244140625,0.98419189453125,1.1962890625,-3.686065673828125,-0.545806884765625,1.0,2.0,1.0,4.0,2.0,95.0,event
11:26:14.370,1.043139,0.2551292,0.93043804,1.0186048,0.9007033,0.09280326,0.45979702,1.0620517,0.96199,0.1334126,0.41848785,0.6707001,0.8128262,0.11379126,-0.16463774,0.659461,0.32423326,-0.41838935,-0.59538,0.0020752505,826.8132,802.23444,800.6227,833.663,741.39197,0.0474853515625,-0.03375244140625,0.98419189453125,1.1962890625,-3.686065673828125,-0.545806884765625,1.0,2.0,1.0,4.0,2.0,95.0,event
11:26:14.370,1.043139,0.2551292,0.93043804,1.0186048,0.9007033,0.09280326,0.45979702,1.0620517,0.96199,0.1334126,0.41848785,0.6707001,0.8128262,0.11379126,-0.16463774,0.659461,0.32423326,-0.41838935,-0.59538,0.0020752505,998.46155,801.02563,388.4249,849.7802,1014.17584,0.0474853515625,-0.03375244140625,0.98419189453125,1.1962890625,-3.686065673828125,-0.545806884765625,1.0,2.0,1.0,4.0,2.0,95.0,event
11:26:14.371,1.043139,0.2551292,0.93043804,1.0186048,0.9007033,0.09280326,0.45979702,1.0620517,0.96199,0.1334126,0.41848785,0.6707001,0.8128262,0.11379126,-0.16463774,0.659461,0.32423326,-0.41838935,-0.59538,0.0020752505,958.1685,807.0696,646.7033,824.7985,924.7253,0.0474853515625,-0.03375244140625,0.98419189453125,1.1962890625,-3.686065673828125,-0.545806884765625,1.0,2.0,1.0,4.0,2.0,95.0,event
11:26:14.372,1.043139,0.2551292,0.93043804,1.0186048,0.9007033,0.09280326,0.45979702,1.0620517,0.96199,0.1334126,0.41848785,0.6707001,0.8128262,0.11379126,-0.16463774,0.659461,0.32423326,-0.41838935,-0.59538,0.0020752505,750.65936,804.65204,924.3223,786.52014,704.3223,0.0474853515625,-0.03375244140625,0.98419189453125,1.1962890625,-3.686065673828125,-0.545806884765625,1.0,2.0,1.0,4.0,2.0,95.0,event
11:26:14.397,1.043139,0.2551292,0.93043804,1.0186048,0.9007033,0.09280326,0.45979702,1.0620517,0.96199,0.1334126,0.41848785,0.6707001,0.8128262,0.11379126,-0.16463774,0.659461,0.32423326,-0.41838935,-0.59538,0.0020752505,653.95605,797.8022,536.30035,792.5641,862.674,0.05865478515625,-0.01947021484375,0.99615478515625,3.768310546875,-2.863616943359375,0.01495361328125,1.0,2.0,1.0,4.0,2.0,95.0,event
11:26:14.398,1.043139,0.2551292,0.93043804,1.0186048,0.9007033,0.09280326,0.45979702,1.0620517,0.96199,0.1334126,0.41848785,0.6707001,0.8128262,0.11379126,-0.16463774,0.659461,0.32423326,-0.41838935,-0.59538,0.0020752505,774.83514,803.0403,585.8608,816.337,946.8865,0.05865478515625,-0.01947021484375,0.99615478515625,3.768310546875,-2.863616943359375,0.01495361328125,1.0,2.0,1.0,4.0,2.0,95.0,event
11:26:14.399,1.043139,0.2551292,0.93043804,1.0186048,0.9007033,0.09280326,0.45979702,1.0620517,0.96199,0.1334126,0.41848785,0.6707001,0.8128262,0.11379126,-0.16463774,0.659461,0.32423326,-0.41838935,-0.59538,0.0020752505,967.4359,803.8461,1021.8315,826.4103,761.13556,0.05865478515625,-0.01947021484375,0.99615478515625,3.768310546875,-2.863616943359375,0.01495361328125,1.0,2.0,1.0,4.0,2.0,95.0,event
11:26:14.400,1.043139,0.2551292,0.93043804,1.0186048,0.9007033,0.09280326,0.45979702,1.0620517,0.96199,0.1334126,0.41848785,0.6707001,0.8128262,0.11379126,-0.16463774,0.659461,0.32423326,-0.41838935,-0.59538,0.0020752505,980.7326,803.0403,995.64105,817.5458,739.7802,0.05865478515625,-0.01947021484375,0.99615478515625,3.768310546875,-2.863616943359375,0.01495361328125,1.0,2.0,1.0,4.0,2.0,95.0,event
11:26:14.400,1.043139,0.2551292,0.93043804,1.0186048,0.9007033,0.09280326,0.45979702,1.0620517,0.96199,0.1334126,0.41848785,0.6707001,0.8128262,0.11379126,-0.16463774,0.659461,0.32423326,-0.41838935,-0.59538,0.0020752505,782.49084,806.26373,684.57874,809.0842,777.6557,0.05865478515625,-0.01947021484375,0.99615478515625,3.768310546875,-2.863616943359375,0.01495361328125,1.0,2.0,1.0,4.0,2.0,95.0,event
11:26:14.401,1.043139,0.2551292,0.93043804,1.0186048,0.9007033,0.09280326,0.45979702,1.0620517,0.96199,0.1334126,0.41848785,0.6707001,0.8128262,0.11379126,-0.16463774,0.659461,0.32423326,-0.41838935,-0.59538,0.0020752505,676.52014,804.65204,553.6264,813.1135,853.00366,0.05865478515625,-0.01947021484375,0.99615478515625,3.768310546875,-2.863616943359375,0.01495361328125,1.0,2.0,1.0,4.0,2.0,95.0,event
11:26:14.402,1.043139,0.2551292,0.93043804,1.0186048,0.9007033,0.09280326,0.45979702,1.0620517,0.96199,0.1334126,0.41848785,0.6707001,0.8128262,0.11379126,-0.16463774,0.659461,0.32423326,-0.41838935,-0.59538,0.0020752505,766.77655,801.8315,655.9707,812.3077,904.17584,0.05865478515625,-0.01947021484375,0.99615478515625,3.768310546875,-2.863616943359375,0.01495361328125,1.0,2.0,1.0,4.0,2.0,95.0,event
11:26:14.403,1.043139,0.2551292,0.93043804,1.0186048,0.9007033,0.09280326,0.45979702,1.0620517,0.96199,0.1334126,0.41848785,0.6707001,0.8128262,0.11379126,-0.16463774,0.659461,0.32423326,-0.41838935,-0.59538,0.0020752505,978.71796,803.8461,593.91943,832.0513,950.10986,0.05865478515625,-0.01947021484375,0.99615478515625,3.768310546875,-2.863616943359375,0.01495361328125,1.0,2.0,1.0,4.0,2.0,95.0,event
11:26:14.403,1.043139,0.2551292,0.93043804,1.0186048,0.9007033,0.09280326,0.45979702,1.0620517,0.96199,0.1334126,0.41848785,0.6707001,0.8128262,0.11379126,-0.16463774,0.659461,0.32423326,-0.41838935,-0.59538,0.0020752505,958.5714,805.4579,900.54944,821.978,819.15753,0.05865478515625,-0.01947021484375,0.99615478515625,3.768310546875,-2.863616943359375,0.01495361328125,1.0,2.0,1.0,4.0,2.0,95.0,event
11:26:14.405,1.043139,0.2551292,0.93043804,1.0186048,0.9007033,0.09280326,0.45979702,1.0620517,0.96199,0.1334126,0.41848785,0.6707001,0.8128262,0.11379126,-0.16463774,0.659461,0.32423326,-0.41838935,-0.59538,0.0020752505,766.77655,796.1905,148.68132,821.1722,1000.87915,0.05865478515625,-0.01947021484375,0.99615478515625,3.768310546875,-2.863616943359375,0.01495361328125,1.0,2.0,1.0,4.0,2.0,95.0,event
11:26:14.407,1.043139,0.2551292,0.93043804,1.0186048,0.9007033,0.09280326,0.45979702,1.0620517,0.96199,0.1334126,0.41848785,0.6707001,0.8128262,0.11379126,-0.16463774,0.659461,0.32423326,-0.41838935,-0.59538,0.0020752505,669.2674,793.7729,623.3333,823.5897,657.5824,0.05865478515625,-0.01947021484375,0.99615478515625,3.768310546875,-2.863616943359375,0.01495361328125,1.0,2.0,1.0,4.0,2.0,95.0,event
11:26:14.408,1.043139,0.2551292,0.93043804,1.0186048,0.9007033,0.09280326,0.45979702,1.0620517,0.96199,0.1334126,0.41848785,0.6707001,0.8128262,0.11379126,-0.16463774,0.659461,0.32423326,-0.41838935,-0.59538,0.0020752505,735.7509,798.20514,872.74725,818.7546,655.9707,0.05865478515625,-0.01947021484375,0.99615478515625,3.768310546875,-2.863616943359375,0.01495361328125,1.0,2.0,1.0,4.0,2.0,95.0,event
11:26:14.472,1.043139,0.2551292,0.93043804,1.0186048,0.9007033,0.09280326,0.45979702,1.0620517,0.96199,0.1334126,0.41848785,0.6707001,0.8128262,0.11379126,-0.16463774,0.659461,0.32423326,-0.41838935,-0.59538,0.0020752505,877.1795,804.2491,816.337,801.02563,793.7729,0.05865478515625,-0.01947021484375,0.99615478515625,3.768310546875,-2.863616943359375,0.01495361328125,1.0,2.0,1.0,4.0,2.0,95.0,event
11:26:14.473,1.043139,0.2551292,0.93043804,1.0186048,0.9007033,0.09280326,0.45979702,1.0620517,0.96199,0.1334126,0.41848785,0.6707001,0.8128262,0.11379126,-0.16463774,0.659461,0.32423326,-0.41838935,-0.59538,0.0020752505,938.4249,807.0696,913.0403,797.3993,759.92676,0.05865478515625,-0.01947021484375,0.99615478515625,3.768310546875,-2.863616943359375,0.01495361328125,1.0,2.0,1.0,4.0,2.0,95.0,event
11:26:14.477,1.043139,0.2551292,0.93043804,1.0186048,0.9007033,0.09280326,0.45979702,1.0620517,0.96199,0.1334126,0.41848785,0.6707001,0.8128262,0.11379126,-0.16463774,0.659461,0.32423326,-0.41838935,-0.59538,0.0020752505,763.5531,807.0696,884.0293,771.6117,676.52014,0.05865478515625,-0.01947021484375,0.99615478515625,3.768310546875,-2.863616943359375,0.01495361328125,1.0,2.0,1.0,4.0,2.0,95.0,event
11:26:14.478,1.043139,0.2551292,0.93043804,1.0186048,0.9007033,0.09280326,0.45979702,1.0620517,0.96199,0.1334126,0.41848785,0.6707001,0.8128262,0.11379126,-0.16463774,0.659461,0.32423326,-0.41838935,-0.59538,0.0020752505,578.60803,809.89014,639.0476,749.45056,759.5238,0.05865478515625,-0.01947021484375,0.99615478515625,3.768310546875,-2.863616943359375,0.01495361328125,1.0,2.0,1.0,4.0,2.0,95.0,event
11:26:14.478,1.043139,0.2551292,0.93043804,1.0186048,0.9007033,0.09280326,0.45979702,1.0620517,0.96199,0.1334126,0.41848785,0.6707001,0.8128262,0.11379126,-0.16463774,0.659461,0.32423326,-0.41838935,-0.59538,0.0020752505,623.73627,808.68134,524.21246,756.30035,882.01465,0.05865478515625,-0.01947021484375,0.99615478515625,3.768310546875,-2.863616943359375,0.01495361328125,1.0,2.0,1.0,4.0,2.0,95.0,event
11:26:14.479,1.043139,0.2551292,0.93043804,1.0186048,0.9007033,0.09280326,0.45979702,1.0620517,0.96199,0.1334126,0.41848785,0.6707001,0.8128262,0.11379126,-0.16463774,0.659461,0.32423326,-0.41838935,-0.59538,0.0020752505,816.7399,813.5165,691.02563,766.77655,841.31866,0.05865478515625,-0.01947021484375,0.99615478515625,3.768310546875,-2.863616943359375,0.01495361328125,1.0,2.0,1.0,4.0,2.0,95.0,event
11:26:14.480,1.043139,0.2551292,0.93043804,1.0186048,0.9007033,0.09280326,0.45979702,1.0620517,0.96199,0.1334126,0.41848785,0.6707001,0.8128262,0.11379126,-0.16463774,0.659461,0.32423326,-0.41838935,-0.59538,0.0020752505,891.685,816.7399,718.4249,750.2564,839.707,0.05865478515625,-0.01947021484375,0.99615478515625,3.768310546875,-2.863616943359375,0.01495361328125,1.0,2.0,1.0,4.0,2.0,95.0,event
11:26:14.480,1.043139,0.2551292,0.93043804,1.0186048,0.9007033,0.09280326,0.45979702,1.0620517,0.96199,0.1334126,0.41848785,0.6707001,0.8128262,0.11379126,-0.16463774,0.659461,0.32423326,-0.41838935,-0.59538,0.0020752505,743.00366,813.5165,558.86444,739.3773,885.64105,0.05865478515625,-0.01947021484375,0.99615478515625,3.768310546875,-2.863616943359375,0.01495361328125,1.0,2.0,1.0,4.0,2.0,95.0,event
11:26:14.481,1.043139,0.2551292,0.93043804,1.0186048,0.9007033,0.09280326,0.45979702,1.0620517,0.96199,0.1334126,0.41848785,0.6707001,0.8128262,0.11379126,-0.16463774,0.659461,0.32423326,-0.41838935,-0.59538,0.0020752505,574.17584,815.5311,126.52015,744.61536,1012.1612,0.05865478515625,-0.01947021484375,0.99615478515625,3.768310546875,-2.863616943359375,0.01495361328125,1.0,2.0,1.0,4.0,2.0,95.0,event
11:26:14.482,1.043139,0.2551292,0.93043804,1.0186048,0.9007033,0.09280326,0.45979702,1.0620517,0.96199,0.1334126,0.41848785,0.6707001,0.8128262,0.11379126,-0.16463774,0.659461,0.32423326,-0.41838935,-0.59538,0.0020752505,606.4103,819.9634,378.35165,753.0769,855.42126,0.05865478515625,-0.01947021484375,0.99615478515625,3.768310546875,-2.863616943359375,0.01495361328125,1.0,2.0,1.0,4.0,2.0,95.0,event
11:26:14.483,1.043139,0.2551292,0.93043804,1.0186048,0.9007033,0.09280326,0.45979702,1.0620517,0.96199,0.1334126,0.41848785,0.6707001,0.8128262,0.11379126,-0.16463774,0.659461,0.32423326,-0.41838935,-0.59538,0.0020752505,815.5311,816.337,1012.96704,758.315,670.07324,0.05865478515625,-0.01947021484375,0.99615478515625,3.768310546875,-2.863616943359375,0.01495361328125,1.0,2.0,1.0,4.0,2.0,95.0,event
11:26:14.484,1.043139,0.2551292,0.93043804,1.0186048,0.9007033,0.09280326,0.45979702,1.0620517,0.96199,0.1334126,0.41848785,0.6707001,0.8128262,0.11379126,-0.16463774,0.659461,0.32423326,-0.41838935,-0.59538,0.0020752505,938.4249,809.4872,889.67035,776.04395,791.3553,0.05865478515625,-0.01947021484375,0.99615478515625,3.768310546875,-2.863616943359375,0.01495361328125,1.0,2.0,1.0,4.0,2.0,95.0,event
11:26:14.507,1.043139,0.2551292,0.93043804,1.0186048,0.9007033,0.09280326,0.45979702,1.0620517,0.96199,0.1334126,0.41848785,0.6707001,0.8128262,0.11379126,-0.16463774,0.659461,0.32423326,-0.41838935,-0.59538,0.0020752505,813.91943,813.91943,695.4579,772.01465,773.6264,0.04901123046875,-0.02545166015625,0.98699951171875,1.4654541015625,-3.162689208984375,0.70281982421875,1.0,2.0,1.0,4.0,2.0,95.0,event
11:26:14.508,1.043139,0.2551292,0.93043804,1.0186048,0.9007033,0.09280326,0.45979702,1.0620517,0.96199,0.1334126,0.41848785,0.6707001,0.8128262,0.11379126,-0.16463774,0.659461,0.32423326,-0.41838935,-0.59538,0.0020752505,641.06226,815.12823,817.9487,756.7033,715.6044,0.04901123046875,-0.02545166015625,0.98699951171875,1.4654541015625,-3.162689208984375,0.70281982421875,1.0,2.0,1.0,4.0,2.0,95.0,event
11:26:14.509,1.043139,0.2551292,0.93043804,1.0186048,0.9007033,0.09280326,0.45979702,1.0620517,0.96199,0.1334126,0.41848785,0.6707001,0.8128262,0.11379126,-0.16463774,0.659461,0.32423326,-0.41838935,-0.59538,0.0020752505,650.32965,811.50183,978.71796,775.64105,763.1502,0.04901123046875,-0.02545166015625,0.98699951171875,1.4654541015625,-3.162689208984375,0.70281982421875,1.0,2.0,1.0,4.0,2.0,95.0,event
11:26:14.510,1.043139,0.2551292,0.93043804,1.0186048,0.9007033,0.09280326,0.45979702,1.0620517,0.96199,0.1334126,0.41848785,0.6707001,0.8128262,0.11379126,-0.16463774,0.659461,0.32423326,-0.41838935,-0.59538,0.0020752505,832.4542,816.337,884.43225,801.4286,811.0989,0.04901123046875,-0.02545166015625,0.98699951171875,1.4654541015625,-3.162689208984375,0.70281982421875,1.0,2.0,1.0,4.0,2.0,95.0,event
11:26:14.511,1.043139,0.2551292,0.93043804,1.0186048,0.9007033,0.09280326,0.45979702,1.0620517,0.96199,0.1334126,0.41848785,0.6707001,0.8128262,0.11379126,-0.16463774,0.659461,0.32423326,-0.41838935,-0.59538,0.0020752505,975.89746,815.12823,881.2088,810.293,840.5128,0.04901123046875,-0.02545166015625,0.98699951171875,1.4654541015625,-3.162689208984375,0.70281982421875,1.0,2.0,1.0,4.0,2.0,95.0,event
11:26:14.512,1.043139,0.2551292,0.93043804,1.0186048,0.9007033,0.09280326,0.45979702,1.0620517,0.96199,0.1334126,0.41848785,0.6707001,0.8128262,0.11379126,-0.16463774,0.659461,0.32423326,-0.41838935,-0.59538,0.0020752505,858.24176,809.89014,711.1722,796.99634,807.8755,0.04901123046875,-0.02545166015625,0.98699951171875,1.4654541015625,-3.162689208984375,0.70281982421875,1.0,2.0,1.0,4.0,2.0,95.0,event
11:26:14.512,1.043139,0.2551292,0.93043804,1.0186048,0.9007033,0.09280326,0.45979702,1.0620517,0.96199,0.1334126,0.41848785,0.6707001,0.8128262,0.11379126,-0.16463774,0.659461,0.32423326,-0.41838935,-0.59538,0.0020752505,659.59705,814.3223,555.2381,780.07324,790.54944,0.04901123046875,-0.02545166015625,0.98699951171875,1.4654541015625,-3.162689208984375,0.70281982421875,1.0,2.0,1.0,4.0,2.0,95.0,event
11:26:14.513,1.043139,0.2551292,0.93043804,1.0186048,0.9007033,0.09280326,0.45979702,1.0620517,0.96199,0.1334126,0.41848785,0.6707001,0.8128262,0.11379126,-0.16463774,0.659461,0.32423326,-0.41838935,-0.59538,0.0020752505,637.8388,809.0842,361.02563,789.34064,1002.49084,0.04901123046875,-0.02545166015625,0.98699951171875,1.4654541015625,-3.162689208984375,0.70281982421875,1.0,2.0,1.0,4.0,2.0,95.0,event
11:26:14.514,1.043139,0.2551292,0.93043804,1.0186048,0.9007033,0.09280326,0.45979702,1.0620517,0.96199,0.1334126,0.41848785,0.6707001,0.8128262,0.11379126,-0.16463774,0.659461,0.32423326,-0.41838935,-0.59538,0.0020752505,801.02563,810.696,382.38095,808.68134,1033.1135,0.04901123046875,-0.02545166015625,0.98699951171875,1.4654541015625,-3.162689208984375,0.70281982421875,1.0,2.0,1.0,4.0,2.0,95.0,event
11:26:14.515,1.043139,0.2551292,0.93043804,1.0186048,0.9007033,0.09280326,0.45979702,1.0620517,0.96199,0.1334126,0.41848785,0.6707001,0.8128262,0.11379126,-0.16463774,0.659461,0.32423326,-0.41838935,-0.59538,0.0020752505,981.9414,813.5165,930.7692,807.47253,765.16486,0.04901123046875,-0.02545166015625,0.98699951171875,1.4654541015625,-3.162689208984375,0.70281982421875,1.0,2.0,1.0,4.0,2.0,95.0,event
11:26:14.516,1.043139,0.2551292,0.93043804,1.0186048,0.9007033,0.09280326,0.45979702,1.0620517,0.96199,0.1334126,0.41848785,0.6707001,0.8128262,0.11379126,-0.16463774,0.659461,0.32423326,-0.41838935,-0.59538,0.0020752505,692.23444,806.6667,429.5238,777.6557,912.23444,0.04901123046875,-0.02545166015625,0.98699951171875,1.4654541015625,-3.162689208984375,0.70281982421875,1.0,2.0,1.0,4.0,2.0,95.0,event
11:26:14.516,1.043139,0.2551292,0.93043804,1.0186048,0.9007033,0.09280326,0.45979702,1.0620517,0.96199,0.1334126,0.41848785,0.6707001,0.8128262,0.11379126,-0.16463774,0.659461,0.32423326,-0.41838935,-0.59538,0.0020752505,910.6227,806.6667,967.4359,788.5348,730.5128,0.04901123046875,-0.02545166015625,0.98699951171875,1.4654541015625,-3.162689208984375,0.70281982421875,1.0,2.0,1.0,4.0,2.0,95.0,event
11:26:14.539,1.043139,0.2551292,0.93043804,1.0186048,0.9007033,0.09280326,0.45979702,1.0620517,0.96199,0.1334126,0.41848785,0.6707001,0.8128262,0.11379126,-0.16463774,0.659461,0.32423326,-0.41838935,-0.59538,0.0020752505,646.30035,808.68134,465.3846,789.34064,943.663,0.051513671875,-0.02685546875,0.992919921875,2.026214599609375,-6.44500732421875,0.844879150390625,1.0,2.0,1.0,4.0,2.0,95.0,event
11:26:14.540,1.043139,0.2551292,0.93043804,1.0186048,0.9007033,0.09280326,0.45979702,1.0620517,0.96199,0.1334126,0.41848785,0.6707001,0.8128262,0.11379126,-0.16463774,0.659461,0.32423326,-0.41838935,-0.59538,0.0020752505,811.0989,809.89014,1058.9011,809.89014,779.2674,0.051513671875,-0.02685546875,0.992919921875,2.026214599609375,-6.44500732421875,0.844879150390625,1.0,2.0,1.0,4.0,2.0,95.0,event
11:26:14.541,1.043139,0.2551292,0.93043804,1.0186048,0.9007033,0.09280326,0.45979702,1.0620517,0.96199,0.1334126,0.41848785,0.6707001,0.8128262,0.11379126,-0.16463774,0.659461,0.32423326,-0.41838935,-0.59538,0.0020752505,977.9121,805.05493,980.7326,819.15753,787.326,0.051513671875,-0.02685546875,0.992919921875,2.026214599609375,-6.44500732421875,0.844879150390625,1.0,2.0,1.0,4.0,2.0,95.0,event
11:26:14.542,1.043139,0.2551292,0.93043804,1.0186048,0.9007033,0.09280326,0.45979702,1.0620517,0.96199,0.1334126,0.41848785,0.6707001,0.8128262,0.11379126,-0.16463774,0.659461,0.32423326,-0.41838935,-0.59538,0.0020752505,914.65204,799.011,731.7216,805.05493,785.31134,0.051513671875,-0.02685546875,0.992919921875,2.026214599609375,-6.44500732421875,0.844879150390625,1.0,2.0,1.0,4.0,2.0,95.0,event
11:26:14.547,1.043139,0.2551292,0.93043804,1.0186048,0.9007033,0.09280326,0.45979702,1.0620517,0.96199,0.1334126,0.41848785,0.6707001,0.8128262,0.11379126,-0.16463774,0.659461,0.32423326,-0.41838935,-0.59538,0.0020752505,695.05493,794.57874,726.8865,784.10254,727.6923,0.051513671875,-0.02685546875,0.992919921875,2.026214599609375,-6.44500732421875,0.844879150390625,1.0,2.0,1.0,4.0,2.0,95.0,event
11:26:14.548,1.043139,0.2551292,0.93043804,1.0186048,0.9007033,0.09280326,0.45979702,1.0620517,0.96199,0.1334126,0.41848785,0.6707001,0.8128262,0.11379126,-0.16463774,0.659461,0.32423326,-0.41838935,-0.59538,0.0020752505,622.1245,800.2198,718.8278,783.69965,740.989,0.051513671875,-0.02685546875,0.992919921875,2.026214599609375,-6.44500732421875,0.844879150390625,1.0,2.0,1.0,4.0,2.0,95.0,event
11:26:14.548,1.043139,0.2551292,0.93043804,1.0186048,0.9007033,0.09280326,0.45979702,1.0620517,0.96199,0.1334126,0.41848785,0.6707001,0.8128262,0.11379126,-0.16463774,0.659461,0.32423326,-0.41838935,-0.59538,0.0020752505,755.4945,802.6374,559.2674,799.41394,785.7143,0.051513671875,-0.02685546875,0.992919921875,2.026214599609375,-6.44500732421875,0.844879150390625,1.0,2.0,1.0,4.0,2.0,95.0,event
11:26:14.549,1.043139,0.2551292,0.93043804,1.0186048,0.9007033,0.09280326,0.45979702,1.0620517,0.96199,0.1334126,0.41848785,0.6707001,0.8128262,0.11379126,-0.16463774,0.659461,0.32423326,-0.41838935,-0.59538,0.0020752505,947.28937,799.011,523.8095,815.5311,841.31866,0.051513671875,-0.02685546875,0.992919921875,2.026214599609375,-6.44500732421875,0.844879150390625,1.0,2.0,1.0,4.0,2.0,95.0,event
11:26:14.550,1.043139,0.2551292,0.93043804,1.0186048,0.9007033,0.09280326,0.45979702,1.0620517,0.96199,0.1334126,0.41848785,0.6707001,0.8128262,0.11379126,-0.16463774,0.659461,0.32423326,-0.41838935,-0.59538,0.0020752505,935.6044,801.8315,823.5897,803.44324,796.1905,0.051513671875,-0.02685546875,0.992919921875,2.026214599609375,-6.44500732421875,0.844879150390625,1.0,2.0,1.0,4.0,2.0,95.0,event
11:26:14.551,1.043139,0.2551292,0.93043804,1.0186048,0.9007033,0.09280326,0.45979702,1.0620517,0.96199,0.1334126,0.41848785,0.6707001,0.8128262,0.11379126,-0.16463774,0.659461,0.32423326,-0.41838935,-0.59538,0.0020752505,734.94507,801.02563,815.12823,791.3553,774.83514,0.051513671875,-0.02685546875,0.992919921875,2.026214599609375,-6.44500732421875,0.844879150390625,1.0,2.0,1.0,4.0,2.0,95.0,event
11:26:14.552,1.043139,0.2551292,0.93043804,1.0186048,0.9007033,0.09280326,0.45979702,1.0620517,0.96199,0.1334126,0.41848785,0.6707001,0.8128262,0.11379126,-0.16463774,0.659461,0.32423326,-0.41838935,-0.59538,0.0020752505,750.65936,798.60803,323.5531,795.38464,970.2564,0.051513671875,-0.02685546875,0.992919921875,2.026214599609375,-6.44500732421875,0.844879150390625,1.0,2.0,1.0,4.0,2.0,95.0,event
11:26:14.552,1.043139,0.2551292,0.93043804,1.0186048,0.9007033,0.09280326,0.45979702,1.0620517,0.96199,0.1334126,0.41848785,0.6707001,0.8128262,0.11379126,-0.16463774,0.659461,0.32423326,-0.41838935,-0.59538,0.0020752505,645.4945,800.2198,506.0806,792.1612,866.30035,0.051513671875,-0.02685546875,0.992919921875,2.026214599609375,-6.44500732421875,0.844879150390625,1.0,2.0,1.0,4.0,2.0,95.0,event
11:26:14.575,1.043139,0.2551292,0.93043804,1.0186048,0.9007033,0.09280326,0.45979702,1.0620517,0.96199,0.1334126,0.41848785,0.6707001,0.8128262,0.11379126,-0.16463774,0.659461,0.32423326,-0.41838935,-0.59538,0.0020752505,943.2601,799.41394,752.27106,812.3077,807.47253,0.06414794921875,-0.02093505859375,0.982177734375,2.474822998046875,-5.09918212890625,0.067291259765625,1.0,2.0,1.0,4.0,2.0,95.0,event
11:26:14.576,1.043139,0.2551292,0.93043804,1.0186048,0.9007033,0.09280326,0.45979702,1.0620517,0.96199,0.1334126,0.41848785,0.6707001,0.8128262,0.11379126,-0.16463774,0.659461,0.32423326,-0.41838935,-0.59538,0.0020752505,958.1685,794.57874,1029.8901,801.02563,701.9048,0.06414794921875,-0.02093505859375,0.982177734375,2.474822998046875,-5.09918212890625,0.067291259765625,1.0,2.0,1.0,4.0,2.0,95.0,event
11:26:14.577,1.043139,0.2551292,0.93043804,1.0186048,0.9007033,0.09280326,0.45979702,1.0620517,0.96199,0.1334126,0.41848785,0.6707001,0.8128262,0.11379126,-0.16463774,0.659461,0.32423326,-0.41838935,-0.59538,0.0020752505,753.47986,795.78754,700.696,782.0879,765.56775,0.06414794921875,-0.02093505859375,0.982177734375,2.474822998046875,-5.09918212890625,0.067291259765625,1.0,2.0,1.0,4.0,2.0,95.0,event
11:26:14.578,1.043139,0.2551292,0.93043804,1.0186048,0.9007033,0.09280326,0.45979702,1.0620517,0.96199,0.1334126,0.41848785,0.6707001,0.8128262,0.11379126,-0.16463774,0.659461,0.32423326,-0.41838935,-0.59538,0.0020752505,640.2564,804.65204,730.10986,796.99634,747.4359,0.06414794921875,-0.02093505859375,0.982177734375,2.474822998046875,-5.09918212890625,0.067291259765625,1.0,2.0,1.0,4.0,2.0,95.0,event
11:26:14.578,1.043139,0.2551292,0.93043804,1.0186048,0.9007033,0.09280326,0.45979702,1.0620517,0.96199,0.1334126,0.41848785,0.6707001,0.8128262,0.11379126,-0.16463774,0.659461,0.32423326,-0.41838935,-0.59538,0.0020752505,743.00366,802.6374,948.49817,809.0842,731.7216,0.06414794921875,-0.02093505859375,0.982177734375,2.474822998046875,-5.09918212890625,0.067291259765625,1.0,2.0,1.0,4.0,2.0,95.0,event
11:26:14.579,1.043139,0.2551292,0.93043804,1.0186048,0.9007033,0.09280326,0.45979702,1.0620517,0.96199,0.1334126,0.41848785,0.6707001,0.8128262,0.11379126,-0.16463774,0.659461,0.32423326,-0.41838935,-0.59538,0.0020752505,942.0513,800.2198,893.2967,821.978,800.6227,0.06414794921875,-0.02093505859375,0.982177734375,2.474822998046875,-5.09918212890625,0.067291259765625,1.0,2.0,1.0,4.0,2.0,95.0,event
11:26:14.580,1.043139,0.2551292,0.93043804,1.0186048,0.9007033,0.09280326,0.45979702,1.0620517,0.96199,0.1334126,0.41848785,0.6707001,0.8128262,0.11379126,-0.16463774,0.659461,0.32423326,-0.41838935,-0.59538,0.0020752505,980.32965,795.38464,454.90842,815.12823,983.95605,0.06414794921875,-0.02093505859375,0.982177734375,2.474822998046875,-5.09918212890625,0.067291259765625,1.0,2.0,1.0,4.0,2.0,95.0,event
11:26:14.581,1.043139,0.2551292,0.93043804,1.0186048,0.9007033,0.09280326,0.45979702,1.0620517,0.96199,0.1334126,0.41848785,0.6707001,0.8128262,0.11379126,-0.16463774,0.659461,0.32423326,-0.41838935,-0.59538,0.0020752505,782.8938,792.96704,209.12088,790.14655,977.50916,0.06414794921875,-0.02093505859375,0.982177734375,2.474822998046875,-5.09918212890625,0.067291259765625,1.0,2.0,1.0,4.0,2.0,95.0,event
11:26:14.582,1.043139,0.2551292,0.93043804,1.0186048,0.9007033,0.09280326,0.45979702,1.0620517,0.96199,0.1334126,0.41848785,0.6707001,0.8128262,0.11379126,-0.16463774,0.659461,0.32423326,-0.41838935,-0.59538,0.0020752505,710.7692,794.9817,934.3956,807.8755,674.5055,0.06414794921875,-0.02093505859375,0.982177734375,2.474822998046875,-5.09918212890625,0.067291259765625,1.0,2.0,1.0,4.0,2.0,95.0,event
11:26:14.582,1.043139,0.2551292,0.93043804,1.0186048,0.9007033,0.09280326,0.45979702,1.0620517,0.96199,0.1334126,0.41848785,0.6707001,0.8128262,0.11379126,-0.16463774,0.659461,0.32423326,-0.41838935,-0.59538,0.0020752505,652.3443,798.20514,750.2564,801.8315,722.8571,0.06414794921875,-0.02093505859375,0.982177734375,2.474822998046875,-5.09918212890625,0.067291259765625,1.0,2.0,1.0,4.0,2.0,95.0,event
11:26:14.583,1.043139,0.2551292,0.93043804,1.0186048,0.9007033,0.09280326,0.45979702,1.0620517,0.96199,0.1334126,0.41848785,0.6707001,0.8128262,0.11379126,-0.16463774,0.659461,0.32423326,-0.41838935,-0.59538,0.0020752505,908.60803,796.5934,870.32965,816.7399,757.9121,0.06414794921875,-0.02093505859375,0.982177734375,2.474822998046875,-5.09918212890625,0.067291259765625,1.0,2.0,1.0,4.0,2.0,95.0,event
11:26:14.584,1.043139,0.2551292,0.93043804,1.0186048,0.9007033,0.09280326,0.45979702,1.0620517,0.96199,0.1334126,0.41848785,0.6707001,0.8128262,0.11379126,-0.16463774,0.659461,0.32423326,-0.41838935,-0.59538,0.0020752505,989.59705,794.17584,946.4835,838.0952,754.2857,0.06414794921875,-0.02093505859375,0.982177734375,2.474822998046875,-5.09918212890625,0.067291259765625,1.0,2.0,1.0,4.0,2.0,95.0,event
11:26:14.639,1.043139,0.2551292,0.93043804,1.0186048,0.9007033,0.09280326,0.45979702,1.0620517,0.96199,0.1334126,0.41848785,0.6707001,0.8128262,0.11379126,-0.16463774,0.659461,0.32423326,-0.41838935,-0.59538,0.0020752505,815.5311,794.9817,828.8278,818.7546,759.12085,0.05889892578125,-0.0189208984375,0.9930419921875,2.205657958984375,-3.641204833984375,2.265472412109375,1.0,2.0,1.0,4.0,2.0,95.0,event
11:26:14.641,1.043139,0.2551292,0.93043804,1.0186048,0.9007033,0.09280326,0.45979702,1.0620517,0.96199,0.1334126,0.41848785,0.6707001,0.8128262,0.11379126,-0.16463774,0.659461,0.32423326,-0.41838935,-0.59538,0.0020752505,650.7326,805.05493,614.4689,785.31134,784.90845,0.05889892578125,-0.0189208984375,0.9930419921875,2.205657958984375,-3.641204833984375,2.265472412109375,1.0,2.0,1.0,4.0,2.0,95.0,event
11:26:14.641,1.043139,0.2551292,0.93043804,1.0186048,0.9007033,0.09280326,0.45979702,1.0620517,0.96199,0.1334126,0.41848785,0.6707001,0.8128262,0.11379126,-0.16463774,0.659461,0.32423326,-0.41838935,-0.59538,0.0020752505,672.8938,803.8461,595.12823,790.9524,807.0696,0.05889892578125,-0.0189208984375,0.9930419921875,2.205657958984375,-3.641204833984375,2.265472412109375,1.0,2.0,1.0,4.0,2.0,95.0,event
11:26:14.642,1.043139,0.2551292,0.93043804,1.0186048,0.9007033,0.09280326,0.45979702,1.0620517,0.96199,0.1334126,0.41848785,0.6707001,0.8128262,0.11379126,-0.16463774,0.659461,0.32423326,-0.41838935,-0.59538,0.0020752505,865.4945,802.23444,887.6557,804.65204,810.293,0.05889892578125,-0.0189208984375,0.9930419921875,2.205657958984375,-3.641204833984375,2.265472412109375,1.0,2.0,1.0,4.0,2.0,95.0,event
11:26:14.643,1.043139,0.2551292,0.93043804,1.0186048,0.9007033,0.09280326,0.45979702,1.0620517,0.96199,0.1334126,0.41848785,0.6707001,0.8128262,0.11379126,-0.16463774,0.659461,0.32423326,-0.41838935,-0.59538,0.0020752505,986.77655,807.0696,1054.4689,801.8315,776.4469,0.05889892578125,-0.0189208984375,0.9930419921875,2.205657958984375,-3.641204833984375,2.265472412109375,1.0,2.0,1.0,4.0,2.0,95.0,event
11:26:14.644,1.043139,0.2551292,0.93043804,1.0186048,0.9007033,0.09280326,0.45979702,1.0620517,0.96199,0.1334126,0.41848785,0.6707001,0.8128262,0.11379126,-0.16463774,0.659461,0.32423326,-0.41838935,-0.59538,0.0020752505,848.97437,802.23444,697.8755,792.5641,849.7802,0.05889892578125,-0.0189208984375,0.9930419921875,2.205657958984375,-3.641204833984375,2.265472412109375,1.0,2.0,1.0,4.0,2.0,95.0,event
11:26:14.646,,,,,,,,,,,,,,,,,,,,,,,,,,,,,,,,,,,,,,blink
11:26:14.648,1.043139,0.2551292,0.93043804,1.0186048,0.9007033,0.09280326,0.45979702,1.0620517,0.96199,0.1334126,0.41848785,0.6707001,0.8128262,0.11379126,-0.16463774,0.659461,0.32423326,-0.41838935,-0.59538,0.0020752505,657.98535,797.3993,277.21613,813.91943,929.15753,0.05889892578125,-0.0189208984375,0.9930419921875,2.205657958984375,-3.641204833984375,2.265472412109375,1.0,2.0,1.0,4.0,2.0,95.0,event
11:26:14.649,1.043139,0.2551292,0.93043804,1.0186048,0.9007033,0.09280326,0.45979702,1.0620517,0.96199,0.1334126,0.41848785,0.6707001,0.8128262,0.11379126,-0.16463774,0.659461,0.32423326,-0.41838935,-0.59538,0.0020752505,686.99634,802.6374,594.7253,816.7399,801.02563,0.05889892578125,-0.0189208984375,0.9930419921875,2.205657958984375,-3.641204833984375,2.265472412109375,1.0,2.0,1.0,4.0,2.0,95.0,event
11:26:14.650,1.043139,0.2551292,0.93043804,1.0186048,0.9007033,0.09280326,0.45979702,1.0620517,0.96199,0.1334126,0.41848785,0.6707001,0.8128262,0.11379126,-0.16463774,0.659461,0.32423326,-0.41838935,-0.59538,0.0020752505,873.5531,805.4579,1087.5092,825.6044,700.293,0.05889892578125,-0.0189208984375,0.9930419921875,2.205657958984375,-3.641204833984375,2.265472412109375,1.0,2.0,1.0,4.0,2.0,95.0,event
11:26:14.650,1.043139,0.2551292,0.93043804,1.0186048,0.9007033,0.09280326,0.45979702,1.0620517,0.96199,0.1334126,0.41848785,0.6707001,0.8128262,0.11379126,-0.16463774,0.659461,0.32423326,-0.41838935,-0.59538,0.0020752505,991.6117,806.26373,845.34796,850.989,788.93774,0.05889892578125,-0.0189208984375,0.9930419921875,2.205657958984375,-3.641204833984375,2.265472412109375,1.0,2.0,1.0,4.0,2.0,95.0,event
11:26:14.651,1.043139,0.2551292,0.93043804,1.0186048,0.9007033,0.09280326,0.45979702,1.0620517,0.96199,0.1334126,0.41848785,0.6707001,0.8128262,0.11379126,-0.16463774,0.659461,0.32423326,-0.41838935,-0.59538,0.0020752505,865.09155,804.2491,467.39926,817.9487,862.27106,0.05889892578125,-0.0189208984375,0.9930419921875,2.205657958984375,-3.641204833984375,2.265472412109375,1.0,2.0,1.0,4.0,2.0,95.0,event
11:26:14.652,1.043139,0.2551292,0.93043804,1.0186048,0.9007033,0.09280326,0.45979702,1.0620517,0.96199,0.1334126,0.41848785,0.6707001,0.8128262,0.11379126,-0.16463774,0.659461,0.32423326,-0.41838935,-0.59538,0.0020752505,674.5055,806.26373,690.2198,812.3077,813.91943,0.05889892578125,-0.0189208984375,0.9930419921875,2.205657958984375,-3.641204833984375,2.265472412109375,1.0,2.0,1.0,4.0,2.0,95.0,event
11:26:14.674,1.043139,0.2551292,0.93043804,1.0186048,0.9007033,0.09280326,0.45979702,1.0620517,0.96199,0.1334126,0.41848785,0.6707001,0.8128262,0.11379126,-0.16463774,0.659461,0.32423326,-0.41838935,-0.59538,0.0020752505,684.17584,807.0696,978.71796,821.978,757.1062,0.05889892578125,-0.0189208984375,0.9930419921875,2.205657958984375,-3.641204833984375,2.265472412109375,1.0,2.0,1.0,4.0,2.0,95.0,event
11:26:14.675,1.043139,0.2551292,0.93043804,1.0186048,0.9007033,0.09280326,0.45979702,1.0620517,0.96199,0.1334126,0.41848785,0.6707001,0.8128262,0.11379126,-0.16463774,0.659461,0.32423326,-0.41838935,-0.59538,0.0020752505,846.1539,800.6227,843.73627,826.0073,806.26373,0.05889892578125,-0.0189208984375,0.9930419921875,2.205657958984375,-3.641204833984375,2.265472412109375,1.0,2.0,1.0,4.0,2.0,95.0,event
11:26:14.676,1.043139,0.2551292,0.93043804,1.0186048,0.9007033,0.09280326,0.45979702,1.0620517,0.96199,0.1334126,0.41848785,0.6707001,0.8128262,0.11379126,-0.16463774,0.659461,0.32423326,-0.41838935,-0.59538,0.0020752505,961.79486,798.60803,823.5897,840.9158,839.304,0.05889892578125,-0.0189208984375,0.9930419921875,2.205657958984375,-3.641204833984375,2.265472412109375,1.0,2.0,1.0,4.0,2.0,95.0,event
11:26:14.677,1.043139,0.2551292,0.93043804,1.0186048,0.9007033,0.09280326,0.45979702,1.0620517,0.96199,0.1334126,0.41848785,0.6707001,0.8128262,0.11379126,-0.16463774,0.659461,0.32423326,-0.41838935,-0.59538,0.0020752505,874.7619,795.78754,830.84247,826.4103,801.8315,0.05889892578125,-0.0189208984375,0.9930419921875,2.205657958984375,-3.641204833984375,2.265472412109375,1.0,2.0,1.0,4.0,2.0,95.0,event
11:26:14.677,1.043139,0.2551292,0.93043804,1.0186048,0.9007033,0.09280326,0.45979702,1.0620517,0.96199,0.1334126,0.41848785,0.6707001,0.8128262,0.11379126,-0.16463774,0.659461,0.32423326,-0.41838935,-0.59538,0.0020752505,682.96704,796.1905,666.8498,809.4872,776.8498,0.05889892578125,-0.0189208984375,0.9930419921875,2.205657958984375,-3.641204833984375,2.265472412109375,1.0,2.0,1.0,4.0,2.0,95.0,event
11:26:14.678,1.043139,0.2551292,0.93043804,1.0186048,0.9007033,0.09280326,0.45979702,1.0620517,0.96199,0.1334126,0.41848785,0.6707001,0.8128262,0.11379126,-0.16463774,0.659461,0.32423326,-0.41838935,-0.59538,0.0020752505,634.61536,801.02563,406.55676,814.3223,953.73627,0.05889892578125,-0.0189208984375,0.9930419921875,2.205657958984375,-3.641204833984375,2.265472412109375,1.0,2.0,1.0,4.0,2.0,95.0,event
11:26:14.679,1.043139,0.2551292,0.93043804,1.0186048,0.9007033,0.09280326,0.45979702,1.0620517,0.96199,0.1334126,0.41848785,0.6707001,0.8128262,0.11379126,-0.16463774,0.659461,0.32423326,-0.41838935,-0.59538,0.0020752505,798.60803,803.8461,363.04028,824.7985,1026.6666,0.05889892578125,-0.0189208984375,0.9930419921875,2.205657958984375,-3.641204833984375,2.265472412109375,1.0,2.0,1.0,4.0,2.0,95.0,event
11:26:14.680,1.043139,0.2551292,0.93043804,1.0186048,0.9007033,0.09280326,0.45979702,1.0620517,0.96199,0.1334126,0.41848785,0.6707001,0.8128262,0.11379126,-0.16463774,0.659461,0.32423326,-0.41838935,-0.59538,0.0020752505,994.83514,805.8608,837.6923,830.84247,741.79486,0.05889892578125,-0.0189208984375,0.9930419921875,2.205657958984375,-3.641204833984375,2.265472412109375,1.0,2.0,1.0,4.0,2.0,95.0,event
11:26:14.680,1.043139,0.2551292,0.93043804,1.0186048,0.9007033,0.09280326,0.45979702,1.0620517,0.96199,0.1334126,0.41848785,0.6707001,0.8128262,0.11379126,-0.16463774,0.659461,0.32423326,-0.41838935,-0.59538,0.0020752505,940.84247,804.2491,961.79486,814.3223,669.2674,0.05889892578125,-0.0189208984375,0.9930419921875,2.205657958984375,-3.641204833984375,2.265472412109375,1.0,2.0,1.0,4.0,2.0,95.0,event
11:26:14.681,1.043139,0.2551292,0.93043804,1.0186048,0.9007033,0.09280326,0.45979702,1.0620517,0.96199,0.1334126,0.41848785,0.6707001,0.8128262,0.11379126,-0.16463774,0.659461,0.32423326,-0.41838935,-0.59538,0.0020752505,707.1429,800.6227,409.7802,806.26373,867.1062,0.05889892578125,-0.0189208984375,0.9930419921875,2.205657958984375,-3.641204833984375,2.265472412109375,1.0,2.0,1.0,4.0,2.0,95.0,event
11:26:14.682,1.043139,0.2551292,0.93043804,1.0186048,0.9007033,0.09280326,0.45979702,1.0620517,0.96199,0.1334126,0.41848785,0.6707001,0.8128262,0.11379126,-0.16463774,0.659461,0.32423326,-0.41838935,-0.59538,0.0020752505,640.65936,800.6227,232.0879,814.7253,892.8938,0.05889892578125,-0.0189208984375,0.9930419921875,2.205657958984375,-3.641204833984375,2.265472412109375,1.0,2.0,1.0,4.0,2.0,95.0,event
11:26:14.683,1.043139,0.2551292,0.93043804,1.0186048,0.9007033,0.09280326,0.45979702,1.0620517,0.96199,0.1334126,0.41848785,0.6707001,0.8128262,0.11379126,-0.16463774,0.659461,0.32423326,-0.41838935,-0.59538,0.0020752505,790.14655,809.4872,906.5934,822.7839,690.6227,0.05889892578125,-0.0189208984375,0.9930419921875,2.205657958984375,-3.641204833984375,2.265472412109375,1.0,2.0,1.0,4.0,2.0,95.0,event
11:26:14.740,1.043139,0.2551292,0.93043804,1.0186048,0.9007033,0.09280326,0.45979702,1.0620517,0.96199,0.1334126,0.41848785,0.6707001,0.8128262,0.11379126,-0.16463774,0.659461,0.32423326,-0.41838935,-0.59538,0.0020752505,961.39197,801.02563,998.46155,823.9927,721.6484,0.06268310546875,-0.0220947265625,0.981689453125,1.742095947265625,-3.5589599609375,1.996307373046875,1.0,2.0,1.0,4.0,2.0,95.0,event
11:26:14.742,1.043139,0.2551292,0.93043804,1.0186048,0.9007033,0.09280326,0.45979702,1.0620517,0.96199,0.1334126,0.41848785,0.6707001,0.8128262,0.11379126,-0.16463774,0.659461,0.32423326,-0.41838935,-0.59538,0.0020752505,930.7692,793.7729,793.7729,816.7399,801.4286,0.06268310546875,-0.0220947265625,0.981689453125,1.742095947265625,-3.5589599609375,1.996307373046875,1.0,2.0,1.0,4.0,2.0,95.0,event
11:26:14.743,1.043139,0.2551292,0.93043804,1.0186048,0.9007033,0.09280326,0.45979702,1.0620517,0.96199,0.1334126,0.41848785,0.6707001,0.8128262,0.11379126,-0.16463774,0.659461,0.32423326,-0.41838935,-0.59538,0.0020752505,727.28937,803.44324,842.52747,808.68134,797.3993,0.06268310546875,-0.0220947265625,0.981689453125,1.742095947265625,-3.5589599609375,1.996307373046875,1.0,2.0,1.0,4.0,2.0,95.0,event
11:26:14.744,1.043139,0.2551292,0.93043804,1.0186048,0.9007033,0.09280326,0.45979702,1.0620517,0.96199,0.1334126,0.41848785,0.6707001,0.8128262,0.11379126,-0.16463774,0.659461,0.32423326,-0.41838935,-0.59538,0.0020752505,643.47986,807.8755,965.82416,813.1135,763.1502,0.06268310546875,-0.0220947265625,0.981689453125,1.742095947265625,-3.5589599609375,1.996307373046875,1.0,2.0,1.0,4.0,2.0,95.0,event
11:26:14.745,1.043139,0.2551292,0.93043804,1.0186048,0.9007033,0.09280326,0.45979702,1.0620517,0.96199,0.1334126,0.41848785,0.6707001,0.8128262,0.11379126,-0.16463774,0.659461,0.32423326,-0.41838935,-0.59538,0.0020752505,753.8828,806.6667,942.0513,834.0659,828.022,0.06268310546875,-0.0220947265625,0.981689453125,1.742095947265625,-3.5589599609375,1.996307373046875,1.0,2.0,1.0,4.0,2.0,95.0,event
11:26:14.746,1.043139,0.2551292,0.93043804,1.0186048,0.9007033,0.09280326,0.45979702,1.0620517,0.96199,0.1334126,0.41848785,0.6707001,0.8128262,0.11379126,-0.16463774,0.659461,0.32423326,-0.41838935,-0.59538,0.0020752505,936.4103,803.44324,696.6667,853.00366,938.4249,0.06268310546875,-0.0220947265625,0.981689453125,1.742095947265625,-3.5589599609375,1.996307373046875,1.0,2.0,1.0,4.0,2.0,95.0,event
11:26:14.747,1.043139,0.2551292,0.93043804,1.0186048,0.9007033,0.09280326,0.45979702,1.0620517,0.96199,0.1334126,0.41848785,0.6707001,0.8128262,0.11379126,-0.16463774,0.659461,0.32423326,-0.41838935,-0.59538,0.0020752505,953.3333,803.44324,602.7839,834.0659,882.4176,0.06268310546875,-0.0220947265625,0.981689453125,1.742095947265625,-3.5589599609375,1.996307373046875,1.0,2.0,1.0,4.0,2.0,95.0,event
11:26:14.748,1.043139,0.2551292,0.93043804,1.0186048,0.9007033,0.09280326,0.45979702,1.0620517,0.96199,0.1334126,0.41848785,0.6707001,0.8128262,0.11379126,-0.16463774,0.659461,0.32423326,-0.41838935,-0.59538,0.0020752505,757.9121,804.2491,589.89014,815.5311,760.32965,0.06268310546875,-0.0220947265625,0.981689453125,1.742095947265625,-3.5589599609375,1.996307373046875,1.0,2.0,1.0,2.0,2.0,95.0,event
11:26:14.753,1.043139,0.2551292,0.93043804,1.0186048,0.9007033,0.09280326,0.45979702,1.0620517,0.96199,0.1334126,0.41848785,0.6707001,0.8128262,0.11379126,-0.16463774,0.659461,0.32423326,-0.41838935,-0.59538,0.0020752505,641.06226,801.02563,562.0879,820.3663,813.5165,0.06268310546875,-0.0220947265625,0.981689453125,1.742095947265625,-3.5589599609375,1.996307373046875,1.0,2.0,1.0,2.0,2.0,95.0,event
11:26:14.754,1.043139,0.2551292,0.93043804,1.0186048,0.9007033,0.09280326,0.45979702,1.0620517,0.96199,0.1334126,0.41848785,0.6707001,0.8128262,0.11379126,-0.16463774,0.659461,0.32423326,-0.41838935,-0.59538,0.0020752505,721.2454,799.41394,271.17215,828.8278,1046.0073,0.06268310546875,-0.0220947265625,0.981689453125,1.742095947265625,-3.5589599609375,1.996307373046875,1.0,2.0,1.0,2.0,2.0,95.0,event
11:26:14.755,1.043139,0.2551292,0.93043804,1.0186048,0.9007033,0.09280326,0.45979702,1.0620517,0.96199,0.1334126,0.41848785,0.6707001,0.8128262,0.11379126,-0.16463774,0.659461,0.32423326,-0.41838935,-0.59538,0.0020752505,924.3223,805.8608,556.8498,835.2747,923.5165,0.06268310546875,-0.0220947265625,0.981689453125,1.742095947265625,-3.5589599609375,1.996307373046875,1.0,2.0,1.0,2.0,2.0,95.0,event
11:26:14.757,1.043139,0.2551292,0.93043804,1.0186048,0.9007033,0.09280326,0.45979702,1.0620517,0.96199,0.1334126,0.41848785,0.6707001,0.8128262,0.11379126,-0.16463774,0.659461,0.32423326,-0.41838935,-0.59538,0.0020752505,987.1795,811.0989,1020.6227,840.9158,728.0952,0.06268310546875,-0.0220947265625,0.981689453125,1.742095947265625,-3.5589599609375,1.996307373046875,1.0,2.0,1.0,2.0,2.0,95.0,event
11:26:14.779,1.043139,0.2551292,0.93043804,1.0186048,0.9007033,0.09280326,0.45979702,1.0620517,0.96199,0.1334126,0.41848785,0.6707001,0.8128262,0.11379126,-0.16463774,0.659461,0.32423326,-0.41838935,-0.59538,0.0020752505,789.7436,807.47253,755.09155,826.4103,784.10254,0.04302978515625,-0.03179931640625,0.9896240234375,1.5252685546875,-1.607513427734375,1.577606201171875,1.0,2.0,1.0,2.0,2.0,95.0,event
11:26:14.783,1.043139,0.2551292,0.93043804,1.0186048,0.9007033,0.09280326,0.45979702,1.0620517,0.96199,0.1334126,0.41848785,0.6707001,0.8128262,0.11379126,-0.16463774,0.659461,0.32423326,-0.41838935,-0.59538,0.0020752505,644.68866,803.0403,734.1392,811.9048,769.59705,0.04302978515625,-0.03179931640625,0.9896240234375,1.5252685546875,-1.607513427734375,1.577606201171875,1.0,2.0,1.0,2.0,2.0,95.0,event
11:26:14.785,1.043139,0.2551292,0.93043804,1.0186048,0.9007033,0.09280326,0.45979702,1.0620517,0.96199,0.1334126,0.41848785,0.6707001,0.8128262,0.11379126,-0.16463774,0.659461,0.32423326,-0.41838935,-0.59538,0.0020752505,718.8278,804.65204,951.31866,820.3663,693.44324,0.04302978515625,-0.03179931640625,0.9896240234375,1.5252685546875,-1.607513427734375,1.577606201171875,1.0,2.0,1.0,2.0,2.0,95.0,event
11:26:14.787,1.043139,0.2551292,0.93043804,1.0186048,0.9007033,0.09280326,0.45979702,1.0620517,0.96199,0.1334126,0.41848785,0.6707001,0.8128262,0.11379126,-0.16463774,0.659461,0.32423326,-0.41838935,-0.59538,0.0020752505,916.26373,801.4286,985.16486,841.7216,660.40295,0.04302978515625,-0.03179931640625,0.9896240234375,1.5252685546875,-1.607513427734375,1.577606201171875,1.0,2.0,1.0,2.0,2.0,95.0,event
11:26:14.788,1.043139,0.2551292,0.93043804,1.0186048,0.9007033,0.09280326,0.45979702,1.0620517,0.96199,0.1334126,0.41848785,0.6707001,0.8128262,0.11379126,-0.16463774,0.659461,0.32423326,-0.41838935,-0.59538,0.0020752505,980.7326,803.8461,818.3516,847.3626,756.30035,0.04302978515625,-0.03179931640625,0.9896240234375,1.5252685546875,-1.607513427734375,1.577606201171875,1.0,2.0,1.0,2.0,2.0,95.0,event
11:26:14.789,1.043139,0.2551292,0.93043804,1.0186048,0.9007033,0.09280326,0.45979702,1.0620517,0.96199,0.1334126,0.41848785,0.6707001,0.8128262,0.11379126,-0.16463774,0.659461,0.32423326,-0.41838935,-0.59538,0.0020752505,803.8461,809.0842,589.89014,832.4542,833.2601,0.04302978515625,-0.03179931640625,0.9896240234375,1.5252685546875,-1.607513427734375,1.577606201171875,1.0,2.0,1.0,2.0,2.0,95.0,event
11:26:14.790,1.043139,0.2551292,0.93043804,1.0186048,0.9007033,0.09280326,0.45979702,1.0620517,0.96199,0.1334126,0.41848785,0.6707001,0.8128262,0.11379126,-0.16463774,0.659461,0.32423326,-0.41838935,-0.59538,0.0020752505,651.53845,810.696,539.92676,829.2308,869.5238,0.04302978515625,-0.03179931640625,0.9896240234375,1.5252685546875,-1.607513427734375,1.577606201171875,1.0,2.0,1.0,2.0,2.0,95.0,event
11:26:14.791,1.043139,0.2551292,0.93043804,1.0186048,0.9007033,0.09280326,0.45979702,1.0620517,0.96199,0.1334126,0.41848785,0.6707001,0.8128262,0.11379126,-0.16463774,0.659461,0.32423326,-0.41838935,-0.59538,0.0020752505,699.89014,809.89014,775.2381,830.0366,745.82416,0.04302978515625,-0.03179931640625,0.9896240234375,1.5252685546875,-1.607513427734375,1.577606201171875,1.0,2.0,1.0,2.0,2.0,95.0,event
11:26:14.791,1.043139,0.2551292,0.93043804,1.0186048,0.9007033,0.09280326,0.45979702,1.0620517,0.96199,0.1334126,0.41848785,0.6707001,0.8128262,0.11379126,-0.16463774,0.659461,0.32423326,-0.41838935,-0.59538,0.0020752505,871.53845,803.8461,547.98535,840.10986,801.02563,0.04302978515625,-0.03179931640625,0.9896240234375,1.5252685546875,-1.607513427734375,1.577606201171875,1.0,2.0,1.0,2.0,2.0,95.0,event
11:26:14.792,1.043139,0.2551292,0.93043804,1.0186048,0.9007033,0.09280326,0.45979702,1.0620517,0.96199,0.1334126,0.41848785,0.6707001,0.8128262,0.11379126,-0.16463774,0.659461,0.32423326,-0.41838935,-0.59538,0.0020752505,967.03296,806.6667,299.3773,844.94507,950.10986,0.04302978515625,-0.03179931640625,0.9896240234375,1.5252685546875,-1.607513427734375,1.577606201171875,1.0,2.0,1.0,2.0,2.0,95.0,event
11:26:14.792,1.043139,0.2551292,0.93043804,1.0186048,0.9007033,0.09280326,0.45979702,1.0620517,0.96199,0.1334126,0.41848785,0.6707001,0.8128262,0.11379126,-0.16463774,0.659461,0.32423326,-0.41838935,-0.59538,0.0020752505,836.4835,811.50183,664.43225,814.3223,812.3077,0.04302978515625,-0.03179931640625,0.9896240234375,1.5252685546875,-1.607513427734375,1.577606201171875,1.0,2.0,1.0,2.0,2.0,95.0,event
11:26:14.792,1.043139,0.2551292,0.93043804,1.0186048,0.9007033,0.09280326,0.45979702,1.0620517,0.96199,0.1334126,0.41848785,0.6707001,0.8128262,0.11379126,-0.16463774,0.659461,0.32423326,-0.41838935,-0.59538,0.0020752505,648.71796,803.0403,764.7619,798.60803,751.06226,0.04302978515625,-0.03179931640625,0.9896240234375,1.5252685546875,-1.607513427734375,1.577606201171875,1.0,2.0,1.0,2.0,2.0,95.0,event
11:26:14.871,1.043139,0.2551292,0.93043804,1.0186048,0.9007033,0.09280326,0.45979702,1.0620517,0.96199,0.1334126,0.41848785,0.6707001,0.8128262,0.11379126,-0.16463774,0.659461,0.32423326,-0.41838935,-0.59538,0.0020752505,660.80585,796.99634,660.80585,805.05493,781.685,0.05169677734375,-0.02789306640625,0.97320556640625,3.99261474609375,-3.327178955078125,1.054229736328125,1.0,2.0,1.0,2.0,2.0,95.0,event
11:26:14.873,1.043139,0.2551292,0.93043804,1.0186048,0.9007033,0.09280326,0.45979702,1.0620517,0.96199,0.1334126,0.41848785,0.6707001,0.8128262,0.11379126,-0.16463774,0.659461,0.32423326,-0.41838935,-0.59538,0.0020752505,854.61536,807.0696,799.81683,812.3077,750.2564,0.05169677734375,-0.02789306640625,0.97320556640625,3.99261474609375,-3.327178955078125,1.054229736328125,1.0,2.0,1.0,2.0,2.0,95.0,event
11:26:14.874,1.043139,0.2551292,0.93043804,1.0186048,0.9007033,0.09280326,0.45979702,1.0620517,0.96199,0.1334126,0.41848785,0.6707001,0.8128262,0.11379126,-0.16463774,0.659461,0.32423326,-0.41838935,-0.59538,0.0020752505,972.674,813.91943,1011.75824,803.8461,711.978,0.05169677734375,-0.02789306640625,0.97320556640625,3.99261474609375,-3.327178955078125,1.054229736328125,1.0,2.0,1.0,2.0,2.0,95.0,event
11:26:14.875,1.043139,0.2551292,0.93043804,1.0186048,0.9007033,0.09280326,0.45979702,1.0620517,0.96199,0.1334126,0.41848785,0.6707001,0.8128262,0.11379126,-0.16463774,0.659461,0.32423326,-0.41838935,-0.59538,0.0020752505,863.0769,812.71063,833.2601,778.46155,763.95605,0.05169677734375,-0.02789306640625,0.97320556640625,3.99261474609375,-3.327178955078125,1.054229736328125,1.0,2.0,1.0,2.0,2.0,95.0,event
11:26:14.876,1.043139,0.2551292,0.93043804,1.0186048,0.9007033,0.09280326,0.45979702,1.0620517,0.96199,0.1334126,0.41848785,0.6707001,0.8128262,0.11379126,-0.16463774,0.659461,0.32423326,-0.41838935,-0.59538,0.0020752505,666.04395,805.4579,660.80585,782.49084,755.4945,0.05169677734375,-0.02789306640625,0.97320556640625,3.99261474609375,-3.327178955078125,1.054229736328125,1.0,2.0,1.0,2.0,2.0,95.0,event
11:26:14.878,1.043139,0.2551292,0.93043804,1.0186048,0.9007033,0.09280326,0.45979702,1.0620517,0.96199,0.1334126,0.41848785,0.6707001,0.8128262,0.11379126,-0.16463774,0.659461,0.32423326,-0.41838935,-0.59538,0.0020752505,636.2271,794.9817,692.6374,805.4579,790.54944,0.05169677734375,-0.02789306640625,0.97320556640625,3.99261474609375,-3.327178955078125,1.054229736328125,1.0,2.0,1.0,2.0,2.0,95.0,event
11:26:14.879,1.043139,0.2551292,0.93043804,1.0186048,0.9007033,0.09280326,0.45979702,1.0620517,0.96199,0.1334126,0.41848785,0.6707001,0.8128262,0.11379126,-0.16463774,0.659461,0.32423326,-0.41838935,-0.59538,0.0020752505,817.5458,792.96704,728.0952,811.0989,826.4103,0.05169677734375,-0.02789306640625,0.97320556640625,3.99261474609375,-3.327178955078125,1.054229736328125,1.0,2.0,1.0,2.0,2.0,95.0,event
11:26:14.880,1.043139,0.2551292,0.93043804,1.0186048,0.9007033,0.09280326,0.45979702,1.0620517,0.96199,0.1334126,0.41848785,0.6707001,0.8128262,0.11379126,-0.16463774,0.659461,0.32423326,-0.41838935,-0.59538,0.0020752505,956.55676,794.57874,635.42126,820.3663,821.5751,0.05169677734375,-0.02789306640625,0.97320556640625,3.99261474609375,-3.327178955078125,1.054229736328125,1.0,2.0,1.0,2.0,2.0,95.0,event
11:26:14.881,1.043139,0.2551292,0.93043804,1.0186048,0.9007033,0.09280326,0.45979702,1.0620517,0.96199,0.1334126,0.41848785,0.6707001,0.8128262,0.11379126,-0.16463774,0.659461,0.32423326,-0.41838935,-0.59538,0.0020752505,845.34796,797.3993,263.11356,817.1429,962.6007,0.05169677734375,-0.02789306640625,0.97320556640625,3.99261474609375,-3.327178955078125,1.054229736328125,1.0,2.0,1.0,2.0,2.0,95.0,event
11:26:14.883,1.043139,0.2551292,0.93043804,1.0186048,0.9007033,0.09280326,0.45979702,1.0620517,0.96199,0.1334126,0.41848785,0.6707001,0.8128262,0.11379126,-0.16463774,0.659461,0.32423326,-0.41838935,-0.59538,0.0020752505,672.8938,800.2198,487.14285,797.8022,834.4689,0.05169677734375,-0.02789306640625,0.97320556640625,3.99261474609375,-3.327178955078125,1.054229736328125,1.0,2.0,1.0,4.0,2.0,95.0,event
11:26:14.887,1.043139,0.2551292,0.93043804,1.0186048,0.9007033,0.09280326,0.45979702,1.0620517,0.96199,0.1334126,0.41848785,0.6707001,0.8128262,0.11379126,-0.16463774,0.659461,0.32423326,-0.41838935,-0.59538,0.0020752505,658.3883,804.65204,947.6923,809.4872,678.1319,0.05169677734375,-0.02789306640625,0.97320556640625,3.99261474609375,-3.327178955078125,1.054229736328125,1.0,2.0,1.0,4.0,2.0,95.0,event
11:26:14.888,1.043139,0.2551292,0.93043804,1.0186048,0.9007033,0.09280326,0.45979702,1.0620517,0.96199,0.1334126,0.41848785,0.6707001,0.8128262,0.11379126,-0.16463774,0.659461,0.32423326,-0.41838935,-0.59538,0.0020752505,796.5934,805.05493,854.61536,834.0659,745.0183,0.05169677734375,-0.02789306640625,0.97320556640625,3.99261474609375,-3.327178955078125,1.054229736328125,1.0,2.0,1.0,4.0,2.0,95.0,event
11:26:14.889,1.043139,0.2551292,0.93043804,1.0186048,0.9007033,0.09280326,0.45979702,1.0620517,0.96199,0.1334126,0.41848785,0.6707001,0.8128262,0.11379126,-0.16463774,0.659461,0.32423326,-0.41838935,-0.59538,0.0020752505,952.9304,804.2491,791.3553,832.0513,744.21246,0.047119140625,-0.0179443359375,0.998291015625,3.3795166015625,-1.757049560546875,1.016845703125,1.0,2.0,1.0,4.0,2.0,95.0,event
11:26:14.890,1.043139,0.2551292,0.93043804,1.0186048,0.9007033,0.09280326,0.45979702,1.0620517,0.96199,0.1334126,0.41848785,0.6707001,0.8128262,0.11379126,-0.16463774,0.659461,0.32423326,-0.41838935,-0.59538,0.0020752505,891.685,809.89014,759.92676,807.8755,809.0842,0.047119140625,-0.0179443359375,0.998291015625,3.3795166015625,-1.757049560546875,1.016845703125,1.0,2.0,1.0,4.0,2.0,95.0,event
11:26:14.890,1.043139,0.2551292,0.93043804,1.0186048,0.9007033,0.09280326,0.45979702,1.0620517,0.96199,0.1334126,0.41848785,0.6707001,0.8128262,0.11379126,-0.16463774,0.659461,0.32423326,-0.41838935,-0.59538,0.0020752505,693.8461,807.47253,828.8278,794.9817,798.60803,0.047119140625,-0.0179443359375,0.998291015625,3.3795166015625,-1.757049560546875,1.016845703125,1.0,2.0,1.0,4.0,2.0,95.0,event
11:26:14.891,1.043139,0.2551292,0.93043804,1.0186048,0.9007033,0.09280326,0.45979702,1.0620517,0.96199,0.1334126,0.41848785,0.6707001,0.8128262,0.11379126,-0.16463774,0.659461,0.32423326,-0.41838935,-0.59538,0.0020752505,625.34796,805.05493,676.1172,787.72894,832.0513,0.047119140625,-0.0179443359375,0.998291015625,3.3795166015625,-1.757049560546875,1.016845703125,1.0,2.0,1.0,4.0,2.0,95.0,event
11:26:14.892,1.043139,0.2551292,0.93043804,1.0186048,0.9007033,0.09280326,0.45979702,1.0620517,0.96199,0.1334126,0.41848785,0.6707001,0.8128262,0.11379126,-0.16463774,0.659461,0.32423326,-0.41838935,-0.59538,0.0020752505,758.71796,805.05493,616.4835,805.4579,865.4945,0.047119140625,-0.0179443359375,0.998291015625,3.3795166015625,-1.757049560546875,1.016845703125,1.0,2.0,1.0,4.0,2.0,95.0,event
11:26:14.893,1.043139,0.2551292,0.93043804,1.0186048,0.9007033,0.09280326,0.45979702,1.0620517,0.96199,0.1334126,0.41848785,0.6707001,0.8128262,0.11379126,-0.16463774,0.659461,0.32423326,-0.41838935,-0.59538,0.0020752505,948.0952,802.23444,830.4396,824.3956,857.8388,0.047119140625,-0.0179443359375,0.998291015625,3.3795166015625,-1.757049560546875,1.016845703125,1.0,2.0,1.0,4.0,2.0,95.0,event
11:26:14.893,1.043139,0.2551292,0.93043804,1.0186048,0.9007033,0.09280326,0.45979702,1.0620517,0.96199,0.1334126,0.41848785,0.6707001,0.8128262,0.11379126,-0.16463774,0.659461,0.32423326,-0.41838935,-0.59538,0.0020752505,904.57874,799.011,709.5604,805.05493,940.84247,0.047119140625,-0.0179443359375,0.998291015625,3.3795166015625,-1.757049560546875,1.016845703125,1.0,2.0,1.0,4.0,2.0,95.0,event
11:26:14.894,1.043139,0.2551292,0.93043804,1.0186048,0.9007033,0.09280326,0.45979702,1.0620517,0.96199,0.1334126,0.41848785,0.6707001,0.8128262,0.11379126,-0.16463774,0.659461,0.32423326,-0.41838935,-0.59538,0.0020752505,695.4579,799.011,545.16486,787.326,930.3663,0.047119140625,-0.0179443359375,0.998291015625,3.3795166015625,-1.757049560546875,1.016845703125,1.0,2.0,1.0,4.0,2.0,95.0,event
11:26:14.895,1.043139,0.2551292,0.93043804,1.0186048,0.9007033,0.09280326,0.45979702,1.0620517,0.96199,0.1334126,0.41848785,0.6707001,0.8128262,0.11379126,-0.16463774,0.659461,0.32423326,-0.41838935,-0.59538,0.0020752505,635.0183,802.6374,678.5348,788.5348,790.54944,0.047119140625,-0.0179443359375,0.998291015625,3.3795166015625,-1.757049560546875,1.016845703125,1.0,2.0,1.0,4.0,2.0,95.0,event
11:26:14.896,1.043139,0.2551292,0.93043804,1.0186048,0.9007033,0.09280326,0.45979702,1.0620517,0.96199,0.1334126,0.41848785,0.6707001,0.8128262,0.11379126,-0.16463774,0.659461,0.32423326,-0.41838935,-0.59538,0.0020752505,765.9707,805.4579,994.43225,801.4286,674.5055,0.047119140625,-0.0179443359375,0.998291015625,3.3795166015625,-1.757049560546875,1.016845703125,1.0,2.0,1.0,4.0,2.0,95.0,event
11:26:14.896,1.043139,0.2551292,0.93043804,1.0186048,0.9007033,0.09280326,0.45979702,1.0620517,0.96199,0.1334126,0.41848785,0.6707001,0.8128262,0.11379126,-0.16463774,0.659461,0.32423326,-0.41838935,-0.59538,0.0020752505,957.3626,807.0696,997.6557,832.8571,717.619,0.047119140625,-0.0179443359375,0.998291015625,3.3795166015625,-1.757049560546875,1.016845703125,1.0,2.0,1.0,4.0,2.0,95.0,event
11:26:14.897,1.043139,0.2551292,0.93043804,1.0186048,0.9007033,0.09280326,0.45979702,1.0620517,0.96199,0.1334126,0.41848785,0.6707001,0.8128262,0.11379126,-0.16463774,0.659461,0.32423326,-0.41838935,-0.59538,0.0020752505,942.4542,806.26373,667.25275,829.2308,932.381,0.047119140625,-0.0179443359375,0.998291015625,3.3795166015625,-1.757049560546875,1.016845703125,1.0,2.0,1.0,4.0,2.0,95.0,event
11:26:14.934,1.043139,0.2551292,0.93043804,1.0186048,0.9007033,0.09280326,0.45979702,1.0620517,0.96199,0.1334126,0.41848785,0.6707001,0.8128262,0.11379126,-0.16463774,0.659461,0.32423326,-0.41838935,-0.59538,0.0020752505,735.7509,802.6374,661.6117,806.26373,905.78754,0.047119140625,-0.0179443359375,0.998291015625,3.3795166015625,-1.757049560546875,1.016845703125,1.0,2.0,1.0,4.0,2.0,95.0,event
11:26:14.935,1.043139,0.2551292,0.93043804,1.0186048,0.9007033,0.09280326,0.45979702,1.0620517,0.96199,0.1334126,0.41848785,0.6707001,0.8128262,0.11379126,-0.16463774,0.659461,0.32423326,-0.41838935,-0.59538,0.0020752505,641.4652,806.26373,966.63007,803.0403,769.59705,0.047119140625,-0.0179443359375,0.998291015625,3.3795166015625,-1.757049560546875,1.016845703125,1.0,2.0,1.0,4.0,2.0,95.0,event
11:26:14.936,1.043139,0.2551292,0.93043804,1.0186048,0.9007033,0.09280326,0.45979702,1.0620517,0.96199,0.1334126,0.41848785,0.6707001,0.8128262,0.11379126,-0.16463774,0.659461,0.32423326,-0.41838935,-0.59538,0.0020752505,730.5128,805.8608,1067.3627,816.7399,837.6923,0.047119140625,-0.0179443359375,0.998291015625,3.3795166015625,-1.757049560546875,1.016845703125,1.0,2.0,1.0,4.0,2.0,95.0,event
11:26:14.937,1.043139,0.2551292,0.93043804,1.0186048,0.9007033,0.09280326,0.45979702,1.0620517,0.96199,0.1334126,0.41848785,0.6707001,0.8128262,0.11379126,-0.16463774,0.659461,0.32423326,-0.41838935,-0.59538,0.0020752505,902.96704,797.8022,548.3883,838.49817,1027.4725,0.047119140625,-0.0179443359375,0.998291015625,3.3795166015625,-1.757049560546875,1.016845703125,1.0,2.0,1.0,4.0,2.0,95.0,event
11:26:14.938,1.043139,0.2551292,0.93043804,1.0186048,0.9007033,0.09280326,0.45979702,1.0620517,0.96199,0.1334126,0.41848785,0.6707001,0.8128262,0.11379126,-0.16463774,0.659461,0.32423326,-0.41838935,-0.59538,0.0020752505,940.0366,803.8461,314.2857,822.7839,987.1795,0.047119140625,-0.0179443359375,0.998291015625,3.3795166015625,-1.757049560546875,1.016845703125,1.0,2.0,1.0,4.0,2.0,95.0,event
11:26:14.939,1.043139,0.2551292,0.93043804,1.0186048,0.9007033,0.09280326,0.45979702,1.0620517,0.96199,0.1334126,0.41848785,0.6707001,0.8128262,0.11379126,-0.16463774,0.659461,0.32423326,-0.41838935,-0.59538,0.0020752505,771.6117,808.2784,626.9597,791.75824,792.96704,0.047119140625,-0.0179443359375,0.998291015625,3.3795166015625,-1.757049560546875,1.016845703125,1.0,2.0,1.0,4.0,2.0,95.0,event
11:26:14.942,1.043139,0.2551292,0.93043804,1.0186048,0.9007033,0.09280326,0.45979702,1.0620517,0.96199,0.1334126,0.41848785,0.6707001,0.8128262,0.11379126,-0.16463774,0.659461,0.32423326,-0.41838935,-0.59538,0.0020752505,644.2857,804.2491,625.34796,801.4286,856.63007,0.047119140625,-0.0179443359375,0.998291015625,3.3795166015625,-1.757049560546875,1.016845703125,1.0,2.0,1.0,4.0,2.0,95.0,event
11:26:14.944,1.043139,0.2551292,0.93043804,1.0186048,0.9007033,0.09280326,0.45979702,1.0620517,0.96199,0.1334126,0.41848785,0.6707001,0.8128262,0.11379126,-0.16463774,0.659461,0.32423326,-0.41838935,-0.59538,0.0020752505,713.5897,796.5934,202.27106,828.4249,1031.0989,0.047119140625,-0.0179443359375,0.998291015625,3.3795166015625,-1.757049560546875,1.016845703125,1.0,2.0,1.0,4.0,2.0,95.0,event
11:26:14.945,1.043139,0.2551292,0.93043804,1.0186048,0.9007033,0.09280326,0.45979702,1.0620517,0.96199,0.1334126,0.41848785,0.6707001,0.8128262,0.11379126,-0.16463774,0.659461,0.32423326,-0.41838935,-0.59538,0.0020752505,896.9231,797.3993,363.44324,817.9487,1002.8938,0.047119140625,-0.0179443359375,0.998291015625,3.3795166015625,-1.757049560546875,1.016845703125,1.0,2.0,1.0,4.0,2.0,95.0,event
11:26:14.946,1.043139,0.2551292,0.93043804,1.0186048,0.9007033,0.09280326,0.45979702,1.0620517,0.96199,0.1334126,0.41848785,0.6707001,0.8128262,0.11379126,-0.16463774,0.659461,0.32423326,-0.41838935,-0.59538,0.0020752505,974.2857,800.2198,1002.8938,819.5604,745.42126,0.047119140625,-0.0179443359375,0.998291015625,3.3795166015625,-1.757049560546875,1.016845703125,1.0,2.0,1.0,4.0,2.0,95.0,event
11:26:14.947,1.043139,0.2551292,0.93043804,1.0186048,0.9007033,0.09280326,0.45979702,1.0620517,0.96199,0.1334126,0.41848785,0.6707001,0.8128262,0.11379126,-0.16463774,0.659461,0.32423326,-0.41838935,-0.59538,0.0020752505,804.65204,796.99634,811.9048,800.2198,734.1392,0.047119140625,-0.0179443359375,0.998291015625,3.3795166015625,-1.757049560546875,1.016845703125,1.0,2.0,1.0,4.0,2.0,95.0,event
11:26:14.947,1.043139,0.2551292,0.93043804,1.0186048,0.9007033,0.09280326,0.45979702,1.0620517,0.96199,0.1334126,0.41848785,0.6707001,0.8128262,0.11379126,-0.16463774,0.659461,0.32423326,-0.41838935,-0.59538,0.0020752505,647.50916,800.6227,713.9927,794.9817,737.3626,0.047119140625,-0.0179443359375,0.998291015625,3.3795166015625,-1.757049560546875,1.016845703125,1.0,2.0,1.0,4.0,2.0,95.0,event
11:26:14.984,1.043139,0.2551292,0.93043804,1.0186048,0.9007033,0.09280326,0.45979702,1.0620517,0.96199,0.1334126,0.41848785,0.6707001,0.8128262,0.11379126,-0.16463774,0.659461,0.32423326,-0.41838935,-0.59538,0.0020752505,713.9927,807.47253,1009.7436,827.2161,685.78754,0.04827880859375,-0.009765625,0.98297119140625,3.267364501953125,-1.435546875,1.1663818359375,1.0,2.0,1.0,4.0,2.0,95.0,event
11:26:14.985,1.043139,0.2551292,0.93043804,1.0186048,0.9007033,0.09280326,0.45979702,1.0620517,0.96199,0.1334126,0.41848785,0.6707001,0.8128262,0.11379126,-0.16463774,0.659461,0.32423326,-0.41838935,-0.59538,0.0020752505,968.24176,797.8022,875.9707,815.5311,795.78754,0.04827880859375,-0.009765625,0.98297119140625,3.267364501953125,-1.435546875,1.1663818359375,1.0,2.0,1.0,4.0,2.0,95.0,event
11:26:14.985,1.043139,0.2551292,0.93043804,1.0186048,0.9007033,0.09280326,0.45979702,1.0620517,0.96199,0.1334126,0.41848785,0.6707001,0.8128262,0.11379126,-0.16463774,0.659461,0.32423326,-0.41838935,-0.59538,0.0020752505,897.326,803.8461,1107.6556,816.337,748.24176,0.04827880859375,-0.009765625,0.98297119140625,3.267364501953125,-1.435546875,1.1663818359375,1.0,2.0,1.0,4.0,2.0,95.0,event
11:26:14.986,1.043139,0.2551292,0.93043804,1.0186048,0.9007033,0.09280326,0.45979702,1.0620517,0.96199,0.1334126,0.41848785,0.6707001,0.8128262,0.11379126,-0.16463774,0.659461,0.32423326,-0.41838935,-0.59538,0.0020752505,823.9927,801.02563,782.0879,808.68134,750.65936,0.04827880859375,-0.009765625,0.98297119140625,3.267364501953125,-1.435546875,1.1663818359375,1.0,2.0,1.0,4.0,2.0,95.0,event
11:26:14.986,1.043139,0.2551292,0.93043804,1.0186048,0.9007033,0.09280326,0.45979702,1.0620517,0.96199,0.1334126,0.41848785,0.6707001,0.8128262,0.11379126,-0.16463774,0.659461,0.32423326,-0.41838935,-0.59538,0.0020752505,669.2674,803.8461,846.55676,780.87915,698.68134,0.04827880859375,-0.009765625,0.98297119140625,3.267364501953125,-1.435546875,1.1663818359375,1.0,2.0,1.0,4.0,2.0,95.0,event
11:26:14.987,1.043139,0.2551292,0.93043804,1.0186048,0.9007033,0.09280326,0.45979702,1.0620517,0.96199,0.1334126,0.41848785,0.6707001,0.8128262,0.11379126,-0.16463774,0.659461,0.32423326,-0.41838935,-0.59538,0.0020752505,689.011,800.6227,811.50183,790.9524,763.5531,0.04827880859375,-0.009765625,0.98297119140625,3.267364501953125,-1.435546875,1.1663818359375,1.0,2.0,1.0,4.0,2.0,95.0,event
11:26:14.987,1.043139,0.2551292,0.93043804,1.0186048,0.9007033,0.09280326,0.45979702,1.0620517,0.96199,0.1334126,0.41848785,0.6707001,0.8128262,0.11379126,-0.16463774,0.659461,0.32423326,-0.41838935,-0.59538,0.0020752505,869.12085,796.99634,504.46887,833.663,1027.4725,0.04827880859375,-0.009765625,0.98297119140625,3.267364501953125,-1.435546875,1.1663818359375,1.0,2.0,1.0,4.0,2.0,95.0,event
11:26:14.988,1.043139,0.2551292,0.93043804,1.0186048,0.9007033,0.09280326,0.45979702,1.0620517,0.96199,0.1334126,0.41848785,0.6707001,0.8128262,0.11379126,-0.16463774,0.659461,0.32423326,-0.41838935,-0.59538,0.0020752505,989.59705,799.41394,279.23077,845.7509,1126.5934,0.04827880859375,-0.009765625,0.98297119140625,3.267364501953125,-1.435546875,1.1663818359375,1.0,2.0,1.0,4.0,2.0,95.0,event
11:26:14.988,1.043139,0.2551292,0.93043804,1.0186048,0.9007033,0.09280326,0.45979702,1.0620517,0.96199,0.1334126,0.41848785,0.6707001,0.8128262,0.11379126,-0.16463774,0.659461,0.32423326,-0.41838935,-0.59538,0.0020752505,875.16486,802.6374,751.8681,832.8571,855.0183,0.04827880859375,-0.009765625,0.98297119140625,3.267364501953125,-1.435546875,1.1663818359375,1.0,2.0,1.0,4.0,2.0,95.0,event
11:26:14.989,1.043139,0.2551292,0.93043804,1.0186048,0.9007033,0.09280326,0.45979702,1.0620517,0.96199,0.1334126,0.41848785,0.6707001,0.8128262,0.11379126,-0.16463774,0.659461,0.32423326,-0.41838935,-0.59538,0.0020752505,685.38464,798.20514,942.0513,815.9341,743.8095,0.04827880859375,-0.009765625,0.98297119140625,3.267364501953125,-1.435546875,1.1663818359375,1.0,2.0,1.0,4.0,2.0,95.0,event
11:26:14.990,1.043139,0.2551292,0.93043804,1.0186048,0.9007033,0.09280326,0.45979702,1.0620517,0.96199,0.1334126,0.41848785,0.6707001,0.8128262,0.11379126,-0.16463774,0.659461,0.32423326,-0.41838935,-0.59538,0.0020752505,676.52014,798.20514,680.9524,811.50183,788.93774,0.04827880859375,-0.009765625,0.98297119140625,3.267364501953125,-1.435546875,1.1663818359375,1.0,2.0,1.0,4.0,2.0,95.0,event
11:26:14.990,1.043139,0.2551292,0.93043804,1.0186048,0.9007033,0.09280326,0.45979702,1.0620517,0.96199,0.1334126,0.41848785,0.6707001,0.8128262,0.11379126,-0.16463774,0.659461,0.32423326,-0.41838935,-0.59538,0.0020752505,857.8388,797.8022,742.1978,828.8278,740.989,0.04827880859375,-0.009765625,0.98297119140625,3.267364501953125,-1.435546875,1.1663818359375,1.0,2.0,1.0,4.0,2.0,95.0,event
11:26:15.039,1.043139,0.2551292,0.93043804,1.0186048,0.9007033,0.09280326,0.45979702,1.0620517,0.96199,0.1334126,0.41848785,0.6707001,0.8128262,0.11379126,-0.16463774,0.659461,0.32423326,-0.41838935,-0.59538,0.0020752505,991.6117,793.36993,1002.8938,840.9158,688.20514,0.0303955078125,-0.02130126953125,0.98760986328125,2.340240478515625,-2.58697509765625,0.538330078125,1.0,2.0,1.0,4.0,2.0,95.0,event
11:26:15.040,1.043139,0.2551292,0.93043804,1.0186048,0.9007033,0.09280326,0.45979702,1.0620517,0.96199,0.1334126,0.41848785,0.6707001,0.8128262,0.11379126,-0.16463774,0.659461,0.32423326,-0.41838935,-0.59538,0.0020752505,896.52014,794.9817,890.07324,827.619,734.94507,0.0303955078125,-0.02130126953125,0.98760986328125,2.340240478515625,-2.58697509765625,0.538330078125,1.0,2.0,1.0,4.0,2.0,95.0,event
11:26:15.041,1.043139,0.2551292,0.93043804,1.0186048,0.9007033,0.09280326,0.45979702,1.0620517,0.96199,0.1334126,0.41848785,0.6707001,0.8128262,0.11379126,-0.16463774,0.659461,0.32423326,-0.41838935,-0.59538,0.0020752505,704.3223,799.011,666.4469,813.91943,741.39197,0.0303955078125,-0.02130126953125,0.98760986328125,2.340240478515625,-2.58697509765625,0.538330078125,1.0,2.0,1.0,4.0,2.0,95.0,event
11:26:15.042,1.043139,0.2551292,0.93043804,1.0186048,0.9007033,0.09280326,0.45979702,1.0620517,0.96199,0.1334126,0.41848785,0.6707001,0.8128262,0.11379126,-0.16463774,0.659461,0.32423326,-0.41838935,-0.59538,0.0020752505,656.77655,796.5934,838.49817,836.08057,706.7399,0.0303955078125,-0.02130126953125,0.98760986328125,2.340240478515625,-2.58697509765625,0.538330078125,1.0,2.0,1.0,4.0,2.0,95.0,event
11:26:15.043,1.043139,0.2551292,0.93043804,1.0186048,0.9007033,0.09280326,0.45979702,1.0620517,0.96199,0.1334126,0.41848785,0.6707001,0.8128262,0.11379126,-0.16463774,0.659461,0.32423326,-0.41838935,-0.59538,0.0020752505,821.5751,795.78754,1014.17584,855.82416,736.55676,0.0303955078125,-0.02130126953125,0.98760986328125,2.340240478515625,-2.58697509765625,0.538330078125,1.0,2.0,1.0,4.0,2.0,95.0,event
11:26:15.043,1.043139,0.2551292,0.93043804,1.0186048,0.9007033,0.09280326,0.45979702,1.0620517,0.96199,0.1334126,0.41848785,0.6707001,0.8128262,0.11379126,-0.16463774,0.659461,0.32423326,-0.41838935,-0.59538,0.0020752505,974.2857,795.78754,775.64105,857.4359,846.9597,0.0303955078125,-0.02130126953125,0.98760986328125,2.340240478515625,-2.58697509765625,0.538330078125,1.0,2.0,1.0,4.0,2.0,95.0,event
11:26:15.044,1.043139,0.2551292,0.93043804,1.0186048,0.9007033,0.09280326,0.45979702,1.0620517,0.96199,0.1334126,0.41848785,0.6707001,0.8128262,0.11379126,-0.16463774,0.659461,0.32423326,-0.41838935,-0.59538,0.0020752505,884.0293,793.7729,377.14285,846.9597,1013.7729,0.0303955078125,-0.02130126953125,0.98760986328125,2.340240478515625,-2.58697509765625,0.538330078125,1.0,2.0,1.0,4.0,2.0,95.0,event
11:26:15.045,1.043139,0.2551292,0.93043804,1.0186048,0.9007033,0.09280326,0.45979702,1.0620517,0.96199,0.1334126,0.41848785,0.6707001,0.8128262,0.11379126,-0.16463774,0.659461,0.32423326,-0.41838935,-0.59538,0.0020752505,692.23444,799.011,523.00366,823.1868,856.2271,0.0303955078125,-0.02130126953125,0.98760986328125,2.340240478515625,-2.58697509765625,0.538330078125,1.0,2.0,1.0,4.0,2.0,95.0,event
11:26:15.045,1.043139,0.2551292,0.93043804,1.0186048,0.9007033,0.09280326,0.45979702,1.0620517,0.96199,0.1334126,0.41848785,0.6707001,0.8128262,0.11379126,-0.16463774,0.659461,0.32423326,-0.41838935,-0.59538,0.0020752505,655.16486,800.6227,904.17584,828.8278,655.16486,0.0303955078125,-0.02130126953125,0.98760986328125,2.340240478515625,-2.58697509765625,0.538330078125,1.0,2.0,1.0,4.0,2.0,95.0,event
11:26:15.046,1.043139,0.2551292,0.93043804,1.0186048,0.9007033,0.09280326,0.45979702,1.0620517,0.96199,0.1334126,0.41848785,0.6707001,0.8128262,0.11379126,-0.16463774,0.659461,0.32423326,-0.41838935,-0.59538,0.0020752505,788.93774,792.96704,787.72894,858.6447,782.49084,0.0303955078125,-0.02130126953125,0.98760986328125,2.340240478515625,-2.58697509765625,0.538330078125,1.0,2.0,1.0,4.0,2.0,95.0,event
11:26:15.047,1.043139,0.2551292,0.93043804,1.0186048,0.9007033,0.09280326,0.45979702,1.0620517,0.96199,0.1334126,0.41848785,0.6707001,0.8128262,0.11379126,-0.16463774,0.659461,0.32423326,-0.41838935,-0.59538,0.0020752505,962.6007,793.36993,511.3187,871.53845,921.0989,0.0303955078125,-0.02130126953125,0.98760986328125,2.340240478515625,-2.58697509765625,0.538330078125,1.0,2.0,1.0,4.0,2.0,95.0,event
11:26:15.047,1.043139,0.2551292,0.93043804,1.0186048,0.9007033,0.09280326,0.45979702,1.0620517,0.96199,0.1334126,0.41848785,0.6707001,0.8128262,0.11379126,-0.16463774,0.659461,0.32423326,-0.41838935,-0.59538,0.0020752505,936.8132,798.20514,660.40295,870.32965,822.381,0.0303955078125,-0.02130126953125,0.98760986328125,2.340240478515625,-2.58697509765625,0.538330078125,1.0,2.0,1.0,4.0,2.0,95.0,event
11:26:15.075,1.043139,0.2551292,0.93043804,1.0186048,0.9007033,0.09280326,0.45979702,1.0620517,0.96199,0.1334126,0.41848785,0.6707001,0.8128262,0.11379126,-0.16463774,0.659461,0.32423326,-0.41838935,-0.59538,0.0020752505,726.08057,794.17584,860.2564,848.97437,697.47253,0.05670166015625,-0.0152587890625,0.99005126953125,2.37762451171875,-4.119720458984375,1.2261962890625,1.0,2.0,1.0,4.0,2.0,95.0,event
11:26:15.076,1.043139,0.2551292,0.93043804,1.0186048,0.9007033,0.09280326,0.45979702,1.0620517,0.96199,0.1334126,0.41848785,0.6707001,0.8128262,0.11379126,-0.16463774,0.659461,0.32423326,-0.41838935,-0.59538,0.0020752505,639.45056,791.75824,609.6337,832.0513,795.78754,0.05670166015625,-0.0152587890625,0.99005126953125,2.37762451171875,-4.119720458984375,1.2261962890625,1.0,2.0,1.0,4.0,2.0,95.0,event
11:26:15.080,1.043139,0.2551292,0.93043804,1.0186048,0.9007033,0.09280326,0.45979702,1.0620517,0.96199,0.1334126,0.41848785,0.6707001,0.8128262,0.11379126,-0.16463774,0.659461,0.32423326,-0.41838935,-0.59538,0.0020752505,973.8828,799.41394,947.28937,856.2271,772.01465,0.05670166015625,-0.0152587890625,0.99005126953125,2.37762451171875,-4.119720458984375,1.2261962890625,1.0,2.0,1.0,4.0,2.0,95.0,event
11:26:15.080,1.043139,0.2551292,0.93043804,1.0186048,0.9007033,0.09280326,0.45979702,1.0620517,0.96199,0.1334126,0.41848785,0.6707001,0.8128262,0.11379126,-0.16463774,0.659461,0.32423326,-0.41838935,-0.59538,0.0020752505,767.5824,795.38464,530.65936,842.9304,845.34796,0.05670166015625,-0.0152587890625,0.99005126953125,2.37762451171875,-4.119720458984375,1.2261962890625,1.0,2.0,1.0,4.0,2.0,95.0,event
11:26:15.081,1.043139,0.2551292,0.93043804,1.0186048,0.9007033,0.09280326,0.45979702,1.0620517,0.96199,0.1334126,0.41848785,0.6707001,0.8128262,0.11379126,-0.16463774,0.659461,0.32423326,-0.41838935,-0.59538,0.0020752505,950.9158,799.41394,959.7802,851.79486,758.71796,0.05670166015625,-0.0152587890625,0.99005126953125,2.37762451171875,-4.119720458984375,1.2261962890625,1.0,2.0,1.0,4.0,2.0,95.0,event
11:26:15.082,1.043139,0.2551292,0.93043804,1.0186048,0.9007033,0.09280326,0.45979702,1.0620517,0.96199,0.1334126,0.41848785,0.6707001,0.8128262,0.11379126,-0.16463774,0.659461,0.32423326,-0.41838935,-0.59538,0.0020752505,718.8278,797.8022,569.7436,827.2161,863.47986,0.05670166015625,-0.0152587890625,0.99005126953125,2.37762451171875,-4.119720458984375,1.2261962890625,1.0,2.0,1.0,4.0,2.0,95.0,event
11:26:15.083,1.043139,0.2551292,0.93043804,1.0186048,0.9007033,0.09280326,0.45979702,1.0620517,0.96199,0.1334126,0.41848785,0.6707001,0.8128262,0.11379126,-0.16463774,0.659461,0.32423326,-0.41838935,-0.59538,0.0020752505,626.1539,795.78754,431.13553,820.7692,910.6227,0.05670166015625,-0.0152587890625,0.99005126953125,2.37762451171875,-4.119720458984375,1.2261962890625,1.0,2.0,1.0,4.0,2.0,95.0,event
11:26:15.084,1.043139,0.2551292,0.93043804,1.0186048,0.9007033,0.09280326,0.45979702,1.0620517,0.96199,0.1334126,0.41848785,0.6707001,0.8128262,0.11379126,-0.16463774,0.659461,0.32423326,-0.41838935,-0.59538,0.0020752505,734.94507,800.6227,705.9341,830.4396,732.52747,0.05670166015625,-0.0152587890625,0.99005126953125,2.37762451171875,-4.119720458984375,1.2261962890625,1.0,2.0,1.0,4.0,2.0,95.0,event
11:26:15.085,1.043139,0.2551292,0.93043804,1.0186048,0.9007033,0.09280326,0.45979702,1.0620517,0.96199,0.1334126,0.41848785,0.6707001,0.8128262,0.11379126,-0.16463774,0.659461,0.32423326,-0.41838935,-0.59538,0.0020752505,930.3663,802.6374,947.6923,841.31866,668.46155,0.05670166015625,-0.0152587890625,0.99005126953125,2.37762451171875,-4.119720458984375,1.2261962890625,1.0,2.0,1.0,4.0,2.0,95.0,event
11:26:15.085,1.043139,0.2551292,0.93043804,1.0186048,0.9007033,0.09280326,0.45979702,1.0620517,0.96199,0.1334126,0.41848785,0.6707001,0.8128262,0.11379126,-0.16463774,0.659461,0.32423326,-0.41838935,-0.59538,0.0020752505,940.84247,799.41394,530.65936,834.4689,902.96704,0.05670166015625,-0.0152587890625,0.99005126953125,2.37762451171875,-4.119720458984375,1.2261962890625,1.0,2.0,1.0,4.0,2.0,95.0,event
11:26:15.086,1.043139,0.2551292,0.93043804,1.0186048,0.9007033,0.09280326,0.45979702,1.0620517,0.96199,0.1334126,0.41848785,0.6707001,0.8128262,0.11379126,-0.16463774,0.659461,0.32423326,-0.41838935,-0.59538,0.0020752505,751.06226,803.44324,311.4652,814.7253,934.7985,0.05670166015625,-0.0152587890625,0.99005126953125,2.37762451171875,-4.119720458984375,1.2261962890625,1.0,2.0,1.0,4.0,2.0,95.0,event
11:26:15.087,1.043139,0.2551292,0.93043804,1.0186048,0.9007033,0.09280326,0.45979702,1.0620517,0.96199,0.1334126,0.41848785,0.6707001,0.8128262,0.11379126,-0.16463774,0.659461,0.32423326,-0.41838935,-0.59538,0.0020752505,641.8681,803.44324,739.3773,813.5165,715.2015,0.05670166015625,-0.0152587890625,0.99005126953125,2.37762451171875,-4.119720458984375,1.2261962890625,1.0,2.0,1.0,4.0,2.0,95.0,event
11:26:15.108,1.043139,0.2551292,0.93043804,1.0186048,0.9007033,0.09280326,0.45979702,1.0620517,0.96199,0.1334126,0.41848785,0.6707001,0.8128262,0.11379126,-0.16463774,0.659461,0.32423326,-0.41838935,-0.59538,0.0020752505,711.1722,799.011,855.0183,826.4103,701.9048,0.0416259765625,-0.02850341796875,0.9747314453125,1.1962890625,-4.747772216796875,0.19439697265625,1.0,2.0,1.0,4.0,2.0,95.0,event
11:26:15.110,1.043139,0.2551292,0.93043804,1.0186048,0.9007033,0.09280326,0.45979702,1.0620517,0.96199,0.1334126,0.41848785,0.6707001,0.8128262,0.11379126,-0.16463774,0.659461,0.32423326,-0.41838935,-0.59538,0.0020752505,897.72894,794.9817,685.78754,841.7216,813.1135,0.0416259765625,-0.02850341796875,0.9747314453125,1.1962890625,-4.747772216796875,0.19439697265625,1.0,2.0,1.0,4.0,2.0,95.0,event
11:26:15.110,1.043139,0.2551292,0.93043804,1.0186048,0.9007033,0.09280326,0.45979702,1.0620517,0.96199,0.1334126,0.41848785,0.6707001,0.8128262,0.11379126,-0.16463774,0.659461,0.32423326,-0.41838935,-0.59538,0.0020752505,952.1245,797.8022,657.5824,853.00366,802.6374,0.0416259765625,-0.02850341796875,0.9747314453125,1.1962890625,-4.747772216796875,0.19439697265625,1.0,2.0,1.0,4.0,2.0,95.0,event
11:26:15.111,1.043139,0.2551292,0.93043804,1.0186048,0.9007033,0.09280326,0.45979702,1.0620517,0.96199,0.1334126,0.41848785,0.6707001,0.8128262,0.11379126,-0.16463774,0.659461,0.32423326,-0.41838935,-0.59538,0.0020752505,772.4176,797.8022,828.8278,835.2747,687.3993,0.0416259765625,-0.02850341796875,0.9747314453125,1.1962890625,-4.747772216796875,0.19439697265625,1.0,2.0,1.0,4.0,2.0,95.0,event
11:26:15.112,1.043139,0.2551292,0.93043804,1.0186048,0.9007033,0.09280326,0.45979702,1.0620517,0.96199,0.1334126,0.41848785,0.6707001,0.8128262,0.11379126,-0.16463774,0.659461,0.32423326,-0.41838935,-0.59538,0.0020752505,621.31866,794.17584,752.674,811.0989,703.1135,0.0416259765625,-0.02850341796875,0.9747314453125,1.1962890625,-4.747772216796875,0.19439697265625,1.0,2.0,1.0,4.0,2.0,95.0,event
11:26:15.113,1.043139,0.2551292,0.93043804,1.0186048,0.9007033,0.09280326,0.45979702,1.0620517,0.96199,0.1334126,0.41848785,0.6707001,0.8128262,0.11379126,-0.16463774,0.659461,0.32423326,-0.41838935,-0.59538,0.0020752505,668.0586,791.75824,326.37363,825.6044,953.3333,0.0416259765625,-0.02850341796875,0.9747314453125,1.1962890625,-4.747772216796875,0.19439697265625,1.0,2.0,1.0,4.0,2.0,95.0,event
11:26:15.115,1.043139,0.2551292,0.93043804,1.0186048,0.9007033,0.09280326,0.45979702,1.0620517,0.96199,0.1334126,0.41848785,0.6707001,0.8128262,0.11379126,-0.16463774,0.659461,0.32423326,-0.41838935,-0.59538,0.0020752505,861.4652,794.9817,342.89377,841.31866,911.02563,0.0416259765625,-0.02850341796875,0.9747314453125,1.1962890625,-4.747772216796875,0.19439697265625,1.0,2.0,1.0,4.0,2.0,95.0,event
11:26:15.115,1.043139,0.2551292,0.93043804,1.0186048,0.9007033,0.09280326,0.45979702,1.0620517,0.96199,0.1334126,0.41848785,0.6707001,0.8128262,0.11379126,-0.16463774,0.659461,0.32423326,-0.41838935,-0.59538,0.0020752505,954.94507,800.6227,832.0513,837.28937,695.05493,0.0416259765625,-0.02850341796875,0.9747314453125,1.1962890625,-4.747772216796875,0.19439697265625,1.0,2.0,1.0,4.0,2.0,95.0,event
11:26:15.116,1.043139,0.2551292,0.93043804,1.0186048,0.9007033,0.09280326,0.45979702,1.0620517,0.96199,0.1334126,0.41848785,0.6707001,0.8128262,0.11379126,-0.16463774,0.659461,0.32423326,-0.41838935,-0.59538,0.0020752505,799.41394,797.8022,749.0476,830.4396,800.6227,0.0416259765625,-0.02850341796875,0.9747314453125,1.1962890625,-4.747772216796875,0.19439697265625,1.0,2.0,1.0,4.0,2.0,95.0,event
11:26:15.117,1.043139,0.2551292,0.93043804,1.0186048,0.9007033,0.09280326,0.45979702,1.0620517,0.96199,0.1334126,0.41848785,0.6707001,0.8128262,0.11379126,-0.16463774,0.659461,0.32423326,-0.41838935,-0.59538,0.0020752505,625.34796,798.60803,544.7619,820.3663,838.49817,0.0416259765625,-0.02850341796875,0.9747314453125,1.1962890625,-4.747772216796875,0.19439697265625,1.0,2.0,1.0,4.0,2.0,95.0,event
11:26:15.118,1.043139,0.2551292,0.93043804,1.0186048,0.9007033,0.09280326,0.45979702,1.0620517,0.96199,0.1334126,0.41848785,0.6707001,0.8128262,0.11379126,-0.16463774,0.659461,0.32423326,-0.41838935,-0.59538,0.0020752505,666.4469,798.60803,769.59705,817.9487,671.685,0.0416259765625,-0.02850341796875,0.9747314453125,1.1962890625,-4.747772216796875,0.19439697265625,1.0,2.0,1.0,4.0,2.0,95.0,event
11:26:15.119,1.043139,0.2551292,0.93043804,1.0186048,0.9007033,0.09280326,0.45979702,1.0620517,0.96199,0.1334126,0.41848785,0.6707001,0.8128262,0.11379126,-0.16463774,0.659461,0.32423326,-0.41838935,-0.59538,0.0020752505,859.45056,793.36993,1024.249,834.4689,719.2308,0.0416259765625,-0.02850341796875,0.9747314453125,1.1962890625,-4.747772216796875,0.19439697265625,1.0,2.0,1.0,4.0,2.0,95.0,event
11:26:15.143,1.043139,0.2551292,0.93043804,1.0186048,0.9007033,0.09280326,0.45979702,1.0620517,0.96199,0.1334126,0.41848785,0.6707001,0.8128262,0.11379126,-0.16463774,0.659461,0.32423326,-0.41838935,-0.59538,0.0020752505,962.1978,794.17584,790.54944,845.34796,921.50183,0.0416259765625,-0.02850341796875,0.9747314453125,1.1962890625,-4.747772216796875,0.19439697265625,1.0,2.0,1.0,4.0,2.0,95.0,event
11:26:15.144,1.043139,0.2551292,0.93043804,1.0186048,0.9007033,0.09280326,0.45979702,1.0620517,0.96199,0.1334126,0.41848785,0.6707001,0.8128262,0.11379126,-0.16463774,0.659461,0.32423326,-0.41838935,-0.59538,0.0020752505,820.3663,794.57874,390.03662,818.3516,925.12823,0.0416259765625,-0.02850341796875,0.9747314453125,1.1962890625,-4.747772216796875,0.19439697265625,1.0,2.0,1.0,4.0,2.0,95.0,event
11:26:15.144,1.043139,0.2551292,0.93043804,1.0186048,0.9007033,0.09280326,0.45979702,1.0620517,0.96199,0.1334126,0.41848785,0.6707001,0.8128262,0.11379126,-0.16463774,0.659461,0.32423326,-0.41838935,-0.59538,0.0020752505,633.4066,790.54944,740.18317,803.44324,774.0293,0.0416259765625,-0.02850341796875,0.9747314453125,1.1962890625,-4.747772216796875,0.19439697265625,1.0,2.0,1.0,4.0,2.0,95.0,event
11:26:15.145,1.043139,0.2551292,0.93043804,1.0186048,0.9007033,0.09280326,0.45979702,1.0620517,0.96199,0.1334126,0.41848785,0.6707001,0.8128262,0.11379126,-0.16463774,0.659461,0.32423326,-0.41838935,-0.59538,0.0020752505,653.95605,789.34064,924.3223,824.3956,751.06226,0.0416259765625,-0.02850341796875,0.9747314453125,1.1962890625,-4.747772216796875,0.19439697265625,1.0,2.0,1.0,4.0,2.0,95.0,event
11:26:15.148,1.043139,0.2551292,0.93043804,1.0186048,0.9007033,0.09280326,0.45979702,1.0620517,0.96199,0.1334126,0.41848785,0.6707001,0.8128262,0.11379126,-0.16463774,0.659461,0.32423326,-0.41838935,-0.59538,0.0020752505,840.9158,803.8461,738.5714,842.52747,799.81683,0.0416259765625,-0.02850341796875,0.9747314453125,1.1962890625,-4.747772216796875,0.19439697265625,1.0,2.0,1.0,4.0,2.0,95.0,event
11:26:15.149,1.043139,0.2551292,0.93043804,1.0186048,0.9007033,0.09280326,0.45979702,1.0620517,0.96199,0.1334126,0.41848785,0.6707001,0.8128262,0.11379126,-0.16463774,0.659461,0.32423326,-0.41838935,-0.59538,0.0020752505,947.6923,812.71063,655.56775,837.6923,899.34064,0.0416259765625,-0.02850341796875,0.9747314453125,1.1962890625,-4.747772216796875,0.19439697265625,1.0,2.0,1.0,4.0,2.0,95.0,event
11:26:15.149,1.043139,0.2551292,0.93043804,1.0186048,0.9007033,0.09280326,0.45979702,1.0620517,0.96199,0.1334126,0.41848785,0.6707001,0.8128262,0.11379126,-0.16463774,0.659461,0.32423326,-0.41838935,-0.59538,0.0020752505,813.91943,808.2784,613.2601,792.5641,921.0989,0.0416259765625,-0.02850341796875,0.9747314453125,1.1962890625,-4.747772216796875,0.19439697265625,1.0,2.0,1.0,4.0,2.0,95.0,event
11:26:15.150,1.043139,0.2551292,0.93043804,1.0186048,0.9007033,0.09280326,0.45979702,1.0620517,0.96199,0.1334126,0.41848785,0.6707001,0.8128262,0.11379126,-0.16463774,0.659461,0.32423326,-0.41838935,-0.59538,0.0020752505,614.87177,804.65204,580.2198,765.9707,829.6337,0.0416259765625,-0.02850341796875,0.9747314453125,1.1962890625,-4.747772216796875,0.19439697265625,1.0,2.0,1.0,4.0,2.0,95.0,event
11:26:15.151,1.043139,0.2551292,0.93043804,1.0186048,0.9007033,0.09280326,0.45979702,1.0620517,0.96199,0.1334126,0.41848785,0.6707001,0.8128262,0.11379126,-0.16463774,0.659461,0.32423326,-0.41838935,-0.59538,0.0020752505,581.8315,795.78754,334.83517,772.01465,900.9524,0.0416259765625,-0.02850341796875,0.9747314453125,1.1962890625,-4.747772216796875,0.19439697265625,1.0,2.0,1.0,4.0,2.0,95.0,event
11:26:15.151,1.043139,0.2551292,0.93043804,1.0186048,0.9007033,0.09280326,0.45979702,1.0620517,0.96199,0.1334126,0.41848785,0.6707001,0.8128262,0.11379126,-0.16463774,0.659461,0.32423326,-0.41838935,-0.59538,0.0020752505,736.1539,805.05493,171.24542,768.7912,1066.5568,0.0416259765625,-0.02850341796875,0.9747314453125,1.1962890625,-4.747772216796875,0.19439697265625,1.0,2.0,1.0,4.0,2.0,95.0,event
11:26:15.152,1.043139,0.2551292,0.93043804,1.0186048,0.9007033,0.09280326,0.45979702,1.0620517,0.96199,0.1334126,0.41848785,0.6707001,0.8128262,0.11379126,-0.16463774,0.659461,0.32423326,-0.41838935,-0.59538,0.0020752505,894.90845,810.696,807.8755,757.1062,870.7326,0.0416259765625,-0.02850341796875,0.9747314453125,1.1962890625,-4.747772216796875,0.19439697265625,1.0,2.0,1.0,4.0,2.0,95.0,event
11:26:15.152,1.043139,0.2551292,0.93043804,1.0186048,0.9007033,0.09280326,0.45979702,1.0620517,0.96199,0.1334126,0.41848785,0.6707001,0.8128262,0.11379126,-0.16463774,0.659461,0.32423326,-0.41838935,-0.59538,0.0020752505,800.6227,799.011,968.24176,730.5128,734.1392,0.0416259765625,-0.02850341796875,0.9747314453125,1.1962890625,-4.747772216796875,0.19439697265625,1.0,2.0,1.0,4.0,2.0,95.0,event
11:26:15.240,1.043139,0.2551292,0.93043804,1.0186048,0.9007033,0.09280326,0.45979702,1.0620517,0.96199,0.1334126,0.41848785,0.6707001,0.8128262,0.11379126,-0.16463774,0.659461,0.32423326,-0.41838935,-0.59538,0.0020752505,566.9231,808.2784,728.9011,690.6227,740.58606,0.05560302734375,-0.01904296875,0.9947509765625,2.938385009765625,-4.254302978515625,0.19439697265625,1.0,2.0,1.0,4.0,2.0,95.0,event
11:26:15.241,1.043139,0.2551292,0.93043804,1.0186048,0.9007033,0.09280326,0.45979702,1.0620517,0.96199,0.1334126,0.41848785,0.6707001,0.8128262,0.11379126,-0.16463774,0.659461,0.32423326,-0.41838935,-0.59538,0.0020752505,485.53113,814.3223,871.53845,649.92676,718.4249,0.05560302734375,-0.01904296875,0.9947509765625,2.938385009765625,-4.254302978515625,0.19439697265625,1.0,2.0,1.0,4.0,2.0,95.0,event
11:26:15.242,1.043139,0.2551292,0.93043804,1.0186048,0.9007033,0.09280326,0.45979702,1.0620517,0.96199,0.1334126,0.41848785,0.6707001,0.8128262,0.11379126,-0.16463774,0.659461,0.32423326,-0.41838935,-0.59538,0.0020752505,610.0366,832.8571,1032.3077,639.0476,721.6484,0.05560302734375,-0.01904296875,0.9947509765625,2.938385009765625,-4.254302978515625,0.19439697265625,1.0,2.0,1.0,4.0,2.0,95.0,event
11:26:15.243,1.043139,0.2551292,0.93043804,1.0186048,0.9007033,0.09280326,0.45979702,1.0620517,0.96199,0.1334126,0.41848785,0.6707001,0.8128262,0.11379126,-0.16463774,0.659461,0.32423326,-0.41838935,-0.59538,0.0020752505,634.61536,893.2967,806.6667,543.5531,781.28204,0.05560302734375,-0.01904296875,0.9947509765625,2.938385009765625,-4.254302978515625,0.19439697265625,1.0,2.0,1.0,4.0,2.0,95.0,event
11:26:15.243,1.043139,0.2551292,0.93043804,1.0186048,0.9007033,0.09280326,0.45979702,1.0620517,0.96199,0.1334126,0.41848785,0.6707001,0.8128262,0.11379126,-0.16463774,0.659461,0.32423326,-0.41838935,-0.59538,0.0020752505,742.1978,863.0769,975.4945,616.08057,754.68866,0.05560302734375,-0.01904296875,0.9947509765625,2.938385009765625,-4.254302978515625,0.19439697265625,1.0,2.0,1.0,4.0,2.0,95.0,event
11:26:15.244,1.043139,0.2551292,0.93043804,1.0186048,0.9007033,0.09280326,0.45979702,1.0620517,0.96199,0.1334126,0.41848785,0.6707001,0.8128262,0.11379126,-0.16463774,0.659461,0.32423326,-0.41838935,-0.59538,0.0020752505,398.09525,930.3663,651.9414,489.96338,773.6264,0.05560302734375,-0.01904296875,0.9947509765625,2.938385009765625,-4.254302978515625,0.19439697265625,1.0,2.0,1.0,4.0,2.0,95.0,event
11:26:15.245,1.043139,0.2551292,0.93043804,1.0186048,0.9007033,0.09280326,0.45979702,1.0620517,0.96199,0.1334126,0.41848785,0.6707001,0.8128262,0.11379126,-0.16463774,0.659461,0.32423326,-0.41838935,-0.59538,0.0020752505,301.79486,947.28937,604.3956,475.05493,817.1429,0.05560302734375,-0.01904296875,0.9947509765625,2.938385009765625,-4.254302978515625,0.19439697265625,1.0,2.0,1.0,4.0,2.0,95.0,event
11:26:15.245,1.043139,0.2551292,0.93043804,1.0186048,0.9007033,0.09280326,0.45979702,1.0620517,0.96199,0.1334126,0.41848785,0.6707001,0.8128262,0.11379126,-0.16463774,0.659461,0.32423326,-0.41838935,-0.59538,0.0020752505,410.5861,955.34796,694.2491,480.29303,838.9011,0.05560302734375,-0.01904296875,0.9947509765625,2.938385009765625,-4.254302978515625,0.19439697265625,1.0,2.0,1.0,4.0,2.0,95.0,event
11:26:15.246,1.043139,0.2551292,0.93043804,1.0186048,0.9007033,0.09280326,0.45979702,1.0620517,0.96199,0.1334126,0.41848785,0.6707001,0.8128262,0.11379126,-0.16463774,0.659461,0.32423326,-0.41838935,-0.59538,0.0020752505,581.8315,963.00366,272.38095,490.3663,1045.2014,0.05560302734375,-0.01904296875,0.9947509765625,2.938385009765625,-4.254302978515625,0.19439697265625,1.0,2.0,1.0,4.0,2.0,95.0,event
11:26:15.247,1.043139,0.2551292,0.93043804,1.0186048,0.9007033,0.09280326,0.45979702,1.0620517,0.96199,0.1334126,0.41848785,0.6707001,0.8128262,0.11379126,-0.16463774,0.659461,0.32423326,-0.41838935,-0.59538,0.0020752505,577.3993,967.4359,336.84982,480.29303,995.64105,0.05560302734375,-0.01904296875,0.9947509765625,2.938385009765625,-4.254302978515625,0.19439697265625,1.0,2.0,1.0,4.0,2.0,95.0,event
11:26:15.248,1.043139,0.2551292,0.93043804,1.0186048,0.9007033,0.09280326,0.45979702,1.0620517,0.96199,0.1334126,0.41848785,0.6707001,0.8128262,0.11379126,-0.16463774,0.659461,0.32423326,-0.41838935,-0.59538,0.0020752505,400.1099,969.85345,893.69965,472.23444,669.2674,0.05560302734375,-0.01904296875,0.9947509765625,2.938385009765625,-4.254302978515625,0.19439697265625,1.0,2.0,1.0,4.0,2.0,95.0,event
11:26:15.248,1.043139,0.2551292,0.93043804,1.0186048,0.9007033,0.09280326,0.45979702,1.0620517,0.96199,0.1334126,0.41848785,0.6707001,0.8128262,0.11379126,-0.16463774,0.659461,0.32423326,-0.41838935,-0.59538,0.0020752505,316.30035,961.39197,749.45056,496.8132,670.87915,0.05560302734375,-0.01904296875,0.9947509765625,2.938385009765625,-4.254302978515625,0.19439697265625,1.0,2.0,1.0,4.0,2.0,95.0,event
11:26:15.282,1.043139,0.2551292,0.93043804,1.0186048,0.9007033,0.09280326,0.45979702,1.0620517,0.96199,0.1334126,0.41848785,0.6707001,0.8128262,0.11379126,-0.16463774,0.659461,0.32423326,-0.41838935,-0.59538,0.0020752505,432.74725,945.6777,767.98535,531.8681,748.24176,0.05194091796875,-0.0142822265625,0.98638916015625,2.773895263671875,-4.605712890625,1.375732421875,1.0,2.0,1.0,4.0,2.0,95.0,event
11:26:15.284,1.043139,0.2551292,0.93043804,1.0186048,0.9007033,0.09280326,0.45979702,1.0620517,0.96199,0.1334126,0.41848785,0.6707001,0.8128262,0.11379126,-0.16463774,0.659461,0.32423326,-0.41838935,-0.59538,0.0020752505,652.3443,931.5751,1112.4908,561.685,819.9634,0.05194091796875,-0.0142822265625,0.98638916015625,2.773895263671875,-4.605712890625,1.375732421875,1.0,2.0,1.0,4.0,2.0,95.0,event
11:26:15.286,1.043139,0.2551292,0.93043804,1.0186048,0.9007033,0.09280326,0.45979702,1.0620517,0.96199,0.1334126,0.41848785,0.6707001,0.8128262,0.11379126,-0.16463774,0.659461,0.32423326,-0.41838935,-0.59538,0.0020752505,689.41394,915.4579,1093.1501,579.41394,807.8755,0.05194091796875,-0.0142822265625,0.98638916015625,2.773895263671875,-4.605712890625,1.375732421875,1.0,2.0,1.0,4.0,2.0,95.0,event
11:26:15.288,1.043139,0.2551292,0.93043804,1.0186048,0.9007033,0.09280326,0.45979702,1.0620517,0.96199,0.1334126,0.41848785,0.6707001,0.8128262,0.11379126,-0.16463774,0.659461,0.32423326,-0.41838935,-0.59538,0.0020752505,426.7033,889.67035,707.5458,607.619,768.3883,0.05194091796875,-0.0142822265625,0.98638916015625,2.773895263671875,-4.605712890625,1.375732421875,1.0,2.0,1.0,4.0,2.0,95.0,event
11:26:15.288,1.043139,0.2551292,0.93043804,1.0186048,0.9007033,0.09280326,0.45979702,1.0620517,0.96199,0.1334126,0.41848785,0.6707001,0.8128262,0.11379126,-0.16463774,0.659461,0.32423326,-0.41838935,-0.59538,0.0020752505,513.73627,904.57874,759.5238,593.91943,778.86444,0.05194091796875,-0.0142822265625,0.98638916015625,2.773895263671875,-4.605712890625,1.375732421875,1.0,2.0,1.0,4.0,2.0,95.0,event
11:26:15.289,1.043139,0.2551292,0.93043804,1.0186048,0.9007033,0.09280326,0.45979702,1.0620517,0.96199,0.1334126,0.41848785,0.6707001,0.8128262,0.11379126,-0.16463774,0.659461,0.32423326,-0.41838935,-0.59538,0.0020752505,539.5238,881.2088,764.7619,642.674,777.25275,0.05194091796875,-0.0142822265625,0.98638916015625,2.773895263671875,-4.605712890625,1.375732421875,1.0,2.0,1.0,4.0,2.0,95.0,event
11:26:15.293,1.043139,0.2551292,0.93043804,1.0186048,0.9007033,0.09280326,0.45979702,1.0620517,0.96199,0.1334126,0.41848785,0.6707001,0.8128262,0.11379126,-0.16463774,0.659461,0.32423326,-0.41838935,-0.59538,0.0020752505,767.5824,876.3736,807.0696,689.81683,847.76556,0.05194091796875,-0.0142822265625,0.98638916015625,2.773895263671875,-4.605712890625,1.375732421875,1.0,2.0,1.0,4.0,2.0,95.0,event
11:26:15.294,1.043139,0.2551292,0.93043804,1.0186048,0.9007033,0.09280326,0.45979702,1.0620517,0.96199,0.1334126,0.41848785,0.6707001,0.8128262,0.11379126,-0.16463774,0.659461,0.32423326,-0.41838935,-0.59538,0.0020752505,836.08057,858.24176,451.68497,721.6484,968.24176,0.05194091796875,-0.0142822265625,0.98638916015625,2.773895263671875,-4.605712890625,1.375732421875,1.0,2.0,1.0,4.0,2.0,95.0,event
11:26:15.295,1.043139,0.2551292,0.93043804,1.0186048,0.9007033,0.09280326,0.45979702,1.0620517,0.96199,0.1334126,0.41848785,0.6707001,0.8128262,0.11379126,-0.16463774,0.659461,0.32423326,-0.41838935,-0.59538,0.0020752505,680.9524,847.3626,218.79121,740.989,962.1978,0.05194091796875,-0.0142822265625,0.98638916015625,2.773895263671875,-4.605712890625,1.375732421875,1.0,2.0,1.0,4.0,2.0,95.0,event
11:26:15.296,1.043139,0.2551292,0.93043804,1.0186048,0.9007033,0.09280326,0.45979702,1.0620517,0.96199,0.1334126,0.41848785,0.6707001,0.8128262,0.11379126,-0.16463774,0.659461,0.32423326,-0.41838935,-0.59538,0.0020752505,586.26373,842.1245,765.16486,753.0769,733.73627,0.05194091796875,-0.0142822265625,0.98638916015625,2.773895263671875,-4.605712890625,1.375732421875,1.0,2.0,1.0,4.0,2.0,95.0,event
11:26:15.296,1.043139,0.2551292,0.93043804,1.0186048,0.9007033,0.09280326,0.45979702,1.0620517,0.96199,0.1334126,0.41848785,0.6707001,0.8128262,0.11379126,-0.16463774,0.659461,0.32423326,-0.41838935,-0.59538,0.0020752505,668.0586,828.4249,879.59705,772.01465,671.685,0.05194091796875,-0.0142822265625,0.98638916015625,2.773895263671875,-4.605712890625,1.375732421875,1.0,2.0,1.0,4.0,2.0,95.0,event
11:26:15.297,1.043139,0.2551292,0.93043804,1.0186048,0.9007033,0.09280326,0.45979702,1.0620517,0.96199,0.1334126,0.41848785,0.6707001,0.8128262,0.11379126,-0.16463774,0.659461,0.32423326,-0.41838935,-0.59538,0.0020752505,874.7619,816.337,717.619,815.12823,769.59705,0.05194091796875,-0.0142822265625,0.98638916015625,2.773895263671875,-4.605712890625,1.375732421875,1.0,2.0,1.0,4.0,2.0,95.0,event
11:26:15.323,1.043139,0.2551292,0.93043804,1.0186048,0.9007033,0.09280326,0.45979702,1.0620517,0.96199,0.1334126,0.41848785,0.6707001,0.8128262,0.11379126,-0.16463774,0.659461,0.32423326,-0.41838935,-0.59538,0.0020752505,979.12085,812.71063,833.2601,834.4689,792.96704,0.0413818359375,-0.02215576171875,0.9803466796875,2.415008544921875,-9.263763427734377,1.413116455078125,1.0,2.0,1.0,4.0,2.0,95.0,event
11:26:15.324,1.043139,0.2551292,0.93043804,1.0186048,0.9007033,0.09280326,0.45979702,1.0620517,0.96199,0.1334126,0.41848785,0.6707001,0.8128262,0.11379126,-0.16463774,0.659461,0.32423326,-0.41838935,-0.59538,0.0020752505,843.73627,808.2784,921.9048,832.4542,722.0513,0.0413818359375,-0.02215576171875,0.9803466796875,2.415008544921875,-9.263763427734377,1.413116455078125,1.0,2.0,1.0,4.0,2.0,95.0,event
11:26:15.325,1.043139,0.2551292,0.93043804,1.0186048,0.9007033,0.09280326,0.45979702,1.0620517,0.96199,0.1334126,0.41848785,0.6707001,0.8128262,0.11379126,-0.16463774,0.659461,0.32423326,-0.41838935,-0.59538,0.0020752505,695.8608,794.57874,770.80585,848.5714,732.52747,0.0413818359375,-0.02215576171875,0.9803466796875,2.415008544921875,-9.263763427734377,1.413116455078125,1.0,2.0,1.0,4.0,2.0,95.0,event
11:26:15.326,1.043139,0.2551292,0.93043804,1.0186048,0.9007033,0.09280326,0.45979702,1.0620517,0.96199,0.1334126,0.41848785,0.6707001,0.8128262,0.11379126,-0.16463774,0.659461,0.32423326,-0.41838935,-0.59538,0.0020752505,741.39197,787.72894,663.6264,875.9707,807.8755,0.0413818359375,-0.02215576171875,0.9803466796875,2.415008544921875,-9.263763427734377,1.413116455078125,1.0,2.0,1.0,4.0,2.0,95.0,event
11:26:15.326,1.043139,0.2551292,0.93043804,1.0186048,0.9007033,0.09280326,0.45979702,1.0620517,0.96199,0.1334126,0.41848785,0.6707001,0.8128262,0.11379126,-0.16463774,0.659461,0.32423326,-0.41838935,-0.59538,0.0020752505,954.5421,784.90845,878.3883,906.99634,822.7839,0.0413818359375,-0.02215576171875,0.9803466796875,2.415008544921875,-9.263763427734377,1.413116455078125,1.0,2.0,1.0,4.0,2.0,95.0,event
11:26:15.327,1.043139,0.2551292,0.93043804,1.0186048,0.9007033,0.09280326,0.45979702,1.0620517,0.96199,0.1334126,0.41848785,0.6707001,0.8128262,0.11379126,-0.16463774,0.659461,0.32423326,-0.41838935,-0.59538,0.0020752505,1075.8242,779.2674,882.4176,926.337,928.7546,0.0413818359375,-0.02215576171875,0.9803466796875,2.415008544921875,-9.263763427734377,1.413116455078125,1.0,2.0,1.0,4.0,2.0,95.0,event
11:26:15.328,1.043139,0.2551292,0.93043804,1.0186048,0.9007033,0.09280326,0.45979702,1.0620517,0.96199,0.1334126,0.41848785,0.6707001,0.8128262,0.11379126,-0.16463774,0.659461,0.32423326,-0.41838935,-0.59538,0.0020752505,943.663,774.0293,633.00366,917.47253,967.8388,0.0413818359375,-0.02215576171875,0.9803466796875,2.415008544921875,-9.263763427734377,1.413116455078125,1.0,2.0,1.0,4.0,2.0,95.0,event
11:26:15.328,1.043139,0.2551292,0.93043804,1.0186048,0.9007033,0.09280326,0.45979702,1.0620517,0.96199,0.1334126,0.41848785,0.6707001,0.8128262,0.11379126,-0.16463774,0.659461,0.32423326,-0.41838935,-0.59538,0.0020752505,758.315,767.1795,152.71062,917.47253,1056.0806,0.0413818359375,-0.02215576171875,0.9803466796875,2.415008544921875,-9.263763427734377,1.413116455078125,1.0,2.0,1.0,4.0,2.0,95.0,event
11:26:15.329,1.043139,0.2551292,0.93043804,1.0186048,0.9007033,0.09280326,0.45979702,1.0620517,0.96199,0.1334126,0.41848785,0.6707001,0.8128262,0.11379126,-0.16463774,0.659461,0.32423326,-0.41838935,-0.59538,0.0020752505,790.14655,769.19415,325.9707,945.2747,955.7509,0.0413818359375,-0.02215576171875,0.9803466796875,2.415008544921875,-9.263763427734377,1.413116455078125,1.0,2.0,1.0,4.0,2.0,95.0,event
11:26:15.330,1.043139,0.2551292,0.93043804,1.0186048,0.9007033,0.09280326,0.45979702,1.0620517,0.96199,0.1334126,0.41848785,0.6707001,0.8128262,0.11379126,-0.16463774,0.659461,0.32423326,-0.41838935,-0.59538,0.0020752505,1000.07324,769.19415,1002.8938,964.21246,719.2308,0.0413818359375,-0.02215576171875,0.9803466796875,2.415008544921875,-9.263763427734377,1.413116455078125,1.0,2.0,1.0,4.0,2.0,95.0,event
11:26:15.331,1.043139,0.2551292,0.93043804,1.0186048,0.9007033,0.09280326,0.45979702,1.0620517,0.96199,0.1334126,0.41848785,0.6707001,0.8128262,0.11379126,-0.16463774,0.659461,0.32423326,-0.41838935,-0.59538,0.0020752505,1123.773,766.3736,915.4579,973.8828,811.9048,0.0413818359375,-0.02215576171875,0.9803466796875,2.415008544921875,-9.263763427734377,1.413116455078125,1.0,2.0,1.0,4.0,2.0,95.0,event
11:26:15.333,1.043139,0.2551292,0.93043804,1.0186048,0.9007033,0.09280326,0.45979702,1.0620517,0.96199,0.1334126,0.41848785,0.6707001,0.8128262,0.11379126,-0.16463774,0.659461,0.32423326,-0.41838935,-0.59538,0.0020752505,1012.1612,766.3736,746.63007,962.6007,831.6484,0.0413818359375,-0.02215576171875,0.9803466796875,2.415008544921875,-9.263763427734377,1.413116455078125,1.0,2.0,1.0,4.0,2.0,95.0,event
11:26:15.359,1.043139,0.2551292,0.93043804,1.0186048,0.9007033,0.09280326,0.45979702,1.0620517,0.96199,0.1334126,0.41848785,0.6707001,0.8128262,0.11379126,-0.16463774,0.659461,0.32423326,-0.41838935,-0.59538,0.0020752505,837.28937,770.0,894.10254,948.49817,739.7802,0.0413818359375,-0.02215576171875,0.9803466796875,2.415008544921875,-9.263763427734377,1.413116455078125,1.0,2.0,1.0,4.0,2.0,95.0,event
11:26:15.362,1.043139,0.2551292,0.93043804,1.0186048,0.9007033,0.09280326,0.45979702,1.0620517,0.96199,0.1334126,0.41848785,0.6707001,0.8128262,0.11379126,-0.16463774,0.659461,0.32423326,-0.41838935,-0.59538,0.0020752505,827.2161,777.25275,922.71063,968.24176,735.34796,0.0413818359375,-0.02215576171875,0.9803466796875,2.415008544921875,-9.263763427734377,1.413116455078125,1.0,2.0,1.0,4.0,2.0,95.0,event
11:26:15.363,1.043139,0.2551292,0.93043804,1.0186048,0.9007033,0.09280326,0.45979702,1.0620517,0.96199,0.1334126,0.41848785,0.6707001,0.8128262,0.11379126,-0.16463774,0.659461,0.32423326,-0.41838935,-0.59538,0.0020752505,984.7619,778.46155,715.2015,989.19415,817.5458,0.0413818359375,-0.02215576171875,0.9803466796875,2.415008544921875,-9.263763427734377,1.413116455078125,1.0,2.0,1.0,4.0,2.0,95.0,event
11:26:15.365,1.043139,0.2551292,0.93043804,1.0186048,0.9007033,0.09280326,0.45979702,1.0620517,0.96199,0.1334126,0.41848785,0.6707001,0.8128262,0.11379126,-0.16463774,0.659461,0.32423326,-0.41838935,-0.59538,0.0020752505,1137.4725,778.86444,801.4286,986.3736,825.6044,0.0413818359375,-0.02215576171875,0.9803466796875,2.415008544921875,-9.263763427734377,1.413116455078125,1.0,2.0,1.0,4.0,2.0,95.0,event
11:26:15.366,1.043139,0.2551292,0.93043804,1.0186048,0.9007033,0.09280326,0.45979702,1.0620517,0.96199,0.1334126,0.41848785,0.6707001,0.8128262,0.11379126,-0.16463774,0.659461,0.32423326,-0.41838935,-0.59538,0.0020752505,1039.5604,778.0586,880.80585,966.63007,774.83514,0.0413818359375,-0.02215576171875,0.9803466796875,2.415008544921875,-9.263763427734377,1.413116455078125,1.0,2.0,1.0,4.0,2.0,95.0,event
11:26:15.367,1.043139,0.2551292,0.93043804,1.0186048,0.9007033,0.09280326,0.45979702,1.0620517,0.96199,0.1334126,0.41848785,0.6707001,0.8128262,0.11379126,-0.16463774,0.659461,0.32423326,-0.41838935,-0.59538,0.0020752505,823.9927,776.04395,648.71796,951.31866,781.685,0.0413818359375,-0.02215576171875,0.9803466796875,2.415008544921875,-9.263763427734377,1.413116455078125,1.0,2.0,1.0,4.0,2.0,95.0,event
11:26:15.368,1.043139,0.2551292,0.93043804,1.0186048,0.9007033,0.09280326,0.45979702,1.0620517,0.96199,0.1334126,0.41848785,0.6707001,0.8128262,0.11379126,-0.16463774,0.659461,0.32423326,-0.41838935,-0.59538,0.0020752505,780.87915,776.4469,315.09158,960.58606,936.4103,0.0413818359375,-0.02215576171875,0.9803466796875,2.415008544921875,-9.263763427734377,1.413116455078125,1.0,2.0,1.0,4.0,2.0,95.0,event
11:26:15.369,1.043139,0.2551292,0.93043804,1.0186048,0.9007033,0.09280326,0.45979702,1.0620517,0.96199,0.1334126,0.41848785,0.6707001,0.8128262,0.11379126,-0.16463774,0.659461,0.32423326,-0.41838935,-0.59538,0.0020752505,915.05493,780.87915,99.12088,991.2088,1050.0366,0.0413818359375,-0.02215576171875,0.9803466796875,2.415008544921875,-9.263763427734377,1.413116455078125,1.0,2.0,1.0,4.0,2.0,95.0,event
11:26:15.373,1.043139,0.2551292,0.93043804,1.0186048,0.9007033,0.09280326,0.45979702,1.0620517,0.96199,0.1334126,0.41848785,0.6707001,0.8128262,0.11379126,-0.16463774,0.659461,0.32423326,-0.41838935,-0.59538,0.0020752505,1079.0476,785.7143,656.3736,995.2381,814.7253,0.0413818359375,-0.02215576171875,0.9803466796875,2.415008544921875,-9.263763427734377,1.413116455078125,1.0,2.0,1.0,4.0,2.0,95.0,event
11:26:15.374,1.043139,0.2551292,0.93043804,1.0186048,0.9007033,0.09280326,0.45979702,1.0620517,0.96199,0.1334126,0.41848785,0.6707001,0.8128262,0.11379126,-0.16463774,0.659461,0.32423326,-0.41838935,-0.59538,0.0020752505,1027.4725,788.5348,886.4469,965.82416,693.8461,0.0413818359375,-0.02215576171875,0.9803466796875,2.415008544921875,-9.263763427734377,1.413116455078125,1.0,2.0,1.0,4.0,2.0,95.0,event
11:26:15.375,1.043139,0.2551292,0.93043804,1.0186048,0.9007033,0.09280326,0.45979702,1.0620517,0.96199,0.1334126,0.41848785,0.6707001,0.8128262,0.11379126,-0.16463774,0.659461,0.32423326,-0.41838935,-0.59538,0.0020752505,826.4103,793.36993,664.43225,942.0513,743.4066,0.0413818359375,-0.02215576171875,0.9803466796875,2.415008544921875,-9.263763427734377,1.413116455078125,1.0,2.0,1.0,4.0,2.0,95.0,event
11:26:15.375,1.043139,0.2551292,0.93043804,1.0186048,0.9007033,0.09280326,0.45979702,1.0620517,0.96199,0.1334126,0.41848785,0.6707001,0.8128262,0.11379126,-0.16463774,0.659461,0.32423326,-0.41838935,-0.59538,0.0020752505,758.71796,793.7729,743.00366,930.3663,723.2601,0.0413818359375,-0.02215576171875,0.9803466796875,2.415008544921875,-9.263763427734377,1.413116455078125,1.0,2.0,1.0,4.0,2.0,95.0,event
11:26:15.401,1.043139,0.2551292,0.93043804,1.0186048,0.9007033,0.09280326,0.45979702,1.0620517,0.96199,0.1334126,0.41848785,0.6707001,0.8128262,0.11379126,-0.16463774,0.659461,0.32423326,-0.41838935,-0.59538,0.0020752505,892.0879,799.011,960.989,942.0513,709.9634,0.08416748046875,-0.02203369140625,0.9735107421875,6.35528564453125,-6.347808837890625,-1.413116455078125,1.0,2.0,1.0,4.0,2.0,95.0,event
11:26:15.402,1.043139,0.2551292,0.93043804,1.0186048,0.9007033,0.09280326,0.45979702,1.0620517,0.96199,0.1334126,0.41848785,0.6707001,0.8128262,0.11379126,-0.16463774,0.659461,0.32423326,-0.41838935,-0.59538,0.0020752505,1066.5568,799.81683,956.9597,956.9597,764.7619,0.08416748046875,-0.02203369140625,0.9735107421875,6.35528564453125,-6.347808837890625,-1.413116455078125,1.0,2.0,1.0,4.0,2.0,95.0,event
11:26:15.403,1.043139,0.2551292,0.93043804,1.0186048,0.9007033,0.09280326,0.45979702,1.0620517,0.96199,0.1334126,0.41848785,0.6707001,0.8128262,0.11379126,-0.16463774,0.659461,0.32423326,-0.41838935,-0.59538,0.0020752505,1032.3077,796.5934,758.315,929.9634,796.99634,0.08416748046875,-0.02203369140625,0.9735107421875,6.35528564453125,-6.347808837890625,-1.413116455078125,1.0,2.0,1.0,4.0,2.0,95.0,event
11:26:15.403,1.043139,0.2551292,0.93043804,1.0186048,0.9007033,0.09280326,0.45979702,1.0620517,0.96199,0.1334126,0.41848785,0.6707001,0.8128262,0.11379126,-0.16463774,0.659461,0.32423326,-0.41838935,-0.59538,0.0020752505,827.2161,799.41394,785.31134,900.54944,762.3443,0.08416748046875,-0.02203369140625,0.9735107421875,6.35528564453125,-6.347808837890625,-1.413116455078125,1.0,2.0,1.0,4.0,2.0,95.0,event
11:26:15.404,1.043139,0.2551292,0.93043804,1.0186048,0.9007033,0.09280326,0.45979702,1.0620517,0.96199,0.1334126,0.41848785,0.6707001,0.8128262,0.11379126,-0.16463774,0.659461,0.32423326,-0.41838935,-0.59538,0.0020752505,743.8095,801.4286,857.8388,902.96704,702.71063,0.08416748046875,-0.02203369140625,0.9735107421875,6.35528564453125,-6.347808837890625,-1.413116455078125,1.0,2.0,1.0,4.0,2.0,95.0,event
11:26:15.405,1.043139,0.2551292,0.93043804,1.0186048,0.9007033,0.09280326,0.45979702,1.0620517,0.96199,0.1334126,0.41848785,0.6707001,0.8128262,0.11379126,-0.16463774,0.659461,0.32423326,-0.41838935,-0.59538,0.0020752505,1025.0549,803.44324,505.67764,917.8755,1046.0073,0.08416748046875,-0.02203369140625,0.9735107421875,6.35528564453125,-6.347808837890625,-1.413116455078125,1.0,2.0,1.0,4.0,2.0,95.0,event
11:26:15.405,1.043139,0.2551292,0.93043804,1.0186048,0.9007033,0.09280326,0.45979702,1.0620517,0.96199,0.1334126,0.41848785,0.6707001,0.8128262,0.11379126,-0.16463774,0.659461,0.32423326,-0.41838935,-0.59538,0.0020752505,853.4066,802.6374,762.74725,906.1905,828.8278,0.08416748046875,-0.02203369140625,0.9735107421875,6.35528564453125,-6.347808837890625,-1.413116455078125,1.0,2.0,1.0,4.0,2.0,95.0,event
11:26:15.406,1.043139,0.2551292,0.93043804,1.0186048,0.9007033,0.09280326,0.45979702,1.0620517,0.96199,0.1334126,0.41848785,0.6707001,0.8128262,0.11379126,-0.16463774,0.659461,0.32423326,-0.41838935,-0.59538,0.0020752505,1032.7106,807.47253,537.9121,919.4872,983.1502,0.08416748046875,-0.02203369140625,0.9735107421875,6.35528564453125,-6.347808837890625,-1.413116455078125,1.0,2.0,1.0,4.0,2.0,95.0,event
11:26:15.407,1.043139,0.2551292,0.93043804,1.0186048,0.9007033,0.09280326,0.45979702,1.0620517,0.96199,0.1334126,0.41848785,0.6707001,0.8128262,0.11379126,-0.16463774,0.659461,0.32423326,-0.41838935,-0.59538,0.0020752505,840.9158,813.1135,821.978,896.9231,747.8388,0.08416748046875,-0.02203369140625,0.9735107421875,6.35528564453125,-6.347808837890625,-1.413116455078125,1.0,2.0,1.0,4.0,2.0,95.0,event
11:26:15.407,1.043139,0.2551292,0.93043804,1.0186048,0.9007033,0.09280326,0.45979702,1.0620517,0.96199,0.1334126,0.41848785,0.6707001,0.8128262,0.11379126,-0.16463774,0.659461,0.32423326,-0.41838935,-0.59538,0.0020752505,728.0952,813.1135,744.21246,895.7143,813.91943,0.08416748046875,-0.02203369140625,0.9735107421875,6.35528564453125,-6.347808837890625,-1.413116455078125,1.0,2.0,1.0,4.0,2.0,95.0,event
11:26:15.408,1.043139,0.2551292,0.93043804,1.0186048,0.9007033,0.09280326,0.45979702,1.0620517,0.96199,0.1334126,0.41848785,0.6707001,0.8128262,0.11379126,-0.16463774,0.659461,0.32423326,-0.41838935,-0.59538,0.0020752505,807.0696,811.0989,498.82785,905.78754,1015.38464,0.08416748046875,-0.02203369140625,0.9735107421875,6.35528564453125,-6.347808837890625,-1.413116455078125,1.0,2.0,1.0,4.0,2.0,95.0,event
11:26:15.409,1.043139,0.2551292,0.93043804,1.0186048,0.9007033,0.09280326,0.45979702,1.0620517,0.96199,0.1334126,0.41848785,0.6707001,0.8128262,0.11379126,-0.16463774,0.659461,0.32423326,-0.41838935,-0.59538,0.0020752505,1005.7143,815.9341,881.6117,917.47253,858.24176,0.08416748046875,-0.02203369140625,0.9735107421875,6.35528564453125,-6.347808837890625,-1.413116455078125,1.0,2.0,1.0,4.0,2.0,95.0,event
11:26:15.432,1.043139,0.2551292,0.93043804,1.0186048,0.9007033,0.09280326,0.45979702,1.0620517,0.96199,0.1334126,0.41848785,0.6707001,0.8128262,0.11379126,-0.16463774,0.659461,0.32423326,-0.41838935,-0.59538,0.0020752505,1056.0806,819.9634,1054.8718,913.0403,698.2784,0.06512451171875,-0.008056640625,1.00262451171875,6.691741943359375,-5.62255859375,5.75714111328125,1.0,2.0,1.0,4.0,2.0,95.0,event
11:26:15.433,1.043139,0.2551292,0.93043804,1.0186048,0.9007033,0.09280326,0.45979702,1.0620517,0.96199,0.1334126,0.41848785,0.6707001,0.8128262,0.11379126,-0.16463774,0.659461,0.32423326,-0.41838935,-0.59538,0.0020752505,853.8095,819.15753,786.52014,885.64105,813.91943,0.06512451171875,-0.008056640625,1.00262451171875,6.691741943359375,-5.62255859375,5.75714111328125,1.0,2.0,1.0,4.0,2.0,95.0,event
11:26:15.434,1.043139,0.2551292,0.93043804,1.0186048,0.9007033,0.09280326,0.45979702,1.0620517,0.96199,0.1334126,0.41848785,0.6707001,0.8128262,0.11379126,-0.16463774,0.659461,0.32423326,-0.41838935,-0.59538,0.0020752505,725.2747,818.3516,728.49817,885.64105,827.2161,0.06512451171875,-0.008056640625,1.00262451171875,6.691741943359375,-5.62255859375,5.75714111328125,1.0,2.0,1.0,4.0,2.0,95.0,event
11:26:15.435,1.043139,0.2551292,0.93043804,1.0186048,0.9007033,0.09280326,0.45979702,1.0620517,0.96199,0.1334126,0.41848785,0.6707001,0.8128262,0.11379126,-0.16463774,0.659461,0.32423326,-0.41838935,-0.59538,0.0020752505,794.17584,819.5604,953.73627,890.07324,726.4835,0.06512451171875,-0.008056640625,1.00262451171875,6.691741943359375,-5.62255859375,5.75714111328125,1.0,2.0,1.0,4.0,2.0,95.0,event
11:26:15.435,1.043139,0.2551292,0.93043804,1.0186048,0.9007033,0.09280326,0.45979702,1.0620517,0.96199,0.1334126,0.41848785,0.6707001,0.8128262,0.11379126,-0.16463774,0.659461,0.32423326,-0.41838935,-0.59538,0.0020752505,972.27106,818.3516,1036.337,895.7143,749.85345,0.06512451171875,-0.008056640625,1.00262451171875,6.691741943359375,-5.62255859375,5.75714111328125,1.0,2.0,1.0,4.0,2.0,95.0,event
11:26:15.436,1.043139,0.2551292,0.93043804,1.0186048,0.9007033,0.09280326,0.45979702,1.0620517,0.96199,0.1334126,0.41848785,0.6707001,0.8128262,0.11379126,-0.16463774,0.659461,0.32423326,-0.41838935,-0.59538,0.0020752505,1033.9194,814.3223,703.1135,905.38464,866.30035,0.06512451171875,-0.008056640625,1.00262451171875,6.691741943359375,-5.62255859375,5.75714111328125,1.0,2.0,1.0,4.0,2.0,95.0,event
11:26:15.437,1.043139,0.2551292,0.93043804,1.0186048,0.9007033,0.09280326,0.45979702,1.0620517,0.96199,0.1334126,0.41848785,0.6707001,0.8128262,0.11379126,-0.16463774,0.659461,0.32423326,-0.41838935,-0.59538,0.0020752505,709.9634,820.3663,661.6117,873.1502,695.4579,0.06512451171875,-0.008056640625,1.00262451171875,6.691741943359375,-5.62255859375,5.75714111328125,1.0,2.0,1.0,4.0,2.0,95.0,event
11:26:15.437,1.043139,0.2551292,0.93043804,1.0186048,0.9007033,0.09280326,0.45979702,1.0620517,0.96199,0.1334126,0.41848785,0.6707001,0.8128262,0.11379126,-0.16463774,0.659461,0.32423326,-0.41838935,-0.59538,0.0020752505,863.47986,817.5458,468.60806,885.64105,869.12085,0.06512451171875,-0.008056640625,1.00262451171875,6.691741943359375,-5.62255859375,5.75714111328125,1.0,2.0,1.0,4.0,2.0,95.0,event
11:26:15.438,1.043139,0.2551292,0.93043804,1.0186048,0.9007033,0.09280326,0.45979702,1.0620517,0.96199,0.1334126,0.41848785,0.6707001,0.8128262,0.11379126,-0.16463774,0.659461,0.32423326,-0.41838935,-0.59538,0.0020752505,747.03296,820.3663,730.10986,892.0879,722.4542,0.06512451171875,-0.008056640625,1.00262451171875,6.691741943359375,-5.62255859375,5.75714111328125,1.0,2.0,1.0,4.0,2.0,95.0,event
11:26:15.439,1.043139,0.2551292,0.93043804,1.0186048,0.9007033,0.09280326,0.45979702,1.0620517,0.96199,0.1334126,0.41848785,0.6707001,0.8128262,0.11379126,-0.16463774,0.659461,0.32423326,-0.41838935,-0.59538,0.0020752505,937.2161,820.3663,653.1502,909.011,859.85345,0.06512451171875,-0.008056640625,1.00262451171875,6.691741943359375,-5.62255859375,5.75714111328125,1.0,2.0,1.0,4.0,2.0,95.0,event
11:26:15.441,,,,,,,,,,,,,,,,,,,,,,,,,,,,,,,,,,,,,,blink
11:26:15.442,1.043139,0.2551292,0.93043804,1.0186048,0.9007033,0.09280326,0.45979702,1.0620517,0.96199,0.1334126,0.41848785,0.6707001,0.8128262,0.11379126,-0.16463774,0.659461,0.32423326,-0.41838935,-0.59538,0.0020752505,1029.0842,818.7546,797.8022,903.36993,805.05493,0.06512451171875,-0.008056640625,1.00262451171875,6.691741943359375,-5.62255859375,5.75714111328125,1.0,2.0,1.0,4.0,2.0,95.0,event
11:26:15.443,1.043139,0.2551292,0.93043804,1.0186048,0.9007033,0.09280326,0.45979702,1.0620517,0.96199,0.1334126,0.41848785,0.6707001,0.8128262,0.11379126,-0.16463774,0.659461,0.32423326,-0.41838935,-0.59538,0.0020752505,880.40295,820.7692,906.99634,878.7912,753.8828,0.06512451171875,-0.008056640625,1.00262451171875,6.691741943359375,-5.62255859375,5.75714111328125,1.0,2.0,1.0,4.0,2.0,95.0,event
11:26:15.487,1.043139,0.2551292,0.93043804,1.0186048,0.9007033,0.09280326,0.45979702,1.0620517,0.96199,0.1334126,0.41848785,0.6707001,0.8128262,0.11379126,-0.16463774,0.659461,0.32423326,-0.41838935,-0.59538,0.0020752505,691.8315,820.3663,853.00366,857.8388,672.0879,0.046630859375,-0.0150146484375,0.9825439453125,2.76641845703125,-3.177642822265625,1.95892333984375,1.0,2.0,1.0,4.0,2.0,95.0,event
11:26:15.488,1.043139,0.2551292,0.93043804,1.0186048,0.9007033,0.09280326,0.45979702,1.0620517,0.96199,0.1334126,0.41848785,0.6707001,0.8128262,0.11379126,-0.16463774,0.659461,0.32423326,-0.41838935,-0.59538,0.0020752505,682.5641,817.9487,334.83517,863.0769,857.03296,0.046630859375,-0.0150146484375,0.9825439453125,2.76641845703125,-3.177642822265625,1.95892333984375,1.0,2.0,1.0,4.0,2.0,95.0,event
11:26:15.488,1.043139,0.2551292,0.93043804,1.0186048,0.9007033,0.09280326,0.45979702,1.0620517,0.96199,0.1334126,0.41848785,0.6707001,0.8128262,0.11379126,-0.16463774,0.659461,0.32423326,-0.41838935,-0.59538,0.0020752505,885.2381,825.2015,282.45422,888.0586,975.89746,0.046630859375,-0.0150146484375,0.9825439453125,2.76641845703125,-3.177642822265625,1.95892333984375,1.0,2.0,1.0,4.0,2.0,95.0,event
11:26:15.489,1.043139,0.2551292,0.93043804,1.0186048,0.9007033,0.09280326,0.45979702,1.0620517,0.96199,0.1334126,0.41848785,0.6707001,0.8128262,0.11379126,-0.16463774,0.659461,0.32423326,-0.41838935,-0.59538,0.0020752505,1019.41394,830.0366,906.1905,887.25275,698.2784,0.046630859375,-0.0150146484375,0.9825439453125,2.76641845703125,-3.177642822265625,1.95892333984375,1.0,2.0,1.0,4.0,2.0,95.0,event
11:26:15.490,1.043139,0.2551292,0.93043804,1.0186048,0.9007033,0.09280326,0.45979702,1.0620517,0.96199,0.1334126,0.41848785,0.6707001,0.8128262,0.11379126,-0.16463774,0.659461,0.32423326,-0.41838935,-0.59538,0.0020752505,884.43225,825.6044,834.4689,863.8828,728.49817,0.046630859375,-0.0150146484375,0.9825439453125,2.76641845703125,-3.177642822265625,1.95892333984375,1.0,2.0,1.0,4.0,2.0,95.0,event
11:26:15.491,1.043139,0.2551292,0.93043804,1.0186048,0.9007033,0.09280326,0.45979702,1.0620517,0.96199,0.1334126,0.41848785,0.6707001,0.8128262,0.11379126,-0.16463774,0.659461,0.32423326,-0.41838935,-0.59538,0.0020752505,680.14655,816.7399,547.5824,855.0183,903.7729,0.046630859375,-0.0150146484375,0.9825439453125,2.76641845703125,-3.177642822265625,1.95892333984375,1.0,2.0,1.0,4.0,2.0,95.0,event
11:26:15.491,1.043139,0.2551292,0.93043804,1.0186048,0.9007033,0.09280326,0.45979702,1.0620517,0.96199,0.1334126,0.41848785,0.6707001,0.8128262,0.11379126,-0.16463774,0.659461,0.32423326,-0.41838935,-0.59538,0.0020752505,688.60803,819.5604,479.48718,850.989,877.1795,0.046630859375,-0.0150146484375,0.9825439453125,2.76641845703125,-3.177642822265625,1.95892333984375,1.0,2.0,1.0,4.0,2.0,95.0,event
11:26:15.492,1.043139,0.2551292,0.93043804,1.0186048,0.9007033,0.09280326,0.45979702,1.0620517,0.96199,0.1334126,0.41848785,0.6707001,0.8128262,0.11379126,-0.16463774,0.659461,0.32423326,-0.41838935,-0.59538,0.0020752505,871.13556,817.1429,940.4396,875.16486,809.4872,0.046630859375,-0.0150146484375,0.9825439453125,2.76641845703125,-3.177642822265625,1.95892333984375,1.0,2.0,1.0,4.0,2.0,95.0,event
11:26:15.493,1.043139,0.2551292,0.93043804,1.0186048,0.9007033,0.09280326,0.45979702,1.0620517,0.96199,0.1334126,0.41848785,0.6707001,0.8128262,0.11379126,-0.16463774,0.659461,0.32423326,-0.41838935,-0.59538,0.0020752505,1012.5641,815.9341,887.25275,885.2381,807.8755,0.046630859375,-0.0150146484375,0.9825439453125,2.76641845703125,-3.177642822265625,1.95892333984375,1.0,2.0,1.0,4.0,2.0,95.0,event
11:26:15.494,1.043139,0.2551292,0.93043804,1.0186048,0.9007033,0.09280326,0.45979702,1.0620517,0.96199,0.1334126,0.41848785,0.6707001,0.8128262,0.11379126,-0.16463774,0.659461,0.32423326,-0.41838935,-0.59538,0.0020752505,892.0879,813.5165,424.2857,860.2564,948.9011,0.046630859375,-0.0150146484375,0.9825439453125,2.76641845703125,-3.177642822265625,1.95892333984375,1.0,2.0,1.0,4.0,2.0,95.0,event
11:26:15.494,1.043139,0.2551292,0.93043804,1.0186048,0.9007033,0.09280326,0.45979702,1.0620517,0.96199,0.1334126,0.41848785,0.6707001,0.8128262,0.11379126,-0.16463774,0.659461,0.32423326,-0.41838935,-0.59538,0.0020752505,698.68134,812.71063,559.2674,834.87177,793.7729,0.046630859375,-0.0150146484375,0.9825439453125,2.76641845703125,-3.177642822265625,1.95892333984375,1.0,2.0,1.0,4.0,2.0,95.0,event
11:26:15.495,1.043139,0.2551292,0.93043804,1.0186048,0.9007033,0.09280326,0.45979702,1.0620517,0.96199,0.1334126,0.41848785,0.6707001,0.8128262,0.11379126,-0.16463774,0.659461,0.32423326,-0.41838935,-0.59538,0.0020752505,678.5348,808.2784,717.619,832.8571,636.2271,0.046630859375,-0.0150146484375,0.9825439453125,2.76641845703125,-3.177642822265625,1.95892333984375,1.0,2.0,1.0,4.0,2.0,95.0,event
11:26:15.520,1.043139,0.2551292,0.93043804,1.0186048,0.9007033,0.09280326,0.45979702,1.0620517,0.96199,0.1334126,0.41848785,0.6707001,0.8128262,0.11379126,-0.16463774,0.659461,0.32423326,-0.41838935,-0.59538,0.0020752505,828.8278,805.8608,518.97437,851.39197,799.011,0.06805419921875,-0.0118408203125,0.99053955078125,3.043060302734375,-4.209442138671875,-1.024322509765625,1.0,2.0,1.0,4.0,2.0,95.0,event
11:26:15.521,1.043139,0.2551292,0.93043804,1.0186048,0.9007033,0.09280326,0.45979702,1.0620517,0.96199,0.1334126,0.41848785,0.6707001,0.8128262,0.11379126,-0.16463774,0.659461,0.32423326,-0.41838935,-0.59538,0.0020752505,994.43225,810.696,537.1062,859.45056,941.6484,0.06805419921875,-0.0118408203125,0.99053955078125,3.043060302734375,-4.209442138671875,-1.024322509765625,1.0,2.0,1.0,4.0,2.0,95.0,event
11:26:15.522,1.043139,0.2551292,0.93043804,1.0186048,0.9007033,0.09280326,0.45979702,1.0620517,0.96199,0.1334126,0.41848785,0.6707001,0.8128262,0.11379126,-0.16463774,0.659461,0.32423326,-0.41838935,-0.59538,0.0020752505,926.7399,813.91943,873.95605,836.8865,779.67035,0.06805419921875,-0.0118408203125,0.99053955078125,3.043060302734375,-4.209442138671875,-1.024322509765625,1.0,2.0,1.0,4.0,2.0,95.0,event
11:26:15.523,1.043139,0.2551292,0.93043804,1.0186048,0.9007033,0.09280326,0.45979702,1.0620517,0.96199,0.1334126,0.41848785,0.6707001,0.8128262,0.11379126,-0.16463774,0.659461,0.32423326,-0.41838935,-0.59538,0.0020752505,701.0989,811.50183,912.6374,821.1722,747.4359,0.06805419921875,-0.0118408203125,0.99053955078125,3.043060302734375,-4.209442138671875,-1.024322509765625,1.0,2.0,1.0,4.0,2.0,95.0,event
11:26:15.524,1.043139,0.2551292,0.93043804,1.0186048,0.9007033,0.09280326,0.45979702,1.0620517,0.96199,0.1334126,0.41848785,0.6707001,0.8128262,0.11379126,-0.16463774,0.659461,0.32423326,-0.41838935,-0.59538,0.0020752505,643.0769,811.0989,738.97437,817.1429,807.47253,0.06805419921875,-0.0118408203125,0.99053955078125,3.043060302734375,-4.209442138671875,-1.024322509765625,1.0,2.0,1.0,4.0,2.0,95.0,event
11:26:15.525,1.043139,0.2551292,0.93043804,1.0186048,0.9007033,0.09280326,0.45979702,1.0620517,0.96199,0.1334126,0.41848785,0.6707001,0.8128262,0.11379126,-0.16463774,0.659461,0.32423326,-0.41838935,-0.59538,0.0020752505,966.63007,814.3223,686.99634,843.3333,834.4689,0.06805419921875,-0.0118408203125,0.99053955078125,3.043060302734375,-4.209442138671875,-1.024322509765625,1.0,2.0,1.0,4.0,2.0,95.0,event
11:26:15.525,1.043139,0.2551292,0.93043804,1.0186048,0.9007033,0.09280326,0.45979702,1.0620517,0.96199,0.1334126,0.41848785,0.6707001,0.8128262,0.11379126,-0.16463774,0.659461,0.32423326,-0.41838935,-0.59538,0.0020752505,787.72894,813.5165,638.6447,828.022,822.381,0.06805419921875,-0.0118408203125,0.99053955078125,3.043060302734375,-4.209442138671875,-1.024322509765625,1.0,2.0,1.0,4.0,2.0,95.0,event
11:26:15.526,1.043139,0.2551292,0.93043804,1.0186048,0.9007033,0.09280326,0.45979702,1.0620517,0.96199,0.1334126,0.41848785,0.6707001,0.8128262,0.11379126,-0.16463774,0.659461,0.32423326,-0.41838935,-0.59538,0.0020752505,931.1722,810.293,866.7033,834.87177,758.71796,0.06805419921875,-0.0118408203125,0.99053955078125,3.043060302734375,-4.209442138671875,-1.024322509765625,1.0,2.0,1.0,4.0,2.0,95.0,event
11:26:15.527,1.043139,0.2551292,0.93043804,1.0186048,0.9007033,0.09280326,0.45979702,1.0620517,0.96199,0.1334126,0.41848785,0.6707001,0.8128262,0.11379126,-0.16463774,0.659461,0.32423326,-0.41838935,-0.59538,0.0020752505,704.7253,802.23444,446.84982,812.3077,867.50916,0.06805419921875,-0.0118408203125,0.99053955078125,3.043060302734375,-4.209442138671875,-1.024322509765625,1.0,2.0,1.0,4.0,2.0,95.0,event
11:26:15.528,1.043139,0.2551292,0.93043804,1.0186048,0.9007033,0.09280326,0.45979702,1.0620517,0.96199,0.1334126,0.41848785,0.6707001,0.8128262,0.11379126,-0.16463774,0.659461,0.32423326,-0.41838935,-0.59538,0.0020752505,621.7216,803.0403,205.89743,812.3077,949.304,0.06805419921875,-0.0118408203125,0.99053955078125,3.043060302734375,-4.209442138671875,-1.024322509765625,1.0,2.0,1.0,4.0,2.0,95.0,event
11:26:15.528,1.043139,0.2551292,0.93043804,1.0186048,0.9007033,0.09280326,0.45979702,1.0620517,0.96199,0.1334126,0.41848785,0.6707001,0.8128262,0.11379126,-0.16463774,0.659461,0.32423326,-0.41838935,-0.59538,0.0020752505,761.13556,815.5311,872.3443,826.0073,701.9048,0.06805419921875,-0.0118408203125,0.99053955078125,3.043060302734375,-4.209442138671875,-1.024322509765625,1.0,2.0,1.0,4.0,2.0,95.0,event
11:26:15.529,1.043139,0.2551292,0.93043804,1.0186048,0.9007033,0.09280326,0.45979702,1.0620517,0.96199,0.1334126,0.41848785,0.6707001,0.8128262,0.11379126,-0.16463774,0.659461,0.32423326,-0.41838935,-0.59538,0.0020752505,948.9011,815.12823,992.8205,840.5128,682.5641,0.06805419921875,-0.0118408203125,0.99053955078125,3.043060302734375,-4.209442138671875,-1.024322509765625,1.0,2.0,1.0,4.0,2.0,95.0,event
11:26:15.556,1.043139,0.2551292,0.93043804,1.0186048,0.9007033,0.09280326,0.45979702,1.0620517,0.96199,0.1334126,0.41848785,0.6707001,0.8128262,0.11379126,-0.16463774,0.659461,0.32423326,-0.41838935,-0.59538,0.0020752505,948.0952,807.47253,777.25275,835.2747,758.315,0.06805419921875,-0.0118408203125,0.99053955078125,3.043060302734375,-4.209442138671875,-1.024322509765625,1.0,2.0,1.0,4.0,2.0,95.0,event
11:26:15.558,1.043139,0.2551292,0.93043804,1.0186048,0.9007033,0.09280326,0.45979702,1.0620517,0.96199,0.1334126,0.41848785,0.6707001,0.8128262,0.11379126,-0.16463774,0.659461,0.32423326,-0.41838935,-0.59538,0.0020752505,745.0183,808.2784,765.16486,810.293,717.619,0.06805419921875,-0.0118408203125,0.99053955078125,3.043060302734375,-4.209442138671875,-1.024322509765625,1.0,2.0,1.0,4.0,2.0,95.0,event
11:26:15.559,1.043139,0.2551292,0.93043804,1.0186048,0.9007033,0.09280326,0.45979702,1.0620517,0.96199,0.1334126,0.41848785,0.6707001,0.8128262,0.11379126,-0.16463774,0.659461,0.32423326,-0.41838935,-0.59538,0.0020752505,634.61536,811.50183,716.4103,808.68134,699.4872,0.06805419921875,-0.0118408203125,0.99053955078125,3.043060302734375,-4.209442138671875,-1.024322509765625,1.0,2.0,1.0,4.0,2.0,95.0,event
11:26:15.560,1.043139,0.2551292,0.93043804,1.0186048,0.9007033,0.09280326,0.45979702,1.0620517,0.96199,0.1334126,0.41848785,0.6707001,0.8128262,0.11379126,-0.16463774,0.659461,0.32423326,-0.41838935,-0.59538,0.0020752505,730.5128,809.0842,624.94507,821.978,770.40295,0.06805419921875,-0.0118408203125,0.99053955078125,3.043060302734375,-4.209442138671875,-1.024322509765625,1.0,2.0,1.0,4.0,2.0,95.0,event
11:26:15.561,1.043139,0.2551292,0.93043804,1.0186048,0.9007033,0.09280326,0.45979702,1.0620517,0.96199,0.1334126,0.41848785,0.6707001,0.8128262,0.11379126,-0.16463774,0.659461,0.32423326,-0.41838935,-0.59538,0.0020752505,950.9158,807.8755,660.0,825.2015,845.34796,0.06805419921875,-0.0118408203125,0.99053955078125,3.043060302734375,-4.209442138671875,-1.024322509765625,1.0,2.0,1.0,4.0,2.0,95.0,event
11:26:15.561,1.043139,0.2551292,0.93043804,1.0186048,0.9007033,0.09280326,0.45979702,1.0620517,0.96199,0.1334126,0.41848785,0.6707001,0.8128262,0.11379126,-0.16463774,0.659461,0.32423326,-0.41838935,-0.59538,0.0020752505,922.3077,808.2784,628.97437,830.0366,846.55676,0.06805419921875,-0.0118408203125,0.99053955078125,3.043060302734375,-4.209442138671875,-1.024322509765625,1.0,2.0,1.0,4.0,2.0,95.0,event
11:26:15.562,1.043139,0.2551292,0.93043804,1.0186048,0.9007033,0.09280326,0.45979702,1.0620517,0.96199,0.1334126,0.41848785,0.6707001,0.8128262,0.11379126,-0.16463774,0.659461,0.32423326,-0.41838935,-0.59538,0.0020752505,753.47986,806.6667,549.19415,804.65204,774.43225,0.06805419921875,-0.0118408203125,0.99053955078125,3.043060302734375,-4.209442138671875,-1.024322509765625,1.0,2.0,1.0,4.0,2.0,95.0,event
11:26:15.563,1.043139,0.2551292,0.93043804,1.0186048,0.9007033,0.09280326,0.45979702,1.0620517,0.96199,0.1334126,0.41848785,0.6707001,0.8128262,0.11379126,-0.16463774,0.659461,0.32423326,-0.41838935,-0.59538,0.0020752505,630.58606,810.696,460.9524,799.81683,787.72894,0.06805419921875,-0.0118408203125,0.99053955078125,3.043060302734375,-4.209442138671875,-1.024322509765625,1.0,2.0,1.0,4.0,2.0,95.0,event
11:26:15.564,1.043139,0.2551292,0.93043804,1.0186048,0.9007033,0.09280326,0.45979702,1.0620517,0.96199,0.1334126,0.41848785,0.6707001,0.8128262,0.11379126,-0.16463774,0.659461,0.32423326,-0.41838935,-0.59538,0.0020752505,706.7399,811.9048,301.39194,820.7692,958.1685,0.06805419921875,-0.0118408203125,0.99053955078125,3.043060302734375,-4.209442138671875,-1.024322509765625,1.0,2.0,1.0,4.0,2.0,95.0,event
11:26:15.568,1.043139,0.2551292,0.93043804,1.0186048,0.9007033,0.09280326,0.45979702,1.0620517,0.96199,0.1334126,0.41848785,0.6707001,0.8128262,0.11379126,-0.16463774,0.659461,0.32423326,-0.41838935,-0.59538,0.0020752505,906.5934,812.3077,627.76556,838.49817,861.8681,0.06805419921875,-0.0118408203125,0.99053955078125,3.043060302734375,-4.209442138671875,-1.024322509765625,1.0,2.0,1.0,4.0,2.0,95.0,event
11:26:15.569,1.043139,0.2551292,0.93043804,1.0186048,0.9007033,0.09280326,0.45979702,1.0620517,0.96199,0.1334126,0.41848785,0.6707001,0.8128262,0.11379126,-0.16463774,0.659461,0.32423326,-0.41838935,-0.59538,0.0020752505,971.8681,804.65204,1053.2601,829.6337,706.7399,0.06805419921875,-0.0118408203125,0.99053955078125,3.043060302734375,-4.209442138671875,-1.024322509765625,1.0,2.0,1.0,4.0,2.0,95.0,event
11:26:15.570,1.043139,0.2551292,0.93043804,1.0186048,0.9007033,0.09280326,0.45979702,1.0620517,0.96199,0.1334126,0.41848785,0.6707001,0.8128262,0.11379126,-0.16463774,0.659461,0.32423326,-0.41838935,-0.59538,0.0020752505,780.07324,797.8022,768.3883,806.6667,798.60803,0.06805419921875,-0.0118408203125,0.99053955078125,3.043060302734375,-4.209442138671875,-1.024322509765625,1.0,2.0,1.0,4.0,2.0,95.0,event
11:26:15.667,1.043139,0.2551292,0.93043804,1.0186048,0.9007033,0.09280326,0.45979702,1.0620517,0.96199,0.1334126,0.41848785,0.6707001,0.8128262,0.11379126,-0.16463774,0.659461,0.32423326,-0.41838935,-0.59538,0.0020752505,625.7509,803.8461,624.94507,799.41394,760.32965,0.07861328125,-0.0057373046875,0.974365234375,3.46923828125,-4.209442138671875,0.635528564453125,1.0,2.0,1.0,4.0,2.0,95.0,event
11:26:15.668,1.043139,0.2551292,0.93043804,1.0186048,0.9007033,0.09280326,0.45979702,1.0620517,0.96199,0.1334126,0.41848785,0.6707001,0.8128262,0.11379126,-0.16463774,0.659461,0.32423326,-0.41838935,-0.59538,0.0020752505,699.89014,807.47253,904.9817,809.4872,669.67035,0.07861328125,-0.0057373046875,0.974365234375,3.46923828125,-4.209442138671875,0.635528564453125,1.0,2.0,1.0,4.0,2.0,95.0,event
11:26:15.670,1.043139,0.2551292,0.93043804,1.0186048,0.9007033,0.09280326,0.45979702,1.0620517,0.96199,0.1334126,0.41848785,0.6707001,0.8128262,0.11379126,-0.16463774,0.659461,0.32423326,-0.41838935,-0.59538,0.0020752505,907.3993,806.6667,1025.8608,832.0513,704.7253,0.07861328125,-0.0057373046875,0.974365234375,3.46923828125,-4.209442138671875,0.635528564453125,1.0,2.0,1.0,4.0,2.0,95.0,event
11:26:15.672,1.043139,0.2551292,0.93043804,1.0186048,0.9007033,0.09280326,0.45979702,1.0620517,0.96199,0.1334126,0.41848785,0.6707001,0.8128262,0.11379126,-0.16463774,0.659461,0.32423326,-0.41838935,-0.59538,0.0020752505,984.7619,803.44324,800.6227,844.5421,739.7802,0.07861328125,-0.0057373046875,0.974365234375,3.46923828125,-4.209442138671875,0.635528564453125,1.0,2.0,1.0,4.0,2.0,95.0,event
11:26:15.673,1.043139,0.2551292,0.93043804,1.0186048,0.9007033,0.09280326,0.45979702,1.0620517,0.96199,0.1334126,0.41848785,0.6707001,0.8128262,0.11379126,-0.16463774,0.659461,0.32423326,-0.41838935,-0.59538,0.0020752505,791.3553,801.4286,635.0183,808.68134,702.71063,0.07861328125,-0.0057373046875,0.974365234375,3.46923828125,-4.209442138671875,0.635528564453125,1.0,2.0,1.0,4.0,2.0,95.0,event
11:26:15.675,1.043139,0.2551292,0.93043804,1.0186048,0.9007033,0.09280326,0.45979702,1.0620517,0.96199,0.1334126,0.41848785,0.6707001,0.8128262,0.11379126,-0.16463774,0.659461,0.32423326,-0.41838935,-0.59538,0.0020752505,602.7839,799.41394,565.31134,787.326,705.9341,0.07861328125,-0.0057373046875,0.974365234375,3.46923828125,-4.209442138671875,0.635528564453125,1.0,2.0,1.0,4.0,2.0,95.0,event
11:26:15.676,1.043139,0.2551292,0.93043804,1.0186048,0.9007033,0.09280326,0.45979702,1.0620517,0.96199,0.1334126,0.41848785,0.6707001,0.8128262,0.11379126,-0.16463774,0.659461,0.32423326,-0.41838935,-0.59538,0.0020752505,654.35895,797.8022,602.381,808.68134,724.4689,0.07861328125,-0.0057373046875,0.974365234375,3.46923828125,-4.209442138671875,0.635528564453125,1.0,2.0,1.0,4.0,2.0,95.0,event
11:26:15.677,1.043139,0.2551292,0.93043804,1.0186048,0.9007033,0.09280326,0.45979702,1.0620517,0.96199,0.1334126,0.41848785,0.6707001,0.8128262,0.11379126,-0.16463774,0.659461,0.32423326,-0.41838935,-0.59538,0.0020752505,845.34796,800.2198,468.60806,825.6044,977.50916,0.07861328125,-0.0057373046875,0.974365234375,3.46923828125,-4.209442138671875,0.635528564453125,1.0,2.0,1.0,4.0,2.0,95.0,event
11:26:15.677,1.043139,0.2551292,0.93043804,1.0186048,0.9007033,0.09280326,0.45979702,1.0620517,0.96199,0.1334126,0.41848785,0.6707001,0.8128262,0.11379126,-0.16463774,0.659461,0.32423326,-0.41838935,-0.59538,0.0020752505,951.31866,811.9048,220.80586,826.0073,1144.7252,0.07861328125,-0.0057373046875,0.974365234375,3.46923828125,-4.209442138671875,0.635528564453125,1.0,2.0,1.0,4.0,2.0,95.0,event
11:26:15.678,1.043139,0.2551292,0.93043804,1.0186048,0.9007033,0.09280326,0.45979702,1.0620517,0.96199,0.1334126,0.41848785,0.6707001,0.8128262,0.11379126,-0.16463774,0.659461,0.32423326,-0.41838935,-0.59538,0.0020752505,835.6777,812.3077,615.2747,792.96704,804.2491,0.07861328125,-0.0057373046875,0.974365234375,3.46923828125,-4.209442138671875,0.635528564453125,1.0,2.0,1.0,4.0,2.0,95.0,event
11:26:15.679,1.043139,0.2551292,0.93043804,1.0186048,0.9007033,0.09280326,0.45979702,1.0620517,0.96199,0.1334126,0.41848785,0.6707001,0.8128262,0.11379126,-0.16463774,0.659461,0.32423326,-0.41838935,-0.59538,0.0020752505,654.7619,804.2491,815.9341,765.16486,713.9927,0.07861328125,-0.0057373046875,0.974365234375,3.46923828125,-4.209442138671875,0.635528564453125,1.0,2.0,1.0,4.0,2.0,95.0,event
11:26:15.680,1.043139,0.2551292,0.93043804,1.0186048,0.9007033,0.09280326,0.45979702,1.0620517,0.96199,0.1334126,0.41848785,0.6707001,0.8128262,0.11379126,-0.16463774,0.659461,0.32423326,-0.41838935,-0.59538,0.0020752505,656.77655,806.6667,770.40295,774.43225,802.23444,0.07861328125,-0.0057373046875,0.974365234375,3.46923828125,-4.209442138671875,0.635528564453125,1.0,2.0,1.0,4.0,2.0,95.0,event
11:26:15.681,1.043139,0.2551292,0.93043804,1.0186048,0.9007033,0.09280326,0.45979702,1.0620517,0.96199,0.1334126,0.41848785,0.6707001,0.8128262,0.11379126,-0.16463774,0.659461,0.32423326,-0.41838935,-0.59538,0.0020752505,846.55676,804.2491,954.1392,799.81683,777.6557,0.06524658203125,-0.0029296875,0.98907470703125,1.936492919921875,-4.2767333984375,0.5682373046875,1.0,2.0,1.0,4.0,2.0,95.0,event
11:26:15.682,1.043139,0.2551292,0.93043804,1.0186048,0.9007033,0.09280326,0.45979702,1.0620517,0.96199,0.1334126,0.41848785,0.6707001,0.8128262,0.11379126,-0.16463774,0.659461,0.32423326,-0.41838935,-0.59538,0.0020752505,981.9414,800.2198,1091.1355,801.8315,764.7619,0.06524658203125,-0.0029296875,0.98907470703125,1.936492919921875,-4.2767333984375,0.5682373046875,1.0,2.0,1.0,4.0,2.0,95.0,event
11:26:15.686,1.043139,0.2551292,0.93043804,1.0186048,0.9007033,0.09280326,0.45979702,1.0620517,0.96199,0.1334126,0.41848785,0.6707001,0.8128262,0.11379126,-0.16463774,0.659461,0.32423326,-0.41838935,-0.59538,0.0020752505,867.9121,798.60803,865.89746,787.72894,766.3736,0.06524658203125,-0.0029296875,0.98907470703125,1.936492919921875,-4.2767333984375,0.5682373046875,1.0,2.0,1.0,4.0,2.0,95.0,event
11:26:15.687,1.043139,0.2551292,0.93043804,1.0186048,0.9007033,0.09280326,0.45979702,1.0620517,0.96199,0.1334126,0.41848785,0.6707001,0.8128262,0.11379126,-0.16463774,0.659461,0.32423326,-0.41838935,-0.59538,0.0020752505,673.69965,796.1905,658.3883,775.64105,780.4762,0.06524658203125,-0.0029296875,0.98907470703125,1.936492919921875,-4.2767333984375,0.5682373046875,1.0,2.0,1.0,4.0,2.0,95.0,event
11:26:15.688,1.043139,0.2551292,0.93043804,1.0186048,0.9007033,0.09280326,0.45979702,1.0620517,0.96199,0.1334126,0.41848785,0.6707001,0.8128262,0.11379126,-0.16463774,0.659461,0.32423326,-0.41838935,-0.59538,0.0020752505,657.98535,800.2198,760.7326,774.43225,699.89014,0.06524658203125,-0.0029296875,0.98907470703125,1.936492919921875,-4.2767333984375,0.5682373046875,1.0,2.0,1.0,4.0,2.0,95.0,event
11:26:15.689,1.043139,0.2551292,0.93043804,1.0186048,0.9007033,0.09280326,0.45979702,1.0620517,0.96199,0.1334126,0.41848785,0.6707001,0.8128262,0.11379126,-0.16463774,0.659461,0.32423326,-0.41838935,-0.59538,0.0020752505,975.89746,800.2198,653.1502,803.44324,862.674,0.06524658203125,-0.0029296875,0.98907470703125,1.936492919921875,-4.2767333984375,0.5682373046875,1.0,2.0,1.0,4.0,2.0,95.0,event
11:26:15.689,1.043139,0.2551292,0.93043804,1.0186048,0.9007033,0.09280326,0.45979702,1.0620517,0.96199,0.1334126,0.41848785,0.6707001,0.8128262,0.11379126,-0.16463774,0.659461,0.32423326,-0.41838935,-0.59538,0.0020752505,824.3956,801.8315,769.59705,794.17584,719.6337,0.06524658203125,-0.0029296875,0.98907470703125,1.936492919921875,-4.2767333984375,0.5682373046875,1.0,2.0,1.0,4.0,2.0,95.0,event
11:26:15.690,1.043139,0.2551292,0.93043804,1.0186048,0.9007033,0.09280326,0.45979702,1.0620517,0.96199,0.1334126,0.41848785,0.6707001,0.8128262,0.11379126,-0.16463774,0.659461,0.32423326,-0.41838935,-0.59538,0.0020752505,885.64105,801.4286,254.24908,786.52014,992.01465,0.06524658203125,-0.0029296875,0.98907470703125,1.936492919921875,-4.2767333984375,0.5682373046875,1.0,2.0,1.0,4.0,2.0,95.0,event
11:26:15.691,1.043139,0.2551292,0.93043804,1.0186048,0.9007033,0.09280326,0.45979702,1.0620517,0.96199,0.1334126,0.41848785,0.6707001,0.8128262,0.11379126,-0.16463774,0.659461,0.32423326,-0.41838935,-0.59538,0.0020752505,682.96704,803.44324,254.65201,770.0,830.4396,0.06524658203125,-0.0029296875,0.98907470703125,1.936492919921875,-4.2767333984375,0.5682373046875,1.0,2.0,1.0,4.0,2.0,95.0,event
11:26:15.691,1.043139,0.2551292,0.93043804,1.0186048,0.9007033,0.09280326,0.45979702,1.0620517,0.96199,0.1334126,0.41848785,0.6707001,0.8128262,0.11379126,-0.16463774,0.659461,0.32423326,-0.41838935,-0.59538,0.0020752505,649.5238,805.4579,750.2564,773.6264,720.4396,0.06524658203125,-0.0029296875,0.98907470703125,1.936492919921875,-4.2767333984375,0.5682373046875,1.0,2.0,1.0,4.0,2.0,95.0,event
11:26:15.692,1.043139,0.2551292,0.93043804,1.0186048,0.9007033,0.09280326,0.45979702,1.0620517,0.96199,0.1334126,0.41848785,0.6707001,0.8128262,0.11379126,-0.16463774,0.659461,0.32423326,-0.41838935,-0.59538,0.0020752505,790.54944,800.2198,749.0476,792.96704,842.52747,0.06524658203125,-0.0029296875,0.98907470703125,1.936492919921875,-4.2767333984375,0.5682373046875,1.0,2.0,1.0,4.0,2.0,95.0,event
11:26:15.693,1.043139,0.2551292,0.93043804,1.0186048,0.9007033,0.09280326,0.45979702,1.0620517,0.96199,0.1334126,0.41848785,0.6707001,0.8128262,0.11379126,-0.16463774,0.659461,0.32423326,-0.41838935,-0.59538,0.0020752505,950.10986,791.75824,606.8132,804.2491,841.31866,0.06524658203125,-0.0029296875,0.98907470703125,1.936492919921875,-4.2767333984375,0.5682373046875,1.0,2.0,1.0,4.0,2.0,95.0,event
11:26:15.714,1.043139,0.2551292,0.93043804,1.0186048,0.9007033,0.09280326,0.45979702,1.0620517,0.96199,0.1334126,0.41848785,0.6707001,0.8128262,0.11379126,-0.16463774,0.659461,0.32423326,-0.41838935,-0.59538,0.0020752505,915.8608,795.78754,862.27106,783.69965,730.9158,0.0767822265625,-0.00567626953125,0.97259521484375,2.534637451171875,-3.6785888671875,0.67291259765625,1.0,2.0,1.0,4.0,2.0,95.0,event
11:26:15.715,1.043139,0.2551292,0.93043804,1.0186048,0.9007033,0.09280326,0.45979702,1.0620517,0.96199,0.1334126,0.41848785,0.6707001,0.8128262,0.11379126,-0.16463774,0.659461,0.32423326,-0.41838935,-0.59538,0.0020752505,714.3956,800.6227,850.989,763.5531,697.0696,0.0767822265625,-0.00567626953125,0.97259521484375,2.534637451171875,-3.6785888671875,0.67291259765625,1.0,2.0,1.0,4.0,2.0,95.0,event
11:26:15.716,1.043139,0.2551292,0.93043804,1.0186048,0.9007033,0.09280326,0.45979702,1.0620517,0.96199,0.1334126,0.41848785,0.6707001,0.8128262,0.11379126,-0.16463774,0.659461,0.32423326,-0.41838935,-0.59538,0.0020752505,630.18317,795.78754,667.25275,761.13556,698.68134,0.0767822265625,-0.00567626953125,0.97259521484375,2.534637451171875,-3.6785888671875,0.67291259765625,1.0,2.0,1.0,4.0,2.0,95.0,event
11:26:15.717,1.043139,0.2551292,0.93043804,1.0186048,0.9007033,0.09280326,0.45979702,1.0620517,0.96199,0.1334126,0.41848785,0.6707001,0.8128262,0.11379126,-0.16463774,0.659461,0.32423326,-0.41838935,-0.59538,0.0020752505,759.12085,796.5934,770.40295,770.40295,709.9634,0.0767822265625,-0.00567626953125,0.97259521484375,2.534637451171875,-3.6785888671875,0.67291259765625,1.0,2.0,1.0,4.0,2.0,95.0,event
11:26:15.717,1.043139,0.2551292,0.93043804,1.0186048,0.9007033,0.09280326,0.45979702,1.0620517,0.96199,0.1334126,0.41848785,0.6707001,0.8128262,0.11379126,-0.16463774,0.659461,0.32423326,-0.41838935,-0.59538,0.0020752505,961.39197,801.4286,967.4359,775.64105,755.89746,0.0767822265625,-0.00567626953125,0.97259521484375,2.534637451171875,-3.6785888671875,0.67291259765625,1.0,2.0,1.0,4.0,2.0,95.0,event
11:26:15.718,1.043139,0.2551292,0.93043804,1.0186048,0.9007033,0.09280326,0.45979702,1.0620517,0.96199,0.1334126,0.41848785,0.6707001,0.8128262,0.11379126,-0.16463774,0.659461,0.32423326,-0.41838935,-0.59538,0.0020752505,950.10986,797.3993,800.6227,763.5531,773.6264,0.0767822265625,-0.00567626953125,0.97259521484375,2.534637451171875,-3.6785888671875,0.67291259765625,1.0,2.0,1.0,4.0,2.0,95.0,event
11:26:15.719,1.043139,0.2551292,0.93043804,1.0186048,0.9007033,0.09280326,0.45979702,1.0620517,0.96199,0.1334126,0.41848785,0.6707001,0.8128262,0.11379126,-0.16463774,0.659461,0.32423326,-0.41838935,-0.59538,0.0020752505,725.2747,797.3993,288.9011,750.2564,949.304,0.0767822265625,-0.00567626953125,0.97259521484375,2.534637451171875,-3.6785888671875,0.67291259765625,1.0,2.0,1.0,4.0,2.0,95.0,event
11:26:15.719,1.043139,0.2551292,0.93043804,1.0186048,0.9007033,0.09280326,0.45979702,1.0620517,0.96199,0.1334126,0.41848785,0.6707001,0.8128262,0.11379126,-0.16463774,0.659461,0.32423326,-0.41838935,-0.59538,0.0020752505,629.3773,796.99634,193.4066,742.1978,1024.249,0.0767822265625,-0.00567626953125,0.97259521484375,2.534637451171875,-3.6785888671875,0.67291259765625,1.0,2.0,1.0,4.0,2.0,95.0,event
11:26:15.720,1.043139,0.2551292,0.93043804,1.0186048,0.9007033,0.09280326,0.45979702,1.0620517,0.96199,0.1334126,0.41848785,0.6707001,0.8128262,0.11379126,-0.16463774,0.659461,0.32423326,-0.41838935,-0.59538,0.0020752505,758.71796,796.5934,857.4359,748.6447,790.54944,0.0767822265625,-0.00567626953125,0.97259521484375,2.534637451171875,-3.6785888671875,0.67291259765625,1.0,2.0,1.0,4.0,2.0,95.0,event
11:26:15.721,1.043139,0.2551292,0.93043804,1.0186048,0.9007033,0.09280326,0.45979702,1.0620517,0.96199,0.1334126,0.41848785,0.6707001,0.8128262,0.11379126,-0.16463774,0.659461,0.32423326,-0.41838935,-0.59538,0.0020752505,945.2747,796.1905,1040.7693,767.1795,760.7326,0.0767822265625,-0.00567626953125,0.97259521484375,2.534637451171875,-3.6785888671875,0.67291259765625,1.0,2.0,1.0,4.0,2.0,95.0,event
11:26:15.721,1.043139,0.2551292,0.93043804,1.0186048,0.9007033,0.09280326,0.45979702,1.0620517,0.96199,0.1334126,0.41848785,0.6707001,0.8128262,0.11379126,-0.16463774,0.659461,0.32423326,-0.41838935,-0.59538,0.0020752505,954.5421,793.7729,765.9707,757.9121,763.1502,0.0767822265625,-0.00567626953125,0.97259521484375,2.534637451171875,-3.6785888671875,0.67291259765625,1.0,2.0,1.0,4.0,2.0,95.0,event
11:26:15.722,1.043139,0.2551292,0.93043804,1.0186048,0.9007033,0.09280326,0.45979702,1.0620517,0.96199,0.1334126,0.41848785,0.6707001,0.8128262,0.11379126,-0.16463774,0.659461,0.32423326,-0.41838935,-0.59538,0.0020752505,761.9414,792.96704,651.53845,727.28937,731.7216,0.0767822265625,-0.00567626953125,0.97259521484375,2.534637451171875,-3.6785888671875,0.67291259765625,1.0,2.0,1.0,4.0,2.0,95.0,event
11:26:15.808,1.043139,0.2551292,0.93043804,1.0186048,0.9007033,0.09280326,0.45979702,1.0620517,0.96199,0.1334126,0.41848785,0.6707001,0.8128262,0.11379126,-0.16463774,0.659461,0.32423326,-0.41838935,-0.59538,0.0020752505,644.2857,793.7729,726.8865,712.381,768.7912,0.0567626953125,0.000732421875,0.9990234375,2.788848876953125,-2.27294921875,2.392578125,1.0,2.0,1.0,4.0,2.0,95.0,event
11:26:15.809,1.043139,0.2551292,0.93043804,1.0186048,0.9007033,0.09280326,0.45979702,1.0620517,0.96199,0.1334126,0.41848785,0.6707001,0.8128262,0.11379126,-0.16463774,0.659461,0.32423326,-0.41838935,-0.59538,0.0020752505,713.5897,793.7729,869.5238,721.6484,789.7436,0.0567626953125,0.000732421875,0.9990234375,2.788848876953125,-2.27294921875,2.392578125,1.0,2.0,1.0,4.0,2.0,95.0,event
11:26:15.810,1.043139,0.2551292,0.93043804,1.0186048,0.9007033,0.09280326,0.45979702,1.0620517,0.96199,0.1334126,0.41848785,0.6707001,0.8128262,0.11379126,-0.16463774,0.659461,0.32423326,-0.41838935,-0.59538,0.0020752505,902.1612,792.1612,783.69965,741.79486,879.59705,0.0567626953125,0.000732421875,0.9990234375,2.788848876953125,-2.27294921875,2.392578125,1.0,2.0,1.0,4.0,2.0,95.0,event
11:26:15.811,1.043139,0.2551292,0.93043804,1.0186048,0.9007033,0.09280326,0.45979702,1.0620517,0.96199,0.1334126,0.41848785,0.6707001,0.8128262,0.11379126,-0.16463774,0.659461,0.32423326,-0.41838935,-0.59538,0.0020752505,962.6007,793.36993,825.6044,741.39197,852.1978,0.0567626953125,0.000732421875,0.9990234375,2.788848876953125,-2.27294921875,2.392578125,1.0,2.0,1.0,4.0,2.0,95.0,event
11:26:15.815,1.043139,0.2551292,0.93043804,1.0186048,0.9007033,0.09280326,0.45979702,1.0620517,0.96199,0.1334126,0.41848785,0.6707001,0.8128262,0.11379126,-0.16463774,0.659461,0.32423326,-0.41838935,-0.59538,0.0020752505,778.86444,794.9817,891.685,710.7692,736.1539,0.0567626953125,0.000732421875,0.9990234375,2.788848876953125,-2.27294921875,2.392578125,1.0,2.0,1.0,4.0,2.0,95.0,event
11:26:15.816,1.043139,0.2551292,0.93043804,1.0186048,0.9007033,0.09280326,0.45979702,1.0620517,0.96199,0.1334126,0.41848785,0.6707001,0.8128262,0.11379126,-0.16463774,0.659461,0.32423326,-0.41838935,-0.59538,0.0020752505,684.17584,792.96704,371.0989,693.44324,1016.99634,0.0567626953125,0.000732421875,0.9990234375,2.788848876953125,-2.27294921875,2.392578125,1.0,2.0,1.0,4.0,2.0,95.0,event
11:26:15.816,1.043139,0.2551292,0.93043804,1.0186048,0.9007033,0.09280326,0.45979702,1.0620517,0.96199,0.1334126,0.41848785,0.6707001,0.8128262,0.11379126,-0.16463774,0.659461,0.32423326,-0.41838935,-0.59538,0.0020752505,624.94507,794.17584,662.4176,686.99634,860.2564,0.0567626953125,0.000732421875,0.9990234375,2.788848876953125,-2.27294921875,2.392578125,1.0,2.0,1.0,4.0,2.0,95.0,event
11:26:15.817,1.043139,0.2551292,0.93043804,1.0186048,0.9007033,0.09280326,0.45979702,1.0620517,0.96199,0.1334126,0.41848785,0.6707001,0.8128262,0.11379126,-0.16463774,0.659461,0.32423326,-0.41838935,-0.59538,0.0020752505,888.0586,794.57874,666.8498,700.293,866.30035,0.0567626953125,0.000732421875,0.9990234375,2.788848876953125,-2.27294921875,2.392578125,1.0,2.0,1.0,4.0,2.0,95.0,event
11:26:15.818,1.043139,0.2551292,0.93043804,1.0186048,0.9007033,0.09280326,0.45979702,1.0620517,0.96199,0.1334126,0.41848785,0.6707001,0.8128262,0.11379126,-0.16463774,0.659461,0.32423326,-0.41838935,-0.59538,0.0020752505,970.2564,794.57874,1049.6337,691.02563,701.50183,0.0567626953125,0.000732421875,0.9990234375,2.788848876953125,-2.27294921875,2.392578125,1.0,2.0,1.0,4.0,2.0,95.0,event
11:26:15.819,1.043139,0.2551292,0.93043804,1.0186048,0.9007033,0.09280326,0.45979702,1.0620517,0.96199,0.1334126,0.41848785,0.6707001,0.8128262,0.11379126,-0.16463774,0.659461,0.32423326,-0.41838935,-0.59538,0.0020752505,805.8608,793.36993,727.28937,666.4469,757.1062,0.0567626953125,0.000732421875,0.9990234375,2.788848876953125,-2.27294921875,2.392578125,1.0,2.0,1.0,4.0,2.0,95.0,event
11:26:15.820,1.043139,0.2551292,0.93043804,1.0186048,0.9007033,0.09280326,0.45979702,1.0620517,0.96199,0.1334126,0.41848785,0.6707001,0.8128262,0.11379126,-0.16463774,0.659461,0.32423326,-0.41838935,-0.59538,0.0020752505,638.24176,795.78754,591.50183,653.95605,784.5055,0.0567626953125,0.000732421875,0.9990234375,2.788848876953125,-2.27294921875,2.392578125,1.0,2.0,1.0,4.0,2.0,95.0,event
11:26:15.822,1.043139,0.2551292,0.93043804,1.0186048,0.9007033,0.09280326,0.45979702,1.0620517,0.96199,0.1334126,0.41848785,0.6707001,0.8128262,0.11379126,-0.16463774,0.659461,0.32423326,-0.41838935,-0.59538,0.0020752505,680.9524,797.3993,893.69965,662.4176,677.326,0.0567626953125,0.000732421875,0.9990234375,2.788848876953125,-2.27294921875,2.392578125,1.0,2.0,1.0,4.0,2.0,95.0,event
11:26:15.847,1.043139,0.2551292,0.93043804,1.0186048,0.9007033,0.09280326,0.45979702,1.0620517,0.96199,0.1334126,0.41848785,0.6707001,0.8128262,0.11379126,-0.16463774,0.659461,0.32423326,-0.41838935,-0.59538,0.0020752505,877.1795,795.78754,1033.1135,671.685,716.0073,0.0567626953125,0.000732421875,0.9990234375,2.788848876953125,-2.27294921875,2.392578125,1.0,2.0,1.0,4.0,2.0,95.0,event
11:26:15.850,1.043139,0.2551292,0.93043804,1.0186048,0.9007033,0.09280326,0.45979702,1.0620517,0.96199,0.1334126,0.41848785,0.6707001,0.8128262,0.11379126,-0.16463774,0.659461,0.32423326,-0.41838935,-0.59538,0.0020752505,987.5824,794.9817,872.74725,676.9231,789.7436,0.0567626953125,0.000732421875,0.9990234375,2.788848876953125,-2.27294921875,2.392578125,1.0,2.0,1.0,4.0,2.0,95.0,event
11:26:15.851,1.043139,0.2551292,0.93043804,1.0186048,0.9007033,0.09280326,0.45979702,1.0620517,0.96199,0.1334126,0.41848785,0.6707001,0.8128262,0.11379126,-0.16463774,0.659461,0.32423326,-0.41838935,-0.59538,0.0020752505,844.5421,792.96704,682.96704,663.22345,783.69965,0.0567626953125,0.000732421875,0.9990234375,2.788848876953125,-2.27294921875,2.392578125,1.0,2.0,1.0,4.0,2.0,95.0,event
11:26:15.854,1.043139,0.2551292,0.93043804,1.0186048,0.9007033,0.09280326,0.45979702,1.0620517,0.96199,0.1334126,0.41848785,0.6707001,0.8128262,0.11379126,-0.16463774,0.659461,0.32423326,-0.41838935,-0.59538,0.0020752505,646.30035,792.1612,637.8388,647.1062,780.07324,0.0567626953125,0.000732421875,0.9990234375,2.788848876953125,-2.27294921875,2.392578125,1.0,2.0,1.0,4.0,2.0,95.0,event
11:26:15.856,1.043139,0.2551292,0.93043804,1.0186048,0.9007033,0.09280326,0.45979702,1.0620517,0.96199,0.1334126,0.41848785,0.6707001,0.8128262,0.11379126,-0.16463774,0.659461,0.32423326,-0.41838935,-0.59538,0.0020752505,676.52014,792.1612,805.8608,660.40295,733.73627,0.0567626953125,0.000732421875,0.9990234375,2.788848876953125,-2.27294921875,2.392578125,1.0,2.0,1.0,4.0,2.0,95.0,event
11:26:15.857,1.043139,0.2551292,0.93043804,1.0186048,0.9007033,0.09280326,0.45979702,1.0620517,0.96199,0.1334126,0.41848785,0.6707001,0.8128262,0.11379126,-0.16463774,0.659461,0.32423326,-0.41838935,-0.59538,0.0020752505,858.6447,790.14655,641.06226,689.011,984.35895,0.0567626953125,0.000732421875,0.9990234375,2.788848876953125,-2.27294921875,2.392578125,1.0,2.0,1.0,4.0,2.0,95.0,event
11:26:15.858,1.043139,0.2551292,0.93043804,1.0186048,0.9007033,0.09280326,0.45979702,1.0620517,0.96199,0.1334126,0.41848785,0.6707001,0.8128262,0.11379126,-0.16463774,0.659461,0.32423326,-0.41838935,-0.59538,0.0020752505,963.4066,794.57874,308.24176,700.696,1209.1941,0.0567626953125,0.000732421875,0.9990234375,2.788848876953125,-2.27294921875,2.392578125,1.0,2.0,1.0,4.0,2.0,95.0,event
11:26:15.859,1.043139,0.2551292,0.93043804,1.0186048,0.9007033,0.09280326,0.45979702,1.0620517,0.96199,0.1334126,0.41848785,0.6707001,0.8128262,0.11379126,-0.16463774,0.659461,0.32423326,-0.41838935,-0.59538,0.0020752505,871.53845,796.5934,636.63007,678.1319,877.5824,0.0567626953125,0.000732421875,0.9990234375,2.788848876953125,-2.27294921875,2.392578125,1.0,2.0,1.0,4.0,2.0,95.0,event
11:26:15.860,1.043139,0.2551292,0.93043804,1.0186048,0.9007033,0.09280326,0.45979702,1.0620517,0.96199,0.1334126,0.41848785,0.6707001,0.8128262,0.11379126,-0.16463774,0.659461,0.32423326,-0.41838935,-0.59538,0.0020752505,688.60803,793.36993,846.1539,658.7912,695.05493,0.0567626953125,0.000732421875,0.9990234375,2.788848876953125,-2.27294921875,2.392578125,1.0,2.0,1.0,4.0,2.0,95.0,event
11:26:15.860,1.043139,0.2551292,0.93043804,1.0186048,0.9007033,0.09280326,0.45979702,1.0620517,0.96199,0.1334126,0.41848785,0.6707001,0.8128262,0.11379126,-0.16463774,0.659461,0.32423326,-0.41838935,-0.59538,0.0020752505,652.3443,793.36993,685.38464,669.2674,850.989,0.0567626953125,0.000732421875,0.9990234375,2.788848876953125,-2.27294921875,2.392578125,1.0,2.0,1.0,4.0,2.0,95.0,event
11:26:15.861,1.043139,0.2551292,0.93043804,1.0186048,0.9007033,0.09280326,0.45979702,1.0620517,0.96199,0.1334126,0.41848785,0.6707001,0.8128262,0.11379126,-0.16463774,0.659461,0.32423326,-0.41838935,-0.59538,0.0020752505,825.2015,796.5934,803.44324,689.011,859.45056,0.0567626953125,0.000732421875,0.9990234375,2.788848876953125,-2.27294921875,2.392578125,1.0,2.0,1.0,4.0,2.0,95.0,event
11:26:15.862,1.043139,0.2551292,0.93043804,1.0186048,0.9007033,0.09280326,0.45979702,1.0620517,0.96199,0.1334126,0.41848785,0.6707001,0.8128262,0.11379126,-0.16463774,0.659461,0.32423326,-0.41838935,-0.59538,0.0020752505,985.56775,796.5934,1052.4542,694.2491,714.3956,0.0567626953125,0.000732421875,0.9990234375,2.788848876953125,-2.27294921875,2.392578125,1.0,2.0,1.0,4.0,2.0,95.0,event
11:26:15.863,1.043139,0.2551292,0.93043804,1.0186048,0.9007033,0.09280326,0.45979702,1.0620517,0.96199,0.1334126,0.41848785,0.6707001,0.8128262,0.11379126,-0.16463774,0.659461,0.32423326,-0.41838935,-0.59538,0.0020752505,894.10254,795.38464,799.81683,676.1172,656.3736,0.067626953125,0.002197265625,0.97467041015625,2.743988037109375,-3.880462646484375,0.59814453125,1.0,2.0,1.0,4.0,2.0,95.0,event
11:26:15.864,1.043139,0.2551292,0.93043804,1.0186048,0.9007033,0.09280326,0.45979702,1.0620517,0.96199,0.1334126,0.41848785,0.6707001,0.8128262,0.11379126,-0.16463774,0.659461,0.32423326,-0.41838935,-0.59538,0.0020752505,690.6227,795.78754,607.619,660.80585,696.6667,0.067626953125,0.002197265625,0.97467041015625,2.743988037109375,-3.880462646484375,0.59814453125,1.0,2.0,1.0,4.0,2.0,95.0,event
11:26:15.864,1.043139,0.2551292,0.93043804,1.0186048,0.9007033,0.09280326,0.45979702,1.0620517,0.96199,0.1334126,0.41848785,0.6707001,0.8128262,0.11379126,-0.16463774,0.659461,0.32423326,-0.41838935,-0.59538,0.0020752505,655.56775,794.9817,810.293,670.87915,709.5604,0.067626953125,0.002197265625,0.97467041015625,2.743988037109375,-3.880462646484375,0.59814453125,1.0,2.0,1.0,4.0,2.0,95.0,event
11:26:15.865,1.043139,0.2551292,0.93043804,1.0186048,0.9007033,0.09280326,0.45979702,1.0620517,0.96199,0.1334126,0.41848785,0.6707001,0.8128262,0.11379126,-0.16463774,0.659461,0.32423326,-0.41838935,-0.59538,0.0020752505,821.5751,794.57874,1023.8461,668.46155,702.71063,0.067626953125,0.002197265625,0.97467041015625,2.743988037109375,-3.880462646484375,0.59814453125,1.0,2.0,1.0,4.0,2.0,95.0,event
11:26:15.866,1.043139,0.2551292,0.93043804,1.0186048,0.9007033,0.09280326,0.45979702,1.0620517,0.96199,0.1334126,0.41848785,0.6707001,0.8128262,0.11379126,-0.16463774,0.659461,0.32423326,-0.41838935,-0.59538,0.0020752505,988.3883,794.57874,939.2308,655.16486,795.38464,0.067626953125,0.002197265625,0.97467041015625,2.743988037109375,-3.880462646484375,0.59814453125,1.0,2.0,1.0,4.0,2.0,95.0,event
11:26:15.867,1.043139,0.2551292,0.93043804,1.0186048,0.9007033,0.09280326,0.45979702,1.0620517,0.96199,0.1334126,0.41848785,0.6707001,0.8128262,0.11379126,-0.16463774,0.659461,0.32423326,-0.41838935,-0.59538,0.0020752505,913.0403,796.99634,582.23444,649.5238,896.52014,0.067626953125,0.002197265625,0.97467041015625,2.743988037109375,-3.880462646484375,0.59814453125,1.0,2.0,1.0,4.0,2.0,95.0,event
11:26:15.871,1.043139,0.2551292,0.93043804,1.0186048,0.9007033,0.09280326,0.45979702,1.0620517,0.96199,0.1334126,0.41848785,0.6707001,0.8128262,0.11379126,-0.16463774,0.659461,0.32423326,-0.41838935,-0.59538,0.0020752505,693.8461,799.81683,529.85345,643.47986,869.92676,0.067626953125,0.002197265625,0.97467041015625,2.743988037109375,-3.880462646484375,0.59814453125,1.0,2.0,1.0,4.0,2.0,95.0,event
11:26:15.872,1.043139,0.2551292,0.93043804,1.0186048,0.9007033,0.09280326,0.45979702,1.0620517,0.96199,0.1334126,0.41848785,0.6707001,0.8128262,0.11379126,-0.16463774,0.659461,0.32423326,-0.41838935,-0.59538,0.0020752505,643.0769,803.0403,630.989,656.77655,826.4103,0.067626953125,0.002197265625,0.97467041015625,2.743988037109375,-3.880462646484375,0.59814453125,1.0,2.0,1.0,4.0,2.0,95.0,event
11:26:15.872,1.043139,0.2551292,0.93043804,1.0186048,0.9007033,0.09280326,0.45979702,1.0620517,0.96199,0.1334126,0.41848785,0.6707001,0.8128262,0.11379126,-0.16463774,0.659461,0.32423326,-0.41838935,-0.59538,0.0020752505,782.49084,800.6227,694.2491,670.87915,852.6007,0.067626953125,0.002197265625,0.97467041015625,2.743988037109375,-3.880462646484375,0.59814453125,1.0,2.0,1.0,4.0,2.0,95.0,event
11:26:15.873,1.043139,0.2551292,0.93043804,1.0186048,0.9007033,0.09280326,0.45979702,1.0620517,0.96199,0.1334126,0.41848785,0.6707001,0.8128262,0.11379126,-0.16463774,0.659461,0.32423326,-0.41838935,-0.59538,0.0020752505,944.87177,796.5934,344.10257,683.36993,1047.619,0.067626953125,0.002197265625,0.97467041015625,2.743988037109375,-3.880462646484375,0.59814453125,1.0,2.0,1.0,4.0,2.0,95.0,event
11:26:15.874,1.043139,0.2551292,0.93043804,1.0186048,0.9007033,0.09280326,0.45979702,1.0620517,0.96199,0.1334126,0.41848785,0.6707001,0.8128262,0.11379126,-0.16463774,0.659461,0.32423326,-0.41838935,-0.59538,0.0020752505,938.8278,802.6374,400.91574,689.81683,879.59705,0.067626953125,0.002197265625,0.97467041015625,2.743988037109375,-3.880462646484375,0.59814453125,1.0,2.0,1.0,4.0,2.0,95.0,event
11:26:15.874,1.043139,0.2551292,0.93043804,1.0186048,0.9007033,0.09280326,0.45979702,1.0620517,0.96199,0.1334126,0.41848785,0.6707001,0.8128262,0.11379126,-0.16463774,0.659461,0.32423326,-0.41838935,-0.59538,0.0020752505,747.4359,799.81683,850.989,677.326,644.68866,0.067626953125,0.002197265625,0.97467041015625,2.743988037109375,-3.880462646484375,0.59814453125,1.0,2.0,1.0,4.0,2.0,95.0,event
11:26:15.899,1.043139,0.2551292,0.93043804,1.0186048,0.9007033,0.09280326,0.45979702,1.0620517,0.96199,0.1334126,0.41848785,0.6707001,0.8128262,0.11379126,-0.16463774,0.659461,0.32423326,-0.41838935,-0.59538,0.0020752505,650.32965,794.57874,787.72894,674.10254,766.3736,0.05987548828125,-0.00103759765625,0.98858642578125,1.71966552734375,-1.136474609375,1.128997802734375,1.0,2.0,1.0,4.0,2.0,95.0,event
11:26:15.900,1.043139,0.2551292,0.93043804,1.0186048,0.9007033,0.09280326,0.45979702,1.0620517,0.96199,0.1334126,0.41848785,0.6707001,0.8128262,0.11379126,-0.16463774,0.659461,0.32423326,-0.41838935,-0.59538,0.0020752505,762.74725,800.6227,813.5165,693.0403,769.19415,0.05987548828125,-0.00103759765625,0.98858642578125,1.71966552734375,-1.136474609375,1.128997802734375,1.0,2.0,1.0,4.0,2.0,95.0,event
11:26:15.901,1.043139,0.2551292,0.93043804,1.0186048,0.9007033,0.09280326,0.45979702,1.0620517,0.96199,0.1334126,0.41848785,0.6707001,0.8128262,0.11379126,-0.16463774,0.659461,0.32423326,-0.41838935,-0.59538,0.0020752505,948.49817,802.23444,1057.2894,724.0659,759.5238,0.05987548828125,-0.00103759765625,0.98858642578125,1.71966552734375,-1.136474609375,1.128997802734375,1.0,2.0,1.0,4.0,2.0,95.0,event
11:26:15.901,1.043139,0.2551292,0.93043804,1.0186048,0.9007033,0.09280326,0.45979702,1.0620517,0.96199,0.1334126,0.41848785,0.6707001,0.8128262,0.11379126,-0.16463774,0.659461,0.32423326,-0.41838935,-0.59538,0.0020752505,960.989,799.41394,1070.989,721.6484,838.0952,0.05987548828125,-0.00103759765625,0.98858642578125,1.71966552734375,-1.136474609375,1.128997802734375,1.0,2.0,1.0,4.0,2.0,95.0,event
11:26:15.902,1.043139,0.2551292,0.93043804,1.0186048,0.9007033,0.09280326,0.45979702,1.0620517,0.96199,0.1334126,0.41848785,0.6707001,0.8128262,0.11379126,-0.16463774,0.659461,0.32423326,-0.41838935,-0.59538,0.0020752505,751.06226,797.8022,760.7326,695.05493,838.9011,0.05987548828125,-0.00103759765625,0.98858642578125,1.71966552734375,-1.136474609375,1.128997802734375,1.0,2.0,1.0,4.0,2.0,95.0,event
11:26:15.903,1.043139,0.2551292,0.93043804,1.0186048,0.9007033,0.09280326,0.45979702,1.0620517,0.96199,0.1334126,0.41848785,0.6707001,0.8128262,0.11379126,-0.16463774,0.659461,0.32423326,-0.41838935,-0.59538,0.0020752505,731.7216,794.9817,626.1539,717.2161,835.2747,0.05987548828125,-0.00103759765625,0.98858642578125,1.71966552734375,-1.136474609375,1.128997802734375,1.0,2.0,1.0,4.0,2.0,95.0,event
11:26:15.903,1.043139,0.2551292,0.93043804,1.0186048,0.9007033,0.09280326,0.45979702,1.0620517,0.96199,0.1334126,0.41848785,0.6707001,0.8128262,0.11379126,-0.16463774,0.659461,0.32423326,-0.41838935,-0.59538,0.0020752505,630.989,794.9817,537.50916,695.4579,834.87177,0.05987548828125,-0.00103759765625,0.98858642578125,1.71966552734375,-1.136474609375,1.128997802734375,1.0,2.0,1.0,4.0,2.0,95.0,event
11:26:15.904,1.043139,0.2551292,0.93043804,1.0186048,0.9007033,0.09280326,0.45979702,1.0620517,0.96199,0.1334126,0.41848785,0.6707001,0.8128262,0.11379126,-0.16463774,0.659461,0.32423326,-0.41838935,-0.59538,0.0020752505,936.0073,796.5934,972.674,737.76556,774.83514,0.05987548828125,-0.00103759765625,0.98858642578125,1.71966552734375,-1.136474609375,1.128997802734375,1.0,2.0,1.0,4.0,2.0,95.0,event
11:26:15.905,1.043139,0.2551292,0.93043804,1.0186048,0.9007033,0.09280326,0.45979702,1.0620517,0.96199,0.1334126,0.41848785,0.6707001,0.8128262,0.11379126,-0.16463774,0.659461,0.32423326,-0.41838935,-0.59538,0.0020752505,972.27106,793.7729,630.18317,740.989,923.5165,0.05987548828125,-0.00103759765625,0.98858642578125,1.71966552734375,-1.136474609375,1.128997802734375,1.0,2.0,1.0,4.0,2.0,95.0,event
11:26:15.905,1.043139,0.2551292,0.93043804,1.0186048,0.9007033,0.09280326,0.45979702,1.0620517,0.96199,0.1334126,0.41848785,0.6707001,0.8128262,0.11379126,-0.16463774,0.659461,0.32423326,-0.41838935,-0.59538,0.0020752505,777.25275,794.17584,146.26373,725.2747,1052.0513,0.05987548828125,-0.00103759765625,0.98858642578125,1.71966552734375,-1.136474609375,1.128997802734375,1.0,2.0,1.0,4.0,2.0,95.0,event
11:26:15.906,1.043139,0.2551292,0.93043804,1.0186048,0.9007033,0.09280326,0.45979702,1.0620517,0.96199,0.1334126,0.41848785,0.6707001,0.8128262,0.11379126,-0.16463774,0.659461,0.32423326,-0.41838935,-0.59538,0.0020752505,655.9707,795.78754,680.14655,713.1868,818.3516,0.05987548828125,-0.00103759765625,0.98858642578125,1.71966552734375,-1.136474609375,1.128997802734375,1.0,2.0,1.0,4.0,2.0,95.0,event
11:26:15.907,1.043139,0.2551292,0.93043804,1.0186048,0.9007033,0.09280326,0.45979702,1.0620517,0.96199,0.1334126,0.41848785,0.6707001,0.8128262,0.11379126,-0.16463774,0.659461,0.32423326,-0.41838935,-0.59538,0.0020752505,720.4396,793.7729,856.63007,723.663,772.01465,0.05987548828125,-0.00103759765625,0.98858642578125,1.71966552734375,-1.136474609375,1.128997802734375,1.0,2.0,1.0,4.0,2.0,95.0,event
11:26:15.995,1.043139,0.2551292,0.93043804,1.0186048,0.9007033,0.09280326,0.45979702,1.0620517,0.96199,0.1334126,0.41848785,0.6707001,0.8128262,0.11379126,-0.16463774,0.659461,0.32423326,-0.41838935,-0.59538,0.0020752505,902.1612,795.78754,589.4872,747.8388,904.9817,0.06231689453125,-0.0079345703125,0.97900390625,1.263580322265625,-4.074859619140625,-0.299072265625,1.0,2.0,1.0,4.0,2.0,95.0,event
11:26:15.997,1.043139,0.2551292,0.93043804,1.0186048,0.9007033,0.09280326,0.45979702,1.0620517,0.96199,0.1334126,0.41848785,0.6707001,0.8128262,0.11379126,-0.16463774,0.659461,0.32423326,-0.41838935,-0.59538,0.0020752505,977.50916,800.6227,693.44324,745.82416,853.8095,0.06231689453125,-0.0079345703125,0.97900390625,1.263580322265625,-4.074859619140625,-0.299072265625,1.0,2.0,1.0,4.0,2.0,95.0,event
11:26:15.999,1.043139,0.2551292,0.93043804,1.0186048,0.9007033,0.09280326,0.45979702,1.0620517,0.96199,0.1334126,0.41848785,0.6707001,0.8128262,0.11379126,-0.16463774,0.659461,0.32423326,-0.41838935,-0.59538,0.0020752505,820.7692,797.8022,935.6044,718.022,710.7692,0.06231689453125,-0.0079345703125,0.97900390625,1.263580322265625,-4.074859619140625,-0.299072265625,1.0,2.0,1.0,4.0,2.0,95.0,event
11:26:16.000,1.043139,0.2551292,0.93043804,1.0186048,0.9007033,0.09280326,0.45979702,1.0620517,0.96199,0.1334126,0.41848785,0.6707001,0.8128262,0.11379126,-0.16463774,0.659461,0.32423326,-0.41838935,-0.59538,0.0020752505,695.4579,796.99634,713.5897,726.4835,725.6777,0.06231689453125,-0.0079345703125,0.97900390625,1.263580322265625,-4.074859619140625,-0.299072265625,1.0,2.0,1.0,4.0,2.0,95.0,event
11:26:16.000,1.043139,0.2551292,0.93043804,1.0186048,0.9007033,0.09280326,0.45979702,1.0620517,0.96199,0.1334126,0.41848785,0.6707001,0.8128262,0.11379126,-0.16463774,0.659461,0.32423326,-0.41838935,-0.59538,0.0020752505,658.7912,796.99634,826.8132,706.337,709.5604,0.06231689453125,-0.0079345703125,0.97900390625,1.263580322265625,-4.074859619140625,-0.299072265625,1.0,2.0,1.0,4.0,2.0,95.0,event
11:26:16.001,1.043139,0.2551292,0.93043804,1.0186048,0.9007033,0.09280326,0.45979702,1.0620517,0.96199,0.1334126,0.41848785,0.6707001,0.8128262,0.11379126,-0.16463774,0.659461,0.32423326,-0.41838935,-0.59538,0.0020752505,880.40295,791.3553,756.30035,751.8681,784.5055,0.06231689453125,-0.0079345703125,0.97900390625,1.263580322265625,-4.074859619140625,-0.299072265625,1.0,2.0,1.0,4.0,2.0,95.0,event
11:26:16.002,1.043139,0.2551292,0.93043804,1.0186048,0.9007033,0.09280326,0.45979702,1.0620517,0.96199,0.1334126,0.41848785,0.6707001,0.8128262,0.11379126,-0.16463774,0.659461,0.32423326,-0.41838935,-0.59538,0.0020752505,977.9121,791.75824,739.7802,761.9414,824.3956,0.06231689453125,-0.0079345703125,0.97900390625,1.263580322265625,-4.074859619140625,-0.299072265625,1.0,2.0,1.0,4.0,2.0,95.0,event
11:26:16.003,1.043139,0.2551292,0.93043804,1.0186048,0.9007033,0.09280326,0.45979702,1.0620517,0.96199,0.1334126,0.41848785,0.6707001,0.8128262,0.11379126,-0.16463774,0.659461,0.32423326,-0.41838935,-0.59538,0.0020752505,837.6923,793.7729,603.5897,753.0769,810.696,0.06231689453125,-0.0079345703125,0.97900390625,1.263580322265625,-4.074859619140625,-0.299072265625,1.0,2.0,1.0,4.0,2.0,95.0,event
11:26:16.005,,,,,,,,,,,,,,,,,,,,,,,,,,,,,,,,,,,,,,blink
11:26:16.008,1.043139,0.2551292,0.93043804,1.0186048,0.9007033,0.09280326,0.45979702,1.0620517,0.96199,0.1334126,0.41848785,0.6707001,0.8128262,0.11379126,-0.16463774,0.659461,0.32423326,-0.41838935,-0.59538,0.0020752505,659.59705,796.5934,250.62271,752.674,928.3516,0.06231689453125,-0.0079345703125,0.97900390625,1.263580322265625,-4.074859619140625,-0.299072265625,1.0,2.0,1.0,4.0,2.0,95.0,event
11:26:16.008,1.043139,0.2551292,0.93043804,1.0186048,0.9007033,0.09280326,0.45979702,1.0620517,0.96199,0.1334126,0.41848785,0.6707001,0.8128262,0.11379126,-0.16463774,0.659461,0.32423326,-0.41838935,-0.59538,0.0020752505,682.96704,796.1905,583.44324,761.13556,861.8681,0.06231689453125,-0.0079345703125,0.97900390625,1.263580322265625,-4.074859619140625,-0.299072265625,1.0,2.0,1.0,4.0,2.0,95.0,event
11:26:16.009,1.043139,0.2551292,0.93043804,1.0186048,0.9007033,0.09280326,0.45979702,1.0620517,0.96199,0.1334126,0.41848785,0.6707001,0.8128262,0.11379126,-0.16463774,0.659461,0.32423326,-0.41838935,-0.59538,0.0020752505,873.95605,796.99634,1099.597,774.0293,689.81683,0.06231689453125,-0.0079345703125,0.97900390625,1.263580322265625,-4.074859619140625,-0.299072265625,1.0,2.0,1.0,4.0,2.0,95.0,event
11:26:16.010,1.043139,0.2551292,0.93043804,1.0186048,0.9007033,0.09280326,0.45979702,1.0620517,0.96199,0.1334126,0.41848785,0.6707001,0.8128262,0.11379126,-0.16463774,0.659461,0.32423326,-0.41838935,-0.59538,0.0020752505,985.56775,797.3993,910.6227,788.1319,772.4176,0.06231689453125,-0.0079345703125,0.97900390625,1.263580322265625,-4.074859619140625,-0.299072265625,1.0,2.0,1.0,4.0,2.0,95.0,event
11:26:16.033,1.043139,0.2551292,0.93043804,1.0186048,0.9007033,0.09280326,0.45979702,1.0620517,0.96199,0.1334126,0.41848785,0.6707001,0.8128262,0.11379126,-0.16463774,0.659461,0.32423326,-0.41838935,-0.59538,0.0020752505,858.24176,793.36993,672.49084,780.07324,904.57874,0.06036376953125,-0.01904296875,0.9879150390625,0.22430419921875,-3.835601806640625,-0.725250244140625,1.0,2.0,1.0,4.0,2.0,95.0,event
11:26:16.035,1.043139,0.2551292,0.93043804,1.0186048,0.9007033,0.09280326,0.45979702,1.0620517,0.96199,0.1334126,0.41848785,0.6707001,0.8128262,0.11379126,-0.16463774,0.659461,0.32423326,-0.41838935,-0.59538,0.0020752505,675.31134,796.1905,787.326,766.77655,844.94507,0.06036376953125,-0.01904296875,0.9879150390625,0.22430419921875,-3.835601806640625,-0.725250244140625,1.0,2.0,1.0,4.0,2.0,95.0,event
11:26:16.035,1.043139,0.2551292,0.93043804,1.0186048,0.9007033,0.09280326,0.45979702,1.0620517,0.96199,0.1334126,0.41848785,0.6707001,0.8128262,0.11379126,-0.16463774,0.659461,0.32423326,-0.41838935,-0.59538,0.0020752505,674.90845,794.57874,1031.0989,776.04395,724.0659,0.06036376953125,-0.01904296875,0.9879150390625,0.22430419921875,-3.835601806640625,-0.725250244140625,1.0,2.0,1.0,4.0,2.0,95.0,event
11:26:16.036,1.043139,0.2551292,0.93043804,1.0186048,0.9007033,0.09280326,0.45979702,1.0620517,0.96199,0.1334126,0.41848785,0.6707001,0.8128262,0.11379126,-0.16463774,0.659461,0.32423326,-0.41838935,-0.59538,0.0020752505,842.1245,794.17584,775.64105,801.8315,854.61536,0.06036376953125,-0.01904296875,0.9879150390625,0.22430419921875,-3.835601806640625,-0.725250244140625,1.0,2.0,1.0,4.0,2.0,95.0,event
11:26:16.037,1.043139,0.2551292,0.93043804,1.0186048,0.9007033,0.09280326,0.45979702,1.0620517,0.96199,0.1334126,0.41848785,0.6707001,0.8128262,0.11379126,-0.16463774,0.659461,0.32423326,-0.41838935,-0.59538,0.0020752505,976.30035,794.57874,563.2967,820.3663,919.4872,0.06036376953125,-0.01904296875,0.9879150390625,0.22430419921875,-3.835601806640625,-0.725250244140625,1.0,2.0,1.0,4.0,2.0,95.0,event
11:26:16.038,1.043139,0.2551292,0.93043804,1.0186048,0.9007033,0.09280326,0.45979702,1.0620517,0.96199,0.1334126,0.41848785,0.6707001,0.8128262,0.11379126,-0.16463774,0.659461,0.32423326,-0.41838935,-0.59538,0.0020752505,699.4872,800.6227,638.6447,799.41394,838.49817,0.06036376953125,-0.01904296875,0.9879150390625,0.22430419921875,-3.835601806640625,-0.725250244140625,1.0,2.0,1.0,4.0,2.0,95.0,event
11:26:16.038,1.043139,0.2551292,0.93043804,1.0186048,0.9007033,0.09280326,0.45979702,1.0620517,0.96199,0.1334126,0.41848785,0.6707001,0.8128262,0.11379126,-0.16463774,0.659461,0.32423326,-0.41838935,-0.59538,0.0020752505,889.2674,795.38464,723.663,811.9048,792.5641,0.06036376953125,-0.01904296875,0.9879150390625,0.22430419921875,-3.835601806640625,-0.725250244140625,1.0,2.0,1.0,4.0,2.0,95.0,event
11:26:16.039,1.043139,0.2551292,0.93043804,1.0186048,0.9007033,0.09280326,0.45979702,1.0620517,0.96199,0.1334126,0.41848785,0.6707001,0.8128262,0.11379126,-0.16463774,0.659461,0.32423326,-0.41838935,-0.59538,0.0020752505,649.12085,799.81683,554.0293,803.8461,915.4579,0.06036376953125,-0.01904296875,0.9879150390625,0.22430419921875,-3.835601806640625,-0.725250244140625,1.0,2.0,1.0,4.0,2.0,95.0,event
11:26:16.040,1.043139,0.2551292,0.93043804,1.0186048,0.9007033,0.09280326,0.45979702,1.0620517,0.96199,0.1334126,0.41848785,0.6707001,0.8128262,0.11379126,-0.16463774,0.659461,0.32423326,-0.41838935,-0.59538,0.0020752505,799.81683,794.57874,818.3516,811.0989,836.08057,0.06036376953125,-0.01904296875,0.9879150390625,0.22430419921875,-3.835601806640625,-0.725250244140625,1.0,2.0,1.0,4.0,2.0,95.0,event
11:26:16.041,1.043139,0.2551292,0.93043804,1.0186048,0.9007033,0.09280326,0.45979702,1.0620517,0.96199,0.1334126,0.41848785,0.6707001,0.8128262,0.11379126,-0.16463774,0.659461,0.32423326,-0.41838935,-0.59538,0.0020752505,980.32965,796.5934,1047.2161,826.8132,773.22345,0.06036376953125,-0.01904296875,0.9879150390625,0.22430419921875,-3.835601806640625,-0.725250244140625,1.0,2.0,1.0,4.0,2.0,95.0,event
11:26:16.042,1.043139,0.2551292,0.93043804,1.0186048,0.9007033,0.09280326,0.45979702,1.0620517,0.96199,0.1334126,0.41848785,0.6707001,0.8128262,0.11379126,-0.16463774,0.659461,0.32423326,-0.41838935,-0.59538,0.0020752505,909.41394,798.60803,945.6777,813.5165,739.3773,0.06036376953125,-0.01904296875,0.9879150390625,0.22430419921875,-3.835601806640625,-0.725250244140625,1.0,2.0,1.0,4.0,2.0,95.0,event
11:26:16.043,1.043139,0.2551292,0.93043804,1.0186048,0.9007033,0.09280326,0.45979702,1.0620517,0.96199,0.1334126,0.41848785,0.6707001,0.8128262,0.11379126,-0.16463774,0.659461,0.32423326,-0.41838935,-0.59538,0.0020752505,681.75824,796.5934,445.2381,787.72894,877.1795,0.06036376953125,-0.01904296875,0.9879150390625,0.22430419921875,-3.835601806640625,-0.725250244140625,1.0,2.0,1.0,4.0,2.0,95.0,event
11:26:16.044,1.043139,0.2551292,0.93043804,1.0186048,0.9007033,0.09280326,0.45979702,1.0620517,0.96199,0.1334126,0.41848785,0.6707001,0.8128262,0.11379126,-0.16463774,0.659461,0.32423326,-0.41838935,-0.59538,0.0020752505,627.3626,801.4286,404.94507,794.57874,886.4469,0.06036376953125,-0.01904296875,0.9879150390625,0.22430419921875,-3.835601806640625,-0.725250244140625,1.0,2.0,1.0,4.0,2.0,95.0,event
11:26:16.045,1.043139,0.2551292,0.93043804,1.0186048,0.9007033,0.09280326,0.45979702,1.0620517,0.96199,0.1334126,0.41848785,0.6707001,0.8128262,0.11379126,-0.16463774,0.659461,0.32423326,-0.41838935,-0.59538,0.0020752505,788.5348,802.6374,959.7802,811.0989,684.9817,0.06036376953125,-0.01904296875,0.9879150390625,0.22430419921875,-3.835601806640625,-0.725250244140625,1.0,2.0,1.0,4.0,2.0,95.0,event
11:26:16.046,1.043139,0.2551292,0.93043804,1.0186048,0.9007033,0.09280326,0.45979702,1.0620517,0.96199,0.1334126,0.41848785,0.6707001,0.8128262,0.11379126,-0.16463774,0.659461,0.32423326,-0.41838935,-0.59538,0.0020752505,926.7399,797.8022,701.9048,814.3223,868.71796,0.06036376953125,-0.01904296875,0.9879150390625,0.22430419921875,-3.835601806640625,-0.725250244140625,1.0,2.0,1.0,4.0,2.0,95.0,event
11:26:16.046,1.043139,0.2551292,0.93043804,1.0186048,0.9007033,0.09280326,0.45979702,1.0620517,0.96199,0.1334126,0.41848785,0.6707001,0.8128262,0.11379126,-0.16463774,0.659461,0.32423326,-0.41838935,-0.59538,0.0020752505,969.45056,799.41394,972.674,821.978,755.4945,0.06036376953125,-0.01904296875,0.9879150390625,0.22430419921875,-3.835601806640625,-0.725250244140625,1.0,2.0,1.0,4.0,2.0,95.0,event
11:26:16.047,1.043139,0.2551292,0.93043804,1.0186048,0.9007033,0.09280326,0.45979702,1.0620517,0.96199,0.1334126,0.41848785,0.6707001,0.8128262,0.11379126,-0.16463774,0.659461,0.32423326,-0.41838935,-0.59538,0.0020752505,718.4249,795.38464,665.2381,795.38464,841.7216,0.06036376953125,-0.01904296875,0.9879150390625,0.22430419921875,-3.835601806640625,-0.725250244140625,1.0,2.0,1.0,4.0,2.0,95.0,event
11:26:16.048,1.043139,0.2551292,0.93043804,1.0186048,0.9007033,0.09280326,0.45979702,1.0620517,0.96199,0.1334126,0.41848785,0.6707001,0.8128262,0.11379126,-0.16463774,0.659461,0.32423326,-0.41838935,-0.59538,0.0020752505,744.61536,794.9817,757.50916,811.0989,938.022,0.06036376953125,-0.01904296875,0.9879150390625,0.22430419921875,-3.835601806640625,-0.725250244140625,1.0,2.0,1.0,4.0,2.0,95.0,event
11:26:16.048,1.043139,0.2551292,0.93043804,1.0186048,0.9007033,0.09280326,0.45979702,1.0620517,0.96199,0.1334126,0.41848785,0.6707001,0.8128262,0.11379126,-0.16463774,0.659461,0.32423326,-0.41838935,-0.59538,0.0020752505,634.21246,797.3993,744.21246,796.5934,886.8498,0.06036376953125,-0.01904296875,0.9879150390625,0.22430419921875,-3.835601806640625,-0.725250244140625,1.0,2.0,1.0,4.0,2.0,95.0,event
11:26:16.049,1.043139,0.2551292,0.93043804,1.0186048,0.9007033,0.09280326,0.45979702,1.0620517,0.96199,0.1334126,0.41848785,0.6707001,0.8128262,0.11379126,-0.16463774,0.659461,0.32423326,-0.41838935,-0.59538,0.0020752505,923.1135,790.54944,361.8315,832.8571,1132.2344,0.06036376953125,-0.01904296875,0.9879150390625,0.22430419921875,-3.835601806640625,-0.725250244140625,1.0,2.0,1.0,4.0,2.0,95.0,event
11:26:16.050,1.043139,0.2551292,0.93043804,1.0186048,0.9007033,0.09280326,0.45979702,1.0620517,0.96199,0.1334126,0.41848785,0.6707001,0.8128262,0.11379126,-0.16463774,0.659461,0.32423326,-0.41838935,-0.59538,0.0020752505,922.71063,791.3553,265.1282,822.7839,1096.7766,0.06036376953125,-0.01904296875,0.9879150390625,0.22430419921875,-3.835601806640625,-0.725250244140625,1.0,2.0,1.0,4.0,2.0,95.0,event
11:26:16.050,1.043139,0.2551292,0.93043804,1.0186048,0.9007033,0.09280326,0.45979702,1.0620517,0.96199,0.1334126,0.41848785,0.6707001,0.8128262,0.11379126,-0.16463774,0.659461,0.32423326,-0.41838935,-0.59538,0.0020752505,728.9011,794.17584,874.7619,796.5934,763.95605,0.06036376953125,-0.01904296875,0.9879150390625,0.22430419921875,-3.835601806640625,-0.725250244140625,1.0,2.0,1.0,4.0,2.0,95.0,event
11:26:16.054,1.043139,0.2551292,0.93043804,1.0186048,0.9007033,0.09280326,0.45979702,1.0620517,0.96199,0.1334126,0.41848785,0.6707001,0.8128262,0.11379126,-0.16463774,0.659461,0.32423326,-0.41838935,-0.59538,0.0020752505,617.6923,796.99634,864.2857,797.3993,806.26373,0.06036376953125,-0.01904296875,0.9879150390625,0.22430419921875,-3.835601806640625,-0.725250244140625,1.0,2.0,1.0,4.0,2.0,95.0,event
11:26:16.055,1.043139,0.2551292,0.93043804,1.0186048,0.9007033,0.09280326,0.45979702,1.0620517,0.96199,0.1334126,0.41848785,0.6707001,0.8128262,0.11379126,-0.16463774,0.659461,0.32423326,-0.41838935,-0.59538,0.0020752505,717.2161,793.7729,856.63007,805.05493,858.6447,0.06036376953125,-0.01904296875,0.9879150390625,0.22430419921875,-3.835601806640625,-0.725250244140625,1.0,2.0,1.0,4.0,2.0,95.0,event
11:26:16.078,1.043139,0.2551292,0.93043804,1.0186048,0.9007033,0.09280326,0.45979702,1.0620517,0.96199,0.1334126,0.41848785,0.6707001,0.8128262,0.11379126,-0.16463774,0.659461,0.32423326,-0.41838935,-0.59538,0.0020752505,928.7546,793.7729,1081.0623,815.5311,792.96704,0.0750732421875,-0.0185546875,0.9716796875,2.205657958984375,-4.94964599609375,-0.829925537109375,1.0,2.0,1.0,4.0,2.0,95.0,event
11:26:16.080,1.043139,0.2551292,0.93043804,1.0186048,0.9007033,0.09280326,0.45979702,1.0620517,0.96199,0.1334126,0.41848785,0.6707001,0.8128262,0.11379126,-0.16463774,0.659461,0.32423326,-0.41838935,-0.59538,0.0020752505,963.00366,797.8022,1047.619,813.1135,776.04395,0.0750732421875,-0.0185546875,0.9716796875,2.205657958984375,-4.94964599609375,-0.829925537109375,1.0,2.0,1.0,4.0,2.0,95.0,event
11:26:16.080,1.043139,0.2551292,0.93043804,1.0186048,0.9007033,0.09280326,0.45979702,1.0620517,0.96199,0.1334126,0.41848785,0.6707001,0.8128262,0.11379126,-0.16463774,0.659461,0.32423326,-0.41838935,-0.59538,0.0020752505,753.0769,792.1612,780.87915,790.14655,791.3553,0.0750732421875,-0.0185546875,0.9716796875,2.205657958984375,-4.94964599609375,-0.829925537109375,1.0,2.0,1.0,4.0,2.0,95.0,event
11:26:16.081,1.043139,0.2551292,0.93043804,1.0186048,0.9007033,0.09280326,0.45979702,1.0620517,0.96199,0.1334126,0.41848785,0.6707001,0.8128262,0.11379126,-0.16463774,0.659461,0.32423326,-0.41838935,-0.59538,0.0020752505,622.9304,792.5641,775.64105,776.4469,789.34064,0.0750732421875,-0.0185546875,0.9716796875,2.205657958984375,-4.94964599609375,-0.829925537109375,1.0,2.0,1.0,4.0,2.0,95.0,event
11:26:16.082,1.043139,0.2551292,0.93043804,1.0186048,0.9007033,0.09280326,0.45979702,1.0620517,0.96199,0.1334126,0.41848785,0.6707001,0.8128262,0.11379126,-0.16463774,0.659461,0.32423326,-0.41838935,-0.59538,0.0020752505,709.9634,794.57874,990.80585,786.1172,771.6117,0.0750732421875,-0.0185546875,0.9716796875,2.205657958984375,-4.94964599609375,-0.829925537109375,1.0,2.0,1.0,4.0,2.0,95.0,event
11:26:16.083,1.043139,0.2551292,0.93043804,1.0186048,0.9007033,0.09280326,0.45979702,1.0620517,0.96199,0.1334126,0.41848785,0.6707001,0.8128262,0.11379126,-0.16463774,0.659461,0.32423326,-0.41838935,-0.59538,0.0020752505,906.1905,793.36993,837.28937,808.2784,690.2198,0.0750732421875,-0.0185546875,0.9716796875,2.205657958984375,-4.94964599609375,-0.829925537109375,1.0,2.0,1.0,4.0,2.0,95.0,event
11:26:16.084,1.043139,0.2551292,0.93043804,1.0186048,0.9007033,0.09280326,0.45979702,1.0620517,0.96199,0.1334126,0.41848785,0.6707001,0.8128262,0.11379126,-0.16463774,0.659461,0.32423326,-0.41838935,-0.59538,0.0020752505,958.97437,791.3553,408.57144,812.71063,926.7399,0.0750732421875,-0.0185546875,0.9716796875,2.205657958984375,-4.94964599609375,-0.829925537109375,1.0,2.0,1.0,4.0,2.0,95.0,event
11:26:16.085,1.043139,0.2551292,0.93043804,1.0186048,0.9007033,0.09280326,0.45979702,1.0620517,0.96199,0.1334126,0.41848785,0.6707001,0.8128262,0.11379126,-0.16463774,0.659461,0.32423326,-0.41838935,-0.59538,0.0020752505,780.4762,790.9524,155.93407,791.75824,1085.4945,0.0750732421875,-0.0185546875,0.9716796875,2.205657958984375,-4.94964599609375,-0.829925537109375,1.0,2.0,1.0,4.0,2.0,95.0,event
11:26:16.086,1.043139,0.2551292,0.93043804,1.0186048,0.9007033,0.09280326,0.45979702,1.0620517,0.96199,0.1334126,0.41848785,0.6707001,0.8128262,0.11379126,-0.16463774,0.659461,0.32423326,-0.41838935,-0.59538,0.0020752505,642.674,795.78754,634.21246,780.87915,734.94507,0.0750732421875,-0.0185546875,0.9716796875,2.205657958984375,-4.94964599609375,-0.829925537109375,1.0,2.0,1.0,4.0,2.0,95.0,event
11:26:16.087,1.043139,0.2551292,0.93043804,1.0186048,0.9007033,0.09280326,0.45979702,1.0620517,0.96199,0.1334126,0.41848785,0.6707001,0.8128262,0.11379126,-0.16463774,0.659461,0.32423326,-0.41838935,-0.59538,0.0020752505,700.293,792.5641,950.10986,786.9231,633.00366,0.0750732421875,-0.0185546875,0.9716796875,2.205657958984375,-4.94964599609375,-0.829925537109375,1.0,2.0,1.0,4.0,2.0,95.0,event
11:26:16.088,1.043139,0.2551292,0.93043804,1.0186048,0.9007033,0.09280326,0.45979702,1.0620517,0.96199,0.1334126,0.41848785,0.6707001,0.8128262,0.11379126,-0.16463774,0.659461,0.32423326,-0.41838935,-0.59538,0.0020752505,878.7912,795.38464,734.1392,795.78754,695.8608,0.0750732421875,-0.0185546875,0.9716796875,2.205657958984375,-4.94964599609375,-0.829925537109375,1.0,2.0,1.0,4.0,2.0,95.0,event
11:26:16.091,1.043139,0.2551292,0.93043804,1.0186048,0.9007033,0.09280326,0.45979702,1.0620517,0.96199,0.1334126,0.41848785,0.6707001,0.8128262,0.11379126,-0.16463774,0.659461,0.32423326,-0.41838935,-0.59538,0.0020752505,965.42126,801.02563,745.82416,797.8022,699.4872,0.0750732421875,-0.0185546875,0.9716796875,2.205657958984375,-4.94964599609375,-0.829925537109375,1.0,2.0,1.0,4.0,2.0,95.0,event
11:26:16.142,1.043139,0.2551292,0.93043804,1.0186048,0.9007033,0.09280326,0.45979702,1.0620517,0.96199,0.1334126,0.41848785,0.6707001,0.8128262,0.11379126,-0.16463774,0.659461,0.32423326,-0.41838935,-0.59538,0.0020752505,815.9341,801.02563,921.9048,779.67035,657.1795,0.0587158203125,-0.00653076171875,0.9874267578125,2.6617431640625,-1.95892333984375,-0.022430419921875,1.0,2.0,1.0,4.0,2.0,95.0,event
11:26:16.144,1.043139,0.2551292,0.93043804,1.0186048,0.9007033,0.09280326,0.45979702,1.0620517,0.96199,0.1334126,0.41848785,0.6707001,0.8128262,0.11379126,-0.16463774,0.659461,0.32423326,-0.41838935,-0.59538,0.0020752505,639.45056,800.6227,840.9158,765.16486,672.8938,0.0587158203125,-0.00653076171875,0.9874267578125,2.6617431640625,-1.95892333984375,-0.022430419921875,1.0,2.0,1.0,4.0,2.0,95.0,event
11:26:16.145,1.043139,0.2551292,0.93043804,1.0186048,0.9007033,0.09280326,0.45979702,1.0620517,0.96199,0.1334126,0.41848785,0.6707001,0.8128262,0.11379126,-0.16463774,0.659461,0.32423326,-0.41838935,-0.59538,0.0020752505,662.4176,801.8315,696.26373,767.1795,820.3663,0.0587158203125,-0.00653076171875,0.9874267578125,2.6617431640625,-1.95892333984375,-0.022430419921875,1.0,2.0,1.0,4.0,2.0,95.0,event
11:26:16.145,1.043139,0.2551292,0.93043804,1.0186048,0.9007033,0.09280326,0.45979702,1.0620517,0.96199,0.1334126,0.41848785,0.6707001,0.8128262,0.11379126,-0.16463774,0.659461,0.32423326,-0.41838935,-0.59538,0.0020752505,850.18317,803.0403,904.9817,776.8498,868.71796,0.0587158203125,-0.00653076171875,0.9874267578125,2.6617431640625,-1.95892333984375,-0.022430419921875,1.0,2.0,1.0,4.0,2.0,95.0,event
11:26:16.146,1.043139,0.2551292,0.93043804,1.0186048,0.9007033,0.09280326,0.45979702,1.0620517,0.96199,0.1334126,0.41848785,0.6707001,0.8128262,0.11379126,-0.16463774,0.659461,0.32423326,-0.41838935,-0.59538,0.0020752505,974.2857,800.2198,996.4469,776.04395,733.73627,0.0587158203125,-0.00653076171875,0.9874267578125,2.6617431640625,-1.95892333984375,-0.022430419921875,1.0,2.0,1.0,4.0,2.0,95.0,event
11:26:16.147,1.043139,0.2551292,0.93043804,1.0186048,0.9007033,0.09280326,0.45979702,1.0620517,0.96199,0.1334126,0.41848785,0.6707001,0.8128262,0.11379126,-0.16463774,0.659461,0.32423326,-0.41838935,-0.59538,0.0020752505,846.55676,797.8022,677.326,748.6447,755.09155,0.0587158203125,-0.00653076171875,0.9874267578125,2.6617431640625,-1.95892333984375,-0.022430419921875,1.0,2.0,1.0,4.0,2.0,95.0,event
11:26:16.148,1.043139,0.2551292,0.93043804,1.0186048,0.9007033,0.09280326,0.45979702,1.0620517,0.96199,0.1334126,0.41848785,0.6707001,0.8128262,0.11379126,-0.16463774,0.659461,0.32423326,-0.41838935,-0.59538,0.0020752505,658.7912,801.8315,500.43958,751.06226,871.13556,0.0587158203125,-0.00653076171875,0.9874267578125,2.6617431640625,-1.95892333984375,-0.022430419921875,1.0,2.0,1.0,4.0,2.0,95.0,event
11:26:16.148,1.043139,0.2551292,0.93043804,1.0186048,0.9007033,0.09280326,0.45979702,1.0620517,0.96199,0.1334126,0.41848785,0.6707001,0.8128262,0.11379126,-0.16463774,0.659461,0.32423326,-0.41838935,-0.59538,0.0020752505,653.1502,799.81683,258.27838,737.3626,934.3956,0.0587158203125,-0.00653076171875,0.9874267578125,2.6617431640625,-1.95892333984375,-0.022430419921875,1.0,2.0,1.0,4.0,2.0,95.0,event
11:26:16.149,1.043139,0.2551292,0.93043804,1.0186048,0.9007033,0.09280326,0.45979702,1.0620517,0.96199,0.1334126,0.41848785,0.6707001,0.8128262,0.11379126,-0.16463774,0.659461,0.32423326,-0.41838935,-0.59538,0.0020752505,846.1539,797.8022,1078.2417,766.3736,735.34796,0.0587158203125,-0.00653076171875,0.9874267578125,2.6617431640625,-1.95892333984375,-0.022430419921875,1.0,2.0,1.0,4.0,2.0,95.0,event
11:26:16.150,1.043139,0.2551292,0.93043804,1.0186048,0.9007033,0.09280326,0.45979702,1.0620517,0.96199,0.1334126,0.41848785,0.6707001,0.8128262,0.11379126,-0.16463774,0.659461,0.32423326,-0.41838935,-0.59538,0.0020752505,975.4945,790.9524,888.0586,762.74725,881.6117,0.0587158203125,-0.00653076171875,0.9874267578125,2.6617431640625,-1.95892333984375,-0.022430419921875,1.0,2.0,1.0,4.0,2.0,95.0,event
11:26:16.151,1.043139,0.2551292,0.93043804,1.0186048,0.9007033,0.09280326,0.45979702,1.0620517,0.96199,0.1334126,0.41848785,0.6707001,0.8128262,0.11379126,-0.16463774,0.659461,0.32423326,-0.41838935,-0.59538,0.0020752505,873.1502,799.81683,458.93774,736.9597,1054.0659,0.0587158203125,-0.00653076171875,0.9874267578125,2.6617431640625,-1.95892333984375,-0.022430419921875,1.0,2.0,1.0,4.0,2.0,95.0,event
11:26:16.151,1.043139,0.2551292,0.93043804,1.0186048,0.9007033,0.09280326,0.45979702,1.0620517,0.96199,0.1334126,0.41848785,0.6707001,0.8128262,0.11379126,-0.16463774,0.659461,0.32423326,-0.41838935,-0.59538,0.0020752505,690.2198,805.4579,720.0366,713.5897,855.82416,0.0587158203125,-0.00653076171875,0.9874267578125,2.6617431640625,-1.95892333984375,-0.022430419921875,1.0,2.0,1.0,4.0,2.0,95.0,event
11:26:16.178,1.043139,0.2551292,0.93043804,1.0186048,0.9007033,0.09280326,0.45979702,1.0620517,0.96199,0.1334126,0.41848785,0.6707001,0.8128262,0.11379126,-0.16463774,0.659461,0.32423326,-0.41838935,-0.59538,0.0020752505,666.8498,804.2491,1006.52014,705.9341,670.87915,0.059326171875,-0.00079345703125,0.9876708984375,2.265472412109375,-4.329071044921875,1.712188720703125,1.0,2.0,1.0,4.0,2.0,95.0,event
11:26:16.179,1.043139,0.2551292,0.93043804,1.0186048,0.9007033,0.09280326,0.45979702,1.0620517,0.96199,0.1334126,0.41848785,0.6707001,0.8128262,0.11379126,-0.16463774,0.659461,0.32423326,-0.41838935,-0.59538,0.0020752505,818.7546,804.2491,869.12085,713.5897,722.4542,0.059326171875,-0.00079345703125,0.9876708984375,2.265472412109375,-4.329071044921875,1.712188720703125,1.0,2.0,1.0,4.0,2.0,95.0,event
11:26:16.180,1.043139,0.2551292,0.93043804,1.0186048,0.9007033,0.09280326,0.45979702,1.0620517,0.96199,0.1334126,0.41848785,0.6707001,0.8128262,0.11379126,-0.16463774,0.659461,0.32423326,-0.41838935,-0.59538,0.0020752505,960.989,801.4286,842.9304,705.5311,789.7436,0.059326171875,-0.00079345703125,0.9876708984375,2.265472412109375,-4.329071044921875,1.712188720703125,1.0,2.0,1.0,4.0,2.0,95.0,event
11:26:16.181,1.043139,0.2551292,0.93043804,1.0186048,0.9007033,0.09280326,0.45979702,1.0620517,0.96199,0.1334126,0.41848785,0.6707001,0.8128262,0.11379126,-0.16463774,0.659461,0.32423326,-0.41838935,-0.59538,0.0020752505,890.87915,800.6227,942.0513,675.31134,721.2454,0.059326171875,-0.00079345703125,0.9876708984375,2.265472412109375,-4.329071044921875,1.712188720703125,1.0,2.0,1.0,4.0,2.0,95.0,event
11:26:16.181,1.043139,0.2551292,0.93043804,1.0186048,0.9007033,0.09280326,0.45979702,1.0620517,0.96199,0.1334126,0.41848785,0.6707001,0.8128262,0.11379126,-0.16463774,0.659461,0.32423326,-0.41838935,-0.59538,0.0020752505,696.6667,796.99634,887.6557,648.315,647.50916,0.059326171875,-0.00079345703125,0.9876708984375,2.265472412109375,-4.329071044921875,1.712188720703125,1.0,2.0,1.0,4.0,2.0,95.0,event
11:26:16.182,1.043139,0.2551292,0.93043804,1.0186048,0.9007033,0.09280326,0.45979702,1.0620517,0.96199,0.1334126,0.41848785,0.6707001,0.8128262,0.11379126,-0.16463774,0.659461,0.32423326,-0.41838935,-0.59538,0.0020752505,633.4066,796.5934,676.9231,639.85345,789.7436,0.059326171875,-0.00079345703125,0.9876708984375,2.265472412109375,-4.329071044921875,1.712188720703125,1.0,2.0,1.0,4.0,2.0,95.0,event
11:26:16.183,1.043139,0.2551292,0.93043804,1.0186048,0.9007033,0.09280326,0.45979702,1.0620517,0.96199,0.1334126,0.41848785,0.6707001,0.8128262,0.11379126,-0.16463774,0.659461,0.32423326,-0.41838935,-0.59538,0.0020752505,970.2564,796.99634,824.7985,676.9231,810.696,0.059326171875,-0.00079345703125,0.9876708984375,2.265472412109375,-4.329071044921875,1.712188720703125,1.0,2.0,1.0,4.0,2.0,95.0,event
11:26:16.183,1.043139,0.2551292,0.93043804,1.0186048,0.9007033,0.09280326,0.45979702,1.0620517,0.96199,0.1334126,0.41848785,0.6707001,0.8128262,0.11379126,-0.16463774,0.659461,0.32423326,-0.41838935,-0.59538,0.0020752505,778.46155,796.1905,564.90845,660.0,894.10254,0.059326171875,-0.00079345703125,0.9876708984375,2.265472412109375,-4.329071044921875,1.712188720703125,1.0,2.0,1.0,4.0,2.0,95.0,event
11:26:16.184,1.043139,0.2551292,0.93043804,1.0186048,0.9007033,0.09280326,0.45979702,1.0620517,0.96199,0.1334126,0.41848785,0.6707001,0.8128262,0.11379126,-0.16463774,0.659461,0.32423326,-0.41838935,-0.59538,0.0020752505,930.7692,794.57874,981.53845,659.59705,671.28204,0.059326171875,-0.00079345703125,0.9876708984375,2.265472412109375,-4.329071044921875,1.712188720703125,1.0,2.0,1.0,4.0,2.0,95.0,event
11:26:16.185,1.043139,0.2551292,0.93043804,1.0186048,0.9007033,0.09280326,0.45979702,1.0620517,0.96199,0.1334126,0.41848785,0.6707001,0.8128262,0.11379126,-0.16463774,0.659461,0.32423326,-0.41838935,-0.59538,0.0020752505,706.337,790.9524,429.12088,638.6447,800.6227,0.059326171875,-0.00079345703125,0.9876708984375,2.265472412109375,-4.329071044921875,1.712188720703125,1.0,2.0,1.0,4.0,2.0,95.0,event
11:26:16.185,1.043139,0.2551292,0.93043804,1.0186048,0.9007033,0.09280326,0.45979702,1.0620517,0.96199,0.1334126,0.41848785,0.6707001,0.8128262,0.11379126,-0.16463774,0.659461,0.32423326,-0.41838935,-0.59538,0.0020752505,627.3626,790.54944,310.2564,632.1978,844.5421,0.059326171875,-0.00079345703125,0.9876708984375,2.265472412109375,-4.329071044921875,1.712188720703125,1.0,2.0,1.0,4.0,2.0,95.0,event
11:26:16.186,1.043139,0.2551292,0.93043804,1.0186048,0.9007033,0.09280326,0.45979702,1.0620517,0.96199,0.1334126,0.41848785,0.6707001,0.8128262,0.11379126,-0.16463774,0.659461,0.32423326,-0.41838935,-0.59538,0.0020752505,770.40295,787.72894,854.21246,648.315,566.1172,0.059326171875,-0.00079345703125,0.9876708984375,2.265472412109375,-4.329071044921875,1.712188720703125,1.0,2.0,1.0,4.0,2.0,95.0,event
11:26:16.244,1.043139,0.2551292,0.93043804,1.0186048,0.9007033,0.09280326,0.45979702,1.0620517,0.96199,0.1334126,0.41848785,0.6707001,0.8128262,0.11379126,-0.16463774,0.659461,0.32423326,-0.41838935,-0.59538,0.0020752505,949.304,786.9231,853.8095,669.2674,672.49084,0.054931640625,-0.005859375,0.9903564453125,1.15142822265625,-3.0206298828125,1.15142822265625,1.0,2.0,1.0,4.0,2.0,95.0,event
11:26:16.246,1.043139,0.2551292,0.93043804,1.0186048,0.9007033,0.09280326,0.45979702,1.0620517,0.96199,0.1334126,0.41848785,0.6707001,0.8128262,0.11379126,-0.16463774,0.659461,0.32423326,-0.41838935,-0.59538,0.0020752505,936.8132,791.75824,678.1319,655.9707,799.41394,0.054931640625,-0.005859375,0.9903564453125,1.15142822265625,-3.0206298828125,1.15142822265625,1.0,2.0,1.0,4.0,2.0,95.0,event
11:26:16.247,1.043139,0.2551292,0.93043804,1.0186048,0.9007033,0.09280326,0.45979702,1.0620517,0.96199,0.1334126,0.41848785,0.6707001,0.8128262,0.11379126,-0.16463774,0.659461,0.32423326,-0.41838935,-0.59538,0.0020752505,743.8095,795.38464,709.5604,636.2271,695.8608,0.054931640625,-0.005859375,0.9903564453125,1.15142822265625,-3.0206298828125,1.15142822265625,1.0,2.0,1.0,4.0,2.0,95.0,event
11:26:16.247,1.043139,0.2551292,0.93043804,1.0186048,0.9007033,0.09280326,0.45979702,1.0620517,0.96199,0.1334126,0.41848785,0.6707001,0.8128262,0.11379126,-0.16463774,0.659461,0.32423326,-0.41838935,-0.59538,0.0020752505,644.68866,796.99634,884.0293,635.82416,656.3736,0.054931640625,-0.005859375,0.9903564453125,1.15142822265625,-3.0206298828125,1.15142822265625,1.0,2.0,1.0,4.0,2.0,95.0,event
11:26:16.248,1.043139,0.2551292,0.93043804,1.0186048,0.9007033,0.09280326,0.45979702,1.0620517,0.96199,0.1334126,0.41848785,0.6707001,0.8128262,0.11379126,-0.16463774,0.659461,0.32423326,-0.41838935,-0.59538,0.0020752505,747.03296,797.8022,906.5934,658.7912,794.17584,0.054931640625,-0.005859375,0.9903564453125,1.15142822265625,-3.0206298828125,1.15142822265625,1.0,2.0,1.0,4.0,2.0,95.0,event
11:26:16.249,1.043139,0.2551292,0.93043804,1.0186048,0.9007033,0.09280326,0.45979702,1.0620517,0.96199,0.1334126,0.41848785,0.6707001,0.8128262,0.11379126,-0.16463774,0.659461,0.32423326,-0.41838935,-0.59538,0.0020752505,936.8132,798.60803,622.1245,682.5641,931.1722,0.054931640625,-0.005859375,0.9903564453125,1.15142822265625,-3.0206298828125,1.15142822265625,1.0,2.0,1.0,4.0,2.0,95.0,event
11:26:16.249,1.043139,0.2551292,0.93043804,1.0186048,0.9007033,0.09280326,0.45979702,1.0620517,0.96199,0.1334126,0.41848785,0.6707001,0.8128262,0.11379126,-0.16463774,0.659461,0.32423326,-0.41838935,-0.59538,0.0020752505,961.39197,799.011,568.93774,681.3553,916.26373,0.054931640625,-0.005859375,0.9903564453125,1.15142822265625,-3.0206298828125,1.15142822265625,1.0,2.0,1.0,4.0,2.0,95.0,event
11:26:16.250,1.043139,0.2551292,0.93043804,1.0186048,0.9007033,0.09280326,0.45979702,1.0620517,0.96199,0.1334126,0.41848785,0.6707001,0.8128262,0.11379126,-0.16463774,0.659461,0.32423326,-0.41838935,-0.59538,0.0020752505,772.01465,800.2198,811.0989,664.83514,817.1429,0.054931640625,-0.005859375,0.9903564453125,1.15142822265625,-3.0206298828125,1.15142822265625,1.0,2.0,1.0,4.0,2.0,95.0,event
11:26:16.251,1.043139,0.2551292,0.93043804,1.0186048,0.9007033,0.09280326,0.45979702,1.0620517,0.96199,0.1334126,0.41848785,0.6707001,0.8128262,0.11379126,-0.16463774,0.659461,0.32423326,-0.41838935,-0.59538,0.0020752505,643.47986,801.4286,746.2271,669.67035,739.3773,0.054931640625,-0.005859375,0.9903564453125,1.15142822265625,-3.0206298828125,1.15142822265625,1.0,2.0,1.0,4.0,2.0,95.0,event
11:26:16.252,1.043139,0.2551292,0.93043804,1.0186048,0.9007033,0.09280326,0.45979702,1.0620517,0.96199,0.1334126,0.41848785,0.6707001,0.8128262,0.11379126,-0.16463774,0.659461,0.32423326,-0.41838935,-0.59538,0.0020752505,714.7985,804.65204,449.2674,693.8461,906.99634,0.054931640625,-0.005859375,0.9903564453125,1.15142822265625,-3.0206298828125,1.15142822265625,1.0,2.0,1.0,4.0,2.0,95.0,event
11:26:16.253,1.043139,0.2551292,0.93043804,1.0186048,0.9007033,0.09280326,0.45979702,1.0620517,0.96199,0.1334126,0.41848785,0.6707001,0.8128262,0.11379126,-0.16463774,0.659461,0.32423326,-0.41838935,-0.59538,0.0020752505,913.8461,808.2784,759.92676,708.7546,838.9011,0.054931640625,-0.005859375,0.9903564453125,1.15142822265625,-3.0206298828125,1.15142822265625,1.0,2.0,1.0,4.0,2.0,95.0,event
11:26:16.253,1.043139,0.2551292,0.93043804,1.0186048,0.9007033,0.09280326,0.45979702,1.0620517,0.96199,0.1334126,0.41848785,0.6707001,0.8128262,0.11379126,-0.16463774,0.659461,0.32423326,-0.41838935,-0.59538,0.0020752505,986.3736,807.8755,1007.326,709.9634,689.81683,0.054931640625,-0.005859375,0.9903564453125,1.15142822265625,-3.0206298828125,1.15142822265625,1.0,2.0,1.0,4.0,2.0,95.0,event
11:26:16.279,1.043139,0.2551292,0.93043804,1.0186048,0.9007033,0.09280326,0.45979702,1.0620517,0.96199,0.1334126,0.41848785,0.6707001,0.8128262,0.11379126,-0.16463774,0.659461,0.32423326,-0.41838935,-0.59538,0.0020752505,801.02563,804.65204,779.67035,686.5934,811.0989,0.054931640625,-0.005859375,0.9903564453125,1.15142822265625,-3.0206298828125,1.15142822265625,1.0,2.0,1.0,4.0,2.0,95.0,event
11:26:16.281,1.043139,0.2551292,0.93043804,1.0186048,0.9007033,0.09280326,0.45979702,1.0620517,0.96199,0.1334126,0.41848785,0.6707001,0.8128262,0.11379126,-0.16463774,0.659461,0.32423326,-0.41838935,-0.59538,0.0020752505,640.2564,802.23444,759.92676,659.19415,867.50916,0.054931640625,-0.005859375,0.9903564453125,1.15142822265625,-3.0206298828125,1.15142822265625,1.0,2.0,1.0,4.0,2.0,95.0,event
11:26:16.285,1.043139,0.2551292,0.93043804,1.0186048,0.9007033,0.09280326,0.45979702,1.0620517,0.96199,0.1334126,0.41848785,0.6707001,0.8128262,0.11379126,-0.16463774,0.659461,0.32423326,-0.41838935,-0.59538,0.0020752505,711.1722,803.44324,985.9707,656.77655,768.3883,0.054931640625,-0.005859375,0.9903564453125,1.15142822265625,-3.0206298828125,1.15142822265625,1.0,2.0,1.0,4.0,2.0,95.0,event
11:26:16.286,1.043139,0.2551292,0.93043804,1.0186048,0.9007033,0.09280326,0.45979702,1.0620517,0.96199,0.1334126,0.41848785,0.6707001,0.8128262,0.11379126,-0.16463774,0.659461,0.32423326,-0.41838935,-0.59538,0.0020752505,904.57874,798.20514,1004.90845,673.2967,728.9011,0.054931640625,-0.005859375,0.9903564453125,1.15142822265625,-3.0206298828125,1.15142822265625,1.0,2.0,1.0,4.0,2.0,95.0,event
11:26:16.287,1.043139,0.2551292,0.93043804,1.0186048,0.9007033,0.09280326,0.45979702,1.0620517,0.96199,0.1334126,0.41848785,0.6707001,0.8128262,0.11379126,-0.16463774,0.659461,0.32423326,-0.41838935,-0.59538,0.0020752505,972.674,795.78754,624.5421,668.0586,859.45056,0.054931640625,-0.005859375,0.9903564453125,1.15142822265625,-3.0206298828125,1.15142822265625,1.0,2.0,1.0,4.0,2.0,95.0,event
11:26:16.288,1.043139,0.2551292,0.93043804,1.0186048,0.9007033,0.09280326,0.45979702,1.0620517,0.96199,0.1334126,0.41848785,0.6707001,0.8128262,0.11379126,-0.16463774,0.659461,0.32423326,-0.41838935,-0.59538,0.0020752505,643.0769,795.38464,544.7619,640.2564,811.0989,0.054931640625,-0.005859375,0.9903564453125,1.15142822265625,-3.0206298828125,1.15142822265625,1.0,2.0,1.0,4.0,2.0,95.0,event
11:26:16.288,1.043139,0.2551292,0.93043804,1.0186048,0.9007033,0.09280326,0.45979702,1.0620517,0.96199,0.1334126,0.41848785,0.6707001,0.8128262,0.11379126,-0.16463774,0.659461,0.32423326,-0.41838935,-0.59538,0.0020752505,810.293,798.20514,380.76923,641.06226,928.3516,0.054931640625,-0.005859375,0.9903564453125,1.15142822265625,-3.0206298828125,1.15142822265625,1.0,2.0,1.0,4.0,2.0,95.0,event
11:26:16.289,1.043139,0.2551292,0.93043804,1.0186048,0.9007033,0.09280326,0.45979702,1.0620517,0.96199,0.1334126,0.41848785,0.6707001,0.8128262,0.11379126,-0.16463774,0.659461,0.32423326,-0.41838935,-0.59538,0.0020752505,682.1612,795.78754,829.2308,654.7619,651.53845,0.054931640625,-0.005859375,0.9903564453125,1.15142822265625,-3.0206298828125,1.15142822265625,1.0,2.0,1.0,4.0,2.0,95.0,event
11:26:16.290,1.043139,0.2551292,0.93043804,1.0186048,0.9007033,0.09280326,0.45979702,1.0620517,0.96199,0.1334126,0.41848785,0.6707001,0.8128262,0.11379126,-0.16463774,0.659461,0.32423326,-0.41838935,-0.59538,0.0020752505,867.50916,794.57874,588.68134,676.9231,843.3333,0.054931640625,-0.005859375,0.9903564453125,1.15142822265625,-3.0206298828125,1.15142822265625,1.0,2.0,1.0,4.0,2.0,95.0,event
11:26:16.291,1.043139,0.2551292,0.93043804,1.0186048,0.9007033,0.09280326,0.45979702,1.0620517,0.96199,0.1334126,0.41848785,0.6707001,0.8128262,0.11379126,-0.16463774,0.659461,0.32423326,-0.41838935,-0.59538,0.0020752505,966.2271,790.14655,349.7436,684.57874,998.0586,0.054931640625,-0.005859375,0.9903564453125,1.15142822265625,-3.0206298828125,1.15142822265625,1.0,2.0,1.0,4.0,2.0,95.0,event
11:26:16.292,1.043139,0.2551292,0.93043804,1.0186048,0.9007033,0.09280326,0.45979702,1.0620517,0.96199,0.1334126,0.41848785,0.6707001,0.8128262,0.11379126,-0.16463774,0.659461,0.32423326,-0.41838935,-0.59538,0.0020752505,840.9158,791.3553,846.9597,660.40295,747.4359,0.054931640625,-0.005859375,0.9903564453125,1.15142822265625,-3.0206298828125,1.15142822265625,1.0,2.0,1.0,4.0,2.0,95.0,event
11:26:16.294,1.043139,0.2551292,0.93043804,1.0186048,0.9007033,0.09280326,0.45979702,1.0620517,0.96199,0.1334126,0.41848785,0.6707001,0.8128262,0.11379126,-0.16463774,0.659461,0.32423326,-0.41838935,-0.59538,0.0020752505,663.6264,792.96704,909.81683,643.8828,748.6447,0.054931640625,-0.005859375,0.9903564453125,1.15142822265625,-3.0206298828125,1.15142822265625,1.0,2.0,1.0,4.0,2.0,95.0,event
11:26:16.318,1.043139,0.2551292,0.93043804,1.0186048,0.9007033,0.09280326,0.45979702,1.0620517,0.96199,0.1334126,0.41848785,0.6707001,0.8128262,0.11379126,-0.16463774,0.659461,0.32423326,-0.41838935,-0.59538,0.0020752505,676.1172,795.38464,803.44324,651.13556,802.6374,0.0640869140625,-0.0118408203125,0.97686767578125,1.727142333984375,-4.26177978515625,-1.2860107421875,1.0,2.0,1.0,4.0,2.0,95.0,event
11:26:16.321,1.043139,0.2551292,0.93043804,1.0186048,0.9007033,0.09280326,0.45979702,1.0620517,0.96199,0.1334126,0.41848785,0.6707001,0.8128262,0.11379126,-0.16463774,0.659461,0.32423326,-0.41838935,-0.59538,0.0020752505,856.2271,797.8022,925.12823,678.1319,768.7912,0.0640869140625,-0.0118408203125,0.97686767578125,1.727142333984375,-4.26177978515625,-1.2860107421875,1.0,2.0,1.0,4.0,2.0,95.0,event
11:26:16.322,1.043139,0.2551292,0.93043804,1.0186048,0.9007033,0.09280326,0.45979702,1.0620517,0.96199,0.1334126,0.41848785,0.6707001,0.8128262,0.11379126,-0.16463774,0.659461,0.32423326,-0.41838935,-0.59538,0.0020752505,970.2564,798.20514,1124.5787,679.7436,836.08057,0.0640869140625,-0.0118408203125,0.97686767578125,1.727142333984375,-4.26177978515625,-1.2860107421875,1.0,2.0,1.0,4.0,2.0,95.0,event
11:26:16.324,1.043139,0.2551292,0.93043804,1.0186048,0.9007033,0.09280326,0.45979702,1.0620517,0.96199,0.1334126,0.41848785,0.6707001,0.8128262,0.11379126,-0.16463774,0.659461,0.32423326,-0.41838935,-0.59538,0.0020752505,856.63007,798.20514,993.6264,637.8388,892.0879,0.0640869140625,-0.0118408203125,0.97686767578125,1.727142333984375,-4.26177978515625,-1.2860107421875,1.0,2.0,1.0,4.0,2.0,95.0,event
11:26:16.326,1.043139,0.2551292,0.93043804,1.0186048,0.9007033,0.09280326,0.45979702,1.0620517,0.96199,0.1334126,0.41848785,0.6707001,0.8128262,0.11379126,-0.16463774,0.659461,0.32423326,-0.41838935,-0.59538,0.0020752505,655.56775,799.011,720.4396,598.7546,840.10986,0.0640869140625,-0.0118408203125,0.97686767578125,1.727142333984375,-4.26177978515625,-1.2860107421875,1.0,2.0,1.0,4.0,2.0,95.0,event
11:26:16.327,1.043139,0.2551292,0.93043804,1.0186048,0.9007033,0.09280326,0.45979702,1.0620517,0.96199,0.1334126,0.41848785,0.6707001,0.8128262,0.11379126,-0.16463774,0.659461,0.32423326,-0.41838935,-0.59538,0.0020752505,635.82416,800.6227,691.4286,605.6044,842.52747,0.0640869140625,-0.0118408203125,0.97686767578125,1.727142333984375,-4.26177978515625,-1.2860107421875,1.0,2.0,1.0,4.0,2.0,95.0,event
11:26:16.328,1.043139,0.2551292,0.93043804,1.0186048,0.9007033,0.09280326,0.45979702,1.0620517,0.96199,0.1334126,0.41848785,0.6707001,0.8128262,0.11379126,-0.16463774,0.659461,0.32423326,-0.41838935,-0.59538,0.0020752505,810.696,799.81683,709.9634,635.82416,867.9121,0.0640869140625,-0.0118408203125,0.97686767578125,1.727142333984375,-4.26177978515625,-1.2860107421875,1.0,2.0,1.0,4.0,2.0,95.0,event
11:26:16.329,1.043139,0.2551292,0.93043804,1.0186048,0.9007033,0.09280326,0.45979702,1.0620517,0.96199,0.1334126,0.41848785,0.6707001,0.8128262,0.11379126,-0.16463774,0.659461,0.32423326,-0.41838935,-0.59538,0.0020752505,967.4359,801.8315,763.1502,647.1062,904.17584,0.0640869140625,-0.0118408203125,0.97686767578125,1.727142333984375,-4.26177978515625,-1.2860107421875,1.0,2.0,1.0,4.0,2.0,95.0,event
11:26:16.330,1.043139,0.2551292,0.93043804,1.0186048,0.9007033,0.09280326,0.45979702,1.0620517,0.96199,0.1334126,0.41848785,0.6707001,0.8128262,0.11379126,-0.16463774,0.659461,0.32423326,-0.41838935,-0.59538,0.0020752505,688.60803,800.6227,281.24542,628.5714,1055.6776,0.0640869140625,-0.0118408203125,0.97686767578125,1.727142333984375,-4.26177978515625,-1.2860107421875,1.0,2.0,1.0,4.0,2.0,95.0,event
11:26:16.330,1.043139,0.2551292,0.93043804,1.0186048,0.9007033,0.09280326,0.45979702,1.0620517,0.96199,0.1334126,0.41848785,0.6707001,0.8128262,0.11379126,-0.16463774,0.659461,0.32423326,-0.41838935,-0.59538,0.0020752505,883.22345,798.60803,263.9194,645.09155,1146.7399,0.0640869140625,-0.0118408203125,0.97686767578125,1.727142333984375,-4.26177978515625,-1.2860107421875,1.0,2.0,1.0,4.0,2.0,95.0,event
11:26:16.331,1.043139,0.2551292,0.93043804,1.0186048,0.9007033,0.09280326,0.45979702,1.0620517,0.96199,0.1334126,0.41848785,0.6707001,0.8128262,0.11379126,-0.16463774,0.659461,0.32423326,-0.41838935,-0.59538,0.0020752505,654.35895,799.011,946.8865,628.1685,764.35895,0.0640869140625,-0.0118408203125,0.97686767578125,1.727142333984375,-4.26177978515625,-1.2860107421875,1.0,2.0,1.0,4.0,2.0,95.0,event
11:26:16.332,1.043139,0.2551292,0.93043804,1.0186048,0.9007033,0.09280326,0.45979702,1.0620517,0.96199,0.1334126,0.41848785,0.6707001,0.8128262,0.11379126,-0.16463774,0.659461,0.32423326,-0.41838935,-0.59538,0.0020752505,799.81683,795.78754,794.9817,641.8681,842.1245,0.0640869140625,-0.0118408203125,0.97686767578125,1.727142333984375,-4.26177978515625,-1.2860107421875,1.0,2.0,1.0,4.0,2.0,95.0,event
11:26:16.356,1.043139,0.2551292,0.93043804,1.0186048,0.9007033,0.09280326,0.45979702,1.0620517,0.96199,0.1334126,0.41848785,0.6707001,0.8128262,0.11379126,-0.16463774,0.659461,0.32423326,-0.41838935,-0.59538,0.0020752505,984.35895,802.23444,768.3883,621.7216,828.022,0.0673828125,-0.0125732421875,0.98974609375,1.383209228515625,-3.566436767578125,-0.590667724609375,1.0,2.0,1.0,4.0,2.0,95.0,event
11:26:16.357,1.043139,0.2551292,0.93043804,1.0186048,0.9007033,0.09280326,0.45979702,1.0620517,0.96199,0.1334126,0.41848785,0.6707001,0.8128262,0.11379126,-0.16463774,0.659461,0.32423326,-0.41838935,-0.59538,0.0020752505,942.8571,804.2491,1010.14655,569.34064,745.42126,0.0673828125,-0.0125732421875,0.98974609375,1.383209228515625,-3.566436767578125,-0.590667724609375,1.0,2.0,1.0,4.0,2.0,95.0,event
11:26:16.358,1.043139,0.2551292,0.93043804,1.0186048,0.9007033,0.09280326,0.45979702,1.0620517,0.96199,0.1334126,0.41848785,0.6707001,0.8128262,0.11379126,-0.16463774,0.659461,0.32423326,-0.41838935,-0.59538,0.0020752505,713.5897,798.60803,933.5897,542.74725,680.14655,0.0673828125,-0.0125732421875,0.98974609375,1.383209228515625,-3.566436767578125,-0.590667724609375,1.0,2.0,1.0,4.0,2.0,95.0,event
11:26:16.359,1.043139,0.2551292,0.93043804,1.0186048,0.9007033,0.09280326,0.45979702,1.0620517,0.96199,0.1334126,0.41848785,0.6707001,0.8128262,0.11379126,-0.16463774,0.659461,0.32423326,-0.41838935,-0.59538,0.0020752505,635.0183,794.9817,721.6484,576.1905,720.4396,0.0673828125,-0.0125732421875,0.98974609375,1.383209228515625,-3.566436767578125,-0.590667724609375,1.0,2.0,1.0,4.0,2.0,95.0,event
11:26:16.361,,,,,,,,,,,,,,,,,,,,,,,,,,,,,,,,,,,,,,blink
11:26:16.363,1.043139,0.2551292,0.93043804,1.0186048,0.9007033,0.09280326,0.45979702,1.0620517,0.96199,0.1334126,0.41848785,0.6707001,0.8128262,0.11379126,-0.16463774,0.659461,0.32423326,-0.41838935,-0.59538,0.0020752505,769.59705,793.36993,793.7729,610.84247,767.5824,0.0673828125,-0.0125732421875,0.98974609375,1.383209228515625,-3.566436767578125,-0.590667724609375,1.0,2.0,1.0,4.0,2.0,95.0,event
11:26:16.363,1.043139,0.2551292,0.93043804,1.0186048,0.9007033,0.09280326,0.45979702,1.0620517,0.96199,0.1334126,0.41848785,0.6707001,0.8128262,0.11379126,-0.16463774,0.659461,0.32423326,-0.41838935,-0.59538,0.0020752505,950.9158,796.1905,885.2381,643.0769,817.1429,0.0673828125,-0.0125732421875,0.98974609375,1.383209228515625,-3.566436767578125,-0.590667724609375,1.0,2.0,1.0,4.0,2.0,95.0,event
11:26:16.364,1.043139,0.2551292,0.93043804,1.0186048,0.9007033,0.09280326,0.45979702,1.0620517,0.96199,0.1334126,0.41848785,0.6707001,0.8128262,0.11379126,-0.16463774,0.659461,0.32423326,-0.41838935,-0.59538,0.0020752505,930.3663,795.38464,780.07324,664.0293,859.85345,0.0673828125,-0.0125732421875,0.98974609375,1.383209228515625,-3.566436767578125,-0.590667724609375,1.0,2.0,1.0,4.0,2.0,95.0,event
11:26:16.365,1.043139,0.2551292,0.93043804,1.0186048,0.9007033,0.09280326,0.45979702,1.0620517,0.96199,0.1334126,0.41848785,0.6707001,0.8128262,0.11379126,-0.16463774,0.659461,0.32423326,-0.41838935,-0.59538,0.0020752505,628.1685,794.57874,265.53113,683.7729,928.7546,0.0673828125,-0.0125732421875,0.98974609375,1.383209228515625,-3.566436767578125,-0.590667724609375,1.0,2.0,1.0,4.0,2.0,95.0,event
11:26:16.365,1.043139,0.2551292,0.93043804,1.0186048,0.9007033,0.09280326,0.45979702,1.0620517,0.96199,0.1334126,0.41848785,0.6707001,0.8128262,0.11379126,-0.16463774,0.659461,0.32423326,-0.41838935,-0.59538,0.0020752505,718.8278,790.54944,390.43958,666.8498,925.5311,0.0673828125,-0.0125732421875,0.98974609375,1.383209228515625,-3.566436767578125,-0.590667724609375,1.0,2.0,1.0,4.0,2.0,95.0,event
11:26:16.366,1.043139,0.2551292,0.93043804,1.0186048,0.9007033,0.09280326,0.45979702,1.0620517,0.96199,0.1334126,0.41848785,0.6707001,0.8128262,0.11379126,-0.16463774,0.659461,0.32423326,-0.41838935,-0.59538,0.0020752505,744.61536,796.5934,885.2381,709.9634,740.989,0.0673828125,-0.0125732421875,0.98974609375,1.383209228515625,-3.566436767578125,-0.590667724609375,1.0,2.0,1.0,4.0,2.0,95.0,event
11:26:16.366,1.043139,0.2551292,0.93043804,1.0186048,0.9007033,0.09280326,0.45979702,1.0620517,0.96199,0.1334126,0.41848785,0.6707001,0.8128262,0.11379126,-0.16463774,0.659461,0.32423326,-0.41838935,-0.59538,0.0020752505,935.6044,789.34064,945.2747,740.18317,801.8315,0.0673828125,-0.0125732421875,0.98974609375,1.383209228515625,-3.566436767578125,-0.590667724609375,1.0,2.0,1.0,4.0,2.0,95.0,event
11:26:16.367,1.043139,0.2551292,0.93043804,1.0186048,0.9007033,0.09280326,0.45979702,1.0620517,0.96199,0.1334126,0.41848785,0.6707001,0.8128262,0.11379126,-0.16463774,0.659461,0.32423326,-0.41838935,-0.59538,0.0020752505,952.9304,787.326,720.4396,747.8388,856.2271,0.0673828125,-0.0125732421875,0.98974609375,1.383209228515625,-3.566436767578125,-0.590667724609375,1.0,2.0,1.0,4.0,2.0,95.0,event
11:26:16.421,1.043139,0.2551292,0.93043804,1.0186048,0.9007033,0.09280326,0.45979702,1.0620517,0.96199,0.1334126,0.41848785,0.6707001,0.8128262,0.11379126,-0.16463774,0.659461,0.32423326,-0.41838935,-0.59538,0.0020752505,760.7326,789.34064,791.75824,725.2747,745.0183,0.0662841796875,-0.01727294921875,0.981689453125,1.084136962890625,-4.02252197265625,0.3887939453125,1.0,2.0,1.0,4.0,2.0,95.0,event
11:26:16.422,1.043139,0.2551292,0.93043804,1.0186048,0.9007033,0.09280326,0.45979702,1.0620517,0.96199,0.1334126,0.41848785,0.6707001,0.8128262,0.11379126,-0.16463774,0.659461,0.32423326,-0.41838935,-0.59538,0.0020752505,647.50916,792.1612,957.76556,725.6777,663.22345,0.0662841796875,-0.01727294921875,0.981689453125,1.084136962890625,-4.02252197265625,0.3887939453125,1.0,2.0,1.0,4.0,2.0,95.0,event
11:26:16.423,1.043139,0.2551292,0.93043804,1.0186048,0.9007033,0.09280326,0.45979702,1.0620517,0.96199,0.1334126,0.41848785,0.6707001,0.8128262,0.11379126,-0.16463774,0.659461,0.32423326,-0.41838935,-0.59538,0.0020752505,725.6777,796.5934,925.5311,750.65936,696.26373,0.0662841796875,-0.01727294921875,0.981689453125,1.084136962890625,-4.02252197265625,0.3887939453125,1.0,2.0,1.0,4.0,2.0,95.0,event
11:26:16.423,1.043139,0.2551292,0.93043804,1.0186048,0.9007033,0.09280326,0.45979702,1.0620517,0.96199,0.1334126,0.41848785,0.6707001,0.8128262,0.11379126,-0.16463774,0.659461,0.32423326,-0.41838935,-0.59538,0.0020752505,919.0842,800.6227,817.5458,770.0,868.71796,0.0662841796875,-0.01727294921875,0.981689453125,1.084136962890625,-4.02252197265625,0.3887939453125,1.0,2.0,1.0,4.0,2.0,95.0,event
11:26:16.424,1.043139,0.2551292,0.93043804,1.0186048,0.9007033,0.09280326,0.45979702,1.0620517,0.96199,0.1334126,0.41848785,0.6707001,0.8128262,0.11379126,-0.16463774,0.659461,0.32423326,-0.41838935,-0.59538,0.0020752505,978.315,794.9817,973.0769,776.8498,910.2198,0.0662841796875,-0.01727294921875,0.981689453125,1.084136962890625,-4.02252197265625,0.3887939453125,1.0,2.0,1.0,4.0,2.0,95.0,event
11:26:16.425,1.043139,0.2551292,0.93043804,1.0186048,0.9007033,0.09280326,0.45979702,1.0620517,0.96199,0.1334126,0.41848785,0.6707001,0.8128262,0.11379126,-0.16463774,0.659461,0.32423326,-0.41838935,-0.59538,0.0020752505,809.0842,794.17584,857.4359,768.7912,815.9341,0.0662841796875,-0.01727294921875,0.981689453125,1.084136962890625,-4.02252197265625,0.3887939453125,1.0,2.0,1.0,4.0,2.0,95.0,event
11:26:16.425,1.043139,0.2551292,0.93043804,1.0186048,0.9007033,0.09280326,0.45979702,1.0620517,0.96199,0.1334126,0.41848785,0.6707001,0.8128262,0.11379126,-0.16463774,0.659461,0.32423326,-0.41838935,-0.59538,0.0020752505,654.35895,791.75824,639.45056,756.30035,884.43225,0.0662841796875,-0.01727294921875,0.981689453125,1.084136962890625,-4.02252197265625,0.3887939453125,1.0,2.0,1.0,4.0,2.0,95.0,event
11:26:16.426,1.043139,0.2551292,0.93043804,1.0186048,0.9007033,0.09280326,0.45979702,1.0620517,0.96199,0.1334126,0.41848785,0.6707001,0.8128262,0.11379126,-0.16463774,0.659461,0.32423326,-0.41838935,-0.59538,0.0020752505,683.36993,782.49084,354.57877,760.32965,1020.6227,0.0662841796875,-0.01727294921875,0.981689453125,1.084136962890625,-4.02252197265625,0.3887939453125,1.0,2.0,1.0,4.0,2.0,95.0,event
11:26:16.427,1.043139,0.2551292,0.93043804,1.0186048,0.9007033,0.09280326,0.45979702,1.0620517,0.96199,0.1334126,0.41848785,0.6707001,0.8128262,0.11379126,-0.16463774,0.659461,0.32423326,-0.41838935,-0.59538,0.0020752505,892.0879,784.90845,621.31866,779.67035,880.0,0.0662841796875,-0.01727294921875,0.981689453125,1.084136962890625,-4.02252197265625,0.3887939453125,1.0,2.0,1.0,4.0,2.0,95.0,event
11:26:16.427,1.043139,0.2551292,0.93043804,1.0186048,0.9007033,0.09280326,0.45979702,1.0620517,0.96199,0.1334126,0.41848785,0.6707001,0.8128262,0.11379126,-0.16463774,0.659461,0.32423326,-0.41838935,-0.59538,0.0020752505,1016.1905,783.2967,1113.2968,792.5641,713.5897,0.0662841796875,-0.01727294921875,0.981689453125,1.084136962890625,-4.02252197265625,0.3887939453125,1.0,2.0,1.0,4.0,2.0,95.0,event
11:26:16.428,1.043139,0.2551292,0.93043804,1.0186048,0.9007033,0.09280326,0.45979702,1.0620517,0.96199,0.1334126,0.41848785,0.6707001,0.8128262,0.11379126,-0.16463774,0.659461,0.32423326,-0.41838935,-0.59538,0.0020752505,838.9011,774.0293,805.8608,784.5055,728.0952,0.0662841796875,-0.01727294921875,0.981689453125,1.084136962890625,-4.02252197265625,0.3887939453125,1.0,2.0,1.0,4.0,2.0,95.0,event
11:26:16.429,1.043139,0.2551292,0.93043804,1.0186048,0.9007033,0.09280326,0.45979702,1.0620517,0.96199,0.1334126,0.41848785,0.6707001,0.8128262,0.11379126,-0.16463774,0.659461,0.32423326,-0.41838935,-0.59538,0.0020752505,654.35895,769.59705,697.8755,777.25275,737.3626,0.0662841796875,-0.01727294921875,0.981689453125,1.084136962890625,-4.02252197265625,0.3887939453125,1.0,2.0,1.0,4.0,2.0,95.0,event
11:26:16.473,1.043139,0.2551292,0.93043804,1.0186048,0.9007033,0.09280326,0.45979702,1.0620517,0.96199,0.1334126,0.41848785,0.6707001,0.8128262,0.11379126,-0.16463774,0.659461,0.32423326,-0.41838935,-0.59538,0.0020752505,720.4396,775.2381,998.0586,801.8315,740.989,0.06463623046875,-0.012939453125,0.9869384765625,1.3458251953125,-2.9608154296875,-0.127105712890625,1.0,2.0,1.0,4.0,2.0,95.0,event
11:26:16.474,1.043139,0.2551292,0.93043804,1.0186048,0.9007033,0.09280326,0.45979702,1.0620517,0.96199,0.1334126,0.41848785,0.6707001,0.8128262,0.11379126,-0.16463774,0.659461,0.32423326,-0.41838935,-0.59538,0.0020752505,915.05493,783.2967,1026.6666,826.4103,795.78754,0.06463623046875,-0.012939453125,0.9869384765625,1.3458251953125,-2.9608154296875,-0.127105712890625,1.0,2.0,1.0,4.0,2.0,95.0,event
11:26:16.475,1.043139,0.2551292,0.93043804,1.0186048,0.9007033,0.09280326,0.45979702,1.0620517,0.96199,0.1334126,0.41848785,0.6707001,0.8128262,0.11379126,-0.16463774,0.659461,0.32423326,-0.41838935,-0.59538,0.0020752505,999.67035,786.52014,731.31866,831.6484,968.6447,0.06463623046875,-0.012939453125,0.9869384765625,1.3458251953125,-2.9608154296875,-0.127105712890625,1.0,2.0,1.0,4.0,2.0,95.0,event
11:26:16.476,1.043139,0.2551292,0.93043804,1.0186048,0.9007033,0.09280326,0.45979702,1.0620517,0.96199,0.1334126,0.41848785,0.6707001,0.8128262,0.11379126,-0.16463774,0.659461,0.32423326,-0.41838935,-0.59538,0.0020752505,874.35895,786.52014,678.93774,822.381,925.9341,0.06463623046875,-0.012939453125,0.9869384765625,1.3458251953125,-2.9608154296875,-0.127105712890625,1.0,2.0,1.0,4.0,2.0,95.0,event
11:26:16.476,1.043139,0.2551292,0.93043804,1.0186048,0.9007033,0.09280326,0.45979702,1.0620517,0.96199,0.1334126,0.41848785,0.6707001,0.8128262,0.11379126,-0.16463774,0.659461,0.32423326,-0.41838935,-0.59538,0.0020752505,712.381,790.54944,861.06226,804.2491,696.6667,0.06463623046875,-0.012939453125,0.9869384765625,1.3458251953125,-2.9608154296875,-0.127105712890625,1.0,2.0,1.0,4.0,2.0,95.0,event
11:26:16.477,1.043139,0.2551292,0.93043804,1.0186048,0.9007033,0.09280326,0.45979702,1.0620517,0.96199,0.1334126,0.41848785,0.6707001,0.8128262,0.11379126,-0.16463774,0.659461,0.32423326,-0.41838935,-0.59538,0.0020752505,715.2015,793.36993,811.0989,807.47253,726.08057,0.06463623046875,-0.012939453125,0.9869384765625,1.3458251953125,-2.9608154296875,-0.127105712890625,1.0,2.0,1.0,4.0,2.0,95.0,event
11:26:16.481,1.043139,0.2551292,0.93043804,1.0186048,0.9007033,0.09280326,0.45979702,1.0620517,0.96199,0.1334126,0.41848785,0.6707001,0.8128262,0.11379126,-0.16463774,0.659461,0.32423326,-0.41838935,-0.59538,0.0020752505,995.2381,796.5934,436.77655,838.0952,1046.4103,0.06463623046875,-0.012939453125,0.9869384765625,1.3458251953125,-2.9608154296875,-0.127105712890625,1.0,2.0,1.0,4.0,2.0,95.0,event
11:26:16.481,1.043139,0.2551292,0.93043804,1.0186048,0.9007033,0.09280326,0.45979702,1.0620517,0.96199,0.1334126,0.41848785,0.6707001,0.8128262,0.11379126,-0.16463774,0.659461,0.32423326,-0.41838935,-0.59538,0.0020752505,877.5824,791.3553,525.42126,832.0513,954.1392,0.06463623046875,-0.012939453125,0.9869384765625,1.3458251953125,-2.9608154296875,-0.127105712890625,1.0,2.0,1.0,4.0,2.0,95.0,event
11:26:16.482,1.043139,0.2551292,0.93043804,1.0186048,0.9007033,0.09280326,0.45979702,1.0620517,0.96199,0.1334126,0.41848785,0.6707001,0.8128262,0.11379126,-0.16463774,0.659461,0.32423326,-0.41838935,-0.59538,0.0020752505,904.9817,800.2198,894.90845,819.15753,785.31134,0.06463623046875,-0.012939453125,0.9869384765625,1.3458251953125,-2.9608154296875,-0.127105712890625,1.0,2.0,1.0,4.0,2.0,95.0,event
11:26:16.483,1.043139,0.2551292,0.93043804,1.0186048,0.9007033,0.09280326,0.45979702,1.0620517,0.96199,0.1334126,0.41848785,0.6707001,0.8128262,0.11379126,-0.16463774,0.659461,0.32423326,-0.41838935,-0.59538,0.0020752505,720.4396,795.38464,940.0366,807.47253,665.2381,0.06463623046875,-0.012939453125,0.9869384765625,1.3458251953125,-2.9608154296875,-0.127105712890625,1.0,2.0,1.0,4.0,2.0,95.0,event
11:26:16.484,1.043139,0.2551292,0.93043804,1.0186048,0.9007033,0.09280326,0.45979702,1.0620517,0.96199,0.1334126,0.41848785,0.6707001,0.8128262,0.11379126,-0.16463774,0.659461,0.32423326,-0.41838935,-0.59538,0.0020752505,695.8608,798.20514,799.011,815.12823,722.4542,0.06463623046875,-0.012939453125,0.9869384765625,1.3458251953125,-2.9608154296875,-0.127105712890625,1.0,2.0,1.0,4.0,2.0,95.0,event
11:26:16.484,1.043139,0.2551292,0.93043804,1.0186048,0.9007033,0.09280326,0.45979702,1.0620517,0.96199,0.1334126,0.41848785,0.6707001,0.8128262,0.11379126,-0.16463774,0.659461,0.32423326,-0.41838935,-0.59538,0.0020752505,882.8205,802.6374,937.2161,828.8278,733.3333,0.06463623046875,-0.012939453125,0.9869384765625,1.3458251953125,-2.9608154296875,-0.127105712890625,1.0,2.0,1.0,4.0,2.0,95.0,event
11:26:16.529,1.043139,0.2551292,0.93043804,1.0186048,0.9007033,0.09280326,0.45979702,1.0620517,0.96199,0.1334126,0.41848785,0.6707001,0.8128262,0.11379126,-0.16463774,0.659461,0.32423326,-0.41838935,-0.59538,0.0020752505,1027.0696,799.41394,1108.4615,826.8132,695.05493,0.06463623046875,-0.012939453125,0.9869384765625,1.3458251953125,-2.9608154296875,-0.127105712890625,1.0,2.0,1.0,4.0,2.0,95.0,event
11:26:16.531,1.043139,0.2551292,0.93043804,1.0186048,0.9007033,0.09280326,0.45979702,1.0620517,0.96199,0.1334126,0.41848785,0.6707001,0.8128262,0.11379126,-0.16463774,0.659461,0.32423326,-0.41838935,-0.59538,0.0020752505,921.0989,797.3993,953.73627,808.2784,721.6484,0.06463623046875,-0.012939453125,0.9869384765625,1.3458251953125,-2.9608154296875,-0.127105712890625,1.0,2.0,1.0,4.0,2.0,95.0,event
11:26:16.532,1.043139,0.2551292,0.93043804,1.0186048,0.9007033,0.09280326,0.45979702,1.0620517,0.96199,0.1334126,0.41848785,0.6707001,0.8128262,0.11379126,-0.16463774,0.659461,0.32423326,-0.41838935,-0.59538,0.0020752505,717.619,798.60803,774.83514,787.326,788.5348,0.06463623046875,-0.012939453125,0.9869384765625,1.3458251953125,-2.9608154296875,-0.127105712890625,1.0,2.0,1.0,4.0,2.0,95.0,event
11:26:16.534,1.043139,0.2551292,0.93043804,1.0186048,0.9007033,0.09280326,0.45979702,1.0620517,0.96199,0.1334126,0.41848785,0.6707001,0.8128262,0.11379126,-0.16463774,0.659461,0.32423326,-0.41838935,-0.59538,0.0020752505,676.1172,796.5934,898.93774,781.28204,770.80585,0.06463623046875,-0.012939453125,0.9869384765625,1.3458251953125,-2.9608154296875,-0.127105712890625,1.0,2.0,1.0,4.0,2.0,95.0,event
11:26:16.535,1.043139,0.2551292,0.93043804,1.0186048,0.9007033,0.09280326,0.45979702,1.0620517,0.96199,0.1334126,0.41848785,0.6707001,0.8128262,0.11379126,-0.16463774,0.659461,0.32423326,-0.41838935,-0.59538,0.0020752505,825.2015,799.41394,950.9158,795.78754,790.14655,0.06463623046875,-0.012939453125,0.9869384765625,1.3458251953125,-2.9608154296875,-0.127105712890625,1.0,2.0,1.0,4.0,2.0,95.0,event
11:26:16.537,1.043139,0.2551292,0.93043804,1.0186048,0.9007033,0.09280326,0.45979702,1.0620517,0.96199,0.1334126,0.41848785,0.6707001,0.8128262,0.11379126,-0.16463774,0.659461,0.32423326,-0.41838935,-0.59538,0.0020752505,983.1502,801.02563,881.2088,811.9048,942.4542,0.06463623046875,-0.012939453125,0.9869384765625,1.3458251953125,-2.9608154296875,-0.127105712890625,1.0,2.0,1.0,4.0,2.0,95.0,event
11:26:16.538,1.043139,0.2551292,0.93043804,1.0186048,0.9007033,0.09280326,0.45979702,1.0620517,0.96199,0.1334126,0.41848785,0.6707001,0.8128262,0.11379126,-0.16463774,0.659461,0.32423326,-0.41838935,-0.59538,0.0020752505,905.38464,798.60803,311.4652,805.8608,1181.392,0.06463623046875,-0.012939453125,0.9869384765625,1.3458251953125,-2.9608154296875,-0.127105712890625,1.0,2.0,1.0,4.0,2.0,95.0,event
11:26:16.540,1.043139,0.2551292,0.93043804,1.0186048,0.9007033,0.09280326,0.45979702,1.0620517,0.96199,0.1334126,0.41848785,0.6707001,0.8128262,0.11379126,-0.16463774,0.659461,0.32423326,-0.41838935,-0.59538,0.0020752505,715.2015,802.23444,245.38461,791.3553,1068.1685,0.06463623046875,-0.012939453125,0.9869384765625,1.3458251953125,-2.9608154296875,-0.127105712890625,1.0,2.0,1.0,4.0,2.0,95.0,event
11:26:16.541,1.043139,0.2551292,0.93043804,1.0186048,0.9007033,0.09280326,0.45979702,1.0620517,0.96199,0.1334126,0.41848785,0.6707001,0.8128262,0.11379126,-0.16463774,0.659461,0.32423326,-0.41838935,-0.59538,0.0020752505,678.1319,806.6667,918.68134,791.75824,729.707,0.06463623046875,-0.012939453125,0.9869384765625,1.3458251953125,-2.9608154296875,-0.127105712890625,1.0,2.0,1.0,4.0,2.0,95.0,event
11:26:16.542,1.043139,0.2551292,0.93043804,1.0186048,0.9007033,0.09280326,0.45979702,1.0620517,0.96199,0.1334126,0.41848785,0.6707001,0.8128262,0.11379126,-0.16463774,0.659461,0.32423326,-0.41838935,-0.59538,0.0020752505,792.96704,804.65204,914.65204,800.6227,750.2564,0.06463623046875,-0.012939453125,0.9869384765625,1.3458251953125,-2.9608154296875,-0.127105712890625,1.0,2.0,1.0,4.0,2.0,95.0,event
11:26:16.544,1.043139,0.2551292,0.93043804,1.0186048,0.9007033,0.09280326,0.45979702,1.0620517,0.96199,0.1334126,0.41848785,0.6707001,0.8128262,0.11379126,-0.16463774,0.659461,0.32423326,-0.41838935,-0.59538,0.0020752505,967.8388,803.0403,890.07324,813.1135,809.0842,0.06463623046875,-0.012939453125,0.9869384765625,1.3458251953125,-2.9608154296875,-0.127105712890625,1.0,2.0,1.0,4.0,2.0,95.0,event
11:26:16.545,1.043139,0.2551292,0.93043804,1.0186048,0.9007033,0.09280326,0.45979702,1.0620517,0.96199,0.1334126,0.41848785,0.6707001,0.8128262,0.11379126,-0.16463774,0.659461,0.32423326,-0.41838935,-0.59538,0.0020752505,954.94507,808.2784,1031.0989,801.4286,734.94507,0.06463623046875,-0.012939453125,0.9869384765625,1.3458251953125,-2.9608154296875,-0.127105712890625,1.0,2.0,1.0,4.0,2.0,95.0,event
11:26:16.597,1.043139,0.2551292,0.93043804,1.0186048,0.9007033,0.09280326,0.45979702,1.0620517,0.96199,0.1334126,0.41848785,0.6707001,0.8128262,0.11379126,-0.16463774,0.659461,0.32423326,-0.41838935,-0.59538,0.0020752505,745.42126,809.89014,981.13556,767.1795,676.1172,0.06878662109375,-0.01031494140625,0.9805908203125,1.5252685546875,-2.75146484375,-1.114044189453125,1.0,2.0,1.0,4.0,2.0,95.0,event
11:26:16.598,1.043139,0.2551292,0.93043804,1.0186048,0.9007033,0.09280326,0.45979702,1.0620517,0.96199,0.1334126,0.41848785,0.6707001,0.8128262,0.11379126,-0.16463774,0.659461,0.32423326,-0.41838935,-0.59538,0.0020752505,650.7326,805.05493,761.13556,776.4469,695.05493,0.06878662109375,-0.01031494140625,0.9805908203125,1.5252685546875,-2.75146484375,-1.114044189453125,1.0,2.0,1.0,4.0,2.0,95.0,event
11:26:16.599,1.043139,0.2551292,0.93043804,1.0186048,0.9007033,0.09280326,0.45979702,1.0620517,0.96199,0.1334126,0.41848785,0.6707001,0.8128262,0.11379126,-0.16463774,0.659461,0.32423326,-0.41838935,-0.59538,0.0020752505,758.71796,807.47253,807.8755,796.1905,751.8681,0.06878662109375,-0.01031494140625,0.9805908203125,1.5252685546875,-2.75146484375,-1.114044189453125,1.0,2.0,1.0,4.0,2.0,95.0,event
11:26:16.600,1.043139,0.2551292,0.93043804,1.0186048,0.9007033,0.09280326,0.45979702,1.0620517,0.96199,0.1334126,0.41848785,0.6707001,0.8128262,0.11379126,-0.16463774,0.659461,0.32423326,-0.41838935,-0.59538,0.0020752505,952.1245,809.89014,1114.1025,788.1319,782.0879,0.06878662109375,-0.01031494140625,0.9805908203125,1.5252685546875,-2.75146484375,-1.114044189453125,1.0,2.0,1.0,4.0,2.0,95.0,event
11:26:16.601,1.043139,0.2551292,0.93043804,1.0186048,0.9007033,0.09280326,0.45979702,1.0620517,0.96199,0.1334126,0.41848785,0.6707001,0.8128262,0.11379126,-0.16463774,0.659461,0.32423326,-0.41838935,-0.59538,0.0020752505,971.4652,805.4579,1085.4945,774.43225,790.9524,0.06878662109375,-0.01031494140625,0.9805908203125,1.5252685546875,-2.75146484375,-1.114044189453125,1.0,2.0,1.0,4.0,2.0,95.0,event
11:26:16.601,1.043139,0.2551292,0.93043804,1.0186048,0.9007033,0.09280326,0.45979702,1.0620517,0.96199,0.1334126,0.41848785,0.6707001,0.8128262,0.11379126,-0.16463774,0.659461,0.32423326,-0.41838935,-0.59538,0.0020752505,764.35895,803.44324,753.0769,761.13556,941.2454,0.06878662109375,-0.01031494140625,0.9805908203125,1.5252685546875,-2.75146484375,-1.114044189453125,1.0,2.0,1.0,4.0,2.0,95.0,event
11:26:16.602,1.043139,0.2551292,0.93043804,1.0186048,0.9007033,0.09280326,0.45979702,1.0620517,0.96199,0.1334126,0.41848785,0.6707001,0.8128262,0.11379126,-0.16463774,0.659461,0.32423326,-0.41838935,-0.59538,0.0020752505,656.77655,808.68134,570.14655,757.1062,937.619,0.06878662109375,-0.01031494140625,0.9805908203125,1.5252685546875,-2.75146484375,-1.114044189453125,1.0,2.0,1.0,4.0,2.0,95.0,event
11:26:16.603,1.043139,0.2551292,0.93043804,1.0186048,0.9007033,0.09280326,0.45979702,1.0620517,0.96199,0.1334126,0.41848785,0.6707001,0.8128262,0.11379126,-0.16463774,0.659461,0.32423326,-0.41838935,-0.59538,0.0020752505,754.2857,805.4579,722.8571,763.5531,885.2381,0.06878662109375,-0.01031494140625,0.9805908203125,1.5252685546875,-2.75146484375,-1.114044189453125,1.0,2.0,1.0,4.0,2.0,95.0,event
11:26:16.607,1.043139,0.2551292,0.93043804,1.0186048,0.9007033,0.09280326,0.45979702,1.0620517,0.96199,0.1334126,0.41848785,0.6707001,0.8128262,0.11379126,-0.16463774,0.659461,0.32423326,-0.41838935,-0.59538,0.0020752505,937.619,804.65204,929.9634,776.8498,890.07324,0.06878662109375,-0.01031494140625,0.9805908203125,1.5252685546875,-2.75146484375,-1.114044189453125,1.0,2.0,1.0,4.0,2.0,95.0,event
11:26:16.608,1.043139,0.2551292,0.93043804,1.0186048,0.9007033,0.09280326,0.45979702,1.0620517,0.96199,0.1334126,0.41848785,0.6707001,0.8128262,0.11379126,-0.16463774,0.659461,0.32423326,-0.41838935,-0.59538,0.0020752505,973.47986,804.2491,662.01465,787.72894,1004.90845,0.06878662109375,-0.01031494140625,0.9805908203125,1.5252685546875,-2.75146484375,-1.114044189453125,1.0,2.0,1.0,4.0,2.0,95.0,event
11:26:16.608,1.043139,0.2551292,0.93043804,1.0186048,0.9007033,0.09280326,0.45979702,1.0620517,0.96199,0.1334126,0.41848785,0.6707001,0.8128262,0.11379126,-0.16463774,0.659461,0.32423326,-0.41838935,-0.59538,0.0020752505,774.43225,800.2198,173.26007,771.6117,1159.2307,0.06878662109375,-0.01031494140625,0.9805908203125,1.5252685546875,-2.75146484375,-1.114044189453125,1.0,2.0,1.0,4.0,2.0,95.0,event
11:26:16.609,1.043139,0.2551292,0.93043804,1.0186048,0.9007033,0.09280326,0.45979702,1.0620517,0.96199,0.1334126,0.41848785,0.6707001,0.8128262,0.11379126,-0.16463774,0.659461,0.32423326,-0.41838935,-0.59538,0.0020752505,659.19415,803.8461,615.2747,763.1502,854.61536,0.06878662109375,-0.01031494140625,0.9805908203125,1.5252685546875,-2.75146484375,-1.114044189453125,1.0,2.0,1.0,4.0,2.0,95.0,event
11:26:16.633,1.043139,0.2551292,0.93043804,1.0186048,0.9007033,0.09280326,0.45979702,1.0620517,0.96199,0.1334126,0.41848785,0.6707001,0.8128262,0.11379126,-0.16463774,0.659461,0.32423326,-0.41838935,-0.59538,0.0020752505,732.52747,805.05493,997.6557,772.4176,684.9817,0.0662841796875,-0.0048828125,0.99365234375,1.906585693359375,-2.714080810546875,1.1663818359375,1.0,2.0,1.0,4.0,2.0,95.0,event
11:26:16.635,1.043139,0.2551292,0.93043804,1.0186048,0.9007033,0.09280326,0.45979702,1.0620517,0.96199,0.1334126,0.41848785,0.6707001,0.8128262,0.11379126,-0.16463774,0.659461,0.32423326,-0.41838935,-0.59538,0.0020752505,914.65204,807.8755,921.50183,782.8938,718.4249,0.0662841796875,-0.0048828125,0.99365234375,1.906585693359375,-2.714080810546875,1.1663818359375,1.0,2.0,1.0,4.0,2.0,95.0,event
11:26:16.636,1.043139,0.2551292,0.93043804,1.0186048,0.9007033,0.09280326,0.45979702,1.0620517,0.96199,0.1334126,0.41848785,0.6707001,0.8128262,0.11379126,-0.16463774,0.659461,0.32423326,-0.41838935,-0.59538,0.0020752505,1000.87915,809.4872,1001.685,780.4762,689.81683,0.0662841796875,-0.0048828125,0.99365234375,1.906585693359375,-2.714080810546875,1.1663818359375,1.0,2.0,1.0,4.0,2.0,95.0,event
11:26:16.636,1.043139,0.2551292,0.93043804,1.0186048,0.9007033,0.09280326,0.45979702,1.0620517,0.96199,0.1334126,0.41848785,0.6707001,0.8128262,0.11379126,-0.16463774,0.659461,0.32423326,-0.41838935,-0.59538,0.0020752505,828.4249,805.4579,1047.619,748.6447,687.3993,0.0662841796875,-0.0048828125,0.99365234375,1.906585693359375,-2.714080810546875,1.1663818359375,1.0,2.0,1.0,4.0,2.0,95.0,event
11:26:16.637,1.043139,0.2551292,0.93043804,1.0186048,0.9007033,0.09280326,0.45979702,1.0620517,0.96199,0.1334126,0.41848785,0.6707001,0.8128262,0.11379126,-0.16463774,0.659461,0.32423326,-0.41838935,-0.59538,0.0020752505,663.22345,807.47253,911.02563,734.1392,713.9927,0.0662841796875,-0.0048828125,0.99365234375,1.906585693359375,-2.714080810546875,1.1663818359375,1.0,2.0,1.0,4.0,2.0,95.0,event
11:26:16.637,1.043139,0.2551292,0.93043804,1.0186048,0.9007033,0.09280326,0.45979702,1.0620517,0.96199,0.1334126,0.41848785,0.6707001,0.8128262,0.11379126,-0.16463774,0.659461,0.32423326,-0.41838935,-0.59538,0.0020752505,707.5458,812.3077,755.89746,751.4652,805.05493,0.0662841796875,-0.0048828125,0.99365234375,1.906585693359375,-2.714080810546875,1.1663818359375,1.0,2.0,1.0,4.0,2.0,95.0,event
11:26:16.638,1.043139,0.2551292,0.93043804,1.0186048,0.9007033,0.09280326,0.45979702,1.0620517,0.96199,0.1334126,0.41848785,0.6707001,0.8128262,0.11379126,-0.16463774,0.659461,0.32423326,-0.41838935,-0.59538,0.0020752505,908.20514,811.9048,781.28204,769.59705,857.8388,0.0662841796875,-0.0048828125,0.99365234375,1.906585693359375,-2.714080810546875,1.1663818359375,1.0,2.0,1.0,4.0,2.0,95.0,event
11:26:16.639,1.043139,0.2551292,0.93043804,1.0186048,0.9007033,0.09280326,0.45979702,1.0620517,0.96199,0.1334126,0.41848785,0.6707001,0.8128262,0.11379126,-0.16463774,0.659461,0.32423326,-0.41838935,-0.59538,0.0020752505,1017.8022,811.9048,920.696,770.80585,755.09155,0.0662841796875,-0.0048828125,0.99365234375,1.906585693359375,-2.714080810546875,1.1663818359375,1.0,2.0,1.0,4.0,2.0,95.0,event
11:26:16.639,1.043139,0.2551292,0.93043804,1.0186048,0.9007033,0.09280326,0.45979702,1.0620517,0.96199,0.1334126,0.41848785,0.6707001,0.8128262,0.11379126,-0.16463774,0.659461,0.32423326,-0.41838935,-0.59538,0.0020752505,852.6007,806.6667,881.2088,749.45056,751.8681,0.0662841796875,-0.0048828125,0.99365234375,1.906585693359375,-2.714080810546875,1.1663818359375,1.0,2.0,1.0,4.0,2.0,95.0,event
11:26:16.640,1.043139,0.2551292,0.93043804,1.0186048,0.9007033,0.09280326,0.45979702,1.0620517,0.96199,0.1334126,0.41848785,0.6707001,0.8128262,0.11379126,-0.16463774,0.659461,0.32423326,-0.41838935,-0.59538,0.0020752505,661.2088,801.4286,345.7143,737.3626,885.64105,0.0662841796875,-0.0048828125,0.99365234375,1.906585693359375,-2.714080810546875,1.1663818359375,1.0,2.0,1.0,4.0,2.0,95.0,event
11:26:16.641,1.043139,0.2551292,0.93043804,1.0186048,0.9007033,0.09280326,0.45979702,1.0620517,0.96199,0.1334126,0.41848785,0.6707001,0.8128262,0.11379126,-0.16463774,0.659461,0.32423326,-0.41838935,-0.59538,0.0020752505,685.78754,803.44324,454.5055,741.79486,785.7143,0.0662841796875,-0.0048828125,0.99365234375,1.906585693359375,-2.714080810546875,1.1663818359375,1.0,2.0,1.0,4.0,2.0,95.0,event
11:26:16.642,1.043139,0.2551292,0.93043804,1.0186048,0.9007033,0.09280326,0.45979702,1.0620517,0.96199,0.1334126,0.41848785,0.6707001,0.8128262,0.11379126,-0.16463774,0.659461,0.32423326,-0.41838935,-0.59538,0.0020752505,890.07324,801.4286,973.8828,764.7619,666.04395,0.0662841796875,-0.0048828125,0.99365234375,1.906585693359375,-2.714080810546875,1.1663818359375,1.0,2.0,1.0,4.0,2.0,95.0,event
11:26:16.665,1.043139,0.2551292,0.93043804,1.0186048,0.9007033,0.09280326,0.45979702,1.0620517,0.96199,0.1334126,0.41848785,0.6707001,0.8128262,0.11379126,-0.16463774,0.659461,0.32423326,-0.41838935,-0.59538,0.0020752505,1005.31134,799.81683,854.21246,770.0,777.25275,0.052001953125,-0.0245361328125,0.97900390625,-0.11962890625,-1.98883056640625,-0.800018310546875,1.0,2.0,1.0,4.0,2.0,95.0,event
11:26:16.666,1.043139,0.2551292,0.93043804,1.0186048,0.9007033,0.09280326,0.45979702,1.0620517,0.96199,0.1334126,0.41848785,0.6707001,0.8128262,0.11379126,-0.16463774,0.659461,0.32423326,-0.41838935,-0.59538,0.0020752505,847.3626,800.2198,674.90845,732.1245,858.24176,0.052001953125,-0.0245361328125,0.97900390625,-0.11962890625,-1.98883056640625,-0.800018310546875,1.0,2.0,1.0,4.0,2.0,95.0,event
11:26:16.667,1.043139,0.2551292,0.93043804,1.0186048,0.9007033,0.09280326,0.45979702,1.0620517,0.96199,0.1334126,0.41848785,0.6707001,0.8128262,0.11379126,-0.16463774,0.659461,0.32423326,-0.41838935,-0.59538,0.0020752505,659.19415,803.0403,929.9634,729.304,720.84247,0.052001953125,-0.0245361328125,0.97900390625,-0.11962890625,-1.98883056640625,-0.800018310546875,1.0,2.0,1.0,4.0,2.0,95.0,event
11:26:16.668,1.043139,0.2551292,0.93043804,1.0186048,0.9007033,0.09280326,0.45979702,1.0620517,0.96199,0.1334126,0.41848785,0.6707001,0.8128262,0.11379126,-0.16463774,0.659461,0.32423326,-0.41838935,-0.59538,0.0020752505,647.50916,799.81683,1004.5055,748.6447,660.40295,0.052001953125,-0.0245361328125,0.97900390625,-0.11962890625,-1.98883056640625,-0.800018310546875,1.0,2.0,1.0,4.0,2.0,95.0,event
11:26:16.668,1.043139,0.2551292,0.93043804,1.0186048,0.9007033,0.09280326,0.45979702,1.0620517,0.96199,0.1334126,0.41848785,0.6707001,0.8128262,0.11379126,-0.16463774,0.659461,0.32423326,-0.41838935,-0.59538,0.0020752505,814.7253,794.17584,938.8278,765.16486,740.18317,0.052001953125,-0.0245361328125,0.97900390625,-0.11962890625,-1.98883056640625,-0.800018310546875,1.0,2.0,1.0,4.0,2.0,95.0,event
11:26:16.669,1.043139,0.2551292,0.93043804,1.0186048,0.9007033,0.09280326,0.45979702,1.0620517,0.96199,0.1334126,0.41848785,0.6707001,0.8128262,0.11379126,-0.16463774,0.659461,0.32423326,-0.41838935,-0.59538,0.0020752505,958.5714,794.9817,803.44324,786.9231,863.47986,0.052001953125,-0.0245361328125,0.97900390625,-0.11962890625,-1.98883056640625,-0.800018310546875,1.0,2.0,1.0,4.0,2.0,95.0,event
11:26:16.669,1.043139,0.2551292,0.93043804,1.0186048,0.9007033,0.09280326,0.45979702,1.0620517,0.96199,0.1334126,0.41848785,0.6707001,0.8128262,0.11379126,-0.16463774,0.659461,0.32423326,-0.41838935,-0.59538,0.0020752505,863.0769,805.05493,726.4835,774.83514,915.8608,0.052001953125,-0.0245361328125,0.97900390625,-0.11962890625,-1.98883056640625,-0.800018310546875,1.0,2.0,1.0,4.0,2.0,95.0,event
11:26:16.670,1.043139,0.2551292,0.93043804,1.0186048,0.9007033,0.09280326,0.45979702,1.0620517,0.96199,0.1334126,0.41848785,0.6707001,0.8128262,0.11379126,-0.16463774,0.659461,0.32423326,-0.41838935,-0.59538,0.0020752505,661.6117,803.44324,892.49084,751.8681,776.04395,0.052001953125,-0.0245361328125,0.97900390625,-0.11962890625,-1.98883056640625,-0.800018310546875,1.0,2.0,1.0,4.0,2.0,95.0,event
11:26:16.671,1.043139,0.2551292,0.93043804,1.0186048,0.9007033,0.09280326,0.45979702,1.0620517,0.96199,0.1334126,0.41848785,0.6707001,0.8128262,0.11379126,-0.16463774,0.659461,0.32423326,-0.41838935,-0.59538,0.0020752505,616.4835,804.65204,639.0476,767.1795,885.64105,0.052001953125,-0.0245361328125,0.97900390625,-0.11962890625,-1.98883056640625,-0.800018310546875,1.0,2.0,1.0,4.0,2.0,95.0,event
11:26:16.672,1.043139,0.2551292,0.93043804,1.0186048,0.9007033,0.09280326,0.45979702,1.0620517,0.96199,0.1334126,0.41848785,0.6707001,0.8128262,0.11379126,-0.16463774,0.659461,0.32423326,-0.41838935,-0.59538,0.0020752505,779.2674,811.9048,493.1868,796.99634,1010.9524,0.052001953125,-0.0245361328125,0.97900390625,-0.11962890625,-1.98883056640625,-0.800018310546875,1.0,2.0,1.0,4.0,2.0,95.0,event
11:26:16.676,1.043139,0.2551292,0.93043804,1.0186048,0.9007033,0.09280326,0.45979702,1.0620517,0.96199,0.1334126,0.41848785,0.6707001,0.8128262,0.11379126,-0.16463774,0.659461,0.32423326,-0.41838935,-0.59538,0.0020752505,945.2747,805.05493,1062.1245,786.1172,752.27106,0.052001953125,-0.0245361328125,0.97900390625,-0.11962890625,-1.98883056640625,-0.800018310546875,1.0,2.0,1.0,4.0,2.0,95.0,event
11:26:16.677,1.043139,0.2551292,0.93043804,1.0186048,0.9007033,0.09280326,0.45979702,1.0620517,0.96199,0.1334126,0.41848785,0.6707001,0.8128262,0.11379126,-0.16463774,0.659461,0.32423326,-0.41838935,-0.59538,0.0020752505,869.5238,807.47253,1040.3663,747.03296,687.8022,0.052001953125,-0.0245361328125,0.97900390625,-0.11962890625,-1.98883056640625,-0.800018310546875,1.0,2.0,1.0,4.0,2.0,95.0,event
11:26:16.717,1.043139,0.2551292,0.93043804,1.0186048,0.9007033,0.09280326,0.45979702,1.0620517,0.96199,0.1334126,0.41848785,0.6707001,0.8128262,0.11379126,-0.16463774,0.659461,0.32423326,-0.41838935,-0.59538,0.0020752505,672.0879,817.5458,780.07324,734.5421,695.05493,0.0614013671875,-0.017333984375,0.99090576171875,2.3028564453125,-2.79632568359375,-0.3887939453125,1.0,2.0,1.0,4.0,2.0,95.0,event
11:26:16.718,1.043139,0.2551292,0.93043804,1.0186048,0.9007033,0.09280326,0.45979702,1.0620517,0.96199,0.1334126,0.41848785,0.6707001,0.8128262,0.11379126,-0.16463774,0.659461,0.32423326,-0.41838935,-0.59538,0.0020752505,613.2601,813.91943,792.1612,746.2271,733.73627,0.0614013671875,-0.017333984375,0.99090576171875,2.3028564453125,-2.79632568359375,-0.3887939453125,1.0,2.0,1.0,4.0,2.0,95.0,event
11:26:16.719,1.043139,0.2551292,0.93043804,1.0186048,0.9007033,0.09280326,0.45979702,1.0620517,0.96199,0.1334126,0.41848785,0.6707001,0.8128262,0.11379126,-0.16463774,0.659461,0.32423326,-0.41838935,-0.59538,0.0020752505,731.31866,830.4396,962.1978,735.34796,804.2491,0.0614013671875,-0.017333984375,0.99090576171875,2.3028564453125,-2.79632568359375,-0.3887939453125,1.0,2.0,1.0,4.0,2.0,95.0,event
11:26:16.720,1.043139,0.2551292,0.93043804,1.0186048,0.9007033,0.09280326,0.45979702,1.0620517,0.96199,0.1334126,0.41848785,0.6707001,0.8128262,0.11379126,-0.16463774,0.659461,0.32423326,-0.41838935,-0.59538,0.0020752505,870.32965,848.1685,1085.4945,699.4872,816.7399,0.0614013671875,-0.017333984375,0.99090576171875,2.3028564453125,-2.79632568359375,-0.3887939453125,1.0,2.0,1.0,4.0,2.0,95.0,event
11:26:16.721,1.043139,0.2551292,0.93043804,1.0186048,0.9007033,0.09280326,0.45979702,1.0620517,0.96199,0.1334126,0.41848785,0.6707001,0.8128262,0.11379126,-0.16463774,0.659461,0.32423326,-0.41838935,-0.59538,0.0020752505,803.8461,843.73627,814.3223,670.87915,866.7033,0.0614013671875,-0.017333984375,0.99090576171875,2.3028564453125,-2.79632568359375,-0.3887939453125,1.0,2.0,1.0,4.0,2.0,95.0,event
11:26:16.722,1.043139,0.2551292,0.93043804,1.0186048,0.9007033,0.09280326,0.45979702,1.0620517,0.96199,0.1334126,0.41848785,0.6707001,0.8128262,0.11379126,-0.16463774,0.659461,0.32423326,-0.41838935,-0.59538,0.0020752505,577.8022,851.79486,668.46155,632.6007,839.707,0.0614013671875,-0.017333984375,0.99090576171875,2.3028564453125,-2.79632568359375,-0.3887939453125,1.0,2.0,1.0,4.0,2.0,95.0,event
11:26:16.723,1.043139,0.2551292,0.93043804,1.0186048,0.9007033,0.09280326,0.45979702,1.0620517,0.96199,0.1334126,0.41848785,0.6707001,0.8128262,0.11379126,-0.16463774,0.659461,0.32423326,-0.41838935,-0.59538,0.0020752505,463.36996,865.09155,779.67035,596.337,801.4286,0.0614013671875,-0.017333984375,0.99090576171875,2.3028564453125,-2.79632568359375,-0.3887939453125,1.0,2.0,1.0,4.0,2.0,95.0,event
11:26:16.723,1.043139,0.2551292,0.93043804,1.0186048,0.9007033,0.09280326,0.45979702,1.0620517,0.96199,0.1334126,0.41848785,0.6707001,0.8128262,0.11379126,-0.16463774,0.659461,0.32423326,-0.41838935,-0.59538,0.0020752505,551.6117,890.4762,786.52014,579.011,805.8608,0.0614013671875,-0.017333984375,0.99090576171875,2.3028564453125,-2.79632568359375,-0.3887939453125,1.0,2.0,1.0,4.0,2.0,95.0,event
11:26:16.724,1.043139,0.2551292,0.93043804,1.0186048,0.9007033,0.09280326,0.45979702,1.0620517,0.96199,0.1334126,0.41848785,0.6707001,0.8128262,0.11379126,-0.16463774,0.659461,0.32423326,-0.41838935,-0.59538,0.0020752505,695.4579,916.6667,812.3077,533.8828,751.8681,0.0614013671875,-0.017333984375,0.99090576171875,2.3028564453125,-2.79632568359375,-0.3887939453125,1.0,2.0,1.0,4.0,2.0,95.0,event
11:26:16.725,1.043139,0.2551292,0.93043804,1.0186048,0.9007033,0.09280326,0.45979702,1.0620517,0.96199,0.1334126,0.41848785,0.6707001,0.8128262,0.11379126,-0.16463774,0.659461,0.32423326,-0.41838935,-0.59538,0.0020752505,664.83514,931.978,1000.07324,488.75458,691.4286,0.0614013671875,-0.017333984375,0.99090576171875,2.3028564453125,-2.79632568359375,-0.3887939453125,1.0,2.0,1.0,4.0,2.0,95.0,event
11:26:16.726,1.043139,0.2551292,0.93043804,1.0186048,0.9007033,0.09280326,0.45979702,1.0620517,0.96199,0.1334126,0.41848785,0.6707001,0.8128262,0.11379126,-0.16463774,0.659461,0.32423326,-0.41838935,-0.59538,0.0020752505,458.13187,956.55676,1016.5934,458.93774,621.7216,0.0614013671875,-0.017333984375,0.99090576171875,2.3028564453125,-2.79632568359375,-0.3887939453125,1.0,2.0,1.0,4.0,2.0,95.0,event
11:26:16.727,1.043139,0.2551292,0.93043804,1.0186048,0.9007033,0.09280326,0.45979702,1.0620517,0.96199,0.1334126,0.41848785,0.6707001,0.8128262,0.11379126,-0.16463774,0.659461,0.32423326,-0.41838935,-0.59538,0.0020752505,324.35898,967.4359,790.9524,426.7033,735.7509,0.0614013671875,-0.017333984375,0.99090576171875,2.3028564453125,-2.79632568359375,-0.3887939453125,1.0,2.0,1.0,4.0,2.0,95.0,event
11:26:16.762,1.043139,0.2551292,0.93043804,1.0186048,0.9007033,0.09280326,0.45979702,1.0620517,0.96199,0.1334126,0.41848785,0.6707001,0.8128262,0.11379126,-0.16463774,0.659461,0.32423326,-0.41838935,-0.59538,0.0020752505,390.43958,960.989,484.32236,431.53845,945.2747,0.0614013671875,-0.017333984375,0.99090576171875,2.3028564453125,-2.79632568359375,-0.3887939453125,1.0,2.0,1.0,4.0,2.0,95.0,event
11:26:16.764,1.043139,0.2551292,0.93043804,1.0186048,0.9007033,0.09280326,0.45979702,1.0620517,0.96199,0.1334126,0.41848785,0.6707001,0.8128262,0.11379126,-0.16463774,0.659461,0.32423326,-0.41838935,-0.59538,0.0020752505,604.7985,970.2564,874.35895,463.36996,805.05493,0.0614013671875,-0.017333984375,0.99090576171875,2.3028564453125,-2.79632568359375,-0.3887939453125,1.0,2.0,1.0,4.0,2.0,95.0,event
11:26:16.765,1.043139,0.2551292,0.93043804,1.0186048,0.9007033,0.09280326,0.45979702,1.0620517,0.96199,0.1334126,0.41848785,0.6707001,0.8128262,0.11379126,-0.16463774,0.659461,0.32423326,-0.41838935,-0.59538,0.0020752505,660.40295,968.24176,1175.751,466.1905,716.8132,0.0614013671875,-0.017333984375,0.99090576171875,2.3028564453125,-2.79632568359375,-0.3887939453125,1.0,2.0,1.0,4.0,2.0,95.0,event
11:26:16.766,1.043139,0.2551292,0.93043804,1.0186048,0.9007033,0.09280326,0.45979702,1.0620517,0.96199,0.1334126,0.41848785,0.6707001,0.8128262,0.11379126,-0.16463774,0.659461,0.32423326,-0.41838935,-0.59538,0.0020752505,467.39926,960.989,848.5714,437.58243,723.2601,0.0614013671875,-0.017333984375,0.99090576171875,2.3028564453125,-2.79632568359375,-0.3887939453125,1.0,2.0,1.0,4.0,2.0,95.0,event
11:26:16.767,1.043139,0.2551292,0.93043804,1.0186048,0.9007033,0.09280326,0.45979702,1.0620517,0.96199,0.1334126,0.41848785,0.6707001,0.8128262,0.11379126,-0.16463774,0.659461,0.32423326,-0.41838935,-0.59538,0.0020752505,347.72894,950.9158,770.80585,441.2088,720.4396,0.0614013671875,-0.017333984375,0.99090576171875,2.3028564453125,-2.79632568359375,-0.3887939453125,1.0,2.0,1.0,4.0,2.0,95.0,event
11:26:16.768,1.043139,0.2551292,0.93043804,1.0186048,0.9007033,0.09280326,0.45979702,1.0620517,0.96199,0.1334126,0.41848785,0.6707001,0.8128262,0.11379126,-0.16463774,0.659461,0.32423326,-0.41838935,-0.59538,0.0020752505,444.0293,931.978,823.5897,496.8132,770.40295,0.0614013671875,-0.017333984375,0.99090576171875,2.3028564453125,-2.79632568359375,-0.3887939453125,1.0,2.0,1.0,4.0,2.0,95.0,event
11:26:16.769,1.043139,0.2551292,0.93043804,1.0186048,0.9007033,0.09280326,0.45979702,1.0620517,0.96199,0.1334126,0.41848785,0.6707001,0.8128262,0.11379126,-0.16463774,0.659461,0.32423326,-0.41838935,-0.59538,0.0020752505,667.25275,921.50183,836.08057,541.9414,815.12823,0.0614013671875,-0.017333984375,0.99090576171875,2.3028564453125,-2.79632568359375,-0.3887939453125,1.0,2.0,1.0,4.0,2.0,95.0,event
11:26:16.770,1.043139,0.2551292,0.93043804,1.0186048,0.9007033,0.09280326,0.45979702,1.0620517,0.96199,0.1334126,0.41848785,0.6707001,0.8128262,0.11379126,-0.16463774,0.659461,0.32423326,-0.41838935,-0.59538,0.0020752505,749.0476,904.57874,614.87177,542.74725,980.32965,0.0614013671875,-0.017333984375,0.99090576171875,2.3028564453125,-2.79632568359375,-0.3887939453125,1.0,2.0,1.0,4.0,2.0,95.0,event
11:26:16.771,1.043139,0.2551292,0.93043804,1.0186048,0.9007033,0.09280326,0.45979702,1.0620517,0.96199,0.1334126,0.41848785,0.6707001,0.8128262,0.11379126,-0.16463774,0.659461,0.32423326,-0.41838935,-0.59538,0.0020752505,605.2015,888.0586,261.0989,544.7619,1109.6703,0.0614013671875,-0.017333984375,0.99090576171875,2.3028564453125,-2.79632568359375,-0.3887939453125,1.0,2.0,1.0,4.0,2.0,95.0,event
11:26:16.772,1.043139,0.2551292,0.93043804,1.0186048,0.9007033,0.09280326,0.45979702,1.0620517,0.96199,0.1334126,0.41848785,0.6707001,0.8128262,0.11379126,-0.16463774,0.659461,0.32423326,-0.41838935,-0.59538,0.0020752505,516.1539,881.2088,708.3516,570.9524,825.2015,0.0614013671875,-0.017333984375,0.99090576171875,2.3028564453125,-2.79632568359375,-0.3887939453125,1.0,2.0,1.0,4.0,2.0,95.0,event
11:26:16.773,1.043139,0.2551292,0.93043804,1.0186048,0.9007033,0.09280326,0.45979702,1.0620517,0.96199,0.1334126,0.41848785,0.6707001,0.8128262,0.11379126,-0.16463774,0.659461,0.32423326,-0.41838935,-0.59538,0.0020752505,589.4872,863.8828,1090.3297,607.2161,713.1868,0.0614013671875,-0.017333984375,0.99090576171875,2.3028564453125,-2.79632568359375,-0.3887939453125,1.0,2.0,1.0,4.0,2.0,95.0,event
11:26:16.774,1.043139,0.2551292,0.93043804,1.0186048,0.9007033,0.09280326,0.45979702,1.0620517,0.96199,0.1334126,0.41848785,0.6707001,0.8128262,0.11379126,-0.16463774,0.659461,0.32423326,-0.41838935,-0.59538,0.0020752505,794.9817,850.58606,1013.7729,666.04395,872.74725,0.0614013671875,-0.017333984375,0.99090576171875,2.3028564453125,-2.79632568359375,-0.3887939453125,1.0,2.0,1.0,4.0,2.0,95.0,event
11:26:16.801,1.043139,0.2551292,0.93043804,1.0186048,0.9007033,0.09280326,0.45979702,1.0620517,0.96199,0.1334126,0.41848785,0.6707001,0.8128262,0.11379126,-0.16463774,0.659461,0.32423326,-0.41838935,-0.59538,0.0020752505,914.65204,840.5128,1103.6263,697.0696,846.9597,0.05419921875,-0.02099609375,0.98321533203125,1.86920166015625,-2.452392578125,1.27105712890625,1.0,2.0,1.0,4.0,2.0,95.0,event
11:26:16.802,1.043139,0.2551292,0.93043804,1.0186048,0.9007033,0.09280326,0.45979702,1.0620517,0.96199,0.1334126,0.41848785,0.6707001,0.8128262,0.11379126,-0.16463774,0.659461,0.32423326,-0.41838935,-0.59538,0.0020752505,783.2967,823.1868,1127.3993,680.14655,740.18317,0.05419921875,-0.02099609375,0.98321533203125,1.86920166015625,-2.452392578125,1.27105712890625,1.0,2.0,1.0,4.0,2.0,95.0,event
11:26:16.803,1.043139,0.2551292,0.93043804,1.0186048,0.9007033,0.09280326,0.45979702,1.0620517,0.96199,0.1334126,0.41848785,0.6707001,0.8128262,0.11379126,-0.16463774,0.659461,0.32423326,-0.41838935,-0.59538,0.0020752505,636.63007,809.89014,938.8278,696.6667,754.68866,0.05419921875,-0.02099609375,0.98321533203125,1.86920166015625,-2.452392578125,1.27105712890625,1.0,2.0,1.0,4.0,2.0,95.0,event
11:26:16.804,1.043139,0.2551292,0.93043804,1.0186048,0.9007033,0.09280326,0.45979702,1.0620517,0.96199,0.1334126,0.41848785,0.6707001,0.8128262,0.11379126,-0.16463774,0.659461,0.32423326,-0.41838935,-0.59538,0.0020752505,685.78754,802.23444,885.2381,734.5421,765.56775,0.05419921875,-0.02099609375,0.98321533203125,1.86920166015625,-2.452392578125,1.27105712890625,1.0,2.0,1.0,4.0,2.0,95.0,event
11:26:16.804,1.043139,0.2551292,0.93043804,1.0186048,0.9007033,0.09280326,0.45979702,1.0620517,0.96199,0.1334126,0.41848785,0.6707001,0.8128262,0.11379126,-0.16463774,0.659461,0.32423326,-0.41838935,-0.59538,0.0020752505,896.1172,789.34064,1071.392,767.98535,733.73627,0.05419921875,-0.02099609375,0.98321533203125,1.86920166015625,-2.452392578125,1.27105712890625,1.0,2.0,1.0,4.0,2.0,95.0,event
11:26:16.805,1.043139,0.2551292,0.93043804,1.0186048,0.9007033,0.09280326,0.45979702,1.0620517,0.96199,0.1334126,0.41848785,0.6707001,0.8128262,0.11379126,-0.16463774,0.659461,0.32423326,-0.41838935,-0.59538,0.0020752505,1020.2198,780.07324,998.0586,787.72894,775.2381,0.05419921875,-0.02099609375,0.98321533203125,1.86920166015625,-2.452392578125,1.27105712890625,1.0,2.0,1.0,4.0,2.0,95.0,event
11:26:16.806,1.043139,0.2551292,0.93043804,1.0186048,0.9007033,0.09280326,0.45979702,1.0620517,0.96199,0.1334126,0.41848785,0.6707001,0.8128262,0.11379126,-0.16463774,0.659461,0.32423326,-0.41838935,-0.59538,0.0020752505,901.3553,772.01465,748.6447,786.1172,862.27106,0.05419921875,-0.02099609375,0.98321533203125,1.86920166015625,-2.452392578125,1.27105712890625,1.0,2.0,1.0,4.0,2.0,95.0,event
11:26:16.807,1.043139,0.2551292,0.93043804,1.0186048,0.9007033,0.09280326,0.45979702,1.0620517,0.96199,0.1334126,0.41848785,0.6707001,0.8128262,0.11379126,-0.16463774,0.659461,0.32423326,-0.41838935,-0.59538,0.0020752505,721.2454,770.0,343.2967,789.7436,1008.1319,0.05419921875,-0.02099609375,0.98321533203125,1.86920166015625,-2.452392578125,1.27105712890625,1.0,2.0,1.0,4.0,2.0,95.0,event
11:26:16.808,1.043139,0.2551292,0.93043804,1.0186048,0.9007033,0.09280326,0.45979702,1.0620517,0.96199,0.1334126,0.41848785,0.6707001,0.8128262,0.11379126,-0.16463774,0.659461,0.32423326,-0.41838935,-0.59538,0.0020752505,732.9304,773.22345,489.96338,814.3223,958.1685,0.05419921875,-0.02099609375,0.98321533203125,1.86920166015625,-2.452392578125,1.27105712890625,1.0,2.0,1.0,4.0,2.0,95.0,event
11:26:16.809,1.043139,0.2551292,0.93043804,1.0186048,0.9007033,0.09280326,0.45979702,1.0620517,0.96199,0.1334126,0.41848785,0.6707001,0.8128262,0.11379126,-0.16463774,0.659461,0.32423326,-0.41838935,-0.59538,0.0020752505,1060.9158,762.3443,995.2381,867.1062,785.31134,0.05419921875,-0.02099609375,0.98321533203125,1.86920166015625,-2.452392578125,1.27105712890625,1.0,2.0,1.0,4.0,2.0,95.0,event
11:26:16.809,1.043139,0.2551292,0.93043804,1.0186048,0.9007033,0.09280326,0.45979702,1.0620517,0.96199,0.1334126,0.41848785,0.6707001,0.8128262,0.11379126,-0.16463774,0.659461,0.32423326,-0.41838935,-0.59538,0.0020752505,929.5604,764.7619,1112.4908,845.7509,729.707,0.05419921875,-0.02099609375,0.98321533203125,1.86920166015625,-2.452392578125,1.27105712890625,1.0,2.0,1.0,4.0,2.0,95.0,event
11:26:16.810,1.043139,0.2551292,0.93043804,1.0186048,0.9007033,0.09280326,0.45979702,1.0620517,0.96199,0.1334126,0.41848785,0.6707001,0.8128262,0.11379126,-0.16463774,0.659461,0.32423326,-0.41838935,-0.59538,0.0020752505,958.5714,762.74725,747.8388,863.47986,846.9597,0.05419921875,-0.02099609375,0.98321533203125,1.86920166015625,-2.452392578125,1.27105712890625,1.0,2.0,1.0,4.0,2.0,95.0,event
11:26:16.851,1.043139,0.2551292,0.93043804,1.0186048,0.9007033,0.09280326,0.45979702,1.0620517,0.96199,0.1334126,0.41848785,0.6707001,0.8128262,0.11379126,-0.16463774,0.659461,0.32423326,-0.41838935,-0.59538,0.0020752505,774.83514,764.7619,903.7729,856.63007,696.6667,0.052001953125,-0.01287841796875,0.9967041015625,2.73651123046875,-2.265472412109375,0.545806884765625,1.0,2.0,1.0,4.0,2.0,95.0,event
11:26:16.852,1.043139,0.2551292,0.93043804,1.0186048,0.9007033,0.09280326,0.45979702,1.0620517,0.96199,0.1334126,0.41848785,0.6707001,0.8128262,0.11379126,-0.16463774,0.659461,0.32423326,-0.41838935,-0.59538,0.0020752505,752.674,766.3736,1070.989,860.65936,690.2198,0.052001953125,-0.01287841796875,0.9967041015625,2.73651123046875,-2.265472412109375,0.545806884765625,1.0,2.0,1.0,4.0,2.0,95.0,event
11:26:16.854,1.043139,0.2551292,0.93043804,1.0186048,0.9007033,0.09280326,0.45979702,1.0620517,0.96199,0.1334126,0.41848785,0.6707001,0.8128262,0.11379126,-0.16463774,0.659461,0.32423326,-0.41838935,-0.59538,0.0020752505,909.011,761.13556,1008.5348,875.16486,840.5128,0.052001953125,-0.01287841796875,0.9967041015625,2.73651123046875,-2.265472412109375,0.545806884765625,1.0,2.0,1.0,4.0,2.0,95.0,event
11:26:16.855,1.043139,0.2551292,0.93043804,1.0186048,0.9007033,0.09280326,0.45979702,1.0620517,0.96199,0.1334126,0.41848785,0.6707001,0.8128262,0.11379126,-0.16463774,0.659461,0.32423326,-0.41838935,-0.59538,0.0020752505,1064.5421,761.53845,951.31866,888.46155,837.28937,0.052001953125,-0.01287841796875,0.9967041015625,2.73651123046875,-2.265472412109375,0.545806884765625,1.0,2.0,1.0,4.0,2.0,95.0,event
11:26:16.856,1.043139,0.2551292,0.93043804,1.0186048,0.9007033,0.09280326,0.45979702,1.0620517,0.96199,0.1334126,0.41848785,0.6707001,0.8128262,0.11379126,-0.16463774,0.659461,0.32423326,-0.41838935,-0.59538,0.0020752505,995.64105,767.5824,1010.54944,868.315,749.85345,0.052001953125,-0.01287841796875,0.9967041015625,2.73651123046875,-2.265472412109375,0.545806884765625,1.0,2.0,1.0,4.0,2.0,95.0,event
11:26:16.857,1.043139,0.2551292,0.93043804,1.0186048,0.9007033,0.09280326,0.45979702,1.0620517,0.96199,0.1334126,0.41848785,0.6707001,0.8128262,0.11379126,-0.16463774,0.659461,0.32423326,-0.41838935,-0.59538,0.0020752505,784.10254,769.19415,844.1392,845.7509,784.90845,0.052001953125,-0.01287841796875,0.9967041015625,2.73651123046875,-2.265472412109375,0.545806884765625,1.0,2.0,1.0,4.0,2.0,95.0,event
11:26:16.858,1.043139,0.2551292,0.93043804,1.0186048,0.9007033,0.09280326,0.45979702,1.0620517,0.96199,0.1334126,0.41848785,0.6707001,0.8128262,0.11379126,-0.16463774,0.659461,0.32423326,-0.41838935,-0.59538,0.0020752505,709.5604,768.7912,481.50183,853.8095,980.32965,0.052001953125,-0.01287841796875,0.9967041015625,2.73651123046875,-2.265472412109375,0.545806884765625,1.0,2.0,1.0,4.0,2.0,95.0,event
11:26:16.859,1.043139,0.2551292,0.93043804,1.0186048,0.9007033,0.09280326,0.45979702,1.0620517,0.96199,0.1334126,0.41848785,0.6707001,0.8128262,0.11379126,-0.16463774,0.659461,0.32423326,-0.41838935,-0.59538,0.0020752505,861.8681,772.8205,432.34433,874.7619,1027.8755,0.052001953125,-0.01287841796875,0.9967041015625,2.73651123046875,-2.265472412109375,0.545806884765625,1.0,2.0,1.0,4.0,2.0,95.0,event
11:26:16.860,1.043139,0.2551292,0.93043804,1.0186048,0.9007033,0.09280326,0.45979702,1.0620517,0.96199,0.1334126,0.41848785,0.6707001,0.8128262,0.11379126,-0.16463774,0.659461,0.32423326,-0.41838935,-0.59538,0.0020752505,1048.8279,775.2381,1007.72894,882.01465,758.315,0.052001953125,-0.01287841796875,0.9967041015625,2.73651123046875,-2.265472412109375,0.545806884765625,1.0,2.0,1.0,4.0,2.0,95.0,event
11:26:16.861,1.043139,0.2551292,0.93043804,1.0186048,0.9007033,0.09280326,0.45979702,1.0620517,0.96199,0.1334126,0.41848785,0.6707001,0.8128262,0.11379126,-0.16463774,0.659461,0.32423326,-0.41838935,-0.59538,0.0020752505,791.3553,782.0879,834.4689,854.61536,775.64105,0.052001953125,-0.01287841796875,0.9967041015625,2.73651123046875,-2.265472412109375,0.545806884765625,1.0,2.0,1.0,4.0,2.0,95.0,event
11:26:16.861,1.043139,0.2551292,0.93043804,1.0186048,0.9007033,0.09280326,0.45979702,1.0620517,0.96199,0.1334126,0.41848785,0.6707001,0.8128262,0.11379126,-0.16463774,0.659461,0.32423326,-0.41838935,-0.59538,0.0020752505,994.0293,777.25275,1124.5787,877.98535,749.85345,0.052001953125,-0.01287841796875,0.9967041015625,2.73651123046875,-2.265472412109375,0.545806884765625,1.0,2.0,1.0,4.0,2.0,95.0,event
11:26:16.862,1.043139,0.2551292,0.93043804,1.0186048,0.9007033,0.09280326,0.45979702,1.0620517,0.96199,0.1334126,0.41848785,0.6707001,0.8128262,0.11379126,-0.16463774,0.659461,0.32423326,-0.41838935,-0.59538,0.0020752505,713.5897,783.69965,732.52747,842.9304,762.3443,0.052001953125,-0.01287841796875,0.9967041015625,2.73651123046875,-2.265472412109375,0.545806884765625,1.0,2.0,1.0,4.0,2.0,95.0,event
11:26:16.915,1.043139,0.2551292,0.93043804,1.0186048,0.9007033,0.09280326,0.45979702,1.0620517,0.96199,0.1334126,0.41848785,0.6707001,0.8128262,0.11379126,-0.16463774,0.659461,0.32423326,-0.41838935,-0.59538,0.0020752505,836.4835,786.52014,1010.14655,864.68866,743.4066,0.06219482421875,-0.0145263671875,0.9849853515625,1.413116455078125,-4.448699951171875,0.545806884765625,1.0,2.0,1.0,4.0,2.0,95.0,event
11:26:16.916,1.043139,0.2551292,0.93043804,1.0186048,0.9007033,0.09280326,0.45979702,1.0620517,0.96199,0.1334126,0.41848785,0.6707001,0.8128262,0.11379126,-0.16463774,0.659461,0.32423326,-0.41838935,-0.59538,0.0020752505,1022.6374,786.1172,1151.978,875.9707,759.12085,0.06219482421875,-0.0145263671875,0.9849853515625,1.413116455078125,-4.448699951171875,0.545806884765625,1.0,2.0,1.0,4.0,2.0,95.0,event
11:26:16.920,1.043139,0.2551292,0.93043804,1.0186048,0.9007033,0.09280326,0.45979702,1.0620517,0.96199,0.1334126,0.41848785,0.6707001,0.8128262,0.11379126,-0.16463774,0.659461,0.32423326,-0.41838935,-0.59538,0.0020752505,1006.1172,787.72894,835.2747,859.45056,839.304,0.06219482421875,-0.0145263671875,0.9849853515625,1.413116455078125,-4.448699951171875,0.545806884765625,1.0,2.0,1.0,4.0,2.0,95.0,event
11:26:16.921,1.043139,0.2551292,0.93043804,1.0186048,0.9007033,0.09280326,0.45979702,1.0620517,0.96199,0.1334126,0.41848785,0.6707001,0.8128262,0.11379126,-0.16463774,0.659461,0.32423326,-0.41838935,-0.59538,0.0020752505,799.41394,788.93774,761.9414,832.8571,755.89746,0.06219482421875,-0.0145263671875,0.9849853515625,1.413116455078125,-4.448699951171875,0.545806884765625,1.0,2.0,1.0,4.0,2.0,95.0,event
11:26:16.922,1.043139,0.2551292,0.93043804,1.0186048,0.9007033,0.09280326,0.45979702,1.0620517,0.96199,0.1334126,0.41848785,0.6707001,0.8128262,0.11379126,-0.16463774,0.659461,0.32423326,-0.41838935,-0.59538,0.0020752505,703.1135,788.5348,936.4103,832.4542,626.55676,0.06219482421875,-0.0145263671875,0.9849853515625,1.413116455078125,-4.448699951171875,0.545806884765625,1.0,2.0,1.0,4.0,2.0,95.0,event
11:26:16.923,1.043139,0.2551292,0.93043804,1.0186048,0.9007033,0.09280326,0.45979702,1.0620517,0.96199,0.1334126,0.41848785,0.6707001,0.8128262,0.11379126,-0.16463774,0.659461,0.32423326,-0.41838935,-0.59538,0.0020752505,790.54944,786.9231,857.03296,842.52747,777.6557,0.06219482421875,-0.0145263671875,0.9849853515625,1.413116455078125,-4.448699951171875,0.545806884765625,1.0,2.0,1.0,4.0,2.0,95.0,event
11:26:16.924,1.043139,0.2551292,0.93043804,1.0186048,0.9007033,0.09280326,0.45979702,1.0620517,0.96199,0.1334126,0.41848785,0.6707001,0.8128262,0.11379126,-0.16463774,0.659461,0.32423326,-0.41838935,-0.59538,0.0020752505,969.45056,782.0879,569.7436,853.4066,1045.2014,0.06219482421875,-0.0145263671875,0.9849853515625,1.413116455078125,-4.448699951171875,0.545806884765625,1.0,2.0,1.0,4.0,2.0,95.0,event
11:26:16.925,1.043139,0.2551292,0.93043804,1.0186048,0.9007033,0.09280326,0.45979702,1.0620517,0.96199,0.1334126,0.41848785,0.6707001,0.8128262,0.11379126,-0.16463774,0.659461,0.32423326,-0.41838935,-0.59538,0.0020752505,1009.34064,784.5055,755.09155,848.5714,896.1172,0.06219482421875,-0.0145263671875,0.9849853515625,1.413116455078125,-4.448699951171875,0.545806884765625,1.0,2.0,1.0,4.0,2.0,95.0,event
11:26:16.925,1.043139,0.2551292,0.93043804,1.0186048,0.9007033,0.09280326,0.45979702,1.0620517,0.96199,0.1334126,0.41848785,0.6707001,0.8128262,0.11379126,-0.16463774,0.659461,0.32423326,-0.41838935,-0.59538,0.0020752505,809.89014,786.9231,1015.38464,822.7839,691.4286,0.06219482421875,-0.0145263671875,0.9849853515625,1.413116455078125,-4.448699951171875,0.545806884765625,1.0,2.0,1.0,4.0,2.0,95.0,event
11:26:16.926,1.043139,0.2551292,0.93043804,1.0186048,0.9007033,0.09280326,0.45979702,1.0620517,0.96199,0.1334126,0.41848785,0.6707001,0.8128262,0.11379126,-0.16463774,0.659461,0.32423326,-0.41838935,-0.59538,0.0020752505,675.7143,782.49084,846.9597,824.7985,805.4579,0.06219482421875,-0.0145263671875,0.9849853515625,1.413116455078125,-4.448699951171875,0.545806884765625,1.0,2.0,1.0,4.0,2.0,95.0,event
11:26:16.927,1.043139,0.2551292,0.93043804,1.0186048,0.9007033,0.09280326,0.45979702,1.0620517,0.96199,0.1334126,0.41848785,0.6707001,0.8128262,0.11379126,-0.16463774,0.659461,0.32423326,-0.41838935,-0.59538,0.0020752505,759.12085,781.28204,855.0183,843.73627,838.0952,0.06219482421875,-0.0145263671875,0.9849853515625,1.413116455078125,-4.448699951171875,0.545806884765625,1.0,2.0,1.0,4.0,2.0,95.0,event
11:26:16.928,1.043139,0.2551292,0.93043804,1.0186048,0.9007033,0.09280326,0.45979702,1.0620517,0.96199,0.1334126,0.41848785,0.6707001,0.8128262,0.11379126,-0.16463774,0.659461,0.32423326,-0.41838935,-0.59538,0.0020752505,956.55676,788.5348,1139.0842,859.0476,776.8498,0.06219482421875,-0.0145263671875,0.9849853515625,1.413116455078125,-4.448699951171875,0.545806884765625,1.0,2.0,1.0,4.0,2.0,95.0,event
11:26:16.952,1.043139,0.2551292,0.93043804,1.0186048,0.9007033,0.09280326,0.45979702,1.0620517,0.96199,0.1334126,0.41848785,0.6707001,0.8128262,0.11379126,-0.16463774,0.659461,0.32423326,-0.41838935,-0.59538,0.0020752505,1014.57874,792.1612,1186.227,857.4359,797.3993,0.06219482421875,-0.0145263671875,0.9849853515625,1.413116455078125,-4.448699951171875,0.545806884765625,1.0,2.0,1.0,4.0,2.0,95.0,event
11:26:16.953,1.043139,0.2551292,0.93043804,1.0186048,0.9007033,0.09280326,0.45979702,1.0620517,0.96199,0.1334126,0.41848785,0.6707001,0.8128262,0.11379126,-0.16463774,0.659461,0.32423326,-0.41838935,-0.59538,0.0020752505,834.4689,793.36993,905.78754,841.31866,830.84247,0.06219482421875,-0.0145263671875,0.9849853515625,1.413116455078125,-4.448699951171875,0.545806884765625,1.0,2.0,1.0,4.0,2.0,95.0,event
11:26:16.954,1.043139,0.2551292,0.93043804,1.0186048,0.9007033,0.09280326,0.45979702,1.0620517,0.96199,0.1334126,0.41848785,0.6707001,0.8128262,0.11379126,-0.16463774,0.659461,0.32423326,-0.41838935,-0.59538,0.0020752505,691.02563,797.3993,667.25275,828.8278,835.6777,0.06219482421875,-0.0145263671875,0.9849853515625,1.413116455078125,-4.448699951171875,0.545806884765625,1.0,2.0,1.0,4.0,2.0,95.0,event
11:26:16.955,1.043139,0.2551292,0.93043804,1.0186048,0.9007033,0.09280326,0.45979702,1.0620517,0.96199,0.1334126,0.41848785,0.6707001,0.8128262,0.11379126,-0.16463774,0.659461,0.32423326,-0.41838935,-0.59538,0.0020752505,754.2857,796.5934,910.6227,822.381,787.326,0.06219482421875,-0.0145263671875,0.9849853515625,1.413116455078125,-4.448699951171875,0.545806884765625,1.0,2.0,1.0,4.0,2.0,95.0,event
11:26:16.955,1.043139,0.2551292,0.93043804,1.0186048,0.9007033,0.09280326,0.45979702,1.0620517,0.96199,0.1334126,0.41848785,0.6707001,0.8128262,0.11379126,-0.16463774,0.659461,0.32423326,-0.41838935,-0.59538,0.0020752505,949.707,794.9817,1182.1978,839.304,744.21246,0.06219482421875,-0.0145263671875,0.9849853515625,1.413116455078125,-4.448699951171875,0.545806884765625,1.0,2.0,1.0,4.0,2.0,95.0,event
11:26:16.956,1.043139,0.2551292,0.93043804,1.0186048,0.9007033,0.09280326,0.45979702,1.0620517,0.96199,0.1334126,0.41848785,0.6707001,0.8128262,0.11379126,-0.16463774,0.659461,0.32423326,-0.41838935,-0.59538,0.0020752505,1019.011,792.5641,721.6484,843.3333,934.7985,0.06219482421875,-0.0145263671875,0.9849853515625,1.413116455078125,-4.448699951171875,0.545806884765625,1.0,2.0,1.0,4.0,2.0,95.0,event
11:26:16.957,1.043139,0.2551292,0.93043804,1.0186048,0.9007033,0.09280326,0.45979702,1.0620517,0.96199,0.1334126,0.41848785,0.6707001,0.8128262,0.11379126,-0.16463774,0.659461,0.32423326,-0.41838935,-0.59538,0.0020752505,847.76556,795.38464,188.97437,819.5604,1118.1318,0.06219482421875,-0.0145263671875,0.9849853515625,1.413116455078125,-4.448699951171875,0.545806884765625,1.0,2.0,1.0,4.0,2.0,95.0,event
11:26:16.957,1.043139,0.2551292,0.93043804,1.0186048,0.9007033,0.09280326,0.45979702,1.0620517,0.96199,0.1334126,0.41848785,0.6707001,0.8128262,0.11379126,-0.16463774,0.659461,0.32423326,-0.41838935,-0.59538,0.0020752505,689.81683,796.5934,717.619,798.20514,884.0293,0.06219482421875,-0.0145263671875,0.9849853515625,1.413116455078125,-4.448699951171875,0.545806884765625,1.0,2.0,1.0,4.0,2.0,95.0,event
11:26:16.958,1.043139,0.2551292,0.93043804,1.0186048,0.9007033,0.09280326,0.45979702,1.0620517,0.96199,0.1334126,0.41848785,0.6707001,0.8128262,0.11379126,-0.16463774,0.659461,0.32423326,-0.41838935,-0.59538,0.0020752505,725.6777,793.7729,1112.0879,808.68134,731.31866,0.06219482421875,-0.0145263671875,0.9849853515625,1.413116455078125,-4.448699951171875,0.545806884765625,1.0,2.0,1.0,4.0,2.0,95.0,event
11:26:16.959,1.043139,0.2551292,0.93043804,1.0186048,0.9007033,0.09280326,0.45979702,1.0620517,0.96199,0.1334126,0.41848785,0.6707001,0.8128262,0.11379126,-0.16463774,0.659461,0.32423326,-0.41838935,-0.59538,0.0020752505,905.78754,796.5934,935.6044,826.4103,759.5238,0.06219482421875,-0.0145263671875,0.9849853515625,1.413116455078125,-4.448699951171875,0.545806884765625,1.0,2.0,1.0,4.0,2.0,95.0,event
11:26:16.959,1.043139,0.2551292,0.93043804,1.0186048,0.9007033,0.09280326,0.45979702,1.0620517,0.96199,0.1334126,0.41848785,0.6707001,0.8128262,0.11379126,-0.16463774,0.659461,0.32423326,-0.41838935,-0.59538,0.0020752505,1012.5641,797.3993,987.5824,833.663,778.86444,0.06219482421875,-0.0145263671875,0.9849853515625,1.413116455078125,-4.448699951171875,0.545806884765625,1.0,2.0,1.0,4.0,2.0,95.0,event
11:26:16.960,1.043139,0.2551292,0.93043804,1.0186048,0.9007033,0.09280326,0.45979702,1.0620517,0.96199,0.1334126,0.41848785,0.6707001,0.8128262,0.11379126,-0.16463774,0.659461,0.32423326,-0.41838935,-0.59538,0.0020752505,881.6117,794.17584,1002.0879,822.381,701.0989,0.06219482421875,-0.0145263671875,0.9849853515625,1.413116455078125,-4.448699951171875,0.545806884765625,1.0,2.0,1.0,4.0,2.0,95.0,event
11:26:17.007,1.043139,0.2551292,0.93043804,1.0186048,0.9007033,0.09280326,0.45979702,1.0620517,0.96199,0.1334126,0.41848785,0.6707001,0.8128262,0.11379126,-0.16463774,0.659461,0.32423326,-0.41838935,-0.59538,0.0020752505,702.3077,794.9817,861.4652,803.0403,672.49084,0.05670166015625,-0.0230712890625,0.98980712890625,0.61309814453125,-2.280426025390625,-0.28411865234375,1.0,2.0,1.0,4.0,2.0,95.0,event
11:26:17.008,1.043139,0.2551292,0.93043804,1.0186048,0.9007033,0.09280326,0.45979702,1.0620517,0.96199,0.1334126,0.41848785,0.6707001,0.8128262,0.11379126,-0.16463774,0.659461,0.32423326,-0.41838935,-0.59538,0.0020752505,713.1868,799.011,783.69965,807.0696,706.7399,0.05670166015625,-0.0230712890625,0.98980712890625,0.61309814453125,-2.280426025390625,-0.28411865234375,1.0,2.0,1.0,4.0,2.0,95.0,event
11:26:17.009,1.043139,0.2551292,0.93043804,1.0186048,0.9007033,0.09280326,0.45979702,1.0620517,0.96199,0.1334126,0.41848785,0.6707001,0.8128262,0.11379126,-0.16463774,0.659461,0.32423326,-0.41838935,-0.59538,0.0020752505,893.69965,795.78754,964.61536,828.022,732.1245,0.05670166015625,-0.0230712890625,0.98980712890625,0.61309814453125,-2.280426025390625,-0.28411865234375,1.0,2.0,1.0,4.0,2.0,95.0,event
11:26:17.009,1.043139,0.2551292,0.93043804,1.0186048,0.9007033,0.09280326,0.45979702,1.0620517,0.96199,0.1334126,0.41848785,0.6707001,0.8128262,0.11379126,-0.16463774,0.659461,0.32423326,-0.41838935,-0.59538,0.0020752505,1029.0842,796.5934,1139.8901,832.8571,743.00366,0.05670166015625,-0.0230712890625,0.98980712890625,0.61309814453125,-2.280426025390625,-0.28411865234375,1.0,2.0,1.0,4.0,2.0,95.0,event
11:26:17.011,,,,,,,,,,,,,,,,,,,,,,,,,,,,,,,,,,,,,,blink
11:26:17.013,1.043139,0.2551292,0.93043804,1.0186048,0.9007033,0.09280326,0.45979702,1.0620517,0.96199,0.1334126,0.41848785,0.6707001,0.8128262,0.11379126,-0.16463774,0.659461,0.32423326,-0.41838935,-0.59538,0.0020752505,919.4872,798.60803,952.1245,816.337,805.05493,0.05670166015625,-0.0230712890625,0.98980712890625,0.61309814453125,-2.280426025390625,-0.28411865234375,1.0,2.0,1.0,4.0,2.0,95.0,event
11:26:17.014,1.043139,0.2551292,0.93043804,1.0186048,0.9007033,0.09280326,0.45979702,1.0620517,0.96199,0.1334126,0.41848785,0.6707001,0.8128262,0.11379126,-0.16463774,0.659461,0.32423326,-0.41838935,-0.59538,0.0020752505,708.3516,797.3993,634.61536,803.8461,852.1978,0.05670166015625,-0.0230712890625,0.98980712890625,0.61309814453125,-2.280426025390625,-0.28411865234375,1.0,2.0,1.0,4.0,2.0,95.0,event
11:26:17.015,1.043139,0.2551292,0.93043804,1.0186048,0.9007033,0.09280326,0.45979702,1.0620517,0.96199,0.1334126,0.41848785,0.6707001,0.8128262,0.11379126,-0.16463774,0.659461,0.32423326,-0.41838935,-0.59538,0.0020752505,685.38464,795.78754,614.87177,812.3077,794.57874,0.05670166015625,-0.0230712890625,0.98980712890625,0.61309814453125,-2.280426025390625,-0.28411865234375,1.0,2.0,1.0,4.0,2.0,95.0,event
11:26:17.015,1.043139,0.2551292,0.93043804,1.0186048,0.9007033,0.09280326,0.45979702,1.0620517,0.96199,0.1334126,0.41848785,0.6707001,0.8128262,0.11379126,-0.16463774,0.659461,0.32423326,-0.41838935,-0.59538,0.0020752505,863.0769,796.1905,735.7509,818.3516,802.23444,0.05670166015625,-0.0230712890625,0.98980712890625,0.61309814453125,-2.280426025390625,-0.28411865234375,1.0,2.0,1.0,4.0,2.0,95.0,event
11:26:17.016,1.043139,0.2551292,0.93043804,1.0186048,0.9007033,0.09280326,0.45979702,1.0620517,0.96199,0.1334126,0.41848785,0.6707001,0.8128262,0.11379126,-0.16463774,0.659461,0.32423326,-0.41838935,-0.59538,0.0020752505,1004.90845,799.81683,810.696,811.0989,849.3773,0.05670166015625,-0.0230712890625,0.98980712890625,0.61309814453125,-2.280426025390625,-0.28411865234375,1.0,2.0,1.0,4.0,2.0,95.0,event
11:26:17.017,1.043139,0.2551292,0.93043804,1.0186048,0.9007033,0.09280326,0.45979702,1.0620517,0.96199,0.1334126,0.41848785,0.6707001,0.8128262,0.11379126,-0.16463774,0.659461,0.32423326,-0.41838935,-0.59538,0.0020752505,905.38464,795.38464,278.4249,799.81683,1067.7656,0.05670166015625,-0.0230712890625,0.98980712890625,0.61309814453125,-2.280426025390625,-0.28411865234375,1.0,2.0,1.0,4.0,2.0,95.0,event
11:26:17.017,1.043139,0.2551292,0.93043804,1.0186048,0.9007033,0.09280326,0.45979702,1.0620517,0.96199,0.1334126,0.41848785,0.6707001,0.8128262,0.11379126,-0.16463774,0.659461,0.32423326,-0.41838935,-0.59538,0.0020752505,711.5751,794.9817,227.25275,784.5055,1052.4542,0.05670166015625,-0.0230712890625,0.98980712890625,0.61309814453125,-2.280426025390625,-0.28411865234375,1.0,2.0,1.0,4.0,2.0,95.0,event
11:26:17.018,1.043139,0.2551292,0.93043804,1.0186048,0.9007033,0.09280326,0.45979702,1.0620517,0.96199,0.1334126,0.41848785,0.6707001,0.8128262,0.11379126,-0.16463774,0.659461,0.32423326,-0.41838935,-0.59538,0.0020752505,670.87915,796.1905,971.8681,781.685,733.73627,0.05670166015625,-0.0230712890625,0.98980712890625,0.61309814453125,-2.280426025390625,-0.28411865234375,1.0,2.0,1.0,4.0,2.0,95.0,event
11:26:17.063,1.043139,0.2551292,0.93043804,1.0186048,0.9007033,0.09280326,0.45979702,1.0620517,0.96199,0.1334126,0.41848785,0.6707001,0.8128262,0.11379126,-0.16463774,0.659461,0.32423326,-0.41838935,-0.59538,0.0020752505,809.0842,794.9817,985.16486,799.81683,725.6777,0.05987548828125,-0.0252685546875,0.97576904296875,2.0037841796875,-3.050537109375,0.34393310546875,1.0,2.0,1.0,4.0,2.0,95.0,event
11:26:17.065,1.043139,0.2551292,0.93043804,1.0186048,0.9007033,0.09280326,0.45979702,1.0620517,0.96199,0.1334126,0.41848785,0.6707001,0.8128262,0.11379126,-0.16463774,0.659461,0.32423326,-0.41838935,-0.59538,0.0020752505,990.0,798.60803,931.1722,818.3516,729.304,0.05987548828125,-0.0252685546875,0.97576904296875,2.0037841796875,-3.050537109375,0.34393310546875,1.0,2.0,1.0,4.0,2.0,95.0,event
11:26:17.067,1.043139,0.2551292,0.93043804,1.0186048,0.9007033,0.09280326,0.45979702,1.0620517,0.96199,0.1334126,0.41848785,0.6707001,0.8128262,0.11379126,-0.16463774,0.659461,0.32423326,-0.41838935,-0.59538,0.0020752505,940.0366,799.41394,1004.10254,799.011,653.5531,0.05987548828125,-0.0252685546875,0.97576904296875,2.0037841796875,-3.050537109375,0.34393310546875,1.0,2.0,1.0,4.0,2.0,95.0,event
11:26:17.068,1.043139,0.2551292,0.93043804,1.0186048,0.9007033,0.09280326,0.45979702,1.0620517,0.96199,0.1334126,0.41848785,0.6707001,0.8128262,0.11379126,-0.16463774,0.659461,0.32423326,-0.41838935,-0.59538,0.0020752505,726.4835,798.60803,940.84247,772.4176,659.19415,0.05987548828125,-0.0252685546875,0.97576904296875,2.0037841796875,-3.050537109375,0.34393310546875,1.0,2.0,1.0,4.0,2.0,95.0,event
11:26:17.070,1.043139,0.2551292,0.93043804,1.0186048,0.9007033,0.09280326,0.45979702,1.0620517,0.96199,0.1334126,0.41848785,0.6707001,0.8128262,0.11379126,-0.16463774,0.659461,0.32423326,-0.41838935,-0.59538,0.0020752505,664.43225,797.3993,864.2857,772.01465,732.9304,0.05987548828125,-0.0252685546875,0.97576904296875,2.0037841796875,-3.050537109375,0.34393310546875,1.0,2.0,1.0,4.0,2.0,95.0,event
11:26:17.071,1.043139,0.2551292,0.93043804,1.0186048,0.9007033,0.09280326,0.45979702,1.0620517,0.96199,0.1334126,0.41848785,0.6707001,0.8128262,0.11379126,-0.16463774,0.659461,0.32423326,-0.41838935,-0.59538,0.0020752505,801.02563,798.60803,770.40295,779.2674,822.7839,0.05987548828125,-0.0252685546875,0.97576904296875,2.0037841796875,-3.050537109375,0.34393310546875,1.0,2.0,1.0,4.0,2.0,95.0,event
11:26:17.073,1.043139,0.2551292,0.93043804,1.0186048,0.9007033,0.09280326,0.45979702,1.0620517,0.96199,0.1334126,0.41848785,0.6707001,0.8128262,0.11379126,-0.16463774,0.659461,0.32423326,-0.41838935,-0.59538,0.0020752505,975.4945,799.81683,854.61536,788.5348,877.98535,0.05987548828125,-0.0252685546875,0.97576904296875,2.0037841796875,-3.050537109375,0.34393310546875,1.0,2.0,1.0,4.0,2.0,95.0,event
11:26:17.074,1.043139,0.2551292,0.93043804,1.0186048,0.9007033,0.09280326,0.45979702,1.0620517,0.96199,0.1334126,0.41848785,0.6707001,0.8128262,0.11379126,-0.16463774,0.659461,0.32423326,-0.41838935,-0.59538,0.0020752505,938.4249,795.78754,986.77655,768.3883,823.9927,0.05987548828125,-0.0252685546875,0.97576904296875,2.0037841796875,-3.050537109375,0.34393310546875,1.0,2.0,1.0,4.0,2.0,95.0,event
11:26:17.076,1.043139,0.2551292,0.93043804,1.0186048,0.9007033,0.09280326,0.45979702,1.0620517,0.96199,0.1334126,0.41848785,0.6707001,0.8128262,0.11379126,-0.16463774,0.659461,0.32423326,-0.41838935,-0.59538,0.0020752505,720.4396,792.5641,736.1539,734.94507,874.35895,0.05987548828125,-0.0252685546875,0.97576904296875,2.0037841796875,-3.050537109375,0.34393310546875,1.0,2.0,1.0,4.0,2.0,95.0,event
11:26:17.077,1.043139,0.2551292,0.93043804,1.0186048,0.9007033,0.09280326,0.45979702,1.0620517,0.96199,0.1334126,0.41848785,0.6707001,0.8128262,0.11379126,-0.16463774,0.659461,0.32423326,-0.41838935,-0.59538,0.0020752505,644.68866,798.60803,725.6777,737.3626,861.4652,0.05987548828125,-0.0252685546875,0.97576904296875,2.0037841796875,-3.050537109375,0.34393310546875,1.0,2.0,1.0,4.0,2.0,95.0,event
11:26:17.078,1.043139,0.2551292,0.93043804,1.0186048,0.9007033,0.09280326,0.45979702,1.0620517,0.96199,0.1334126,0.41848785,0.6707001,0.8128262,0.11379126,-0.16463774,0.659461,0.32423326,-0.41838935,-0.59538,0.0020752505,765.56775,800.2198,1105.641,753.8828,760.32965,0.05987548828125,-0.0252685546875,0.97576904296875,2.0037841796875,-3.050537109375,0.34393310546875,1.0,2.0,1.0,4.0,2.0,95.0,event
11:26:17.080,1.043139,0.2551292,0.93043804,1.0186048,0.9007033,0.09280326,0.45979702,1.0620517,0.96199,0.1334126,0.41848785,0.6707001,0.8128262,0.11379126,-0.16463774,0.659461,0.32423326,-0.41838935,-0.59538,0.0020752505,938.4249,797.8022,1231.3553,745.42126,744.21246,0.05987548828125,-0.0252685546875,0.97576904296875,2.0037841796875,-3.050537109375,0.34393310546875,1.0,2.0,1.0,4.0,2.0,95.0,event
11:26:17.126,1.043139,0.2551292,0.93043804,1.0186048,0.9007033,0.09280326,0.45979702,1.0620517,0.96199,0.1334126,0.41848785,0.6707001,0.8128262,0.11379126,-0.16463774,0.659461,0.32423326,-0.41838935,-0.59538,0.0020752505,934.7985,799.41394,632.6007,725.2747,894.10254,0.04290771484375,-0.01300048828125,0.99102783203125,2.250518798828125,-2.295379638671875,0.82244873046875,1.0,2.0,1.0,4.0,2.0,95.0,event
11:26:17.127,1.043139,0.2551292,0.93043804,1.0186048,0.9007033,0.09280326,0.45979702,1.0620517,0.96199,0.1334126,0.41848785,0.6707001,0.8128262,0.11379126,-0.16463774,0.659461,0.32423326,-0.41838935,-0.59538,0.0020752505,737.76556,800.6227,169.6337,694.2491,963.4066,0.04290771484375,-0.01300048828125,0.99102783203125,2.250518798828125,-2.295379638671875,0.82244873046875,1.0,2.0,1.0,4.0,2.0,95.0,event
11:26:17.128,1.043139,0.2551292,0.93043804,1.0186048,0.9007033,0.09280326,0.45979702,1.0620517,0.96199,0.1334126,0.41848785,0.6707001,0.8128262,0.11379126,-0.16463774,0.659461,0.32423326,-0.41838935,-0.59538,0.0020752505,637.4359,804.65204,792.96704,663.22345,689.81683,0.04290771484375,-0.01300048828125,0.99102783203125,2.250518798828125,-2.295379638671875,0.82244873046875,1.0,2.0,1.0,4.0,2.0,95.0,event
11:26:17.129,1.043139,0.2551292,0.93043804,1.0186048,0.9007033,0.09280326,0.45979702,1.0620517,0.96199,0.1334126,0.41848785,0.6707001,0.8128262,0.11379126,-0.16463774,0.659461,0.32423326,-0.41838935,-0.59538,0.0020752505,726.08057,802.6374,1041.978,676.1172,676.9231,0.04290771484375,-0.01300048828125,0.99102783203125,2.250518798828125,-2.295379638671875,0.82244873046875,1.0,2.0,1.0,4.0,2.0,95.0,event
11:26:17.131,1.043139,0.2551292,0.93043804,1.0186048,0.9007033,0.09280326,0.45979702,1.0620517,0.96199,0.1334126,0.41848785,0.6707001,0.8128262,0.11379126,-0.16463774,0.659461,0.32423326,-0.41838935,-0.59538,0.0020752505,920.293,802.23444,965.82416,694.65204,795.78754,0.04290771484375,-0.01300048828125,0.99102783203125,2.250518798828125,-2.295379638671875,0.82244873046875,1.0,2.0,1.0,4.0,2.0,95.0,event
11:26:17.132,1.043139,0.2551292,0.93043804,1.0186048,0.9007033,0.09280326,0.45979702,1.0620517,0.96199,0.1334126,0.41848785,0.6707001,0.8128262,0.11379126,-0.16463774,0.659461,0.32423326,-0.41838935,-0.59538,0.0020752505,961.39197,806.26373,876.77655,681.75824,828.4249,0.04290771484375,-0.01300048828125,0.99102783203125,2.250518798828125,-2.295379638671875,0.82244873046875,1.0,2.0,1.0,4.0,2.0,95.0,event
11:26:17.135,1.043139,0.2551292,0.93043804,1.0186048,0.9007033,0.09280326,0.45979702,1.0620517,0.96199,0.1334126,0.41848785,0.6707001,0.8128262,0.11379126,-0.16463774,0.659461,0.32423326,-0.41838935,-0.59538,0.0020752505,784.10254,807.47253,731.7216,666.04395,805.4579,0.04290771484375,-0.01300048828125,0.99102783203125,2.250518798828125,-2.295379638671875,0.82244873046875,1.0,2.0,1.0,4.0,2.0,95.0,event
11:26:17.136,1.043139,0.2551292,0.93043804,1.0186048,0.9007033,0.09280326,0.45979702,1.0620517,0.96199,0.1334126,0.41848785,0.6707001,0.8128262,0.11379126,-0.16463774,0.659461,0.32423326,-0.41838935,-0.59538,0.0020752505,643.0769,804.2491,732.52747,668.46155,779.2674,0.04290771484375,-0.01300048828125,0.99102783203125,2.250518798828125,-2.295379638671875,0.82244873046875,1.0,2.0,1.0,4.0,2.0,95.0,event
11:26:17.137,1.043139,0.2551292,0.93043804,1.0186048,0.9007033,0.09280326,0.45979702,1.0620517,0.96199,0.1334126,0.41848785,0.6707001,0.8128262,0.11379126,-0.16463774,0.659461,0.32423326,-0.41838935,-0.59538,0.0020752505,684.9817,802.6374,499.23077,656.3736,960.58606,0.04290771484375,-0.01300048828125,0.99102783203125,2.250518798828125,-2.295379638671875,0.82244873046875,1.0,2.0,1.0,4.0,2.0,95.0,event
11:26:17.138,1.043139,0.2551292,0.93043804,1.0186048,0.9007033,0.09280326,0.45979702,1.0620517,0.96199,0.1334126,0.41848785,0.6707001,0.8128262,0.11379126,-0.16463774,0.659461,0.32423326,-0.41838935,-0.59538,0.0020752505,889.67035,804.65204,839.304,639.85345,990.0,0.04290771484375,-0.01300048828125,0.99102783203125,2.250518798828125,-2.295379638671875,0.82244873046875,1.0,2.0,1.0,4.0,2.0,95.0,event
11:26:17.138,1.043139,0.2551292,0.93043804,1.0186048,0.9007033,0.09280326,0.45979702,1.0620517,0.96199,0.1334126,0.41848785,0.6707001,0.8128262,0.11379126,-0.16463774,0.659461,0.32423326,-0.41838935,-0.59538,0.0020752505,989.19415,804.2491,1280.9158,636.2271,793.7729,0.04290771484375,-0.01300048828125,0.99102783203125,2.250518798828125,-2.295379638671875,0.82244873046875,1.0,2.0,1.0,4.0,2.0,95.0,event
11:26:17.139,1.043139,0.2551292,0.93043804,1.0186048,0.9007033,0.09280326,0.45979702,1.0620517,0.96199,0.1334126,0.41848785,0.6707001,0.8128262,0.11379126,-0.16463774,0.659461,0.32423326,-0.41838935,-0.59538,0.0020752505,819.5604,799.81683,874.35895,628.5714,837.28937,0.04290771484375,-0.01300048828125,0.99102783203125,2.250518798828125,-2.295379638671875,0.82244873046875,1.0,2.0,1.0,4.0,2.0,95.0,event
11:26:17.140,1.043139,0.2551292,0.93043804,1.0186048,0.9007033,0.09280326,0.45979702,1.0620517,0.96199,0.1334126,0.41848785,0.6707001,0.8128262,0.11379126,-0.16463774,0.659461,0.32423326,-0.41838935,-0.59538,0.0020752505,645.89746,798.60803,710.3663,628.5714,844.94507,0.05804443359375,-0.01025390625,0.98614501953125,1.973876953125,-4.463653564453125,1.18133544921875,1.0,2.0,1.0,4.0,2.0,95.0,event
11:26:17.141,1.043139,0.2551292,0.93043804,1.0186048,0.9007033,0.09280326,0.45979702,1.0620517,0.96199,0.1334126,0.41848785,0.6707001,0.8128262,0.11379126,-0.16463774,0.659461,0.32423326,-0.41838935,-0.59538,0.0020752505,687.8022,799.41394,1045.2014,645.09155,682.5641,0.05804443359375,-0.01025390625,0.98614501953125,1.973876953125,-4.463653564453125,1.18133544921875,1.0,2.0,1.0,4.0,2.0,95.0,event
11:26:17.142,1.043139,0.2551292,0.93043804,1.0186048,0.9007033,0.09280326,0.45979702,1.0620517,0.96199,0.1334126,0.41848785,0.6707001,0.8128262,0.11379126,-0.16463774,0.659461,0.32423326,-0.41838935,-0.59538,0.0020752505,877.5824,800.2198,1189.8535,682.96704,678.93774,0.05804443359375,-0.01025390625,0.98614501953125,1.973876953125,-4.463653564453125,1.18133544921875,1.0,2.0,1.0,4.0,2.0,95.0,event
11:26:17.142,1.043139,0.2551292,0.93043804,1.0186048,0.9007033,0.09280326,0.45979702,1.0620517,0.96199,0.1334126,0.41848785,0.6707001,0.8128262,0.11379126,-0.16463774,0.659461,0.32423326,-0.41838935,-0.59538,0.0020752505,974.2857,798.20514,996.04395,695.05493,828.4249,0.05804443359375,-0.01025390625,0.98614501953125,1.973876953125,-4.463653564453125,1.18133544921875,1.0,2.0,1.0,4.0,2.0,95.0,event
11:26:17.143,1.043139,0.2551292,0.93043804,1.0186048,0.9007033,0.09280326,0.45979702,1.0620517,0.96199,0.1334126,0.41848785,0.6707001,0.8128262,0.11379126,-0.16463774,0.659461,0.32423326,-0.41838935,-0.59538,0.0020752505,826.0073,796.99634,842.9304,689.41394,870.7326,0.05804443359375,-0.01025390625,0.98614501953125,1.973876953125,-4.463653564453125,1.18133544921875,1.0,2.0,1.0,4.0,2.0,95.0,event
11:26:17.144,1.043139,0.2551292,0.93043804,1.0186048,0.9007033,0.09280326,0.45979702,1.0620517,0.96199,0.1334126,0.41848785,0.6707001,0.8128262,0.11379126,-0.16463774,0.659461,0.32423326,-0.41838935,-0.59538,0.0020752505,638.6447,796.1905,808.68134,686.1905,815.5311,0.05804443359375,-0.01025390625,0.98614501953125,1.973876953125,-4.463653564453125,1.18133544921875,1.0,2.0,1.0,4.0,2.0,95.0,event
11:26:17.144,1.043139,0.2551292,0.93043804,1.0186048,0.9007033,0.09280326,0.45979702,1.0620517,0.96199,0.1334126,0.41848785,0.6707001,0.8128262,0.11379126,-0.16463774,0.659461,0.32423326,-0.41838935,-0.59538,0.0020752505,659.59705,794.57874,885.64105,647.50916,844.94507,0.05804443359375,-0.01025390625,0.98614501953125,1.973876953125,-4.463653564453125,1.18133544921875,1.0,2.0,1.0,4.0,2.0,95.0,event
11:26:17.145,1.043139,0.2551292,0.93043804,1.0186048,0.9007033,0.09280326,0.45979702,1.0620517,0.96199,0.1334126,0.41848785,0.6707001,0.8128262,0.11379126,-0.16463774,0.659461,0.32423326,-0.41838935,-0.59538,0.0020752505,845.7509,796.99634,733.3333,622.9304,992.8205,0.05804443359375,-0.01025390625,0.98614501953125,1.973876953125,-4.463653564453125,1.18133544921875,1.0,2.0,1.0,4.0,2.0,95.0,event
11:26:17.146,1.043139,0.2551292,0.93043804,1.0186048,0.9007033,0.09280326,0.45979702,1.0620517,0.96199,0.1334126,0.41848785,0.6707001,0.8128262,0.11379126,-0.16463774,0.659461,0.32423326,-0.41838935,-0.59538,0.0020752505,964.21246,798.60803,565.31134,645.09155,1070.989,0.05804443359375,-0.01025390625,0.98614501953125,1.973876953125,-4.463653564453125,1.18133544921875,1.0,2.0,1.0,4.0,2.0,95.0,event
11:26:17.147,1.043139,0.2551292,0.93043804,1.0186048,0.9007033,0.09280326,0.45979702,1.0620517,0.96199,0.1334126,0.41848785,0.6707001,0.8128262,0.11379126,-0.16463774,0.659461,0.32423326,-0.41838935,-0.59538,0.0020752505,859.85345,797.3993,958.5714,660.0,809.4872,0.05804443359375,-0.01025390625,0.98614501953125,1.973876953125,-4.463653564453125,1.18133544921875,1.0,2.0,1.0,4.0,2.0,95.0,event
11:26:17.148,1.043139,0.2551292,0.93043804,1.0186048,0.9007033,0.09280326,0.45979702,1.0620517,0.96199,0.1334126,0.41848785,0.6707001,0.8128262,0.11379126,-0.16463774,0.659461,0.32423326,-0.41838935,-0.59538,0.0020752505,670.87915,796.1905,1005.7143,655.9707,678.1319,0.05804443359375,-0.01025390625,0.98614501953125,1.973876953125,-4.463653564453125,1.18133544921875,1.0,2.0,1.0,4.0,2.0,95.0,event
11:26:17.148,1.043139,0.2551292,0.93043804,1.0186048,0.9007033,0.09280326,0.45979702,1.0620517,0.96199,0.1334126,0.41848785,0.6707001,0.8128262,0.11379126,-0.16463774,0.659461,0.32423326,-0.41838935,-0.59538,0.0020752505,651.9414,796.5934,903.36993,655.56775,722.4542,0.05804443359375,-0.01025390625,0.98614501953125,1.973876953125,-4.463653564453125,1.18133544921875,1.0,2.0,1.0,4.0,2.0,95.0,event
11:26:17.170,1.043139,0.2551292,0.93043804,1.0186048,0.9007033,0.09280326,0.45979702,1.0620517,0.96199,0.1334126,0.41848785,0.6707001,0.8128262,0.11379126,-0.16463774,0.659461,0.32423326,-0.41838935,-0.59538,0.0020752505,830.0366,798.20514,1071.392,647.50916,753.47986,0.05804443359375,-0.01025390625,0.98614501953125,1.973876953125,-4.463653564453125,1.18133544921875,1.0,2.0,1.0,4.0,2.0,95.0,event
11:26:17.172,1.043139,0.2551292,0.93043804,1.0186048,0.9007033,0.09280326,0.45979702,1.0620517,0.96199,0.1334126,0.41848785,0.6707001,0.8128262,0.11379126,-0.16463774,0.659461,0.32423326,-0.41838935,-0.59538,0.0020752505,982.3443,797.3993,1211.2087,622.1245,746.2271,0.05804443359375,-0.01025390625,0.98614501953125,1.973876953125,-4.463653564453125,1.18133544921875,1.0,2.0,1.0,4.0,2.0,95.0,event
11:26:17.172,1.043139,0.2551292,0.93043804,1.0186048,0.9007033,0.09280326,0.45979702,1.0620517,0.96199,0.1334126,0.41848785,0.6707001,0.8128262,0.11379126,-0.16463774,0.659461,0.32423326,-0.41838935,-0.59538,0.0020752505,899.7436,795.78754,992.01465,587.47253,787.72894,0.05804443359375,-0.01025390625,0.98614501953125,1.973876953125,-4.463653564453125,1.18133544921875,1.0,2.0,1.0,4.0,2.0,95.0,event
11:26:17.173,1.043139,0.2551292,0.93043804,1.0186048,0.9007033,0.09280326,0.45979702,1.0620517,0.96199,0.1334126,0.41848785,0.6707001,0.8128262,0.11379126,-0.16463774,0.659461,0.32423326,-0.41838935,-0.59538,0.0020752505,695.4579,799.011,758.315,543.1502,822.7839,0.05804443359375,-0.01025390625,0.98614501953125,1.973876953125,-4.463653564453125,1.18133544921875,1.0,2.0,1.0,4.0,2.0,95.0,event
11:26:17.174,1.043139,0.2551292,0.93043804,1.0186048,0.9007033,0.09280326,0.45979702,1.0620517,0.96199,0.1334126,0.41848785,0.6707001,0.8128262,0.11379126,-0.16463774,0.659461,0.32423326,-0.41838935,-0.59538,0.0020752505,651.53845,801.4286,917.47253,523.8095,725.2747,0.05804443359375,-0.01025390625,0.98614501953125,1.973876953125,-4.463653564453125,1.18133544921875,1.0,2.0,1.0,4.0,2.0,95.0,event
11:26:17.175,1.043139,0.2551292,0.93043804,1.0186048,0.9007033,0.09280326,0.45979702,1.0620517,0.96199,0.1334126,0.41848785,0.6707001,0.8128262,0.11379126,-0.16463774,0.659461,0.32423326,-0.41838935,-0.59538,0.0020752505,811.0989,798.60803,972.27106,514.1392,741.39197,0.05804443359375,-0.01025390625,0.98614501953125,1.973876953125,-4.463653564453125,1.18133544921875,1.0,2.0,1.0,4.0,2.0,95.0,event
11:26:17.175,1.043139,0.2551292,0.93043804,1.0186048,0.9007033,0.09280326,0.45979702,1.0620517,0.96199,0.1334126,0.41848785,0.6707001,0.8128262,0.11379126,-0.16463774,0.659461,0.32423326,-0.41838935,-0.59538,0.0020752505,960.58606,798.60803,896.9231,491.17215,889.67035,0.05804443359375,-0.01025390625,0.98614501953125,1.973876953125,-4.463653564453125,1.18133544921875,1.0,2.0,1.0,4.0,2.0,95.0,event
11:26:17.176,1.043139,0.2551292,0.93043804,1.0186048,0.9007033,0.09280326,0.45979702,1.0620517,0.96199,0.1334126,0.41848785,0.6707001,0.8128262,0.11379126,-0.16463774,0.659461,0.32423326,-0.41838935,-0.59538,0.0020752505,895.31134,794.9817,378.35165,446.84982,1070.989,0.05804443359375,-0.01025390625,0.98614501953125,1.973876953125,-4.463653564453125,1.18133544921875,1.0,2.0,1.0,4.0,2.0,95.0,event
11:26:17.180,1.043139,0.2551292,0.93043804,1.0186048,0.9007033,0.09280326,0.45979702,1.0620517,0.96199,0.1334126,0.41848785,0.6707001,0.8128262,0.11379126,-0.16463774,0.659461,0.32423326,-0.41838935,-0.59538,0.0020752505,711.5751,796.1905,404.94507,412.60074,913.0403,0.05804443359375,-0.01025390625,0.98614501953125,1.973876953125,-4.463653564453125,1.18133544921875,1.0,2.0,1.0,4.0,2.0,95.0,event
11:26:17.180,1.043139,0.2551292,0.93043804,1.0186048,0.9007033,0.09280326,0.45979702,1.0620517,0.96199,0.1334126,0.41848785,0.6707001,0.8128262,0.11379126,-0.16463774,0.659461,0.32423326,-0.41838935,-0.59538,0.0020752505,648.315,799.81683,1065.348,437.17947,661.6117,0.05804443359375,-0.01025390625,0.98614501953125,1.973876953125,-4.463653564453125,1.18133544921875,1.0,2.0,1.0,4.0,2.0,95.0,event
11:26:17.181,1.043139,0.2551292,0.93043804,1.0186048,0.9007033,0.09280326,0.45979702,1.0620517,0.96199,0.1334126,0.41848785,0.6707001,0.8128262,0.11379126,-0.16463774,0.659461,0.32423326,-0.41838935,-0.59538,0.0020752505,771.2088,796.1905,1004.10254,510.91574,750.2564,0.05804443359375,-0.01025390625,0.98614501953125,1.973876953125,-4.463653564453125,1.18133544921875,1.0,2.0,1.0,4.0,2.0,95.0,event
11:26:17.182,1.043139,0.2551292,0.93043804,1.0186048,0.9007033,0.09280326,0.45979702,1.0620517,0.96199,0.1334126,0.41848785,0.6707001,0.8128262,0.11379126,-0.16463774,0.659461,0.32423326,-0.41838935,-0.59538,0.0020752505,951.31866,792.1612,947.28937,589.0842,868.315,0.05804443359375,-0.01025390625,0.98614501953125,1.973876953125,-4.463653564453125,1.18133544921875,1.0,2.0,1.0,4.0,2.0,95.0,event
11:26:17.205,1.043139,0.2551292,0.93043804,1.0186048,0.9007033,0.09280326,0.45979702,1.0620517,0.96199,0.1334126,0.41848785,0.6707001,0.8128262,0.11379126,-0.16463774,0.659461,0.32423326,-0.41838935,-0.59538,0.0020752505,925.5311,794.17584,1087.5092,624.5421,807.47253,0.04827880859375,-0.01373291015625,0.9908447265625,1.009368896484375,-2.22808837890625,-0.157012939453125,1.0,2.0,1.0,4.0,2.0,95.0,event
11:26:17.207,1.043139,0.2551292,0.93043804,1.0186048,0.9007033,0.09280326,0.45979702,1.0620517,0.96199,0.1334126,0.41848785,0.6707001,0.8128262,0.11379126,-0.16463774,0.659461,0.32423326,-0.41838935,-0.59538,0.0020752505,719.6337,796.99634,1083.0769,640.2564,737.76556,0.04827880859375,-0.01373291015625,0.9908447265625,1.009368896484375,-2.22808837890625,-0.157012939453125,1.0,2.0,1.0,4.0,2.0,95.0,event
11:26:17.209,1.043139,0.2551292,0.93043804,1.0186048,0.9007033,0.09280326,0.45979702,1.0620517,0.96199,0.1334126,0.41848785,0.6707001,0.8128262,0.11379126,-0.16463774,0.659461,0.32423326,-0.41838935,-0.59538,0.0020752505,629.3773,789.34064,839.707,672.8938,753.47986,0.04827880859375,-0.01373291015625,0.9908447265625,1.009368896484375,-2.22808837890625,-0.157012939453125,1.0,2.0,1.0,4.0,2.0,95.0,event
11:26:17.210,1.043139,0.2551292,0.93043804,1.0186048,0.9007033,0.09280326,0.45979702,1.0620517,0.96199,0.1334126,0.41848785,0.6707001,0.8128262,0.11379126,-0.16463774,0.659461,0.32423326,-0.41838935,-0.59538,0.0020752505,730.5128,789.34064,883.22345,708.3516,807.0696,0.04827880859375,-0.01373291015625,0.9908447265625,1.009368896484375,-2.22808837890625,-0.157012939453125,1.0,2.0,1.0,4.0,2.0,95.0,event
11:26:17.211,1.043139,0.2551292,0.93043804,1.0186048,0.9007033,0.09280326,0.45979702,1.0620517,0.96199,0.1334126,0.41848785,0.6707001,0.8128262,0.11379126,-0.16463774,0.659461,0.32423326,-0.41838935,-0.59538,0.0020752505,929.5604,800.6227,1172.1245,748.24176,846.1539,0.04827880859375,-0.01373291015625,0.9908447265625,1.009368896484375,-2.22808837890625,-0.157012939453125,1.0,2.0,1.0,4.0,2.0,95.0,event
11:26:17.212,1.043139,0.2551292,0.93043804,1.0186048,0.9007033,0.09280326,0.45979702,1.0620517,0.96199,0.1334126,0.41848785,0.6707001,0.8128262,0.11379126,-0.16463774,0.659461,0.32423326,-0.41838935,-0.59538,0.0020752505,942.4542,798.60803,1000.87915,759.5238,860.65936,0.04827880859375,-0.01373291015625,0.9908447265625,1.009368896484375,-2.22808837890625,-0.157012939453125,1.0,2.0,1.0,4.0,2.0,95.0,event
11:26:17.213,1.043139,0.2551292,0.93043804,1.0186048,0.9007033,0.09280326,0.45979702,1.0620517,0.96199,0.1334126,0.41848785,0.6707001,0.8128262,0.11379126,-0.16463774,0.659461,0.32423326,-0.41838935,-0.59538,0.0020752505,716.8132,786.52014,484.32236,746.2271,1002.8938,0.04827880859375,-0.01373291015625,0.9908447265625,1.009368896484375,-2.22808837890625,-0.157012939453125,1.0,2.0,1.0,4.0,2.0,95.0,event
11:26:17.214,1.043139,0.2551292,0.93043804,1.0186048,0.9007033,0.09280326,0.45979702,1.0620517,0.96199,0.1334126,0.41848785,0.6707001,0.8128262,0.11379126,-0.16463774,0.659461,0.32423326,-0.41838935,-0.59538,0.0020752505,608.022,790.9524,223.22345,766.77655,1074.2124,0.04827880859375,-0.01373291015625,0.9908447265625,1.009368896484375,-2.22808837890625,-0.157012939453125,1.0,2.0,1.0,4.0,2.0,95.0,event
11:26:17.215,1.043139,0.2551292,0.93043804,1.0186048,0.9007033,0.09280326,0.45979702,1.0620517,0.96199,0.1334126,0.41848785,0.6707001,0.8128262,0.11379126,-0.16463774,0.659461,0.32423326,-0.41838935,-0.59538,0.0020752505,731.7216,800.2198,858.24176,795.78754,809.89014,0.04827880859375,-0.01373291015625,0.9908447265625,1.009368896484375,-2.22808837890625,-0.157012939453125,1.0,2.0,1.0,4.0,2.0,95.0,event
11:26:17.216,1.043139,0.2551292,0.93043804,1.0186048,0.9007033,0.09280326,0.45979702,1.0620517,0.96199,0.1334126,0.41848785,0.6707001,0.8128262,0.11379126,-0.16463774,0.659461,0.32423326,-0.41838935,-0.59538,0.0020752505,923.5165,796.1905,1214.0293,798.60803,755.89746,0.04827880859375,-0.01373291015625,0.9908447265625,1.009368896484375,-2.22808837890625,-0.157012939453125,1.0,2.0,1.0,4.0,2.0,95.0,event
11:26:17.217,1.043139,0.2551292,0.93043804,1.0186048,0.9007033,0.09280326,0.45979702,1.0620517,0.96199,0.1334126,0.41848785,0.6707001,0.8128262,0.11379126,-0.16463774,0.659461,0.32423326,-0.41838935,-0.59538,0.0020752505,953.73627,792.1612,823.1868,775.2381,830.0366,0.04827880859375,-0.01373291015625,0.9908447265625,1.009368896484375,-2.22808837890625,-0.157012939453125,1.0,2.0,1.0,4.0,2.0,95.0,event
11:26:17.217,1.043139,0.2551292,0.93043804,1.0186048,0.9007033,0.09280326,0.45979702,1.0620517,0.96199,0.1334126,0.41848785,0.6707001,0.8128262,0.11379126,-0.16463774,0.659461,0.32423326,-0.41838935,-0.59538,0.0020752505,769.19415,796.99634,731.7216,751.4652,761.53845,0.04827880859375,-0.01373291015625,0.9908447265625,1.009368896484375,-2.22808837890625,-0.157012939453125,1.0,2.0,1.0,4.0,2.0,95.0,event
11:26:17.272,1.043139,0.2551292,0.93043804,1.0186048,0.9007033,0.09280326,0.45979702,1.0620517,0.96199,0.1334126,0.41848785,0.6707001,0.8128262,0.11379126,-0.16463774,0.659461,0.32423326,-0.41838935,-0.59538,0.0020752505,635.82416,796.1905,998.86444,745.82416,651.9414,0.06036376953125,-0.01922607421875,0.9796142578125,0.994415283203125,-3.5888671875,0.411224365234375,1.0,2.0,1.0,4.0,2.0,95.0,event
11:26:17.273,1.043139,0.2551292,0.93043804,1.0186048,0.9007033,0.09280326,0.45979702,1.0620517,0.96199,0.1334126,0.41848785,0.6707001,0.8128262,0.11379126,-0.16463774,0.659461,0.32423326,-0.41838935,-0.59538,0.0020752505,712.7839,797.8022,1039.5604,741.79486,698.2784,0.06036376953125,-0.01922607421875,0.9796142578125,0.994415283203125,-3.5888671875,0.411224365234375,1.0,2.0,1.0,4.0,2.0,95.0,event
11:26:17.274,1.043139,0.2551292,0.93043804,1.0186048,0.9007033,0.09280326,0.45979702,1.0620517,0.96199,0.1334126,0.41848785,0.6707001,0.8128262,0.11379126,-0.16463774,0.659461,0.32423326,-0.41838935,-0.59538,0.0020752505,900.9524,805.05493,979.12085,739.3773,806.26373,0.06036376953125,-0.01922607421875,0.9796142578125,0.994415283203125,-3.5888671875,0.411224365234375,1.0,2.0,1.0,4.0,2.0,95.0,event
11:26:17.275,1.043139,0.2551292,0.93043804,1.0186048,0.9007033,0.09280326,0.45979702,1.0620517,0.96199,0.1334126,0.41848785,0.6707001,0.8128262,0.11379126,-0.16463774,0.659461,0.32423326,-0.41838935,-0.59538,0.0020752505,967.8388,805.4579,994.0293,739.7802,786.9231,0.06036376953125,-0.01922607421875,0.9796142578125,0.994415283203125,-3.5888671875,0.411224365234375,1.0,2.0,1.0,4.0,2.0,95.0,event
11:26:17.276,1.043139,0.2551292,0.93043804,1.0186048,0.9007033,0.09280326,0.45979702,1.0620517,0.96199,0.1334126,0.41848785,0.6707001,0.8128262,0.11379126,-0.16463774,0.659461,0.32423326,-0.41838935,-0.59538,0.0020752505,807.0696,803.0403,964.61536,726.08057,710.7692,0.06036376953125,-0.01922607421875,0.9796142578125,0.994415283203125,-3.5888671875,0.411224365234375,1.0,2.0,1.0,4.0,2.0,95.0,event
11:26:17.276,1.043139,0.2551292,0.93043804,1.0186048,0.9007033,0.09280326,0.45979702,1.0620517,0.96199,0.1334126,0.41848785,0.6707001,0.8128262,0.11379126,-0.16463774,0.659461,0.32423326,-0.41838935,-0.59538,0.0020752505,651.9414,796.99634,728.0952,717.619,786.9231,0.06036376953125,-0.01922607421875,0.9796142578125,0.994415283203125,-3.5888671875,0.411224365234375,1.0,2.0,1.0,4.0,2.0,95.0,event
11:26:17.277,1.043139,0.2551292,0.93043804,1.0186048,0.9007033,0.09280326,0.45979702,1.0620517,0.96199,0.1334126,0.41848785,0.6707001,0.8128262,0.11379126,-0.16463774,0.659461,0.32423326,-0.41838935,-0.59538,0.0020752505,691.8315,792.1612,422.67398,726.4835,947.6923,0.06036376953125,-0.01922607421875,0.9796142578125,0.994415283203125,-3.5888671875,0.411224365234375,1.0,2.0,1.0,4.0,2.0,95.0,event
11:26:17.278,1.043139,0.2551292,0.93043804,1.0186048,0.9007033,0.09280326,0.45979702,1.0620517,0.96199,0.1334126,0.41848785,0.6707001,0.8128262,0.11379126,-0.16463774,0.659461,0.32423326,-0.41838935,-0.59538,0.0020752505,885.2381,796.1905,719.6337,750.2564,811.50183,0.06036376953125,-0.01922607421875,0.9796142578125,0.994415283203125,-3.5888671875,0.411224365234375,1.0,2.0,1.0,4.0,2.0,95.0,event
11:26:17.278,1.043139,0.2551292,0.93043804,1.0186048,0.9007033,0.09280326,0.45979702,1.0620517,0.96199,0.1334126,0.41848785,0.6707001,0.8128262,0.11379126,-0.16463774,0.659461,0.32423326,-0.41838935,-0.59538,0.0020752505,984.7619,794.57874,1087.1062,760.32965,694.65204,0.06036376953125,-0.01922607421875,0.9796142578125,0.994415283203125,-3.5888671875,0.411224365234375,1.0,2.0,1.0,4.0,2.0,95.0,event
11:26:17.279,1.043139,0.2551292,0.93043804,1.0186048,0.9007033,0.09280326,0.45979702,1.0620517,0.96199,0.1334126,0.41848785,0.6707001,0.8128262,0.11379126,-0.16463774,0.659461,0.32423326,-0.41838935,-0.59538,0.0020752505,833.663,793.7729,737.3626,745.82416,846.9597,0.06036376953125,-0.01922607421875,0.9796142578125,0.994415283203125,-3.5888671875,0.411224365234375,1.0,2.0,1.0,4.0,2.0,95.0,event
11:26:17.283,1.043139,0.2551292,0.93043804,1.0186048,0.9007033,0.09280326,0.45979702,1.0620517,0.96199,0.1334126,0.41848785,0.6707001,0.8128262,0.11379126,-0.16463774,0.659461,0.32423326,-0.41838935,-0.59538,0.0020752505,659.19415,799.81683,649.12085,728.0952,896.1172,0.06036376953125,-0.01922607421875,0.9796142578125,0.994415283203125,-3.5888671875,0.411224365234375,1.0,2.0,1.0,4.0,2.0,95.0,event
11:26:17.283,1.043139,0.2551292,0.93043804,1.0186048,0.9007033,0.09280326,0.45979702,1.0620517,0.96199,0.1334126,0.41848785,0.6707001,0.8128262,0.11379126,-0.16463774,0.659461,0.32423326,-0.41838935,-0.59538,0.0020752505,684.57874,800.6227,993.22345,728.49817,759.92676,0.06036376953125,-0.01922607421875,0.9796142578125,0.994415283203125,-3.5888671875,0.411224365234375,1.0,2.0,1.0,4.0,2.0,95.0,event
11:26:17.322,1.043139,0.2551292,0.93043804,1.0186048,0.9007033,0.09280326,0.45979702,1.0620517,0.96199,0.1334126,0.41848785,0.6707001,0.8128262,0.11379126,-0.16463774,0.659461,0.32423326,-0.41838935,-0.59538,0.0020752505,872.74725,793.36993,1150.3663,751.06226,674.90845,0.04248046875,-0.02679443359375,0.98876953125,0.560760498046875,-2.953338623046875,1.308441162109375,1.0,2.0,1.0,4.0,2.0,95.0,event
11:26:17.323,1.043139,0.2551292,0.93043804,1.0186048,0.9007033,0.09280326,0.45979702,1.0620517,0.96199,0.1334126,0.41848785,0.6707001,0.8128262,0.11379126,-0.16463774,0.659461,0.32423326,-0.41838935,-0.59538,0.0020752505,979.92676,792.96704,884.43225,760.32965,843.3333,0.04248046875,-0.02679443359375,0.98876953125,0.560760498046875,-2.953338623046875,1.308441162109375,1.0,2.0,1.0,4.0,2.0,95.0,event
11:26:17.324,1.043139,0.2551292,0.93043804,1.0186048,0.9007033,0.09280326,0.45979702,1.0620517,0.96199,0.1334126,0.41848785,0.6707001,0.8128262,0.11379126,-0.16463774,0.659461,0.32423326,-0.41838935,-0.59538,0.0020752505,847.3626,795.38464,626.55676,734.94507,874.7619,0.04248046875,-0.02679443359375,0.98876953125,0.560760498046875,-2.953338623046875,1.308441162109375,1.0,2.0,1.0,4.0,2.0,95.0,event
11:26:17.325,1.043139,0.2551292,0.93043804,1.0186048,0.9007033,0.09280326,0.45979702,1.0620517,0.96199,0.1334126,0.41848785,0.6707001,0.8128262,0.11379126,-0.16463774,0.659461,0.32423326,-0.41838935,-0.59538,0.0020752505,673.69965,793.7729,891.685,713.1868,668.0586,0.04248046875,-0.02679443359375,0.98876953125,0.560760498046875,-2.953338623046875,1.308441162109375,1.0,2.0,1.0,4.0,2.0,95.0,event
11:26:17.326,1.043139,0.2551292,0.93043804,1.0186048,0.9007033,0.09280326,0.45979702,1.0620517,0.96199,0.1334126,0.41848785,0.6707001,0.8128262,0.11379126,-0.16463774,0.659461,0.32423326,-0.41838935,-0.59538,0.0020752505,670.87915,795.38464,1009.7436,707.5458,627.3626,0.04248046875,-0.02679443359375,0.98876953125,0.560760498046875,-2.953338623046875,1.308441162109375,1.0,2.0,1.0,4.0,2.0,95.0,event
11:26:17.327,1.043139,0.2551292,0.93043804,1.0186048,0.9007033,0.09280326,0.45979702,1.0620517,0.96199,0.1334126,0.41848785,0.6707001,0.8128262,0.11379126,-0.16463774,0.659461,0.32423326,-0.41838935,-0.59538,0.0020752505,827.2161,796.1905,734.5421,711.5751,875.56775,0.04248046875,-0.02679443359375,0.98876953125,0.560760498046875,-2.953338623046875,1.308441162109375,1.0,2.0,1.0,4.0,2.0,95.0,event
11:26:17.327,1.043139,0.2551292,0.93043804,1.0186048,0.9007033,0.09280326,0.45979702,1.0620517,0.96199,0.1334126,0.41848785,0.6707001,0.8128262,0.11379126,-0.16463774,0.659461,0.32423326,-0.41838935,-0.59538,0.0020752505,963.8095,798.60803,587.47253,724.87177,996.8498,0.04248046875,-0.02679443359375,0.98876953125,0.560760498046875,-2.953338623046875,1.308441162109375,1.0,2.0,1.0,4.0,2.0,95.0,event
11:26:17.328,1.043139,0.2551292,0.93043804,1.0186048,0.9007033,0.09280326,0.45979702,1.0620517,0.96199,0.1334126,0.41848785,0.6707001,0.8128262,0.11379126,-0.16463774,0.659461,0.32423326,-0.41838935,-0.59538,0.0020752505,883.6264,799.011,882.8205,700.696,795.78754,0.04248046875,-0.02679443359375,0.98876953125,0.560760498046875,-2.953338623046875,1.308441162109375,1.0,2.0,1.0,4.0,2.0,95.0,event
11:26:17.329,1.043139,0.2551292,0.93043804,1.0186048,0.9007033,0.09280326,0.45979702,1.0620517,0.96199,0.1334126,0.41848785,0.6707001,0.8128262,0.11379126,-0.16463774,0.659461,0.32423326,-0.41838935,-0.59538,0.0020752505,691.02563,791.3553,1031.0989,666.4469,725.2747,0.04248046875,-0.02679443359375,0.98876953125,0.560760498046875,-2.953338623046875,1.308441162109375,1.0,2.0,1.0,4.0,2.0,95.0,event
11:26:17.329,1.043139,0.2551292,0.93043804,1.0186048,0.9007033,0.09280326,0.45979702,1.0620517,0.96199,0.1334126,0.41848785,0.6707001,0.8128262,0.11379126,-0.16463774,0.659461,0.32423326,-0.41838935,-0.59538,0.0020752505,646.7033,791.3553,654.35895,676.1172,849.7802,0.04248046875,-0.02679443359375,0.98876953125,0.560760498046875,-2.953338623046875,1.308441162109375,1.0,2.0,1.0,4.0,2.0,95.0,event
11:26:17.330,1.043139,0.2551292,0.93043804,1.0186048,0.9007033,0.09280326,0.45979702,1.0620517,0.96199,0.1334126,0.41848785,0.6707001,0.8128262,0.11379126,-0.16463774,0.659461,0.32423326,-0.41838935,-0.59538,0.0020752505,802.6374,798.20514,697.0696,706.7399,880.0,0.04248046875,-0.02679443359375,0.98876953125,0.560760498046875,-2.953338623046875,1.308441162109375,1.0,2.0,1.0,4.0,2.0,95.0,event
11:26:17.331,1.043139,0.2551292,0.93043804,1.0186048,0.9007033,0.09280326,0.45979702,1.0620517,0.96199,0.1334126,0.41848785,0.6707001,0.8128262,0.11379126,-0.16463774,0.659461,0.32423326,-0.41838935,-0.59538,0.0020752505,974.68866,797.3993,1086.3004,726.08057,734.1392,0.04248046875,-0.02679443359375,0.98876953125,0.560760498046875,-2.953338623046875,1.308441162109375,1.0,2.0,1.0,4.0,2.0,95.0,event
11:26:17.358,1.043139,0.2551292,0.93043804,1.0186048,0.9007033,0.09280326,0.45979702,1.0620517,0.96199,0.1334126,0.41848785,0.6707001,0.8128262,0.11379126,-0.16463774,0.659461,0.32423326,-0.41838935,-0.59538,0.0020752505,905.78754,794.57874,840.9158,707.5458,770.0,0.06396484375,-0.02813720703125,0.98101806640625,1.62994384765625,-4.388885498046875,-1.443023681640625,1.0,2.0,1.0,4.0,2.0,95.0,event
11:26:17.359,1.043139,0.2551292,0.93043804,1.0186048,0.9007033,0.09280326,0.45979702,1.0620517,0.96199,0.1334126,0.41848785,0.6707001,0.8128262,0.11379126,-0.16463774,0.659461,0.32423326,-0.41838935,-0.59538,0.0020752505,701.0989,795.38464,648.71796,687.8022,896.1172,0.06396484375,-0.02813720703125,0.98101806640625,1.62994384765625,-4.388885498046875,-1.443023681640625,1.0,2.0,1.0,4.0,2.0,95.0,event
11:26:17.360,1.043139,0.2551292,0.93043804,1.0186048,0.9007033,0.09280326,0.45979702,1.0620517,0.96199,0.1334126,0.41848785,0.6707001,0.8128262,0.11379126,-0.16463774,0.659461,0.32423326,-0.41838935,-0.59538,0.0020752505,643.47986,794.17584,829.6337,701.50183,796.1905,0.06396484375,-0.02813720703125,0.98101806640625,1.62994384765625,-4.388885498046875,-1.443023681640625,1.0,2.0,1.0,4.0,2.0,95.0,event
11:26:17.360,1.043139,0.2551292,0.93043804,1.0186048,0.9007033,0.09280326,0.45979702,1.0620517,0.96199,0.1334126,0.41848785,0.6707001,0.8128262,0.11379126,-0.16463774,0.659461,0.32423326,-0.41838935,-0.59538,0.0020752505,794.17584,794.17584,1102.8206,713.9927,704.7253,0.06396484375,-0.02813720703125,0.98101806640625,1.62994384765625,-4.388885498046875,-1.443023681640625,1.0,2.0,1.0,4.0,2.0,95.0,event
11:26:17.361,1.043139,0.2551292,0.93043804,1.0186048,0.9007033,0.09280326,0.45979702,1.0620517,0.96199,0.1334126,0.41848785,0.6707001,0.8128262,0.11379126,-0.16463774,0.659461,0.32423326,-0.41838935,-0.59538,0.0020752505,977.1062,790.9524,1069.7803,720.0366,818.7546,0.06396484375,-0.02813720703125,0.98101806640625,1.62994384765625,-4.388885498046875,-1.443023681640625,1.0,2.0,1.0,4.0,2.0,95.0,event
11:26:17.362,1.043139,0.2551292,0.93043804,1.0186048,0.9007033,0.09280326,0.45979702,1.0620517,0.96199,0.1334126,0.41848785,0.6707001,0.8128262,0.11379126,-0.16463774,0.659461,0.32423326,-0.41838935,-0.59538,0.0020752505,924.3223,790.9524,756.30035,704.7253,837.6923,0.06396484375,-0.02813720703125,0.98101806640625,1.62994384765625,-4.388885498046875,-1.443023681640625,1.0,2.0,1.0,4.0,2.0,95.0,event
11:26:17.362,1.043139,0.2551292,0.93043804,1.0186048,0.9007033,0.09280326,0.45979702,1.0620517,0.96199,0.1334126,0.41848785,0.6707001,0.8128262,0.11379126,-0.16463774,0.659461,0.32423326,-0.41838935,-0.59538,0.0020752505,711.978,792.96704,588.68134,672.49084,848.1685,0.06396484375,-0.02813720703125,0.98101806640625,1.62994384765625,-4.388885498046875,-1.443023681640625,1.0,2.0,1.0,4.0,2.0,95.0,event
11:26:17.363,1.043139,0.2551292,0.93043804,1.0186048,0.9007033,0.09280326,0.45979702,1.0620517,0.96199,0.1334126,0.41848785,0.6707001,0.8128262,0.11379126,-0.16463774,0.659461,0.32423326,-0.41838935,-0.59538,0.0020752505,640.65936,789.34064,844.5421,678.1319,769.19415,0.06396484375,-0.02813720703125,0.98101806640625,1.62994384765625,-4.388885498046875,-1.443023681640625,1.0,2.0,1.0,4.0,2.0,95.0,event
11:26:17.364,1.043139,0.2551292,0.93043804,1.0186048,0.9007033,0.09280326,0.45979702,1.0620517,0.96199,0.1334126,0.41848785,0.6707001,0.8128262,0.11379126,-0.16463774,0.659461,0.32423326,-0.41838935,-0.59538,0.0020752505,758.315,788.93774,949.304,704.7253,715.2015,0.06396484375,-0.02813720703125,0.98101806640625,1.62994384765625,-4.388885498046875,-1.443023681640625,1.0,2.0,1.0,4.0,2.0,95.0,event
11:26:17.365,1.043139,0.2551292,0.93043804,1.0186048,0.9007033,0.09280326,0.45979702,1.0620517,0.96199,0.1334126,0.41848785,0.6707001,0.8128262,0.11379126,-0.16463774,0.659461,0.32423326,-0.41838935,-0.59538,0.0020752505,936.4103,795.78754,502.85715,726.08057,970.65936,0.06396484375,-0.02813720703125,0.98101806640625,1.62994384765625,-4.388885498046875,-1.443023681640625,1.0,2.0,1.0,4.0,2.0,95.0,event
11:26:17.365,1.043139,0.2551292,0.93043804,1.0186048,0.9007033,0.09280326,0.45979702,1.0620517,0.96199,0.1334126,0.41848785,0.6707001,0.8128262,0.11379126,-0.16463774,0.659461,0.32423326,-0.41838935,-0.59538,0.0020752505,944.4689,800.6227,664.43225,728.9011,879.19415,0.06396484375,-0.02813720703125,0.98101806640625,1.62994384765625,-4.388885498046875,-1.443023681640625,1.0,2.0,1.0,4.0,2.0,95.0,event
11:26:17.366,1.043139,0.2551292,0.93043804,1.0186048,0.9007033,0.09280326,0.45979702,1.0620517,0.96199,0.1334126,0.41848785,0.6707001,0.8128262,0.11379126,-0.16463774,0.659461,0.32423326,-0.41838935,-0.59538,0.0020752505,747.03296,794.9817,1034.3224,720.84247,672.8938,0.06396484375,-0.02813720703125,0.98101806640625,1.62994384765625,-4.388885498046875,-1.443023681640625,1.0,2.0,1.0,4.0,2.0,95.0,event
11:26:17.368,,,,,,,,,,,,,,,,,,,,,,,,,,,,,,,,,,,,,,blink
11:26:17.391,1.043139,0.2551292,0.93043804,1.0186048,0.9007033,0.09280326,0.45979702,1.0620517,0.96199,0.1334126,0.41848785,0.6707001,0.8128262,0.11379126,-0.16463774,0.659461,0.32423326,-0.41838935,-0.59538,0.0020752505,627.76556,794.57874,921.9048,720.84247,828.022,0.06396484375,-0.02813720703125,0.98101806640625,1.62994384765625,-4.388885498046875,-1.443023681640625,1.0,2.0,1.0,4.0,2.0,95.0,event
11:26:17.393,1.043139,0.2551292,0.93043804,1.0186048,0.9007033,0.09280326,0.45979702,1.0620517,0.96199,0.1334126,0.41848785,0.6707001,0.8128262,0.11379126,-0.16463774,0.659461,0.32423326,-0.41838935,-0.59538,0.0020752505,722.0513,794.17584,952.1245,730.5128,828.022,0.06396484375,-0.02813720703125,0.98101806640625,1.62994384765625,-4.388885498046875,-1.443023681640625,1.0,2.0,1.0,4.0,2.0,95.0,event
11:26:17.393,1.043139,0.2551292,0.93043804,1.0186048,0.9007033,0.09280326,0.45979702,1.0620517,0.96199,0.1334126,0.41848785,0.6707001,0.8128262,0.11379126,-0.16463774,0.659461,0.32423326,-0.41838935,-0.59538,0.0020752505,926.7399,794.9817,1116.5201,749.45056,750.65936,0.06396484375,-0.02813720703125,0.98101806640625,1.62994384765625,-4.388885498046875,-1.443023681640625,1.0,2.0,1.0,4.0,2.0,95.0,event
11:26:17.394,1.043139,0.2551292,0.93043804,1.0186048,0.9007033,0.09280326,0.45979702,1.0620517,0.96199,0.1334126,0.41848785,0.6707001,0.8128262,0.11379126,-0.16463774,0.659461,0.32423326,-0.41838935,-0.59538,0.0020752505,958.97437,795.78754,946.08057,722.4542,796.99634,0.06396484375,-0.02813720703125,0.98101806640625,1.62994384765625,-4.388885498046875,-1.443023681640625,1.0,2.0,1.0,4.0,2.0,95.0,event
11:26:17.395,1.043139,0.2551292,0.93043804,1.0186048,0.9007033,0.09280326,0.45979702,1.0620517,0.96199,0.1334126,0.41848785,0.6707001,0.8128262,0.11379126,-0.16463774,0.659461,0.32423326,-0.41838935,-0.59538,0.0020752505,755.09155,793.36993,549.19415,678.5348,883.22345,0.06396484375,-0.02813720703125,0.98101806640625,1.62994384765625,-4.388885498046875,-1.443023681640625,1.0,2.0,1.0,4.0,2.0,95.0,event
11:26:17.395,1.043139,0.2551292,0.93043804,1.0186048,0.9007033,0.09280326,0.45979702,1.0620517,0.96199,0.1334126,0.41848785,0.6707001,0.8128262,0.11379126,-0.16463774,0.659461,0.32423326,-0.41838935,-0.59538,0.0020752505,624.1392,796.99634,472.23444,667.6557,914.65204,0.06396484375,-0.02813720703125,0.98101806640625,1.62994384765625,-4.388885498046875,-1.443023681640625,1.0,2.0,1.0,4.0,2.0,95.0,event
11:26:17.396,1.043139,0.2551292,0.93043804,1.0186048,0.9007033,0.09280326,0.45979702,1.0620517,0.96199,0.1334126,0.41848785,0.6707001,0.8128262,0.11379126,-0.16463774,0.659461,0.32423326,-0.41838935,-0.59538,0.0020752505,705.9341,796.5934,726.8865,672.8938,820.7692,0.06396484375,-0.02813720703125,0.98101806640625,1.62994384765625,-4.388885498046875,-1.443023681640625,1.0,2.0,1.0,4.0,2.0,95.0,event
11:26:17.397,1.043139,0.2551292,0.93043804,1.0186048,0.9007033,0.09280326,0.45979702,1.0620517,0.96199,0.1334126,0.41848785,0.6707001,0.8128262,0.11379126,-0.16463774,0.659461,0.32423326,-0.41838935,-0.59538,0.0020752505,898.5348,794.9817,949.304,681.75824,728.49817,0.06396484375,-0.02813720703125,0.98101806640625,1.62994384765625,-4.388885498046875,-1.443023681640625,1.0,2.0,1.0,4.0,2.0,95.0,event
11:26:17.398,1.043139,0.2551292,0.93043804,1.0186048,0.9007033,0.09280326,0.45979702,1.0620517,0.96199,0.1334126,0.41848785,0.6707001,0.8128262,0.11379126,-0.16463774,0.659461,0.32423326,-0.41838935,-0.59538,0.0020752505,948.0952,794.17584,732.1245,701.50183,909.011,0.06396484375,-0.02813720703125,0.98101806640625,1.62994384765625,-4.388885498046875,-1.443023681640625,1.0,2.0,1.0,4.0,2.0,95.0,event
11:26:17.400,1.043139,0.2551292,0.93043804,1.0186048,0.9007033,0.09280326,0.45979702,1.0620517,0.96199,0.1334126,0.41848785,0.6707001,0.8128262,0.11379126,-0.16463774,0.659461,0.32423326,-0.41838935,-0.59538,0.0020752505,769.59705,795.78754,373.51648,728.0952,1033.1135,0.06396484375,-0.02813720703125,0.98101806640625,1.62994384765625,-4.388885498046875,-1.443023681640625,1.0,2.0,1.0,4.0,2.0,95.0,event
11:26:17.400,1.043139,0.2551292,0.93043804,1.0186048,0.9007033,0.09280326,0.45979702,1.0620517,0.96199,0.1334126,0.41848785,0.6707001,0.8128262,0.11379126,-0.16463774,0.659461,0.32423326,-0.41838935,-0.59538,0.0020752505,635.0183,798.20514,857.4359,757.50916,753.47986,0.06396484375,-0.02813720703125,0.98101806640625,1.62994384765625,-4.388885498046875,-1.443023681640625,1.0,2.0,1.0,4.0,2.0,95.0,event
11:26:17.401,1.043139,0.2551292,0.93043804,1.0186048,0.9007033,0.09280326,0.45979702,1.0620517,0.96199,0.1334126,0.41848785,0.6707001,0.8128262,0.11379126,-0.16463774,0.659461,0.32423326,-0.41838935,-0.59538,0.0020752505,693.0403,800.6227,1077.4359,798.20514,643.0769,0.06396484375,-0.02813720703125,0.98101806640625,1.62994384765625,-4.388885498046875,-1.443023681640625,1.0,2.0,1.0,4.0,2.0,95.0,event
11:26:17.463,1.043139,0.2551292,0.93043804,1.0186048,0.9007033,0.09280326,0.45979702,1.0620517,0.96199,0.1334126,0.41848785,0.6707001,0.8128262,0.11379126,-0.16463774,0.659461,0.32423326,-0.41838935,-0.59538,0.0020752505,885.2381,804.2491,923.1135,836.4835,689.41394,0.05987548828125,-0.02984619140625,0.98602294921875,0.657958984375,-4.089813232421875,0.10467529296875,1.0,2.0,1.0,4.0,2.0,95.0,event
11:26:17.464,1.043139,0.2551292,0.93043804,1.0186048,0.9007033,0.09280326,0.45979702,1.0620517,0.96199,0.1334126,0.41848785,0.6707001,0.8128262,0.11379126,-0.16463774,0.659461,0.32423326,-0.41838935,-0.59538,0.0020752505,975.89746,804.65204,1016.1905,856.63007,715.2015,0.05987548828125,-0.02984619140625,0.98602294921875,0.657958984375,-4.089813232421875,0.10467529296875,1.0,2.0,1.0,4.0,2.0,95.0,event
11:26:17.465,1.043139,0.2551292,0.93043804,1.0186048,0.9007033,0.09280326,0.45979702,1.0620517,0.96199,0.1334126,0.41848785,0.6707001,0.8128262,0.11379126,-0.16463774,0.659461,0.32423326,-0.41838935,-0.59538,0.0020752505,823.5897,801.4286,1096.3737,859.45056,727.6923,0.05987548828125,-0.02984619140625,0.98602294921875,0.657958984375,-4.089813232421875,0.10467529296875,1.0,2.0,1.0,4.0,2.0,95.0,event
11:26:17.465,1.043139,0.2551292,0.93043804,1.0186048,0.9007033,0.09280326,0.45979702,1.0620517,0.96199,0.1334126,0.41848785,0.6707001,0.8128262,0.11379126,-0.16463774,0.659461,0.32423326,-0.41838935,-0.59538,0.0020752505,649.92676,795.38464,966.63007,867.9121,739.3773,0.05987548828125,-0.02984619140625,0.98602294921875,0.657958984375,-4.089813232421875,0.10467529296875,1.0,2.0,1.0,4.0,2.0,95.0,event
11:26:17.466,1.043139,0.2551292,0.93043804,1.0186048,0.9007033,0.09280326,0.45979702,1.0620517,0.96199,0.1334126,0.41848785,0.6707001,0.8128262,0.11379126,-0.16463774,0.659461,0.32423326,-0.41838935,-0.59538,0.0020752505,675.31134,796.1905,908.20514,888.0586,808.2784,0.05987548828125,-0.02984619140625,0.98602294921875,0.657958984375,-4.089813232421875,0.10467529296875,1.0,2.0,1.0,4.0,2.0,95.0,event
11:26:17.467,1.043139,0.2551292,0.93043804,1.0186048,0.9007033,0.09280326,0.45979702,1.0620517,0.96199,0.1334126,0.41848785,0.6707001,0.8128262,0.11379126,-0.16463774,0.659461,0.32423326,-0.41838935,-0.59538,0.0020752505,853.8095,794.9817,936.8132,921.9048,909.011,0.05987548828125,-0.02984619140625,0.98602294921875,0.657958984375,-4.089813232421875,0.10467529296875,1.0,2.0,1.0,4.0,2.0,95.0,event
11:26:17.468,1.043139,0.2551292,0.93043804,1.0186048,0.9007033,0.09280326,0.45979702,1.0620517,0.96199,0.1334126,0.41848785,0.6707001,0.8128262,0.11379126,-0.16463774,0.659461,0.32423326,-0.41838935,-0.59538,0.0020752505,970.2564,792.1612,880.0,939.2308,884.43225,0.05987548828125,-0.02984619140625,0.98602294921875,0.657958984375,-4.089813232421875,0.10467529296875,1.0,2.0,1.0,4.0,2.0,95.0,event
11:26:17.469,1.043139,0.2551292,0.93043804,1.0186048,0.9007033,0.09280326,0.45979702,1.0620517,0.96199,0.1334126,0.41848785,0.6707001,0.8128262,0.11379126,-0.16463774,0.659461,0.32423326,-0.41838935,-0.59538,0.0020752505,834.4689,791.75824,823.5897,918.2784,896.52014,0.05987548828125,-0.02984619140625,0.98602294921875,0.657958984375,-4.089813232421875,0.10467529296875,1.0,2.0,1.0,4.0,2.0,95.0,event
11:26:17.470,1.043139,0.2551292,0.93043804,1.0186048,0.9007033,0.09280326,0.45979702,1.0620517,0.96199,0.1334126,0.41848785,0.6707001,0.8128262,0.11379126,-0.16463774,0.659461,0.32423326,-0.41838935,-0.59538,0.0020752505,623.73627,787.72894,338.86447,904.9817,1118.5348,0.05987548828125,-0.02984619140625,0.98602294921875,0.657958984375,-4.089813232421875,0.10467529296875,1.0,2.0,1.0,4.0,2.0,95.0,event
11:26:17.470,1.043139,0.2551292,0.93043804,1.0186048,0.9007033,0.09280326,0.45979702,1.0620517,0.96199,0.1334126,0.41848785,0.6707001,0.8128262,0.11379126,-0.16463774,0.659461,0.32423326,-0.41838935,-0.59538,0.0020752505,641.06226,795.78754,408.57144,918.68134,983.95605,0.05987548828125,-0.02984619140625,0.98602294921875,0.657958984375,-4.089813232421875,0.10467529296875,1.0,2.0,1.0,4.0,2.0,95.0,event
11:26:17.471,1.043139,0.2551292,0.93043804,1.0186048,0.9007033,0.09280326,0.45979702,1.0620517,0.96199,0.1334126,0.41848785,0.6707001,0.8128262,0.11379126,-0.16463774,0.659461,0.32423326,-0.41838935,-0.59538,0.0020752505,841.31866,800.6227,1084.6886,938.022,674.5055,0.05987548828125,-0.02984619140625,0.98602294921875,0.657958984375,-4.089813232421875,0.10467529296875,1.0,2.0,1.0,4.0,2.0,95.0,event
11:26:17.472,1.043139,0.2551292,0.93043804,1.0186048,0.9007033,0.09280326,0.45979702,1.0620517,0.96199,0.1334126,0.41848785,0.6707001,0.8128262,0.11379126,-0.16463774,0.659461,0.32423326,-0.41838935,-0.59538,0.0020752505,977.1062,795.78754,970.2564,951.31866,698.68134,0.05987548828125,-0.02984619140625,0.98602294921875,0.657958984375,-4.089813232421875,0.10467529296875,1.0,2.0,1.0,4.0,2.0,95.0,event
11:26:17.497,1.043139,0.2551292,0.93043804,1.0186048,0.9007033,0.09280326,0.45979702,1.0620517,0.96199,0.1334126,0.41848785,0.6707001,0.8128262,0.11379126,-0.16463774,0.659461,0.32423326,-0.41838935,-0.59538,0.0020752505,872.74725,799.011,852.1978,942.4542,721.6484,0.05364990234375,-0.0301513671875,0.97662353515625,2.093505859375,-2.579498291015625,1.136474609375,1.0,2.0,1.0,4.0,2.0,95.0,event
11:26:17.498,1.043139,0.2551292,0.93043804,1.0186048,0.9007033,0.09280326,0.45979702,1.0620517,0.96199,0.1334126,0.41848785,0.6707001,0.8128262,0.11379126,-0.16463774,0.659461,0.32423326,-0.41838935,-0.59538,0.0020752505,679.34064,801.8315,994.43225,918.68134,660.80585,0.05364990234375,-0.0301513671875,0.97662353515625,2.093505859375,-2.579498291015625,1.136474609375,1.0,2.0,1.0,4.0,2.0,95.0,event
11:26:17.503,1.043139,0.2551292,0.93043804,1.0186048,0.9007033,0.09280326,0.45979702,1.0620517,0.96199,0.1334126,0.41848785,0.6707001,0.8128262,0.11379126,-0.16463774,0.659461,0.32423326,-0.41838935,-0.59538,0.0020752505,646.30035,792.1612,1057.6923,929.9634,655.16486,0.05364990234375,-0.0301513671875,0.97662353515625,2.093505859375,-2.579498291015625,1.136474609375,1.0,2.0,1.0,4.0,2.0,95.0,event
11:26:17.504,1.043139,0.2551292,0.93043804,1.0186048,0.9007033,0.09280326,0.45979702,1.0620517,0.96199,0.1334126,0.41848785,0.6707001,0.8128262,0.11379126,-0.16463774,0.659461,0.32423326,-0.41838935,-0.59538,0.0020752505,807.0696,790.9524,1007.326,955.7509,787.326,0.05364990234375,-0.0301513671875,0.97662353515625,2.093505859375,-2.579498291015625,1.136474609375,1.0,2.0,1.0,4.0,2.0,95.0,event
11:26:17.504,1.043139,0.2551292,0.93043804,1.0186048,0.9007033,0.09280326,0.45979702,1.0620517,0.96199,0.1334126,0.41848785,0.6707001,0.8128262,0.11379126,-0.16463774,0.659461,0.32423326,-0.41838935,-0.59538,0.0020752505,964.21246,798.60803,1019.81683,956.55676,878.7912,0.05364990234375,-0.0301513671875,0.97662353515625,2.093505859375,-2.579498291015625,1.136474609375,1.0,2.0,1.0,4.0,2.0,95.0,event
11:26:17.505,1.043139,0.2551292,0.93043804,1.0186048,0.9007033,0.09280326,0.45979702,1.0620517,0.96199,0.1334126,0.41848785,0.6707001,0.8128262,0.11379126,-0.16463774,0.659461,0.32423326,-0.41838935,-0.59538,0.0020752505,883.6264,796.5934,888.46155,946.4835,892.0879,0.05364990234375,-0.0301513671875,0.97662353515625,2.093505859375,-2.579498291015625,1.136474609375,1.0,2.0,1.0,4.0,2.0,95.0,event
11:26:17.506,1.043139,0.2551292,0.93043804,1.0186048,0.9007033,0.09280326,0.45979702,1.0620517,0.96199,0.1334126,0.41848785,0.6707001,0.8128262,0.11379126,-0.16463774,0.659461,0.32423326,-0.41838935,-0.59538,0.0020752505,686.1905,795.78754,767.5824,922.3077,853.00366,0.05364990234375,-0.0301513671875,0.97662353515625,2.093505859375,-2.579498291015625,1.136474609375,1.0,2.0,1.0,4.0,2.0,95.0,event
11:26:17.507,1.043139,0.2551292,0.93043804,1.0186048,0.9007033,0.09280326,0.45979702,1.0620517,0.96199,0.1334126,0.41848785,0.6707001,0.8128262,0.11379126,-0.16463774,0.659461,0.32423326,-0.41838935,-0.59538,0.0020752505,635.82416,794.9817,595.9341,919.0842,976.7033,0.05364990234375,-0.0301513671875,0.97662353515625,2.093505859375,-2.579498291015625,1.136474609375,1.0,2.0,1.0,4.0,2.0,95.0,event
11:26:17.507,1.043139,0.2551292,0.93043804,1.0186048,0.9007033,0.09280326,0.45979702,1.0620517,0.96199,0.1334126,0.41848785,0.6707001,0.8128262,0.11379126,-0.16463774,0.659461,0.32423326,-0.41838935,-0.59538,0.0020752505,788.1319,793.36993,491.17215,943.2601,982.3443,0.05364990234375,-0.0301513671875,0.97662353515625,2.093505859375,-2.579498291015625,1.136474609375,1.0,2.0,1.0,4.0,2.0,95.0,event
11:26:17.508,1.043139,0.2551292,0.93043804,1.0186048,0.9007033,0.09280326,0.45979702,1.0620517,0.96199,0.1334126,0.41848785,0.6707001,0.8128262,0.11379126,-0.16463774,0.659461,0.32423326,-0.41838935,-0.59538,0.0020752505,966.2271,797.3993,895.7143,954.1392,828.8278,0.05364990234375,-0.0301513671875,0.97662353515625,2.093505859375,-2.579498291015625,1.136474609375,1.0,2.0,1.0,4.0,2.0,95.0,event
11:26:17.509,1.043139,0.2551292,0.93043804,1.0186048,0.9007033,0.09280326,0.45979702,1.0620517,0.96199,0.1334126,0.41848785,0.6707001,0.8128262,0.11379126,-0.16463774,0.659461,0.32423326,-0.41838935,-0.59538,0.0020752505,919.4872,798.60803,970.2564,936.4103,789.7436,0.05364990234375,-0.0301513671875,0.97662353515625,2.093505859375,-2.579498291015625,1.136474609375,1.0,2.0,1.0,4.0,2.0,95.0,event
11:26:17.509,1.043139,0.2551292,0.93043804,1.0186048,0.9007033,0.09280326,0.45979702,1.0620517,0.96199,0.1334126,0.41848785,0.6707001,0.8128262,0.11379126,-0.16463774,0.659461,0.32423326,-0.41838935,-0.59538,0.0020752505,715.6044,794.57874,710.3663,915.05493,748.6447,0.05364990234375,-0.0301513671875,0.97662353515625,2.093505859375,-2.579498291015625,1.136474609375,1.0,2.0,1.0,4.0,2.0,95.0,event
11:26:17.531,1.043139,0.2551292,0.93043804,1.0186048,0.9007033,0.09280326,0.45979702,1.0620517,0.96199,0.1334126,0.41848785,0.6707001,0.8128262,0.11379126,-0.16463774,0.659461,0.32423326,-0.41838935,-0.59538,0.0020752505,645.09155,792.1612,841.31866,917.0696,793.36993,0.03924560546875,-0.0140380859375,0.9888916015625,3.63372802734375,-1.79443359375,2.6318359375,1.0,2.0,1.0,4.0,2.0,95.0,event
11:26:17.532,1.043139,0.2551292,0.93043804,1.0186048,0.9007033,0.09280326,0.45979702,1.0620517,0.96199,0.1334126,0.41848785,0.6707001,0.8128262,0.11379126,-0.16463774,0.659461,0.32423326,-0.41838935,-0.59538,0.0020752505,768.3883,798.20514,1167.2894,939.2308,730.10986,0.03924560546875,-0.0140380859375,0.9888916015625,3.63372802734375,-1.79443359375,2.6318359375,1.0,2.0,1.0,4.0,2.0,95.0,event
11:26:17.533,1.043139,0.2551292,0.93043804,1.0186048,0.9007033,0.09280326,0.45979702,1.0620517,0.96199,0.1334126,0.41848785,0.6707001,0.8128262,0.11379126,-0.16463774,0.659461,0.32423326,-0.41838935,-0.59538,0.0020752505,953.73627,799.41394,1083.4799,958.5714,747.03296,0.03924560546875,-0.0140380859375,0.9888916015625,3.63372802734375,-1.79443359375,2.6318359375,1.0,2.0,1.0,4.0,2.0,95.0,event
11:26:17.534,1.043139,0.2551292,0.93043804,1.0186048,0.9007033,0.09280326,0.45979702,1.0620517,0.96199,0.1334126,0.41848785,0.6707001,0.8128262,0.11379126,-0.16463774,0.659461,0.32423326,-0.41838935,-0.59538,0.0020752505,946.4835,803.8461,997.25275,947.28937,860.65936,0.03924560546875,-0.0140380859375,0.9888916015625,3.63372802734375,-1.79443359375,2.6318359375,1.0,2.0,1.0,4.0,2.0,95.0,event
11:26:17.535,1.043139,0.2551292,0.93043804,1.0186048,0.9007033,0.09280326,0.45979702,1.0620517,0.96199,0.1334126,0.41848785,0.6707001,0.8128262,0.11379126,-0.16463774,0.659461,0.32423326,-0.41838935,-0.59538,0.0020752505,740.58606,808.68134,1006.1172,927.1429,801.02563,0.03924560546875,-0.0140380859375,0.9888916015625,3.63372802734375,-1.79443359375,2.6318359375,1.0,2.0,1.0,4.0,2.0,95.0,event
11:26:17.535,1.043139,0.2551292,0.93043804,1.0186048,0.9007033,0.09280326,0.45979702,1.0620517,0.96199,0.1334126,0.41848785,0.6707001,0.8128262,0.11379126,-0.16463774,0.659461,0.32423326,-0.41838935,-0.59538,0.0020752505,642.27106,809.0842,885.64105,927.1429,745.42126,0.03924560546875,-0.0140380859375,0.9888916015625,3.63372802734375,-1.79443359375,2.6318359375,1.0,2.0,1.0,4.0,2.0,95.0,event
11:26:17.536,1.043139,0.2551292,0.93043804,1.0186048,0.9007033,0.09280326,0.45979702,1.0620517,0.96199,0.1334126,0.41848785,0.6707001,0.8128262,0.11379126,-0.16463774,0.659461,0.32423326,-0.41838935,-0.59538,0.0020752505,746.2271,808.2784,778.0586,936.0073,822.381,0.03924560546875,-0.0140380859375,0.9888916015625,3.63372802734375,-1.79443359375,2.6318359375,1.0,2.0,1.0,4.0,2.0,95.0,event
11:26:17.537,1.043139,0.2551292,0.93043804,1.0186048,0.9007033,0.09280326,0.45979702,1.0620517,0.96199,0.1334126,0.41848785,0.6707001,0.8128262,0.11379126,-0.16463774,0.659461,0.32423326,-0.41838935,-0.59538,0.0020752505,932.7839,806.26373,545.56775,952.1245,1071.7949,0.03924560546875,-0.0140380859375,0.9888916015625,3.63372802734375,-1.79443359375,2.6318359375,1.0,2.0,1.0,4.0,2.0,95.0,event
11:26:17.537,1.043139,0.2551292,0.93043804,1.0186048,0.9007033,0.09280326,0.45979702,1.0620517,0.96199,0.1334126,0.41848785,0.6707001,0.8128262,0.11379126,-0.16463774,0.659461,0.32423326,-0.41838935,-0.59538,0.0020752505,958.97437,806.6667,743.00366,951.7216,985.9707,0.03924560546875,-0.0140380859375,0.9888916015625,3.63372802734375,-1.79443359375,2.6318359375,1.0,2.0,1.0,4.0,2.0,95.0,event
11:26:17.538,1.043139,0.2551292,0.93043804,1.0186048,0.9007033,0.09280326,0.45979702,1.0620517,0.96199,0.1334126,0.41848785,0.6707001,0.8128262,0.11379126,-0.16463774,0.659461,0.32423326,-0.41838935,-0.59538,0.0020752505,767.98535,800.2198,1088.3151,922.71063,697.0696,0.03924560546875,-0.0140380859375,0.9888916015625,3.63372802734375,-1.79443359375,2.6318359375,1.0,2.0,1.0,4.0,2.0,95.0,event
11:26:17.539,1.043139,0.2551292,0.93043804,1.0186048,0.9007033,0.09280326,0.45979702,1.0620517,0.96199,0.1334126,0.41848785,0.6707001,0.8128262,0.11379126,-0.16463774,0.659461,0.32423326,-0.41838935,-0.59538,0.0020752505,640.2564,795.78754,886.04395,915.4579,731.31866,0.03924560546875,-0.0140380859375,0.9888916015625,3.63372802734375,-1.79443359375,2.6318359375,1.0,2.0,1.0,4.0,2.0,95.0,event
11:26:17.540,1.043139,0.2551292,0.93043804,1.0186048,0.9007033,0.09280326,0.45979702,1.0620517,0.96199,0.1334126,0.41848785,0.6707001,0.8128262,0.11379126,-0.16463774,0.659461,0.32423326,-0.41838935,-0.59538,0.0020752505,720.84247,800.2198,922.3077,936.8132,787.326,0.03924560546875,-0.0140380859375,0.9888916015625,3.63372802734375,-1.79443359375,2.6318359375,1.0,2.0,1.0,4.0,2.0,95.0,event
11:26:17.597,1.043139,0.2551292,0.93043804,1.0186048,0.9007033,0.09280326,0.45979702,1.0620517,0.96199,0.1334126,0.41848785,0.6707001,0.8128262,0.11379126,-0.16463774,0.659461,0.32423326,-0.41838935,-0.59538,0.0020752505,920.696,805.8608,1037.5458,950.9158,784.5055,0.0433349609375,-0.01171875,0.986083984375,2.654266357421875,-6.5496826171875,0.67291259765625,1.0,2.0,1.0,4.0,2.0,95.0,event
11:26:17.598,1.043139,0.2551292,0.93043804,1.0186048,0.9007033,0.09280326,0.45979702,1.0620517,0.96199,0.1334126,0.41848785,0.6707001,0.8128262,0.11379126,-0.16463774,0.659461,0.32423326,-0.41838935,-0.59538,0.0020752505,980.32965,805.8608,1054.0659,951.31866,794.17584,0.0433349609375,-0.01171875,0.986083984375,2.654266357421875,-6.5496826171875,0.67291259765625,1.0,2.0,1.0,4.0,2.0,95.0,event
11:26:17.599,1.043139,0.2551292,0.93043804,1.0186048,0.9007033,0.09280326,0.45979702,1.0620517,0.96199,0.1334126,0.41848785,0.6707001,0.8128262,0.11379126,-0.16463774,0.659461,0.32423326,-0.41838935,-0.59538,0.0020752505,786.52014,805.8608,808.2784,922.71063,880.0,0.0433349609375,-0.01171875,0.986083984375,2.654266357421875,-6.5496826171875,0.67291259765625,1.0,2.0,1.0,4.0,2.0,95.0,event
11:26:17.600,1.043139,0.2551292,0.93043804,1.0186048,0.9007033,0.09280326,0.45979702,1.0620517,0.96199,0.1334126,0.41848785,0.6707001,0.8128262,0.11379126,-0.16463774,0.659461,0.32423326,-0.41838935,-0.59538,0.0020752505,629.7802,806.6667,637.8388,877.98535,859.85345,0.0433349609375,-0.01171875,0.986083984375,2.654266357421875,-6.5496826171875,0.67291259765625,1.0,2.0,1.0,4.0,2.0,95.0,event
11:26:17.603,,,,,,,,,,,,,,,,,,,,,,,,,,,,,,,,,,,,,,blink
11:26:17.605,1.043139,0.2551292,0.93043804,1.0186048,0.9007033,0.09280326,0.45979702,1.0620517,0.96199,0.1334126,0.41848785,0.6707001,0.8128262,0.11379126,-0.16463774,0.659461,0.32423326,-0.41838935,-0.59538,0.0020752505,697.0696,805.4579,975.4945,849.7802,707.9487,0.0433349609375,-0.01171875,0.986083984375,2.654266357421875,-6.5496826171875,0.67291259765625,1.0,2.0,1.0,4.0,2.0,95.0,event
11:26:17.606,1.043139,0.2551292,0.93043804,1.0186048,0.9007033,0.09280326,0.45979702,1.0620517,0.96199,0.1334126,0.41848785,0.6707001,0.8128262,0.11379126,-0.16463774,0.659461,0.32423326,-0.41838935,-0.59538,0.0020752505,885.2381,804.65204,1008.1319,826.0073,774.83514,0.0433349609375,-0.01171875,0.986083984375,2.654266357421875,-6.5496826171875,0.67291259765625,1.0,2.0,1.0,4.0,2.0,95.0,event
11:26:17.607,1.043139,0.2551292,0.93043804,1.0186048,0.9007033,0.09280326,0.45979702,1.0620517,0.96199,0.1334126,0.41848785,0.6707001,0.8128262,0.11379126,-0.16463774,0.659461,0.32423326,-0.41838935,-0.59538,0.0020752505,953.73627,801.4286,608.8278,794.17584,974.2857,0.0433349609375,-0.01171875,0.986083984375,2.654266357421875,-6.5496826171875,0.67291259765625,1.0,2.0,1.0,4.0,2.0,95.0,event
11:26:17.608,1.043139,0.2551292,0.93043804,1.0186048,0.9007033,0.09280326,0.45979702,1.0620517,0.96199,0.1334126,0.41848785,0.6707001,0.8128262,0.11379126,-0.16463774,0.659461,0.32423326,-0.41838935,-0.59538,0.0020752505,805.8608,807.8755,363.84616,748.6447,1007.72894,0.0433349609375,-0.01171875,0.986083984375,2.654266357421875,-6.5496826171875,0.67291259765625,1.0,2.0,1.0,4.0,2.0,95.0,event
11:26:17.608,1.043139,0.2551292,0.93043804,1.0186048,0.9007033,0.09280326,0.45979702,1.0620517,0.96199,0.1334126,0.41848785,0.6707001,0.8128262,0.11379126,-0.16463774,0.659461,0.32423326,-0.41838935,-0.59538,0.0020752505,649.12085,807.0696,898.1319,701.9048,790.9524,0.0433349609375,-0.01171875,0.986083984375,2.654266357421875,-6.5496826171875,0.67291259765625,1.0,2.0,1.0,4.0,2.0,95.0,event
11:26:17.609,1.043139,0.2551292,0.93043804,1.0186048,0.9007033,0.09280326,0.45979702,1.0620517,0.96199,0.1334126,0.41848785,0.6707001,0.8128262,0.11379126,-0.16463774,0.659461,0.32423326,-0.41838935,-0.59538,0.0020752505,673.2967,794.57874,1132.6373,666.8498,730.10986,0.0433349609375,-0.01171875,0.986083984375,2.654266357421875,-6.5496826171875,0.67291259765625,1.0,2.0,1.0,4.0,2.0,95.0,event
11:26:17.610,1.043139,0.2551292,0.93043804,1.0186048,0.9007033,0.09280326,0.45979702,1.0620517,0.96199,0.1334126,0.41848785,0.6707001,0.8128262,0.11379126,-0.16463774,0.659461,0.32423326,-0.41838935,-0.59538,0.0020752505,877.5824,795.38464,959.3773,691.02563,786.9231,0.0433349609375,-0.01171875,0.986083984375,2.654266357421875,-6.5496826171875,0.67291259765625,1.0,2.0,1.0,4.0,2.0,95.0,event
11:26:17.611,1.043139,0.2551292,0.93043804,1.0186048,0.9007033,0.09280326,0.45979702,1.0620517,0.96199,0.1334126,0.41848785,0.6707001,0.8128262,0.11379126,-0.16463774,0.659461,0.32423326,-0.41838935,-0.59538,0.0020752505,983.95605,795.78754,922.3077,709.15753,774.43225,0.0433349609375,-0.01171875,0.986083984375,2.654266357421875,-6.5496826171875,0.67291259765625,1.0,2.0,1.0,4.0,2.0,95.0,event
11:26:17.638,1.043139,0.2551292,0.93043804,1.0186048,0.9007033,0.09280326,0.45979702,1.0620517,0.96199,0.1334126,0.41848785,0.6707001,0.8128262,0.11379126,-0.16463774,0.659461,0.32423326,-0.41838935,-0.59538,0.0020752505,843.3333,797.8022,1045.2014,658.3883,692.6374,0.0433349609375,-0.01171875,0.986083984375,2.654266357421875,-6.5496826171875,0.67291259765625,1.0,2.0,1.0,4.0,2.0,95.0,event
11:26:17.639,1.043139,0.2551292,0.93043804,1.0186048,0.9007033,0.09280326,0.45979702,1.0620517,0.96199,0.1334126,0.41848785,0.6707001,0.8128262,0.11379126,-0.16463774,0.659461,0.32423326,-0.41838935,-0.59538,0.0020752505,669.67035,798.60803,944.87177,614.4689,680.14655,0.0433349609375,-0.01171875,0.986083984375,2.654266357421875,-6.5496826171875,0.67291259765625,1.0,2.0,1.0,4.0,2.0,95.0,event
11:26:17.640,1.043139,0.2551292,0.93043804,1.0186048,0.9007033,0.09280326,0.45979702,1.0620517,0.96199,0.1334126,0.41848785,0.6707001,0.8128262,0.11379126,-0.16463774,0.659461,0.32423326,-0.41838935,-0.59538,0.0020752505,676.9231,795.78754,800.6227,606.4103,701.9048,0.0433349609375,-0.01171875,0.986083984375,2.654266357421875,-6.5496826171875,0.67291259765625,1.0,2.0,1.0,4.0,2.0,95.0,event
11:26:17.641,1.043139,0.2551292,0.93043804,1.0186048,0.9007033,0.09280326,0.45979702,1.0620517,0.96199,0.1334126,0.41848785,0.6707001,0.8128262,0.11379126,-0.16463774,0.659461,0.32423326,-0.41838935,-0.59538,0.0020752505,855.42126,794.17584,904.17584,616.4835,776.8498,0.0433349609375,-0.01171875,0.986083984375,2.654266357421875,-6.5496826171875,0.67291259765625,1.0,2.0,1.0,4.0,2.0,95.0,event
11:26:17.641,1.043139,0.2551292,0.93043804,1.0186048,0.9007033,0.09280326,0.45979702,1.0620517,0.96199,0.1334126,0.41848785,0.6707001,0.8128262,0.11379126,-0.16463774,0.659461,0.32423326,-0.41838935,-0.59538,0.0020752505,984.7619,792.5641,998.0586,613.2601,793.36993,0.0433349609375,-0.01171875,0.986083984375,2.654266357421875,-6.5496826171875,0.67291259765625,1.0,2.0,1.0,4.0,2.0,95.0,event
11:26:17.642,1.043139,0.2551292,0.93043804,1.0186048,0.9007033,0.09280326,0.45979702,1.0620517,0.96199,0.1334126,0.41848785,0.6707001,0.8128262,0.11379126,-0.16463774,0.659461,0.32423326,-0.41838935,-0.59538,0.0020752505,873.1502,794.17584,782.49084,578.20514,796.5934,0.0433349609375,-0.01171875,0.986083984375,2.654266357421875,-6.5496826171875,0.67291259765625,1.0,2.0,1.0,4.0,2.0,95.0,event
11:26:17.643,1.043139,0.2551292,0.93043804,1.0186048,0.9007033,0.09280326,0.45979702,1.0620517,0.96199,0.1334126,0.41848785,0.6707001,0.8128262,0.11379126,-0.16463774,0.659461,0.32423326,-0.41838935,-0.59538,0.0020752505,670.87915,797.3993,555.64105,539.92676,867.1062,0.0433349609375,-0.01171875,0.986083984375,2.654266357421875,-6.5496826171875,0.67291259765625,1.0,2.0,1.0,4.0,2.0,95.0,event
11:26:17.644,1.043139,0.2551292,0.93043804,1.0186048,0.9007033,0.09280326,0.45979702,1.0620517,0.96199,0.1334126,0.41848785,0.6707001,0.8128262,0.11379126,-0.16463774,0.659461,0.32423326,-0.41838935,-0.59538,0.0020752505,655.16486,799.011,836.8865,539.92676,777.25275,0.0433349609375,-0.01171875,0.986083984375,2.654266357421875,-6.5496826171875,0.67291259765625,1.0,2.0,1.0,4.0,2.0,95.0,event
11:26:17.645,1.043139,0.2551292,0.93043804,1.0186048,0.9007033,0.09280326,0.45979702,1.0620517,0.96199,0.1334126,0.41848785,0.6707001,0.8128262,0.11379126,-0.16463774,0.659461,0.32423326,-0.41838935,-0.59538,0.0020752505,838.0952,801.4286,1096.3737,558.0586,675.31134,0.0433349609375,-0.01171875,0.986083984375,2.654266357421875,-6.5496826171875,0.67291259765625,1.0,2.0,1.0,4.0,2.0,95.0,event
11:26:17.646,1.043139,0.2551292,0.93043804,1.0186048,0.9007033,0.09280326,0.45979702,1.0620517,0.96199,0.1334126,0.41848785,0.6707001,0.8128262,0.11379126,-0.16463774,0.659461,0.32423326,-0.41838935,-0.59538,0.0020752505,992.4176,799.41394,1072.1978,567.326,757.50916,0.0433349609375,-0.01171875,0.986083984375,2.654266357421875,-6.5496826171875,0.67291259765625,1.0,2.0,1.0,4.0,2.0,95.0,event
11:26:17.647,1.043139,0.2551292,0.93043804,1.0186048,0.9007033,0.09280326,0.45979702,1.0620517,0.96199,0.1334126,0.41848785,0.6707001,0.8128262,0.11379126,-0.16463774,0.659461,0.32423326,-0.41838935,-0.59538,0.0020752505,893.2967,793.7729,387.21613,560.4762,1058.0952,0.0433349609375,-0.01171875,0.986083984375,2.654266357421875,-6.5496826171875,0.67291259765625,1.0,2.0,1.0,4.0,2.0,95.0,event
11:26:17.647,1.043139,0.2551292,0.93043804,1.0186048,0.9007033,0.09280326,0.45979702,1.0620517,0.96199,0.1334126,0.41848785,0.6707001,0.8128262,0.11379126,-0.16463774,0.659461,0.32423326,-0.41838935,-0.59538,0.0020752505,702.3077,793.7729,365.05493,540.32965,963.8095,0.0433349609375,-0.01171875,0.986083984375,2.654266357421875,-6.5496826171875,0.67291259765625,1.0,2.0,1.0,4.0,2.0,95.0,event
11:26:17.682,1.043139,0.2551292,0.93043804,1.0186048,0.9007033,0.09280326,0.45979702,1.0620517,0.96199,0.1334126,0.41848785,0.6707001,0.8128262,0.11379126,-0.16463774,0.659461,0.32423326,-0.41838935,-0.59538,0.0020752505,681.75824,792.5641,1015.78754,547.5824,653.5531,0.05975341796875,-0.0206298828125,0.99346923828125,0.605621337890625,-4.044952392578125,0.142059326171875,1.0,2.0,1.0,4.0,2.0,95.0,event
11:26:17.685,1.043139,0.2551292,0.93043804,1.0186048,0.9007033,0.09280326,0.45979702,1.0620517,0.96199,0.1334126,0.41848785,0.6707001,0.8128262,0.11379126,-0.16463774,0.659461,0.32423326,-0.41838935,-0.59538,0.0020752505,825.6044,792.5641,942.4542,569.34064,713.1868,0.05975341796875,-0.0206298828125,0.99346923828125,0.605621337890625,-4.044952392578125,0.142059326171875,1.0,2.0,1.0,4.0,2.0,95.0,event
11:26:17.686,1.043139,0.2551292,0.93043804,1.0186048,0.9007033,0.09280326,0.45979702,1.0620517,0.96199,0.1334126,0.41848785,0.6707001,0.8128262,0.11379126,-0.16463774,0.659461,0.32423326,-0.41838935,-0.59538,0.0020752505,993.22345,792.1612,998.86444,582.6374,810.696,0.05975341796875,-0.0206298828125,0.99346923828125,0.605621337890625,-4.044952392578125,0.142059326171875,1.0,2.0,1.0,4.0,2.0,95.0,event
11:26:17.687,1.043139,0.2551292,0.93043804,1.0186048,0.9007033,0.09280326,0.45979702,1.0620517,0.96199,0.1334126,0.41848785,0.6707001,0.8128262,0.11379126,-0.16463774,0.659461,0.32423326,-0.41838935,-0.59538,0.0020752505,951.7216,794.9817,1160.4396,578.20514,766.3736,0.05975341796875,-0.0206298828125,0.99346923828125,0.605621337890625,-4.044952392578125,0.142059326171875,1.0,2.0,1.0,4.0,2.0,95.0,event
11:26:17.688,1.043139,0.2551292,0.93043804,1.0186048,0.9007033,0.09280326,0.45979702,1.0620517,0.96199,0.1334126,0.41848785,0.6707001,0.8128262,0.11379126,-0.16463774,0.659461,0.32423326,-0.41838935,-0.59538,0.0020752505,749.45056,794.57874,1033.1135,565.31134,668.46155,0.05975341796875,-0.0206298828125,0.99346923828125,0.605621337890625,-4.044952392578125,0.142059326171875,1.0,2.0,1.0,4.0,2.0,95.0,event
11:26:17.689,1.043139,0.2551292,0.93043804,1.0186048,0.9007033,0.09280326,0.45979702,1.0620517,0.96199,0.1334126,0.41848785,0.6707001,0.8128262,0.11379126,-0.16463774,0.659461,0.32423326,-0.41838935,-0.59538,0.0020752505,667.6557,786.52014,671.685,568.93774,852.1978,0.05975341796875,-0.0206298828125,0.99346923828125,0.605621337890625,-4.044952392578125,0.142059326171875,1.0,2.0,1.0,4.0,2.0,95.0,event
11:26:17.692,1.043139,0.2551292,0.93043804,1.0186048,0.9007033,0.09280326,0.45979702,1.0620517,0.96199,0.1334126,0.41848785,0.6707001,0.8128262,0.11379126,-0.16463774,0.659461,0.32423326,-0.41838935,-0.59538,0.0020752505,784.10254,785.7143,642.27106,556.8498,958.5714,0.05975341796875,-0.0206298828125,0.99346923828125,0.605621337890625,-4.044952392578125,0.142059326171875,1.0,2.0,1.0,4.0,2.0,95.0,event
11:26:17.694,1.043139,0.2551292,0.93043804,1.0186048,0.9007033,0.09280326,0.45979702,1.0620517,0.96199,0.1334126,0.41848785,0.6707001,0.8128262,0.11379126,-0.16463774,0.659461,0.32423326,-0.41838935,-0.59538,0.0020752505,972.674,788.5348,899.7436,527.4359,890.07324,0.05975341796875,-0.0206298828125,0.99346923828125,0.605621337890625,-4.044952392578125,0.142059326171875,1.0,2.0,1.0,4.0,2.0,95.0,event
11:26:17.694,1.043139,0.2551292,0.93043804,1.0186048,0.9007033,0.09280326,0.45979702,1.0620517,0.96199,0.1334126,0.41848785,0.6707001,0.8128262,0.11379126,-0.16463774,0.659461,0.32423326,-0.41838935,-0.59538,0.0020752505,957.76556,788.1319,1032.7106,493.58975,784.5055,0.05975341796875,-0.0206298828125,0.99346923828125,0.605621337890625,-4.044952392578125,0.142059326171875,1.0,2.0,1.0,4.0,2.0,95.0,event
11:26:17.695,1.043139,0.2551292,0.93043804,1.0186048,0.9007033,0.09280326,0.45979702,1.0620517,0.96199,0.1334126,0.41848785,0.6707001,0.8128262,0.11379126,-0.16463774,0.659461,0.32423326,-0.41838935,-0.59538,0.0020752505,730.10986,786.52014,643.0769,492.78387,855.82416,0.05975341796875,-0.0206298828125,0.99346923828125,0.605621337890625,-4.044952392578125,0.142059326171875,1.0,2.0,1.0,4.0,2.0,95.0,event
11:26:17.696,1.043139,0.2551292,0.93043804,1.0186048,0.9007033,0.09280326,0.45979702,1.0620517,0.96199,0.1334126,0.41848785,0.6707001,0.8128262,0.11379126,-0.16463774,0.659461,0.32423326,-0.41838935,-0.59538,0.0020752505,637.4359,791.75824,380.3663,528.24176,951.31866,0.05975341796875,-0.0206298828125,0.99346923828125,0.605621337890625,-4.044952392578125,0.142059326171875,1.0,2.0,1.0,4.0,2.0,95.0,event
11:26:17.696,1.043139,0.2551292,0.93043804,1.0186048,0.9007033,0.09280326,0.45979702,1.0620517,0.96199,0.1334126,0.41848785,0.6707001,0.8128262,0.11379126,-0.16463774,0.659461,0.32423326,-0.41838935,-0.59538,0.0020752505,746.63007,798.20514,985.16486,547.1795,699.4872,0.05975341796875,-0.0206298828125,0.99346923828125,0.605621337890625,-4.044952392578125,0.142059326171875,1.0,2.0,1.0,4.0,2.0,95.0,event
11:26:17.724,1.043139,0.2551292,0.93043804,1.0186048,0.9007033,0.09280326,0.45979702,1.0620517,0.96199,0.1334126,0.41848785,0.6707001,0.8128262,0.11379126,-0.16463774,0.659461,0.32423326,-0.41838935,-0.59538,0.0020752505,934.7985,789.7436,1145.5311,558.46155,711.1722,0.0457763671875,-0.0367431640625,0.97821044921875,0.07476806640625,-3.760833740234375,-0.740203857421875,1.0,2.0,1.0,4.0,2.0,95.0,event
11:26:17.725,1.043139,0.2551292,0.93043804,1.0186048,0.9007033,0.09280326,0.45979702,1.0620517,0.96199,0.1334126,0.41848785,0.6707001,0.8128262,0.11379126,-0.16463774,0.659461,0.32423326,-0.41838935,-0.59538,0.0020752505,957.3626,794.57874,985.16486,564.5055,819.9634,0.0457763671875,-0.0367431640625,0.97821044921875,0.07476806640625,-3.760833740234375,-0.740203857421875,1.0,2.0,1.0,4.0,2.0,95.0,event
11:26:17.726,1.043139,0.2551292,0.93043804,1.0186048,0.9007033,0.09280326,0.45979702,1.0620517,0.96199,0.1334126,0.41848785,0.6707001,0.8128262,0.11379126,-0.16463774,0.659461,0.32423326,-0.41838935,-0.59538,0.0020752505,738.5714,801.8315,967.03296,534.2857,767.5824,0.0457763671875,-0.0367431640625,0.97821044921875,0.07476806640625,-3.760833740234375,-0.740203857421875,1.0,2.0,1.0,4.0,2.0,95.0,event
11:26:17.727,1.043139,0.2551292,0.93043804,1.0186048,0.9007033,0.09280326,0.45979702,1.0620517,0.96199,0.1334126,0.41848785,0.6707001,0.8128262,0.11379126,-0.16463774,0.659461,0.32423326,-0.41838935,-0.59538,0.0020752505,600.3663,793.36993,1057.6923,511.72162,726.08057,0.0457763671875,-0.0367431640625,0.97821044921875,0.07476806640625,-3.760833740234375,-0.740203857421875,1.0,2.0,1.0,4.0,2.0,95.0,event
11:26:17.728,1.043139,0.2551292,0.93043804,1.0186048,0.9007033,0.09280326,0.45979702,1.0620517,0.96199,0.1334126,0.41848785,0.6707001,0.8128262,0.11379126,-0.16463774,0.659461,0.32423326,-0.41838935,-0.59538,0.0020752505,659.59705,797.8022,1014.9817,521.79486,743.4066,0.0457763671875,-0.0367431640625,0.97821044921875,0.07476806640625,-3.760833740234375,-0.740203857421875,1.0,2.0,1.0,4.0,2.0,95.0,event
11:26:17.729,1.043139,0.2551292,0.93043804,1.0186048,0.9007033,0.09280326,0.45979702,1.0620517,0.96199,0.1334126,0.41848785,0.6707001,0.8128262,0.11379126,-0.16463774,0.659461,0.32423326,-0.41838935,-0.59538,0.0020752505,839.707,802.6374,835.2747,544.35895,890.07324,0.0457763671875,-0.0367431640625,0.97821044921875,0.07476806640625,-3.760833740234375,-0.740203857421875,1.0,2.0,1.0,4.0,2.0,95.0,event
11:26:17.729,1.043139,0.2551292,0.93043804,1.0186048,0.9007033,0.09280326,0.45979702,1.0620517,0.96199,0.1334126,0.41848785,0.6707001,0.8128262,0.11379126,-0.16463774,0.659461,0.32423326,-0.41838935,-0.59538,0.0020752505,874.35895,809.4872,798.20514,533.47986,926.337,0.0457763671875,-0.0367431640625,0.97821044921875,0.07476806640625,-3.760833740234375,-0.740203857421875,1.0,2.0,1.0,4.0,2.0,95.0,event
11:26:17.730,1.043139,0.2551292,0.93043804,1.0186048,0.9007033,0.09280326,0.45979702,1.0620517,0.96199,0.1334126,0.41848785,0.6707001,0.8128262,0.11379126,-0.16463774,0.659461,0.32423326,-0.41838935,-0.59538,0.0020752505,664.43225,807.8755,931.978,485.53113,718.022,0.0457763671875,-0.0367431640625,0.97821044921875,0.07476806640625,-3.760833740234375,-0.740203857421875,1.0,2.0,1.0,4.0,2.0,95.0,event
11:26:17.731,1.043139,0.2551292,0.93043804,1.0186048,0.9007033,0.09280326,0.45979702,1.0620517,0.96199,0.1334126,0.41848785,0.6707001,0.8128262,0.11379126,-0.16463774,0.659461,0.32423326,-0.41838935,-0.59538,0.0020752505,509.70697,812.3077,919.89014,480.69598,733.3333,0.0457763671875,-0.0367431640625,0.97821044921875,0.07476806640625,-3.760833740234375,-0.740203857421875,1.0,2.0,1.0,4.0,2.0,95.0,event
11:26:17.732,1.043139,0.2551292,0.93043804,1.0186048,0.9007033,0.09280326,0.45979702,1.0620517,0.96199,0.1334126,0.41848785,0.6707001,0.8128262,0.11379126,-0.16463774,0.659461,0.32423326,-0.41838935,-0.59538,0.0020752505,534.68866,835.6777,579.81683,450.87912,948.9011,0.0457763671875,-0.0367431640625,0.97821044921875,0.07476806640625,-3.760833740234375,-0.740203857421875,1.0,2.0,1.0,4.0,2.0,95.0,event
11:26:17.733,1.043139,0.2551292,0.93043804,1.0186048,0.9007033,0.09280326,0.45979702,1.0620517,0.96199,0.1334126,0.41848785,0.6707001,0.8128262,0.11379126,-0.16463774,0.659461,0.32423326,-0.41838935,-0.59538,0.0020752505,695.05493,866.7033,760.7326,386.8132,960.18317,0.0457763671875,-0.0367431640625,0.97821044921875,0.07476806640625,-3.760833740234375,-0.740203857421875,1.0,2.0,1.0,4.0,2.0,95.0,event
11:26:17.733,1.043139,0.2551292,0.93043804,1.0186048,0.9007033,0.09280326,0.45979702,1.0620517,0.96199,0.1334126,0.41848785,0.6707001,0.8128262,0.11379126,-0.16463774,0.659461,0.32423326,-0.41838935,-0.59538,0.0020752505,732.9304,906.99634,1205.1648,326.77655,819.15753,0.0457763671875,-0.0367431640625,0.97821044921875,0.07476806640625,-3.760833740234375,-0.740203857421875,1.0,2.0,1.0,4.0,2.0,95.0,event
11:26:17.775,1.043139,0.2551292,0.93043804,1.0186048,0.9007033,0.09280326,0.45979702,1.0620517,0.96199,0.1334126,0.41848785,0.6707001,0.8128262,0.11379126,-0.16463774,0.659461,0.32423326,-0.41838935,-0.59538,0.0020752505,511.72162,930.7692,924.7253,259.48718,858.24176,0.056396484375,-0.02630615234375,0.980712890625,2.489776611328125,-5.3533935546875,-0.82244873046875,1.0,2.0,1.0,4.0,2.0,95.0,event
11:26:17.776,1.043139,0.2551292,0.93043804,1.0186048,0.9007033,0.09280326,0.45979702,1.0620517,0.96199,0.1334126,0.41848785,0.6707001,0.8128262,0.11379126,-0.16463774,0.659461,0.32423326,-0.41838935,-0.59538,0.0020752505,318.31503,957.76556,690.6227,203.88278,911.8315,0.056396484375,-0.02630615234375,0.980712890625,2.489776611328125,-5.3533935546875,-0.82244873046875,1.0,2.0,1.0,4.0,2.0,95.0,event
11:26:17.777,1.043139,0.2551292,0.93043804,1.0186048,0.9007033,0.09280326,0.45979702,1.0620517,0.96199,0.1334126,0.41848785,0.6707001,0.8128262,0.11379126,-0.16463774,0.659461,0.32423326,-0.41838935,-0.59538,0.0020752505,350.9524,973.0769,990.40295,207.10623,713.1868,0.056396484375,-0.02630615234375,0.980712890625,2.489776611328125,-5.3533935546875,-0.82244873046875,1.0,2.0,1.0,4.0,2.0,95.0,event
11:26:17.778,1.043139,0.2551292,0.93043804,1.0186048,0.9007033,0.09280326,0.45979702,1.0620517,0.96199,0.1334126,0.41848785,0.6707001,0.8128262,0.11379126,-0.16463774,0.659461,0.32423326,-0.41838935,-0.59538,0.0020752505,542.3443,969.45056,1143.5165,265.93405,685.38464,0.056396484375,-0.02630615234375,0.980712890625,2.489776611328125,-5.3533935546875,-0.82244873046875,1.0,2.0,1.0,4.0,2.0,95.0,event
11:26:17.778,1.043139,0.2551292,0.93043804,1.0186048,0.9007033,0.09280326,0.45979702,1.0620517,0.96199,0.1334126,0.41848785,0.6707001,0.8128262,0.11379126,-0.16463774,0.659461,0.32423326,-0.41838935,-0.59538,0.0020752505,637.4359,975.09155,1025.4579,322.74725,804.2491,0.056396484375,-0.02630615234375,0.980712890625,2.489776611328125,-5.3533935546875,-0.82244873046875,1.0,2.0,1.0,4.0,2.0,95.0,event
11:26:17.779,1.043139,0.2551292,0.93043804,1.0186048,0.9007033,0.09280326,0.45979702,1.0620517,0.96199,0.1334126,0.41848785,0.6707001,0.8128262,0.11379126,-0.16463774,0.659461,0.32423326,-0.41838935,-0.59538,0.0020752505,489.56042,981.13556,754.68866,347.32602,869.5238,0.056396484375,-0.02630615234375,0.980712890625,2.489776611328125,-5.3533935546875,-0.82244873046875,1.0,2.0,1.0,4.0,2.0,95.0,event
11:26:17.780,1.043139,0.2551292,0.93043804,1.0186048,0.9007033,0.09280326,0.45979702,1.0620517,0.96199,0.1334126,0.41848785,0.6707001,0.8128262,0.11379126,-0.16463774,0.659461,0.32423326,-0.41838935,-0.59538,0.0020752505,318.71796,979.5238,656.3736,348.93774,859.0476,0.056396484375,-0.02630615234375,0.980712890625,2.489776611328125,-5.3533935546875,-0.82244873046875,1.0,2.0,1.0,4.0,2.0,95.0,event
11:26:17.780,1.043139,0.2551292,0.93043804,1.0186048,0.9007033,0.09280326,0.45979702,1.0620517,0.96199,0.1334126,0.41848785,0.6707001,0.8128262,0.11379126,-0.16463774,0.659461,0.32423326,-0.41838935,-0.59538,0.0020752505,354.9817,967.4359,896.1172,364.652,693.44324,0.056396484375,-0.02630615234375,0.980712890625,2.489776611328125,-5.3533935546875,-0.82244873046875,1.0,2.0,1.0,2.0,2.0,95.0,event
11:26:17.784,1.043139,0.2551292,0.93043804,1.0186048,0.9007033,0.09280326,0.45979702,1.0620517,0.96199,0.1334126,0.41848785,0.6707001,0.8128262,0.11379126,-0.16463774,0.659461,0.32423326,-0.41838935,-0.59538,0.0020752505,548.3883,950.10986,720.4396,393.26007,802.23444,0.056396484375,-0.02630615234375,0.980712890625,2.489776611328125,-5.3533935546875,-0.82244873046875,1.0,2.0,1.0,2.0,2.0,95.0,event
11:26:17.785,1.043139,0.2551292,0.93043804,1.0186048,0.9007033,0.09280326,0.45979702,1.0620517,0.96199,0.1334126,0.41848785,0.6707001,0.8128262,0.11379126,-0.16463774,0.659461,0.32423326,-0.41838935,-0.59538,0.0020752505,689.011,931.978,493.1868,405.75092,959.3773,0.056396484375,-0.02630615234375,0.980712890625,2.489776611328125,-5.3533935546875,-0.82244873046875,1.0,2.0,1.0,2.0,2.0,95.0,event
11:26:17.786,1.043139,0.2551292,0.93043804,1.0186048,0.9007033,0.09280326,0.45979702,1.0620517,0.96199,0.1334126,0.41848785,0.6707001,0.8128262,0.11379126,-0.16463774,0.659461,0.32423326,-0.41838935,-0.59538,0.0020752505,627.76556,921.9048,937.2161,396.48352,713.1868,0.056396484375,-0.02630615234375,0.980712890625,2.489776611328125,-5.3533935546875,-0.82244873046875,1.0,2.0,1.0,2.0,2.0,95.0,event
11:26:17.786,1.043139,0.2551292,0.93043804,1.0186048,0.9007033,0.09280326,0.45979702,1.0620517,0.96199,0.1334126,0.41848785,0.6707001,0.8128262,0.11379126,-0.16463774,0.659461,0.32423326,-0.41838935,-0.59538,0.0020752505,466.99634,910.6227,972.674,383.1868,634.21246,0.056396484375,-0.02630615234375,0.980712890625,2.489776611328125,-5.3533935546875,-0.82244873046875,1.0,2.0,1.0,2.0,2.0,95.0,event
11:26:17.809,1.043139,0.2551292,0.93043804,1.0186048,0.9007033,0.09280326,0.45979702,1.0620517,0.96199,0.1334126,0.41848785,0.6707001,0.8128262,0.11379126,-0.16463774,0.659461,0.32423326,-0.41838935,-0.59538,0.0020752505,470.2198,893.2967,833.2601,375.1282,703.1135,0.05059814453125,-0.02838134765625,0.9794921875,1.727142333984375,-3.162689208984375,-0.9271240234375,1.0,2.0,1.0,2.0,2.0,95.0,event
11:26:17.810,1.043139,0.2551292,0.93043804,1.0186048,0.9007033,0.09280326,0.45979702,1.0620517,0.96199,0.1334126,0.41848785,0.6707001,0.8128262,0.11379126,-0.16463774,0.659461,0.32423326,-0.41838935,-0.59538,0.0020752505,674.5055,882.01465,876.3736,395.67764,761.13556,0.05059814453125,-0.02838134765625,0.9794921875,1.727142333984375,-3.162689208984375,-0.9271240234375,1.0,2.0,1.0,2.0,2.0,95.0,event
11:26:17.811,1.043139,0.2551292,0.93043804,1.0186048,0.9007033,0.09280326,0.45979702,1.0620517,0.96199,0.1334126,0.41848785,0.6707001,0.8128262,0.11379126,-0.16463774,0.659461,0.32423326,-0.41838935,-0.59538,0.0020752505,861.4652,868.315,1120.5494,440.0,782.8938,0.05059814453125,-0.02838134765625,0.9794921875,1.727142333984375,-3.162689208984375,-0.9271240234375,1.0,2.0,1.0,2.0,2.0,95.0,event
11:26:17.812,1.043139,0.2551292,0.93043804,1.0186048,0.9007033,0.09280326,0.45979702,1.0620517,0.96199,0.1334126,0.41848785,0.6707001,0.8128262,0.11379126,-0.16463774,0.659461,0.32423326,-0.41838935,-0.59538,0.0020752505,796.99634,851.39197,1047.2161,464.1758,730.5128,0.05059814453125,-0.02838134765625,0.9794921875,1.727142333984375,-3.162689208984375,-0.9271240234375,1.0,2.0,1.0,2.0,2.0,95.0,event
11:26:17.812,1.043139,0.2551292,0.93043804,1.0186048,0.9007033,0.09280326,0.45979702,1.0620517,0.96199,0.1334126,0.41848785,0.6707001,0.8128262,0.11379126,-0.16463774,0.659461,0.32423326,-0.41838935,-0.59538,0.0020752505,614.87177,840.10986,709.15753,473.04028,817.5458,0.05059814453125,-0.02838134765625,0.9794921875,1.727142333984375,-3.162689208984375,-0.9271240234375,1.0,2.0,1.0,2.0,2.0,95.0,event
11:26:17.813,1.043139,0.2551292,0.93043804,1.0186048,0.9007033,0.09280326,0.45979702,1.0620517,0.96199,0.1334126,0.41848785,0.6707001,0.8128262,0.11379126,-0.16463774,0.659461,0.32423326,-0.41838935,-0.59538,0.0020752505,612.0513,830.0366,719.2308,523.00366,908.20514,0.05059814453125,-0.02838134765625,0.9794921875,1.727142333984375,-3.162689208984375,-0.9271240234375,1.0,2.0,1.0,2.0,2.0,95.0,event
11:26:17.814,1.043139,0.2551292,0.93043804,1.0186048,0.9007033,0.09280326,0.45979702,1.0620517,0.96199,0.1334126,0.41848785,0.6707001,0.8128262,0.11379126,-0.16463774,0.659461,0.32423326,-0.41838935,-0.59538,0.0020752505,790.54944,820.7692,879.59705,572.5641,875.56775,0.05059814453125,-0.02838134765625,0.9794921875,1.727142333984375,-3.162689208984375,-0.9271240234375,1.0,2.0,1.0,2.0,2.0,95.0,event
11:26:17.815,1.043139,0.2551292,0.93043804,1.0186048,0.9007033,0.09280326,0.45979702,1.0620517,0.96199,0.1334126,0.41848785,0.6707001,0.8128262,0.11379126,-0.16463774,0.659461,0.32423326,-0.41838935,-0.59538,0.0020752505,972.27106,810.696,949.707,605.2015,909.81683,0.05059814453125,-0.02838134765625,0.9794921875,1.727142333984375,-3.162689208984375,-0.9271240234375,1.0,2.0,1.0,2.0,2.0,95.0,event
11:26:17.815,1.043139,0.2551292,0.93043804,1.0186048,0.9007033,0.09280326,0.45979702,1.0620517,0.96199,0.1334126,0.41848785,0.6707001,0.8128262,0.11379126,-0.16463774,0.659461,0.32423326,-0.41838935,-0.59538,0.0020752505,925.12823,805.8608,444.83517,646.30035,1068.1685,0.05059814453125,-0.02838134765625,0.9794921875,1.727142333984375,-3.162689208984375,-0.9271240234375,1.0,2.0,1.0,2.0,2.0,95.0,event
11:26:17.816,1.043139,0.2551292,0.93043804,1.0186048,0.9007033,0.09280326,0.45979702,1.0620517,0.96199,0.1334126,0.41848785,0.6707001,0.8128262,0.11379126,-0.16463774,0.659461,0.32423326,-0.41838935,-0.59538,0.0020752505,740.58606,799.81683,454.90842,673.2967,928.7546,0.05059814453125,-0.02838134765625,0.9794921875,1.727142333984375,-3.162689208984375,-0.9271240234375,1.0,2.0,1.0,2.0,2.0,95.0,event
11:26:17.817,1.043139,0.2551292,0.93043804,1.0186048,0.9007033,0.09280326,0.45979702,1.0620517,0.96199,0.1334126,0.41848785,0.6707001,0.8128262,0.11379126,-0.16463774,0.659461,0.32423326,-0.41838935,-0.59538,0.0020752505,707.9487,785.31134,1067.7656,716.0073,697.8755,0.05059814453125,-0.02838134765625,0.9794921875,1.727142333984375,-3.162689208984375,-0.9271240234375,1.0,2.0,1.0,2.0,2.0,95.0,event
11:26:17.819,1.043139,0.2551292,0.93043804,1.0186048,0.9007033,0.09280326,0.45979702,1.0620517,0.96199,0.1334126,0.41848785,0.6707001,0.8128262,0.11379126,-0.16463774,0.659461,0.32423326,-0.41838935,-0.59538,0.0020752505,829.6337,779.2674,1056.4835,782.0879,817.1429,0.05059814453125,-0.02838134765625,0.9794921875,1.727142333984375,-3.162689208984375,-0.9271240234375,1.0,2.0,1.0,2.0,2.0,95.0,event
11:26:17.886,1.043139,0.2551292,0.93043804,1.0186048,0.9007033,0.09280326,0.45979702,1.0620517,0.96199,0.1334126,0.41848785,0.6707001,0.8128262,0.11379126,-0.16463774,0.659461,0.32423326,-0.41838935,-0.59538,0.0020752505,1016.99634,774.83514,1033.1135,826.8132,839.707,0.05059814453125,-0.02838134765625,0.9794921875,1.727142333984375,-3.162689208984375,-0.9271240234375,1.0,2.0,1.0,2.0,2.0,95.0,event
11:26:17.888,1.043139,0.2551292,0.93043804,1.0186048,0.9007033,0.09280326,0.45979702,1.0620517,0.96199,0.1334126,0.41848785,0.6707001,0.8128262,0.11379126,-0.16463774,0.659461,0.32423326,-0.41838935,-0.59538,0.0020752505,1019.011,765.9707,1096.7766,838.0952,708.7546,0.05059814453125,-0.02838134765625,0.9794921875,1.727142333984375,-3.162689208984375,-0.9271240234375,1.0,2.0,1.0,2.0,2.0,95.0,event
11:26:17.889,1.043139,0.2551292,0.93043804,1.0186048,0.9007033,0.09280326,0.45979702,1.0620517,0.96199,0.1334126,0.41848785,0.6707001,0.8128262,0.11379126,-0.16463774,0.659461,0.32423326,-0.41838935,-0.59538,0.0020752505,819.15753,760.7326,1024.249,840.10986,662.4176,0.05059814453125,-0.02838134765625,0.9794921875,1.727142333984375,-3.162689208984375,-0.9271240234375,1.0,2.0,1.0,2.0,2.0,95.0,event
11:26:17.891,1.043139,0.2551292,0.93043804,1.0186048,0.9007033,0.09280326,0.45979702,1.0620517,0.96199,0.1334126,0.41848785,0.6707001,0.8128262,0.11379126,-0.16463774,0.659461,0.32423326,-0.41838935,-0.59538,0.0020752505,726.4835,759.92676,880.40295,853.4066,776.8498,0.05059814453125,-0.02838134765625,0.9794921875,1.727142333984375,-3.162689208984375,-0.9271240234375,1.0,2.0,1.0,2.0,2.0,95.0,event
11:26:17.892,1.043139,0.2551292,0.93043804,1.0186048,0.9007033,0.09280326,0.45979702,1.0620517,0.96199,0.1334126,0.41848785,0.6707001,0.8128262,0.11379126,-0.16463774,0.659461,0.32423326,-0.41838935,-0.59538,0.0020752505,843.3333,757.9121,825.6044,872.74725,867.50916,0.05059814453125,-0.02838134765625,0.9794921875,1.727142333984375,-3.162689208984375,-0.9271240234375,1.0,2.0,1.0,2.0,2.0,95.0,event
11:26:17.893,1.043139,0.2551292,0.93043804,1.0186048,0.9007033,0.09280326,0.45979702,1.0620517,0.96199,0.1334126,0.41848785,0.6707001,0.8128262,0.11379126,-0.16463774,0.659461,0.32423326,-0.41838935,-0.59538,0.0020752505,1050.0366,757.9121,894.90845,898.93774,936.0073,0.05059814453125,-0.02838134765625,0.9794921875,1.727142333984375,-3.162689208984375,-0.9271240234375,1.0,2.0,1.0,2.0,2.0,95.0,event
11:26:17.894,1.043139,0.2551292,0.93043804,1.0186048,0.9007033,0.09280326,0.45979702,1.0620517,0.96199,0.1334126,0.41848785,0.6707001,0.8128262,0.11379126,-0.16463774,0.659461,0.32423326,-0.41838935,-0.59538,0.0020752505,1067.7656,757.50916,914.65204,892.8938,892.0879,0.05059814453125,-0.02838134765625,0.9794921875,1.727142333984375,-3.162689208984375,-0.9271240234375,1.0,2.0,1.0,2.0,2.0,95.0,event
11:26:17.894,1.043139,0.2551292,0.93043804,1.0186048,0.9007033,0.09280326,0.45979702,1.0620517,0.96199,0.1334126,0.41848785,0.6707001,0.8128262,0.11379126,-0.16463774,0.659461,0.32423326,-0.41838935,-0.59538,0.0020752505,846.9597,753.0769,574.57874,873.1502,909.011,0.05059814453125,-0.02838134765625,0.9794921875,1.727142333984375,-3.162689208984375,-0.9271240234375,1.0,2.0,1.0,2.0,2.0,95.0,event
11:26:17.895,1.043139,0.2551292,0.93043804,1.0186048,0.9007033,0.09280326,0.45979702,1.0620517,0.96199,0.1334126,0.41848785,0.6707001,0.8128262,0.11379126,-0.16463774,0.659461,0.32423326,-0.41838935,-0.59538,0.0020752505,725.6777,756.7033,160.76923,890.4762,993.22345,0.05059814453125,-0.02838134765625,0.9794921875,1.727142333984375,-3.162689208984375,-0.9271240234375,1.0,2.0,1.0,2.0,2.0,95.0,event
11:26:17.896,1.043139,0.2551292,0.93043804,1.0186048,0.9007033,0.09280326,0.45979702,1.0620517,0.96199,0.1334126,0.41848785,0.6707001,0.8128262,0.11379126,-0.16463774,0.659461,0.32423326,-0.41838935,-0.59538,0.0020752505,841.31866,761.9414,757.50916,909.81683,764.7619,0.05059814453125,-0.02838134765625,0.9794921875,1.727142333984375,-3.162689208984375,-0.9271240234375,1.0,2.0,1.0,4.0,2.0,95.0,event
11:26:17.900,1.043139,0.2551292,0.93043804,1.0186048,0.9007033,0.09280326,0.45979702,1.0620517,0.96199,0.1334126,0.41848785,0.6707001,0.8128262,0.11379126,-0.16463774,0.659461,0.32423326,-0.41838935,-0.59538,0.0020752505,1041.1721,765.9707,1210.403,919.4872,713.5897,0.05059814453125,-0.02838134765625,0.9794921875,1.727142333984375,-3.162689208984375,-0.9271240234375,1.0,2.0,1.0,4.0,2.0,95.0,event
11:26:17.901,1.043139,0.2551292,0.93043804,1.0186048,0.9007033,0.09280326,0.45979702,1.0620517,0.96199,0.1334126,0.41848785,0.6707001,0.8128262,0.11379126,-0.16463774,0.659461,0.32423326,-0.41838935,-0.59538,0.0020752505,1078.2417,768.7912,986.3736,925.9341,765.9707,0.05059814453125,-0.02838134765625,0.9794921875,1.727142333984375,-3.162689208984375,-0.9271240234375,1.0,2.0,1.0,4.0,2.0,95.0,event
11:26:17.927,1.043139,0.2551292,0.93043804,1.0186048,0.9007033,0.09280326,0.45979702,1.0620517,0.96199,0.1334126,0.41848785,0.6707001,0.8128262,0.11379126,-0.16463774,0.659461,0.32423326,-0.41838935,-0.59538,0.0020752505,881.6117,770.40295,955.7509,904.17584,721.2454,0.0601806640625,-0.0206298828125,0.98553466796875,3.0804443359375,-2.968292236328125,-0.306549072265625,1.0,2.0,1.0,4.0,2.0,95.0,event
11:26:17.928,1.043139,0.2551292,0.93043804,1.0186048,0.9007033,0.09280326,0.45979702,1.0620517,0.96199,0.1334126,0.41848785,0.6707001,0.8128262,0.11379126,-0.16463774,0.659461,0.32423326,-0.41838935,-0.59538,0.0020752505,737.76556,775.64105,998.46155,892.49084,636.2271,0.0601806640625,-0.0206298828125,0.98553466796875,3.0804443359375,-2.968292236328125,-0.306549072265625,1.0,2.0,1.0,4.0,2.0,95.0,event
11:26:17.929,1.043139,0.2551292,0.93043804,1.0186048,0.9007033,0.09280326,0.45979702,1.0620517,0.96199,0.1334126,0.41848785,0.6707001,0.8128262,0.11379126,-0.16463774,0.659461,0.32423326,-0.41838935,-0.59538,0.0020752505,807.0696,777.6557,958.1685,894.90845,643.8828,0.0601806640625,-0.0206298828125,0.98553466796875,3.0804443359375,-2.968292236328125,-0.306549072265625,1.0,2.0,1.0,4.0,2.0,95.0,event
11:26:17.930,1.043139,0.2551292,0.93043804,1.0186048,0.9007033,0.09280326,0.45979702,1.0620517,0.96199,0.1334126,0.41848785,0.6707001,0.8128262,0.11379126,-0.16463774,0.659461,0.32423326,-0.41838935,-0.59538,0.0020752505,1057.6923,781.685,1063.3334,925.12823,788.93774,0.0601806640625,-0.0206298828125,0.98553466796875,3.0804443359375,-2.968292236328125,-0.306549072265625,1.0,2.0,1.0,4.0,2.0,95.0,event
11:26:17.930,1.043139,0.2551292,0.93043804,1.0186048,0.9007033,0.09280326,0.45979702,1.0620517,0.96199,0.1334126,0.41848785,0.6707001,0.8128262,0.11379126,-0.16463774,0.659461,0.32423326,-0.41838935,-0.59538,0.0020752505,998.86444,779.2674,999.2674,910.2198,774.43225,0.0601806640625,-0.0206298828125,0.98553466796875,3.0804443359375,-2.968292236328125,-0.306549072265625,1.0,2.0,1.0,4.0,2.0,95.0,event
11:26:17.931,1.043139,0.2551292,0.93043804,1.0186048,0.9007033,0.09280326,0.45979702,1.0620517,0.96199,0.1334126,0.41848785,0.6707001,0.8128262,0.11379126,-0.16463774,0.659461,0.32423326,-0.41838935,-0.59538,0.0020752505,882.4176,786.9231,865.89746,903.36993,814.7253,0.0601806640625,-0.0206298828125,0.98553466796875,3.0804443359375,-2.968292236328125,-0.306549072265625,1.0,2.0,1.0,4.0,2.0,95.0,event
11:26:17.932,1.043139,0.2551292,0.93043804,1.0186048,0.9007033,0.09280326,0.45979702,1.0620517,0.96199,0.1334126,0.41848785,0.6707001,0.8128262,0.11379126,-0.16463774,0.659461,0.32423326,-0.41838935,-0.59538,0.0020752505,719.2308,787.326,711.1722,896.1172,838.0952,0.0601806640625,-0.0206298828125,0.98553466796875,3.0804443359375,-2.968292236328125,-0.306549072265625,1.0,2.0,1.0,4.0,2.0,95.0,event
11:26:17.933,1.043139,0.2551292,0.93043804,1.0186048,0.9007033,0.09280326,0.45979702,1.0620517,0.96199,0.1334126,0.41848785,0.6707001,0.8128262,0.11379126,-0.16463774,0.659461,0.32423326,-0.41838935,-0.59538,0.0020752505,757.9121,784.5055,306.2271,925.5311,1058.9011,0.0601806640625,-0.0206298828125,0.98553466796875,3.0804443359375,-2.968292236328125,-0.306549072265625,1.0,2.0,1.0,4.0,2.0,95.0,event
11:26:17.933,1.043139,0.2551292,0.93043804,1.0186048,0.9007033,0.09280326,0.45979702,1.0620517,0.96199,0.1334126,0.41848785,0.6707001,0.8128262,0.11379126,-0.16463774,0.659461,0.32423326,-0.41838935,-0.59538,0.0020752505,959.3773,793.7729,420.65933,952.9304,1045.6044,0.0601806640625,-0.0206298828125,0.98553466796875,3.0804443359375,-2.968292236328125,-0.306549072265625,1.0,2.0,1.0,4.0,2.0,95.0,event
11:26:17.934,1.043139,0.2551292,0.93043804,1.0186048,0.9007033,0.09280326,0.45979702,1.0620517,0.96199,0.1334126,0.41848785,0.6707001,0.8128262,0.11379126,-0.16463774,0.659461,0.32423326,-0.41838935,-0.59538,0.0020752505,1050.4396,801.02563,1125.7876,936.4103,747.4359,0.0601806640625,-0.0206298828125,0.98553466796875,3.0804443359375,-2.968292236328125,-0.306549072265625,1.0,2.0,1.0,4.0,2.0,95.0,event
11:26:17.935,1.043139,0.2551292,0.93043804,1.0186048,0.9007033,0.09280326,0.45979702,1.0620517,0.96199,0.1334126,0.41848785,0.6707001,0.8128262,0.11379126,-0.16463774,0.659461,0.32423326,-0.41838935,-0.59538,0.0020752505,902.5641,799.81683,975.89746,923.91943,779.67035,0.0601806640625,-0.0206298828125,0.98553466796875,3.0804443359375,-2.968292236328125,-0.306549072265625,1.0,2.0,1.0,4.0,2.0,95.0,event
11:26:17.936,1.043139,0.2551292,0.93043804,1.0186048,0.9007033,0.09280326,0.45979702,1.0620517,0.96199,0.1334126,0.41848785,0.6707001,0.8128262,0.11379126,-0.16463774,0.659461,0.32423326,-0.41838935,-0.59538,0.0020752505,732.1245,798.20514,801.02563,921.0989,803.8461,0.0601806640625,-0.0206298828125,0.98553466796875,3.0804443359375,-2.968292236328125,-0.306549072265625,1.0,2.0,1.0,4.0,2.0,95.0,event
11:26:17.964,1.043139,0.2551292,0.93043804,1.0186048,0.9007033,0.09280326,0.45979702,1.0620517,0.96199,0.1334126,0.41848785,0.6707001,0.8128262,0.11379126,-0.16463774,0.659461,0.32423326,-0.41838935,-0.59538,0.0020752505,746.2271,798.20514,1064.1392,923.1135,718.8278,0.051513671875,-0.02923583984375,0.98541259765625,1.83929443359375,-3.39447021484375,-1.016845703125,1.0,2.0,1.0,4.0,2.0,95.0,event
11:26:17.966,1.043139,0.2551292,0.93043804,1.0186048,0.9007033,0.09280326,0.45979702,1.0620517,0.96199,0.1334126,0.41848785,0.6707001,0.8128262,0.11379126,-0.16463774,0.659461,0.32423326,-0.41838935,-0.59538,0.0020752505,922.3077,800.2198,1205.1648,951.31866,697.8755,0.051513671875,-0.02923583984375,0.98541259765625,1.83929443359375,-3.39447021484375,-1.016845703125,1.0,2.0,1.0,4.0,2.0,95.0,event
11:26:17.967,1.043139,0.2551292,0.93043804,1.0186048,0.9007033,0.09280326,0.45979702,1.0620517,0.96199,0.1334126,0.41848785,0.6707001,0.8128262,0.11379126,-0.16463774,0.659461,0.32423326,-0.41838935,-0.59538,0.0020752505,1021.8315,803.44324,1010.54944,964.21246,774.43225,0.051513671875,-0.02923583984375,0.98541259765625,1.83929443359375,-3.39447021484375,-1.016845703125,1.0,2.0,1.0,4.0,2.0,95.0,event
11:26:17.967,1.043139,0.2551292,0.93043804,1.0186048,0.9007033,0.09280326,0.45979702,1.0620517,0.96199,0.1334126,0.41848785,0.6707001,0.8128262,0.11379126,-0.16463774,0.659461,0.32423326,-0.41838935,-0.59538,0.0020752505,906.5934,802.6374,897.326,938.4249,779.2674,0.051513671875,-0.02923583984375,0.98541259765625,1.83929443359375,-3.39447021484375,-1.016845703125,1.0,2.0,1.0,4.0,2.0,95.0,event
11:26:17.968,1.043139,0.2551292,0.93043804,1.0186048,0.9007033,0.09280326,0.45979702,1.0620517,0.96199,0.1334126,0.41848785,0.6707001,0.8128262,0.11379126,-0.16463774,0.659461,0.32423326,-0.41838935,-0.59538,0.0020752505,724.87177,799.011,921.9048,909.41394,690.2198,0.051513671875,-0.02923583984375,0.98541259765625,1.83929443359375,-3.39447021484375,-1.016845703125,1.0,2.0,1.0,4.0,2.0,95.0,event
11:26:17.969,1.043139,0.2551292,0.93043804,1.0186048,0.9007033,0.09280326,0.45979702,1.0620517,0.96199,0.1334126,0.41848785,0.6707001,0.8128262,0.11379126,-0.16463774,0.659461,0.32423326,-0.41838935,-0.59538,0.0020752505,702.3077,801.4286,871.13556,903.7729,689.011,0.051513671875,-0.02923583984375,0.98541259765625,1.83929443359375,-3.39447021484375,-1.016845703125,1.0,2.0,1.0,4.0,2.0,95.0,event
11:26:17.970,1.043139,0.2551292,0.93043804,1.0186048,0.9007033,0.09280326,0.45979702,1.0620517,0.96199,0.1334126,0.41848785,0.6707001,0.8128262,0.11379126,-0.16463774,0.659461,0.32423326,-0.41838935,-0.59538,0.0020752505,872.3443,805.05493,667.25275,912.6374,1033.9194,0.051513671875,-0.02923583984375,0.98541259765625,1.83929443359375,-3.39447021484375,-1.016845703125,1.0,2.0,1.0,4.0,2.0,95.0,event
11:26:17.970,1.043139,0.2551292,0.93043804,1.0186048,0.9007033,0.09280326,0.45979702,1.0620517,0.96199,0.1334126,0.41848785,0.6707001,0.8128262,0.11379126,-0.16463774,0.659461,0.32423326,-0.41838935,-0.59538,0.0020752505,1005.31134,807.47253,488.75458,920.696,1100.403,0.051513671875,-0.02923583984375,0.98541259765625,1.83929443359375,-3.39447021484375,-1.016845703125,1.0,2.0,1.0,4.0,2.0,95.0,event
11:26:17.971,1.043139,0.2551292,0.93043804,1.0186048,0.9007033,0.09280326,0.45979702,1.0620517,0.96199,0.1334126,0.41848785,0.6707001,0.8128262,0.11379126,-0.16463774,0.659461,0.32423326,-0.41838935,-0.59538,0.0020752505,924.7253,809.89014,899.34064,899.7436,746.63007,0.051513671875,-0.02923583984375,0.98541259765625,1.83929443359375,-3.39447021484375,-1.016845703125,1.0,2.0,1.0,4.0,2.0,95.0,event
11:26:17.972,1.043139,0.2551292,0.93043804,1.0186048,0.9007033,0.09280326,0.45979702,1.0620517,0.96199,0.1334126,0.41848785,0.6707001,0.8128262,0.11379126,-0.16463774,0.659461,0.32423326,-0.41838935,-0.59538,0.0020752505,732.52747,809.0842,1012.96704,879.59705,684.9817,0.051513671875,-0.02923583984375,0.98541259765625,1.83929443359375,-3.39447021484375,-1.016845703125,1.0,2.0,1.0,4.0,2.0,95.0,event
11:26:17.972,1.043139,0.2551292,0.93043804,1.0186048,0.9007033,0.09280326,0.45979702,1.0620517,0.96199,0.1334126,0.41848785,0.6707001,0.8128262,0.11379126,-0.16463774,0.659461,0.32423326,-0.41838935,-0.59538,0.0020752505,687.8022,809.4872,709.9634,886.8498,800.2198,0.051513671875,-0.02923583984375,0.98541259765625,1.83929443359375,-3.39447021484375,-1.016845703125,1.0,2.0,1.0,4.0,2.0,95.0,event
11:26:17.973,1.043139,0.2551292,0.93043804,1.0186048,0.9007033,0.09280326,0.45979702,1.0620517,0.96199,0.1334126,0.41848785,0.6707001,0.8128262,0.11379126,-0.16463774,0.659461,0.32423326,-0.41838935,-0.59538,0.0020752505,856.2271,810.696,865.4945,912.23444,838.9011,0.051513671875,-0.02923583984375,0.98541259765625,1.83929443359375,-3.39447021484375,-1.016845703125,1.0,2.0,1.0,4.0,2.0,95.0,event
11:26:17.976,,,,,,,,,,,,,,,,,,,,,,,,,,,,,,,,,,,,,,blink
11:26:18.004,1.043139,0.2551292,0.93043804,1.0186048,0.9007033,0.09280326,0.45979702,1.0620517,0.96199,0.1334126,0.41848785,0.6707001,0.8128262,0.11379126,-0.16463774,0.659461,0.32423326,-0.41838935,-0.59538,0.0020752505,1031.9048,809.89014,1256.337,934.7985,796.99634,0.070068359375,-0.0306396484375,1.00177001953125,2.3626708984375,-4.538421630859375,0.76263427734375,1.0,2.0,1.0,4.0,2.0,95.0,event
11:26:18.005,1.043139,0.2551292,0.93043804,1.0186048,0.9007033,0.09280326,0.45979702,1.0620517,0.96199,0.1334126,0.41848785,0.6707001,0.8128262,0.11379126,-0.16463774,0.659461,0.32423326,-0.41838935,-0.59538,0.0020752505,964.21246,809.0842,1152.7839,933.9927,817.1429,0.070068359375,-0.0306396484375,1.00177001953125,2.3626708984375,-4.538421630859375,0.76263427734375,1.0,2.0,1.0,4.0,2.0,95.0,event
11:26:18.006,1.043139,0.2551292,0.93043804,1.0186048,0.9007033,0.09280326,0.45979702,1.0620517,0.96199,0.1334126,0.41848785,0.6707001,0.8128262,0.11379126,-0.16463774,0.659461,0.32423326,-0.41838935,-0.59538,0.0020752505,686.99634,797.3993,817.5458,901.75824,784.90845,0.070068359375,-0.0306396484375,1.00177001953125,2.3626708984375,-4.538421630859375,0.76263427734375,1.0,2.0,1.0,4.0,2.0,95.0,event
11:26:18.006,1.043139,0.2551292,0.93043804,1.0186048,0.9007033,0.09280326,0.45979702,1.0620517,0.96199,0.1334126,0.41848785,0.6707001,0.8128262,0.11379126,-0.16463774,0.659461,0.32423326,-0.41838935,-0.59538,0.0020752505,749.85345,801.4286,739.3773,917.47253,836.4835,0.070068359375,-0.0306396484375,1.00177001953125,2.3626708984375,-4.538421630859375,0.76263427734375,1.0,2.0,1.0,4.0,2.0,95.0,event
11:26:18.007,1.043139,0.2551292,0.93043804,1.0186048,0.9007033,0.09280326,0.45979702,1.0620517,0.96199,0.1334126,0.41848785,0.6707001,0.8128262,0.11379126,-0.16463774,0.659461,0.32423326,-0.41838935,-0.59538,0.0020752505,836.08057,799.81683,1134.652,913.0403,699.89014,0.070068359375,-0.0306396484375,1.00177001953125,2.3626708984375,-4.538421630859375,0.76263427734375,1.0,2.0,1.0,4.0,2.0,95.0,event
11:26:18.008,1.043139,0.2551292,0.93043804,1.0186048,0.9007033,0.09280326,0.45979702,1.0620517,0.96199,0.1334126,0.41848785,0.6707001,0.8128262,0.11379126,-0.16463774,0.659461,0.32423326,-0.41838935,-0.59538,0.0020752505,1016.1905,801.8315,1006.1172,931.5751,859.85345,0.070068359375,-0.0306396484375,1.00177001953125,2.3626708984375,-4.538421630859375,0.76263427734375,1.0,2.0,1.0,4.0,2.0,95.0,event
11:26:18.008,1.043139,0.2551292,0.93043804,1.0186048,0.9007033,0.09280326,0.45979702,1.0620517,0.96199,0.1334126,0.41848785,0.6707001,0.8128262,0.11379126,-0.16463774,0.659461,0.32423326,-0.41838935,-0.59538,0.0020752505,969.0476,799.41394,541.9414,931.1722,1032.3077,0.070068359375,-0.0306396484375,1.00177001953125,2.3626708984375,-4.538421630859375,0.76263427734375,1.0,2.0,1.0,4.0,2.0,95.0,event
11:26:18.009,1.043139,0.2551292,0.93043804,1.0186048,0.9007033,0.09280326,0.45979702,1.0620517,0.96199,0.1334126,0.41848785,0.6707001,0.8128262,0.11379126,-0.16463774,0.659461,0.32423326,-0.41838935,-0.59538,0.0020752505,761.9414,800.2198,591.50183,916.26373,836.08057,0.070068359375,-0.0306396484375,1.00177001953125,2.3626708984375,-4.538421630859375,0.76263427734375,1.0,2.0,1.0,4.0,2.0,95.0,event
11:26:18.010,1.043139,0.2551292,0.93043804,1.0186048,0.9007033,0.09280326,0.45979702,1.0620517,0.96199,0.1334126,0.41848785,0.6707001,0.8128262,0.11379126,-0.16463774,0.659461,0.32423326,-0.41838935,-0.59538,0.0020752505,684.17584,801.4286,1025.8608,912.6374,671.685,0.070068359375,-0.0306396484375,1.00177001953125,2.3626708984375,-4.538421630859375,0.76263427734375,1.0,2.0,1.0,4.0,2.0,95.0,event
11:26:18.011,1.043139,0.2551292,0.93043804,1.0186048,0.9007033,0.09280326,0.45979702,1.0620517,0.96199,0.1334126,0.41848785,0.6707001,0.8128262,0.11379126,-0.16463774,0.659461,0.32423326,-0.41838935,-0.59538,0.0020752505,796.1905,795.78754,949.707,924.7253,712.7839,0.070068359375,-0.0306396484375,1.00177001953125,2.3626708984375,-4.538421630859375,0.76263427734375,1.0,2.0,1.0,4.0,2.0,95.0,event
11:26:18.011,1.043139,0.2551292,0.93043804,1.0186048,0.9007033,0.09280326,0.45979702,1.0620517,0.96199,0.1334126,0.41848785,0.6707001,0.8128262,0.11379126,-0.16463774,0.659461,0.32423326,-0.41838935,-0.59538,0.0020752505,986.3736,794.9817,892.49084,944.87177,805.4579,0.070068359375,-0.0306396484375,1.00177001953125,2.3626708984375,-4.538421630859375,0.76263427734375,1.0,2.0,1.0,4.0,2.0,95.0,event
11:26:18.012,1.043139,0.2551292,0.93043804,1.0186048,0.9007033,0.09280326,0.45979702,1.0620517,0.96199,0.1334126,0.41848785,0.6707001,0.8128262,0.11379126,-0.16463774,0.659461,0.32423326,-0.41838935,-0.59538,0.0020752505,995.64105,797.3993,1012.5641,949.707,831.6484,0.070068359375,-0.0306396484375,1.00177001953125,2.3626708984375,-4.538421630859375,0.76263427734375,1.0,2.0,1.0,4.0,2.0,95.0,event
11:26:18.064,1.043139,0.2551292,0.93043804,1.0186048,0.9007033,0.09280326,0.45979702,1.0620517,0.96199,0.1334126,0.41848785,0.6707001,0.8128262,0.11379126,-0.16463774,0.659461,0.32423326,-0.41838935,-0.59538,0.0020752505,781.685,799.011,1029.8901,925.12823,749.85345,0.0517578125,-0.02923583984375,0.99932861328125,1.8243408203125,-3.895416259765625,3.102874755859375,1.0,2.0,1.0,4.0,2.0,95.0,event
11:26:18.065,1.043139,0.2551292,0.93043804,1.0186048,0.9007033,0.09280326,0.45979702,1.0620517,0.96199,0.1334126,0.41848785,0.6707001,0.8128262,0.11379126,-0.16463774,0.659461,0.32423326,-0.41838935,-0.59538,0.0020752505,657.98535,791.3553,710.7692,913.8461,825.6044,0.0517578125,-0.02923583984375,0.99932861328125,1.8243408203125,-3.895416259765625,3.102874755859375,1.0,2.0,1.0,4.0,2.0,95.0,event
11:26:18.066,1.043139,0.2551292,0.93043804,1.0186048,0.9007033,0.09280326,0.45979702,1.0620517,0.96199,0.1334126,0.41848785,0.6707001,0.8128262,0.11379126,-0.16463774,0.659461,0.32423326,-0.41838935,-0.59538,0.0020752505,750.65936,792.1612,574.9817,919.89014,926.337,0.0517578125,-0.02923583984375,0.99932861328125,1.8243408203125,-3.895416259765625,3.102874755859375,1.0,2.0,1.0,4.0,2.0,95.0,event
11:26:18.067,1.043139,0.2551292,0.93043804,1.0186048,0.9007033,0.09280326,0.45979702,1.0620517,0.96199,0.1334126,0.41848785,0.6707001,0.8128262,0.11379126,-0.16463774,0.659461,0.32423326,-0.41838935,-0.59538,0.0020752505,998.0586,795.78754,1179.3773,919.89014,735.7509,0.0517578125,-0.02923583984375,0.99932861328125,1.8243408203125,-3.895416259765625,3.102874755859375,1.0,2.0,1.0,4.0,2.0,95.0,event
11:26:18.067,1.043139,0.2551292,0.93043804,1.0186048,0.9007033,0.09280326,0.45979702,1.0620517,0.96199,0.1334126,0.41848785,0.6707001,0.8128262,0.11379126,-0.16463774,0.659461,0.32423326,-0.41838935,-0.59538,0.0020752505,963.00366,799.81683,1096.3737,923.1135,795.78754,0.0517578125,-0.02923583984375,0.99932861328125,1.8243408203125,-3.895416259765625,3.102874755859375,1.0,2.0,1.0,4.0,2.0,95.0,event
11:26:18.068,1.043139,0.2551292,0.93043804,1.0186048,0.9007033,0.09280326,0.45979702,1.0620517,0.96199,0.1334126,0.41848785,0.6707001,0.8128262,0.11379126,-0.16463774,0.659461,0.32423326,-0.41838935,-0.59538,0.0020752505,770.80585,794.17584,664.43225,912.6374,907.8022,0.0517578125,-0.02923583984375,0.99932861328125,1.8243408203125,-3.895416259765625,3.102874755859375,1.0,2.0,1.0,4.0,2.0,95.0,event
11:26:18.068,1.043139,0.2551292,0.93043804,1.0186048,0.9007033,0.09280326,0.45979702,1.0620517,0.96199,0.1334126,0.41848785,0.6707001,0.8128262,0.11379126,-0.16463774,0.659461,0.32423326,-0.41838935,-0.59538,0.0020752505,625.34796,802.6374,492.38095,907.8022,970.65936,0.0517578125,-0.02923583984375,0.99932861328125,1.8243408203125,-3.895416259765625,3.102874755859375,1.0,2.0,1.0,4.0,2.0,95.0,event
11:26:18.069,1.043139,0.2551292,0.93043804,1.0186048,0.9007033,0.09280326,0.45979702,1.0620517,0.96199,0.1334126,0.41848785,0.6707001,0.8128262,0.11379126,-0.16463774,0.659461,0.32423326,-0.41838935,-0.59538,0.0020752505,720.0366,805.4579,997.25275,909.81683,839.304,0.0517578125,-0.02923583984375,0.99932861328125,1.8243408203125,-3.895416259765625,3.102874755859375,1.0,2.0,1.0,4.0,2.0,95.0,event
11:26:18.070,1.043139,0.2551292,0.93043804,1.0186048,0.9007033,0.09280326,0.45979702,1.0620517,0.96199,0.1334126,0.41848785,0.6707001,0.8128262,0.11379126,-0.16463774,0.659461,0.32423326,-0.41838935,-0.59538,0.0020752505,927.1429,800.2198,1300.6593,906.1905,809.89014,0.0517578125,-0.02923583984375,0.99932861328125,1.8243408203125,-3.895416259765625,3.102874755859375,1.0,2.0,1.0,4.0,2.0,95.0,event
11:26:18.070,1.043139,0.2551292,0.93043804,1.0186048,0.9007033,0.09280326,0.45979702,1.0620517,0.96199,0.1334126,0.41848785,0.6707001,0.8128262,0.11379126,-0.16463774,0.659461,0.32423326,-0.41838935,-0.59538,0.0020752505,983.95605,796.5934,869.12085,888.86444,935.2015,0.0517578125,-0.02923583984375,0.99932861328125,1.8243408203125,-3.895416259765625,3.102874755859375,1.0,2.0,1.0,4.0,2.0,95.0,event
11:26:18.071,1.043139,0.2551292,0.93043804,1.0186048,0.9007033,0.09280326,0.45979702,1.0620517,0.96199,0.1334126,0.41848785,0.6707001,0.8128262,0.11379126,-0.16463774,0.659461,0.32423326,-0.41838935,-0.59538,0.0020752505,806.6667,797.3993,612.8571,877.98535,899.34064,0.0517578125,-0.02923583984375,0.99932861328125,1.8243408203125,-3.895416259765625,3.102874755859375,1.0,2.0,1.0,4.0,2.0,95.0,event
11:26:18.071,1.043139,0.2551292,0.93043804,1.0186048,0.9007033,0.09280326,0.45979702,1.0620517,0.96199,0.1334126,0.41848785,0.6707001,0.8128262,0.11379126,-0.16463774,0.659461,0.32423326,-0.41838935,-0.59538,0.0020752505,660.40295,801.02563,979.92676,882.01465,702.3077,0.0517578125,-0.02923583984375,0.99932861328125,1.8243408203125,-3.895416259765625,3.102874755859375,1.0,2.0,1.0,4.0,2.0,95.0,event
11:26:18.098,1.043139,0.2551292,0.93043804,1.0186048,0.9007033,0.09280326,0.45979702,1.0620517,0.96199,0.1334126,0.41848785,0.6707001,0.8128262,0.11379126,-0.16463774,0.659461,0.32423326,-0.41838935,-0.59538,0.0020752505,703.1135,803.44324,1023.8461,895.7143,690.2198,0.0517578125,-0.02923583984375,0.99932861328125,1.8243408203125,-3.895416259765625,3.102874755859375,1.0,2.0,1.0,4.0,2.0,95.0,event
11:26:18.099,1.043139,0.2551292,0.93043804,1.0186048,0.9007033,0.09280326,0.45979702,1.0620517,0.96199,0.1334126,0.41848785,0.6707001,0.8128262,0.11379126,-0.16463774,0.659461,0.32423326,-0.41838935,-0.59538,0.0020752505,876.3736,799.011,916.6667,901.75824,706.7399,0.0517578125,-0.02923583984375,0.99932861328125,1.8243408203125,-3.895416259765625,3.102874755859375,1.0,2.0,1.0,4.0,2.0,95.0,event
11:26:18.103,1.043139,0.2551292,0.93043804,1.0186048,0.9007033,0.09280326,0.45979702,1.0620517,0.96199,0.1334126,0.41848785,0.6707001,0.8128262,0.11379126,-0.16463774,0.659461,0.32423326,-0.41838935,-0.59538,0.0020752505,960.58606,798.60803,1017.3993,894.5055,721.6484,0.0517578125,-0.02923583984375,0.99932861328125,1.8243408203125,-3.895416259765625,3.102874755859375,1.0,2.0,1.0,4.0,2.0,95.0,event
11:26:18.104,1.043139,0.2551292,0.93043804,1.0186048,0.9007033,0.09280326,0.45979702,1.0620517,0.96199,0.1334126,0.41848785,0.6707001,0.8128262,0.11379126,-0.16463774,0.659461,0.32423326,-0.41838935,-0.59538,0.0020752505,809.4872,801.4286,1021.4286,873.1502,692.23444,0.0517578125,-0.02923583984375,0.99932861328125,1.8243408203125,-3.895416259765625,3.102874755859375,1.0,2.0,1.0,4.0,2.0,95.0,event
11:26:18.105,1.043139,0.2551292,0.93043804,1.0186048,0.9007033,0.09280326,0.45979702,1.0620517,0.96199,0.1334126,0.41848785,0.6707001,0.8128262,0.11379126,-0.16463774,0.659461,0.32423326,-0.41838935,-0.59538,0.0020752505,628.5714,797.8022,817.5458,865.09155,729.707,0.0517578125,-0.02923583984375,0.99932861328125,1.8243408203125,-3.895416259765625,3.102874755859375,1.0,2.0,1.0,4.0,2.0,95.0,event
11:26:18.105,1.043139,0.2551292,0.93043804,1.0186048,0.9007033,0.09280326,0.45979702,1.0620517,0.96199,0.1334126,0.41848785,0.6707001,0.8128262,0.11379126,-0.16463774,0.659461,0.32423326,-0.41838935,-0.59538,0.0020752505,664.43225,795.78754,655.9707,887.6557,839.707,0.0517578125,-0.02923583984375,0.99932861328125,1.8243408203125,-3.895416259765625,3.102874755859375,1.0,2.0,1.0,4.0,2.0,95.0,event
11:26:18.106,1.043139,0.2551292,0.93043804,1.0186048,0.9007033,0.09280326,0.45979702,1.0620517,0.96199,0.1334126,0.41848785,0.6707001,0.8128262,0.11379126,-0.16463774,0.659461,0.32423326,-0.41838935,-0.59538,0.0020752505,862.674,801.4286,708.3516,899.7436,839.707,0.0517578125,-0.02923583984375,0.99932861328125,1.8243408203125,-3.895416259765625,3.102874755859375,1.0,2.0,1.0,4.0,2.0,95.0,event
11:26:18.107,1.043139,0.2551292,0.93043804,1.0186048,0.9007033,0.09280326,0.45979702,1.0620517,0.96199,0.1334126,0.41848785,0.6707001,0.8128262,0.11379126,-0.16463774,0.659461,0.32423326,-0.41838935,-0.59538,0.0020752505,977.1062,808.68134,886.8498,896.1172,794.17584,0.0517578125,-0.02923583984375,0.99932861328125,1.8243408203125,-3.895416259765625,3.102874755859375,1.0,2.0,1.0,4.0,2.0,95.0,event
11:26:18.107,1.043139,0.2551292,0.93043804,1.0186048,0.9007033,0.09280326,0.45979702,1.0620517,0.96199,0.1334126,0.41848785,0.6707001,0.8128262,0.11379126,-0.16463774,0.659461,0.32423326,-0.41838935,-0.59538,0.0020752505,843.73627,805.05493,887.25275,881.2088,775.64105,0.0517578125,-0.02923583984375,0.99932861328125,1.8243408203125,-3.895416259765625,3.102874755859375,1.0,2.0,1.0,4.0,2.0,95.0,event
11:26:18.108,1.043139,0.2551292,0.93043804,1.0186048,0.9007033,0.09280326,0.45979702,1.0620517,0.96199,0.1334126,0.41848785,0.6707001,0.8128262,0.11379126,-0.16463774,0.659461,0.32423326,-0.41838935,-0.59538,0.0020752505,636.63007,799.41394,266.337,858.24176,953.73627,0.0517578125,-0.02923583984375,0.99932861328125,1.8243408203125,-3.895416259765625,3.102874755859375,1.0,2.0,1.0,4.0,2.0,95.0,event
11:26:18.109,1.043139,0.2551292,0.93043804,1.0186048,0.9007033,0.09280326,0.45979702,1.0620517,0.96199,0.1334126,0.41848785,0.6707001,0.8128262,0.11379126,-0.16463774,0.659461,0.32423326,-0.41838935,-0.59538,0.0020752505,646.7033,803.8461,426.7033,853.00366,863.0769,0.0517578125,-0.02923583984375,0.99932861328125,1.8243408203125,-3.895416259765625,3.102874755859375,1.0,2.0,1.0,4.0,2.0,95.0,event
11:26:18.110,1.043139,0.2551292,0.93043804,1.0186048,0.9007033,0.09280326,0.45979702,1.0620517,0.96199,0.1334126,0.41848785,0.6707001,0.8128262,0.11379126,-0.16463774,0.659461,0.32423326,-0.41838935,-0.59538,0.0020752505,842.52747,803.0403,1086.3004,864.2857,622.9304,0.0517578125,-0.02923583984375,0.99932861328125,1.8243408203125,-3.895416259765625,3.102874755859375,1.0,2.0,1.0,4.0,2.0,95.0,event
11:26:18.132,1.043139,0.2551292,0.93043804,1.0186048,0.9007033,0.09280326,0.45979702,1.0620517,0.96199,0.1334126,0.41848785,0.6707001,0.8128262,0.11379126,-0.16463774,0.659461,0.32423326,-0.41838935,-0.59538,0.0020752505,973.8828,800.2198,939.6337,894.5055,705.5311,0.0555419921875,-0.02947998046875,0.98089599609375,2.19818115234375,-4.643096923828125,0.261688232421875,1.0,2.0,1.0,4.0,2.0,95.0,event
11:26:18.134,1.043139,0.2551292,0.93043804,1.0186048,0.9007033,0.09280326,0.45979702,1.0620517,0.96199,0.1334126,0.41848785,0.6707001,0.8128262,0.11379126,-0.16463774,0.659461,0.32423326,-0.41838935,-0.59538,0.0020752505,865.89746,799.011,848.1685,893.2967,819.15753,0.0555419921875,-0.02947998046875,0.98089599609375,2.19818115234375,-4.643096923828125,0.261688232421875,1.0,2.0,1.0,4.0,2.0,95.0,event
11:26:18.135,1.043139,0.2551292,0.93043804,1.0186048,0.9007033,0.09280326,0.45979702,1.0620517,0.96199,0.1334126,0.41848785,0.6707001,0.8128262,0.11379126,-0.16463774,0.659461,0.32423326,-0.41838935,-0.59538,0.0020752505,670.4762,797.3993,962.6007,877.98535,741.39197,0.0555419921875,-0.02947998046875,0.98089599609375,2.19818115234375,-4.643096923828125,0.261688232421875,1.0,2.0,1.0,4.0,2.0,95.0,event
11:26:18.135,1.043139,0.2551292,0.93043804,1.0186048,0.9007033,0.09280326,0.45979702,1.0620517,0.96199,0.1334126,0.41848785,0.6707001,0.8128262,0.11379126,-0.16463774,0.659461,0.32423326,-0.41838935,-0.59538,0.0020752505,648.71796,793.7729,1037.5458,902.1612,684.57874,0.0555419921875,-0.02947998046875,0.98089599609375,2.19818115234375,-4.643096923828125,0.261688232421875,1.0,2.0,1.0,4.0,2.0,95.0,event
11:26:18.136,1.043139,0.2551292,0.93043804,1.0186048,0.9007033,0.09280326,0.45979702,1.0620517,0.96199,0.1334126,0.41848785,0.6707001,0.8128262,0.11379126,-0.16463774,0.659461,0.32423326,-0.41838935,-0.59538,0.0020752505,799.81683,790.14655,983.5531,933.1868,795.38464,0.0555419921875,-0.02947998046875,0.98089599609375,2.19818115234375,-4.643096923828125,0.261688232421875,1.0,2.0,1.0,4.0,2.0,95.0,event
11:26:18.137,1.043139,0.2551292,0.93043804,1.0186048,0.9007033,0.09280326,0.45979702,1.0620517,0.96199,0.1334126,0.41848785,0.6707001,0.8128262,0.11379126,-0.16463774,0.659461,0.32423326,-0.41838935,-0.59538,0.0020752505,936.4103,791.75824,808.68134,942.4542,868.315,0.0555419921875,-0.02947998046875,0.98089599609375,2.19818115234375,-4.643096923828125,0.261688232421875,1.0,2.0,1.0,4.0,2.0,95.0,event
11:26:18.137,1.043139,0.2551292,0.93043804,1.0186048,0.9007033,0.09280326,0.45979702,1.0620517,0.96199,0.1334126,0.41848785,0.6707001,0.8128262,0.11379126,-0.16463774,0.659461,0.32423326,-0.41838935,-0.59538,0.0020752505,864.2857,795.78754,716.4103,923.91943,878.3883,0.0555419921875,-0.02947998046875,0.98089599609375,2.19818115234375,-4.643096923828125,0.261688232421875,1.0,2.0,1.0,4.0,2.0,95.0,event
11:26:18.138,1.043139,0.2551292,0.93043804,1.0186048,0.9007033,0.09280326,0.45979702,1.0620517,0.96199,0.1334126,0.41848785,0.6707001,0.8128262,0.11379126,-0.16463774,0.659461,0.32423326,-0.41838935,-0.59538,0.0020752505,667.6557,797.3993,779.2674,902.5641,857.4359,0.0555419921875,-0.02947998046875,0.98089599609375,2.19818115234375,-4.643096923828125,0.261688232421875,1.0,2.0,1.0,4.0,2.0,95.0,event
11:26:18.139,1.043139,0.2551292,0.93043804,1.0186048,0.9007033,0.09280326,0.45979702,1.0620517,0.96199,0.1334126,0.41848785,0.6707001,0.8128262,0.11379126,-0.16463774,0.659461,0.32423326,-0.41838935,-0.59538,0.0020752505,611.6484,792.5641,597.9487,914.65204,1007.326,0.0555419921875,-0.02947998046875,0.98089599609375,2.19818115234375,-4.643096923828125,0.261688232421875,1.0,2.0,1.0,4.0,2.0,95.0,event
11:26:18.139,1.043139,0.2551292,0.93043804,1.0186048,0.9007033,0.09280326,0.45979702,1.0620517,0.96199,0.1334126,0.41848785,0.6707001,0.8128262,0.11379126,-0.16463774,0.659461,0.32423326,-0.41838935,-0.59538,0.0020752505,748.6447,791.75824,307.83884,941.6484,1074.2124,0.0555419921875,-0.02947998046875,0.98089599609375,2.19818115234375,-4.643096923828125,0.261688232421875,1.0,2.0,1.0,4.0,2.0,95.0,event
11:26:18.140,1.043139,0.2551292,0.93043804,1.0186048,0.9007033,0.09280326,0.45979702,1.0620517,0.96199,0.1334126,0.41848785,0.6707001,0.8128262,0.11379126,-0.16463774,0.659461,0.32423326,-0.41838935,-0.59538,0.0020752505,950.10986,796.99634,858.24176,961.79486,823.1868,0.0555419921875,-0.02947998046875,0.98089599609375,2.19818115234375,-4.643096923828125,0.261688232421875,1.0,2.0,1.0,4.0,2.0,95.0,event
11:26:18.141,1.043139,0.2551292,0.93043804,1.0186048,0.9007033,0.09280326,0.45979702,1.0620517,0.96199,0.1334126,0.41848785,0.6707001,0.8128262,0.11379126,-0.16463774,0.659461,0.32423326,-0.41838935,-0.59538,0.0020752505,917.0696,794.9817,1123.773,960.18317,747.03296,0.0555419921875,-0.02947998046875,0.98089599609375,2.19818115234375,-4.643096923828125,0.261688232421875,1.0,2.0,1.0,4.0,2.0,95.0,event
11:26:18.196,1.043139,0.2551292,0.93043804,1.0186048,0.9007033,0.09280326,0.45979702,1.0620517,0.96199,0.1334126,0.41848785,0.6707001,0.8128262,0.11379126,-0.16463774,0.659461,0.32423326,-0.41838935,-0.59538,0.0020752505,703.5165,793.7729,861.06226,938.8278,781.28204,0.06378173828125,-0.0286865234375,0.9881591796875,1.495361328125,-3.506622314453125,-1.4056396484375,1.0,2.0,1.0,4.0,2.0,95.0,event
11:26:18.197,1.043139,0.2551292,0.93043804,1.0186048,0.9007033,0.09280326,0.45979702,1.0620517,0.96199,0.1334126,0.41848785,0.6707001,0.8128262,0.11379126,-0.16463774,0.659461,0.32423326,-0.41838935,-0.59538,0.0020752505,645.4945,798.60803,985.16486,932.381,765.56775,0.06378173828125,-0.0286865234375,0.9881591796875,1.495361328125,-3.506622314453125,-1.4056396484375,1.0,2.0,1.0,4.0,2.0,95.0,event
11:26:18.198,1.043139,0.2551292,0.93043804,1.0186048,0.9007033,0.09280326,0.45979702,1.0620517,0.96199,0.1334126,0.41848785,0.6707001,0.8128262,0.11379126,-0.16463774,0.659461,0.32423326,-0.41838935,-0.59538,0.0020752505,776.04395,801.8315,1170.9158,955.34796,728.49817,0.06378173828125,-0.0286865234375,0.9881591796875,1.495361328125,-3.506622314453125,-1.4056396484375,1.0,2.0,1.0,4.0,2.0,95.0,event
11:26:18.199,1.043139,0.2551292,0.93043804,1.0186048,0.9007033,0.09280326,0.45979702,1.0620517,0.96199,0.1334126,0.41848785,0.6707001,0.8128262,0.11379126,-0.16463774,0.659461,0.32423326,-0.41838935,-0.59538,0.0020752505,962.1978,799.011,1106.4469,979.92676,726.4835,0.06378173828125,-0.0286865234375,0.9881591796875,1.495361328125,-3.506622314453125,-1.4056396484375,1.0,2.0,1.0,4.0,2.0,95.0,event
11:26:18.204,1.043139,0.2551292,0.93043804,1.0186048,0.9007033,0.09280326,0.45979702,1.0620517,0.96199,0.1334126,0.41848785,0.6707001,0.8128262,0.11379126,-0.16463774,0.659461,0.32423326,-0.41838935,-0.59538,0.0020752505,920.293,800.6227,896.1172,965.42126,806.6667,0.06378173828125,-0.0286865234375,0.9881591796875,1.495361328125,-3.506622314453125,-1.4056396484375,1.0,2.0,1.0,4.0,2.0,95.0,event
11:26:18.205,1.043139,0.2551292,0.93043804,1.0186048,0.9007033,0.09280326,0.45979702,1.0620517,0.96199,0.1334126,0.41848785,0.6707001,0.8128262,0.11379126,-0.16463774,0.659461,0.32423326,-0.41838935,-0.59538,0.0020752505,706.7399,800.2198,690.6227,940.4396,829.6337,0.06378173828125,-0.0286865234375,0.9881591796875,1.495361328125,-3.506622314453125,-1.4056396484375,1.0,2.0,1.0,4.0,2.0,95.0,event
11:26:18.206,1.043139,0.2551292,0.93043804,1.0186048,0.9007033,0.09280326,0.45979702,1.0620517,0.96199,0.1334126,0.41848785,0.6707001,0.8128262,0.11379126,-0.16463774,0.659461,0.32423326,-0.41838935,-0.59538,0.0020752505,644.2857,795.78754,714.7985,949.707,809.89014,0.06378173828125,-0.0286865234375,0.9881591796875,1.495361328125,-3.506622314453125,-1.4056396484375,1.0,2.0,1.0,4.0,2.0,95.0,event
11:26:18.207,1.043139,0.2551292,0.93043804,1.0186048,0.9007033,0.09280326,0.45979702,1.0620517,0.96199,0.1334126,0.41848785,0.6707001,0.8128262,0.11379126,-0.16463774,0.659461,0.32423326,-0.41838935,-0.59538,0.0020752505,730.10986,793.36993,805.4579,968.24176,798.60803,0.06378173828125,-0.0286865234375,0.9881591796875,1.495361328125,-3.506622314453125,-1.4056396484375,1.0,2.0,1.0,4.0,2.0,95.0,event
11:26:18.207,1.043139,0.2551292,0.93043804,1.0186048,0.9007033,0.09280326,0.45979702,1.0620517,0.96199,0.1334126,0.41848785,0.6707001,0.8128262,0.11379126,-0.16463774,0.659461,0.32423326,-0.41838935,-0.59538,0.0020752505,904.57874,795.38464,515.7509,976.7033,954.5421,0.06378173828125,-0.0286865234375,0.9881591796875,1.495361328125,-3.506622314453125,-1.4056396484375,1.0,2.0,1.0,4.0,2.0,95.0,event
11:26:18.208,1.043139,0.2551292,0.93043804,1.0186048,0.9007033,0.09280326,0.45979702,1.0620517,0.96199,0.1334126,0.41848785,0.6707001,0.8128262,0.11379126,-0.16463774,0.659461,0.32423326,-0.41838935,-0.59538,0.0020752505,946.08057,801.02563,664.0293,971.4652,872.74725,0.06378173828125,-0.0286865234375,0.9881591796875,1.495361328125,-3.506622314453125,-1.4056396484375,1.0,2.0,1.0,4.0,2.0,95.0,event
11:26:18.209,1.043139,0.2551292,0.93043804,1.0186048,0.9007033,0.09280326,0.45979702,1.0620517,0.96199,0.1334126,0.41848785,0.6707001,0.8128262,0.11379126,-0.16463774,0.659461,0.32423326,-0.41838935,-0.59538,0.0020752505,755.09155,800.2198,942.4542,948.0952,658.3883,0.06378173828125,-0.0286865234375,0.9881591796875,1.495361328125,-3.506622314453125,-1.4056396484375,1.0,2.0,1.0,4.0,2.0,95.0,event
11:26:18.209,1.043139,0.2551292,0.93043804,1.0186048,0.9007033,0.09280326,0.45979702,1.0620517,0.96199,0.1334126,0.41848785,0.6707001,0.8128262,0.11379126,-0.16463774,0.659461,0.32423326,-0.41838935,-0.59538,0.0020752505,614.0659,792.96704,680.54944,950.10986,828.8278,0.06378173828125,-0.0286865234375,0.9881591796875,1.495361328125,-3.506622314453125,-1.4056396484375,1.0,2.0,1.0,4.0,2.0,95.0,event
11:26:18.235,1.043139,0.2551292,0.93043804,1.0186048,0.9007033,0.09280326,0.45979702,1.0620517,0.96199,0.1334126,0.41848785,0.6707001,0.8128262,0.11379126,-0.16463774,0.659461,0.32423326,-0.41838935,-0.59538,0.0020752505,691.4286,792.1612,730.10986,959.3773,888.86444,0.06439208984375,-0.02777099609375,0.983154296875,3.42437744140625,-3.297271728515625,0.059814453125,1.0,2.0,1.0,4.0,2.0,95.0,event
11:26:18.236,1.043139,0.2551292,0.93043804,1.0186048,0.9007033,0.09280326,0.45979702,1.0620517,0.96199,0.1334126,0.41848785,0.6707001,0.8128262,0.11379126,-0.16463774,0.659461,0.32423326,-0.41838935,-0.59538,0.0020752505,895.31134,797.3993,1141.5018,958.5714,765.9707,0.06439208984375,-0.02777099609375,0.983154296875,3.42437744140625,-3.297271728515625,0.059814453125,1.0,2.0,1.0,4.0,2.0,95.0,event
11:26:18.237,1.043139,0.2551292,0.93043804,1.0186048,0.9007033,0.09280326,0.45979702,1.0620517,0.96199,0.1334126,0.41848785,0.6707001,0.8128262,0.11379126,-0.16463774,0.659461,0.32423326,-0.41838935,-0.59538,0.0020752505,952.52747,794.9817,1200.3297,954.94507,767.1795,0.06439208984375,-0.02777099609375,0.983154296875,3.42437744140625,-3.297271728515625,0.059814453125,1.0,2.0,1.0,4.0,2.0,95.0,event
11:26:18.238,1.043139,0.2551292,0.93043804,1.0186048,0.9007033,0.09280326,0.45979702,1.0620517,0.96199,0.1334126,0.41848785,0.6707001,0.8128262,0.11379126,-0.16463774,0.659461,0.32423326,-0.41838935,-0.59538,0.0020752505,759.12085,795.38464,904.17584,942.8571,805.05493,0.06439208984375,-0.02777099609375,0.983154296875,3.42437744140625,-3.297271728515625,0.059814453125,1.0,2.0,1.0,4.0,2.0,95.0,event
11:26:18.238,1.043139,0.2551292,0.93043804,1.0186048,0.9007033,0.09280326,0.45979702,1.0620517,0.96199,0.1334126,0.41848785,0.6707001,0.8128262,0.11379126,-0.16463774,0.659461,0.32423326,-0.41838935,-0.59538,0.0020752505,609.6337,797.8022,824.3956,934.3956,772.8205,0.06439208984375,-0.02777099609375,0.983154296875,3.42437744140625,-3.297271728515625,0.059814453125,1.0,2.0,1.0,4.0,2.0,95.0,event
11:26:18.239,1.043139,0.2551292,0.93043804,1.0186048,0.9007033,0.09280326,0.45979702,1.0620517,0.96199,0.1334126,0.41848785,0.6707001,0.8128262,0.11379126,-0.16463774,0.659461,0.32423326,-0.41838935,-0.59538,0.0020752505,838.0952,803.0403,871.9414,947.28937,796.1905,0.06439208984375,-0.02777099609375,0.983154296875,3.42437744140625,-3.297271728515625,0.059814453125,1.0,2.0,1.0,4.0,2.0,95.0,event
11:26:18.239,1.043139,0.2551292,0.93043804,1.0186048,0.9007033,0.09280326,0.45979702,1.0620517,0.96199,0.1334126,0.41848785,0.6707001,0.8128262,0.11379126,-0.16463774,0.659461,0.32423326,-0.41838935,-0.59538,0.0020752505,659.59705,798.60803,820.7692,937.619,728.0952,0.06439208984375,-0.02777099609375,0.983154296875,3.42437744140625,-3.297271728515625,0.059814453125,1.0,2.0,1.0,4.0,2.0,95.0,event
11:26:18.240,1.043139,0.2551292,0.93043804,1.0186048,0.9007033,0.09280326,0.45979702,1.0620517,0.96199,0.1334126,0.41848785,0.6707001,0.8128262,0.11379126,-0.16463774,0.659461,0.32423326,-0.41838935,-0.59538,0.0020752505,913.44324,802.6374,642.27106,950.9158,987.98535,0.06439208984375,-0.02777099609375,0.983154296875,3.42437744140625,-3.297271728515625,0.059814453125,1.0,2.0,1.0,4.0,2.0,95.0,event
11:26:18.241,1.043139,0.2551292,0.93043804,1.0186048,0.9007033,0.09280326,0.45979702,1.0620517,0.96199,0.1334126,0.41848785,0.6707001,0.8128262,0.11379126,-0.16463774,0.659461,0.32423326,-0.41838935,-0.59538,0.0020752505,769.19415,803.0403,276.41025,948.0952,1025.8608,0.06439208984375,-0.02777099609375,0.983154296875,3.42437744140625,-3.297271728515625,0.059814453125,1.0,2.0,1.0,4.0,2.0,95.0,event
11:26:18.241,1.043139,0.2551292,0.93043804,1.0186048,0.9007033,0.09280326,0.45979702,1.0620517,0.96199,0.1334126,0.41848785,0.6707001,0.8128262,0.11379126,-0.16463774,0.659461,0.32423326,-0.41838935,-0.59538,0.0020752505,617.28937,809.4872,769.59705,934.7985,764.7619,0.06439208984375,-0.02777099609375,0.983154296875,3.42437744140625,-3.297271728515625,0.059814453125,1.0,2.0,1.0,4.0,2.0,95.0,event
11:26:18.242,1.043139,0.2551292,0.93043804,1.0186048,0.9007033,0.09280326,0.45979702,1.0620517,0.96199,0.1334126,0.41848785,0.6707001,0.8128262,0.11379126,-0.16463774,0.659461,0.32423326,-0.41838935,-0.59538,0.0020752505,632.6007,803.44324,1094.359,929.5604,707.1429,0.06439208984375,-0.02777099609375,0.983154296875,3.42437744140625,-3.297271728515625,0.059814453125,1.0,2.0,1.0,4.0,2.0,95.0,event
11:26:18.243,1.043139,0.2551292,0.93043804,1.0186048,0.9007033,0.09280326,0.45979702,1.0620517,0.96199,0.1334126,0.41848785,0.6707001,0.8128262,0.11379126,-0.16463774,0.659461,0.32423326,-0.41838935,-0.59538,0.0020752505,828.4249,798.20514,1016.5934,948.0952,787.72894,0.06439208984375,-0.02777099609375,0.983154296875,3.42437744140625,-3.297271728515625,0.059814453125,1.0,2.0,1.0,4.0,2.0,95.0,event
11:26:18.296,1.043139,0.2551292,0.93043804,1.0186048,0.9007033,0.09280326,0.45979702,1.0620517,0.96199,0.1334126,0.41848785,0.6707001,0.8128262,0.11379126,-0.16463774,0.659461,0.32423326,-0.41838935,-0.59538,0.0020752505,933.9927,799.81683,1058.4982,956.1539,771.2088,0.0550537109375,-0.02850341796875,0.98748779296875,1.495361328125,-3.043060302734375,0.0299072265625,1.0,2.0,1.0,4.0,2.0,95.0,event
11:26:18.298,1.043139,0.2551292,0.93043804,1.0186048,0.9007033,0.09280326,0.45979702,1.0620517,0.96199,0.1334126,0.41848785,0.6707001,0.8128262,0.11379126,-0.16463774,0.659461,0.32423326,-0.41838935,-0.59538,0.0020752505,797.8022,800.2198,952.1245,938.8278,730.9158,0.0550537109375,-0.02850341796875,0.98748779296875,1.495361328125,-3.043060302734375,0.0299072265625,1.0,2.0,1.0,4.0,2.0,95.0,event
11:26:18.298,1.043139,0.2551292,0.93043804,1.0186048,0.9007033,0.09280326,0.45979702,1.0620517,0.96199,0.1334126,0.41848785,0.6707001,0.8128262,0.11379126,-0.16463774,0.659461,0.32423326,-0.41838935,-0.59538,0.0020752505,630.18317,800.2198,743.8095,931.5751,752.27106,0.0550537109375,-0.02850341796875,0.98748779296875,1.495361328125,-3.043060302734375,0.0299072265625,1.0,2.0,1.0,4.0,2.0,95.0,event
11:26:18.299,1.043139,0.2551292,0.93043804,1.0186048,0.9007033,0.09280326,0.45979702,1.0620517,0.96199,0.1334126,0.41848785,0.6707001,0.8128262,0.11379126,-0.16463774,0.659461,0.32423326,-0.41838935,-0.59538,0.0020752505,637.03296,802.6374,699.4872,943.2601,807.8755,0.0550537109375,-0.02850341796875,0.98748779296875,1.495361328125,-3.043060302734375,0.0299072265625,1.0,2.0,1.0,4.0,2.0,95.0,event
11:26:18.300,1.043139,0.2551292,0.93043804,1.0186048,0.9007033,0.09280326,0.45979702,1.0620517,0.96199,0.1334126,0.41848785,0.6707001,0.8128262,0.11379126,-0.16463774,0.659461,0.32423326,-0.41838935,-0.59538,0.0020752505,828.4249,803.8461,910.2198,965.0183,765.56775,0.0550537109375,-0.02850341796875,0.98748779296875,1.495361328125,-3.043060302734375,0.0299072265625,1.0,2.0,1.0,4.0,2.0,95.0,event
11:26:18.301,1.043139,0.2551292,0.93043804,1.0186048,0.9007033,0.09280326,0.45979702,1.0620517,0.96199,0.1334126,0.41848785,0.6707001,0.8128262,0.11379126,-0.16463774,0.659461,0.32423326,-0.41838935,-0.59538,0.0020752505,953.3333,806.6667,906.1905,973.8828,784.10254,0.0550537109375,-0.02850341796875,0.98748779296875,1.495361328125,-3.043060302734375,0.0299072265625,1.0,2.0,1.0,4.0,2.0,95.0,event
11:26:18.305,1.043139,0.2551292,0.93043804,1.0186048,0.9007033,0.09280326,0.45979702,1.0620517,0.96199,0.1334126,0.41848785,0.6707001,0.8128262,0.11379126,-0.16463774,0.659461,0.32423326,-0.41838935,-0.59538,0.0020752505,834.87177,806.6667,705.9341,941.2454,897.72894,0.0550537109375,-0.02850341796875,0.98748779296875,1.495361328125,-3.043060302734375,0.0299072265625,1.0,2.0,1.0,4.0,2.0,95.0,event
11:26:18.306,1.043139,0.2551292,0.93043804,1.0186048,0.9007033,0.09280326,0.45979702,1.0620517,0.96199,0.1334126,0.41848785,0.6707001,0.8128262,0.11379126,-0.16463774,0.659461,0.32423326,-0.41838935,-0.59538,0.0020752505,635.42126,803.44324,361.02563,904.9817,1010.14655,0.0550537109375,-0.02850341796875,0.98748779296875,1.495361328125,-3.043060302734375,0.0299072265625,1.0,2.0,1.0,4.0,2.0,95.0,event
11:26:18.307,1.043139,0.2551292,0.93043804,1.0186048,0.9007033,0.09280326,0.45979702,1.0620517,0.96199,0.1334126,0.41848785,0.6707001,0.8128262,0.11379126,-0.16463774,0.659461,0.32423326,-0.41838935,-0.59538,0.0020752505,627.76556,803.0403,619.304,911.8315,922.3077,0.0550537109375,-0.02850341796875,0.98748779296875,1.495361328125,-3.043060302734375,0.0299072265625,1.0,2.0,1.0,4.0,2.0,95.0,event
11:26:18.308,1.043139,0.2551292,0.93043804,1.0186048,0.9007033,0.09280326,0.45979702,1.0620517,0.96199,0.1334126,0.41848785,0.6707001,0.8128262,0.11379126,-0.16463774,0.659461,0.32423326,-0.41838935,-0.59538,0.0020752505,812.3077,802.6374,1226.1172,937.2161,753.47986,0.0550537109375,-0.02850341796875,0.98748779296875,1.495361328125,-3.043060302734375,0.0299072265625,1.0,2.0,1.0,4.0,2.0,95.0,event
11:26:18.308,1.043139,0.2551292,0.93043804,1.0186048,0.9007033,0.09280326,0.45979702,1.0620517,0.96199,0.1334126,0.41848785,0.6707001,0.8128262,0.11379126,-0.16463774,0.659461,0.32423326,-0.41838935,-0.59538,0.0020752505,960.58606,803.44324,1031.5018,940.84247,749.45056,0.0550537109375,-0.02850341796875,0.98748779296875,1.495361328125,-3.043060302734375,0.0299072265625,1.0,2.0,1.0,4.0,2.0,95.0,event
11:26:18.309,1.043139,0.2551292,0.93043804,1.0186048,0.9007033,0.09280326,0.45979702,1.0620517,0.96199,0.1334126,0.41848785,0.6707001,0.8128262,0.11379126,-0.16463774,0.659461,0.32423326,-0.41838935,-0.59538,0.0020752505,883.22345,802.6374,821.5751,924.3223,753.0769,0.0550537109375,-0.02850341796875,0.98748779296875,1.495361328125,-3.043060302734375,0.0299072265625,1.0,2.0,1.0,4.0,2.0,95.0,event
11:26:18.332,1.043139,0.2551292,0.93043804,1.0186048,0.9007033,0.09280326,0.45979702,1.0620517,0.96199,0.1334126,0.41848785,0.6707001,0.8128262,0.11379126,-0.16463774,0.659461,0.32423326,-0.41838935,-0.59538,0.0020752505,690.6227,800.2198,963.4066,911.4286,701.9048,0.0550537109375,-0.02850341796875,0.98748779296875,1.495361328125,-3.043060302734375,0.0299072265625,1.0,2.0,1.0,4.0,2.0,95.0,event
11:26:18.333,1.043139,0.2551292,0.93043804,1.0186048,0.9007033,0.09280326,0.45979702,1.0620517,0.96199,0.1334126,0.41848785,0.6707001,0.8128262,0.11379126,-0.16463774,0.659461,0.32423326,-0.41838935,-0.59538,0.0020752505,636.2271,799.81683,1033.5165,913.8461,633.00366,0.0550537109375,-0.02850341796875,0.98748779296875,1.495361328125,-3.043060302734375,0.0299072265625,1.0,2.0,1.0,4.0,2.0,95.0,event
11:26:18.334,1.043139,0.2551292,0.93043804,1.0186048,0.9007033,0.09280326,0.45979702,1.0620517,0.96199,0.1334126,0.41848785,0.6707001,0.8128262,0.11379126,-0.16463774,0.659461,0.32423326,-0.41838935,-0.59538,0.0020752505,778.46155,796.1905,929.15753,934.3956,702.3077,0.0550537109375,-0.02850341796875,0.98748779296875,1.495361328125,-3.043060302734375,0.0299072265625,1.0,2.0,1.0,4.0,2.0,95.0,event
11:26:18.336,1.043139,0.2551292,0.93043804,1.0186048,0.9007033,0.09280326,0.45979702,1.0620517,0.96199,0.1334126,0.41848785,0.6707001,0.8128262,0.11379126,-0.16463774,0.659461,0.32423326,-0.41838935,-0.59538,0.0020752505,960.18317,796.99634,974.68866,947.6923,781.28204,0.0550537109375,-0.02850341796875,0.98748779296875,1.495361328125,-3.043060302734375,0.0299072265625,1.0,2.0,1.0,4.0,2.0,95.0,event
11:26:18.337,1.043139,0.2551292,0.93043804,1.0186048,0.9007033,0.09280326,0.45979702,1.0620517,0.96199,0.1334126,0.41848785,0.6707001,0.8128262,0.11379126,-0.16463774,0.659461,0.32423326,-0.41838935,-0.59538,0.0020752505,921.50183,798.20514,1062.9304,942.8571,792.1612,0.0550537109375,-0.02850341796875,0.98748779296875,1.495361328125,-3.043060302734375,0.0299072265625,1.0,2.0,1.0,4.0,2.0,95.0,event
11:26:18.337,1.043139,0.2551292,0.93043804,1.0186048,0.9007033,0.09280326,0.45979702,1.0620517,0.96199,0.1334126,0.41848785,0.6707001,0.8128262,0.11379126,-0.16463774,0.659461,0.32423326,-0.41838935,-0.59538,0.0020752505,709.15753,795.38464,865.89746,918.68134,794.57874,0.0550537109375,-0.02850341796875,0.98748779296875,1.495361328125,-3.043060302734375,0.0299072265625,1.0,2.0,1.0,4.0,2.0,95.0,event
11:26:18.338,1.043139,0.2551292,0.93043804,1.0186048,0.9007033,0.09280326,0.45979702,1.0620517,0.96199,0.1334126,0.41848785,0.6707001,0.8128262,0.11379126,-0.16463774,0.659461,0.32423326,-0.41838935,-0.59538,0.0020752505,622.9304,793.7729,496.41025,915.4579,929.15753,0.0550537109375,-0.02850341796875,0.98748779296875,1.495361328125,-3.043060302734375,0.0299072265625,1.0,2.0,1.0,4.0,2.0,95.0,event
11:26:18.339,1.043139,0.2551292,0.93043804,1.0186048,0.9007033,0.09280326,0.45979702,1.0620517,0.96199,0.1334126,0.41848785,0.6707001,0.8128262,0.11379126,-0.16463774,0.659461,0.32423326,-0.41838935,-0.59538,0.0020752505,745.42126,793.36993,330.80585,942.8571,1093.1501,0.0550537109375,-0.02850341796875,0.98748779296875,1.495361328125,-3.043060302734375,0.0299072265625,1.0,2.0,1.0,4.0,2.0,95.0,event
11:26:18.340,1.043139,0.2551292,0.93043804,1.0186048,0.9007033,0.09280326,0.45979702,1.0620517,0.96199,0.1334126,0.41848785,0.6707001,0.8128262,0.11379126,-0.16463774,0.659461,0.32423326,-0.41838935,-0.59538,0.0020752505,953.73627,799.41394,929.9634,948.9011,895.31134,0.0550537109375,-0.02850341796875,0.98748779296875,1.495361328125,-3.043060302734375,0.0299072265625,1.0,2.0,1.0,4.0,2.0,95.0,event
11:26:18.340,1.043139,0.2551292,0.93043804,1.0186048,0.9007033,0.09280326,0.45979702,1.0620517,0.96199,0.1334126,0.41848785,0.6707001,0.8128262,0.11379126,-0.16463774,0.659461,0.32423326,-0.41838935,-0.59538,0.0020752505,952.9304,799.41394,1134.249,931.5751,772.01465,0.0550537109375,-0.02850341796875,0.98748779296875,1.495361328125,-3.043060302734375,0.0299072265625,1.0,2.0,1.0,4.0,2.0,95.0,event
11:26:18.341,1.043139,0.2551292,0.93043804,1.0186048,0.9007033,0.09280326,0.45979702,1.0620517,0.96199,0.1334126,0.41848785,0.6707001,0.8128262,0.11379126,-0.16463774,0.659461,0.32423326,-0.41838935,-0.59538,0.0020752505,733.73627,796.5934,819.15753,906.5934,804.65204,0.0550537109375,-0.02850341796875,0.98748779296875,1.495361328125,-3.043060302734375,0.0299072265625,1.0,2.0,1.0,4.0,2.0,95.0,event
11:26:18.342,1.043139,0.2551292,0.93043804,1.0186048,0.9007033,0.09280326,0.45979702,1.0620517,0.96199,0.1334126,0.41848785,0.6707001,0.8128262,0.11379126,-0.16463774,0.659461,0.32423326,-0.41838935,-0.59538,0.0020752505,632.1978,790.14655,907.8022,894.90845,752.27106,0.0550537109375,-0.02850341796875,0.98748779296875,1.495361328125,-3.043060302734375,0.0299072265625,1.0,2.0,1.0,4.0,2.0,95.0,event
11:26:18.399,1.043139,0.2551292,0.93043804,1.0186048,0.9007033,0.09280326,0.45979702,1.0620517,0.96199,0.1334126,0.41848785,0.6707001,0.8128262,0.11379126,-0.16463774,0.659461,0.32423326,-0.41838935,-0.59538,0.0020752505,742.6007,789.34064,1148.3517,902.1612,688.60803,0.05584716796875,-0.033935546875,0.97955322265625,2.0635986328125,-1.79443359375,-0.979461669921875,1.0,2.0,1.0,4.0,2.0,95.0,event
11:26:18.401,1.043139,0.2551292,0.93043804,1.0186048,0.9007033,0.09280326,0.45979702,1.0620517,0.96199,0.1334126,0.41848785,0.6707001,0.8128262,0.11379126,-0.16463774,0.659461,0.32423326,-0.41838935,-0.59538,0.0020752505,940.4396,794.17584,1113.6996,917.47253,714.3956,0.05584716796875,-0.033935546875,0.97955322265625,2.0635986328125,-1.79443359375,-0.979461669921875,1.0,2.0,1.0,4.0,2.0,95.0,event
11:26:18.401,1.043139,0.2551292,0.93043804,1.0186048,0.9007033,0.09280326,0.45979702,1.0620517,0.96199,0.1334126,0.41848785,0.6707001,0.8128262,0.11379126,-0.16463774,0.659461,0.32423326,-0.41838935,-0.59538,0.0020752505,961.39197,797.8022,914.65204,913.0403,783.2967,0.05584716796875,-0.033935546875,0.97955322265625,2.0635986328125,-1.79443359375,-0.979461669921875,1.0,2.0,1.0,4.0,2.0,95.0,event
11:26:18.402,1.043139,0.2551292,0.93043804,1.0186048,0.9007033,0.09280326,0.45979702,1.0620517,0.96199,0.1334126,0.41848785,0.6707001,0.8128262,0.11379126,-0.16463774,0.659461,0.32423326,-0.41838935,-0.59538,0.0020752505,758.71796,799.011,898.1319,890.07324,724.0659,0.05584716796875,-0.033935546875,0.97955322265625,2.0635986328125,-1.79443359375,-0.979461669921875,1.0,2.0,1.0,4.0,2.0,95.0,event
11:26:18.403,1.043139,0.2551292,0.93043804,1.0186048,0.9007033,0.09280326,0.45979702,1.0620517,0.96199,0.1334126,0.41848785,0.6707001,0.8128262,0.11379126,-0.16463774,0.659461,0.32423326,-0.41838935,-0.59538,0.0020752505,636.63007,796.5934,1026.2638,883.6264,692.23444,0.05584716796875,-0.033935546875,0.97955322265625,2.0635986328125,-1.79443359375,-0.979461669921875,1.0,2.0,1.0,4.0,2.0,95.0,event
11:26:18.404,1.043139,0.2551292,0.93043804,1.0186048,0.9007033,0.09280326,0.45979702,1.0620517,0.96199,0.1334126,0.41848785,0.6707001,0.8128262,0.11379126,-0.16463774,0.659461,0.32423326,-0.41838935,-0.59538,0.0020752505,712.7839,794.9817,913.44324,893.2967,875.56775,0.05584716796875,-0.033935546875,0.97955322265625,2.0635986328125,-1.79443359375,-0.979461669921875,1.0,2.0,1.0,4.0,2.0,95.0,event
11:26:18.405,1.043139,0.2551292,0.93043804,1.0186048,0.9007033,0.09280326,0.45979702,1.0620517,0.96199,0.1334126,0.41848785,0.6707001,0.8128262,0.11379126,-0.16463774,0.659461,0.32423326,-0.41838935,-0.59538,0.0020752505,964.61536,792.5641,821.978,902.5641,872.74725,0.05584716796875,-0.033935546875,0.97955322265625,2.0635986328125,-1.79443359375,-0.979461669921875,1.0,2.0,1.0,4.0,2.0,95.0,event
11:26:18.405,1.043139,0.2551292,0.93043804,1.0186048,0.9007033,0.09280326,0.45979702,1.0620517,0.96199,0.1334126,0.41848785,0.6707001,0.8128262,0.11379126,-0.16463774,0.659461,0.32423326,-0.41838935,-0.59538,0.0020752505,902.1612,790.14655,692.23444,906.1905,1035.1282,0.05584716796875,-0.033935546875,0.97955322265625,2.0635986328125,-1.79443359375,-0.979461669921875,1.0,2.0,1.0,4.0,2.0,95.0,event
11:26:18.410,1.043139,0.2551292,0.93043804,1.0186048,0.9007033,0.09280326,0.45979702,1.0620517,0.96199,0.1334126,0.41848785,0.6707001,0.8128262,0.11379126,-0.16463774,0.659461,0.32423326,-0.41838935,-0.59538,0.0020752505,780.4762,794.9817,873.5531,876.77655,754.68866,0.05584716796875,-0.033935546875,0.97955322265625,2.0635986328125,-1.79443359375,-0.979461669921875,1.0,2.0,1.0,4.0,2.0,95.0,event
11:26:18.411,1.043139,0.2551292,0.93043804,1.0186048,0.9007033,0.09280326,0.45979702,1.0620517,0.96199,0.1334126,0.41848785,0.6707001,0.8128262,0.11379126,-0.16463774,0.659461,0.32423326,-0.41838935,-0.59538,0.0020752505,628.5714,792.5641,756.30035,863.0769,784.90845,0.05584716796875,-0.033935546875,0.97955322265625,2.0635986328125,-1.79443359375,-0.979461669921875,1.0,2.0,1.0,4.0,2.0,95.0,event
11:26:18.412,1.043139,0.2551292,0.93043804,1.0186048,0.9007033,0.09280326,0.45979702,1.0620517,0.96199,0.1334126,0.41848785,0.6707001,0.8128262,0.11379126,-0.16463774,0.659461,0.32423326,-0.41838935,-0.59538,0.0020752505,692.6374,794.57874,509.70697,877.1795,874.7619,0.05584716796875,-0.033935546875,0.97955322265625,2.0635986328125,-1.79443359375,-0.979461669921875,1.0,2.0,1.0,4.0,2.0,95.0,event
11:26:18.413,1.043139,0.2551292,0.93043804,1.0186048,0.9007033,0.09280326,0.45979702,1.0620517,0.96199,0.1334126,0.41848785,0.6707001,0.8128262,0.11379126,-0.16463774,0.659461,0.32423326,-0.41838935,-0.59538,0.0020752505,904.17584,798.20514,802.23444,893.69965,766.77655,0.05584716796875,-0.033935546875,0.97955322265625,2.0635986328125,-1.79443359375,-0.979461669921875,1.0,2.0,1.0,4.0,2.0,95.0,event
11:26:18.436,1.043139,0.2551292,0.93043804,1.0186048,0.9007033,0.09280326,0.45979702,1.0620517,0.96199,0.1334126,0.41848785,0.6707001,0.8128262,0.11379126,-0.16463774,0.659461,0.32423326,-0.41838935,-0.59538,0.0020752505,987.5824,796.1905,1149.1575,894.10254,645.09155,0.05755615234375,-0.02801513671875,0.97613525390625,3.775787353515625,-2.250518798828125,0.538330078125,1.0,2.0,1.0,4.0,2.0,95.0,event
11:26:18.437,1.043139,0.2551292,0.93043804,1.0186048,0.9007033,0.09280326,0.45979702,1.0620517,0.96199,0.1334126,0.41848785,0.6707001,0.8128262,0.11379126,-0.16463774,0.659461,0.32423326,-0.41838935,-0.59538,0.0020752505,821.1722,799.011,880.40295,877.5824,797.8022,0.05755615234375,-0.02801513671875,0.97613525390625,3.775787353515625,-2.250518798828125,0.538330078125,1.0,2.0,1.0,4.0,2.0,95.0,event
11:26:18.438,1.043139,0.2551292,0.93043804,1.0186048,0.9007033,0.09280326,0.45979702,1.0620517,0.96199,0.1334126,0.41848785,0.6707001,0.8128262,0.11379126,-0.16463774,0.659461,0.32423326,-0.41838935,-0.59538,0.0020752505,651.13556,802.23444,797.3993,867.50916,803.8461,0.05755615234375,-0.02801513671875,0.97613525390625,3.775787353515625,-2.250518798828125,0.538330078125,1.0,2.0,1.0,4.0,2.0,95.0,event
11:26:18.439,1.043139,0.2551292,0.93043804,1.0186048,0.9007033,0.09280326,0.45979702,1.0620517,0.96199,0.1334126,0.41848785,0.6707001,0.8128262,0.11379126,-0.16463774,0.659461,0.32423326,-0.41838935,-0.59538,0.0020752505,687.3993,794.9817,1057.2894,865.4945,664.43225,0.05755615234375,-0.02801513671875,0.97613525390625,3.775787353515625,-2.250518798828125,0.538330078125,1.0,2.0,1.0,4.0,2.0,95.0,event
11:26:18.440,1.043139,0.2551292,0.93043804,1.0186048,0.9007033,0.09280326,0.45979702,1.0620517,0.96199,0.1334126,0.41848785,0.6707001,0.8128262,0.11379126,-0.16463774,0.659461,0.32423326,-0.41838935,-0.59538,0.0020752505,898.1319,793.36993,1170.9158,882.8205,690.6227,0.05755615234375,-0.02801513671875,0.97613525390625,3.775787353515625,-2.250518798828125,0.538330078125,1.0,2.0,1.0,4.0,2.0,95.0,event
11:26:18.440,1.043139,0.2551292,0.93043804,1.0186048,0.9007033,0.09280326,0.45979702,1.0620517,0.96199,0.1334126,0.41848785,0.6707001,0.8128262,0.11379126,-0.16463774,0.659461,0.32423326,-0.41838935,-0.59538,0.0020752505,981.9414,793.36993,875.56775,884.43225,970.2564,0.05755615234375,-0.02801513671875,0.97613525390625,3.775787353515625,-2.250518798828125,0.538330078125,1.0,2.0,1.0,4.0,2.0,95.0,event
11:26:18.441,1.043139,0.2551292,0.93043804,1.0186048,0.9007033,0.09280326,0.45979702,1.0620517,0.96199,0.1334126,0.41848785,0.6707001,0.8128262,0.11379126,-0.16463774,0.659461,0.32423326,-0.41838935,-0.59538,0.0020752505,820.7692,793.36993,612.4542,859.0476,1037.1428,0.05755615234375,-0.02801513671875,0.97613525390625,3.775787353515625,-2.250518798828125,0.538330078125,1.0,2.0,1.0,4.0,2.0,95.0,event
11:26:18.442,1.043139,0.2551292,0.93043804,1.0186048,0.9007033,0.09280326,0.45979702,1.0620517,0.96199,0.1334126,0.41848785,0.6707001,0.8128262,0.11379126,-0.16463774,0.659461,0.32423326,-0.41838935,-0.59538,0.0020752505,660.40295,798.60803,848.97437,849.3773,778.46155,0.05755615234375,-0.02801513671875,0.97613525390625,3.775787353515625,-2.250518798828125,0.538330078125,1.0,2.0,1.0,4.0,2.0,95.0,event
11:26:18.443,1.043139,0.2551292,0.93043804,1.0186048,0.9007033,0.09280326,0.45979702,1.0620517,0.96199,0.1334126,0.41848785,0.6707001,0.8128262,0.11379126,-0.16463774,0.659461,0.32423326,-0.41838935,-0.59538,0.0020752505,676.1172,797.3993,1142.3077,854.21246,709.15753,0.05755615234375,-0.02801513671875,0.97613525390625,3.775787353515625,-2.250518798828125,0.538330078125,1.0,2.0,1.0,4.0,2.0,95.0,event
11:26:18.444,1.043139,0.2551292,0.93043804,1.0186048,0.9007033,0.09280326,0.45979702,1.0620517,0.96199,0.1334126,0.41848785,0.6707001,0.8128262,0.11379126,-0.16463774,0.659461,0.32423326,-0.41838935,-0.59538,0.0020752505,855.42126,790.54944,875.56775,868.71796,909.41394,0.05755615234375,-0.02801513671875,0.97613525390625,3.775787353515625,-2.250518798828125,0.538330078125,1.0,2.0,1.0,4.0,2.0,95.0,event
11:26:18.444,1.043139,0.2551292,0.93043804,1.0186048,0.9007033,0.09280326,0.45979702,1.0620517,0.96199,0.1334126,0.41848785,0.6707001,0.8128262,0.11379126,-0.16463774,0.659461,0.32423326,-0.41838935,-0.59538,0.0020752505,978.71796,790.9524,764.35895,878.7912,917.0696,0.05755615234375,-0.02801513671875,0.97613525390625,3.775787353515625,-2.250518798828125,0.538330078125,1.0,2.0,1.0,4.0,2.0,95.0,event
11:26:18.445,1.043139,0.2551292,0.93043804,1.0186048,0.9007033,0.09280326,0.45979702,1.0620517,0.96199,0.1334126,0.41848785,0.6707001,0.8128262,0.11379126,-0.16463774,0.659461,0.32423326,-0.41838935,-0.59538,0.0020752505,865.89746,796.99634,895.31134,857.8388,791.3553,0.05755615234375,-0.02801513671875,0.97613525390625,3.775787353515625,-2.250518798828125,0.538330078125,1.0,2.0,1.0,4.0,2.0,95.0,event
11:26:18.469,1.043139,0.2551292,0.93043804,1.0186048,0.9007033,0.09280326,0.45979702,1.0620517,0.96199,0.1334126,0.41848785,0.6707001,0.8128262,0.11379126,-0.16463774,0.659461,0.32423326,-0.41838935,-0.59538,0.0020752505,667.6557,794.57874,754.68866,835.6777,789.7436,0.05401611328125,-0.01934814453125,0.99713134765625,3.66363525390625,-3.237457275390625,2.43743896484375,1.0,2.0,1.0,4.0,2.0,95.0,event
11:26:18.470,1.043139,0.2551292,0.93043804,1.0186048,0.9007033,0.09280326,0.45979702,1.0620517,0.96199,0.1334126,0.41848785,0.6707001,0.8128262,0.11379126,-0.16463774,0.659461,0.32423326,-0.41838935,-0.59538,0.0020752505,648.315,789.7436,593.1135,856.63007,795.78754,0.05401611328125,-0.01934814453125,0.99713134765625,3.66363525390625,-3.237457275390625,2.43743896484375,1.0,2.0,1.0,4.0,2.0,95.0,event
11:26:18.471,1.043139,0.2551292,0.93043804,1.0186048,0.9007033,0.09280326,0.45979702,1.0620517,0.96199,0.1334126,0.41848785,0.6707001,0.8128262,0.11379126,-0.16463774,0.659461,0.32423326,-0.41838935,-0.59538,0.0020752505,844.94507,794.57874,826.8132,888.86444,794.9817,0.05401611328125,-0.01934814453125,0.99713134765625,3.66363525390625,-3.237457275390625,2.43743896484375,1.0,2.0,1.0,4.0,2.0,95.0,event
11:26:18.472,1.043139,0.2551292,0.93043804,1.0186048,0.9007033,0.09280326,0.45979702,1.0620517,0.96199,0.1334126,0.41848785,0.6707001,0.8128262,0.11379126,-0.16463774,0.659461,0.32423326,-0.41838935,-0.59538,0.0020752505,996.4469,799.41394,1191.8682,884.83514,716.0073,0.05401611328125,-0.01934814453125,0.99713134765625,3.66363525390625,-3.237457275390625,2.43743896484375,1.0,2.0,1.0,4.0,2.0,95.0,event
11:26:18.472,1.043139,0.2551292,0.93043804,1.0186048,0.9007033,0.09280326,0.45979702,1.0620517,0.96199,0.1334126,0.41848785,0.6707001,0.8128262,0.11379126,-0.16463774,0.659461,0.32423326,-0.41838935,-0.59538,0.0020752505,875.56775,794.9817,1006.9231,856.2271,716.8132,0.05401611328125,-0.01934814453125,0.99713134765625,3.66363525390625,-3.237457275390625,2.43743896484375,1.0,2.0,1.0,4.0,2.0,95.0,event
11:26:18.473,1.043139,0.2551292,0.93043804,1.0186048,0.9007033,0.09280326,0.45979702,1.0620517,0.96199,0.1334126,0.41848785,0.6707001,0.8128262,0.11379126,-0.16463774,0.659461,0.32423326,-0.41838935,-0.59538,0.0020752505,666.04395,792.5641,732.9304,834.87177,859.45056,0.05401611328125,-0.01934814453125,0.99713134765625,3.66363525390625,-3.237457275390625,2.43743896484375,1.0,2.0,1.0,4.0,2.0,95.0,event
11:26:18.474,1.043139,0.2551292,0.93043804,1.0186048,0.9007033,0.09280326,0.45979702,1.0620517,0.96199,0.1334126,0.41848785,0.6707001,0.8128262,0.11379126,-0.16463774,0.659461,0.32423326,-0.41838935,-0.59538,0.0020752505,817.5458,797.3993,1132.6373,839.707,750.65936,0.05401611328125,-0.01934814453125,0.99713134765625,3.66363525390625,-3.237457275390625,2.43743896484375,1.0,2.0,1.0,4.0,2.0,95.0,event
11:26:18.474,1.043139,0.2551292,0.93043804,1.0186048,0.9007033,0.09280326,0.45979702,1.0620517,0.96199,0.1334126,0.41848785,0.6707001,0.8128262,0.11379126,-0.16463774,0.659461,0.32423326,-0.41838935,-0.59538,0.0020752505,643.47986,799.81683,776.4469,830.4396,884.0293,0.05401611328125,-0.01934814453125,0.99713134765625,3.66363525390625,-3.237457275390625,2.43743896484375,1.0,2.0,1.0,4.0,2.0,95.0,event
11:26:18.475,1.043139,0.2551292,0.93043804,1.0186048,0.9007033,0.09280326,0.45979702,1.0620517,0.96199,0.1334126,0.41848785,0.6707001,0.8128262,0.11379126,-0.16463774,0.659461,0.32423326,-0.41838935,-0.59538,0.0020752505,981.53845,791.3553,1140.2931,854.61536,817.1429,0.05401611328125,-0.01934814453125,0.99713134765625,3.66363525390625,-3.237457275390625,2.43743896484375,1.0,2.0,1.0,4.0,2.0,95.0,event
11:26:18.476,1.043139,0.2551292,0.93043804,1.0186048,0.9007033,0.09280326,0.45979702,1.0620517,0.96199,0.1334126,0.41848785,0.6707001,0.8128262,0.11379126,-0.16463774,0.659461,0.32423326,-0.41838935,-0.59538,0.0020752505,909.41394,788.5348,626.1539,846.9597,949.707,0.05401611328125,-0.01934814453125,0.99713134765625,3.66363525390625,-3.237457275390625,2.43743896484375,1.0,2.0,1.0,4.0,2.0,95.0,event
11:26:18.480,1.043139,0.2551292,0.93043804,1.0186048,0.9007033,0.09280326,0.45979702,1.0620517,0.96199,0.1334126,0.41848785,0.6707001,0.8128262,0.11379126,-0.16463774,0.659461,0.32423326,-0.41838935,-0.59538,0.0020752505,721.6484,793.36993,771.6117,831.6484,809.89014,0.05401611328125,-0.01934814453125,0.99713134765625,3.66363525390625,-3.237457275390625,2.43743896484375,1.0,2.0,1.0,4.0,2.0,95.0,event
11:26:18.482,1.043139,0.2551292,0.93043804,1.0186048,0.9007033,0.09280326,0.45979702,1.0620517,0.96199,0.1334126,0.41848785,0.6707001,0.8128262,0.11379126,-0.16463774,0.659461,0.32423326,-0.41838935,-0.59538,0.0020752505,665.2381,797.3993,1164.4689,834.4689,718.022,0.05401611328125,-0.01934814453125,0.99713134765625,3.66363525390625,-3.237457275390625,2.43743896484375,1.0,2.0,1.0,4.0,2.0,95.0,event
11:26:18.525,1.043139,0.2551292,0.93043804,1.0186048,0.9007033,0.09280326,0.45979702,1.0620517,0.96199,0.1334126,0.41848785,0.6707001,0.8128262,0.11379126,-0.16463774,0.659461,0.32423326,-0.41838935,-0.59538,0.0020752505,785.7143,790.9524,1066.1538,850.58606,783.2967,0.05401611328125,-0.01934814453125,0.99713134765625,3.66363525390625,-3.237457275390625,2.43743896484375,1.0,2.0,1.0,4.0,2.0,95.0,event
11:26:18.526,1.043139,0.2551292,0.93043804,1.0186048,0.9007033,0.09280326,0.45979702,1.0620517,0.96199,0.1334126,0.41848785,0.6707001,0.8128262,0.11379126,-0.16463774,0.659461,0.32423326,-0.41838935,-0.59538,0.0020752505,975.89746,794.57874,1014.57874,868.315,770.0,0.05401611328125,-0.01934814453125,0.99713134765625,3.66363525390625,-3.237457275390625,2.43743896484375,1.0,2.0,1.0,4.0,2.0,95.0,event
11:26:18.527,1.043139,0.2551292,0.93043804,1.0186048,0.9007033,0.09280326,0.45979702,1.0620517,0.96199,0.1334126,0.41848785,0.6707001,0.8128262,0.11379126,-0.16463774,0.659461,0.32423326,-0.41838935,-0.59538,0.0020752505,951.7216,798.20514,948.9011,855.82416,777.6557,0.05401611328125,-0.01934814453125,0.99713134765625,3.66363525390625,-3.237457275390625,2.43743896484375,1.0,2.0,1.0,4.0,2.0,95.0,event
11:26:18.528,1.043139,0.2551292,0.93043804,1.0186048,0.9007033,0.09280326,0.45979702,1.0620517,0.96199,0.1334126,0.41848785,0.6707001,0.8128262,0.11379126,-0.16463774,0.659461,0.32423326,-0.41838935,-0.59538,0.0020752505,734.94507,796.5934,943.2601,826.8132,738.1685,0.05401611328125,-0.01934814453125,0.99713134765625,3.66363525390625,-3.237457275390625,2.43743896484375,1.0,2.0,1.0,4.0,2.0,95.0,event
11:26:18.528,1.043139,0.2551292,0.93043804,1.0186048,0.9007033,0.09280326,0.45979702,1.0620517,0.96199,0.1334126,0.41848785,0.6707001,0.8128262,0.11379126,-0.16463774,0.659461,0.32423326,-0.41838935,-0.59538,0.0020752505,641.4652,803.8461,794.9817,828.8278,753.0769,0.05401611328125,-0.01934814453125,0.99713134765625,3.66363525390625,-3.237457275390625,2.43743896484375,1.0,2.0,1.0,4.0,2.0,95.0,event
11:26:18.529,1.043139,0.2551292,0.93043804,1.0186048,0.9007033,0.09280326,0.45979702,1.0620517,0.96199,0.1334126,0.41848785,0.6707001,0.8128262,0.11379126,-0.16463774,0.659461,0.32423326,-0.41838935,-0.59538,0.0020752505,746.63007,806.26373,648.315,836.08057,908.60803,0.05401611328125,-0.01934814453125,0.99713134765625,3.66363525390625,-3.237457275390625,2.43743896484375,1.0,2.0,1.0,4.0,2.0,95.0,event
11:26:18.530,1.043139,0.2551292,0.93043804,1.0186048,0.9007033,0.09280326,0.45979702,1.0620517,0.96199,0.1334126,0.41848785,0.6707001,0.8128262,0.11379126,-0.16463774,0.659461,0.32423326,-0.41838935,-0.59538,0.0020752505,946.08057,801.8315,880.40295,843.3333,910.2198,0.05401611328125,-0.01934814453125,0.99713134765625,3.66363525390625,-3.237457275390625,2.43743896484375,1.0,2.0,1.0,4.0,2.0,95.0,event
11:26:18.531,1.043139,0.2551292,0.93043804,1.0186048,0.9007033,0.09280326,0.45979702,1.0620517,0.96199,0.1334126,0.41848785,0.6707001,0.8128262,0.11379126,-0.16463774,0.659461,0.32423326,-0.41838935,-0.59538,0.0020752505,749.85345,800.6227,734.5421,827.2161,865.09155,0.05401611328125,-0.01934814453125,0.99713134765625,3.66363525390625,-3.237457275390625,2.43743896484375,1.0,2.0,1.0,4.0,2.0,95.0,event
11:26:18.531,1.043139,0.2551292,0.93043804,1.0186048,0.9007033,0.09280326,0.45979702,1.0620517,0.96199,0.1334126,0.41848785,0.6707001,0.8128262,0.11379126,-0.16463774,0.659461,0.32423326,-0.41838935,-0.59538,0.0020752505,967.03296,803.44324,1117.326,845.7509,809.4872,0.05401611328125,-0.01934814453125,0.99713134765625,3.66363525390625,-3.237457275390625,2.43743896484375,1.0,2.0,1.0,4.0,2.0,95.0,event
11:26:18.532,1.043139,0.2551292,0.93043804,1.0186048,0.9007033,0.09280326,0.45979702,1.0620517,0.96199,0.1334126,0.41848785,0.6707001,0.8128262,0.11379126,-0.16463774,0.659461,0.32423326,-0.41838935,-0.59538,0.0020752505,618.9011,794.9817,423.07693,822.7839,953.3333,0.05401611328125,-0.01934814453125,0.99713134765625,3.66363525390625,-3.237457275390625,2.43743896484375,1.0,2.0,1.0,4.0,2.0,95.0,event
11:26:18.533,1.043139,0.2551292,0.93043804,1.0186048,0.9007033,0.09280326,0.45979702,1.0620517,0.96199,0.1334126,0.41848785,0.6707001,0.8128262,0.11379126,-0.16463774,0.659461,0.32423326,-0.41838935,-0.59538,0.0020752505,720.84247,798.60803,1089.9268,826.4103,772.4176,0.05401611328125,-0.01934814453125,0.99713134765625,3.66363525390625,-3.237457275390625,2.43743896484375,1.0,2.0,1.0,4.0,2.0,95.0,event
11:26:18.534,1.043139,0.2551292,0.93043804,1.0186048,0.9007033,0.09280326,0.45979702,1.0620517,0.96199,0.1334126,0.41848785,0.6707001,0.8128262,0.11379126,-0.16463774,0.659461,0.32423326,-0.41838935,-0.59538,0.0020752505,917.8755,794.17584,1210.8059,830.0366,716.8132,0.05401611328125,-0.01934814453125,0.99713134765625,3.66363525390625,-3.237457275390625,2.43743896484375,1.0,2.0,1.0,4.0,2.0,95.0,event
11:26:18.575,1.043139,0.2551292,0.93043804,1.0186048,0.9007033,0.09280326,0.45979702,1.0620517,0.96199,0.1334126,0.41848785,0.6707001,0.8128262,0.11379126,-0.16463774,0.659461,0.32423326,-0.41838935,-0.59538,0.0020752505,955.34796,794.17584,962.6007,826.4103,727.28937,0.0465087890625,-0.02508544921875,0.96630859375,3.4393310546875,-0.321502685546875,0.79254150390625,1.0,2.0,1.0,4.0,2.0,95.0,event
11:26:18.576,1.043139,0.2551292,0.93043804,1.0186048,0.9007033,0.09280326,0.45979702,1.0620517,0.96199,0.1334126,0.41848785,0.6707001,0.8128262,0.11379126,-0.16463774,0.659461,0.32423326,-0.41838935,-0.59538,0.0020752505,765.56775,802.23444,950.5128,811.0989,669.67035,0.0465087890625,-0.02508544921875,0.96630859375,3.4393310546875,-0.321502685546875,0.79254150390625,1.0,2.0,1.0,4.0,2.0,95.0,event
11:26:18.577,1.043139,0.2551292,0.93043804,1.0186048,0.9007033,0.09280326,0.45979702,1.0620517,0.96199,0.1334126,0.41848785,0.6707001,0.8128262,0.11379126,-0.16463774,0.659461,0.32423326,-0.41838935,-0.59538,0.0020752505,627.3626,800.6227,1038.3517,805.8608,616.8865,0.0465087890625,-0.02508544921875,0.96630859375,3.4393310546875,-0.321502685546875,0.79254150390625,1.0,2.0,1.0,4.0,2.0,95.0,event
11:26:18.577,1.043139,0.2551292,0.93043804,1.0186048,0.9007033,0.09280326,0.45979702,1.0620517,0.96199,0.1334126,0.41848785,0.6707001,0.8128262,0.11379126,-0.16463774,0.659461,0.32423326,-0.41838935,-0.59538,0.0020752505,677.72894,799.81683,1062.5275,810.293,683.7729,0.0465087890625,-0.02508544921875,0.96630859375,3.4393310546875,-0.321502685546875,0.79254150390625,1.0,2.0,1.0,4.0,2.0,95.0,event
11:26:18.578,1.043139,0.2551292,0.93043804,1.0186048,0.9007033,0.09280326,0.45979702,1.0620517,0.96199,0.1334126,0.41848785,0.6707001,0.8128262,0.11379126,-0.16463774,0.659461,0.32423326,-0.41838935,-0.59538,0.0020752505,865.4945,799.41394,971.4652,824.3956,776.8498,0.0465087890625,-0.02508544921875,0.96630859375,3.4393310546875,-0.321502685546875,0.79254150390625,1.0,2.0,1.0,4.0,2.0,95.0,event
11:26:18.579,1.043139,0.2551292,0.93043804,1.0186048,0.9007033,0.09280326,0.45979702,1.0620517,0.96199,0.1334126,0.41848785,0.6707001,0.8128262,0.11379126,-0.16463774,0.659461,0.32423326,-0.41838935,-0.59538,0.0020752505,954.94507,796.1905,903.36993,829.2308,813.1135,0.0465087890625,-0.02508544921875,0.96630859375,3.4393310546875,-0.321502685546875,0.79254150390625,1.0,2.0,1.0,4.0,2.0,95.0,event
11:26:18.580,1.043139,0.2551292,0.93043804,1.0186048,0.9007033,0.09280326,0.45979702,1.0620517,0.96199,0.1334126,0.41848785,0.6707001,0.8128262,0.11379126,-0.16463774,0.659461,0.32423326,-0.41838935,-0.59538,0.0020752505,616.08057,797.3993,811.50183,793.36993,890.4762,0.0465087890625,-0.02508544921875,0.96630859375,3.4393310546875,-0.321502685546875,0.79254150390625,1.0,2.0,1.0,4.0,2.0,95.0,event
11:26:18.580,1.043139,0.2551292,0.93043804,1.0186048,0.9007033,0.09280326,0.45979702,1.0620517,0.96199,0.1334126,0.41848785,0.6707001,0.8128262,0.11379126,-0.16463774,0.659461,0.32423326,-0.41838935,-0.59538,0.0020752505,788.93774,799.011,817.5458,810.293,852.1978,0.0465087890625,-0.02508544921875,0.96630859375,3.4393310546875,-0.321502685546875,0.79254150390625,1.0,2.0,1.0,4.0,2.0,95.0,event
11:26:18.581,1.043139,0.2551292,0.93043804,1.0186048,0.9007033,0.09280326,0.45979702,1.0620517,0.96199,0.1334126,0.41848785,0.6707001,0.8128262,0.11379126,-0.16463774,0.659461,0.32423326,-0.41838935,-0.59538,0.0020752505,640.65936,790.9524,462.16116,791.3553,1069.3773,0.0465087890625,-0.02508544921875,0.96630859375,3.4393310546875,-0.321502685546875,0.79254150390625,1.0,2.0,1.0,4.0,2.0,95.0,event
11:26:18.582,1.043139,0.2551292,0.93043804,1.0186048,0.9007033,0.09280326,0.45979702,1.0620517,0.96199,0.1334126,0.41848785,0.6707001,0.8128262,0.11379126,-0.16463774,0.659461,0.32423326,-0.41838935,-0.59538,0.0020752505,847.76556,792.5641,518.1685,809.0842,1021.4286,0.0465087890625,-0.02508544921875,0.96630859375,3.4393310546875,-0.321502685546875,0.79254150390625,1.0,2.0,1.0,4.0,2.0,95.0,event
11:26:18.582,1.043139,0.2551292,0.93043804,1.0186048,0.9007033,0.09280326,0.45979702,1.0620517,0.96199,0.1334126,0.41848785,0.6707001,0.8128262,0.11379126,-0.16463774,0.659461,0.32423326,-0.41838935,-0.59538,0.0020752505,972.674,795.38464,1147.9487,801.4286,747.03296,0.0465087890625,-0.02508544921875,0.96630859375,3.4393310546875,-0.321502685546875,0.79254150390625,1.0,2.0,1.0,4.0,2.0,95.0,event
11:26:18.583,1.043139,0.2551292,0.93043804,1.0186048,0.9007033,0.09280326,0.45979702,1.0620517,0.96199,0.1334126,0.41848785,0.6707001,0.8128262,0.11379126,-0.16463774,0.659461,0.32423326,-0.41838935,-0.59538,0.0020752505,820.7692,794.9817,998.0586,770.80585,761.53845,0.0465087890625,-0.02508544921875,0.96630859375,3.4393310546875,-0.321502685546875,0.79254150390625,1.0,2.0,1.0,4.0,2.0,95.0,event
11:26:18.627,1.043139,0.2551292,0.93043804,1.0186048,0.9007033,0.09280326,0.45979702,1.0620517,0.96199,0.1334126,0.41848785,0.6707001,0.8128262,0.11379126,-0.16463774,0.659461,0.32423326,-0.41838935,-0.59538,0.0020752505,636.63007,793.7729,850.58606,761.13556,740.989,0.0513916015625,-0.02215576171875,1.0042724609375,3.33465576171875,0.186920166015625,1.03179931640625,1.0,2.0,1.0,4.0,2.0,95.0,event
11:26:18.628,1.043139,0.2551292,0.93043804,1.0186048,0.9007033,0.09280326,0.45979702,1.0620517,0.96199,0.1334126,0.41848785,0.6707001,0.8128262,0.11379126,-0.16463774,0.659461,0.32423326,-0.41838935,-0.59538,0.0020752505,663.6264,794.57874,1131.4286,774.83514,668.86444,0.0513916015625,-0.02215576171875,1.0042724609375,3.33465576171875,0.186920166015625,1.03179931640625,1.0,2.0,1.0,4.0,2.0,95.0,event
11:26:18.628,1.043139,0.2551292,0.93043804,1.0186048,0.9007033,0.09280326,0.45979702,1.0620517,0.96199,0.1334126,0.41848785,0.6707001,0.8128262,0.11379126,-0.16463774,0.659461,0.32423326,-0.41838935,-0.59538,0.0020752505,859.45056,791.75824,1241.0256,792.1612,722.0513,0.0513916015625,-0.02215576171875,1.0042724609375,3.33465576171875,0.186920166015625,1.03179931640625,1.0,2.0,1.0,4.0,2.0,95.0,event
11:26:18.629,1.043139,0.2551292,0.93043804,1.0186048,0.9007033,0.09280326,0.45979702,1.0620517,0.96199,0.1334126,0.41848785,0.6707001,0.8128262,0.11379126,-0.16463774,0.659461,0.32423326,-0.41838935,-0.59538,0.0020752505,981.13556,790.14655,1102.4176,795.78754,842.52747,0.0513916015625,-0.02215576171875,1.0042724609375,3.33465576171875,0.186920166015625,1.03179931640625,1.0,2.0,1.0,4.0,2.0,95.0,event
11:26:18.630,1.043139,0.2551292,0.93043804,1.0186048,0.9007033,0.09280326,0.45979702,1.0620517,0.96199,0.1334126,0.41848785,0.6707001,0.8128262,0.11379126,-0.16463774,0.659461,0.32423326,-0.41838935,-0.59538,0.0020752505,663.6264,792.5641,907.8022,780.87915,905.38464,0.0513916015625,-0.02215576171875,1.0042724609375,3.33465576171875,0.186920166015625,1.03179931640625,1.0,2.0,1.0,4.0,2.0,95.0,event
11:26:18.630,1.043139,0.2551292,0.93043804,1.0186048,0.9007033,0.09280326,0.45979702,1.0620517,0.96199,0.1334126,0.41848785,0.6707001,0.8128262,0.11379126,-0.16463774,0.659461,0.32423326,-0.41838935,-0.59538,0.0020752505,855.82416,794.57874,998.86444,786.9231,844.94507,0.0513916015625,-0.02215576171875,1.0042724609375,3.33465576171875,0.186920166015625,1.03179931640625,1.0,2.0,1.0,4.0,2.0,95.0,event
11:26:18.631,1.043139,0.2551292,0.93043804,1.0186048,0.9007033,0.09280326,0.45979702,1.0620517,0.96199,0.1334126,0.41848785,0.6707001,0.8128262,0.11379126,-0.16463774,0.659461,0.32423326,-0.41838935,-0.59538,0.0020752505,675.7143,792.1612,911.8315,782.49084,884.0293,0.0513916015625,-0.02215576171875,1.0042724609375,3.33465576171875,0.186920166015625,1.03179931640625,1.0,2.0,1.0,4.0,2.0,95.0,event
11:26:18.632,1.043139,0.2551292,0.93043804,1.0186048,0.9007033,0.09280326,0.45979702,1.0620517,0.96199,0.1334126,0.41848785,0.6707001,0.8128262,0.11379126,-0.16463774,0.659461,0.32423326,-0.41838935,-0.59538,0.0020752505,847.76556,792.5641,752.27106,799.011,913.44324,0.0513916015625,-0.02215576171875,1.0042724609375,3.33465576171875,0.186920166015625,1.03179931640625,1.0,2.0,1.0,4.0,2.0,95.0,event
11:26:18.633,1.043139,0.2551292,0.93043804,1.0186048,0.9007033,0.09280326,0.45979702,1.0620517,0.96199,0.1334126,0.41848785,0.6707001,0.8128262,0.11379126,-0.16463774,0.659461,0.32423326,-0.41838935,-0.59538,0.0020752505,903.36993,793.36993,875.56775,792.5641,792.1612,0.0513916015625,-0.02215576171875,1.0042724609375,3.33465576171875,0.186920166015625,1.03179931640625,1.0,2.0,1.0,4.0,2.0,95.0,event
11:26:18.633,1.043139,0.2551292,0.93043804,1.0186048,0.9007033,0.09280326,0.45979702,1.0620517,0.96199,0.1334126,0.41848785,0.6707001,0.8128262,0.11379126,-0.16463774,0.659461,0.32423326,-0.41838935,-0.59538,0.0020752505,979.5238,791.3553,473.04028,810.696,1027.4725,0.0513916015625,-0.02215576171875,1.0042724609375,3.33465576171875,0.186920166015625,1.03179931640625,1.0,2.0,1.0,4.0,2.0,95.0,event
11:26:18.634,1.043139,0.2551292,0.93043804,1.0186048,0.9007033,0.09280326,0.45979702,1.0620517,0.96199,0.1334126,0.41848785,0.6707001,0.8128262,0.11379126,-0.16463774,0.659461,0.32423326,-0.41838935,-0.59538,0.0020752505,702.71063,791.75824,1158.4249,781.28204,729.304,0.0513916015625,-0.02215576171875,1.0042724609375,3.33465576171875,0.186920166015625,1.03179931640625,1.0,2.0,1.0,4.0,2.0,95.0,event
11:26:18.635,1.043139,0.2551292,0.93043804,1.0186048,0.9007033,0.09280326,0.45979702,1.0620517,0.96199,0.1334126,0.41848785,0.6707001,0.8128262,0.11379126,-0.16463774,0.659461,0.32423326,-0.41838935,-0.59538,0.0020752505,668.0586,791.75824,888.46155,800.2198,790.54944,0.0513916015625,-0.02215576171875,1.0042724609375,3.33465576171875,0.186920166015625,1.03179931640625,1.0,2.0,1.0,4.0,2.0,95.0,event
11:26:18.661,1.043139,0.2551292,0.93043804,1.0186048,0.9007033,0.09280326,0.45979702,1.0620517,0.96199,0.1334126,0.41848785,0.6707001,0.8128262,0.11379126,-0.16463774,0.659461,0.32423326,-0.41838935,-0.59538,0.0020752505,834.0659,797.8022,935.6044,813.91943,754.2857,0.03594970703125,-0.0247802734375,0.97857666015625,2.10845947265625,-4.104766845703125,0.605621337890625,1.0,2.0,1.0,4.0,2.0,95.0,event
11:26:18.662,1.043139,0.2551292,0.93043804,1.0186048,0.9007033,0.09280326,0.45979702,1.0620517,0.96199,0.1334126,0.41848785,0.6707001,0.8128262,0.11379126,-0.16463774,0.659461,0.32423326,-0.41838935,-0.59538,0.0020752505,991.2088,805.4579,1231.7583,801.02563,686.5934,0.03594970703125,-0.0247802734375,0.97857666015625,2.10845947265625,-4.104766845703125,0.605621337890625,1.0,2.0,1.0,4.0,2.0,95.0,event
11:26:18.663,1.043139,0.2551292,0.93043804,1.0186048,0.9007033,0.09280326,0.45979702,1.0620517,0.96199,0.1334126,0.41848785,0.6707001,0.8128262,0.11379126,-0.16463774,0.659461,0.32423326,-0.41838935,-0.59538,0.0020752505,931.1722,806.6667,1117.7289,781.28204,674.90845,0.03594970703125,-0.0247802734375,0.97857666015625,2.10845947265625,-4.104766845703125,0.605621337890625,1.0,2.0,1.0,4.0,2.0,95.0,event
11:26:18.664,1.043139,0.2551292,0.93043804,1.0186048,0.9007033,0.09280326,0.45979702,1.0620517,0.96199,0.1334126,0.41848785,0.6707001,0.8128262,0.11379126,-0.16463774,0.659461,0.32423326,-0.41838935,-0.59538,0.0020752505,717.2161,804.2491,920.696,763.1502,712.381,0.03594970703125,-0.0247802734375,0.97857666015625,2.10845947265625,-4.104766845703125,0.605621337890625,1.0,2.0,1.0,4.0,2.0,95.0,event
11:26:18.665,1.043139,0.2551292,0.93043804,1.0186048,0.9007033,0.09280326,0.45979702,1.0620517,0.96199,0.1334126,0.41848785,0.6707001,0.8128262,0.11379126,-0.16463774,0.659461,0.32423326,-0.41838935,-0.59538,0.0020752505,668.86444,801.8315,1023.44324,757.50916,699.89014,0.03594970703125,-0.0247802734375,0.97857666015625,2.10845947265625,-4.104766845703125,0.605621337890625,1.0,2.0,1.0,4.0,2.0,95.0,event
11:26:18.666,1.043139,0.2551292,0.93043804,1.0186048,0.9007033,0.09280326,0.45979702,1.0620517,0.96199,0.1334126,0.41848785,0.6707001,0.8128262,0.11379126,-0.16463774,0.659461,0.32423326,-0.41838935,-0.59538,0.0020752505,815.5311,802.23444,998.0586,774.43225,776.04395,0.03594970703125,-0.0247802734375,0.97857666015625,2.10845947265625,-4.104766845703125,0.605621337890625,1.0,2.0,1.0,4.0,2.0,95.0,event
11:26:18.667,1.043139,0.2551292,0.93043804,1.0186048,0.9007033,0.09280326,0.45979702,1.0620517,0.96199,0.1334126,0.41848785,0.6707001,0.8128262,0.11379126,-0.16463774,0.659461,0.32423326,-0.41838935,-0.59538,0.0020752505,977.9121,803.8461,981.53845,782.49084,910.6227,0.03594970703125,-0.0247802734375,0.97857666015625,2.10845947265625,-4.104766845703125,0.605621337890625,1.0,2.0,1.0,4.0,2.0,95.0,event
11:26:18.668,1.043139,0.2551292,0.93043804,1.0186048,0.9007033,0.09280326,0.45979702,1.0620517,0.96199,0.1334126,0.41848785,0.6707001,0.8128262,0.11379126,-0.16463774,0.659461,0.32423326,-0.41838935,-0.59538,0.0020752505,949.304,799.41394,560.07324,776.8498,1112.8938,0.03594970703125,-0.0247802734375,0.97857666015625,2.10845947265625,-4.104766845703125,0.605621337890625,1.0,2.0,1.0,4.0,2.0,95.0,event
11:26:18.669,1.043139,0.2551292,0.93043804,1.0186048,0.9007033,0.09280326,0.45979702,1.0620517,0.96199,0.1334126,0.41848785,0.6707001,0.8128262,0.11379126,-0.16463774,0.659461,0.32423326,-0.41838935,-0.59538,0.0020752505,743.8095,802.6374,536.7033,755.09155,1012.5641,0.03594970703125,-0.0247802734375,0.97857666015625,2.10845947265625,-4.104766845703125,0.605621337890625,1.0,2.0,1.0,4.0,2.0,95.0,event
11:26:18.670,1.043139,0.2551292,0.93043804,1.0186048,0.9007033,0.09280326,0.45979702,1.0620517,0.96199,0.1334126,0.41848785,0.6707001,0.8128262,0.11379126,-0.16463774,0.659461,0.32423326,-0.41838935,-0.59538,0.0020752505,676.1172,807.47253,1187.8389,722.8571,717.619,0.03594970703125,-0.0247802734375,0.97857666015625,2.10845947265625,-4.104766845703125,0.605621337890625,1.0,2.0,1.0,4.0,2.0,95.0,event
11:26:18.671,1.043139,0.2551292,0.93043804,1.0186048,0.9007033,0.09280326,0.45979702,1.0620517,0.96199,0.1334126,0.41848785,0.6707001,0.8128262,0.11379126,-0.16463774,0.659461,0.32423326,-0.41838935,-0.59538,0.0020752505,799.41394,805.05493,1156.8132,713.9927,742.1978,0.03594970703125,-0.0247802734375,0.97857666015625,2.10845947265625,-4.104766845703125,0.605621337890625,1.0,2.0,1.0,4.0,2.0,95.0,event
11:26:18.672,1.043139,0.2551292,0.93043804,1.0186048,0.9007033,0.09280326,0.45979702,1.0620517,0.96199,0.1334126,0.41848785,0.6707001,0.8128262,0.11379126,-0.16463774,0.659461,0.32423326,-0.41838935,-0.59538,0.0020752505,980.7326,800.2198,966.2271,721.2454,825.6044,0.03594970703125,-0.0247802734375,0.97857666015625,2.10845947265625,-4.104766845703125,0.605621337890625,1.0,2.0,1.0,4.0,2.0,95.0,event
11:26:18.696,1.043139,0.2551292,0.93043804,1.0186048,0.9007033,0.09280326,0.45979702,1.0620517,0.96199,0.1334126,0.41848785,0.6707001,0.8128262,0.11379126,-0.16463774,0.659461,0.32423326,-0.41838935,-0.59538,0.0020752505,991.6117,803.44324,1059.7069,707.5458,830.84247,0.04742431640625,-0.02203369140625,0.98358154296875,2.03369140625,-3.7384033203125,-2.0037841796875,1.0,2.0,1.0,4.0,2.0,95.0,event
11:26:18.697,1.043139,0.2551292,0.93043804,1.0186048,0.9007033,0.09280326,0.45979702,1.0620517,0.96199,0.1334126,0.41848785,0.6707001,0.8128262,0.11379126,-0.16463774,0.659461,0.32423326,-0.41838935,-0.59538,0.0020752505,801.4286,802.6374,1233.773,684.57874,742.1978,0.04742431640625,-0.02203369140625,0.98358154296875,2.03369140625,-3.7384033203125,-2.0037841796875,1.0,2.0,1.0,4.0,2.0,95.0,event
11:26:18.701,1.043139,0.2551292,0.93043804,1.0186048,0.9007033,0.09280326,0.45979702,1.0620517,0.96199,0.1334126,0.41848785,0.6707001,0.8128262,0.11379126,-0.16463774,0.659461,0.32423326,-0.41838935,-0.59538,0.0020752505,697.0696,798.60803,983.95605,682.1612,817.9487,0.04742431640625,-0.02203369140625,0.98358154296875,2.03369140625,-3.7384033203125,-2.0037841796875,1.0,2.0,1.0,4.0,2.0,95.0,event
11:26:18.702,1.043139,0.2551292,0.93043804,1.0186048,0.9007033,0.09280326,0.45979702,1.0620517,0.96199,0.1334126,0.41848785,0.6707001,0.8128262,0.11379126,-0.16463774,0.659461,0.32423326,-0.41838935,-0.59538,0.0020752505,788.93774,799.81683,926.337,695.4579,910.6227,0.04742431640625,-0.02203369140625,0.98358154296875,2.03369140625,-3.7384033203125,-2.0037841796875,1.0,2.0,1.0,4.0,2.0,95.0,event
11:26:18.703,1.043139,0.2551292,0.93043804,1.0186048,0.9007033,0.09280326,0.45979702,1.0620517,0.96199,0.1334126,0.41848785,0.6707001,0.8128262,0.11379126,-0.16463774,0.659461,0.32423326,-0.41838935,-0.59538,0.0020752505,985.16486,800.2198,1272.8572,703.5165,823.9927,0.04742431640625,-0.02203369140625,0.98358154296875,2.03369140625,-3.7384033203125,-2.0037841796875,1.0,2.0,1.0,4.0,2.0,95.0,event
11:26:18.704,1.043139,0.2551292,0.93043804,1.0186048,0.9007033,0.09280326,0.45979702,1.0620517,0.96199,0.1334126,0.41848785,0.6707001,0.8128262,0.11379126,-0.16463774,0.659461,0.32423326,-0.41838935,-0.59538,0.0020752505,1029.4872,801.02563,1191.0623,698.2784,813.5165,0.04742431640625,-0.02203369140625,0.98358154296875,2.03369140625,-3.7384033203125,-2.0037841796875,1.0,2.0,1.0,4.0,2.0,95.0,event
11:26:18.704,1.043139,0.2551292,0.93043804,1.0186048,0.9007033,0.09280326,0.45979702,1.0620517,0.96199,0.1334126,0.41848785,0.6707001,0.8128262,0.11379126,-0.16463774,0.659461,0.32423326,-0.41838935,-0.59538,0.0020752505,815.9341,797.3993,687.8022,682.5641,963.00366,0.04742431640625,-0.02203369140625,0.98358154296875,2.03369140625,-3.7384033203125,-2.0037841796875,1.0,2.0,1.0,4.0,2.0,95.0,event
11:26:18.705,1.043139,0.2551292,0.93043804,1.0186048,0.9007033,0.09280326,0.45979702,1.0620517,0.96199,0.1334126,0.41848785,0.6707001,0.8128262,0.11379126,-0.16463774,0.659461,0.32423326,-0.41838935,-0.59538,0.0020752505,671.685,801.8315,499.23077,674.10254,990.40295,0.04742431640625,-0.02203369140625,0.98358154296875,2.03369140625,-3.7384033203125,-2.0037841796875,1.0,2.0,1.0,4.0,2.0,95.0,event
11:26:18.706,1.043139,0.2551292,0.93043804,1.0186048,0.9007033,0.09280326,0.45979702,1.0620517,0.96199,0.1334126,0.41848785,0.6707001,0.8128262,0.11379126,-0.16463774,0.659461,0.32423326,-0.41838935,-0.59538,0.0020752505,777.25275,809.0842,1132.2344,667.6557,777.25275,0.04742431640625,-0.02203369140625,0.98358154296875,2.03369140625,-3.7384033203125,-2.0037841796875,1.0,2.0,1.0,4.0,2.0,95.0,event
11:26:18.707,1.043139,0.2551292,0.93043804,1.0186048,0.9007033,0.09280326,0.45979702,1.0620517,0.96199,0.1334126,0.41848785,0.6707001,0.8128262,0.11379126,-0.16463774,0.659461,0.32423326,-0.41838935,-0.59538,0.0020752505,1019.011,805.8608,1179.3773,621.7216,803.0403,0.04742431640625,-0.02203369140625,0.98358154296875,2.03369140625,-3.7384033203125,-2.0037841796875,1.0,2.0,1.0,4.0,2.0,95.0,event
11:26:18.707,1.043139,0.2551292,0.93043804,1.0186048,0.9007033,0.09280326,0.45979702,1.0620517,0.96199,0.1334126,0.41848785,0.6707001,0.8128262,0.11379126,-0.16463774,0.659461,0.32423326,-0.41838935,-0.59538,0.0020752505,973.0769,806.6667,1349.8169,655.56775,749.0476,0.04742431640625,-0.02203369140625,0.98358154296875,2.03369140625,-3.7384033203125,-2.0037841796875,1.0,2.0,1.0,4.0,2.0,95.0,event
11:26:18.708,1.043139,0.2551292,0.93043804,1.0186048,0.9007033,0.09280326,0.45979702,1.0620517,0.96199,0.1334126,0.41848785,0.6707001,0.8128262,0.11379126,-0.16463774,0.659461,0.32423326,-0.41838935,-0.59538,0.0020752505,847.76556,806.26373,1149.9634,603.9927,773.6264,0.04742431640625,-0.02203369140625,0.98358154296875,2.03369140625,-3.7384033203125,-2.0037841796875,1.0,2.0,1.0,4.0,2.0,95.0,event
11:26:18.764,1.043139,0.2551292,0.93043804,1.0186048,0.9007033,0.09280326,0.45979702,1.0620517,0.96199,0.1334126,0.41848785,0.6707001,0.8128262,0.11379126,-0.16463774,0.659461,0.32423326,-0.41838935,-0.59538,0.0020752505,699.0842,806.26373,1207.5824,613.2601,699.0842,0.04742431640625,-0.02203369140625,0.98358154296875,2.03369140625,-3.7384033203125,-2.0037841796875,1.0,2.0,1.0,4.0,2.0,95.0,event
11:26:18.765,1.043139,0.2551292,0.93043804,1.0186048,0.9007033,0.09280326,0.45979702,1.0620517,0.96199,0.1334126,0.41848785,0.6707001,0.8128262,0.11379126,-0.16463774,0.659461,0.32423326,-0.41838935,-0.59538,0.0020752505,751.4652,803.8461,1202.7472,641.8681,670.07324,0.04742431640625,-0.02203369140625,0.98358154296875,2.03369140625,-3.7384033203125,-2.0037841796875,1.0,2.0,1.0,4.0,2.0,95.0,event
11:26:18.766,1.043139,0.2551292,0.93043804,1.0186048,0.9007033,0.09280326,0.45979702,1.0620517,0.96199,0.1334126,0.41848785,0.6707001,0.8128262,0.11379126,-0.16463774,0.659461,0.32423326,-0.41838935,-0.59538,0.0020752505,946.4835,802.6374,1081.4652,680.54944,784.5055,0.04742431640625,-0.02203369140625,0.98358154296875,2.03369140625,-3.7384033203125,-2.0037841796875,1.0,2.0,1.0,4.0,2.0,95.0,event
11:26:18.767,1.043139,0.2551292,0.93043804,1.0186048,0.9007033,0.09280326,0.45979702,1.0620517,0.96199,0.1334126,0.41848785,0.6707001,0.8128262,0.11379126,-0.16463774,0.659461,0.32423326,-0.41838935,-0.59538,0.0020752505,1041.978,807.0696,1095.1648,700.293,848.97437,0.04742431640625,-0.02203369140625,0.98358154296875,2.03369140625,-3.7384033203125,-2.0037841796875,1.0,2.0,1.0,4.0,2.0,95.0,event
11:26:18.768,1.043139,0.2551292,0.93043804,1.0186048,0.9007033,0.09280326,0.45979702,1.0620517,0.96199,0.1334126,0.41848785,0.6707001,0.8128262,0.11379126,-0.16463774,0.659461,0.32423326,-0.41838935,-0.59538,0.0020752505,896.1172,807.8755,1158.4249,687.8022,766.77655,0.04742431640625,-0.02203369140625,0.98358154296875,2.03369140625,-3.7384033203125,-2.0037841796875,1.0,2.0,1.0,4.0,2.0,95.0,event
11:26:18.769,1.043139,0.2551292,0.93043804,1.0186048,0.9007033,0.09280326,0.45979702,1.0620517,0.96199,0.1334126,0.41848785,0.6707001,0.8128262,0.11379126,-0.16463774,0.659461,0.32423326,-0.41838935,-0.59538,0.0020752505,712.381,803.44324,1043.5897,674.10254,772.4176,0.04742431640625,-0.02203369140625,0.98358154296875,2.03369140625,-3.7384033203125,-2.0037841796875,1.0,2.0,1.0,4.0,2.0,95.0,event
11:26:18.770,1.043139,0.2551292,0.93043804,1.0186048,0.9007033,0.09280326,0.45979702,1.0620517,0.96199,0.1334126,0.41848785,0.6707001,0.8128262,0.11379126,-0.16463774,0.659461,0.32423326,-0.41838935,-0.59538,0.0020752505,718.8278,799.41394,545.9707,695.05493,1057.6923,0.04742431640625,-0.02203369140625,0.98358154296875,2.03369140625,-3.7384033203125,-2.0037841796875,1.0,2.0,1.0,4.0,2.0,95.0,event
11:26:18.771,1.043139,0.2551292,0.93043804,1.0186048,0.9007033,0.09280326,0.45979702,1.0620517,0.96199,0.1334126,0.41848785,0.6707001,0.8128262,0.11379126,-0.16463774,0.659461,0.32423326,-0.41838935,-0.59538,0.0020752505,914.65204,803.0403,550.40295,728.0952,1066.9597,0.04742431640625,-0.02203369140625,0.98358154296875,2.03369140625,-3.7384033203125,-2.0037841796875,1.0,2.0,1.0,4.0,2.0,95.0,event
11:26:18.772,1.043139,0.2551292,0.93043804,1.0186048,0.9007033,0.09280326,0.45979702,1.0620517,0.96199,0.1334126,0.41848785,0.6707001,0.8128262,0.11379126,-0.16463774,0.659461,0.32423326,-0.41838935,-0.59538,0.0020752505,1050.8425,807.8755,1290.989,740.989,799.011,0.04742431640625,-0.02203369140625,0.98358154296875,2.03369140625,-3.7384033203125,-2.0037841796875,1.0,2.0,1.0,4.0,2.0,95.0,event
11:26:18.773,1.043139,0.2551292,0.93043804,1.0186048,0.9007033,0.09280326,0.45979702,1.0620517,0.96199,0.1334126,0.41848785,0.6707001,0.8128262,0.11379126,-0.16463774,0.659461,0.32423326,-0.41838935,-0.59538,0.0020752505,914.65204,801.02563,1249.8901,724.0659,877.98535,0.04742431640625,-0.02203369140625,0.98358154296875,2.03369140625,-3.7384033203125,-2.0037841796875,1.0,2.0,1.0,4.0,2.0,95.0,event
11:26:18.774,1.043139,0.2551292,0.93043804,1.0186048,0.9007033,0.09280326,0.45979702,1.0620517,0.96199,0.1334126,0.41848785,0.6707001,0.8128262,0.11379126,-0.16463774,0.659461,0.32423326,-0.41838935,-0.59538,0.0020752505,713.5897,794.9817,1047.2161,710.7692,846.9597,0.04742431640625,-0.02203369140625,0.98358154296875,2.03369140625,-3.7384033203125,-2.0037841796875,1.0,2.0,1.0,4.0,2.0,95.0,event
11:26:18.775,1.043139,0.2551292,0.93043804,1.0186048,0.9007033,0.09280326,0.45979702,1.0620517,0.96199,0.1334126,0.41848785,0.6707001,0.8128262,0.11379126,-0.16463774,0.659461,0.32423326,-0.41838935,-0.59538,0.0020752505,715.2015,796.5934,1232.967,722.8571,704.3223,0.04742431640625,-0.02203369140625,0.98358154296875,2.03369140625,-3.7384033203125,-2.0037841796875,1.0,2.0,1.0,4.0,2.0,95.0,event
11:26:18.804,1.043139,0.2551292,0.93043804,1.0186048,0.9007033,0.09280326,0.45979702,1.0620517,0.96199,0.1334126,0.41848785,0.6707001,0.8128262,0.11379126,-0.16463774,0.659461,0.32423326,-0.41838935,-0.59538,0.0020752505,892.49084,797.3993,1320.403,744.61536,687.3993,0.04400634765625,-0.02020263671875,0.98724365234375,1.861724853515625,-2.25799560546875,-1.1962890625,1.0,2.0,1.0,4.0,2.0,95.0,event
11:26:18.805,1.043139,0.2551292,0.93043804,1.0186048,0.9007033,0.09280326,0.45979702,1.0620517,0.96199,0.1334126,0.41848785,0.6707001,0.8128262,0.11379126,-0.16463774,0.659461,0.32423326,-0.41838935,-0.59538,0.0020752505,1033.1135,799.011,1184.2124,763.1502,751.8681,0.04400634765625,-0.02020263671875,0.98724365234375,1.861724853515625,-2.25799560546875,-1.1962890625,1.0,2.0,1.0,4.0,2.0,95.0,event
11:26:18.805,1.043139,0.2551292,0.93043804,1.0186048,0.9007033,0.09280326,0.45979702,1.0620517,0.96199,0.1334126,0.41848785,0.6707001,0.8128262,0.11379126,-0.16463774,0.659461,0.32423326,-0.41838935,-0.59538,0.0020752505,939.6337,799.011,1056.0806,755.89746,774.83514,0.04400634765625,-0.02020263671875,0.98724365234375,1.861724853515625,-2.25799560546875,-1.1962890625,1.0,2.0,1.0,4.0,2.0,95.0,event
11:26:18.805,1.043139,0.2551292,0.93043804,1.0186048,0.9007033,0.09280326,0.45979702,1.0620517,0.96199,0.1334126,0.41848785,0.6707001,0.8128262,0.11379126,-0.16463774,0.659461,0.32423326,-0.41838935,-0.59538,0.0020752505,727.28937,799.41394,1176.5568,743.00366,714.3956,0.04400634765625,-0.02020263671875,0.98724365234375,1.861724853515625,-2.25799560546875,-1.1962890625,1.0,2.0,1.0,4.0,2.0,95.0,event
11:26:18.808,1.043139,0.2551292,0.93043804,1.0186048,0.9007033,0.09280326,0.45979702,1.0620517,0.96199,0.1334126,0.41848785,0.6707001,0.8128262,0.11379126,-0.16463774,0.659461,0.32423326,-0.41838935,-0.59538,0.0020752505,702.3077,802.23444,1255.5311,752.27106,764.35895,0.04400634765625,-0.02020263671875,0.98724365234375,1.861724853515625,-2.25799560546875,-1.1962890625,1.0,2.0,1.0,4.0,2.0,95.0,event
11:26:18.808,1.043139,0.2551292,0.93043804,1.0186048,0.9007033,0.09280326,0.45979702,1.0620517,0.96199,0.1334126,0.41848785,0.6707001,0.8128262,0.11379126,-0.16463774,0.659461,0.32423326,-0.41838935,-0.59538,0.0020752505,866.30035,803.0403,980.7326,773.6264,942.0513,0.04400634765625,-0.02020263671875,0.98724365234375,1.861724853515625,-2.25799560546875,-1.1962890625,1.0,2.0,1.0,4.0,2.0,95.0,event
11:26:18.808,1.043139,0.2551292,0.93043804,1.0186048,0.9007033,0.09280326,0.45979702,1.0620517,0.96199,0.1334126,0.41848785,0.6707001,0.8128262,0.11379126,-0.16463774,0.659461,0.32423326,-0.41838935,-0.59538,0.0020752505,1004.5055,801.8315,870.7326,777.25275,981.53845,0.04400634765625,-0.02020263671875,0.98724365234375,1.861724853515625,-2.25799560546875,-1.1962890625,1.0,2.0,1.0,4.0,2.0,95.0,event
11:26:18.809,1.043139,0.2551292,0.93043804,1.0186048,0.9007033,0.09280326,0.45979702,1.0620517,0.96199,0.1334126,0.41848785,0.6707001,0.8128262,0.11379126,-0.16463774,0.659461,0.32423326,-0.41838935,-0.59538,0.0020752505,722.4542,796.99634,1131.8315,727.6923,844.5421,0.04400634765625,-0.02020263671875,0.98724365234375,1.861724853515625,-2.25799560546875,-1.1962890625,1.0,2.0,1.0,4.0,2.0,95.0,event
11:26:18.809,1.043139,0.2551292,0.93043804,1.0186048,0.9007033,0.09280326,0.45979702,1.0620517,0.96199,0.1334126,0.41848785,0.6707001,0.8128262,0.11379126,-0.16463774,0.659461,0.32423326,-0.41838935,-0.59538,0.0020752505,662.01465,798.60803,830.4396,741.39197,850.989,0.04400634765625,-0.02020263671875,0.98724365234375,1.861724853515625,-2.25799560546875,-1.1962890625,1.0,2.0,1.0,4.0,2.0,95.0,event
11:26:18.809,1.043139,0.2551292,0.93043804,1.0186048,0.9007033,0.09280326,0.45979702,1.0620517,0.96199,0.1334126,0.41848785,0.6707001,0.8128262,0.11379126,-0.16463774,0.659461,0.32423326,-0.41838935,-0.59538,0.0020752505,931.1722,798.20514,988.7912,756.30035,944.87177,0.04400634765625,-0.02020263671875,0.98724365234375,1.861724853515625,-2.25799560546875,-1.1962890625,1.0,2.0,1.0,4.0,2.0,95.0,event
11:26:18.810,1.043139,0.2551292,0.93043804,1.0186048,0.9007033,0.09280326,0.45979702,1.0620517,0.96199,0.1334126,0.41848785,0.6707001,0.8128262,0.11379126,-0.16463774,0.659461,0.32423326,-0.41838935,-0.59538,0.0020752505,996.4469,801.4286,1089.5238,782.8938,869.5238,0.04400634765625,-0.02020263671875,0.98724365234375,1.861724853515625,-2.25799560546875,-1.1962890625,1.0,2.0,1.0,4.0,2.0,95.0,event
11:26:18.810,1.043139,0.2551292,0.93043804,1.0186048,0.9007033,0.09280326,0.45979702,1.0620517,0.96199,0.1334126,0.41848785,0.6707001,0.8128262,0.11379126,-0.16463774,0.659461,0.32423326,-0.41838935,-0.59538,0.0020752505,808.2784,802.6374,445.2381,775.2381,1004.5055,0.04400634765625,-0.02020263671875,0.98724365234375,1.861724853515625,-2.25799560546875,-1.1962890625,1.0,2.0,1.0,4.0,2.0,95.0,event
11:26:18.876,1.043139,0.2551292,0.93043804,1.0186048,0.9007033,0.09280326,0.45979702,1.0620517,0.96199,0.1334126,0.41848785,0.6707001,0.8128262,0.11379126,-0.16463774,0.659461,0.32423326,-0.41838935,-0.59538,0.0020752505,957.76556,800.2198,1308.7179,782.8938,740.989,0.04248046875,-0.017578125,0.99237060546875,2.213134765625,-5.6524658203125,2.145843505859375,1.0,2.0,1.0,4.0,2.0,95.0,event
11:26:18.877,1.043139,0.2551292,0.93043804,1.0186048,0.9007033,0.09280326,0.45979702,1.0620517,0.96199,0.1334126,0.41848785,0.6707001,0.8128262,0.11379126,-0.16463774,0.659461,0.32423326,-0.41838935,-0.59538,0.0020752505,743.4066,804.2491,1021.02563,785.7143,736.9597,0.04248046875,-0.017578125,0.99237060546875,2.213134765625,-5.6524658203125,2.145843505859375,1.0,2.0,1.0,4.0,2.0,95.0,event
11:26:18.877,1.043139,0.2551292,0.93043804,1.0186048,0.9007033,0.09280326,0.45979702,1.0620517,0.96199,0.1334126,0.41848785,0.6707001,0.8128262,0.11379126,-0.16463774,0.659461,0.32423326,-0.41838935,-0.59538,0.0020752505,662.8205,801.4286,1122.967,801.8315,717.2161,0.04248046875,-0.017578125,0.99237060546875,2.213134765625,-5.6524658203125,2.145843505859375,1.0,2.0,1.0,4.0,2.0,95.0,event
11:26:18.878,1.043139,0.2551292,0.93043804,1.0186048,0.9007033,0.09280326,0.45979702,1.0620517,0.96199,0.1334126,0.41848785,0.6707001,0.8128262,0.11379126,-0.16463774,0.659461,0.32423326,-0.41838935,-0.59538,0.0020752505,794.57874,798.60803,1299.4506,824.7985,691.8315,0.04248046875,-0.017578125,0.99237060546875,2.213134765625,-5.6524658203125,2.145843505859375,1.0,2.0,1.0,4.0,2.0,95.0,event
11:26:18.879,1.043139,0.2551292,0.93043804,1.0186048,0.9007033,0.09280326,0.45979702,1.0620517,0.96199,0.1334126,0.41848785,0.6707001,0.8128262,0.11379126,-0.16463774,0.659461,0.32423326,-0.41838935,-0.59538,0.0020752505,992.01465,798.20514,1228.1318,851.79486,726.8865,0.04248046875,-0.017578125,0.99237060546875,2.213134765625,-5.6524658203125,2.145843505859375,1.0,2.0,1.0,4.0,2.0,95.0,event
11:26:18.879,1.043139,0.2551292,0.93043804,1.0186048,0.9007033,0.09280326,0.45979702,1.0620517,0.96199,0.1334126,0.41848785,0.6707001,0.8128262,0.11379126,-0.16463774,0.659461,0.32423326,-0.41838935,-0.59538,0.0020752505,980.32965,800.6227,884.0293,854.21246,815.9341,0.04248046875,-0.017578125,0.99237060546875,2.213134765625,-5.6524658203125,2.145843505859375,1.0,2.0,1.0,4.0,2.0,95.0,event
11:26:18.880,1.043139,0.2551292,0.93043804,1.0186048,0.9007033,0.09280326,0.45979702,1.0620517,0.96199,0.1334126,0.41848785,0.6707001,0.8128262,0.11379126,-0.16463774,0.659461,0.32423326,-0.41838935,-0.59538,0.0020752505,758.315,802.23444,780.07324,832.4542,813.5165,0.04248046875,-0.017578125,0.99237060546875,2.213134765625,-5.6524658203125,2.145843505859375,1.0,2.0,1.0,4.0,2.0,95.0,event
11:26:18.881,1.043139,0.2551292,0.93043804,1.0186048,0.9007033,0.09280326,0.45979702,1.0620517,0.96199,0.1334126,0.41848785,0.6707001,0.8128262,0.11379126,-0.16463774,0.659461,0.32423326,-0.41838935,-0.59538,0.0020752505,666.04395,804.65204,1140.2931,837.28937,792.1612,0.04248046875,-0.017578125,0.99237060546875,2.213134765625,-5.6524658203125,2.145843505859375,1.0,2.0,1.0,4.0,2.0,95.0,event
11:26:18.881,1.043139,0.2551292,0.93043804,1.0186048,0.9007033,0.09280326,0.45979702,1.0620517,0.96199,0.1334126,0.41848785,0.6707001,0.8128262,0.11379126,-0.16463774,0.659461,0.32423326,-0.41838935,-0.59538,0.0020752505,782.8938,803.44324,1225.3114,850.58606,788.93774,0.04248046875,-0.017578125,0.99237060546875,2.213134765625,-5.6524658203125,2.145843505859375,1.0,2.0,1.0,4.0,2.0,95.0,event
11:26:18.882,1.043139,0.2551292,0.93043804,1.0186048,0.9007033,0.09280326,0.45979702,1.0620517,0.96199,0.1334126,0.41848785,0.6707001,0.8128262,0.11379126,-0.16463774,0.659461,0.32423326,-0.41838935,-0.59538,0.0020752505,959.7802,799.011,622.52747,865.09155,1038.3517,0.04248046875,-0.017578125,0.99237060546875,2.213134765625,-5.6524658203125,2.145843505859375,1.0,2.0,1.0,4.0,2.0,95.0,event
11:26:18.883,1.043139,0.2551292,0.93043804,1.0186048,0.9007033,0.09280326,0.45979702,1.0620517,0.96199,0.1334126,0.41848785,0.6707001,0.8128262,0.11379126,-0.16463774,0.659461,0.32423326,-0.41838935,-0.59538,0.0020752505,988.7912,805.4579,695.4579,856.63007,1027.0696,0.04248046875,-0.017578125,0.99237060546875,2.213134765625,-5.6524658203125,2.145843505859375,1.0,2.0,1.0,4.0,2.0,95.0,event
11:26:18.884,1.043139,0.2551292,0.93043804,1.0186048,0.9007033,0.09280326,0.45979702,1.0620517,0.96199,0.1334126,0.41848785,0.6707001,0.8128262,0.11379126,-0.16463774,0.659461,0.32423326,-0.41838935,-0.59538,0.0020752505,810.696,806.6667,1165.2748,839.304,746.2271,0.04248046875,-0.017578125,0.99237060546875,2.213134765625,-5.6524658203125,2.145843505859375,1.0,2.0,1.0,4.0,2.0,95.0,event
11:26:18.911,1.043139,0.2551292,0.93043804,1.0186048,0.9007033,0.09280326,0.45979702,1.0620517,0.96199,0.1334126,0.41848785,0.6707001,0.8128262,0.11379126,-0.16463774,0.659461,0.32423326,-0.41838935,-0.59538,0.0020752505,689.41394,803.8461,1016.1905,843.73627,775.64105,0.02899169921875,-0.02325439453125,0.98516845703125,1.682281494140625,-4.000091552734375,0.800018310546875,1.0,2.0,1.0,4.0,2.0,95.0,event
11:26:18.912,1.043139,0.2551292,0.93043804,1.0186048,0.9007033,0.09280326,0.45979702,1.0620517,0.96199,0.1334126,0.41848785,0.6707001,0.8128262,0.11379126,-0.16463774,0.659461,0.32423326,-0.41838935,-0.59538,0.0020752505,768.3883,802.6374,1004.10254,850.18317,808.68134,0.02899169921875,-0.02325439453125,0.98516845703125,1.682281494140625,-4.000091552734375,0.800018310546875,1.0,2.0,1.0,4.0,2.0,95.0,event
11:26:18.913,1.043139,0.2551292,0.93043804,1.0186048,0.9007033,0.09280326,0.45979702,1.0620517,0.96199,0.1334126,0.41848785,0.6707001,0.8128262,0.11379126,-0.16463774,0.659461,0.32423326,-0.41838935,-0.59538,0.0020752505,966.63007,802.23444,1297.8389,867.9121,743.4066,0.02899169921875,-0.02325439453125,0.98516845703125,1.682281494140625,-4.000091552734375,0.800018310546875,1.0,2.0,1.0,4.0,2.0,95.0,event
11:26:18.914,1.043139,0.2551292,0.93043804,1.0186048,0.9007033,0.09280326,0.45979702,1.0620517,0.96199,0.1334126,0.41848785,0.6707001,0.8128262,0.11379126,-0.16463774,0.659461,0.32423326,-0.41838935,-0.59538,0.0020752505,1016.99634,797.8022,1374.3956,868.71796,747.8388,0.02899169921875,-0.02325439453125,0.98516845703125,1.682281494140625,-4.000091552734375,0.800018310546875,1.0,2.0,1.0,4.0,2.0,95.0,event
11:26:18.914,1.043139,0.2551292,0.93043804,1.0186048,0.9007033,0.09280326,0.45979702,1.0620517,0.96199,0.1334126,0.41848785,0.6707001,0.8128262,0.11379126,-0.16463774,0.659461,0.32423326,-0.41838935,-0.59538,0.0020752505,819.5604,793.36993,1093.1501,854.61536,809.4872,0.02899169921875,-0.02325439453125,0.98516845703125,1.682281494140625,-4.000091552734375,0.800018310546875,1.0,2.0,1.0,4.0,2.0,95.0,event
11:26:18.915,1.043139,0.2551292,0.93043804,1.0186048,0.9007033,0.09280326,0.45979702,1.0620517,0.96199,0.1334126,0.41848785,0.6707001,0.8128262,0.11379126,-0.16463774,0.659461,0.32423326,-0.41838935,-0.59538,0.0020752505,675.31134,799.011,840.9158,857.03296,837.28937,0.02899169921875,-0.02325439453125,0.98516845703125,1.682281494140625,-4.000091552734375,0.800018310546875,1.0,2.0,1.0,4.0,2.0,95.0,event
11:26:18.917,,,,,,,,,,,,,,,,,,,,,,,,,,,,,,,,,,,,,,blink
11:26:18.919,1.043139,0.2551292,0.93043804,1.0186048,0.9007033,0.09280326,0.45979702,1.0620517,0.96199,0.1334126,0.41848785,0.6707001,0.8128262,0.11379126,-0.16463774,0.659461,0.32423326,-0.41838935,-0.59538,0.0020752505,736.1539,799.81683,902.5641,873.95605,789.34064,0.02899169921875,-0.02325439453125,0.98516845703125,1.682281494140625,-4.000091552734375,0.800018310546875,1.0,2.0,1.0,4.0,2.0,95.0,event
11:26:18.920,1.043139,0.2551292,0.93043804,1.0186048,0.9007033,0.09280326,0.45979702,1.0620517,0.96199,0.1334126,0.41848785,0.6707001,0.8128262,0.11379126,-0.16463774,0.659461,0.32423326,-0.41838935,-0.59538,0.0020752505,933.9927,797.8022,1261.5751,886.8498,775.64105,0.02899169921875,-0.02325439453125,0.98516845703125,1.682281494140625,-4.000091552734375,0.800018310546875,1.0,2.0,1.0,4.0,2.0,95.0,event
11:26:18.921,1.043139,0.2551292,0.93043804,1.0186048,0.9007033,0.09280326,0.45979702,1.0620517,0.96199,0.1334126,0.41848785,0.6707001,0.8128262,0.11379126,-0.16463774,0.659461,0.32423326,-0.41838935,-0.59538,0.0020752505,1017.8022,802.23444,996.4469,889.2674,914.65204,0.02899169921875,-0.02325439453125,0.98516845703125,1.682281494140625,-4.000091552734375,0.800018310546875,1.0,2.0,1.0,4.0,2.0,95.0,event
11:26:18.921,1.043139,0.2551292,0.93043804,1.0186048,0.9007033,0.09280326,0.45979702,1.0620517,0.96199,0.1334126,0.41848785,0.6707001,0.8128262,0.11379126,-0.16463774,0.659461,0.32423326,-0.41838935,-0.59538,0.0020752505,839.707,801.02563,519.3773,879.59705,929.5604,0.02899169921875,-0.02325439453125,0.98516845703125,1.682281494140625,-4.000091552734375,0.800018310546875,1.0,2.0,1.0,4.0,2.0,95.0,event
11:26:18.922,1.043139,0.2551292,0.93043804,1.0186048,0.9007033,0.09280326,0.45979702,1.0620517,0.96199,0.1334126,0.41848785,0.6707001,0.8128262,0.11379126,-0.16463774,0.659461,0.32423326,-0.41838935,-0.59538,0.0020752505,679.34064,795.38464,1008.5348,863.8828,678.5348,0.02899169921875,-0.02325439453125,0.98516845703125,1.682281494140625,-4.000091552734375,0.800018310546875,1.0,2.0,1.0,4.0,2.0,95.0,event
11:26:18.923,1.043139,0.2551292,0.93043804,1.0186048,0.9007033,0.09280326,0.45979702,1.0620517,0.96199,0.1334126,0.41848785,0.6707001,0.8128262,0.11379126,-0.16463774,0.659461,0.32423326,-0.41838935,-0.59538,0.0020752505,714.7985,792.5641,1229.7435,871.13556,704.3223,0.02899169921875,-0.02325439453125,0.98516845703125,1.682281494140625,-4.000091552734375,0.800018310546875,1.0,2.0,1.0,4.0,2.0,95.0,event
11:26:18.968,1.043139,0.2551292,0.93043804,1.0186048,0.9007033,0.09280326,0.45979702,1.0620517,0.96199,0.1334126,0.41848785,0.6707001,0.8128262,0.11379126,-0.16463774,0.659461,0.32423326,-0.41838935,-0.59538,0.0020752505,886.04395,796.5934,1116.5201,897.72894,898.5348,0.0467529296875,-0.027587890625,0.98828125,1.697235107421875,-5.96649169921875,-0.897216796875,1.0,2.0,1.0,4.0,2.0,95.0,event
11:26:18.969,1.043139,0.2551292,0.93043804,1.0186048,0.9007033,0.09280326,0.45979702,1.0620517,0.96199,0.1334126,0.41848785,0.6707001,0.8128262,0.11379126,-0.16463774,0.659461,0.32423326,-0.41838935,-0.59538,0.0020752505,992.4176,799.011,1199.9268,908.20514,847.76556,0.0467529296875,-0.027587890625,0.98828125,1.697235107421875,-5.96649169921875,-0.897216796875,1.0,2.0,1.0,4.0,2.0,95.0,event
11:26:18.971,1.043139,0.2551292,0.93043804,1.0186048,0.9007033,0.09280326,0.45979702,1.0620517,0.96199,0.1334126,0.41848785,0.6707001,0.8128262,0.11379126,-0.16463774,0.659461,0.32423326,-0.41838935,-0.59538,0.0020752505,862.674,799.011,1297.033,880.0,770.80585,0.0467529296875,-0.027587890625,0.98828125,1.697235107421875,-5.96649169921875,-0.897216796875,1.0,2.0,1.0,4.0,2.0,95.0,event
11:26:18.973,1.043139,0.2551292,0.93043804,1.0186048,0.9007033,0.09280326,0.45979702,1.0620517,0.96199,0.1334126,0.41848785,0.6707001,0.8128262,0.11379126,-0.16463774,0.659461,0.32423326,-0.41838935,-0.59538,0.0020752505,666.04395,798.60803,1171.7216,865.4945,803.8461,0.0467529296875,-0.027587890625,0.98828125,1.697235107421875,-5.96649169921875,-0.897216796875,1.0,2.0,1.0,4.0,2.0,95.0,event
11:26:18.974,1.043139,0.2551292,0.93043804,1.0186048,0.9007033,0.09280326,0.45979702,1.0620517,0.96199,0.1334126,0.41848785,0.6707001,0.8128262,0.11379126,-0.16463774,0.659461,0.32423326,-0.41838935,-0.59538,0.0020752505,657.1795,799.41394,997.25275,870.7326,807.8755,0.0467529296875,-0.027587890625,0.98828125,1.697235107421875,-5.96649169921875,-0.897216796875,1.0,2.0,1.0,4.0,2.0,95.0,event
11:26:18.975,1.043139,0.2551292,0.93043804,1.0186048,0.9007033,0.09280326,0.45979702,1.0620517,0.96199,0.1334126,0.41848785,0.6707001,0.8128262,0.11379126,-0.16463774,0.659461,0.32423326,-0.41838935,-0.59538,0.0020752505,849.7802,799.011,1057.6923,873.95605,844.94507,0.0467529296875,-0.027587890625,0.98828125,1.697235107421875,-5.96649169921875,-0.897216796875,1.0,2.0,1.0,4.0,2.0,95.0,event
11:26:18.977,1.043139,0.2551292,0.93043804,1.0186048,0.9007033,0.09280326,0.45979702,1.0620517,0.96199,0.1334126,0.41848785,0.6707001,0.8128262,0.11379126,-0.16463774,0.659461,0.32423326,-0.41838935,-0.59538,0.0020752505,977.50916,798.60803,1087.5092,872.74725,869.5238,0.0467529296875,-0.027587890625,0.98828125,1.697235107421875,-5.96649169921875,-0.897216796875,1.0,2.0,1.0,4.0,2.0,95.0,event
11:26:18.978,1.043139,0.2551292,0.93043804,1.0186048,0.9007033,0.09280326,0.45979702,1.0620517,0.96199,0.1334126,0.41848785,0.6707001,0.8128262,0.11379126,-0.16463774,0.659461,0.32423326,-0.41838935,-0.59538,0.0020752505,861.4652,793.7729,989.59705,858.6447,877.5824,0.0467529296875,-0.027587890625,0.98828125,1.697235107421875,-5.96649169921875,-0.897216796875,1.0,2.0,1.0,4.0,2.0,95.0,event
11:26:18.980,1.043139,0.2551292,0.93043804,1.0186048,0.9007033,0.09280326,0.45979702,1.0620517,0.96199,0.1334126,0.41848785,0.6707001,0.8128262,0.11379126,-0.16463774,0.659461,0.32423326,-0.41838935,-0.59538,0.0020752505,660.40295,790.9524,563.69965,849.7802,963.8095,0.0467529296875,-0.027587890625,0.98828125,1.697235107421875,-5.96649169921875,-0.897216796875,1.0,2.0,1.0,4.0,2.0,95.0,event
11:26:18.981,1.043139,0.2551292,0.93043804,1.0186048,0.9007033,0.09280326,0.45979702,1.0620517,0.96199,0.1334126,0.41848785,0.6707001,0.8128262,0.11379126,-0.16463774,0.659461,0.32423326,-0.41838935,-0.59538,0.0020752505,633.00366,798.60803,687.8022,825.2015,824.7985,0.0467529296875,-0.027587890625,0.98828125,1.697235107421875,-5.96649169921875,-0.897216796875,1.0,2.0,1.0,4.0,2.0,95.0,event
11:26:18.982,1.043139,0.2551292,0.93043804,1.0186048,0.9007033,0.09280326,0.45979702,1.0620517,0.96199,0.1334126,0.41848785,0.6707001,0.8128262,0.11379126,-0.16463774,0.659461,0.32423326,-0.41838935,-0.59538,0.0020752505,819.5604,801.8315,1265.2014,830.4396,649.5238,0.0467529296875,-0.027587890625,0.98828125,1.697235107421875,-5.96649169921875,-0.897216796875,1.0,2.0,1.0,4.0,2.0,95.0,event
11:26:18.984,1.043139,0.2551292,0.93043804,1.0186048,0.9007033,0.09280326,0.45979702,1.0620517,0.96199,0.1334126,0.41848785,0.6707001,0.8128262,0.11379126,-0.16463774,0.659461,0.32423326,-0.41838935,-0.59538,0.0020752505,975.09155,798.60803,1219.6703,859.85345,796.1905,0.0467529296875,-0.027587890625,0.98828125,1.697235107421875,-5.96649169921875,-0.897216796875,1.0,2.0,1.0,4.0,2.0,95.0,event
11:26:19.038,1.043139,0.2551292,0.93043804,1.0186048,0.9007033,0.09280326,0.45979702,1.0620517,0.96199,0.1334126,0.41848785,0.6707001,0.8128262,0.11379126,-0.16463774,0.659461,0.32423326,-0.41838935,-0.59538,0.0020752505,884.83514,799.81683,1054.8718,844.1392,822.381,0.0467529296875,-0.027587890625,0.98828125,1.697235107421875,-5.96649169921875,-0.897216796875,1.0,2.0,1.0,4.0,2.0,95.0,event
11:26:19.040,1.043139,0.2551292,0.93043804,1.0186048,0.9007033,0.09280326,0.45979702,1.0620517,0.96199,0.1334126,0.41848785,0.6707001,0.8128262,0.11379126,-0.16463774,0.659461,0.32423326,-0.41838935,-0.59538,0.0020752505,689.011,801.4286,1122.967,827.2161,691.02563,0.0467529296875,-0.027587890625,0.98828125,1.697235107421875,-5.96649169921875,-0.897216796875,1.0,2.0,1.0,4.0,2.0,95.0,event
11:26:19.041,1.043139,0.2551292,0.93043804,1.0186048,0.9007033,0.09280326,0.45979702,1.0620517,0.96199,0.1334126,0.41848785,0.6707001,0.8128262,0.11379126,-0.16463774,0.659461,0.32423326,-0.41838935,-0.59538,0.0020752505,639.85345,796.5934,1144.3224,832.0513,653.5531,0.0467529296875,-0.027587890625,0.98828125,1.697235107421875,-5.96649169921875,-0.897216796875,1.0,2.0,1.0,4.0,2.0,95.0,event
11:26:19.043,1.043139,0.2551292,0.93043804,1.0186048,0.9007033,0.09280326,0.45979702,1.0620517,0.96199,0.1334126,0.41848785,0.6707001,0.8128262,0.11379126,-0.16463774,0.659461,0.32423326,-0.41838935,-0.59538,0.0020752505,771.6117,793.36993,959.3773,841.7216,755.4945,0.0467529296875,-0.027587890625,0.98828125,1.697235107421875,-5.96649169921875,-0.897216796875,1.0,2.0,1.0,4.0,2.0,95.0,event
11:26:19.045,1.043139,0.2551292,0.93043804,1.0186048,0.9007033,0.09280326,0.45979702,1.0620517,0.96199,0.1334126,0.41848785,0.6707001,0.8128262,0.11379126,-0.16463774,0.659461,0.32423326,-0.41838935,-0.59538,0.0020752505,937.2161,796.5934,1008.1319,843.3333,832.0513,0.0467529296875,-0.027587890625,0.98828125,1.697235107421875,-5.96649169921875,-0.897216796875,1.0,2.0,1.0,4.0,2.0,95.0,event
11:26:19.047,1.043139,0.2551292,0.93043804,1.0186048,0.9007033,0.09280326,0.45979702,1.0620517,0.96199,0.1334126,0.41848785,0.6707001,0.8128262,0.11379126,-0.16463774,0.659461,0.32423326,-0.41838935,-0.59538,0.0020752505,896.9231,799.011,1026.6666,815.12823,850.18317,0.0467529296875,-0.027587890625,0.98828125,1.697235107421875,-5.96649169921875,-0.897216796875,1.0,2.0,1.0,4.0,2.0,95.0,event
11:26:19.048,1.043139,0.2551292,0.93043804,1.0186048,0.9007033,0.09280326,0.45979702,1.0620517,0.96199,0.1334126,0.41848785,0.6707001,0.8128262,0.11379126,-0.16463774,0.659461,0.32423326,-0.41838935,-0.59538,0.0020752505,691.4286,802.6374,872.3443,786.1172,805.05493,0.0467529296875,-0.027587890625,0.98828125,1.697235107421875,-5.96649169921875,-0.897216796875,1.0,2.0,1.0,4.0,2.0,95.0,event
11:26:19.050,1.043139,0.2551292,0.93043804,1.0186048,0.9007033,0.09280326,0.45979702,1.0620517,0.96199,0.1334126,0.41848785,0.6707001,0.8128262,0.11379126,-0.16463774,0.659461,0.32423326,-0.41838935,-0.59538,0.0020752505,598.3516,805.05493,649.12085,784.90845,891.685,0.0467529296875,-0.027587890625,0.98828125,1.697235107421875,-5.96649169921875,-0.897216796875,1.0,2.0,1.0,4.0,2.0,95.0,event
11:26:19.054,1.043139,0.2551292,0.93043804,1.0186048,0.9007033,0.09280326,0.45979702,1.0620517,0.96199,0.1334126,0.41848785,0.6707001,0.8128262,0.11379126,-0.16463774,0.659461,0.32423326,-0.41838935,-0.59538,0.0020752505,724.0659,804.2491,470.2198,795.38464,975.4945,0.0467529296875,-0.027587890625,0.98828125,1.697235107421875,-5.96649169921875,-0.897216796875,1.0,2.0,1.0,4.0,2.0,95.0,event
11:26:19.055,1.043139,0.2551292,0.93043804,1.0186048,0.9007033,0.09280326,0.45979702,1.0620517,0.96199,0.1334126,0.41848785,0.6707001,0.8128262,0.11379126,-0.16463774,0.659461,0.32423326,-0.41838935,-0.59538,0.0020752505,937.2161,803.8461,1032.7106,801.4286,769.19415,0.0467529296875,-0.027587890625,0.98828125,1.697235107421875,-5.96649169921875,-0.897216796875,1.0,2.0,1.0,4.0,2.0,95.0,event
11:26:19.056,1.043139,0.2551292,0.93043804,1.0186048,0.9007033,0.09280326,0.45979702,1.0620517,0.96199,0.1334126,0.41848785,0.6707001,0.8128262,0.11379126,-0.16463774,0.659461,0.32423326,-0.41838935,-0.59538,0.0020752505,700.696,794.57874,1012.1612,761.13556,799.41394,0.0467529296875,-0.027587890625,0.98828125,1.697235107421875,-5.96649169921875,-0.897216796875,1.0,2.0,1.0,4.0,2.0,95.0,event
11:26:19.056,1.043139,0.2551292,0.93043804,1.0186048,0.9007033,0.09280326,0.45979702,1.0620517,0.96199,0.1334126,0.41848785,0.6707001,0.8128262,0.11379126,-0.16463774,0.659461,0.32423326,-0.41838935,-0.59538,0.0020752505,923.91943,799.81683,1263.1868,792.1612,764.35895,0.0467529296875,-0.027587890625,0.98828125,1.697235107421875,-5.96649169921875,-0.897216796875,1.0,2.0,1.0,4.0,2.0,95.0,event
11:26:19.082,1.043139,0.2551292,0.93043804,1.0186048,0.9007033,0.09280326,0.45979702,1.0620517,0.96199,0.1334126,0.41848785,0.6707001,0.8128262,0.11379126,-0.16463774,0.659461,0.32423326,-0.41838935,-0.59538,0.0020752505,600.7692,798.20514,1037.5458,743.4066,767.5824,0.0443115234375,-0.02435302734375,0.981201171875,1.622467041015625,-6.08612060546875,-0.426177978515625,1.0,2.0,1.0,4.0,2.0,95.0,event
11:26:19.083,1.043139,0.2551292,0.93043804,1.0186048,0.9007033,0.09280326,0.45979702,1.0620517,0.96199,0.1334126,0.41848785,0.6707001,0.8128262,0.11379126,-0.16463774,0.659461,0.32423326,-0.41838935,-0.59538,0.0020752505,717.619,800.2198,1232.967,739.7802,755.09155,0.0443115234375,-0.02435302734375,0.981201171875,1.622467041015625,-6.08612060546875,-0.426177978515625,1.0,2.0,1.0,4.0,2.0,95.0,event
11:26:19.084,1.043139,0.2551292,0.93043804,1.0186048,0.9007033,0.09280326,0.45979702,1.0620517,0.96199,0.1334126,0.41848785,0.6707001,0.8128262,0.11379126,-0.16463774,0.659461,0.32423326,-0.41838935,-0.59538,0.0020752505,915.05493,799.81683,1228.5348,740.989,784.10254,0.0443115234375,-0.02435302734375,0.981201171875,1.622467041015625,-6.08612060546875,-0.426177978515625,1.0,2.0,1.0,4.0,2.0,95.0,event
11:26:19.085,1.043139,0.2551292,0.93043804,1.0186048,0.9007033,0.09280326,0.45979702,1.0620517,0.96199,0.1334126,0.41848785,0.6707001,0.8128262,0.11379126,-0.16463774,0.659461,0.32423326,-0.41838935,-0.59538,0.0020752505,920.696,801.8315,1067.7656,724.4689,808.68134,0.0443115234375,-0.02435302734375,0.981201171875,1.622467041015625,-6.08612060546875,-0.426177978515625,1.0,2.0,1.0,4.0,2.0,95.0,event
11:26:19.086,1.043139,0.2551292,0.93043804,1.0186048,0.9007033,0.09280326,0.45979702,1.0620517,0.96199,0.1334126,0.41848785,0.6707001,0.8128262,0.11379126,-0.16463774,0.659461,0.32423326,-0.41838935,-0.59538,0.0020752505,711.978,803.0403,1022.23444,695.8608,749.85345,0.0443115234375,-0.02435302734375,0.981201171875,1.622467041015625,-6.08612060546875,-0.426177978515625,1.0,2.0,1.0,4.0,2.0,95.0,event
11:26:19.087,1.043139,0.2551292,0.93043804,1.0186048,0.9007033,0.09280326,0.45979702,1.0620517,0.96199,0.1334126,0.41848785,0.6707001,0.8128262,0.11379126,-0.16463774,0.659461,0.32423326,-0.41838935,-0.59538,0.0020752505,602.381,804.2491,884.83514,707.1429,796.99634,0.0443115234375,-0.02435302734375,0.981201171875,1.622467041015625,-6.08612060546875,-0.426177978515625,1.0,2.0,1.0,4.0,2.0,95.0,event
11:26:19.088,1.043139,0.2551292,0.93043804,1.0186048,0.9007033,0.09280326,0.45979702,1.0620517,0.96199,0.1334126,0.41848785,0.6707001,0.8128262,0.11379126,-0.16463774,0.659461,0.32423326,-0.41838935,-0.59538,0.0020752505,691.02563,801.4286,863.0769,724.87177,800.2198,0.0443115234375,-0.02435302734375,0.981201171875,1.622467041015625,-6.08612060546875,-0.426177978515625,1.0,2.0,1.0,4.0,2.0,95.0,event
11:26:19.088,1.043139,0.2551292,0.93043804,1.0186048,0.9007033,0.09280326,0.45979702,1.0620517,0.96199,0.1334126,0.41848785,0.6707001,0.8128262,0.11379126,-0.16463774,0.659461,0.32423326,-0.41838935,-0.59538,0.0020752505,868.315,796.99634,514.1392,731.7216,1022.6374,0.0443115234375,-0.02435302734375,0.981201171875,1.622467041015625,-6.08612060546875,-0.426177978515625,1.0,2.0,1.0,4.0,2.0,95.0,event
11:26:19.089,1.043139,0.2551292,0.93043804,1.0186048,0.9007033,0.09280326,0.45979702,1.0620517,0.96199,0.1334126,0.41848785,0.6707001,0.8128262,0.11379126,-0.16463774,0.659461,0.32423326,-0.41838935,-0.59538,0.0020752505,928.7546,799.81683,505.67764,722.8571,1075.4213,0.0443115234375,-0.02435302734375,0.981201171875,1.622467041015625,-6.08612060546875,-0.426177978515625,1.0,2.0,1.0,4.0,2.0,95.0,event
11:26:19.090,1.043139,0.2551292,0.93043804,1.0186048,0.9007033,0.09280326,0.45979702,1.0620517,0.96199,0.1334126,0.41848785,0.6707001,0.8128262,0.11379126,-0.16463774,0.659461,0.32423326,-0.41838935,-0.59538,0.0020752505,772.8205,801.4286,1102.4176,700.696,747.8388,0.0443115234375,-0.02435302734375,0.981201171875,1.622467041015625,-6.08612060546875,-0.426177978515625,1.0,2.0,1.0,4.0,2.0,95.0,event
11:26:19.091,1.043139,0.2551292,0.93043804,1.0186048,0.9007033,0.09280326,0.45979702,1.0620517,0.96199,0.1334126,0.41848785,0.6707001,0.8128262,0.11379126,-0.16463774,0.659461,0.32423326,-0.41838935,-0.59538,0.0020752505,677.72894,796.1905,982.74725,701.50183,811.0989,0.0443115234375,-0.02435302734375,0.981201171875,1.622467041015625,-6.08612060546875,-0.426177978515625,1.0,2.0,1.0,4.0,2.0,95.0,event
11:26:19.091,1.043139,0.2551292,0.93043804,1.0186048,0.9007033,0.09280326,0.45979702,1.0620517,0.96199,0.1334126,0.41848785,0.6707001,0.8128262,0.11379126,-0.16463774,0.659461,0.32423326,-0.41838935,-0.59538,0.0020752505,629.3773,795.78754,1020.2198,695.8608,771.6117,0.0443115234375,-0.02435302734375,0.981201171875,1.622467041015625,-6.08612060546875,-0.426177978515625,1.0,2.0,1.0,4.0,2.0,95.0,event
11:26:19.115,1.043139,0.2551292,0.93043804,1.0186048,0.9007033,0.09280326,0.45979702,1.0620517,0.96199,0.1334126,0.41848785,0.6707001,0.8128262,0.11379126,-0.16463774,0.659461,0.32423326,-0.41838935,-0.59538,0.0020752505,888.0586,797.8022,1266.8132,714.3956,765.9707,0.06005859375,-0.02349853515625,0.99151611328125,1.472930908203125,-9.091796875,-0.471038818359375,1.0,2.0,1.0,4.0,2.0,95.0,event
11:26:19.116,1.043139,0.2551292,0.93043804,1.0186048,0.9007033,0.09280326,0.45979702,1.0620517,0.96199,0.1334126,0.41848785,0.6707001,0.8128262,0.11379126,-0.16463774,0.659461,0.32423326,-0.41838935,-0.59538,0.0020752505,990.80585,797.8022,1312.3444,714.7985,782.8938,0.06005859375,-0.02349853515625,0.99151611328125,1.472930908203125,-9.091796875,-0.471038818359375,1.0,2.0,1.0,4.0,2.0,95.0,event
11:26:19.117,1.043139,0.2551292,0.93043804,1.0186048,0.9007033,0.09280326,0.45979702,1.0620517,0.96199,0.1334126,0.41848785,0.6707001,0.8128262,0.11379126,-0.16463774,0.659461,0.32423326,-0.41838935,-0.59538,0.0020752505,824.7985,797.8022,1002.49084,694.65204,786.9231,0.06005859375,-0.02349853515625,0.99151611328125,1.472930908203125,-9.091796875,-0.471038818359375,1.0,2.0,1.0,4.0,2.0,95.0,event
11:26:19.118,1.043139,0.2551292,0.93043804,1.0186048,0.9007033,0.09280326,0.45979702,1.0620517,0.96199,0.1334126,0.41848785,0.6707001,0.8128262,0.11379126,-0.16463774,0.659461,0.32423326,-0.41838935,-0.59538,0.0020752505,651.9414,798.20514,865.4945,680.14655,731.7216,0.06005859375,-0.02349853515625,0.99151611328125,1.472930908203125,-9.091796875,-0.471038818359375,1.0,2.0,1.0,4.0,2.0,95.0,event
11:26:19.118,1.043139,0.2551292,0.93043804,1.0186048,0.9007033,0.09280326,0.45979702,1.0620517,0.96199,0.1334126,0.41848785,0.6707001,0.8128262,0.11379126,-0.16463774,0.659461,0.32423326,-0.41838935,-0.59538,0.0020752505,699.0842,799.011,1052.4542,686.5934,676.9231,0.06005859375,-0.02349853515625,0.99151611328125,1.472930908203125,-9.091796875,-0.471038818359375,1.0,2.0,1.0,4.0,2.0,95.0,event
11:26:19.119,1.043139,0.2551292,0.93043804,1.0186048,0.9007033,0.09280326,0.45979702,1.0620517,0.96199,0.1334126,0.41848785,0.6707001,0.8128262,0.11379126,-0.16463774,0.659461,0.32423326,-0.41838935,-0.59538,0.0020752505,895.7143,799.41394,1044.3956,703.1135,796.1905,0.06005859375,-0.02349853515625,0.99151611328125,1.472930908203125,-9.091796875,-0.471038818359375,1.0,2.0,1.0,4.0,2.0,95.0,event
11:26:19.120,1.043139,0.2551292,0.93043804,1.0186048,0.9007033,0.09280326,0.45979702,1.0620517,0.96199,0.1334126,0.41848785,0.6707001,0.8128262,0.11379126,-0.16463774,0.659461,0.32423326,-0.41838935,-0.59538,0.0020752505,986.77655,799.011,813.5165,700.293,992.01465,0.06005859375,-0.02349853515625,0.99151611328125,1.472930908203125,-9.091796875,-0.471038818359375,1.0,2.0,1.0,4.0,2.0,95.0,event
11:26:19.121,1.043139,0.2551292,0.93043804,1.0186048,0.9007033,0.09280326,0.45979702,1.0620517,0.96199,0.1334126,0.41848785,0.6707001,0.8128262,0.11379126,-0.16463774,0.659461,0.32423326,-0.41838935,-0.59538,0.0020752505,848.1685,801.8315,801.4286,672.49084,964.61536,0.06005859375,-0.02349853515625,0.99151611328125,1.472930908203125,-9.091796875,-0.471038818359375,1.0,2.0,1.0,4.0,2.0,95.0,event
11:26:19.121,1.043139,0.2551292,0.93043804,1.0186048,0.9007033,0.09280326,0.45979702,1.0620517,0.96199,0.1334126,0.41848785,0.6707001,0.8128262,0.11379126,-0.16463774,0.659461,0.32423326,-0.41838935,-0.59538,0.0020752505,680.9524,797.8022,1031.0989,655.9707,752.674,0.06005859375,-0.02349853515625,0.99151611328125,1.472930908203125,-9.091796875,-0.471038818359375,1.0,2.0,1.0,4.0,2.0,95.0,event
11:26:19.122,1.043139,0.2551292,0.93043804,1.0186048,0.9007033,0.09280326,0.45979702,1.0620517,0.96199,0.1334126,0.41848785,0.6707001,0.8128262,0.11379126,-0.16463774,0.659461,0.32423326,-0.41838935,-0.59538,0.0020752505,682.96704,793.7729,1080.6593,666.4469,752.27106,0.06005859375,-0.02349853515625,0.99151611328125,1.472930908203125,-9.091796875,-0.471038818359375,1.0,2.0,1.0,4.0,2.0,95.0,event
11:26:19.127,1.043139,0.2551292,0.93043804,1.0186048,0.9007033,0.09280326,0.45979702,1.0620517,0.96199,0.1334126,0.41848785,0.6707001,0.8128262,0.11379126,-0.16463774,0.659461,0.32423326,-0.41838935,-0.59538,0.0020752505,844.5421,796.1905,713.1868,690.2198,923.5165,0.06005859375,-0.02349853515625,0.99151611328125,1.472930908203125,-9.091796875,-0.471038818359375,1.0,2.0,1.0,4.0,2.0,95.0,event
11:26:19.128,1.043139,0.2551292,0.93043804,1.0186048,0.9007033,0.09280326,0.45979702,1.0620517,0.96199,0.1334126,0.41848785,0.6707001,0.8128262,0.11379126,-0.16463774,0.659461,0.32423326,-0.41838935,-0.59538,0.0020752505,976.7033,801.02563,415.42123,701.9048,1005.7143,0.06005859375,-0.02349853515625,0.99151611328125,1.472930908203125,-9.091796875,-0.471038818359375,1.0,2.0,1.0,4.0,2.0,95.0,event
11:26:19.177,1.043139,0.2551292,0.93043804,1.0186048,0.9007033,0.09280326,0.45979702,1.0620517,0.96199,0.1334126,0.41848785,0.6707001,0.8128262,0.11379126,-0.16463774,0.659461,0.32423326,-0.41838935,-0.59538,0.0020752505,878.7912,803.44324,915.8608,686.1905,792.5641,0.056884765625,-0.0245361328125,0.98388671875,0.979461669921875,-6.916046142578125,0.082244873046875,1.0,2.0,1.0,4.0,2.0,95.0,event
11:26:19.178,1.043139,0.2551292,0.93043804,1.0186048,0.9007033,0.09280326,0.45979702,1.0620517,0.96199,0.1334126,0.41848785,0.6707001,0.8128262,0.11379126,-0.16463774,0.659461,0.32423326,-0.41838935,-0.59538,0.0020752505,670.07324,800.6227,1093.5531,676.9231,687.8022,0.056884765625,-0.0245361328125,0.98388671875,0.979461669921875,-6.916046142578125,0.082244873046875,1.0,2.0,1.0,4.0,2.0,95.0,event
11:26:19.179,1.043139,0.2551292,0.93043804,1.0186048,0.9007033,0.09280326,0.45979702,1.0620517,0.96199,0.1334126,0.41848785,0.6707001,0.8128262,0.11379126,-0.16463774,0.659461,0.32423326,-0.41838935,-0.59538,0.0020752505,644.2857,796.99634,971.06226,692.23444,737.76556,0.056884765625,-0.0245361328125,0.98388671875,0.979461669921875,-6.916046142578125,0.082244873046875,1.0,2.0,1.0,4.0,2.0,95.0,event
11:26:19.179,1.043139,0.2551292,0.93043804,1.0186048,0.9007033,0.09280326,0.45979702,1.0620517,0.96199,0.1334126,0.41848785,0.6707001,0.8128262,0.11379126,-0.16463774,0.659461,0.32423326,-0.41838935,-0.59538,0.0020752505,827.2161,794.9817,1172.5275,720.84247,724.4689,0.056884765625,-0.0245361328125,0.98388671875,0.979461669921875,-6.916046142578125,0.082244873046875,1.0,2.0,1.0,4.0,2.0,95.0,event
11:26:19.180,1.043139,0.2551292,0.93043804,1.0186048,0.9007033,0.09280326,0.45979702,1.0620517,0.96199,0.1334126,0.41848785,0.6707001,0.8128262,0.11379126,-0.16463774,0.659461,0.32423326,-0.41838935,-0.59538,0.0020752505,984.7619,797.3993,1317.1794,734.94507,752.27106,0.056884765625,-0.0245361328125,0.98388671875,0.979461669921875,-6.916046142578125,0.082244873046875,1.0,2.0,1.0,4.0,2.0,95.0,event
11:26:19.181,1.043139,0.2551292,0.93043804,1.0186048,0.9007033,0.09280326,0.45979702,1.0620517,0.96199,0.1334126,0.41848785,0.6707001,0.8128262,0.11379126,-0.16463774,0.659461,0.32423326,-0.41838935,-0.59538,0.0020752505,898.5348,796.1905,1016.99634,730.10986,811.9048,0.056884765625,-0.0245361328125,0.98388671875,0.979461669921875,-6.916046142578125,0.082244873046875,1.0,2.0,1.0,4.0,2.0,95.0,event
11:26:19.181,1.043139,0.2551292,0.93043804,1.0186048,0.9007033,0.09280326,0.45979702,1.0620517,0.96199,0.1334126,0.41848785,0.6707001,0.8128262,0.11379126,-0.16463774,0.659461,0.32423326,-0.41838935,-0.59538,0.0020752505,677.326,795.78754,699.0842,721.2454,841.31866,0.056884765625,-0.0245361328125,0.98388671875,0.979461669921875,-6.916046142578125,0.082244873046875,1.0,2.0,1.0,4.0,2.0,95.0,event
11:26:19.182,1.043139,0.2551292,0.93043804,1.0186048,0.9007033,0.09280326,0.45979702,1.0620517,0.96199,0.1334126,0.41848785,0.6707001,0.8128262,0.11379126,-0.16463774,0.659461,0.32423326,-0.41838935,-0.59538,0.0020752505,635.42126,801.02563,922.3077,724.4689,776.04395,0.056884765625,-0.0245361328125,0.98388671875,0.979461669921875,-6.916046142578125,0.082244873046875,1.0,2.0,1.0,4.0,2.0,95.0,event
11:26:19.183,1.043139,0.2551292,0.93043804,1.0186048,0.9007033,0.09280326,0.45979702,1.0620517,0.96199,0.1334126,0.41848785,0.6707001,0.8128262,0.11379126,-0.16463774,0.659461,0.32423326,-0.41838935,-0.59538,0.0020752505,804.2491,802.6374,1261.1721,737.3626,700.696,0.056884765625,-0.0245361328125,0.98388671875,0.979461669921875,-6.916046142578125,0.082244873046875,1.0,2.0,1.0,4.0,2.0,95.0,event
11:26:19.184,1.043139,0.2551292,0.93043804,1.0186048,0.9007033,0.09280326,0.45979702,1.0620517,0.96199,0.1334126,0.41848785,0.6707001,0.8128262,0.11379126,-0.16463774,0.659461,0.32423326,-0.41838935,-0.59538,0.0020752505,958.5714,798.20514,1188.2417,751.4652,810.696,0.056884765625,-0.0245361328125,0.98388671875,0.979461669921875,-6.916046142578125,0.082244873046875,1.0,2.0,1.0,4.0,2.0,95.0,event
11:26:19.184,1.043139,0.2551292,0.93043804,1.0186048,0.9007033,0.09280326,0.45979702,1.0620517,0.96199,0.1334126,0.41848785,0.6707001,0.8128262,0.11379126,-0.16463774,0.659461,0.32423326,-0.41838935,-0.59538,0.0020752505,881.6117,794.9817,630.989,745.0183,1048.022,0.056884765625,-0.0245361328125,0.98388671875,0.979461669921875,-6.916046142578125,0.082244873046875,1.0,2.0,1.0,4.0,2.0,95.0,event
11:26:19.185,1.043139,0.2551292,0.93043804,1.0186048,0.9007033,0.09280326,0.45979702,1.0620517,0.96199,0.1334126,0.41848785,0.6707001,0.8128262,0.11379126,-0.16463774,0.659461,0.32423326,-0.41838935,-0.59538,0.0020752505,682.1612,794.17584,698.68134,731.7216,879.59705,0.056884765625,-0.0245361328125,0.98388671875,0.979461669921875,-6.916046142578125,0.082244873046875,1.0,2.0,1.0,4.0,2.0,95.0,event
11:26:19.211,1.043139,0.2551292,0.93043804,1.0186048,0.9007033,0.09280326,0.45979702,1.0620517,0.96199,0.1334126,0.41848785,0.6707001,0.8128262,0.11379126,-0.16463774,0.659461,0.32423326,-0.41838935,-0.59538,0.0020752505,625.7509,794.17584,1049.6337,730.10986,735.7509,0.071533203125,-0.02886962890625,0.98663330078125,1.18133544921875,-9.58526611328125,0.0299072265625,1.0,2.0,1.0,4.0,2.0,95.0,event
11:26:19.212,1.043139,0.2551292,0.93043804,1.0186048,0.9007033,0.09280326,0.45979702,1.0620517,0.96199,0.1334126,0.41848785,0.6707001,0.8128262,0.11379126,-0.16463774,0.659461,0.32423326,-0.41838935,-0.59538,0.0020752505,756.7033,795.78754,845.7509,744.21246,912.23444,0.071533203125,-0.02886962890625,0.98663330078125,1.18133544921875,-9.58526611328125,0.0299072265625,1.0,2.0,1.0,4.0,2.0,95.0,event
11:26:19.213,1.043139,0.2551292,0.93043804,1.0186048,0.9007033,0.09280326,0.45979702,1.0620517,0.96199,0.1334126,0.41848785,0.6707001,0.8128262,0.11379126,-0.16463774,0.659461,0.32423326,-0.41838935,-0.59538,0.0020752505,948.0952,795.78754,838.9011,761.9414,891.685,0.071533203125,-0.02886962890625,0.98663330078125,1.18133544921875,-9.58526611328125,0.0299072265625,1.0,2.0,1.0,4.0,2.0,95.0,event
11:26:19.214,1.043139,0.2551292,0.93043804,1.0186048,0.9007033,0.09280326,0.45979702,1.0620517,0.96199,0.1334126,0.41848785,0.6707001,0.8128262,0.11379126,-0.16463774,0.659461,0.32423326,-0.41838935,-0.59538,0.0020752505,931.1722,801.02563,1162.4542,755.89746,776.4469,0.071533203125,-0.02886962890625,0.98663330078125,1.18133544921875,-9.58526611328125,0.0299072265625,1.0,2.0,1.0,4.0,2.0,95.0,event
11:26:19.215,1.043139,0.2551292,0.93043804,1.0186048,0.9007033,0.09280326,0.45979702,1.0620517,0.96199,0.1334126,0.41848785,0.6707001,0.8128262,0.11379126,-0.16463774,0.659461,0.32423326,-0.41838935,-0.59538,0.0020752505,720.4396,802.6374,1118.9377,745.0183,739.7802,0.071533203125,-0.02886962890625,0.98663330078125,1.18133544921875,-9.58526611328125,0.0299072265625,1.0,2.0,1.0,4.0,2.0,95.0,event
11:26:19.215,1.043139,0.2551292,0.93043804,1.0186048,0.9007033,0.09280326,0.45979702,1.0620517,0.96199,0.1334126,0.41848785,0.6707001,0.8128262,0.11379126,-0.16463774,0.659461,0.32423326,-0.41838935,-0.59538,0.0020752505,634.61536,802.6374,804.65204,744.21246,786.9231,0.071533203125,-0.02886962890625,0.98663330078125,1.18133544921875,-9.58526611328125,0.0299072265625,1.0,2.0,1.0,4.0,2.0,95.0,event
11:26:19.216,1.043139,0.2551292,0.93043804,1.0186048,0.9007033,0.09280326,0.45979702,1.0620517,0.96199,0.1334126,0.41848785,0.6707001,0.8128262,0.11379126,-0.16463774,0.659461,0.32423326,-0.41838935,-0.59538,0.0020752505,738.97437,815.12823,753.8828,761.13556,863.0769,0.071533203125,-0.02886962890625,0.98663330078125,1.18133544921875,-9.58526611328125,0.0299072265625,1.0,2.0,1.0,4.0,2.0,95.0,event
11:26:19.217,1.043139,0.2551292,0.93043804,1.0186048,0.9007033,0.09280326,0.45979702,1.0620517,0.96199,0.1334126,0.41848785,0.6707001,0.8128262,0.11379126,-0.16463774,0.659461,0.32423326,-0.41838935,-0.59538,0.0020752505,931.5751,811.0989,1026.6666,771.2088,814.3223,0.071533203125,-0.02886962890625,0.98663330078125,1.18133544921875,-9.58526611328125,0.0299072265625,1.0,2.0,1.0,4.0,2.0,95.0,event
11:26:19.218,1.043139,0.2551292,0.93043804,1.0186048,0.9007033,0.09280326,0.45979702,1.0620517,0.96199,0.1334126,0.41848785,0.6707001,0.8128262,0.11379126,-0.16463774,0.659461,0.32423326,-0.41838935,-0.59538,0.0020752505,959.3773,817.9487,1274.4689,763.95605,740.989,0.071533203125,-0.02886962890625,0.98663330078125,1.18133544921875,-9.58526611328125,0.0299072265625,1.0,2.0,1.0,4.0,2.0,95.0,event
11:26:19.218,1.043139,0.2551292,0.93043804,1.0186048,0.9007033,0.09280326,0.45979702,1.0620517,0.96199,0.1334126,0.41848785,0.6707001,0.8128262,0.11379126,-0.16463774,0.659461,0.32423326,-0.41838935,-0.59538,0.0020752505,709.9634,808.68134,747.8388,729.304,856.2271,0.071533203125,-0.02886962890625,0.98663330078125,1.18133544921875,-9.58526611328125,0.0299072265625,1.0,2.0,1.0,4.0,2.0,95.0,event
11:26:19.219,1.043139,0.2551292,0.93043804,1.0186048,0.9007033,0.09280326,0.45979702,1.0620517,0.96199,0.1334126,0.41848785,0.6707001,0.8128262,0.11379126,-0.16463774,0.659461,0.32423326,-0.41838935,-0.59538,0.0020752505,562.0879,791.75824,525.0183,694.2491,884.83514,0.071533203125,-0.02886962890625,0.98663330078125,1.18133544921875,-9.58526611328125,0.0299072265625,1.0,2.0,1.0,4.0,2.0,95.0,event
11:26:19.220,1.043139,0.2551292,0.93043804,1.0186048,0.9007033,0.09280326,0.45979702,1.0620517,0.96199,0.1334126,0.41848785,0.6707001,0.8128262,0.11379126,-0.16463774,0.659461,0.32423326,-0.41838935,-0.59538,0.0020752505,648.71796,798.20514,1184.2124,679.7436,699.0842,0.071533203125,-0.02886962890625,0.98663330078125,1.18133544921875,-9.58526611328125,0.0299072265625,1.0,2.0,1.0,4.0,2.0,95.0,event
11:26:19.244,1.043139,0.2551292,0.93043804,1.0186048,0.9007033,0.09280326,0.45979702,1.0620517,0.96199,0.1334126,0.41848785,0.6707001,0.8128262,0.11379126,-0.16463774,0.659461,0.32423326,-0.41838935,-0.59538,0.0020752505,821.1722,802.23444,1293.4066,678.5348,732.9304,0.071533203125,-0.02886962890625,0.98663330078125,1.18133544921875,-9.58526611328125,0.0299072265625,1.0,2.0,1.0,4.0,2.0,95.0,event
11:26:19.245,1.043139,0.2551292,0.93043804,1.0186048,0.9007033,0.09280326,0.45979702,1.0620517,0.96199,0.1334126,0.41848785,0.6707001,0.8128262,0.11379126,-0.16463774,0.659461,0.32423326,-0.41838935,-0.59538,0.0020752505,842.9304,812.71063,1138.2784,661.2088,827.619,0.071533203125,-0.02886962890625,0.98663330078125,1.18133544921875,-9.58526611328125,0.0299072265625,1.0,2.0,1.0,4.0,2.0,95.0,event
11:26:19.246,1.043139,0.2551292,0.93043804,1.0186048,0.9007033,0.09280326,0.45979702,1.0620517,0.96199,0.1334126,0.41848785,0.6707001,0.8128262,0.11379126,-0.16463774,0.659461,0.32423326,-0.41838935,-0.59538,0.0020752505,619.707,830.0366,1133.4432,599.9634,799.81683,0.071533203125,-0.02886962890625,0.98663330078125,1.18133544921875,-9.58526611328125,0.0299072265625,1.0,2.0,1.0,4.0,2.0,95.0,event
11:26:19.247,1.043139,0.2551292,0.93043804,1.0186048,0.9007033,0.09280326,0.45979702,1.0620517,0.96199,0.1334126,0.41848785,0.6707001,0.8128262,0.11379126,-0.16463774,0.659461,0.32423326,-0.41838935,-0.59538,0.0020752505,444.43222,844.94507,1067.3627,537.50916,728.0952,0.071533203125,-0.02886962890625,0.98663330078125,1.18133544921875,-9.58526611328125,0.0299072265625,1.0,2.0,1.0,4.0,2.0,95.0,event
11:26:19.247,1.043139,0.2551292,0.93043804,1.0186048,0.9007033,0.09280326,0.45979702,1.0620517,0.96199,0.1334126,0.41848785,0.6707001,0.8128262,0.11379126,-0.16463774,0.659461,0.32423326,-0.41838935,-0.59538,0.0020752505,473.84616,867.50916,1021.4286,514.5421,813.1135,0.071533203125,-0.02886962890625,0.98663330078125,1.18133544921875,-9.58526611328125,0.0299072265625,1.0,2.0,1.0,4.0,2.0,95.0,event
11:26:19.248,1.043139,0.2551292,0.93043804,1.0186048,0.9007033,0.09280326,0.45979702,1.0620517,0.96199,0.1334126,0.41848785,0.6707001,0.8128262,0.11379126,-0.16463774,0.659461,0.32423326,-0.41838935,-0.59538,0.0020752505,634.61536,894.10254,783.2967,513.3333,1068.9744,0.071533203125,-0.02886962890625,0.98663330078125,1.18133544921875,-9.58526611328125,0.0299072265625,1.0,2.0,1.0,4.0,2.0,95.0,event
11:26:19.248,1.043139,0.2551292,0.93043804,1.0186048,0.9007033,0.09280326,0.45979702,1.0620517,0.96199,0.1334126,0.41848785,0.6707001,0.8128262,0.11379126,-0.16463774,0.659461,0.32423326,-0.41838935,-0.59538,0.0020752505,707.1429,912.6374,746.2271,503.26007,1012.5641,0.071533203125,-0.02886962890625,0.98663330078125,1.18133544921875,-9.58526611328125,0.0299072265625,1.0,2.0,1.0,4.0,2.0,95.0,event
11:26:19.249,1.043139,0.2551292,0.93043804,1.0186048,0.9007033,0.09280326,0.45979702,1.0620517,0.96199,0.1334126,0.41848785,0.6707001,0.8128262,0.11379126,-0.16463774,0.659461,0.32423326,-0.41838935,-0.59538,0.0020752505,542.3443,922.71063,1094.762,479.48718,740.58606,0.071533203125,-0.02886962890625,0.98663330078125,1.18133544921875,-9.58526611328125,0.0299072265625,1.0,2.0,1.0,4.0,2.0,95.0,event
11:26:19.250,1.043139,0.2551292,0.93043804,1.0186048,0.9007033,0.09280326,0.45979702,1.0620517,0.96199,0.1334126,0.41848785,0.6707001,0.8128262,0.11379126,-0.16463774,0.659461,0.32423326,-0.41838935,-0.59538,0.0020752505,377.94873,921.0989,946.8865,469.011,671.28204,0.071533203125,-0.02886962890625,0.98663330078125,1.18133544921875,-9.58526611328125,0.0299072265625,1.0,2.0,1.0,4.0,2.0,95.0,event
11:26:19.250,1.043139,0.2551292,0.93043804,1.0186048,0.9007033,0.09280326,0.45979702,1.0620517,0.96199,0.1334126,0.41848785,0.6707001,0.8128262,0.11379126,-0.16463774,0.659461,0.32423326,-0.41838935,-0.59538,0.0020752505,432.74725,913.0403,756.30035,493.99268,789.7436,0.071533203125,-0.02886962890625,0.98663330078125,1.18133544921875,-9.58526611328125,0.0299072265625,1.0,2.0,1.0,4.0,2.0,95.0,event
11:26:19.251,1.043139,0.2551292,0.93043804,1.0186048,0.9007033,0.09280326,0.45979702,1.0620517,0.96199,0.1334126,0.41848785,0.6707001,0.8128262,0.11379126,-0.16463774,0.659461,0.32423326,-0.41838935,-0.59538,0.0020752505,670.07324,907.3993,1135.4579,540.32965,790.14655,0.071533203125,-0.02886962890625,0.98663330078125,1.18133544921875,-9.58526611328125,0.0299072265625,1.0,2.0,1.0,4.0,2.0,95.0,event
11:26:19.252,1.043139,0.2551292,0.93043804,1.0186048,0.9007033,0.09280326,0.45979702,1.0620517,0.96199,0.1334126,0.41848785,0.6707001,0.8128262,0.11379126,-0.16463774,0.659461,0.32423326,-0.41838935,-0.59538,0.0020752505,794.57874,898.5348,1365.1282,566.52014,726.8865,0.071533203125,-0.02886962890625,0.98663330078125,1.18133544921875,-9.58526611328125,0.0299072265625,1.0,2.0,1.0,4.0,2.0,95.0,event
11:26:19.277,1.043139,0.2551292,0.93043804,1.0186048,0.9007033,0.09280326,0.45979702,1.0620517,0.96199,0.1334126,0.41848785,0.6707001,0.8128262,0.11379126,-0.16463774,0.659461,0.32423326,-0.41838935,-0.59538,0.0020752505,649.12085,888.86444,1062.9304,578.60803,784.5055,0.075439453125,-0.0303955078125,0.98529052734375,2.385101318359375,-6.878662109375,-0.1495361328125,1.0,2.0,1.0,4.0,2.0,95.0,event
11:26:19.279,1.043139,0.2551292,0.93043804,1.0186048,0.9007033,0.09280326,0.45979702,1.0620517,0.96199,0.1334126,0.41848785,0.6707001,0.8128262,0.11379126,-0.16463774,0.659461,0.32423326,-0.41838935,-0.59538,0.0020752505,498.82785,876.3736,943.663,596.7399,837.6923,0.075439453125,-0.0303955078125,0.98529052734375,2.385101318359375,-6.878662109375,-0.1495361328125,1.0,2.0,1.0,4.0,2.0,95.0,event
11:26:19.279,1.043139,0.2551292,0.93043804,1.0186048,0.9007033,0.09280326,0.45979702,1.0620517,0.96199,0.1334126,0.41848785,0.6707001,0.8128262,0.11379126,-0.16463774,0.659461,0.32423326,-0.41838935,-0.59538,0.0020752505,555.2381,863.47986,1199.1208,633.00366,763.1502,0.075439453125,-0.0303955078125,0.98529052734375,2.385101318359375,-6.878662109375,-0.1495361328125,1.0,2.0,1.0,4.0,2.0,95.0,event
11:26:19.280,1.043139,0.2551292,0.93043804,1.0186048,0.9007033,0.09280326,0.45979702,1.0620517,0.96199,0.1334126,0.41848785,0.6707001,0.8128262,0.11379126,-0.16463774,0.659461,0.32423326,-0.41838935,-0.59538,0.0020752505,762.74725,854.61536,1296.227,677.72894,689.41394,0.075439453125,-0.0303955078125,0.98529052734375,2.385101318359375,-6.878662109375,-0.1495361328125,1.0,2.0,1.0,4.0,2.0,95.0,event
11:26:19.281,1.043139,0.2551292,0.93043804,1.0186048,0.9007033,0.09280326,0.45979702,1.0620517,0.96199,0.1334126,0.41848785,0.6707001,0.8128262,0.11379126,-0.16463774,0.659461,0.32423326,-0.41838935,-0.59538,0.0020752505,914.65204,843.3333,1069.3773,711.978,731.7216,0.075439453125,-0.0303955078125,0.98529052734375,2.385101318359375,-6.878662109375,-0.1495361328125,1.0,2.0,1.0,4.0,2.0,95.0,event
11:26:19.281,1.043139,0.2551292,0.93043804,1.0186048,0.9007033,0.09280326,0.45979702,1.0620517,0.96199,0.1334126,0.41848785,0.6707001,0.8128262,0.11379126,-0.16463774,0.659461,0.32423326,-0.41838935,-0.59538,0.0020752505,820.7692,829.6337,812.3077,726.08057,831.2454,0.075439453125,-0.0303955078125,0.98529052734375,2.385101318359375,-6.878662109375,-0.1495361328125,1.0,2.0,1.0,4.0,2.0,95.0,event
11:26:19.282,1.043139,0.2551292,0.93043804,1.0186048,0.9007033,0.09280326,0.45979702,1.0620517,0.96199,0.1334126,0.41848785,0.6707001,0.8128262,0.11379126,-0.16463774,0.659461,0.32423326,-0.41838935,-0.59538,0.0020752505,648.315,823.1868,820.3663,734.94507,835.2747,0.075439453125,-0.0303955078125,0.98529052734375,2.385101318359375,-6.878662109375,-0.1495361328125,1.0,2.0,1.0,4.0,2.0,95.0,event
11:26:19.283,1.043139,0.2551292,0.93043804,1.0186048,0.9007033,0.09280326,0.45979702,1.0620517,0.96199,0.1334126,0.41848785,0.6707001,0.8128262,0.11379126,-0.16463774,0.659461,0.32423326,-0.41838935,-0.59538,0.0020752505,655.9707,817.9487,971.06226,769.19415,829.6337,0.075439453125,-0.0303955078125,0.98529052734375,2.385101318359375,-6.878662109375,-0.1495361328125,1.0,2.0,1.0,4.0,2.0,95.0,event
11:26:19.284,1.043139,0.2551292,0.93043804,1.0186048,0.9007033,0.09280326,0.45979702,1.0620517,0.96199,0.1334126,0.41848785,0.6707001,0.8128262,0.11379126,-0.16463774,0.659461,0.32423326,-0.41838935,-0.59538,0.0020752505,845.34796,805.4579,778.86444,817.5458,928.3516,0.075439453125,-0.0303955078125,0.98529052734375,2.385101318359375,-6.878662109375,-0.1495361328125,1.0,2.0,1.0,4.0,2.0,95.0,event
11:26:19.284,1.043139,0.2551292,0.93043804,1.0186048,0.9007033,0.09280326,0.45979702,1.0620517,0.96199,0.1334126,0.41848785,0.6707001,0.8128262,0.11379126,-0.16463774,0.659461,0.32423326,-0.41838935,-0.59538,0.0020752505,1003.69965,800.6227,453.2967,836.08057,1010.9524,0.075439453125,-0.0303955078125,0.98529052734375,2.385101318359375,-6.878662109375,-0.1495361328125,1.0,2.0,1.0,4.0,2.0,95.0,event
11:26:19.285,1.043139,0.2551292,0.93043804,1.0186048,0.9007033,0.09280326,0.45979702,1.0620517,0.96199,0.1334126,0.41848785,0.6707001,0.8128262,0.11379126,-0.16463774,0.659461,0.32423326,-0.41838935,-0.59538,0.0020752505,938.8278,801.8315,864.2857,840.5128,831.6484,0.075439453125,-0.0303955078125,0.98529052734375,2.385101318359375,-6.878662109375,-0.1495361328125,1.0,2.0,1.0,4.0,2.0,95.0,event
11:26:19.286,1.043139,0.2551292,0.93043804,1.0186048,0.9007033,0.09280326,0.45979702,1.0620517,0.96199,0.1334126,0.41848785,0.6707001,0.8128262,0.11379126,-0.16463774,0.659461,0.32423326,-0.41838935,-0.59538,0.0020752505,754.68866,799.41394,1008.1319,843.3333,793.7729,0.075439453125,-0.0303955078125,0.98529052734375,2.385101318359375,-6.878662109375,-0.1495361328125,1.0,2.0,1.0,4.0,2.0,95.0,event
11:26:19.315,1.043139,0.2551292,0.93043804,1.0186048,0.9007033,0.09280326,0.45979702,1.0620517,0.96199,0.1334126,0.41848785,0.6707001,0.8128262,0.11379126,-0.16463774,0.659461,0.32423326,-0.41838935,-0.59538,0.0020752505,727.28937,796.99634,944.0659,846.55676,838.0952,0.079345703125,-0.02410888671875,0.9786376953125,2.564544677734375,-5.323486328125,-0.49346923828125,1.0,2.0,1.0,4.0,2.0,95.0,event
11:26:19.316,1.043139,0.2551292,0.93043804,1.0186048,0.9007033,0.09280326,0.45979702,1.0620517,0.96199,0.1334126,0.41848785,0.6707001,0.8128262,0.11379126,-0.16463774,0.659461,0.32423326,-0.41838935,-0.59538,0.0020752505,892.8938,792.5641,1181.7949,873.5531,761.53845,0.079345703125,-0.02410888671875,0.9786376953125,2.564544677734375,-5.323486328125,-0.49346923828125,1.0,2.0,1.0,4.0,2.0,95.0,event
11:26:19.321,1.043139,0.2551292,0.93043804,1.0186048,0.9007033,0.09280326,0.45979702,1.0620517,0.96199,0.1334126,0.41848785,0.6707001,0.8128262,0.11379126,-0.16463774,0.659461,0.32423326,-0.41838935,-0.59538,0.0020752505,1058.0952,790.9524,1320.403,907.8022,708.3516,0.079345703125,-0.02410888671875,0.9786376953125,2.564544677734375,-5.323486328125,-0.49346923828125,1.0,2.0,1.0,4.0,2.0,95.0,event
11:26:19.321,1.043139,0.2551292,0.93043804,1.0186048,0.9007033,0.09280326,0.45979702,1.0620517,0.96199,0.1334126,0.41848785,0.6707001,0.8128262,0.11379126,-0.16463774,0.659461,0.32423326,-0.41838935,-0.59538,0.0020752505,1002.8938,791.75824,1184.2124,907.3993,734.5421,0.079345703125,-0.02410888671875,0.9786376953125,2.564544677734375,-5.323486328125,-0.49346923828125,1.0,2.0,1.0,4.0,2.0,95.0,event
11:26:19.322,1.043139,0.2551292,0.93043804,1.0186048,0.9007033,0.09280326,0.45979702,1.0620517,0.96199,0.1334126,0.41848785,0.6707001,0.8128262,0.11379126,-0.16463774,0.659461,0.32423326,-0.41838935,-0.59538,0.0020752505,787.72894,788.93774,960.18317,888.0586,795.78754,0.079345703125,-0.02410888671875,0.9786376953125,2.564544677734375,-5.323486328125,-0.49346923828125,1.0,2.0,1.0,4.0,2.0,95.0,event
11:26:19.323,1.043139,0.2551292,0.93043804,1.0186048,0.9007033,0.09280326,0.45979702,1.0620517,0.96199,0.1334126,0.41848785,0.6707001,0.8128262,0.11379126,-0.16463774,0.659461,0.32423326,-0.41838935,-0.59538,0.0020752505,711.1722,789.7436,876.77655,880.40295,840.9158,0.079345703125,-0.02410888671875,0.9786376953125,2.564544677734375,-5.323486328125,-0.49346923828125,1.0,2.0,1.0,4.0,2.0,95.0,event
11:26:19.324,1.043139,0.2551292,0.93043804,1.0186048,0.9007033,0.09280326,0.45979702,1.0620517,0.96199,0.1334126,0.41848785,0.6707001,0.8128262,0.11379126,-0.16463774,0.659461,0.32423326,-0.41838935,-0.59538,0.0020752505,838.9011,794.9817,994.0293,879.59705,855.0183,0.079345703125,-0.02410888671875,0.9786376953125,2.564544677734375,-5.323486328125,-0.49346923828125,1.0,2.0,1.0,4.0,2.0,95.0,event
11:26:19.325,1.043139,0.2551292,0.93043804,1.0186048,0.9007033,0.09280326,0.45979702,1.0620517,0.96199,0.1334126,0.41848785,0.6707001,0.8128262,0.11379126,-0.16463774,0.659461,0.32423326,-0.41838935,-0.59538,0.0020752505,1026.2638,793.36993,1168.9011,889.2674,861.4652,0.079345703125,-0.02410888671875,0.9786376953125,2.564544677734375,-5.323486328125,-0.49346923828125,1.0,2.0,1.0,4.0,2.0,95.0,event
11:26:19.326,1.043139,0.2551292,0.93043804,1.0186048,0.9007033,0.09280326,0.45979702,1.0620517,0.96199,0.1334126,0.41848785,0.6707001,0.8128262,0.11379126,-0.16463774,0.659461,0.32423326,-0.41838935,-0.59538,0.0020752505,998.0586,795.38464,698.68134,887.6557,977.9121,0.079345703125,-0.02410888671875,0.9786376953125,2.564544677734375,-5.323486328125,-0.49346923828125,1.0,2.0,1.0,4.0,2.0,95.0,event
11:26:19.327,1.043139,0.2551292,0.93043804,1.0186048,0.9007033,0.09280326,0.45979702,1.0620517,0.96199,0.1334126,0.41848785,0.6707001,0.8128262,0.11379126,-0.16463774,0.659461,0.32423326,-0.41838935,-0.59538,0.0020752505,793.7729,801.02563,623.3333,850.989,916.26373,0.079345703125,-0.02410888671875,0.9786376953125,2.564544677734375,-5.323486328125,-0.49346923828125,1.0,2.0,1.0,4.0,2.0,95.0,event
11:26:19.327,1.043139,0.2551292,0.93043804,1.0186048,0.9007033,0.09280326,0.45979702,1.0620517,0.96199,0.1334126,0.41848785,0.6707001,0.8128262,0.11379126,-0.16463774,0.659461,0.32423326,-0.41838935,-0.59538,0.0020752505,714.7985,801.8315,1045.2014,834.4689,745.0183,0.079345703125,-0.02410888671875,0.9786376953125,2.564544677734375,-5.323486328125,-0.49346923828125,1.0,2.0,1.0,4.0,2.0,95.0,event
11:26:19.329,1.043139,0.2551292,0.93043804,1.0186048,0.9007033,0.09280326,0.45979702,1.0620517,0.96199,0.1334126,0.41848785,0.6707001,0.8128262,0.11379126,-0.16463774,0.659461,0.32423326,-0.41838935,-0.59538,0.0020752505,827.619,801.4286,991.2088,858.6447,805.05493,0.079345703125,-0.02410888671875,0.9786376953125,2.564544677734375,-5.323486328125,-0.49346923828125,1.0,2.0,1.0,4.0,2.0,95.0,event
11:26:19.383,1.043139,0.2551292,0.93043804,1.0186048,0.9007033,0.09280326,0.45979702,1.0620517,0.96199,0.1334126,0.41848785,0.6707001,0.8128262,0.11379126,-0.16463774,0.659461,0.32423326,-0.41838935,-0.59538,0.0020752505,1026.6666,806.26373,952.9304,874.35895,871.53845,0.08734130859375,-0.026123046875,0.98907470703125,2.220611572265625,-2.58697509765625,0.949554443359375,1.0,2.0,1.0,4.0,2.0,95.0,event
11:26:19.384,1.043139,0.2551292,0.93043804,1.0186048,0.9007033,0.09280326,0.45979702,1.0620517,0.96199,0.1334126,0.41848785,0.6707001,0.8128262,0.11379126,-0.16463774,0.659461,0.32423326,-0.41838935,-0.59538,0.0020752505,1042.381,816.337,1195.8975,865.4945,770.80585,0.08734130859375,-0.026123046875,0.98907470703125,2.220611572265625,-2.58697509765625,0.949554443359375,1.0,2.0,1.0,4.0,2.0,95.0,event
11:26:19.385,1.043139,0.2551292,0.93043804,1.0186048,0.9007033,0.09280326,0.45979702,1.0620517,0.96199,0.1334126,0.41848785,0.6707001,0.8128262,0.11379126,-0.16463774,0.659461,0.32423326,-0.41838935,-0.59538,0.0020752505,839.304,812.3077,1183.4066,845.7509,730.5128,0.08734130859375,-0.026123046875,0.98907470703125,2.220611572265625,-2.58697509765625,0.949554443359375,1.0,2.0,1.0,4.0,2.0,95.0,event
11:26:19.386,1.043139,0.2551292,0.93043804,1.0186048,0.9007033,0.09280326,0.45979702,1.0620517,0.96199,0.1334126,0.41848785,0.6707001,0.8128262,0.11379126,-0.16463774,0.659461,0.32423326,-0.41838935,-0.59538,0.0020752505,712.381,811.0989,1026.6666,838.0952,795.38464,0.08734130859375,-0.026123046875,0.98907470703125,2.220611572265625,-2.58697509765625,0.949554443359375,1.0,2.0,1.0,4.0,2.0,95.0,event
11:26:19.387,1.043139,0.2551292,0.93043804,1.0186048,0.9007033,0.09280326,0.45979702,1.0620517,0.96199,0.1334126,0.41848785,0.6707001,0.8128262,0.11379126,-0.16463774,0.659461,0.32423326,-0.41838935,-0.59538,0.0020752505,813.1135,817.9487,1101.2087,850.989,818.3516,0.08734130859375,-0.026123046875,0.98907470703125,2.220611572265625,-2.58697509765625,0.949554443359375,1.0,2.0,1.0,4.0,2.0,95.0,event
11:26:19.388,1.043139,0.2551292,0.93043804,1.0186048,0.9007033,0.09280326,0.45979702,1.0620517,0.96199,0.1334126,0.41848785,0.6707001,0.8128262,0.11379126,-0.16463774,0.659461,0.32423326,-0.41838935,-0.59538,0.0020752505,1013.7729,816.7399,1112.8938,864.2857,848.1685,0.08734130859375,-0.026123046875,0.98907470703125,2.220611572265625,-2.58697509765625,0.949554443359375,1.0,2.0,1.0,4.0,2.0,95.0,event
11:26:19.389,1.043139,0.2551292,0.93043804,1.0186048,0.9007033,0.09280326,0.45979702,1.0620517,0.96199,0.1334126,0.41848785,0.6707001,0.8128262,0.11379126,-0.16463774,0.659461,0.32423326,-0.41838935,-0.59538,0.0020752505,1041.5751,817.9487,1027.0696,857.4359,864.2857,0.08734130859375,-0.026123046875,0.98907470703125,2.220611572265625,-2.58697509765625,0.949554443359375,1.0,2.0,1.0,4.0,2.0,95.0,event
11:26:19.390,1.043139,0.2551292,0.93043804,1.0186048,0.9007033,0.09280326,0.45979702,1.0620517,0.96199,0.1334126,0.41848785,0.6707001,0.8128262,0.11379126,-0.16463774,0.659461,0.32423326,-0.41838935,-0.59538,0.0020752505,832.8571,814.7253,647.9121,834.87177,923.91943,0.08734130859375,-0.026123046875,0.98907470703125,2.220611572265625,-2.58697509765625,0.949554443359375,1.0,2.0,1.0,4.0,2.0,95.0,event
11:26:19.391,1.043139,0.2551292,0.93043804,1.0186048,0.9007033,0.09280326,0.45979702,1.0620517,0.96199,0.1334126,0.41848785,0.6707001,0.8128262,0.11379126,-0.16463774,0.659461,0.32423326,-0.41838935,-0.59538,0.0020752505,701.9048,815.9341,430.32968,834.0659,924.7253,0.08734130859375,-0.026123046875,0.98907470703125,2.220611572265625,-2.58697509765625,0.949554443359375,1.0,2.0,1.0,4.0,2.0,95.0,event
11:26:19.392,1.043139,0.2551292,0.93043804,1.0186048,0.9007033,0.09280326,0.45979702,1.0620517,0.96199,0.1334126,0.41848785,0.6707001,0.8128262,0.11379126,-0.16463774,0.659461,0.32423326,-0.41838935,-0.59538,0.0020752505,794.9817,823.9927,1072.1978,849.7802,743.8095,0.08734130859375,-0.026123046875,0.98907470703125,2.220611572265625,-2.58697509765625,0.949554443359375,1.0,2.0,1.0,4.0,2.0,95.0,event
11:26:19.392,1.043139,0.2551292,0.93043804,1.0186048,0.9007033,0.09280326,0.45979702,1.0620517,0.96199,0.1334126,0.41848785,0.6707001,0.8128262,0.11379126,-0.16463774,0.659461,0.32423326,-0.41838935,-0.59538,0.0020752505,991.6117,821.978,1301.8682,858.6447,724.87177,0.08734130859375,-0.026123046875,0.98907470703125,2.220611572265625,-2.58697509765625,0.949554443359375,1.0,2.0,1.0,4.0,2.0,95.0,event
11:26:19.393,1.043139,0.2551292,0.93043804,1.0186048,0.9007033,0.09280326,0.45979702,1.0620517,0.96199,0.1334126,0.41848785,0.6707001,0.8128262,0.11379126,-0.16463774,0.659461,0.32423326,-0.41838935,-0.59538,0.0020752505,1059.7069,816.7399,1093.5531,846.1539,732.52747,0.08734130859375,-0.026123046875,0.98907470703125,2.220611572265625,-2.58697509765625,0.949554443359375,1.0,2.0,1.0,4.0,2.0,95.0,event
11:26:19.415,1.043139,0.2551292,0.93043804,1.0186048,0.9007033,0.09280326,0.45979702,1.0620517,0.96199,0.1334126,0.41848785,0.6707001,0.8128262,0.11379126,-0.16463774,0.659461,0.32423326,-0.41838935,-0.59538,0.0020752505,869.5238,817.5458,1047.619,820.3663,779.67035,0.077880859375,-0.0257568359375,0.978271484375,3.087921142578125,-1.4056396484375,0.575714111328125,1.0,2.0,1.0,4.0,2.0,95.0,event
11:26:19.416,1.043139,0.2551292,0.93043804,1.0186048,0.9007033,0.09280326,0.45979702,1.0620517,0.96199,0.1334126,0.41848785,0.6707001,0.8128262,0.11379126,-0.16463774,0.659461,0.32423326,-0.41838935,-0.59538,0.0020752505,698.68134,819.15753,1021.4286,815.12823,850.18317,0.077880859375,-0.0257568359375,0.978271484375,3.087921142578125,-1.4056396484375,0.575714111328125,1.0,2.0,1.0,4.0,2.0,95.0,event
11:26:19.417,1.043139,0.2551292,0.93043804,1.0186048,0.9007033,0.09280326,0.45979702,1.0620517,0.96199,0.1334126,0.41848785,0.6707001,0.8128262,0.11379126,-0.16463774,0.659461,0.32423326,-0.41838935,-0.59538,0.0020752505,753.0769,815.5311,1084.6886,827.2161,803.0403,0.077880859375,-0.0257568359375,0.978271484375,3.087921142578125,-1.4056396484375,0.575714111328125,1.0,2.0,1.0,4.0,2.0,95.0,event
11:26:19.417,1.043139,0.2551292,0.93043804,1.0186048,0.9007033,0.09280326,0.45979702,1.0620517,0.96199,0.1334126,0.41848785,0.6707001,0.8128262,0.11379126,-0.16463774,0.659461,0.32423326,-0.41838935,-0.59538,0.0020752505,954.94507,817.1429,1064.9451,833.2601,864.68866,0.077880859375,-0.0257568359375,0.978271484375,3.087921142578125,-1.4056396484375,0.575714111328125,1.0,2.0,1.0,4.0,2.0,95.0,event
11:26:19.420,,,,,,,,,,,,,,,,,,,,,,,,,,,,,,,,,,,,,,blink
11:26:19.422,1.043139,0.2551292,0.93043804,1.0186048,0.9007033,0.09280326,0.45979702,1.0620517,0.96199,0.1334126,0.41848785,0.6707001,0.8128262,0.11379126,-0.16463774,0.659461,0.32423326,-0.41838935,-0.59538,0.0020752505,1036.337,817.9487,1058.4982,819.15753,819.15753,0.077880859375,-0.0257568359375,0.978271484375,3.087921142578125,-1.4056396484375,0.575714111328125,1.0,2.0,1.0,4.0,2.0,95.0,event
11:26:19.423,1.043139,0.2551292,0.93043804,1.0186048,0.9007033,0.09280326,0.45979702,1.0620517,0.96199,0.1334126,0.41848785,0.6707001,0.8128262,0.11379126,-0.16463774,0.659461,0.32423326,-0.41838935,-0.59538,0.0020752505,874.35895,817.9487,896.9231,818.3516,705.5311,0.077880859375,-0.0257568359375,0.978271484375,3.087921142578125,-1.4056396484375,0.575714111328125,1.0,2.0,1.0,4.0,2.0,95.0,event
11:26:19.423,1.043139,0.2551292,0.93043804,1.0186048,0.9007033,0.09280326,0.45979702,1.0620517,0.96199,0.1334126,0.41848785,0.6707001,0.8128262,0.11379126,-0.16463774,0.659461,0.32423326,-0.41838935,-0.59538,0.0020752505,699.0842,819.15753,728.49817,803.0403,735.34796,0.077880859375,-0.0257568359375,0.978271484375,3.087921142578125,-1.4056396484375,0.575714111328125,1.0,2.0,1.0,4.0,2.0,95.0,event
11:26:19.424,1.043139,0.2551292,0.93043804,1.0186048,0.9007033,0.09280326,0.45979702,1.0620517,0.96199,0.1334126,0.41848785,0.6707001,0.8128262,0.11379126,-0.16463774,0.659461,0.32423326,-0.41838935,-0.59538,0.0020752505,717.619,819.15753,555.64105,776.04395,870.32965,0.077880859375,-0.0257568359375,0.978271484375,3.087921142578125,-1.4056396484375,0.575714111328125,1.0,2.0,1.0,4.0,2.0,95.0,event
11:26:19.425,1.043139,0.2551292,0.93043804,1.0186048,0.9007033,0.09280326,0.45979702,1.0620517,0.96199,0.1334126,0.41848785,0.6707001,0.8128262,0.11379126,-0.16463774,0.659461,0.32423326,-0.41838935,-0.59538,0.0020752505,913.0403,821.978,830.0366,805.05493,829.6337,0.077880859375,-0.0257568359375,0.978271484375,3.087921142578125,-1.4056396484375,0.575714111328125,1.0,2.0,1.0,4.0,2.0,95.0,event
11:26:19.425,1.043139,0.2551292,0.93043804,1.0186048,0.9007033,0.09280326,0.45979702,1.0620517,0.96199,0.1334126,0.41848785,0.6707001,0.8128262,0.11379126,-0.16463774,0.659461,0.32423326,-0.41838935,-0.59538,0.0020752505,1037.5458,820.7692,1330.8792,830.84247,697.47253,0.077880859375,-0.0257568359375,0.978271484375,3.087921142578125,-1.4056396484375,0.575714111328125,1.0,2.0,1.0,4.0,2.0,95.0,event
11:26:19.426,1.043139,0.2551292,0.93043804,1.0186048,0.9007033,0.09280326,0.45979702,1.0620517,0.96199,0.1334126,0.41848785,0.6707001,0.8128262,0.11379126,-0.16463774,0.659461,0.32423326,-0.41838935,-0.59538,0.0020752505,910.2198,815.5311,1030.2931,825.2015,753.0769,0.077880859375,-0.0257568359375,0.978271484375,3.087921142578125,-1.4056396484375,0.575714111328125,1.0,2.0,1.0,4.0,2.0,95.0,event
11:26:19.427,1.043139,0.2551292,0.93043804,1.0186048,0.9007033,0.09280326,0.45979702,1.0620517,0.96199,0.1334126,0.41848785,0.6707001,0.8128262,0.11379126,-0.16463774,0.659461,0.32423326,-0.41838935,-0.59538,0.0020752505,721.6484,817.1429,806.6667,818.7546,749.0476,0.077880859375,-0.0257568359375,0.978271484375,3.087921142578125,-1.4056396484375,0.575714111328125,1.0,2.0,1.0,4.0,2.0,95.0,event
11:26:19.467,1.043139,0.2551292,0.93043804,1.0186048,0.9007033,0.09280326,0.45979702,1.0620517,0.96199,0.1334126,0.41848785,0.6707001,0.8128262,0.11379126,-0.16463774,0.659461,0.32423326,-0.41838935,-0.59538,0.0020752505,724.0659,819.5604,1134.249,820.3663,685.78754,0.077880859375,-0.0257568359375,0.978271484375,3.087921142578125,-1.4056396484375,0.575714111328125,1.0,2.0,1.0,4.0,2.0,95.0,event
11:26:19.468,1.043139,0.2551292,0.93043804,1.0186048,0.9007033,0.09280326,0.45979702,1.0620517,0.96199,0.1334126,0.41848785,0.6707001,0.8128262,0.11379126,-0.16463774,0.659461,0.32423326,-0.41838935,-0.59538,0.0020752505,903.7729,813.1135,1356.6666,833.2601,767.5824,0.077880859375,-0.0257568359375,0.978271484375,3.087921142578125,-1.4056396484375,0.575714111328125,1.0,2.0,1.0,4.0,2.0,95.0,event
11:26:19.469,1.043139,0.2551292,0.93043804,1.0186048,0.9007033,0.09280326,0.45979702,1.0620517,0.96199,0.1334126,0.41848785,0.6707001,0.8128262,0.11379126,-0.16463774,0.659461,0.32423326,-0.41838935,-0.59538,0.0020752505,1042.7839,815.12823,1233.37,836.8865,898.5348,0.077880859375,-0.0257568359375,0.978271484375,3.087921142578125,-1.4056396484375,0.575714111328125,1.0,2.0,1.0,4.0,2.0,95.0,event
11:26:19.470,1.043139,0.2551292,0.93043804,1.0186048,0.9007033,0.09280326,0.45979702,1.0620517,0.96199,0.1334126,0.41848785,0.6707001,0.8128262,0.11379126,-0.16463774,0.659461,0.32423326,-0.41838935,-0.59538,0.0020752505,931.1722,819.9634,1046.4103,816.337,862.674,0.077880859375,-0.0257568359375,0.978271484375,3.087921142578125,-1.4056396484375,0.575714111328125,1.0,2.0,1.0,4.0,2.0,95.0,event
11:26:19.471,1.043139,0.2551292,0.93043804,1.0186048,0.9007033,0.09280326,0.45979702,1.0620517,0.96199,0.1334126,0.41848785,0.6707001,0.8128262,0.11379126,-0.16463774,0.659461,0.32423326,-0.41838935,-0.59538,0.0020752505,722.0513,815.9341,959.7802,806.26373,819.15753,0.077880859375,-0.0257568359375,0.978271484375,3.087921142578125,-1.4056396484375,0.575714111328125,1.0,2.0,1.0,4.0,2.0,95.0,event
11:26:19.471,1.043139,0.2551292,0.93043804,1.0186048,0.9007033,0.09280326,0.45979702,1.0620517,0.96199,0.1334126,0.41848785,0.6707001,0.8128262,0.11379126,-0.16463774,0.659461,0.32423326,-0.41838935,-0.59538,0.0020752505,693.0403,816.7399,985.9707,814.7253,823.5897,0.077880859375,-0.0257568359375,0.978271484375,3.087921142578125,-1.4056396484375,0.575714111328125,1.0,2.0,1.0,4.0,2.0,95.0,event
11:26:19.472,1.043139,0.2551292,0.93043804,1.0186048,0.9007033,0.09280326,0.45979702,1.0620517,0.96199,0.1334126,0.41848785,0.6707001,0.8128262,0.11379126,-0.16463774,0.659461,0.32423326,-0.41838935,-0.59538,0.0020752505,853.4066,819.5604,826.4103,838.9011,971.06226,0.077880859375,-0.0257568359375,0.978271484375,3.087921142578125,-1.4056396484375,0.575714111328125,1.0,2.0,1.0,4.0,2.0,95.0,event
11:26:19.473,1.043139,0.2551292,0.93043804,1.0186048,0.9007033,0.09280326,0.45979702,1.0620517,0.96199,0.1334126,0.41848785,0.6707001,0.8128262,0.11379126,-0.16463774,0.659461,0.32423326,-0.41838935,-0.59538,0.0020752505,1010.14655,819.15753,453.69965,846.55676,1099.1941,0.077880859375,-0.0257568359375,0.978271484375,3.087921142578125,-1.4056396484375,0.575714111328125,1.0,2.0,1.0,4.0,2.0,95.0,event
11:26:19.473,1.043139,0.2551292,0.93043804,1.0186048,0.9007033,0.09280326,0.45979702,1.0620517,0.96199,0.1334126,0.41848785,0.6707001,0.8128262,0.11379126,-0.16463774,0.659461,0.32423326,-0.41838935,-0.59538,0.0020752505,950.10986,818.7546,779.67035,818.7546,782.49084,0.077880859375,-0.0257568359375,0.978271484375,3.087921142578125,-1.4056396484375,0.575714111328125,1.0,2.0,1.0,4.0,2.0,95.0,event
11:26:19.474,1.043139,0.2551292,0.93043804,1.0186048,0.9007033,0.09280326,0.45979702,1.0620517,0.96199,0.1334126,0.41848785,0.6707001,0.8128262,0.11379126,-0.16463774,0.659461,0.32423326,-0.41838935,-0.59538,0.0020752505,746.63007,815.12823,1081.0623,797.3993,599.15753,0.077880859375,-0.0257568359375,0.978271484375,3.087921142578125,-1.4056396484375,0.575714111328125,1.0,2.0,1.0,4.0,2.0,95.0,event
11:26:19.475,1.043139,0.2551292,0.93043804,1.0186048,0.9007033,0.09280326,0.45979702,1.0620517,0.96199,0.1334126,0.41848785,0.6707001,0.8128262,0.11379126,-0.16463774,0.659461,0.32423326,-0.41838935,-0.59538,0.0020752505,683.7729,811.9048,1030.6959,801.02563,703.5165,0.077880859375,-0.0257568359375,0.978271484375,3.087921142578125,-1.4056396484375,0.575714111328125,1.0,2.0,1.0,4.0,2.0,95.0,event
11:26:19.476,1.043139,0.2551292,0.93043804,1.0186048,0.9007033,0.09280326,0.45979702,1.0620517,0.96199,0.1334126,0.41848785,0.6707001,0.8128262,0.11379126,-0.16463774,0.659461,0.32423326,-0.41838935,-0.59538,0.0020752505,833.663,812.3077,1190.6593,823.1868,738.97437,0.077880859375,-0.0257568359375,0.978271484375,3.087921142578125,-1.4056396484375,0.575714111328125,1.0,2.0,1.0,4.0,2.0,95.0,event
11:26:19.510,1.043139,0.2551292,0.93043804,1.0186048,0.9007033,0.09280326,0.45979702,1.0620517,0.96199,0.1334126,0.41848785,0.6707001,0.8128262,0.11379126,-0.16463774,0.659461,0.32423326,-0.41838935,-0.59538,0.0020752505,1019.41394,813.91943,1387.2894,834.4689,741.39197,0.07470703125,-0.0250244140625,0.9849853515625,2.669219970703125,-2.639312744140625,0.49346923828125,1.0,2.0,1.0,4.0,2.0,95.0,event
11:26:19.511,1.043139,0.2551292,0.93043804,1.0186048,0.9007033,0.09280326,0.45979702,1.0620517,0.96199,0.1334126,0.41848785,0.6707001,0.8128262,0.11379126,-0.16463774,0.659461,0.32423326,-0.41838935,-0.59538,0.0020752505,977.50916,814.3223,1234.1758,823.1868,762.74725,0.07470703125,-0.0250244140625,0.9849853515625,2.669219970703125,-2.639312744140625,0.49346923828125,1.0,2.0,1.0,4.0,2.0,95.0,event
11:26:19.512,1.043139,0.2551292,0.93043804,1.0186048,0.9007033,0.09280326,0.45979702,1.0620517,0.96199,0.1334126,0.41848785,0.6707001,0.8128262,0.11379126,-0.16463774,0.659461,0.32423326,-0.41838935,-0.59538,0.0020752505,774.0293,818.7546,946.08057,810.293,732.9304,0.07470703125,-0.0250244140625,0.9849853515625,2.669219970703125,-2.639312744140625,0.49346923828125,1.0,2.0,1.0,4.0,2.0,95.0,event
11:26:19.513,1.043139,0.2551292,0.93043804,1.0186048,0.9007033,0.09280326,0.45979702,1.0620517,0.96199,0.1334126,0.41848785,0.6707001,0.8128262,0.11379126,-0.16463774,0.659461,0.32423326,-0.41838935,-0.59538,0.0020752505,704.7253,817.9487,1090.3297,818.3516,734.5421,0.07470703125,-0.0250244140625,0.9849853515625,2.669219970703125,-2.639312744140625,0.49346923828125,1.0,2.0,1.0,4.0,2.0,95.0,event
11:26:19.513,1.043139,0.2551292,0.93043804,1.0186048,0.9007033,0.09280326,0.45979702,1.0620517,0.96199,0.1334126,0.41848785,0.6707001,0.8128262,0.11379126,-0.16463774,0.659461,0.32423326,-0.41838935,-0.59538,0.0020752505,826.8132,813.1135,1324.4323,836.08057,756.30035,0.07470703125,-0.0250244140625,0.9849853515625,2.669219970703125,-2.639312744140625,0.49346923828125,1.0,2.0,1.0,4.0,2.0,95.0,event
11:26:19.514,1.043139,0.2551292,0.93043804,1.0186048,0.9007033,0.09280326,0.45979702,1.0620517,0.96199,0.1334126,0.41848785,0.6707001,0.8128262,0.11379126,-0.16463774,0.659461,0.32423326,-0.41838935,-0.59538,0.0020752505,1015.78754,808.2784,1219.6703,852.6007,892.0879,0.07470703125,-0.0250244140625,0.9849853515625,2.669219970703125,-2.639312744140625,0.49346923828125,1.0,2.0,1.0,4.0,2.0,95.0,event
11:26:19.518,1.043139,0.2551292,0.93043804,1.0186048,0.9007033,0.09280326,0.45979702,1.0620517,0.96199,0.1334126,0.41848785,0.6707001,0.8128262,0.11379126,-0.16463774,0.659461,0.32423326,-0.41838935,-0.59538,0.0020752505,997.25275,805.8608,731.31866,842.9304,1076.63,0.07470703125,-0.0250244140625,0.9849853515625,2.669219970703125,-2.639312744140625,0.49346923828125,1.0,2.0,1.0,4.0,2.0,95.0,event
11:26:19.519,1.043139,0.2551292,0.93043804,1.0186048,0.9007033,0.09280326,0.45979702,1.0620517,0.96199,0.1334126,0.41848785,0.6707001,0.8128262,0.11379126,-0.16463774,0.659461,0.32423326,-0.41838935,-0.59538,0.0020752505,786.9231,804.65204,647.50916,814.7253,986.77655,0.07470703125,-0.0250244140625,0.9849853515625,2.669219970703125,-2.639312744140625,0.49346923828125,1.0,2.0,1.0,4.0,2.0,95.0,event
11:26:19.519,1.043139,0.2551292,0.93043804,1.0186048,0.9007033,0.09280326,0.45979702,1.0620517,0.96199,0.1334126,0.41848785,0.6707001,0.8128262,0.11379126,-0.16463774,0.659461,0.32423326,-0.41838935,-0.59538,0.0020752505,711.5751,802.6374,1043.5897,815.5311,756.7033,0.07470703125,-0.0250244140625,0.9849853515625,2.669219970703125,-2.639312744140625,0.49346923828125,1.0,2.0,1.0,4.0,2.0,95.0,event
11:26:19.520,1.043139,0.2551292,0.93043804,1.0186048,0.9007033,0.09280326,0.45979702,1.0620517,0.96199,0.1334126,0.41848785,0.6707001,0.8128262,0.11379126,-0.16463774,0.659461,0.32423326,-0.41838935,-0.59538,0.0020752505,809.4872,799.41394,1162.8572,821.978,783.69965,0.07470703125,-0.0250244140625,0.9849853515625,2.669219970703125,-2.639312744140625,0.49346923828125,1.0,2.0,1.0,4.0,2.0,95.0,event
11:26:19.521,1.043139,0.2551292,0.93043804,1.0186048,0.9007033,0.09280326,0.45979702,1.0620517,0.96199,0.1334126,0.41848785,0.6707001,0.8128262,0.11379126,-0.16463774,0.659461,0.32423326,-0.41838935,-0.59538,0.0020752505,1001.28204,804.2491,894.90845,841.31866,965.0183,0.07470703125,-0.0250244140625,0.9849853515625,2.669219970703125,-2.639312744140625,0.49346923828125,1.0,2.0,1.0,4.0,2.0,95.0,event
11:26:19.521,1.043139,0.2551292,0.93043804,1.0186048,0.9007033,0.09280326,0.45979702,1.0620517,0.96199,0.1334126,0.41848785,0.6707001,0.8128262,0.11379126,-0.16463774,0.659461,0.32423326,-0.41838935,-0.59538,0.0020752505,1043.5897,808.2784,1035.1282,843.3333,833.2601,0.07470703125,-0.0250244140625,0.9849853515625,2.669219970703125,-2.639312744140625,0.49346923828125,1.0,2.0,1.0,4.0,2.0,95.0,event
11:26:19.565,1.043139,0.2551292,0.93043804,1.0186048,0.9007033,0.09280326,0.45979702,1.0620517,0.96199,0.1334126,0.41848785,0.6707001,0.8128262,0.11379126,-0.16463774,0.659461,0.32423326,-0.41838935,-0.59538,0.0020752505,840.10986,808.2784,1264.7986,813.5165,702.3077,0.064453125,-0.02374267578125,0.99066162109375,2.444915771484375,-4.71038818359375,0.91217041015625,1.0,2.0,1.0,4.0,2.0,95.0,event
11:26:19.566,1.043139,0.2551292,0.93043804,1.0186048,0.9007033,0.09280326,0.45979702,1.0620517,0.96199,0.1334126,0.41848785,0.6707001,0.8128262,0.11379126,-0.16463774,0.659461,0.32423326,-0.41838935,-0.59538,0.0020752505,700.696,807.0696,1075.4213,785.31134,721.2454,0.064453125,-0.02374267578125,0.99066162109375,2.444915771484375,-4.71038818359375,0.91217041015625,1.0,2.0,1.0,4.0,2.0,95.0,event
11:26:19.567,1.043139,0.2551292,0.93043804,1.0186048,0.9007033,0.09280326,0.45979702,1.0620517,0.96199,0.1334126,0.41848785,0.6707001,0.8128262,0.11379126,-0.16463774,0.659461,0.32423326,-0.41838935,-0.59538,0.0020752505,792.96704,803.44324,1113.6996,779.2674,746.63007,0.064453125,-0.02374267578125,0.99066162109375,2.444915771484375,-4.71038818359375,0.91217041015625,1.0,2.0,1.0,4.0,2.0,95.0,event
11:26:19.568,1.043139,0.2551292,0.93043804,1.0186048,0.9007033,0.09280326,0.45979702,1.0620517,0.96199,0.1334126,0.41848785,0.6707001,0.8128262,0.11379126,-0.16463774,0.659461,0.32423326,-0.41838935,-0.59538,0.0020752505,1000.07324,805.4579,1398.9744,776.4469,747.4359,0.064453125,-0.02374267578125,0.99066162109375,2.444915771484375,-4.71038818359375,0.91217041015625,1.0,2.0,1.0,4.0,2.0,95.0,event
11:26:19.569,1.043139,0.2551292,0.93043804,1.0186048,0.9007033,0.09280326,0.45979702,1.0620517,0.96199,0.1334126,0.41848785,0.6707001,0.8128262,0.11379126,-0.16463774,0.659461,0.32423326,-0.41838935,-0.59538,0.0020752505,1057.6923,806.26373,1329.2675,745.82416,741.79486,0.064453125,-0.02374267578125,0.99066162109375,2.444915771484375,-4.71038818359375,0.91217041015625,1.0,2.0,1.0,4.0,2.0,95.0,event
11:26:19.569,1.043139,0.2551292,0.93043804,1.0186048,0.9007033,0.09280326,0.45979702,1.0620517,0.96199,0.1334126,0.41848785,0.6707001,0.8128262,0.11379126,-0.16463774,0.659461,0.32423326,-0.41838935,-0.59538,0.0020752505,876.77655,808.2784,954.1392,706.337,887.25275,0.064453125,-0.02374267578125,0.99066162109375,2.444915771484375,-4.71038818359375,0.91217041015625,1.0,2.0,1.0,4.0,2.0,95.0,event
11:26:19.570,1.043139,0.2551292,0.93043804,1.0186048,0.9007033,0.09280326,0.45979702,1.0620517,0.96199,0.1334126,0.41848785,0.6707001,0.8128262,0.11379126,-0.16463774,0.659461,0.32423326,-0.41838935,-0.59538,0.0020752505,713.5897,810.696,861.06226,686.5934,958.1685,0.064453125,-0.02374267578125,0.99066162109375,2.444915771484375,-4.71038818359375,0.91217041015625,1.0,2.0,1.0,4.0,2.0,95.0,event
11:26:19.571,1.043139,0.2551292,0.93043804,1.0186048,0.9007033,0.09280326,0.45979702,1.0620517,0.96199,0.1334126,0.41848785,0.6707001,0.8128262,0.11379126,-0.16463774,0.659461,0.32423326,-0.41838935,-0.59538,0.0020752505,774.43225,807.0696,1163.2601,698.2784,865.09155,0.064453125,-0.02374267578125,0.99066162109375,2.444915771484375,-4.71038818359375,0.91217041015625,1.0,2.0,1.0,4.0,2.0,95.0,event
11:26:19.572,1.043139,0.2551292,0.93043804,1.0186048,0.9007033,0.09280326,0.45979702,1.0620517,0.96199,0.1334126,0.41848785,0.6707001,0.8128262,0.11379126,-0.16463774,0.659461,0.32423326,-0.41838935,-0.59538,0.0020752505,985.56775,806.26373,1438.0586,720.0366,748.24176,0.064453125,-0.02374267578125,0.99066162109375,2.444915771484375,-4.71038818359375,0.91217041015625,1.0,2.0,1.0,4.0,2.0,95.0,event
11:26:19.572,1.043139,0.2551292,0.93043804,1.0186048,0.9007033,0.09280326,0.45979702,1.0620517,0.96199,0.1334126,0.41848785,0.6707001,0.8128262,0.11379126,-0.16463774,0.659461,0.32423326,-0.41838935,-0.59538,0.0020752505,1064.9451,807.0696,1010.14655,721.6484,893.69965,0.064453125,-0.02374267578125,0.99066162109375,2.444915771484375,-4.71038818359375,0.91217041015625,1.0,2.0,1.0,4.0,2.0,95.0,event
11:26:19.573,1.043139,0.2551292,0.93043804,1.0186048,0.9007033,0.09280326,0.45979702,1.0620517,0.96199,0.1334126,0.41848785,0.6707001,0.8128262,0.11379126,-0.16463774,0.659461,0.32423326,-0.41838935,-0.59538,0.0020752505,891.28204,803.8461,581.4286,692.23444,1042.381,0.064453125,-0.02374267578125,0.99066162109375,2.444915771484375,-4.71038818359375,0.91217041015625,1.0,2.0,1.0,4.0,2.0,95.0,event
11:26:19.574,1.043139,0.2551292,0.93043804,1.0186048,0.9007033,0.09280326,0.45979702,1.0620517,0.96199,0.1334126,0.41848785,0.6707001,0.8128262,0.11379126,-0.16463774,0.659461,0.32423326,-0.41838935,-0.59538,0.0020752505,728.0952,804.65204,1037.9487,664.0293,799.81683,0.064453125,-0.02374267578125,0.99066162109375,2.444915771484375,-4.71038818359375,0.91217041015625,1.0,2.0,1.0,4.0,2.0,95.0,event
11:26:19.627,1.043139,0.2551292,0.93043804,1.0186048,0.9007033,0.09280326,0.45979702,1.0620517,0.96199,0.1334126,0.41848785,0.6707001,0.8128262,0.11379126,-0.16463774,0.659461,0.32423326,-0.41838935,-0.59538,0.0020752505,748.24176,806.26373,1331.2821,672.8938,721.6484,0.0760498046875,-0.0213623046875,0.98712158203125,2.94586181640625,-2.34771728515625,0.52337646484375,1.0,2.0,1.0,4.0,2.0,95.0,event
11:26:19.628,1.043139,0.2551292,0.93043804,1.0186048,0.9007033,0.09280326,0.45979702,1.0620517,0.96199,0.1334126,0.41848785,0.6707001,0.8128262,0.11379126,-0.16463774,0.659461,0.32423326,-0.41838935,-0.59538,0.0020752505,933.5897,804.2491,1162.0513,703.91943,871.13556,0.0760498046875,-0.0213623046875,0.98712158203125,2.94586181640625,-2.34771728515625,0.52337646484375,1.0,2.0,1.0,4.0,2.0,95.0,event
11:26:19.629,1.043139,0.2551292,0.93043804,1.0186048,0.9007033,0.09280326,0.45979702,1.0620517,0.96199,0.1334126,0.41848785,0.6707001,0.8128262,0.11379126,-0.16463774,0.659461,0.32423326,-0.41838935,-0.59538,0.0020752505,1065.751,803.8461,1194.2858,710.3663,897.326,0.0760498046875,-0.0213623046875,0.98712158203125,2.94586181640625,-2.34771728515625,0.52337646484375,1.0,2.0,1.0,4.0,2.0,95.0,event
11:26:19.630,1.043139,0.2551292,0.93043804,1.0186048,0.9007033,0.09280326,0.45979702,1.0620517,0.96199,0.1334126,0.41848785,0.6707001,0.8128262,0.11379126,-0.16463774,0.659461,0.32423326,-0.41838935,-0.59538,0.0020752505,928.3516,802.6374,1321.2087,688.20514,796.99634,0.0760498046875,-0.0213623046875,0.98712158203125,2.94586181640625,-2.34771728515625,0.52337646484375,1.0,2.0,1.0,4.0,2.0,95.0,event
11:26:19.631,1.043139,0.2551292,0.93043804,1.0186048,0.9007033,0.09280326,0.45979702,1.0620517,0.96199,0.1334126,0.41848785,0.6707001,0.8128262,0.11379126,-0.16463774,0.659461,0.32423326,-0.41838935,-0.59538,0.0020752505,724.0659,802.6374,1208.7913,673.69965,760.7326,0.0760498046875,-0.0213623046875,0.98712158203125,2.94586181640625,-2.34771728515625,0.52337646484375,1.0,2.0,1.0,4.0,2.0,95.0,event
11:26:19.631,1.043139,0.2551292,0.93043804,1.0186048,0.9007033,0.09280326,0.45979702,1.0620517,0.96199,0.1334126,0.41848785,0.6707001,0.8128262,0.11379126,-0.16463774,0.659461,0.32423326,-0.41838935,-0.59538,0.0020752505,722.8571,799.81683,1000.4762,681.75824,868.315,0.0760498046875,-0.0213623046875,0.98712158203125,2.94586181640625,-2.34771728515625,0.52337646484375,1.0,2.0,1.0,4.0,2.0,95.0,event
11:26:19.632,1.043139,0.2551292,0.93043804,1.0186048,0.9007033,0.09280326,0.45979702,1.0620517,0.96199,0.1334126,0.41848785,0.6707001,0.8128262,0.11379126,-0.16463774,0.659461,0.32423326,-0.41838935,-0.59538,0.0020752505,906.99634,805.4579,1016.99634,693.44324,916.6667,0.0760498046875,-0.0213623046875,0.98712158203125,2.94586181640625,-2.34771728515625,0.52337646484375,1.0,2.0,1.0,4.0,2.0,95.0,event
11:26:19.633,1.043139,0.2551292,0.93043804,1.0186048,0.9007033,0.09280326,0.45979702,1.0620517,0.96199,0.1334126,0.41848785,0.6707001,0.8128262,0.11379126,-0.16463774,0.659461,0.32423326,-0.41838935,-0.59538,0.0020752505,1067.7656,811.9048,1282.5275,704.7253,828.022,0.0760498046875,-0.0213623046875,0.98712158203125,2.94586181640625,-2.34771728515625,0.52337646484375,1.0,2.0,1.0,4.0,2.0,95.0,event
11:26:19.636,1.043139,0.2551292,0.93043804,1.0186048,0.9007033,0.09280326,0.45979702,1.0620517,0.96199,0.1334126,0.41848785,0.6707001,0.8128262,0.11379126,-0.16463774,0.659461,0.32423326,-0.41838935,-0.59538,0.0020752505,963.8095,808.68134,1208.7913,691.4286,821.978,0.0760498046875,-0.0213623046875,0.98712158203125,2.94586181640625,-2.34771728515625,0.52337646484375,1.0,2.0,1.0,4.0,2.0,95.0,event
11:26:19.637,1.043139,0.2551292,0.93043804,1.0186048,0.9007033,0.09280326,0.45979702,1.0620517,0.96199,0.1334126,0.41848785,0.6707001,0.8128262,0.11379126,-0.16463774,0.659461,0.32423326,-0.41838935,-0.59538,0.0020752505,724.4689,809.0842,743.4066,672.49084,932.7839,0.0760498046875,-0.0213623046875,0.98712158203125,2.94586181640625,-2.34771728515625,0.52337646484375,1.0,2.0,1.0,4.0,2.0,95.0,event
11:26:19.638,1.043139,0.2551292,0.93043804,1.0186048,0.9007033,0.09280326,0.45979702,1.0620517,0.96199,0.1334126,0.41848785,0.6707001,0.8128262,0.11379126,-0.16463774,0.659461,0.32423326,-0.41838935,-0.59538,0.0020752505,693.0403,808.68134,985.16486,678.5348,849.3773,0.0760498046875,-0.0213623046875,0.98712158203125,2.94586181640625,-2.34771728515625,0.52337646484375,1.0,2.0,1.0,4.0,2.0,95.0,event
11:26:19.639,1.043139,0.2551292,0.93043804,1.0186048,0.9007033,0.09280326,0.45979702,1.0620517,0.96199,0.1334126,0.41848785,0.6707001,0.8128262,0.11379126,-0.16463774,0.659461,0.32423326,-0.41838935,-0.59538,0.0020752505,870.32965,803.0403,1426.7766,692.23444,742.6007,0.0760498046875,-0.0213623046875,0.98712158203125,2.94586181640625,-2.34771728515625,0.52337646484375,1.0,2.0,1.0,4.0,2.0,95.0,event
11:26:19.674,1.043139,0.2551292,0.93043804,1.0186048,0.9007033,0.09280326,0.45979702,1.0620517,0.96199,0.1334126,0.41848785,0.6707001,0.8128262,0.11379126,-0.16463774,0.659461,0.32423326,-0.41838935,-0.59538,0.0020752505,1029.0842,801.02563,1278.0952,698.2784,818.7546,0.06182861328125,-0.0177001953125,0.9842529296875,2.594451904296875,-2.03369140625,1.368255615234375,1.0,2.0,1.0,4.0,2.0,95.0,event
11:26:19.675,1.043139,0.2551292,0.93043804,1.0186048,0.9007033,0.09280326,0.45979702,1.0620517,0.96199,0.1334126,0.41848785,0.6707001,0.8128262,0.11379126,-0.16463774,0.659461,0.32423326,-0.41838935,-0.59538,0.0020752505,722.4542,802.23444,1039.1575,669.2674,842.9304,0.06182861328125,-0.0177001953125,0.9842529296875,2.594451904296875,-2.03369140625,1.368255615234375,1.0,2.0,1.0,4.0,2.0,95.0,event
11:26:19.675,1.043139,0.2551292,0.93043804,1.0186048,0.9007033,0.09280326,0.45979702,1.0620517,0.96199,0.1334126,0.41848785,0.6707001,0.8128262,0.11379126,-0.16463774,0.659461,0.32423326,-0.41838935,-0.59538,0.0020752505,938.4249,800.6227,1002.8938,684.17584,861.8681,0.06182861328125,-0.0177001953125,0.9842529296875,2.594451904296875,-2.03369140625,1.368255615234375,1.0,2.0,1.0,4.0,2.0,95.0,event
11:26:19.676,1.043139,0.2551292,0.93043804,1.0186048,0.9007033,0.09280326,0.45979702,1.0620517,0.96199,0.1334126,0.41848785,0.6707001,0.8128262,0.11379126,-0.16463774,0.659461,0.32423326,-0.41838935,-0.59538,0.0020752505,670.4762,805.05493,1294.6154,677.72894,755.09155,0.06182861328125,-0.0177001953125,0.9842529296875,2.594451904296875,-2.03369140625,1.368255615234375,1.0,2.0,1.0,4.0,2.0,95.0,event
11:26:19.676,1.043139,0.2551292,0.93043804,1.0186048,0.9007033,0.09280326,0.45979702,1.0620517,0.96199,0.1334126,0.41848785,0.6707001,0.8128262,0.11379126,-0.16463774,0.659461,0.32423326,-0.41838935,-0.59538,0.0020752505,814.3223,802.6374,1135.0549,700.696,854.61536,0.06182861328125,-0.0177001953125,0.9842529296875,2.594451904296875,-2.03369140625,1.368255615234375,1.0,2.0,1.0,4.0,2.0,95.0,event
11:26:19.677,1.043139,0.2551292,0.93043804,1.0186048,0.9007033,0.09280326,0.45979702,1.0620517,0.96199,0.1334126,0.41848785,0.6707001,0.8128262,0.11379126,-0.16463774,0.659461,0.32423326,-0.41838935,-0.59538,0.0020752505,992.4176,809.0842,872.3443,706.337,990.0,0.06182861328125,-0.0177001953125,0.9842529296875,2.594451904296875,-2.03369140625,1.368255615234375,1.0,2.0,1.0,4.0,2.0,95.0,event
11:26:19.677,1.043139,0.2551292,0.93043804,1.0186048,0.9007033,0.09280326,0.45979702,1.0620517,0.96199,0.1334126,0.41848785,0.6707001,0.8128262,0.11379126,-0.16463774,0.659461,0.32423326,-0.41838935,-0.59538,0.0020752505,942.8571,811.9048,962.6007,685.38464,909.41394,0.06182861328125,-0.0177001953125,0.9842529296875,2.594451904296875,-2.03369140625,1.368255615234375,1.0,2.0,1.0,4.0,2.0,95.0,event
11:26:19.678,1.043139,0.2551292,0.93043804,1.0186048,0.9007033,0.09280326,0.45979702,1.0620517,0.96199,0.1334126,0.41848785,0.6707001,0.8128262,0.11379126,-0.16463774,0.659461,0.32423326,-0.41838935,-0.59538,0.0020752505,729.707,806.6667,1124.5787,664.83514,780.07324,0.06182861328125,-0.0177001953125,0.9842529296875,2.594451904296875,-2.03369140625,1.368255615234375,1.0,2.0,1.0,4.0,2.0,95.0,event
11:26:19.679,1.043139,0.2551292,0.93043804,1.0186048,0.9007033,0.09280326,0.45979702,1.0620517,0.96199,0.1334126,0.41848785,0.6707001,0.8128262,0.11379126,-0.16463774,0.659461,0.32423326,-0.41838935,-0.59538,0.0020752505,643.8828,805.8608,917.47253,671.685,805.8608,0.06182861328125,-0.0177001953125,0.9842529296875,2.594451904296875,-2.03369140625,1.368255615234375,1.0,2.0,1.0,4.0,2.0,95.0,event
11:26:19.679,1.043139,0.2551292,0.93043804,1.0186048,0.9007033,0.09280326,0.45979702,1.0620517,0.96199,0.1334126,0.41848785,0.6707001,0.8128262,0.11379126,-0.16463774,0.659461,0.32423326,-0.41838935,-0.59538,0.0020752505,772.8205,805.8608,942.0513,689.41394,859.0476,0.06182861328125,-0.0177001953125,0.9842529296875,2.594451904296875,-2.03369140625,1.368255615234375,1.0,2.0,1.0,4.0,2.0,95.0,event
11:26:19.680,1.043139,0.2551292,0.93043804,1.0186048,0.9007033,0.09280326,0.45979702,1.0620517,0.96199,0.1334126,0.41848785,0.6707001,0.8128262,0.11379126,-0.16463774,0.659461,0.32423326,-0.41838935,-0.59538,0.0020752505,972.674,803.0403,1338.9377,703.5165,748.6447,0.06182861328125,-0.0177001953125,0.9842529296875,2.594451904296875,-2.03369140625,1.368255615234375,1.0,2.0,1.0,4.0,2.0,95.0,event
11:26:19.680,1.043139,0.2551292,0.93043804,1.0186048,0.9007033,0.09280326,0.45979702,1.0620517,0.96199,0.1334126,0.41848785,0.6707001,0.8128262,0.11379126,-0.16463774,0.659461,0.32423326,-0.41838935,-0.59538,0.0020752505,957.76556,803.0403,1304.6886,697.8755,769.59705,0.06182861328125,-0.0177001953125,0.9842529296875,2.594451904296875,-2.03369140625,1.368255615234375,1.0,2.0,1.0,4.0,2.0,95.0,event
11:26:19.702,1.043139,0.2551292,0.93043804,1.0186048,0.9007033,0.09280326,0.45979702,1.0620517,0.96199,0.1334126,0.41848785,0.6707001,0.8128262,0.11379126,-0.16463774,0.659461,0.32423326,-0.41838935,-0.59538,0.0020752505,735.34796,801.8315,868.71796,682.5641,900.9524,0.06182861328125,-0.0177001953125,0.9842529296875,2.594451904296875,-2.03369140625,1.368255615234375,1.0,2.0,1.0,4.0,2.0,95.0,event
11:26:19.703,1.043139,0.2551292,0.93043804,1.0186048,0.9007033,0.09280326,0.45979702,1.0620517,0.96199,0.1334126,0.41848785,0.6707001,0.8128262,0.11379126,-0.16463774,0.659461,0.32423326,-0.41838935,-0.59538,0.0020752505,651.53845,804.65204,833.663,691.8315,867.9121,0.06182861328125,-0.0177001953125,0.9842529296875,2.594451904296875,-2.03369140625,1.368255615234375,1.0,2.0,1.0,4.0,2.0,95.0,event
11:26:19.704,1.043139,0.2551292,0.93043804,1.0186048,0.9007033,0.09280326,0.45979702,1.0620517,0.96199,0.1334126,0.41848785,0.6707001,0.8128262,0.11379126,-0.16463774,0.659461,0.32423326,-0.41838935,-0.59538,0.0020752505,752.674,807.47253,1284.5421,726.4835,716.4103,0.06182861328125,-0.0177001953125,0.9842529296875,2.594451904296875,-2.03369140625,1.368255615234375,1.0,2.0,1.0,4.0,2.0,95.0,event
11:26:19.705,1.043139,0.2551292,0.93043804,1.0186048,0.9007033,0.09280326,0.45979702,1.0620517,0.96199,0.1334126,0.41848785,0.6707001,0.8128262,0.11379126,-0.16463774,0.659461,0.32423326,-0.41838935,-0.59538,0.0020752505,916.6667,803.44324,1280.5128,770.80585,733.73627,0.06182861328125,-0.0177001953125,0.9842529296875,2.594451904296875,-2.03369140625,1.368255615234375,1.0,2.0,1.0,4.0,2.0,95.0,event
11:26:19.706,1.043139,0.2551292,0.93043804,1.0186048,0.9007033,0.09280326,0.45979702,1.0620517,0.96199,0.1334126,0.41848785,0.6707001,0.8128262,0.11379126,-0.16463774,0.659461,0.32423326,-0.41838935,-0.59538,0.0020752505,938.4249,801.8315,1050.0366,793.36993,893.2967,0.06182861328125,-0.0177001953125,0.9842529296875,2.594451904296875,-2.03369140625,1.368255615234375,1.0,2.0,1.0,4.0,2.0,95.0,event
11:26:19.707,1.043139,0.2551292,0.93043804,1.0186048,0.9007033,0.09280326,0.45979702,1.0620517,0.96199,0.1334126,0.41848785,0.6707001,0.8128262,0.11379126,-0.16463774,0.659461,0.32423326,-0.41838935,-0.59538,0.0020752505,738.97437,805.4579,892.49084,795.38464,890.07324,0.06182861328125,-0.0177001953125,0.9842529296875,2.594451904296875,-2.03369140625,1.368255615234375,1.0,2.0,1.0,4.0,2.0,95.0,event
11:26:19.708,1.043139,0.2551292,0.93043804,1.0186048,0.9007033,0.09280326,0.45979702,1.0620517,0.96199,0.1334126,0.41848785,0.6707001,0.8128262,0.11379126,-0.16463774,0.659461,0.32423326,-0.41838935,-0.59538,0.0020752505,616.08057,806.26373,880.80585,803.44324,857.4359,0.06182861328125,-0.0177001953125,0.9842529296875,2.594451904296875,-2.03369140625,1.368255615234375,1.0,2.0,1.0,4.0,2.0,95.0,event
11:26:19.708,1.043139,0.2551292,0.93043804,1.0186048,0.9007033,0.09280326,0.45979702,1.0620517,0.96199,0.1334126,0.41848785,0.6707001,0.8128262,0.11379126,-0.16463774,0.659461,0.32423326,-0.41838935,-0.59538,0.0020752505,703.5165,802.23444,999.67035,830.4396,844.94507,0.06182861328125,-0.0177001953125,0.9842529296875,2.594451904296875,-2.03369140625,1.368255615234375,1.0,2.0,1.0,4.0,2.0,95.0,event
11:26:19.709,1.043139,0.2551292,0.93043804,1.0186048,0.9007033,0.09280326,0.45979702,1.0620517,0.96199,0.1334126,0.41848785,0.6707001,0.8128262,0.11379126,-0.16463774,0.659461,0.32423326,-0.41838935,-0.59538,0.0020752505,898.1319,801.02563,659.19415,865.89746,1057.6923,0.06182861328125,-0.0177001953125,0.9842529296875,2.594451904296875,-2.03369140625,1.368255615234375,1.0,2.0,1.0,4.0,2.0,95.0,event
11:26:19.710,1.043139,0.2551292,0.93043804,1.0186048,0.9007033,0.09280326,0.45979702,1.0620517,0.96199,0.1334126,0.41848785,0.6707001,0.8128262,0.11379126,-0.16463774,0.659461,0.32423326,-0.41838935,-0.59538,0.0020752505,958.1685,807.0696,617.6923,876.77655,1082.674,0.06182861328125,-0.0177001953125,0.9842529296875,2.594451904296875,-2.03369140625,1.368255615234375,1.0,2.0,1.0,4.0,2.0,95.0,event
11:26:19.713,1.043139,0.2551292,0.93043804,1.0186048,0.9007033,0.09280326,0.45979702,1.0620517,0.96199,0.1334126,0.41848785,0.6707001,0.8128262,0.11379126,-0.16463774,0.659461,0.32423326,-0.41838935,-0.59538,0.0020752505,793.36993,809.4872,1141.5018,856.63007,745.42126,0.06182861328125,-0.0177001953125,0.9842529296875,2.594451904296875,-2.03369140625,1.368255615234375,1.0,2.0,1.0,4.0,2.0,95.0,event
11:26:19.714,1.043139,0.2551292,0.93043804,1.0186048,0.9007033,0.09280326,0.45979702,1.0620517,0.96199,0.1334126,0.41848785,0.6707001,0.8128262,0.11379126,-0.16463774,0.659461,0.32423326,-0.41838935,-0.59538,0.0020752505,628.5714,804.2491,988.7912,855.0183,851.39197,0.06182861328125,-0.0177001953125,0.9842529296875,2.594451904296875,-2.03369140625,1.368255615234375,1.0,2.0,1.0,4.0,2.0,95.0,event
11:26:19.759,1.043139,0.2551292,0.93043804,1.0186048,0.9007033,0.09280326,0.45979702,1.0620517,0.96199,0.1334126,0.41848785,0.6707001,0.8128262,0.11379126,-0.16463774,0.659461,0.32423326,-0.41838935,-0.59538,0.0020752505,682.5641,801.8315,1005.7143,880.0,863.47986,0.069580078125,-0.0224609375,0.9844970703125,2.03369140625,-4.762725830078125,-0.022430419921875,1.0,2.0,1.0,4.0,2.0,95.0,event
11:26:19.760,1.043139,0.2551292,0.93043804,1.0186048,0.9007033,0.09280326,0.45979702,1.0620517,0.96199,0.1334126,0.41848785,0.6707001,0.8128262,0.11379126,-0.16463774,0.659461,0.32423326,-0.41838935,-0.59538,0.0020752505,896.52014,804.2491,1324.8352,908.20514,758.315,0.069580078125,-0.0224609375,0.9844970703125,2.03369140625,-4.762725830078125,-0.022430419921875,1.0,2.0,1.0,4.0,2.0,95.0,event
11:26:19.761,1.043139,0.2551292,0.93043804,1.0186048,0.9007033,0.09280326,0.45979702,1.0620517,0.96199,0.1334126,0.41848785,0.6707001,0.8128262,0.11379126,-0.16463774,0.659461,0.32423326,-0.41838935,-0.59538,0.0020752505,985.56775,803.0403,1373.9927,922.71063,812.3077,0.069580078125,-0.0224609375,0.9844970703125,2.03369140625,-4.762725830078125,-0.022430419921875,1.0,2.0,1.0,4.0,2.0,95.0,event
11:26:19.762,1.043139,0.2551292,0.93043804,1.0186048,0.9007033,0.09280326,0.45979702,1.0620517,0.96199,0.1334126,0.41848785,0.6707001,0.8128262,0.11379126,-0.16463774,0.659461,0.32423326,-0.41838935,-0.59538,0.0020752505,817.9487,799.011,1102.8206,912.23444,809.0842,0.069580078125,-0.0224609375,0.9844970703125,2.03369140625,-4.762725830078125,-0.022430419921875,1.0,2.0,1.0,4.0,2.0,95.0,event
11:26:19.763,1.043139,0.2551292,0.93043804,1.0186048,0.9007033,0.09280326,0.45979702,1.0620517,0.96199,0.1334126,0.41848785,0.6707001,0.8128262,0.11379126,-0.16463774,0.659461,0.32423326,-0.41838935,-0.59538,0.0020752505,640.65936,799.41394,1027.4725,903.36993,797.3993,0.069580078125,-0.0224609375,0.9844970703125,2.03369140625,-4.762725830078125,-0.022430419921875,1.0,2.0,1.0,4.0,2.0,95.0,event
11:26:19.763,1.043139,0.2551292,0.93043804,1.0186048,0.9007033,0.09280326,0.45979702,1.0620517,0.96199,0.1334126,0.41848785,0.6707001,0.8128262,0.11379126,-0.16463774,0.659461,0.32423326,-0.41838935,-0.59538,0.0020752505,672.0879,798.20514,1098.7913,915.05493,819.9634,0.069580078125,-0.0224609375,0.9844970703125,2.03369140625,-4.762725830078125,-0.022430419921875,1.0,2.0,1.0,4.0,2.0,95.0,event
11:26:19.764,1.043139,0.2551292,0.93043804,1.0186048,0.9007033,0.09280326,0.45979702,1.0620517,0.96199,0.1334126,0.41848785,0.6707001,0.8128262,0.11379126,-0.16463774,0.659461,0.32423326,-0.41838935,-0.59538,0.0020752505,861.8681,800.6227,1027.4725,934.3956,776.8498,0.069580078125,-0.0224609375,0.9844970703125,2.03369140625,-4.762725830078125,-0.022430419921875,1.0,2.0,1.0,4.0,2.0,95.0,event
11:26:19.764,1.043139,0.2551292,0.93043804,1.0186048,0.9007033,0.09280326,0.45979702,1.0620517,0.96199,0.1334126,0.41848785,0.6707001,0.8128262,0.11379126,-0.16463774,0.659461,0.32423326,-0.41838935,-0.59538,0.0020752505,965.82416,801.8315,794.17584,944.4689,958.5714,0.069580078125,-0.0224609375,0.9844970703125,2.03369140625,-4.762725830078125,-0.022430419921875,1.0,2.0,1.0,4.0,2.0,95.0,event
11:26:19.765,1.043139,0.2551292,0.93043804,1.0186048,0.9007033,0.09280326,0.45979702,1.0620517,0.96199,0.1334126,0.41848785,0.6707001,0.8128262,0.11379126,-0.16463774,0.659461,0.32423326,-0.41838935,-0.59538,0.0020752505,823.5897,800.2198,384.3956,931.5751,1118.1318,0.069580078125,-0.0224609375,0.9844970703125,2.03369140625,-4.762725830078125,-0.022430419921875,1.0,2.0,1.0,4.0,2.0,95.0,event
11:26:19.765,1.043139,0.2551292,0.93043804,1.0186048,0.9007033,0.09280326,0.45979702,1.0620517,0.96199,0.1334126,0.41848785,0.6707001,0.8128262,0.11379126,-0.16463774,0.659461,0.32423326,-0.41838935,-0.59538,0.0020752505,647.1062,804.2491,787.326,911.8315,789.34064,0.069580078125,-0.0224609375,0.9844970703125,2.03369140625,-4.762725830078125,-0.022430419921875,1.0,2.0,1.0,4.0,2.0,95.0,event
11:26:19.766,1.043139,0.2551292,0.93043804,1.0186048,0.9007033,0.09280326,0.45979702,1.0620517,0.96199,0.1334126,0.41848785,0.6707001,0.8128262,0.11379126,-0.16463774,0.659461,0.32423326,-0.41838935,-0.59538,0.0020752505,657.5824,803.44324,1222.4908,921.9048,649.12085,0.069580078125,-0.0224609375,0.9844970703125,2.03369140625,-4.762725830078125,-0.022430419921875,1.0,2.0,1.0,4.0,2.0,95.0,event
11:26:19.767,1.043139,0.2551292,0.93043804,1.0186048,0.9007033,0.09280326,0.45979702,1.0620517,0.96199,0.1334126,0.41848785,0.6707001,0.8128262,0.11379126,-0.16463774,0.659461,0.32423326,-0.41838935,-0.59538,0.0020752505,839.707,802.6374,1139.8901,942.4542,729.304,0.069580078125,-0.0224609375,0.9844970703125,2.03369140625,-4.762725830078125,-0.022430419921875,1.0,2.0,1.0,4.0,2.0,95.0,event
11:26:19.793,1.043139,0.2551292,0.93043804,1.0186048,0.9007033,0.09280326,0.45979702,1.0620517,0.96199,0.1334126,0.41848785,0.6707001,0.8128262,0.11379126,-0.16463774,0.659461,0.32423326,-0.41838935,-0.59538,0.0020752505,969.45056,798.60803,1193.4799,941.2454,753.8828,0.07965087890625,-0.0191650390625,0.98388671875,2.34771728515625,-3.431854248046875,0.13458251953125,1.0,2.0,1.0,4.0,2.0,95.0,event
11:26:19.794,1.043139,0.2551292,0.93043804,1.0186048,0.9007033,0.09280326,0.45979702,1.0620517,0.96199,0.1334126,0.41848785,0.6707001,0.8128262,0.11379126,-0.16463774,0.659461,0.32423326,-0.41838935,-0.59538,0.0020752505,864.2857,798.20514,1248.2784,922.3077,715.6044,0.07965087890625,-0.0191650390625,0.98388671875,2.34771728515625,-3.431854248046875,0.13458251953125,1.0,2.0,1.0,4.0,2.0,95.0,event
11:26:19.795,1.043139,0.2551292,0.93043804,1.0186048,0.9007033,0.09280326,0.45979702,1.0620517,0.96199,0.1334126,0.41848785,0.6707001,0.8128262,0.11379126,-0.16463774,0.659461,0.32423326,-0.41838935,-0.59538,0.0020752505,643.8828,801.02563,1052.8572,923.1135,751.8681,0.07965087890625,-0.0191650390625,0.98388671875,2.34771728515625,-3.431854248046875,0.13458251953125,1.0,2.0,1.0,4.0,2.0,95.0,event
11:26:19.795,1.043139,0.2551292,0.93043804,1.0186048,0.9007033,0.09280326,0.45979702,1.0620517,0.96199,0.1334126,0.41848785,0.6707001,0.8128262,0.11379126,-0.16463774,0.659461,0.32423326,-0.41838935,-0.59538,0.0020752505,662.4176,801.4286,1117.7289,910.6227,711.1722,0.07965087890625,-0.0191650390625,0.98388671875,2.34771728515625,-3.431854248046875,0.13458251953125,1.0,2.0,1.0,4.0,2.0,95.0,event
11:26:19.796,1.043139,0.2551292,0.93043804,1.0186048,0.9007033,0.09280326,0.45979702,1.0620517,0.96199,0.1334126,0.41848785,0.6707001,0.8128262,0.11379126,-0.16463774,0.659461,0.32423326,-0.41838935,-0.59538,0.0020752505,818.3516,799.41394,1164.8718,940.4396,736.1539,0.07965087890625,-0.0191650390625,0.98388671875,2.34771728515625,-3.431854248046875,0.13458251953125,1.0,2.0,1.0,4.0,2.0,95.0,event
11:26:19.797,1.043139,0.2551292,0.93043804,1.0186048,0.9007033,0.09280326,0.45979702,1.0620517,0.96199,0.1334126,0.41848785,0.6707001,0.8128262,0.11379126,-0.16463774,0.659461,0.32423326,-0.41838935,-0.59538,0.0020752505,961.39197,796.1905,1147.1428,945.6777,847.3626,0.07965087890625,-0.0191650390625,0.98388671875,2.34771728515625,-3.431854248046875,0.13458251953125,1.0,2.0,1.0,4.0,2.0,95.0,event
11:26:19.797,1.043139,0.2551292,0.93043804,1.0186048,0.9007033,0.09280326,0.45979702,1.0620517,0.96199,0.1334126,0.41848785,0.6707001,0.8128262,0.11379126,-0.16463774,0.659461,0.32423326,-0.41838935,-0.59538,0.0020752505,893.2967,800.6227,1029.4872,926.7399,922.71063,0.07965087890625,-0.0191650390625,0.98388671875,2.34771728515625,-3.431854248046875,0.13458251953125,1.0,2.0,1.0,4.0,2.0,95.0,event
11:26:19.798,1.043139,0.2551292,0.93043804,1.0186048,0.9007033,0.09280326,0.45979702,1.0620517,0.96199,0.1334126,0.41848785,0.6707001,0.8128262,0.11379126,-0.16463774,0.659461,0.32423326,-0.41838935,-0.59538,0.0020752505,682.1612,802.6374,595.9341,904.9817,1057.2894,0.07965087890625,-0.0191650390625,0.98388671875,2.34771728515625,-3.431854248046875,0.13458251953125,1.0,2.0,1.0,4.0,2.0,95.0,event
11:26:19.798,1.043139,0.2551292,0.93043804,1.0186048,0.9007033,0.09280326,0.45979702,1.0620517,0.96199,0.1334126,0.41848785,0.6707001,0.8128262,0.11379126,-0.16463774,0.659461,0.32423326,-0.41838935,-0.59538,0.0020752505,637.4359,803.8461,720.0366,908.60803,924.7253,0.07965087890625,-0.0191650390625,0.98388671875,2.34771728515625,-3.431854248046875,0.13458251953125,1.0,2.0,1.0,4.0,2.0,95.0,event
11:26:19.798,1.043139,0.2551292,0.93043804,1.0186048,0.9007033,0.09280326,0.45979702,1.0620517,0.96199,0.1334126,0.41848785,0.6707001,0.8128262,0.11379126,-0.16463774,0.659461,0.32423326,-0.41838935,-0.59538,0.0020752505,812.71063,804.65204,1325.641,931.5751,717.619,0.07965087890625,-0.0191650390625,0.98388671875,2.34771728515625,-3.431854248046875,0.13458251953125,1.0,2.0,1.0,4.0,2.0,95.0,event
11:26:19.799,1.043139,0.2551292,0.93043804,1.0186048,0.9007033,0.09280326,0.45979702,1.0620517,0.96199,0.1334126,0.41848785,0.6707001,0.8128262,0.11379126,-0.16463774,0.659461,0.32423326,-0.41838935,-0.59538,0.0020752505,983.5531,804.65204,1170.5128,944.0659,849.3773,0.07965087890625,-0.0191650390625,0.98388671875,2.34771728515625,-3.431854248046875,0.13458251953125,1.0,2.0,1.0,4.0,2.0,95.0,event
11:26:19.799,1.043139,0.2551292,0.93043804,1.0186048,0.9007033,0.09280326,0.45979702,1.0620517,0.96199,0.1334126,0.41848785,0.6707001,0.8128262,0.11379126,-0.16463774,0.659461,0.32423326,-0.41838935,-0.59538,0.0020752505,931.1722,807.47253,950.10986,923.1135,900.9524,0.07965087890625,-0.0191650390625,0.98388671875,2.34771728515625,-3.431854248046875,0.13458251953125,1.0,2.0,1.0,4.0,2.0,95.0,event
11:26:19.844,1.043139,0.2551292,0.93043804,1.0186048,0.9007033,0.09280326,0.45979702,1.0620517,0.96199,0.1334126,0.41848785,0.6707001,0.8128262,0.11379126,-0.16463774,0.659461,0.32423326,-0.41838935,-0.59538,0.0020752505,727.6923,806.26373,1117.326,889.67035,777.6557,0.072021484375,-0.02117919921875,0.986083984375,1.981353759765625,-3.775787353515625,0.83740234375,1.0,2.0,1.0,4.0,2.0,95.0,event
11:26:19.845,1.043139,0.2551292,0.93043804,1.0186048,0.9007033,0.09280326,0.45979702,1.0620517,0.96199,0.1334126,0.41848785,0.6707001,0.8128262,0.11379126,-0.16463774,0.659461,0.32423326,-0.41838935,-0.59538,0.0020752505,647.1062,802.23444,1205.1648,882.01465,650.32965,0.072021484375,-0.02117919921875,0.986083984375,1.981353759765625,-3.775787353515625,0.83740234375,1.0,2.0,1.0,4.0,2.0,95.0,event
11:26:19.846,1.043139,0.2551292,0.93043804,1.0186048,0.9007033,0.09280326,0.45979702,1.0620517,0.96199,0.1334126,0.41848785,0.6707001,0.8128262,0.11379126,-0.16463774,0.659461,0.32423326,-0.41838935,-0.59538,0.0020752505,774.43225,801.02563,1025.8608,899.34064,710.3663,0.072021484375,-0.02117919921875,0.986083984375,1.981353759765625,-3.775787353515625,0.83740234375,1.0,2.0,1.0,4.0,2.0,95.0,event
11:26:19.847,1.043139,0.2551292,0.93043804,1.0186048,0.9007033,0.09280326,0.45979702,1.0620517,0.96199,0.1334126,0.41848785,0.6707001,0.8128262,0.11379126,-0.16463774,0.659461,0.32423326,-0.41838935,-0.59538,0.0020752505,964.21246,799.41394,1024.652,906.1905,813.91943,0.072021484375,-0.02117919921875,0.986083984375,1.981353759765625,-3.775787353515625,0.83740234375,1.0,2.0,1.0,4.0,2.0,95.0,event
11:26:19.848,1.043139,0.2551292,0.93043804,1.0186048,0.9007033,0.09280326,0.45979702,1.0620517,0.96199,0.1334126,0.41848785,0.6707001,0.8128262,0.11379126,-0.16463774,0.659461,0.32423326,-0.41838935,-0.59538,0.0020752505,942.8571,801.02563,1234.9817,893.2967,834.4689,0.072021484375,-0.02117919921875,0.986083984375,1.981353759765625,-3.775787353515625,0.83740234375,1.0,2.0,1.0,4.0,2.0,95.0,event
11:26:19.849,1.043139,0.2551292,0.93043804,1.0186048,0.9007033,0.09280326,0.45979702,1.0620517,0.96199,0.1334126,0.41848785,0.6707001,0.8128262,0.11379126,-0.16463774,0.659461,0.32423326,-0.41838935,-0.59538,0.0020752505,724.0659,802.6374,1044.3956,870.32965,838.49817,0.072021484375,-0.02117919921875,0.986083984375,1.981353759765625,-3.775787353515625,0.83740234375,1.0,2.0,1.0,4.0,2.0,95.0,event
11:26:19.850,1.043139,0.2551292,0.93043804,1.0186048,0.9007033,0.09280326,0.45979702,1.0620517,0.96199,0.1334126,0.41848785,0.6707001,0.8128262,0.11379126,-0.16463774,0.659461,0.32423326,-0.41838935,-0.59538,0.0020752505,618.0952,803.0403,695.05493,871.53845,1002.0879,0.072021484375,-0.02117919921875,0.986083984375,1.981353759765625,-3.775787353515625,0.83740234375,1.0,2.0,1.0,4.0,2.0,95.0,event
11:26:19.852,1.043139,0.2551292,0.93043804,1.0186048,0.9007033,0.09280326,0.45979702,1.0620517,0.96199,0.1334126,0.41848785,0.6707001,0.8128262,0.11379126,-0.16463774,0.659461,0.32423326,-0.41838935,-0.59538,0.0020752505,734.94507,804.2491,630.58606,894.5055,1060.1099,0.072021484375,-0.02117919921875,0.986083984375,1.981353759765625,-3.775787353515625,0.83740234375,1.0,2.0,1.0,4.0,2.0,95.0,event
11:26:19.853,1.043139,0.2551292,0.93043804,1.0186048,0.9007033,0.09280326,0.45979702,1.0620517,0.96199,0.1334126,0.41848785,0.6707001,0.8128262,0.11379126,-0.16463774,0.659461,0.32423326,-0.41838935,-0.59538,0.0020752505,948.9011,806.6667,1106.8499,898.93774,812.71063,0.072021484375,-0.02117919921875,0.986083984375,1.981353759765625,-3.775787353515625,0.83740234375,1.0,2.0,1.0,4.0,2.0,95.0,event
11:26:19.854,1.043139,0.2551292,0.93043804,1.0186048,0.9007033,0.09280326,0.45979702,1.0620517,0.96199,0.1334126,0.41848785,0.6707001,0.8128262,0.11379126,-0.16463774,0.659461,0.32423326,-0.41838935,-0.59538,0.0020752505,963.00366,804.65204,1228.9377,884.43225,708.3516,0.072021484375,-0.02117919921875,0.986083984375,1.981353759765625,-3.775787353515625,0.83740234375,1.0,2.0,1.0,4.0,2.0,95.0,event
11:26:19.855,1.043139,0.2551292,0.93043804,1.0186048,0.9007033,0.09280326,0.45979702,1.0620517,0.96199,0.1334126,0.41848785,0.6707001,0.8128262,0.11379126,-0.16463774,0.659461,0.32423326,-0.41838935,-0.59538,0.0020752505,751.4652,801.8315,987.5824,865.4945,717.619,0.072021484375,-0.02117919921875,0.986083984375,1.981353759765625,-3.775787353515625,0.83740234375,1.0,2.0,1.0,4.0,2.0,95.0,event
11:26:19.856,1.043139,0.2551292,0.93043804,1.0186048,0.9007033,0.09280326,0.45979702,1.0620517,0.96199,0.1334126,0.41848785,0.6707001,0.8128262,0.11379126,-0.16463774,0.659461,0.32423326,-0.41838935,-0.59538,0.0020752505,635.42126,802.23444,1060.5128,863.8828,759.5238,0.072021484375,-0.02117919921875,0.986083984375,1.981353759765625,-3.775787353515625,0.83740234375,1.0,2.0,1.0,4.0,2.0,95.0,event
11:26:19.894,1.043139,0.2551292,0.93043804,1.0186048,0.9007033,0.09280326,0.45979702,1.0620517,0.96199,0.1334126,0.41848785,0.6707001,0.8128262,0.11379126,-0.16463774,0.659461,0.32423326,-0.41838935,-0.59538,0.0020752505,722.0513,799.41394,1266.8132,871.9414,739.3773,0.072021484375,-0.02117919921875,0.986083984375,1.981353759765625,-3.775787353515625,0.83740234375,1.0,2.0,1.0,4.0,2.0,95.0,event
11:26:19.895,1.043139,0.2551292,0.93043804,1.0186048,0.9007033,0.09280326,0.45979702,1.0620517,0.96199,0.1334126,0.41848785,0.6707001,0.8128262,0.11379126,-0.16463774,0.659461,0.32423326,-0.41838935,-0.59538,0.0020752505,919.4872,794.57874,1247.8755,886.04395,777.6557,0.072021484375,-0.02117919921875,0.986083984375,1.981353759765625,-3.775787353515625,0.83740234375,1.0,2.0,1.0,4.0,2.0,95.0,event
11:26:19.896,1.043139,0.2551292,0.93043804,1.0186048,0.9007033,0.09280326,0.45979702,1.0620517,0.96199,0.1334126,0.41848785,0.6707001,0.8128262,0.11379126,-0.16463774,0.659461,0.32423326,-0.41838935,-0.59538,0.0020752505,788.93774,805.05493,1000.4762,871.9414,806.6667,0.072021484375,-0.02117919921875,0.986083984375,1.981353759765625,-3.775787353515625,0.83740234375,1.0,2.0,1.0,4.0,2.0,95.0,event
11:26:19.896,1.043139,0.2551292,0.93043804,1.0186048,0.9007033,0.09280326,0.45979702,1.0620517,0.96199,0.1334126,0.41848785,0.6707001,0.8128262,0.11379126,-0.16463774,0.659461,0.32423326,-0.41838935,-0.59538,0.0020752505,975.09155,801.8315,1029.0842,895.31134,888.86444,0.072021484375,-0.02117919921875,0.986083984375,1.981353759765625,-3.775787353515625,0.83740234375,1.0,2.0,1.0,4.0,2.0,95.0,event
11:26:19.897,1.043139,0.2551292,0.93043804,1.0186048,0.9007033,0.09280326,0.45979702,1.0620517,0.96199,0.1334126,0.41848785,0.6707001,0.8128262,0.11379126,-0.16463774,0.659461,0.32423326,-0.41838935,-0.59538,0.0020752505,629.3773,796.5934,1146.337,830.0366,769.59705,0.072021484375,-0.02117919921875,0.986083984375,1.981353759765625,-3.775787353515625,0.83740234375,1.0,2.0,1.0,4.0,2.0,95.0,event
11:26:19.898,1.043139,0.2551292,0.93043804,1.0186048,0.9007033,0.09280326,0.45979702,1.0620517,0.96199,0.1334126,0.41848785,0.6707001,0.8128262,0.11379126,-0.16463774,0.659461,0.32423326,-0.41838935,-0.59538,0.0020752505,673.2967,796.5934,1147.9487,821.1722,909.011,0.072021484375,-0.02117919921875,0.986083984375,1.981353759765625,-3.775787353515625,0.83740234375,1.0,2.0,1.0,4.0,2.0,95.0,event
11:26:19.899,1.043139,0.2551292,0.93043804,1.0186048,0.9007033,0.09280326,0.45979702,1.0620517,0.96199,0.1334126,0.41848785,0.6707001,0.8128262,0.11379126,-0.16463774,0.659461,0.32423326,-0.41838935,-0.59538,0.0020752505,867.50916,799.011,623.73627,860.2564,1186.227,0.072021484375,-0.02117919921875,0.986083984375,1.981353759765625,-3.775787353515625,0.83740234375,1.0,2.0,1.0,4.0,2.0,95.0,event
11:26:19.899,1.043139,0.2551292,0.93043804,1.0186048,0.9007033,0.09280326,0.45979702,1.0620517,0.96199,0.1334126,0.41848785,0.6707001,0.8128262,0.11379126,-0.16463774,0.659461,0.32423326,-0.41838935,-0.59538,0.0020752505,956.9597,804.2491,583.0403,846.9597,1083.0769,0.072021484375,-0.02117919921875,0.986083984375,1.981353759765625,-3.775787353515625,0.83740234375,1.0,2.0,1.0,4.0,2.0,95.0,event
11:26:19.900,1.043139,0.2551292,0.93043804,1.0186048,0.9007033,0.09280326,0.45979702,1.0620517,0.96199,0.1334126,0.41848785,0.6707001,0.8128262,0.11379126,-0.16463774,0.659461,0.32423326,-0.41838935,-0.59538,0.0020752505,807.8755,806.6667,1133.8462,793.7729,684.57874,0.072021484375,-0.02117919921875,0.986083984375,1.981353759765625,-3.775787353515625,0.83740234375,1.0,2.0,1.0,4.0,2.0,95.0,event
11:26:19.901,1.043139,0.2551292,0.93043804,1.0186048,0.9007033,0.09280326,0.45979702,1.0620517,0.96199,0.1334126,0.41848785,0.6707001,0.8128262,0.11379126,-0.16463774,0.659461,0.32423326,-0.41838935,-0.59538,0.0020752505,631.39197,805.8608,1024.249,776.04395,710.7692,0.072021484375,-0.02117919921875,0.986083984375,1.981353759765625,-3.775787353515625,0.83740234375,1.0,2.0,1.0,4.0,2.0,95.0,event
11:26:19.901,1.043139,0.2551292,0.93043804,1.0186048,0.9007033,0.09280326,0.45979702,1.0620517,0.96199,0.1334126,0.41848785,0.6707001,0.8128262,0.11379126,-0.16463774,0.659461,0.32423326,-0.41838935,-0.59538,0.0020752505,657.98535,803.8461,991.6117,768.3883,780.07324,0.072021484375,-0.02117919921875,0.986083984375,1.981353759765625,-3.775787353515625,0.83740234375,1.0,2.0,1.0,4.0,2.0,95.0,event
11:26:19.902,1.043139,0.2551292,0.93043804,1.0186048,0.9007033,0.09280326,0.45979702,1.0620517,0.96199,0.1334126,0.41848785,0.6707001,0.8128262,0.11379126,-0.16463774,0.659461,0.32423326,-0.41838935,-0.59538,0.0020752505,851.79486,803.44324,1188.6447,778.0586,698.68134,0.072021484375,-0.02117919921875,0.986083984375,1.981353759765625,-3.775787353515625,0.83740234375,1.0,2.0,1.0,4.0,2.0,95.0,event
11:26:19.944,1.043139,0.2551292,0.93043804,1.0186048,0.9007033,0.09280326,0.45979702,1.0620517,0.96199,0.1334126,0.41848785,0.6707001,0.8128262,0.11379126,-0.16463774,0.659461,0.32423326,-0.41838935,-0.59538,0.0020752505,966.63007,805.05493,1228.5348,774.83514,672.8938,0.06591796875,-0.0225830078125,0.988037109375,2.699127197265625,-2.811279296875,0.76263427734375,1.0,2.0,1.0,4.0,2.0,95.0,event
11:26:19.945,1.043139,0.2551292,0.93043804,1.0186048,0.9007033,0.09280326,0.45979702,1.0620517,0.96199,0.1334126,0.41848785,0.6707001,0.8128262,0.11379126,-0.16463774,0.659461,0.32423326,-0.41838935,-0.59538,0.0020752505,823.5897,801.8315,978.315,745.82416,713.9927,0.06591796875,-0.0225830078125,0.988037109375,2.699127197265625,-2.811279296875,0.76263427734375,1.0,2.0,1.0,4.0,2.0,95.0,event
11:26:19.947,,,,,,,,,,,,,,,,,,,,,,,,,,,,,,,,,,,,,,blink
11:26:19.949,1.043139,0.2551292,0.93043804,1.0186048,0.9007033,0.09280326,0.45979702,1.0620517,0.96199,0.1334126,0.41848785,0.6707001,0.8128262,0.11379126,-0.16463774,0.659461,0.32423326,-0.41838935,-0.59538,0.0020752505,625.34796,803.44324,847.3626,725.6777,710.7692,0.06591796875,-0.0225830078125,0.988037109375,2.699127197265625,-2.811279296875,0.76263427734375,1.0,2.0,1.0,4.0,2.0,95.0,event
11:26:19.950,1.043139,0.2551292,0.93043804,1.0186048,0.9007033,0.09280326,0.45979702,1.0620517,0.96199,0.1334126,0.41848785,0.6707001,0.8128262,0.11379126,-0.16463774,0.659461,0.32423326,-0.41838935,-0.59538,0.0020752505,648.315,801.4286,1092.7472,710.3663,664.0293,0.06591796875,-0.0225830078125,0.988037109375,2.699127197265625,-2.811279296875,0.76263427734375,1.0,2.0,1.0,4.0,2.0,95.0,event
11:26:19.951,1.043139,0.2551292,0.93043804,1.0186048,0.9007033,0.09280326,0.45979702,1.0620517,0.96199,0.1334126,0.41848785,0.6707001,0.8128262,0.11379126,-0.16463774,0.659461,0.32423326,-0.41838935,-0.59538,0.0020752505,844.5421,801.4286,1172.5275,707.1429,648.71796,0.06591796875,-0.0225830078125,0.988037109375,2.699127197265625,-2.811279296875,0.76263427734375,1.0,2.0,1.0,4.0,2.0,95.0,event
11:26:19.951,1.043139,0.2551292,0.93043804,1.0186048,0.9007033,0.09280326,0.45979702,1.0620517,0.96199,0.1334126,0.41848785,0.6707001,0.8128262,0.11379126,-0.16463774,0.659461,0.32423326,-0.41838935,-0.59538,0.0020752505,960.58606,803.0403,844.5421,708.3516,857.03296,0.06591796875,-0.0225830078125,0.988037109375,2.699127197265625,-2.811279296875,0.76263427734375,1.0,2.0,1.0,4.0,2.0,95.0,event
11:26:19.952,1.043139,0.2551292,0.93043804,1.0186048,0.9007033,0.09280326,0.45979702,1.0620517,0.96199,0.1334126,0.41848785,0.6707001,0.8128262,0.11379126,-0.16463774,0.659461,0.32423326,-0.41838935,-0.59538,0.0020752505,830.4396,799.011,600.3663,688.60803,952.52747,0.06591796875,-0.0225830078125,0.988037109375,2.699127197265625,-2.811279296875,0.76263427734375,1.0,2.0,1.0,4.0,2.0,95.0,event
11:26:19.953,1.043139,0.2551292,0.93043804,1.0186048,0.9007033,0.09280326,0.45979702,1.0620517,0.96199,0.1334126,0.41848785,0.6707001,0.8128262,0.11379126,-0.16463774,0.659461,0.32423326,-0.41838935,-0.59538,0.0020752505,631.79486,801.8315,689.011,673.2967,782.8938,0.06591796875,-0.0225830078125,0.988037109375,2.699127197265625,-2.811279296875,0.76263427734375,1.0,2.0,1.0,4.0,2.0,95.0,event
11:26:19.953,1.043139,0.2551292,0.93043804,1.0186048,0.9007033,0.09280326,0.45979702,1.0620517,0.96199,0.1334126,0.41848785,0.6707001,0.8128262,0.11379126,-0.16463774,0.659461,0.32423326,-0.41838935,-0.59538,0.0020752505,618.49817,803.44324,916.6667,674.90845,659.19415,0.06591796875,-0.0225830078125,0.988037109375,2.699127197265625,-2.811279296875,0.76263427734375,1.0,2.0,1.0,4.0,2.0,95.0,event
11:26:19.954,1.043139,0.2551292,0.93043804,1.0186048,0.9007033,0.09280326,0.45979702,1.0620517,0.96199,0.1334126,0.41848785,0.6707001,0.8128262,0.11379126,-0.16463774,0.659461,0.32423326,-0.41838935,-0.59538,0.0020752505,800.6227,800.2198,765.56775,693.44324,819.5604,0.06591796875,-0.0225830078125,0.988037109375,2.699127197265625,-2.811279296875,0.76263427734375,1.0,2.0,1.0,4.0,2.0,95.0,event
11:26:19.955,1.043139,0.2551292,0.93043804,1.0186048,0.9007033,0.09280326,0.45979702,1.0620517,0.96199,0.1334126,0.41848785,0.6707001,0.8128262,0.11379126,-0.16463774,0.659461,0.32423326,-0.41838935,-0.59538,0.0020752505,945.6777,806.26373,495.20148,709.5604,1025.4579,0.06591796875,-0.0225830078125,0.988037109375,2.699127197265625,-2.811279296875,0.76263427734375,1.0,2.0,1.0,4.0,2.0,95.0,event
11:26:19.956,1.043139,0.2551292,0.93043804,1.0186048,0.9007033,0.09280326,0.45979702,1.0620517,0.96199,0.1334126,0.41848785,0.6707001,0.8128262,0.11379126,-0.16463774,0.659461,0.32423326,-0.41838935,-0.59538,0.0020752505,855.82416,807.47253,962.6007,695.4579,773.6264,0.06591796875,-0.0225830078125,0.988037109375,2.699127197265625,-2.811279296875,0.76263427734375,1.0,2.0,1.0,4.0,2.0,95.0,event
11:26:19.993,1.043139,0.2551292,0.93043804,1.0186048,0.9007033,0.09280326,0.45979702,1.0620517,0.96199,0.1334126,0.41848785,0.6707001,0.8128262,0.11379126,-0.16463774,0.659461,0.32423326,-0.41838935,-0.59538,0.0020752505,655.16486,805.8608,1032.3077,684.9817,628.1685,0.06744384765625,-0.02001953125,0.9901123046875,2.534637451171875,-4.972076416015625,0.8673095703125,1.0,2.0,1.0,4.0,2.0,95.0,event
11:26:19.995,1.043139,0.2551292,0.93043804,1.0186048,0.9007033,0.09280326,0.45979702,1.0620517,0.96199,0.1334126,0.41848785,0.6707001,0.8128262,0.11379126,-0.16463774,0.659461,0.32423326,-0.41838935,-0.59538,0.0020752505,615.6777,810.696,892.49084,692.6374,671.685,0.06744384765625,-0.02001953125,0.9901123046875,2.534637451171875,-4.972076416015625,0.8673095703125,1.0,2.0,1.0,4.0,2.0,95.0,event
11:26:19.995,1.043139,0.2551292,0.93043804,1.0186048,0.9007033,0.09280326,0.45979702,1.0620517,0.96199,0.1334126,0.41848785,0.6707001,0.8128262,0.11379126,-0.16463774,0.659461,0.32423326,-0.41838935,-0.59538,0.0020752505,781.28204,809.89014,1067.3627,703.91943,717.619,0.06744384765625,-0.02001953125,0.9901123046875,2.534637451171875,-4.972076416015625,0.8673095703125,1.0,2.0,1.0,4.0,2.0,95.0,event
11:26:19.996,1.043139,0.2551292,0.93043804,1.0186048,0.9007033,0.09280326,0.45979702,1.0620517,0.96199,0.1334126,0.41848785,0.6707001,0.8128262,0.11379126,-0.16463774,0.659461,0.32423326,-0.41838935,-0.59538,0.0020752505,951.7216,808.2784,1211.6117,716.0073,717.619,0.06744384765625,-0.02001953125,0.9901123046875,2.534637451171875,-4.972076416015625,0.8673095703125,1.0,2.0,1.0,4.0,2.0,95.0,event
11:26:19.997,1.043139,0.2551292,0.93043804,1.0186048,0.9007033,0.09280326,0.45979702,1.0620517,0.96199,0.1334126,0.41848785,0.6707001,0.8128262,0.11379126,-0.16463774,0.659461,0.32423326,-0.41838935,-0.59538,0.0020752505,893.2967,807.8755,1097.5824,701.50183,743.4066,0.06744384765625,-0.02001953125,0.9901123046875,2.534637451171875,-4.972076416015625,0.8673095703125,1.0,2.0,1.0,4.0,2.0,95.0,event
11:26:19.997,1.043139,0.2551292,0.93043804,1.0186048,0.9007033,0.09280326,0.45979702,1.0620517,0.96199,0.1334126,0.41848785,0.6707001,0.8128262,0.11379126,-0.16463774,0.659461,0.32423326,-0.41838935,-0.59538,0.0020752505,675.7143,810.293,718.022,682.1612,801.4286,0.06744384765625,-0.02001953125,0.9901123046875,2.534637451171875,-4.972076416015625,0.8673095703125,1.0,2.0,1.0,4.0,2.0,95.0,event
11:26:19.998,1.043139,0.2551292,0.93043804,1.0186048,0.9007033,0.09280326,0.45979702,1.0620517,0.96199,0.1334126,0.41848785,0.6707001,0.8128262,0.11379126,-0.16463774,0.659461,0.32423326,-0.41838935,-0.59538,0.0020752505,608.4249,810.293,656.77655,696.26373,749.45056,0.06744384765625,-0.02001953125,0.9901123046875,2.534637451171875,-4.972076416015625,0.8673095703125,1.0,2.0,1.0,4.0,2.0,95.0,event
11:26:19.998,1.043139,0.2551292,0.93043804,1.0186048,0.9007033,0.09280326,0.45979702,1.0620517,0.96199,0.1334126,0.41848785,0.6707001,0.8128262,0.11379126,-0.16463774,0.659461,0.32423326,-0.41838935,-0.59538,0.0020752505,757.9121,808.68134,993.22345,732.9304,720.4396,0.06744384765625,-0.02001953125,0.9901123046875,2.534637451171875,-4.972076416015625,0.8673095703125,1.0,2.0,1.0,4.0,2.0,95.0,event
11:26:19.999,1.043139,0.2551292,0.93043804,1.0186048,0.9007033,0.09280326,0.45979702,1.0620517,0.96199,0.1334126,0.41848785,0.6707001,0.8128262,0.11379126,-0.16463774,0.659461,0.32423326,-0.41838935,-0.59538,0.0020752505,945.2747,805.05493,1055.6776,765.9707,779.67035,0.06744384765625,-0.02001953125,0.9901123046875,2.534637451171875,-4.972076416015625,0.8673095703125,1.0,2.0,1.0,4.0,2.0,95.0,event
11:26:20.000,1.043139,0.2551292,0.93043804,1.0186048,0.9007033,0.09280326,0.45979702,1.0620517,0.96199,0.1334126,0.41848785,0.6707001,0.8128262,0.11379126,-0.16463774,0.659461,0.32423326,-0.41838935,-0.59538,0.0020752505,898.93774,794.9817,422.67398,753.0769,977.1062,0.06744384765625,-0.02001953125,0.9901123046875,2.534637451171875,-4.972076416015625,0.8673095703125,1.0,2.0,1.0,4.0,2.0,95.0,event
11:26:20.000,1.043139,0.2551292,0.93043804,1.0186048,0.9007033,0.09280326,0.45979702,1.0620517,0.96199,0.1334126,0.41848785,0.6707001,0.8128262,0.11379126,-0.16463774,0.659461,0.32423326,-0.41838935,-0.59538,0.0020752505,691.4286,799.41394,485.53113,726.4835,952.52747,0.06744384765625,-0.02001953125,0.9901123046875,2.534637451171875,-4.972076416015625,0.8673095703125,1.0,2.0,1.0,4.0,2.0,95.0,event
11:26:20.001,1.043139,0.2551292,0.93043804,1.0186048,0.9007033,0.09280326,0.45979702,1.0620517,0.96199,0.1334126,0.41848785,0.6707001,0.8128262,0.11379126,-0.16463774,0.659461,0.32423326,-0.41838935,-0.59538,0.0020752505,624.94507,802.6374,1128.2051,738.1685,720.4396,0.06744384765625,-0.02001953125,0.9901123046875,2.534637451171875,-4.972076416015625,0.8673095703125,1.0,2.0,1.0,4.0,2.0,95.0,event
11:26:20.050,1.043139,0.2551292,0.93043804,1.0186048,0.9007033,0.09280326,0.45979702,1.0620517,0.96199,0.1334126,0.41848785,0.6707001,0.8128262,0.11379126,-0.16463774,0.659461,0.32423326,-0.41838935,-0.59538,0.0020752505,740.989,796.99634,1045.2014,762.74725,784.10254,0.0755615234375,-0.02569580078125,0.97930908203125,2.295379638671875,-2.893524169921875,0.46356201171875,1.0,2.0,1.0,4.0,2.0,95.0,event
11:26:20.051,1.043139,0.2551292,0.93043804,1.0186048,0.9007033,0.09280326,0.45979702,1.0620517,0.96199,0.1334126,0.41848785,0.6707001,0.8128262,0.11379126,-0.16463774,0.659461,0.32423326,-0.41838935,-0.59538,0.0020752505,923.1135,801.4286,1035.9341,774.43225,841.7216,0.0755615234375,-0.02569580078125,0.97930908203125,2.295379638671875,-2.893524169921875,0.46356201171875,1.0,2.0,1.0,4.0,2.0,95.0,event
11:26:20.052,1.043139,0.2551292,0.93043804,1.0186048,0.9007033,0.09280326,0.45979702,1.0620517,0.96199,0.1334126,0.41848785,0.6707001,0.8128262,0.11379126,-0.16463774,0.659461,0.32423326,-0.41838935,-0.59538,0.0020752505,929.9634,803.0403,1185.0183,768.7912,772.4176,0.0755615234375,-0.02569580078125,0.97930908203125,2.295379638671875,-2.893524169921875,0.46356201171875,1.0,2.0,1.0,4.0,2.0,95.0,event
11:26:20.053,1.043139,0.2551292,0.93043804,1.0186048,0.9007033,0.09280326,0.45979702,1.0620517,0.96199,0.1334126,0.41848785,0.6707001,0.8128262,0.11379126,-0.16463774,0.659461,0.32423326,-0.41838935,-0.59538,0.0020752505,730.10986,801.4286,1111.6849,761.53845,727.28937,0.0755615234375,-0.02569580078125,0.97930908203125,2.295379638671875,-2.893524169921875,0.46356201171875,1.0,2.0,1.0,4.0,2.0,95.0,event
11:26:20.057,1.043139,0.2551292,0.93043804,1.0186048,0.9007033,0.09280326,0.45979702,1.0620517,0.96199,0.1334126,0.41848785,0.6707001,0.8128262,0.11379126,-0.16463774,0.659461,0.32423326,-0.41838935,-0.59538,0.0020752505,607.619,803.0403,881.6117,759.12085,732.52747,0.0755615234375,-0.02569580078125,0.97930908203125,2.295379638671875,-2.893524169921875,0.46356201171875,1.0,2.0,1.0,4.0,2.0,95.0,event
11:26:20.058,1.043139,0.2551292,0.93043804,1.0186048,0.9007033,0.09280326,0.45979702,1.0620517,0.96199,0.1334126,0.41848785,0.6707001,0.8128262,0.11379126,-0.16463774,0.659461,0.32423326,-0.41838935,-0.59538,0.0020752505,692.23444,803.44324,763.1502,766.77655,844.1392,0.0755615234375,-0.02569580078125,0.97930908203125,2.295379638671875,-2.893524169921875,0.46356201171875,1.0,2.0,1.0,4.0,2.0,95.0,event
11:26:20.059,1.043139,0.2551292,0.93043804,1.0186048,0.9007033,0.09280326,0.45979702,1.0620517,0.96199,0.1334126,0.41848785,0.6707001,0.8128262,0.11379126,-0.16463774,0.659461,0.32423326,-0.41838935,-0.59538,0.0020752505,894.90845,803.0403,844.94507,783.2967,823.5897,0.0755615234375,-0.02569580078125,0.97930908203125,2.295379638671875,-2.893524169921875,0.46356201171875,1.0,2.0,1.0,4.0,2.0,95.0,event
11:26:20.060,1.043139,0.2551292,0.93043804,1.0186048,0.9007033,0.09280326,0.45979702,1.0620517,0.96199,0.1334126,0.41848785,0.6707001,0.8128262,0.11379126,-0.16463774,0.659461,0.32423326,-0.41838935,-0.59538,0.0020752505,942.0513,803.0403,1027.8755,783.69965,696.6667,0.0755615234375,-0.02569580078125,0.97930908203125,2.295379638671875,-2.893524169921875,0.46356201171875,1.0,2.0,1.0,4.0,2.0,95.0,event
11:26:20.063,1.043139,0.2551292,0.93043804,1.0186048,0.9007033,0.09280326,0.45979702,1.0620517,0.96199,0.1334126,0.41848785,0.6707001,0.8128262,0.11379126,-0.16463774,0.659461,0.32423326,-0.41838935,-0.59538,0.0020752505,732.9304,801.4286,679.34064,777.25275,846.55676,0.0755615234375,-0.02569580078125,0.97930908203125,2.295379638671875,-2.893524169921875,0.46356201171875,1.0,2.0,1.0,4.0,2.0,95.0,event
11:26:20.064,1.043139,0.2551292,0.93043804,1.0186048,0.9007033,0.09280326,0.45979702,1.0620517,0.96199,0.1334126,0.41848785,0.6707001,0.8128262,0.11379126,-0.16463774,0.659461,0.32423326,-0.41838935,-0.59538,0.0020752505,593.91943,805.05493,386.00732,775.2381,983.95605,0.0755615234375,-0.02569580078125,0.97930908203125,2.295379638671875,-2.893524169921875,0.46356201171875,1.0,2.0,1.0,4.0,2.0,95.0,event
11:26:20.065,1.043139,0.2551292,0.93043804,1.0186048,0.9007033,0.09280326,0.45979702,1.0620517,0.96199,0.1334126,0.41848785,0.6707001,0.8128262,0.11379126,-0.16463774,0.659461,0.32423326,-0.41838935,-0.59538,0.0020752505,672.0879,807.47253,1001.28204,786.9231,781.28204,0.0755615234375,-0.02569580078125,0.97930908203125,2.295379638671875,-2.893524169921875,0.46356201171875,1.0,2.0,1.0,4.0,2.0,95.0,event
11:26:20.066,1.043139,0.2551292,0.93043804,1.0186048,0.9007033,0.09280326,0.45979702,1.0620517,0.96199,0.1334126,0.41848785,0.6707001,0.8128262,0.11379126,-0.16463774,0.659461,0.32423326,-0.41838935,-0.59538,0.0020752505,861.8681,802.23444,1114.9084,818.7546,819.9634,0.0755615234375,-0.02569580078125,0.97930908203125,2.295379638671875,-2.893524169921875,0.46356201171875,1.0,2.0,1.0,4.0,2.0,95.0,event
11:26:20.088,1.043139,0.2551292,0.93043804,1.0186048,0.9007033,0.09280326,0.45979702,1.0620517,0.96199,0.1334126,0.41848785,0.6707001,0.8128262,0.11379126,-0.16463774,0.659461,0.32423326,-0.41838935,-0.59538,0.0020752505,931.978,804.65204,827.2161,816.7399,968.24176,0.068603515625,-0.02020263671875,0.9888916015625,2.160797119140625,-4.17205810546875,0.411224365234375,1.0,2.0,1.0,4.0,2.0,95.0,event
11:26:20.089,1.043139,0.2551292,0.93043804,1.0186048,0.9007033,0.09280326,0.45979702,1.0620517,0.96199,0.1334126,0.41848785,0.6707001,0.8128262,0.11379126,-0.16463774,0.659461,0.32423326,-0.41838935,-0.59538,0.0020752505,756.7033,808.68134,857.8388,790.9524,826.4103,0.068603515625,-0.02020263671875,0.9888916015625,2.160797119140625,-4.17205810546875,0.411224365234375,1.0,2.0,1.0,4.0,2.0,95.0,event
11:26:20.090,1.043139,0.2551292,0.93043804,1.0186048,0.9007033,0.09280326,0.45979702,1.0620517,0.96199,0.1334126,0.41848785,0.6707001,0.8128262,0.11379126,-0.16463774,0.659461,0.32423326,-0.41838935,-0.59538,0.0020752505,605.6044,804.65204,1050.4396,796.1905,674.10254,0.068603515625,-0.02020263671875,0.9888916015625,2.160797119140625,-4.17205810546875,0.411224365234375,1.0,2.0,1.0,4.0,2.0,95.0,event
11:26:20.091,1.043139,0.2551292,0.93043804,1.0186048,0.9007033,0.09280326,0.45979702,1.0620517,0.96199,0.1334126,0.41848785,0.6707001,0.8128262,0.11379126,-0.16463774,0.659461,0.32423326,-0.41838935,-0.59538,0.0020752505,647.50916,801.02563,1027.4725,812.71063,717.2161,0.068603515625,-0.02020263671875,0.9888916015625,2.160797119140625,-4.17205810546875,0.411224365234375,1.0,2.0,1.0,4.0,2.0,95.0,event
11:26:20.092,1.043139,0.2551292,0.93043804,1.0186048,0.9007033,0.09280326,0.45979702,1.0620517,0.96199,0.1334126,0.41848785,0.6707001,0.8128262,0.11379126,-0.16463774,0.659461,0.32423326,-0.41838935,-0.59538,0.0020752505,840.10986,801.8315,965.0183,827.619,778.0586,0.068603515625,-0.02020263671875,0.9888916015625,2.160797119140625,-4.17205810546875,0.411224365234375,1.0,2.0,1.0,4.0,2.0,95.0,event
11:26:20.093,1.043139,0.2551292,0.93043804,1.0186048,0.9007033,0.09280326,0.45979702,1.0620517,0.96199,0.1334126,0.41848785,0.6707001,0.8128262,0.11379126,-0.16463774,0.659461,0.32423326,-0.41838935,-0.59538,0.0020752505,952.9304,805.8608,917.47253,842.52747,884.43225,0.068603515625,-0.02020263671875,0.9888916015625,2.160797119140625,-4.17205810546875,0.411224365234375,1.0,2.0,1.0,4.0,2.0,95.0,event
11:26:20.094,1.043139,0.2551292,0.93043804,1.0186048,0.9007033,0.09280326,0.45979702,1.0620517,0.96199,0.1334126,0.41848785,0.6707001,0.8128262,0.11379126,-0.16463774,0.659461,0.32423326,-0.41838935,-0.59538,0.0020752505,810.696,810.696,791.3553,833.663,894.5055,0.068603515625,-0.02020263671875,0.9888916015625,2.160797119140625,-4.17205810546875,0.411224365234375,1.0,2.0,1.0,4.0,2.0,95.0,event
11:26:20.095,1.043139,0.2551292,0.93043804,1.0186048,0.9007033,0.09280326,0.45979702,1.0620517,0.96199,0.1334126,0.41848785,0.6707001,0.8128262,0.11379126,-0.16463774,0.659461,0.32423326,-0.41838935,-0.59538,0.0020752505,630.989,808.2784,807.0696,824.7985,734.5421,0.068603515625,-0.02020263671875,0.9888916015625,2.160797119140625,-4.17205810546875,0.411224365234375,1.0,2.0,1.0,4.0,2.0,95.0,event
11:26:20.095,1.043139,0.2551292,0.93043804,1.0186048,0.9007033,0.09280326,0.45979702,1.0620517,0.96199,0.1334126,0.41848785,0.6707001,0.8128262,0.11379126,-0.16463774,0.659461,0.32423326,-0.41838935,-0.59538,0.0020752505,638.24176,805.05493,466.5934,847.76556,894.5055,0.068603515625,-0.02020263671875,0.9888916015625,2.160797119140625,-4.17205810546875,0.411224365234375,1.0,2.0,1.0,4.0,2.0,95.0,event
11:26:20.096,1.043139,0.2551292,0.93043804,1.0186048,0.9007033,0.09280326,0.45979702,1.0620517,0.96199,0.1334126,0.41848785,0.6707001,0.8128262,0.11379126,-0.16463774,0.659461,0.32423326,-0.41838935,-0.59538,0.0020752505,838.9011,809.4872,639.85345,875.9707,895.31134,0.068603515625,-0.02020263671875,0.9888916015625,2.160797119140625,-4.17205810546875,0.411224365234375,1.0,2.0,1.0,4.0,2.0,95.0,event
11:26:20.097,1.043139,0.2551292,0.93043804,1.0186048,0.9007033,0.09280326,0.45979702,1.0620517,0.96199,0.1334126,0.41848785,0.6707001,0.8128262,0.11379126,-0.16463774,0.659461,0.32423326,-0.41838935,-0.59538,0.0020752505,982.74725,808.68134,1212.4176,880.40295,704.3223,0.068603515625,-0.02020263671875,0.9888916015625,2.160797119140625,-4.17205810546875,0.411224365234375,1.0,2.0,1.0,4.0,2.0,95.0,event
11:26:20.098,1.043139,0.2551292,0.93043804,1.0186048,0.9007033,0.09280326,0.45979702,1.0620517,0.96199,0.1334126,0.41848785,0.6707001,0.8128262,0.11379126,-0.16463774,0.659461,0.32423326,-0.41838935,-0.59538,0.0020752505,838.9011,804.2491,959.7802,861.4652,748.24176,0.068603515625,-0.02020263671875,0.9888916015625,2.160797119140625,-4.17205810546875,0.411224365234375,1.0,2.0,1.0,4.0,2.0,95.0,event
11:26:20.141,1.043139,0.2551292,0.93043804,1.0186048,0.9007033,0.09280326,0.45979702,1.0620517,0.96199,0.1334126,0.41848785,0.6707001,0.8128262,0.11379126,-0.16463774,0.659461,0.32423326,-0.41838935,-0.59538,0.0020752505,630.58606,804.65204,816.337,838.49817,754.68866,0.068603515625,-0.02020263671875,0.9888916015625,2.160797119140625,-4.17205810546875,0.411224365234375,1.0,2.0,1.0,4.0,2.0,95.0,event
11:26:20.143,1.043139,0.2551292,0.93043804,1.0186048,0.9007033,0.09280326,0.45979702,1.0620517,0.96199,0.1334126,0.41848785,0.6707001,0.8128262,0.11379126,-0.16463774,0.659461,0.32423326,-0.41838935,-0.59538,0.0020752505,634.21246,806.26373,1031.5018,849.7802,684.9817,0.068603515625,-0.02020263671875,0.9888916015625,2.160797119140625,-4.17205810546875,0.411224365234375,1.0,2.0,1.0,4.0,2.0,95.0,event
11:26:20.146,1.043139,0.2551292,0.93043804,1.0186048,0.9007033,0.09280326,0.45979702,1.0620517,0.96199,0.1334126,0.41848785,0.6707001,0.8128262,0.11379126,-0.16463774,0.659461,0.32423326,-0.41838935,-0.59538,0.0020752505,822.381,807.0696,1043.5897,882.4176,721.6484,0.068603515625,-0.02020263671875,0.9888916015625,2.160797119140625,-4.17205810546875,0.411224365234375,1.0,2.0,1.0,4.0,2.0,95.0,event
11:26:20.147,1.043139,0.2551292,0.93043804,1.0186048,0.9007033,0.09280326,0.45979702,1.0620517,0.96199,0.1334126,0.41848785,0.6707001,0.8128262,0.11379126,-0.16463774,0.659461,0.32423326,-0.41838935,-0.59538,0.0020752505,956.1539,802.6374,739.3773,887.25275,870.32965,0.068603515625,-0.02020263671875,0.9888916015625,2.160797119140625,-4.17205810546875,0.411224365234375,1.0,2.0,1.0,4.0,2.0,95.0,event
11:26:20.149,1.043139,0.2551292,0.93043804,1.0186048,0.9007033,0.09280326,0.45979702,1.0620517,0.96199,0.1334126,0.41848785,0.6707001,0.8128262,0.11379126,-0.16463774,0.659461,0.32423326,-0.41838935,-0.59538,0.0020752505,858.6447,799.81683,659.19415,874.7619,857.03296,0.068603515625,-0.02020263671875,0.9888916015625,2.160797119140625,-4.17205810546875,0.411224365234375,1.0,2.0,1.0,4.0,2.0,95.0,event
11:26:20.151,1.043139,0.2551292,0.93043804,1.0186048,0.9007033,0.09280326,0.45979702,1.0620517,0.96199,0.1334126,0.41848785,0.6707001,0.8128262,0.11379126,-0.16463774,0.659461,0.32423326,-0.41838935,-0.59538,0.0020752505,666.8498,799.41394,781.685,863.47986,720.4396,0.068603515625,-0.02020263671875,0.9888916015625,2.160797119140625,-4.17205810546875,0.411224365234375,1.0,2.0,1.0,4.0,2.0,95.0,event
11:26:20.155,,,,,,,,,,,,,,,,,,,,,,,,,,,,,,,,,,,,,,blink
11:26:20.157,1.043139,0.2551292,0.93043804,1.0186048,0.9007033,0.09280326,0.45979702,1.0620517,0.96199,0.1334126,0.41848785,0.6707001,0.8128262,0.11379126,-0.16463774,0.659461,0.32423326,-0.41838935,-0.59538,0.0020752505,615.2747,798.60803,784.5055,863.8828,755.09155,0.068603515625,-0.02020263671875,0.9888916015625,2.160797119140625,-4.17205810546875,0.411224365234375,1.0,2.0,1.0,4.0,2.0,95.0,event
11:26:20.159,1.043139,0.2551292,0.93043804,1.0186048,0.9007033,0.09280326,0.45979702,1.0620517,0.96199,0.1334126,0.41848785,0.6707001,0.8128262,0.11379126,-0.16463774,0.659461,0.32423326,-0.41838935,-0.59538,0.0020752505,775.2381,796.1905,614.87177,898.1319,935.6044,0.068603515625,-0.02020263671875,0.9888916015625,2.160797119140625,-4.17205810546875,0.411224365234375,1.0,2.0,1.0,4.0,2.0,95.0,event
11:26:20.160,1.043139,0.2551292,0.93043804,1.0186048,0.9007033,0.09280326,0.45979702,1.0620517,0.96199,0.1334126,0.41848785,0.6707001,0.8128262,0.11379126,-0.16463774,0.659461,0.32423326,-0.41838935,-0.59538,0.0020752505,946.08057,800.2198,555.64105,916.6667,1037.5458,0.068603515625,-0.02020263671875,0.9888916015625,2.160797119140625,-4.17205810546875,0.411224365234375,1.0,2.0,1.0,4.0,2.0,95.0,event
11:26:20.162,1.043139,0.2551292,0.93043804,1.0186048,0.9007033,0.09280326,0.45979702,1.0620517,0.96199,0.1334126,0.41848785,0.6707001,0.8128262,0.11379126,-0.16463774,0.659461,0.32423326,-0.41838935,-0.59538,0.0020752505,911.4286,811.9048,1000.4762,892.8938,815.12823,0.068603515625,-0.02020263671875,0.9888916015625,2.160797119140625,-4.17205810546875,0.411224365234375,1.0,2.0,1.0,4.0,2.0,95.0,event
11:26:20.163,1.043139,0.2551292,0.93043804,1.0186048,0.9007033,0.09280326,0.45979702,1.0620517,0.96199,0.1334126,0.41848785,0.6707001,0.8128262,0.11379126,-0.16463774,0.659461,0.32423326,-0.41838935,-0.59538,0.0020752505,715.6044,815.9341,1031.0989,880.40295,681.75824,0.068603515625,-0.02020263671875,0.9888916015625,2.160797119140625,-4.17205810546875,0.411224365234375,1.0,2.0,1.0,4.0,2.0,95.0,event
11:26:20.164,1.043139,0.2551292,0.93043804,1.0186048,0.9007033,0.09280326,0.45979702,1.0620517,0.96199,0.1334126,0.41848785,0.6707001,0.8128262,0.11379126,-0.16463774,0.659461,0.32423326,-0.41838935,-0.59538,0.0020752505,621.7216,812.3077,842.1245,885.2381,783.2967,0.068603515625,-0.02020263671875,0.9888916015625,2.160797119140625,-4.17205810546875,0.411224365234375,1.0,2.0,1.0,4.0,2.0,95.0,event
11:26:20.202,1.043139,0.2551292,0.93043804,1.0186048,0.9007033,0.09280326,0.45979702,1.0620517,0.96199,0.1334126,0.41848785,0.6707001,0.8128262,0.11379126,-0.16463774,0.659461,0.32423326,-0.41838935,-0.59538,0.0020752505,754.2857,806.26373,998.46155,894.5055,826.8132,0.07049560546875,-0.023681640625,0.98248291015625,1.2860107421875,-4.26177978515625,-1.06170654296875,1.0,2.0,1.0,4.0,2.0,95.0,event
11:26:20.204,1.043139,0.2551292,0.93043804,1.0186048,0.9007033,0.09280326,0.45979702,1.0620517,0.96199,0.1334126,0.41848785,0.6707001,0.8128262,0.11379126,-0.16463774,0.659461,0.32423326,-0.41838935,-0.59538,0.0020752505,906.5934,805.4579,1108.8645,889.67035,794.17584,0.07049560546875,-0.023681640625,0.98248291015625,1.2860107421875,-4.26177978515625,-1.06170654296875,1.0,2.0,1.0,4.0,2.0,95.0,event
11:26:20.204,1.043139,0.2551292,0.93043804,1.0186048,0.9007033,0.09280326,0.45979702,1.0620517,0.96199,0.1334126,0.41848785,0.6707001,0.8128262,0.11379126,-0.16463774,0.659461,0.32423326,-0.41838935,-0.59538,0.0020752505,938.022,804.65204,1234.9817,903.7729,778.86444,0.07049560546875,-0.023681640625,0.98248291015625,1.2860107421875,-4.26177978515625,-1.06170654296875,1.0,2.0,1.0,4.0,2.0,95.0,event
11:26:20.205,1.043139,0.2551292,0.93043804,1.0186048,0.9007033,0.09280326,0.45979702,1.0620517,0.96199,0.1334126,0.41848785,0.6707001,0.8128262,0.11379126,-0.16463774,0.659461,0.32423326,-0.41838935,-0.59538,0.0020752505,703.5165,801.8315,953.3333,864.2857,891.685,0.07049560546875,-0.023681640625,0.98248291015625,1.2860107421875,-4.26177978515625,-1.06170654296875,1.0,2.0,1.0,4.0,2.0,95.0,event
11:26:20.206,1.043139,0.2551292,0.93043804,1.0186048,0.9007033,0.09280326,0.45979702,1.0620517,0.96199,0.1334126,0.41848785,0.6707001,0.8128262,0.11379126,-0.16463774,0.659461,0.32423326,-0.41838935,-0.59538,0.0020752505,631.79486,800.6227,1004.10254,868.71796,843.3333,0.07049560546875,-0.023681640625,0.98248291015625,1.2860107421875,-4.26177978515625,-1.06170654296875,1.0,2.0,1.0,4.0,2.0,95.0,event
11:26:20.207,1.043139,0.2551292,0.93043804,1.0186048,0.9007033,0.09280326,0.45979702,1.0620517,0.96199,0.1334126,0.41848785,0.6707001,0.8128262,0.11379126,-0.16463774,0.659461,0.32423326,-0.41838935,-0.59538,0.0020752505,734.1392,800.2198,944.0659,877.98535,835.2747,0.07049560546875,-0.023681640625,0.98248291015625,1.2860107421875,-4.26177978515625,-1.06170654296875,1.0,2.0,1.0,4.0,2.0,95.0,event
11:26:20.207,1.043139,0.2551292,0.93043804,1.0186048,0.9007033,0.09280326,0.45979702,1.0620517,0.96199,0.1334126,0.41848785,0.6707001,0.8128262,0.11379126,-0.16463774,0.659461,0.32423326,-0.41838935,-0.59538,0.0020752505,921.9048,802.6374,966.2271,872.3443,896.1172,0.07049560546875,-0.023681640625,0.98248291015625,1.2860107421875,-4.26177978515625,-1.06170654296875,1.0,2.0,1.0,4.0,2.0,95.0,event
11:26:20.208,1.043139,0.2551292,0.93043804,1.0186048,0.9007033,0.09280326,0.45979702,1.0620517,0.96199,0.1334126,0.41848785,0.6707001,0.8128262,0.11379126,-0.16463774,0.659461,0.32423326,-0.41838935,-0.59538,0.0020752505,926.7399,807.0696,446.04395,856.63007,1087.1062,0.07049560546875,-0.023681640625,0.98248291015625,1.2860107421875,-4.26177978515625,-1.06170654296875,1.0,2.0,1.0,4.0,2.0,95.0,event
11:26:20.209,1.043139,0.2551292,0.93043804,1.0186048,0.9007033,0.09280326,0.45979702,1.0620517,0.96199,0.1334126,0.41848785,0.6707001,0.8128262,0.11379126,-0.16463774,0.659461,0.32423326,-0.41838935,-0.59538,0.0020752505,705.9341,809.4872,255.45787,817.9487,1014.9817,0.07049560546875,-0.023681640625,0.98248291015625,1.2860107421875,-4.26177978515625,-1.06170654296875,1.0,2.0,1.0,4.0,2.0,95.0,event
11:26:20.210,1.043139,0.2551292,0.93043804,1.0186048,0.9007033,0.09280326,0.45979702,1.0620517,0.96199,0.1334126,0.41848785,0.6707001,0.8128262,0.11379126,-0.16463774,0.659461,0.32423326,-0.41838935,-0.59538,0.0020752505,622.9304,808.2784,927.5458,803.0403,666.4469,0.07049560546875,-0.023681640625,0.98248291015625,1.2860107421875,-4.26177978515625,-1.06170654296875,1.0,2.0,1.0,4.0,2.0,95.0,event
11:26:20.210,1.043139,0.2551292,0.93043804,1.0186048,0.9007033,0.09280326,0.45979702,1.0620517,0.96199,0.1334126,0.41848785,0.6707001,0.8128262,0.11379126,-0.16463774,0.659461,0.32423326,-0.41838935,-0.59538,0.0020752505,740.58606,806.6667,1004.10254,826.4103,758.315,0.07049560546875,-0.023681640625,0.98248291015625,1.2860107421875,-4.26177978515625,-1.06170654296875,1.0,2.0,1.0,4.0,2.0,95.0,event
11:26:20.211,1.043139,0.2551292,0.93043804,1.0186048,0.9007033,0.09280326,0.45979702,1.0620517,0.96199,0.1334126,0.41848785,0.6707001,0.8128262,0.11379126,-0.16463774,0.659461,0.32423326,-0.41838935,-0.59538,0.0020752505,930.7692,808.2784,1019.41394,830.4396,855.42126,0.07049560546875,-0.023681640625,0.98248291015625,1.2860107421875,-4.26177978515625,-1.06170654296875,1.0,2.0,1.0,4.0,2.0,95.0,event
11:26:20.233,1.043139,0.2551292,0.93043804,1.0186048,0.9007033,0.09280326,0.45979702,1.0620517,0.96199,0.1334126,0.41848785,0.6707001,0.8128262,0.11379126,-0.16463774,0.659461,0.32423326,-0.41838935,-0.59538,0.0020752505,955.34796,806.26373,1197.9121,813.5165,807.8755,0.06890869140625,-0.019287109375,0.9913330078125,1.039276123046875,-8.59832763671875,-0.179443359375,1.0,2.0,1.0,4.0,2.0,95.0,event
11:26:20.234,1.043139,0.2551292,0.93043804,1.0186048,0.9007033,0.09280326,0.45979702,1.0620517,0.96199,0.1334126,0.41848785,0.6707001,0.8128262,0.11379126,-0.16463774,0.659461,0.32423326,-0.41838935,-0.59538,0.0020752505,757.50916,798.20514,1112.4908,793.7729,724.87177,0.06890869140625,-0.019287109375,0.9913330078125,1.039276123046875,-8.59832763671875,-0.179443359375,1.0,2.0,1.0,4.0,2.0,95.0,event
11:26:20.235,1.043139,0.2551292,0.93043804,1.0186048,0.9007033,0.09280326,0.45979702,1.0620517,0.96199,0.1334126,0.41848785,0.6707001,0.8128262,0.11379126,-0.16463774,0.659461,0.32423326,-0.41838935,-0.59538,0.0020752505,617.6923,796.99634,862.27106,789.7436,743.4066,0.06890869140625,-0.019287109375,0.9913330078125,1.039276123046875,-8.59832763671875,-0.179443359375,1.0,2.0,1.0,4.0,2.0,95.0,event
11:26:20.236,1.043139,0.2551292,0.93043804,1.0186048,0.9007033,0.09280326,0.45979702,1.0620517,0.96199,0.1334126,0.41848785,0.6707001,0.8128262,0.11379126,-0.16463774,0.659461,0.32423326,-0.41838935,-0.59538,0.0020752505,692.6374,807.0696,888.46155,805.4579,765.56775,0.06890869140625,-0.019287109375,0.9913330078125,1.039276123046875,-8.59832763671875,-0.179443359375,1.0,2.0,1.0,4.0,2.0,95.0,event
11:26:20.237,1.043139,0.2551292,0.93043804,1.0186048,0.9007033,0.09280326,0.45979702,1.0620517,0.96199,0.1334126,0.41848785,0.6707001,0.8128262,0.11379126,-0.16463774,0.659461,0.32423326,-0.41838935,-0.59538,0.0020752505,958.97437,808.68134,1006.52014,826.8132,808.68134,0.06890869140625,-0.019287109375,0.9913330078125,1.039276123046875,-8.59832763671875,-0.179443359375,1.0,2.0,1.0,4.0,2.0,95.0,event
11:26:20.237,1.043139,0.2551292,0.93043804,1.0186048,0.9007033,0.09280326,0.45979702,1.0620517,0.96199,0.1334126,0.41848785,0.6707001,0.8128262,0.11379126,-0.16463774,0.659461,0.32423326,-0.41838935,-0.59538,0.0020752505,896.9231,809.4872,1141.0989,826.0073,767.5824,0.06890869140625,-0.019287109375,0.9913330078125,1.039276123046875,-8.59832763671875,-0.179443359375,1.0,2.0,1.0,4.0,2.0,95.0,event
11:26:20.238,1.043139,0.2551292,0.93043804,1.0186048,0.9007033,0.09280326,0.45979702,1.0620517,0.96199,0.1334126,0.41848785,0.6707001,0.8128262,0.11379126,-0.16463774,0.659461,0.32423326,-0.41838935,-0.59538,0.0020752505,765.56775,805.05493,522.6007,804.2491,959.7802,0.06890869140625,-0.019287109375,0.9913330078125,1.039276123046875,-8.59832763671875,-0.179443359375,1.0,2.0,1.0,4.0,2.0,95.0,event
11:26:20.239,1.043139,0.2551292,0.93043804,1.0186048,0.9007033,0.09280326,0.45979702,1.0620517,0.96199,0.1334126,0.41848785,0.6707001,0.8128262,0.11379126,-0.16463774,0.659461,0.32423326,-0.41838935,-0.59538,0.0020752505,608.022,803.8461,327.58243,788.93774,1013.7729,0.06890869140625,-0.019287109375,0.9913330078125,1.039276123046875,-8.59832763671875,-0.179443359375,1.0,2.0,1.0,4.0,2.0,95.0,event
11:26:20.244,1.043139,0.2551292,0.93043804,1.0186048,0.9007033,0.09280326,0.45979702,1.0620517,0.96199,0.1334126,0.41848785,0.6707001,0.8128262,0.11379126,-0.16463774,0.659461,0.32423326,-0.41838935,-0.59538,0.0020752505,684.9817,809.4872,803.0403,800.2198,800.2198,0.06890869140625,-0.019287109375,0.9913330078125,1.039276123046875,-8.59832763671875,-0.179443359375,1.0,2.0,1.0,4.0,2.0,95.0,event
11:26:20.244,1.043139,0.2551292,0.93043804,1.0186048,0.9007033,0.09280326,0.45979702,1.0620517,0.96199,0.1334126,0.41848785,0.6707001,0.8128262,0.11379126,-0.16463774,0.659461,0.32423326,-0.41838935,-0.59538,0.0020752505,888.86444,805.4579,969.45056,817.1429,779.67035,0.06890869140625,-0.019287109375,0.9913330078125,1.039276123046875,-8.59832763671875,-0.179443359375,1.0,2.0,1.0,4.0,2.0,95.0,event
11:26:20.245,1.043139,0.2551292,0.93043804,1.0186048,0.9007033,0.09280326,0.45979702,1.0620517,0.96199,0.1334126,0.41848785,0.6707001,0.8128262,0.11379126,-0.16463774,0.659461,0.32423326,-0.41838935,-0.59538,0.0020752505,982.74725,801.8315,770.80585,810.293,890.4762,0.06890869140625,-0.019287109375,0.9913330078125,1.039276123046875,-8.59832763671875,-0.179443359375,1.0,2.0,1.0,4.0,2.0,95.0,event
11:26:20.246,1.043139,0.2551292,0.93043804,1.0186048,0.9007033,0.09280326,0.45979702,1.0620517,0.96199,0.1334126,0.41848785,0.6707001,0.8128262,0.11379126,-0.16463774,0.659461,0.32423326,-0.41838935,-0.59538,0.0020752505,823.5897,800.2198,820.7692,786.9231,843.73627,0.06890869140625,-0.019287109375,0.9913330078125,1.039276123046875,-8.59832763671875,-0.179443359375,1.0,2.0,1.0,4.0,2.0,95.0,event
11:26:20.291,1.043139,0.2551292,0.93043804,1.0186048,0.9007033,0.09280326,0.45979702,1.0620517,0.96199,0.1334126,0.41848785,0.6707001,0.8128262,0.11379126,-0.16463774,0.659461,0.32423326,-0.41838935,-0.59538,0.0020752505,644.68866,795.38464,1016.99634,768.7912,696.6667,0.0975341796875,-0.02777099609375,0.9832763671875,1.1962890625,-5.196380615234375,-0.28411865234375,1.0,2.0,1.0,4.0,2.0,95.0,event
11:26:20.293,1.043139,0.2551292,0.93043804,1.0186048,0.9007033,0.09280326,0.45979702,1.0620517,0.96199,0.1334126,0.41848785,0.6707001,0.8128262,0.11379126,-0.16463774,0.659461,0.32423326,-0.41838935,-0.59538,0.0020752505,679.34064,797.3993,1014.57874,770.40295,734.5421,0.0975341796875,-0.02777099609375,0.9832763671875,1.1962890625,-5.196380615234375,-0.28411865234375,1.0,2.0,1.0,4.0,2.0,95.0,event
11:26:20.294,1.043139,0.2551292,0.93043804,1.0186048,0.9007033,0.09280326,0.45979702,1.0620517,0.96199,0.1334126,0.41848785,0.6707001,0.8128262,0.11379126,-0.16463774,0.659461,0.32423326,-0.41838935,-0.59538,0.0020752505,861.06226,800.6227,964.21246,785.7143,757.50916,0.0975341796875,-0.02777099609375,0.9832763671875,1.1962890625,-5.196380615234375,-0.28411865234375,1.0,2.0,1.0,4.0,2.0,95.0,event
11:26:20.298,1.043139,0.2551292,0.93043804,1.0186048,0.9007033,0.09280326,0.45979702,1.0620517,0.96199,0.1334126,0.41848785,0.6707001,0.8128262,0.11379126,-0.16463774,0.659461,0.32423326,-0.41838935,-0.59538,0.0020752505,968.6447,794.9817,1046.4103,787.72894,721.2454,0.0975341796875,-0.02777099609375,0.9832763671875,1.1962890625,-5.196380615234375,-0.28411865234375,1.0,2.0,1.0,4.0,2.0,95.0,event
11:26:20.300,1.043139,0.2551292,0.93043804,1.0186048,0.9007033,0.09280326,0.45979702,1.0620517,0.96199,0.1334126,0.41848785,0.6707001,0.8128262,0.11379126,-0.16463774,0.659461,0.32423326,-0.41838935,-0.59538,0.0020752505,846.9597,794.17584,1075.0183,760.32965,751.4652,0.0975341796875,-0.02777099609375,0.9832763671875,1.1962890625,-5.196380615234375,-0.28411865234375,1.0,2.0,1.0,4.0,2.0,95.0,event
11:26:20.301,1.043139,0.2551292,0.93043804,1.0186048,0.9007033,0.09280326,0.45979702,1.0620517,0.96199,0.1334126,0.41848785,0.6707001,0.8128262,0.11379126,-0.16463774,0.659461,0.32423326,-0.41838935,-0.59538,0.0020752505,656.77655,798.20514,819.9634,742.6007,838.9011,0.0975341796875,-0.02777099609375,0.9832763671875,1.1962890625,-5.196380615234375,-0.28411865234375,1.0,2.0,1.0,4.0,2.0,95.0,event
11:26:20.303,1.043139,0.2551292,0.93043804,1.0186048,0.9007033,0.09280326,0.45979702,1.0620517,0.96199,0.1334126,0.41848785,0.6707001,0.8128262,0.11379126,-0.16463774,0.659461,0.32423326,-0.41838935,-0.59538,0.0020752505,647.9121,797.8022,460.9524,758.315,987.1795,0.0975341796875,-0.02777099609375,0.9832763671875,1.1962890625,-5.196380615234375,-0.28411865234375,1.0,2.0,1.0,4.0,2.0,95.0,event
11:26:20.305,1.043139,0.2551292,0.93043804,1.0186048,0.9007033,0.09280326,0.45979702,1.0620517,0.96199,0.1334126,0.41848785,0.6707001,0.8128262,0.11379126,-0.16463774,0.659461,0.32423326,-0.41838935,-0.59538,0.0020752505,836.08057,798.20514,759.5238,774.0293,917.8755,0.0975341796875,-0.02777099609375,0.9832763671875,1.1962890625,-5.196380615234375,-0.28411865234375,1.0,2.0,1.0,4.0,2.0,95.0,event
11:26:20.307,1.043139,0.2551292,0.93043804,1.0186048,0.9007033,0.09280326,0.45979702,1.0620517,0.96199,0.1334126,0.41848785,0.6707001,0.8128262,0.11379126,-0.16463774,0.659461,0.32423326,-0.41838935,-0.59538,0.0020752505,984.35895,794.9817,1205.9707,765.16486,723.2601,0.0975341796875,-0.02777099609375,0.9832763671875,1.1962890625,-5.196380615234375,-0.28411865234375,1.0,2.0,1.0,4.0,2.0,95.0,event
11:26:20.309,1.043139,0.2551292,0.93043804,1.0186048,0.9007033,0.09280326,0.45979702,1.0620517,0.96199,0.1334126,0.41848785,0.6707001,0.8128262,0.11379126,-0.16463774,0.659461,0.32423326,-0.41838935,-0.59538,0.0020752505,867.50916,790.14655,930.3663,747.4359,770.0,0.0975341796875,-0.02777099609375,0.9832763671875,1.1962890625,-5.196380615234375,-0.28411865234375,1.0,2.0,1.0,4.0,2.0,95.0,event
11:26:20.310,1.043139,0.2551292,0.93043804,1.0186048,0.9007033,0.09280326,0.45979702,1.0620517,0.96199,0.1334126,0.41848785,0.6707001,0.8128262,0.11379126,-0.16463774,0.659461,0.32423326,-0.41838935,-0.59538,0.0020752505,673.69965,790.14655,750.65936,740.18317,813.5165,0.0975341796875,-0.02777099609375,0.9832763671875,1.1962890625,-5.196380615234375,-0.28411865234375,1.0,2.0,1.0,4.0,2.0,95.0,event
11:26:20.312,1.043139,0.2551292,0.93043804,1.0186048,0.9007033,0.09280326,0.45979702,1.0620517,0.96199,0.1334126,0.41848785,0.6707001,0.8128262,0.11379126,-0.16463774,0.659461,0.32423326,-0.41838935,-0.59538,0.0020752505,651.53845,794.57874,899.7436,748.6447,776.4469,0.0975341796875,-0.02777099609375,0.9832763671875,1.1962890625,-5.196380615234375,-0.28411865234375,1.0,2.0,1.0,4.0,2.0,95.0,event
11:26:20.353,1.043139,0.2551292,0.93043804,1.0186048,0.9007033,0.09280326,0.45979702,1.0620517,0.96199,0.1334126,0.41848785,0.6707001,0.8128262,0.11379126,-0.16463774,0.659461,0.32423326,-0.41838935,-0.59538,0.0020752505,819.15753,799.41394,1012.5641,774.43225,767.98535,0.0770263671875,-0.01910400390625,0.98687744140625,2.385101318359375,-1.57012939453125,-0.13458251953125,1.0,2.0,1.0,4.0,2.0,95.0,event
11:26:20.354,1.043139,0.2551292,0.93043804,1.0186048,0.9007033,0.09280326,0.45979702,1.0620517,0.96199,0.1334126,0.41848785,0.6707001,0.8128262,0.11379126,-0.16463774,0.659461,0.32423326,-0.41838935,-0.59538,0.0020752505,979.12085,799.41394,868.71796,795.38464,825.2015,0.0770263671875,-0.01910400390625,0.98687744140625,2.385101318359375,-1.57012939453125,-0.13458251953125,1.0,2.0,1.0,4.0,2.0,95.0,event
11:26:20.355,1.043139,0.2551292,0.93043804,1.0186048,0.9007033,0.09280326,0.45979702,1.0620517,0.96199,0.1334126,0.41848785,0.6707001,0.8128262,0.11379126,-0.16463774,0.659461,0.32423326,-0.41838935,-0.59538,0.0020752505,882.8205,794.17584,561.685,784.90845,882.01465,0.0770263671875,-0.01910400390625,0.98687744140625,2.385101318359375,-1.57012939453125,-0.13458251953125,1.0,2.0,1.0,4.0,2.0,95.0,event
11:26:20.355,1.043139,0.2551292,0.93043804,1.0186048,0.9007033,0.09280326,0.45979702,1.0620517,0.96199,0.1334126,0.41848785,0.6707001,0.8128262,0.11379126,-0.16463774,0.659461,0.32423326,-0.41838935,-0.59538,0.0020752505,689.81683,793.7729,809.0842,768.3883,737.76556,0.0770263671875,-0.01910400390625,0.98687744140625,2.385101318359375,-1.57012939453125,-0.13458251953125,1.0,2.0,1.0,4.0,2.0,95.0,event
11:26:20.356,1.043139,0.2551292,0.93043804,1.0186048,0.9007033,0.09280326,0.45979702,1.0620517,0.96199,0.1334126,0.41848785,0.6707001,0.8128262,0.11379126,-0.16463774,0.659461,0.32423326,-0.41838935,-0.59538,0.0020752505,638.6447,793.36993,1010.9524,770.40295,671.685,0.0770263671875,-0.01910400390625,0.98687744140625,2.385101318359375,-1.57012939453125,-0.13458251953125,1.0,2.0,1.0,4.0,2.0,95.0,event
11:26:20.357,1.043139,0.2551292,0.93043804,1.0186048,0.9007033,0.09280326,0.45979702,1.0620517,0.96199,0.1334126,0.41848785,0.6707001,0.8128262,0.11379126,-0.16463774,0.659461,0.32423326,-0.41838935,-0.59538,0.0020752505,772.8205,792.1612,736.9597,780.87915,948.49817,0.0770263671875,-0.01910400390625,0.98687744140625,2.385101318359375,-1.57012939453125,-0.13458251953125,1.0,2.0,1.0,4.0,2.0,95.0,event
11:26:20.357,1.043139,0.2551292,0.93043804,1.0186048,0.9007033,0.09280326,0.45979702,1.0620517,0.96199,0.1334126,0.41848785,0.6707001,0.8128262,0.11379126,-0.16463774,0.659461,0.32423326,-0.41838935,-0.59538,0.0020752505,954.94507,799.41394,535.89746,793.36993,1072.6007,0.0770263671875,-0.01910400390625,0.98687744140625,2.385101318359375,-1.57012939453125,-0.13458251953125,1.0,2.0,1.0,4.0,2.0,95.0,event
11:26:20.358,1.043139,0.2551292,0.93043804,1.0186048,0.9007033,0.09280326,0.45979702,1.0620517,0.96199,0.1334126,0.41848785,0.6707001,0.8128262,0.11379126,-0.16463774,0.659461,0.32423326,-0.41838935,-0.59538,0.0020752505,925.5311,803.44324,884.83514,777.25275,774.0293,0.0770263671875,-0.01910400390625,0.98687744140625,2.385101318359375,-1.57012939453125,-0.13458251953125,1.0,2.0,1.0,4.0,2.0,95.0,event
11:26:20.359,1.043139,0.2551292,0.93043804,1.0186048,0.9007033,0.09280326,0.45979702,1.0620517,0.96199,0.1334126,0.41848785,0.6707001,0.8128262,0.11379126,-0.16463774,0.659461,0.32423326,-0.41838935,-0.59538,0.0020752505,709.9634,799.41394,999.2674,753.47986,645.4945,0.0770263671875,-0.01910400390625,0.98687744140625,2.385101318359375,-1.57012939453125,-0.13458251953125,1.0,2.0,1.0,4.0,2.0,95.0,event
11:26:20.359,1.043139,0.2551292,0.93043804,1.0186048,0.9007033,0.09280326,0.45979702,1.0620517,0.96199,0.1334126,0.41848785,0.6707001,0.8128262,0.11379126,-0.16463774,0.659461,0.32423326,-0.41838935,-0.59538,0.0020752505,623.73627,799.011,689.41394,740.989,764.35895,0.0770263671875,-0.01910400390625,0.98687744140625,2.385101318359375,-1.57012939453125,-0.13458251953125,1.0,2.0,1.0,4.0,2.0,95.0,event
11:26:20.363,1.043139,0.2551292,0.93043804,1.0186048,0.9007033,0.09280326,0.45979702,1.0620517,0.96199,0.1334126,0.41848785,0.6707001,0.8128262,0.11379126,-0.16463774,0.659461,0.32423326,-0.41838935,-0.59538,0.0020752505,755.4945,799.41394,779.67035,734.1392,820.3663,0.0770263671875,-0.01910400390625,0.98687744140625,2.385101318359375,-1.57012939453125,-0.13458251953125,1.0,2.0,1.0,4.0,2.0,95.0,event
11:26:20.364,1.043139,0.2551292,0.93043804,1.0186048,0.9007033,0.09280326,0.45979702,1.0620517,0.96199,0.1334126,0.41848785,0.6707001,0.8128262,0.11379126,-0.16463774,0.659461,0.32423326,-0.41838935,-0.59538,0.0020752505,957.3626,799.011,1134.249,754.2857,707.9487,0.0770263671875,-0.01910400390625,0.98687744140625,2.385101318359375,-1.57012939453125,-0.13458251953125,1.0,2.0,1.0,4.0,2.0,95.0,event
11:26:20.386,1.043139,0.2551292,0.93043804,1.0186048,0.9007033,0.09280326,0.45979702,1.0620517,0.96199,0.1334126,0.41848785,0.6707001,0.8128262,0.11379126,-0.16463774,0.659461,0.32423326,-0.41838935,-0.59538,0.0020752505,948.9011,797.3993,1034.3224,759.12085,723.663,0.0770263671875,-0.01910400390625,0.98687744140625,2.385101318359375,-1.57012939453125,-0.13458251953125,1.0,2.0,1.0,4.0,2.0,95.0,event
11:26:20.387,1.043139,0.2551292,0.93043804,1.0186048,0.9007033,0.09280326,0.45979702,1.0620517,0.96199,0.1334126,0.41848785,0.6707001,0.8128262,0.11379126,-0.16463774,0.659461,0.32423326,-0.41838935,-0.59538,0.0020752505,728.49817,799.81683,834.4689,739.3773,777.25275,0.0770263671875,-0.01910400390625,0.98687744140625,2.385101318359375,-1.57012939453125,-0.13458251953125,1.0,2.0,1.0,4.0,2.0,95.0,event
11:26:20.388,1.043139,0.2551292,0.93043804,1.0186048,0.9007033,0.09280326,0.45979702,1.0620517,0.96199,0.1334126,0.41848785,0.6707001,0.8128262,0.11379126,-0.16463774,0.659461,0.32423326,-0.41838935,-0.59538,0.0020752505,622.9304,805.4579,804.2491,743.4066,727.6923,0.0770263671875,-0.01910400390625,0.98687744140625,2.385101318359375,-1.57012939453125,-0.13458251953125,1.0,2.0,1.0,4.0,2.0,95.0,event
11:26:20.389,1.043139,0.2551292,0.93043804,1.0186048,0.9007033,0.09280326,0.45979702,1.0620517,0.96199,0.1334126,0.41848785,0.6707001,0.8128262,0.11379126,-0.16463774,0.659461,0.32423326,-0.41838935,-0.59538,0.0020752505,728.9011,805.05493,821.5751,767.1795,710.7692,0.0770263671875,-0.01910400390625,0.98687744140625,2.385101318359375,-1.57012939453125,-0.13458251953125,1.0,2.0,1.0,4.0,2.0,95.0,event
11:26:20.389,1.043139,0.2551292,0.93043804,1.0186048,0.9007033,0.09280326,0.45979702,1.0620517,0.96199,0.1334126,0.41848785,0.6707001,0.8128262,0.11379126,-0.16463774,0.659461,0.32423326,-0.41838935,-0.59538,0.0020752505,924.7253,799.81683,971.8681,784.5055,753.8828,0.0770263671875,-0.01910400390625,0.98687744140625,2.385101318359375,-1.57012939453125,-0.13458251953125,1.0,2.0,1.0,4.0,2.0,95.0,event
11:26:20.390,1.043139,0.2551292,0.93043804,1.0186048,0.9007033,0.09280326,0.45979702,1.0620517,0.96199,0.1334126,0.41848785,0.6707001,0.8128262,0.11379126,-0.16463774,0.659461,0.32423326,-0.41838935,-0.59538,0.0020752505,946.08057,801.02563,607.619,784.10254,955.7509,0.0770263671875,-0.01910400390625,0.98687744140625,2.385101318359375,-1.57012939453125,-0.13458251953125,1.0,2.0,1.0,4.0,2.0,95.0,event
11:26:20.391,1.043139,0.2551292,0.93043804,1.0186048,0.9007033,0.09280326,0.45979702,1.0620517,0.96199,0.1334126,0.41848785,0.6707001,0.8128262,0.11379126,-0.16463774,0.659461,0.32423326,-0.41838935,-0.59538,0.0020752505,738.97437,804.2491,357.39926,766.77655,1014.57874,0.0770263671875,-0.01910400390625,0.98687744140625,2.385101318359375,-1.57012939453125,-0.13458251953125,1.0,2.0,1.0,4.0,2.0,95.0,event
11:26:20.392,1.043139,0.2551292,0.93043804,1.0186048,0.9007033,0.09280326,0.45979702,1.0620517,0.96199,0.1334126,0.41848785,0.6707001,0.8128262,0.11379126,-0.16463774,0.659461,0.32423326,-0.41838935,-0.59538,0.0020752505,617.28937,803.44324,773.6264,759.92676,831.6484,0.0770263671875,-0.01910400390625,0.98687744140625,2.385101318359375,-1.57012939453125,-0.13458251953125,1.0,2.0,1.0,4.0,2.0,95.0,event
11:26:20.392,1.043139,0.2551292,0.93043804,1.0186048,0.9007033,0.09280326,0.45979702,1.0620517,0.96199,0.1334126,0.41848785,0.6707001,0.8128262,0.11379126,-0.16463774,0.659461,0.32423326,-0.41838935,-0.59538,0.0020752505,701.9048,798.20514,963.8095,772.8205,796.1905,0.0770263671875,-0.01910400390625,0.98687744140625,2.385101318359375,-1.57012939453125,-0.13458251953125,1.0,2.0,1.0,4.0,2.0,95.0,event
11:26:20.393,1.043139,0.2551292,0.93043804,1.0186048,0.9007033,0.09280326,0.45979702,1.0620517,0.96199,0.1334126,0.41848785,0.6707001,0.8128262,0.11379126,-0.16463774,0.659461,0.32423326,-0.41838935,-0.59538,0.0020752505,908.60803,799.81683,640.2564,780.07324,900.9524,0.0770263671875,-0.01910400390625,0.98687744140625,2.385101318359375,-1.57012939453125,-0.13458251953125,1.0,2.0,1.0,4.0,2.0,95.0,event
11:26:20.394,1.043139,0.2551292,0.93043804,1.0186048,0.9007033,0.09280326,0.45979702,1.0620517,0.96199,0.1334126,0.41848785,0.6707001,0.8128262,0.11379126,-0.16463774,0.659461,0.32423326,-0.41838935,-0.59538,0.0020752505,986.77655,805.05493,752.674,769.19415,801.8315,0.0770263671875,-0.01910400390625,0.98687744140625,2.385101318359375,-1.57012939453125,-0.13458251953125,1.0,2.0,1.0,4.0,2.0,95.0,event
11:26:20.395,1.043139,0.2551292,0.93043804,1.0186048,0.9007033,0.09280326,0.45979702,1.0620517,0.96199,0.1334126,0.41848785,0.6707001,0.8128262,0.11379126,-0.16463774,0.659461,0.32423326,-0.41838935,-0.59538,0.0020752505,803.0403,799.41394,1008.1319,743.8095,632.6007,0.0770263671875,-0.01910400390625,0.98687744140625,2.385101318359375,-1.57012939453125,-0.13458251953125,1.0,2.0,1.0,4.0,2.0,95.0,event
11:26:20.417,1.043139,0.2551292,0.93043804,1.0186048,0.9007033,0.09280326,0.45979702,1.0620517,0.96199,0.1334126,0.41848785,0.6707001,0.8128262,0.11379126,-0.16463774,0.659461,0.32423326,-0.41838935,-0.59538,0.0020752505,626.1539,797.8022,765.56775,734.94507,665.64105,0.07568359375,-0.02581787109375,0.9808349609375,1.727142333984375,-2.639312744140625,-0.7177734375,1.0,2.0,1.0,4.0,2.0,95.0,event
11:26:20.418,1.043139,0.2551292,0.93043804,1.0186048,0.9007033,0.09280326,0.45979702,1.0620517,0.96199,0.1334126,0.41848785,0.6707001,0.8128262,0.11379126,-0.16463774,0.659461,0.32423326,-0.41838935,-0.59538,0.0020752505,686.1905,803.44324,777.25275,747.8388,691.4286,0.07568359375,-0.02581787109375,0.9808349609375,1.727142333984375,-2.639312744140625,-0.7177734375,1.0,2.0,1.0,4.0,2.0,95.0,event
11:26:20.419,1.043139,0.2551292,0.93043804,1.0186048,0.9007033,0.09280326,0.45979702,1.0620517,0.96199,0.1334126,0.41848785,0.6707001,0.8128262,0.11379126,-0.16463774,0.659461,0.32423326,-0.41838935,-0.59538,0.0020752505,901.75824,805.8608,1068.1685,776.8498,698.2784,0.07568359375,-0.02581787109375,0.9808349609375,1.727142333984375,-2.639312744140625,-0.7177734375,1.0,2.0,1.0,4.0,2.0,95.0,event
11:26:20.420,1.043139,0.2551292,0.93043804,1.0186048,0.9007033,0.09280326,0.45979702,1.0620517,0.96199,0.1334126,0.41848785,0.6707001,0.8128262,0.11379126,-0.16463774,0.659461,0.32423326,-0.41838935,-0.59538,0.0020752505,814.7253,794.57874,781.28204,758.71796,732.52747,0.07568359375,-0.02581787109375,0.9808349609375,1.727142333984375,-2.639312744140625,-0.7177734375,1.0,2.0,1.0,4.0,2.0,95.0,event
11:26:20.420,1.043139,0.2551292,0.93043804,1.0186048,0.9007033,0.09280326,0.45979702,1.0620517,0.96199,0.1334126,0.41848785,0.6707001,0.8128262,0.11379126,-0.16463774,0.659461,0.32423326,-0.41838935,-0.59538,0.0020752505,985.9707,799.41394,1093.1501,779.67035,700.293,0.07568359375,-0.02581787109375,0.9808349609375,1.727142333984375,-2.639312744140625,-0.7177734375,1.0,2.0,1.0,4.0,2.0,95.0,event
11:26:20.421,1.043139,0.2551292,0.93043804,1.0186048,0.9007033,0.09280326,0.45979702,1.0620517,0.96199,0.1334126,0.41848785,0.6707001,0.8128262,0.11379126,-0.16463774,0.659461,0.32423326,-0.41838935,-0.59538,0.0020752505,633.00366,797.8022,526.63007,761.13556,785.7143,0.07568359375,-0.02581787109375,0.9808349609375,1.727142333984375,-2.639312744140625,-0.7177734375,1.0,2.0,1.0,4.0,2.0,95.0,event
11:26:20.422,1.043139,0.2551292,0.93043804,1.0186048,0.9007033,0.09280326,0.45979702,1.0620517,0.96199,0.1334126,0.41848785,0.6707001,0.8128262,0.11379126,-0.16463774,0.659461,0.32423326,-0.41838935,-0.59538,0.0020752505,670.87915,797.8022,670.4762,784.5055,782.8938,0.07568359375,-0.02581787109375,0.9808349609375,1.727142333984375,-2.639312744140625,-0.7177734375,1.0,2.0,1.0,4.0,2.0,95.0,event
11:26:20.423,1.043139,0.2551292,0.93043804,1.0186048,0.9007033,0.09280326,0.45979702,1.0620517,0.96199,0.1334126,0.41848785,0.6707001,0.8128262,0.11379126,-0.16463774,0.659461,0.32423326,-0.41838935,-0.59538,0.0020752505,856.63007,793.7729,848.5714,815.5311,776.04395,0.07568359375,-0.02581787109375,0.9808349609375,1.727142333984375,-2.639312744140625,-0.7177734375,1.0,2.0,1.0,4.0,2.0,95.0,event
11:26:20.425,1.043139,0.2551292,0.93043804,1.0186048,0.9007033,0.09280326,0.45979702,1.0620517,0.96199,0.1334126,0.41848785,0.6707001,0.8128262,0.11379126,-0.16463774,0.659461,0.32423326,-0.41838935,-0.59538,0.0020752505,943.2601,795.38464,633.8095,834.4689,934.3956,0.07568359375,-0.02581787109375,0.9808349609375,1.727142333984375,-2.639312744140625,-0.7177734375,1.0,2.0,1.0,4.0,2.0,95.0,event
11:26:20.425,1.043139,0.2551292,0.93043804,1.0186048,0.9007033,0.09280326,0.45979702,1.0620517,0.96199,0.1334126,0.41848785,0.6707001,0.8128262,0.11379126,-0.16463774,0.659461,0.32423326,-0.41838935,-0.59538,0.0020752505,803.8461,801.4286,159.15752,814.3223,1039.1575,0.07568359375,-0.02581787109375,0.9808349609375,1.727142333984375,-2.639312744140625,-0.7177734375,1.0,2.0,1.0,4.0,2.0,95.0,event
11:26:20.426,1.043139,0.2551292,0.93043804,1.0186048,0.9007033,0.09280326,0.45979702,1.0620517,0.96199,0.1334126,0.41848785,0.6707001,0.8128262,0.11379126,-0.16463774,0.659461,0.32423326,-0.41838935,-0.59538,0.0020752505,634.61536,805.4579,505.67764,801.02563,753.8828,0.07568359375,-0.02581787109375,0.9808349609375,1.727142333984375,-2.639312744140625,-0.7177734375,1.0,2.0,1.0,4.0,2.0,95.0,event
11:26:20.427,1.043139,0.2551292,0.93043804,1.0186048,0.9007033,0.09280326,0.45979702,1.0620517,0.96199,0.1334126,0.41848785,0.6707001,0.8128262,0.11379126,-0.16463774,0.659461,0.32423326,-0.41838935,-0.59538,0.0020752505,649.92676,802.6374,1020.2198,821.1722,726.8865,0.07568359375,-0.02581787109375,0.9808349609375,1.727142333984375,-2.639312744140625,-0.7177734375,1.0,2.0,1.0,4.0,2.0,95.0,event
11:26:20.452,1.043139,0.2551292,0.93043804,1.0186048,0.9007033,0.09280326,0.45979702,1.0620517,0.96199,0.1334126,0.41848785,0.6707001,0.8128262,0.11379126,-0.16463774,0.659461,0.32423326,-0.41838935,-0.59538,0.0020752505,836.8865,799.41394,1022.6374,842.52747,838.0952,0.07421875,-0.0252685546875,0.9830322265625,1.9439697265625,-2.579498291015625,-0.306549072265625,1.0,2.0,1.0,4.0,2.0,95.0,event
11:26:20.454,1.043139,0.2551292,0.93043804,1.0186048,0.9007033,0.09280326,0.45979702,1.0620517,0.96199,0.1334126,0.41848785,0.6707001,0.8128262,0.11379126,-0.16463774,0.659461,0.32423326,-0.41838935,-0.59538,0.0020752505,978.315,796.5934,1045.6044,842.52747,778.0586,0.07421875,-0.0252685546875,0.9830322265625,1.9439697265625,-2.579498291015625,-0.306549072265625,1.0,2.0,1.0,4.0,2.0,95.0,event
11:26:20.455,1.043139,0.2551292,0.93043804,1.0186048,0.9007033,0.09280326,0.45979702,1.0620517,0.96199,0.1334126,0.41848785,0.6707001,0.8128262,0.11379126,-0.16463774,0.659461,0.32423326,-0.41838935,-0.59538,0.0020752505,861.8681,795.38464,1085.4945,823.5897,747.8388,0.07421875,-0.0252685546875,0.9830322265625,1.9439697265625,-2.579498291015625,-0.306549072265625,1.0,2.0,1.0,4.0,2.0,95.0,event
11:26:20.455,1.043139,0.2551292,0.93043804,1.0186048,0.9007033,0.09280326,0.45979702,1.0620517,0.96199,0.1334126,0.41848785,0.6707001,0.8128262,0.11379126,-0.16463774,0.659461,0.32423326,-0.41838935,-0.59538,0.0020752505,650.7326,799.41394,908.60803,813.5165,746.63007,0.07421875,-0.0252685546875,0.9830322265625,1.9439697265625,-2.579498291015625,-0.306549072265625,1.0,2.0,1.0,4.0,2.0,95.0,event
11:26:20.456,1.043139,0.2551292,0.93043804,1.0186048,0.9007033,0.09280326,0.45979702,1.0620517,0.96199,0.1334126,0.41848785,0.6707001,0.8128262,0.11379126,-0.16463774,0.659461,0.32423326,-0.41838935,-0.59538,0.0020752505,788.1319,792.5641,829.6337,826.4103,851.39197,0.07421875,-0.0252685546875,0.9830322265625,1.9439697265625,-2.579498291015625,-0.306549072265625,1.0,2.0,1.0,4.0,2.0,95.0,event
11:26:20.456,1.043139,0.2551292,0.93043804,1.0186048,0.9007033,0.09280326,0.45979702,1.0620517,0.96199,0.1334126,0.41848785,0.6707001,0.8128262,0.11379126,-0.16463774,0.659461,0.32423326,-0.41838935,-0.59538,0.0020752505,624.5421,796.5934,790.54944,814.3223,765.56775,0.07421875,-0.0252685546875,0.9830322265625,1.9439697265625,-2.579498291015625,-0.306549072265625,1.0,2.0,1.0,4.0,2.0,95.0,event
11:26:20.457,1.043139,0.2551292,0.93043804,1.0186048,0.9007033,0.09280326,0.45979702,1.0620517,0.96199,0.1334126,0.41848785,0.6707001,0.8128262,0.11379126,-0.16463774,0.659461,0.32423326,-0.41838935,-0.59538,0.0020752505,934.7985,799.81683,827.619,834.87177,856.63007,0.07421875,-0.0252685546875,0.9830322265625,1.9439697265625,-2.579498291015625,-0.306549072265625,1.0,2.0,1.0,4.0,2.0,95.0,event
11:26:20.458,1.043139,0.2551292,0.93043804,1.0186048,0.9007033,0.09280326,0.45979702,1.0620517,0.96199,0.1334126,0.41848785,0.6707001,0.8128262,0.11379126,-0.16463774,0.659461,0.32423326,-0.41838935,-0.59538,0.0020752505,859.45056,799.81683,875.16486,809.0842,791.75824,0.07421875,-0.0252685546875,0.9830322265625,1.9439697265625,-2.579498291015625,-0.306549072265625,1.0,2.0,1.0,4.0,2.0,95.0,event
11:26:20.458,1.043139,0.2551292,0.93043804,1.0186048,0.9007033,0.09280326,0.45979702,1.0620517,0.96199,0.1334126,0.41848785,0.6707001,0.8128262,0.11379126,-0.16463774,0.659461,0.32423326,-0.41838935,-0.59538,0.0020752505,639.85345,797.3993,394.06595,783.69965,995.64105,0.07421875,-0.0252685546875,0.9830322265625,1.9439697265625,-2.579498291015625,-0.306549072265625,1.0,2.0,1.0,4.0,2.0,95.0,event
11:26:20.459,1.043139,0.2551292,0.93043804,1.0186048,0.9007033,0.09280326,0.45979702,1.0620517,0.96199,0.1334126,0.41848785,0.6707001,0.8128262,0.11379126,-0.16463774,0.659461,0.32423326,-0.41838935,-0.59538,0.0020752505,588.68134,801.8315,363.04028,781.28204,978.315,0.07421875,-0.0252685546875,0.9830322265625,1.9439697265625,-2.579498291015625,-0.306549072265625,1.0,2.0,1.0,4.0,2.0,95.0,event
11:26:20.460,1.043139,0.2551292,0.93043804,1.0186048,0.9007033,0.09280326,0.45979702,1.0620517,0.96199,0.1334126,0.41848785,0.6707001,0.8128262,0.11379126,-0.16463774,0.659461,0.32423326,-0.41838935,-0.59538,0.0020752505,763.5531,799.41394,1085.4945,784.5055,768.7912,0.07421875,-0.0252685546875,0.9830322265625,1.9439697265625,-2.579498291015625,-0.306549072265625,1.0,2.0,1.0,4.0,2.0,95.0,event
11:26:20.461,1.043139,0.2551292,0.93043804,1.0186048,0.9007033,0.09280326,0.45979702,1.0620517,0.96199,0.1334126,0.41848785,0.6707001,0.8128262,0.11379126,-0.16463774,0.659461,0.32423326,-0.41838935,-0.59538,0.0020752505,928.3516,792.1612,1059.7069,786.9231,869.5238,0.07421875,-0.0252685546875,0.9830322265625,1.9439697265625,-2.579498291015625,-0.306549072265625,1.0,2.0,1.0,4.0,2.0,95.0,event
11:26:20.496,1.043139,0.2551292,0.93043804,1.0186048,0.9007033,0.09280326,0.45979702,1.0620517,0.96199,0.1334126,0.41848785,0.6707001,0.8128262,0.11379126,-0.16463774,0.659461,0.32423326,-0.41838935,-0.59538,0.0020752505,863.0769,792.96704,623.3333,786.1172,903.36993,0.0780029296875,-0.0260009765625,0.98284912109375,1.7645263671875,-3.357086181640625,-0.76263427734375,1.0,2.0,1.0,4.0,2.0,95.0,event
11:26:20.497,1.043139,0.2551292,0.93043804,1.0186048,0.9007033,0.09280326,0.45979702,1.0620517,0.96199,0.1334126,0.41848785,0.6707001,0.8128262,0.11379126,-0.16463774,0.659461,0.32423326,-0.41838935,-0.59538,0.0020752505,660.0,801.4286,736.55676,776.4469,701.9048,0.0780029296875,-0.0260009765625,0.98284912109375,1.7645263671875,-3.357086181640625,-0.76263427734375,1.0,2.0,1.0,4.0,2.0,95.0,event
11:26:20.498,1.043139,0.2551292,0.93043804,1.0186048,0.9007033,0.09280326,0.45979702,1.0620517,0.96199,0.1334126,0.41848785,0.6707001,0.8128262,0.11379126,-0.16463774,0.659461,0.32423326,-0.41838935,-0.59538,0.0020752505,582.6374,801.4286,899.7436,765.56775,579.011,0.0780029296875,-0.0260009765625,0.98284912109375,1.7645263671875,-3.357086181640625,-0.76263427734375,1.0,2.0,1.0,4.0,2.0,95.0,event
11:26:20.499,1.043139,0.2551292,0.93043804,1.0186048,0.9007033,0.09280326,0.45979702,1.0620517,0.96199,0.1334126,0.41848785,0.6707001,0.8128262,0.11379126,-0.16463774,0.659461,0.32423326,-0.41838935,-0.59538,0.0020752505,707.1429,797.3993,840.5128,767.5824,671.685,0.0780029296875,-0.0260009765625,0.98284912109375,1.7645263671875,-3.357086181640625,-0.76263427734375,1.0,2.0,1.0,4.0,2.0,95.0,event
11:26:20.500,1.043139,0.2551292,0.93043804,1.0186048,0.9007033,0.09280326,0.45979702,1.0620517,0.96199,0.1334126,0.41848785,0.6707001,0.8128262,0.11379126,-0.16463774,0.659461,0.32423326,-0.41838935,-0.59538,0.0020752505,884.83514,797.3993,863.8828,779.2674,775.64105,0.0780029296875,-0.0260009765625,0.98284912109375,1.7645263671875,-3.357086181640625,-0.76263427734375,1.0,2.0,1.0,4.0,2.0,95.0,event
11:26:20.502,1.043139,0.2551292,0.93043804,1.0186048,0.9007033,0.09280326,0.45979702,1.0620517,0.96199,0.1334126,0.41848785,0.6707001,0.8128262,0.11379126,-0.16463774,0.659461,0.32423326,-0.41838935,-0.59538,0.0020752505,851.79486,797.3993,775.64105,772.4176,794.9817,0.0780029296875,-0.0260009765625,0.98284912109375,1.7645263671875,-3.357086181640625,-0.76263427734375,1.0,2.0,1.0,4.0,2.0,95.0,event
11:26:20.503,1.043139,0.2551292,0.93043804,1.0186048,0.9007033,0.09280326,0.45979702,1.0620517,0.96199,0.1334126,0.41848785,0.6707001,0.8128262,0.11379126,-0.16463774,0.659461,0.32423326,-0.41838935,-0.59538,0.0020752505,653.95605,799.41394,598.3516,753.47986,709.9634,0.0780029296875,-0.0260009765625,0.98284912109375,1.7645263671875,-3.357086181640625,-0.76263427734375,1.0,2.0,1.0,4.0,2.0,95.0,event
11:26:20.504,1.043139,0.2551292,0.93043804,1.0186048,0.9007033,0.09280326,0.45979702,1.0620517,0.96199,0.1334126,0.41848785,0.6707001,0.8128262,0.11379126,-0.16463774,0.659461,0.32423326,-0.41838935,-0.59538,0.0020752505,555.64105,798.60803,413.8095,758.315,850.58606,0.0780029296875,-0.0260009765625,0.98284912109375,1.7645263671875,-3.357086181640625,-0.76263427734375,1.0,2.0,1.0,4.0,2.0,95.0,event
11:26:20.504,1.043139,0.2551292,0.93043804,1.0186048,0.9007033,0.09280326,0.45979702,1.0620517,0.96199,0.1334126,0.41848785,0.6707001,0.8128262,0.11379126,-0.16463774,0.659461,0.32423326,-0.41838935,-0.59538,0.0020752505,649.5238,796.99634,368.6813,765.56775,955.34796,0.0780029296875,-0.0260009765625,0.98284912109375,1.7645263671875,-3.357086181640625,-0.76263427734375,1.0,2.0,1.0,4.0,2.0,95.0,event
11:26:20.505,1.043139,0.2551292,0.93043804,1.0186048,0.9007033,0.09280326,0.45979702,1.0620517,0.96199,0.1334126,0.41848785,0.6707001,0.8128262,0.11379126,-0.16463774,0.659461,0.32423326,-0.41838935,-0.59538,0.0020752505,861.8681,797.8022,917.8755,774.0293,768.3883,0.0780029296875,-0.0260009765625,0.98284912109375,1.7645263671875,-3.357086181640625,-0.76263427734375,1.0,2.0,1.0,4.0,2.0,95.0,event
11:26:20.506,1.043139,0.2551292,0.93043804,1.0186048,0.9007033,0.09280326,0.45979702,1.0620517,0.96199,0.1334126,0.41848785,0.6707001,0.8128262,0.11379126,-0.16463774,0.659461,0.32423326,-0.41838935,-0.59538,0.0020752505,886.8498,802.23444,1067.3627,773.22345,751.4652,0.0780029296875,-0.0260009765625,0.98284912109375,1.7645263671875,-3.357086181640625,-0.76263427734375,1.0,2.0,1.0,4.0,2.0,95.0,event
11:26:20.507,1.043139,0.2551292,0.93043804,1.0186048,0.9007033,0.09280326,0.45979702,1.0620517,0.96199,0.1334126,0.41848785,0.6707001,0.8128262,0.11379126,-0.16463774,0.659461,0.32423326,-0.41838935,-0.59538,0.0020752505,668.86444,803.44324,781.28204,758.71796,738.97437,0.0780029296875,-0.0260009765625,0.98284912109375,1.7645263671875,-3.357086181640625,-0.76263427734375,1.0,2.0,1.0,4.0,2.0,95.0,event
11:26:20.544,1.043139,0.2551292,0.93043804,1.0186048,0.9007033,0.09280326,0.45979702,1.0620517,0.96199,0.1334126,0.41848785,0.6707001,0.8128262,0.11379126,-0.16463774,0.659461,0.32423326,-0.41838935,-0.59538,0.0020752505,541.53845,796.5934,652.74725,763.95605,751.06226,0.082763671875,-0.02471923828125,0.98345947265625,2.04864501953125,-3.117828369140625,-0.441131591796875,1.0,2.0,1.0,4.0,2.0,95.0,event
11:26:20.545,1.043139,0.2551292,0.93043804,1.0186048,0.9007033,0.09280326,0.45979702,1.0620517,0.96199,0.1334126,0.41848785,0.6707001,0.8128262,0.11379126,-0.16463774,0.659461,0.32423326,-0.41838935,-0.59538,0.0020752505,626.9597,795.78754,866.7033,776.04395,752.674,0.082763671875,-0.02471923828125,0.98345947265625,2.04864501953125,-3.117828369140625,-0.441131591796875,1.0,2.0,1.0,4.0,2.0,95.0,event
11:26:20.549,1.043139,0.2551292,0.93043804,1.0186048,0.9007033,0.09280326,0.45979702,1.0620517,0.96199,0.1334126,0.41848785,0.6707001,0.8128262,0.11379126,-0.16463774,0.659461,0.32423326,-0.41838935,-0.59538,0.0020752505,819.15753,801.02563,1050.4396,791.75824,741.79486,0.082763671875,-0.02471923828125,0.98345947265625,2.04864501953125,-3.117828369140625,-0.441131591796875,1.0,2.0,1.0,4.0,2.0,95.0,event
11:26:20.550,1.043139,0.2551292,0.93043804,1.0186048,0.9007033,0.09280326,0.45979702,1.0620517,0.96199,0.1334126,0.41848785,0.6707001,0.8128262,0.11379126,-0.16463774,0.659461,0.32423326,-0.41838935,-0.59538,0.0020752505,679.7436,803.44324,623.73627,782.0879,751.4652,0.082763671875,-0.02471923828125,0.98345947265625,2.04864501953125,-3.117828369140625,-0.441131591796875,1.0,2.0,1.0,4.0,2.0,95.0,event
11:26:20.550,1.043139,0.2551292,0.93043804,1.0186048,0.9007033,0.09280326,0.45979702,1.0620517,0.96199,0.1334126,0.41848785,0.6707001,0.8128262,0.11379126,-0.16463774,0.659461,0.32423326,-0.41838935,-0.59538,0.0020752505,870.32965,802.6374,746.63007,797.8022,813.5165,0.082763671875,-0.02471923828125,0.98345947265625,2.04864501953125,-3.117828369140625,-0.441131591796875,1.0,2.0,1.0,4.0,2.0,95.0,event
11:26:20.551,1.043139,0.2551292,0.93043804,1.0186048,0.9007033,0.09280326,0.45979702,1.0620517,0.96199,0.1334126,0.41848785,0.6707001,0.8128262,0.11379126,-0.16463774,0.659461,0.32423326,-0.41838935,-0.59538,0.0020752505,528.24176,805.05493,691.4286,772.4176,767.98535,0.082763671875,-0.02471923828125,0.98345947265625,2.04864501953125,-3.117828369140625,-0.441131591796875,1.0,2.0,1.0,4.0,2.0,95.0,event
11:26:20.552,1.043139,0.2551292,0.93043804,1.0186048,0.9007033,0.09280326,0.45979702,1.0620517,0.96199,0.1334126,0.41848785,0.6707001,0.8128262,0.11379126,-0.16463774,0.659461,0.32423326,-0.41838935,-0.59538,0.0020752505,792.96704,802.23444,385.6044,806.26373,944.87177,0.082763671875,-0.02471923828125,0.98345947265625,2.04864501953125,-3.117828369140625,-0.441131591796875,1.0,2.0,1.0,4.0,2.0,95.0,event
11:26:20.552,1.043139,0.2551292,0.93043804,1.0186048,0.9007033,0.09280326,0.45979702,1.0620517,0.96199,0.1334126,0.41848785,0.6707001,0.8128262,0.11379126,-0.16463774,0.659461,0.32423326,-0.41838935,-0.59538,0.0020752505,590.293,804.65204,716.8132,780.4762,815.9341,0.082763671875,-0.02471923828125,0.98345947265625,2.04864501953125,-3.117828369140625,-0.441131591796875,1.0,2.0,1.0,4.0,2.0,95.0,event
11:26:20.553,1.043139,0.2551292,0.93043804,1.0186048,0.9007033,0.09280326,0.45979702,1.0620517,0.96199,0.1334126,0.41848785,0.6707001,0.8128262,0.11379126,-0.16463774,0.659461,0.32423326,-0.41838935,-0.59538,0.0020752505,881.2088,803.8461,506.0806,819.15753,929.9634,0.082763671875,-0.02471923828125,0.98345947265625,2.04864501953125,-3.117828369140625,-0.441131591796875,1.0,2.0,1.0,4.0,2.0,95.0,event
11:26:20.553,1.043139,0.2551292,0.93043804,1.0186048,0.9007033,0.09280326,0.45979702,1.0620517,0.96199,0.1334126,0.41848785,0.6707001,0.8128262,0.11379126,-0.16463774,0.659461,0.32423326,-0.41838935,-0.59538,0.0020752505,716.0073,801.02563,931.1722,790.54944,711.5751,0.082763671875,-0.02471923828125,0.98345947265625,2.04864501953125,-3.117828369140625,-0.441131591796875,1.0,2.0,1.0,4.0,2.0,95.0,event
11:26:20.554,1.043139,0.2551292,0.93043804,1.0186048,0.9007033,0.09280326,0.45979702,1.0620517,0.96199,0.1334126,0.41848785,0.6707001,0.8128262,0.11379126,-0.16463774,0.659461,0.32423326,-0.41838935,-0.59538,0.0020752505,544.35895,799.81683,733.3333,780.87915,772.4176,0.082763671875,-0.02471923828125,0.98345947265625,2.04864501953125,-3.117828369140625,-0.441131591796875,1.0,2.0,1.0,4.0,2.0,95.0,event
11:26:20.555,1.043139,0.2551292,0.93043804,1.0186048,0.9007033,0.09280326,0.45979702,1.0620517,0.96199,0.1334126,0.41848785,0.6707001,0.8128262,0.11379126,-0.16463774,0.659461,0.32423326,-0.41838935,-0.59538,0.0020752505,583.44324,801.4286,718.8278,804.65204,819.5604,0.082763671875,-0.02471923828125,0.98345947265625,2.04864501953125,-3.117828369140625,-0.441131591796875,1.0,2.0,1.0,4.0,2.0,95.0,event
11:26:20.596,1.043139,0.2551292,0.93043804,1.0186048,0.9007033,0.09280326,0.45979702,1.0620517,0.96199,0.1334126,0.41848785,0.6707001,0.8128262,0.11379126,-0.16463774,0.659461,0.32423326,-0.41838935,-0.59538,0.0020752505,790.54944,799.011,967.03296,820.7692,722.4542,0.082763671875,-0.02471923828125,0.98345947265625,2.04864501953125,-3.117828369140625,-0.441131591796875,1.0,2.0,1.0,4.0,2.0,95.0,event
11:26:20.597,1.043139,0.2551292,0.93043804,1.0186048,0.9007033,0.09280326,0.45979702,1.0620517,0.96199,0.1334126,0.41848785,0.6707001,0.8128262,0.11379126,-0.16463774,0.659461,0.32423326,-0.41838935,-0.59538,0.0020752505,886.8498,796.99634,1050.0366,816.7399,708.3516,0.082763671875,-0.02471923828125,0.98345947265625,2.04864501953125,-3.117828369140625,-0.441131591796875,1.0,2.0,1.0,4.0,2.0,95.0,event
11:26:20.598,1.043139,0.2551292,0.93043804,1.0186048,0.9007033,0.09280326,0.45979702,1.0620517,0.96199,0.1334126,0.41848785,0.6707001,0.8128262,0.11379126,-0.16463774,0.659461,0.32423326,-0.41838935,-0.59538,0.0020752505,742.1978,799.81683,776.04395,803.44324,807.47253,0.082763671875,-0.02471923828125,0.98345947265625,2.04864501953125,-3.117828369140625,-0.441131591796875,1.0,2.0,1.0,4.0,2.0,95.0,event
11:26:20.598,1.043139,0.2551292,0.93043804,1.0186048,0.9007033,0.09280326,0.45979702,1.0620517,0.96199,0.1334126,0.41848785,0.6707001,0.8128262,0.11379126,-0.16463774,0.659461,0.32423326,-0.41838935,-0.59538,0.0020752505,560.07324,800.6227,471.02563,785.7143,857.8388,0.082763671875,-0.02471923828125,0.98345947265625,2.04864501953125,-3.117828369140625,-0.441131591796875,1.0,2.0,1.0,4.0,2.0,95.0,event
11:26:20.599,1.043139,0.2551292,0.93043804,1.0186048,0.9007033,0.09280326,0.45979702,1.0620517,0.96199,0.1334126,0.41848785,0.6707001,0.8128262,0.11379126,-0.16463774,0.659461,0.32423326,-0.41838935,-0.59538,0.0020752505,566.1172,799.011,677.326,797.3993,779.67035,0.082763671875,-0.02471923828125,0.98345947265625,2.04864501953125,-3.117828369140625,-0.441131591796875,1.0,2.0,1.0,4.0,2.0,95.0,event
11:26:20.600,1.043139,0.2551292,0.93043804,1.0186048,0.9007033,0.09280326,0.45979702,1.0620517,0.96199,0.1334126,0.41848785,0.6707001,0.8128262,0.11379126,-0.16463774,0.659461,0.32423326,-0.41838935,-0.59538,0.0020752505,888.0586,797.8022,539.12085,821.978,958.1685,0.082763671875,-0.02471923828125,0.98345947265625,2.04864501953125,-3.117828369140625,-0.441131591796875,1.0,2.0,1.0,4.0,2.0,95.0,event
11:26:20.600,1.043139,0.2551292,0.93043804,1.0186048,0.9007033,0.09280326,0.45979702,1.0620517,0.96199,0.1334126,0.41848785,0.6707001,0.8128262,0.11379126,-0.16463774,0.659461,0.32423326,-0.41838935,-0.59538,0.0020752505,762.3443,798.60803,831.6484,822.381,782.0879,0.082763671875,-0.02471923828125,0.98345947265625,2.04864501953125,-3.117828369140625,-0.441131591796875,1.0,2.0,1.0,4.0,2.0,95.0,event
11:26:20.601,1.043139,0.2551292,0.93043804,1.0186048,0.9007033,0.09280326,0.45979702,1.0620517,0.96199,0.1334126,0.41848785,0.6707001,0.8128262,0.11379126,-0.16463774,0.659461,0.32423326,-0.41838935,-0.59538,0.0020752505,771.6117,796.99634,60.43956,813.91943,1093.1501,0.082763671875,-0.02471923828125,0.98345947265625,2.04864501953125,-3.117828369140625,-0.441131591796875,1.0,2.0,1.0,4.0,2.0,95.0,event
11:26:20.602,1.043139,0.2551292,0.93043804,1.0186048,0.9007033,0.09280326,0.45979702,1.0620517,0.96199,0.1334126,0.41848785,0.6707001,0.8128262,0.11379126,-0.16463774,0.659461,0.32423326,-0.41838935,-0.59538,0.0020752505,585.4579,799.81683,396.88644,800.6227,822.7839,0.082763671875,-0.02471923828125,0.98345947265625,2.04864501953125,-3.117828369140625,-0.441131591796875,1.0,2.0,1.0,4.0,2.0,95.0,event
11:26:20.603,1.043139,0.2551292,0.93043804,1.0186048,0.9007033,0.09280326,0.45979702,1.0620517,0.96199,0.1334126,0.41848785,0.6707001,0.8128262,0.11379126,-0.16463774,0.659461,0.32423326,-0.41838935,-0.59538,0.0020752505,563.2967,799.81683,869.12085,799.41394,628.5714,0.082763671875,-0.02471923828125,0.98345947265625,2.04864501953125,-3.117828369140625,-0.441131591796875,1.0,2.0,1.0,4.0,2.0,95.0,event
11:26:20.603,1.043139,0.2551292,0.93043804,1.0186048,0.9007033,0.09280326,0.45979702,1.0620517,0.96199,0.1334126,0.41848785,0.6707001,0.8128262,0.11379126,-0.16463774,0.659461,0.32423326,-0.41838935,-0.59538,0.0020752505,746.63007,802.6374,828.022,818.3516,727.28937,0.082763671875,-0.02471923828125,0.98345947265625,2.04864501953125,-3.117828369140625,-0.441131591796875,1.0,2.0,1.0,4.0,2.0,95.0,event
11:26:20.604,1.043139,0.2551292,0.93043804,1.0186048,0.9007033,0.09280326,0.45979702,1.0620517,0.96199,0.1334126,0.41848785,0.6707001,0.8128262,0.11379126,-0.16463774,0.659461,0.32423326,-0.41838935,-0.59538,0.0020752505,906.5934,806.26373,871.53845,820.3663,714.7985,0.082763671875,-0.02471923828125,0.98345947265625,2.04864501953125,-3.117828369140625,-0.441131591796875,1.0,2.0,1.0,4.0,2.0,95.0,event
11:26:20.651,1.043139,0.2551292,0.93043804,1.0186048,0.9007033,0.09280326,0.45979702,1.0620517,0.96199,0.1334126,0.41848785,0.6707001,0.8128262,0.11379126,-0.16463774,0.659461,0.32423326,-0.41838935,-0.59538,0.0020752505,821.5751,801.8315,895.7143,798.20514,680.14655,0.07855224609375,-0.027099609375,0.974365234375,2.5421142578125,-3.386993408203125,0.4486083984375,1.0,2.0,1.0,4.0,2.0,95.0,event
11:26:20.653,1.043139,0.2551292,0.93043804,1.0186048,0.9007033,0.09280326,0.45979702,1.0620517,0.96199,0.1334126,0.41848785,0.6707001,0.8128262,0.11379126,-0.16463774,0.659461,0.32423326,-0.41838935,-0.59538,0.0020752505,625.7509,800.6227,749.0476,792.1612,688.60803,0.07855224609375,-0.027099609375,0.974365234375,2.5421142578125,-3.386993408203125,0.4486083984375,1.0,2.0,1.0,4.0,2.0,95.0,event
11:26:20.654,1.043139,0.2551292,0.93043804,1.0186048,0.9007033,0.09280326,0.45979702,1.0620517,0.96199,0.1334126,0.41848785,0.6707001,0.8128262,0.11379126,-0.16463774,0.659461,0.32423326,-0.41838935,-0.59538,0.0020752505,575.78754,805.8608,664.83514,805.05493,687.8022,0.07855224609375,-0.027099609375,0.974365234375,2.5421142578125,-3.386993408203125,0.4486083984375,1.0,2.0,1.0,4.0,2.0,95.0,event
11:26:20.656,1.043139,0.2551292,0.93043804,1.0186048,0.9007033,0.09280326,0.45979702,1.0620517,0.96199,0.1334126,0.41848785,0.6707001,0.8128262,0.11379126,-0.16463774,0.659461,0.32423326,-0.41838935,-0.59538,0.0020752505,737.76556,807.0696,836.8865,817.9487,695.8608,0.07855224609375,-0.027099609375,0.974365234375,2.5421142578125,-3.386993408203125,0.4486083984375,1.0,2.0,1.0,4.0,2.0,95.0,event
11:26:20.661,1.043139,0.2551292,0.93043804,1.0186048,0.9007033,0.09280326,0.45979702,1.0620517,0.96199,0.1334126,0.41848785,0.6707001,0.8128262,0.11379126,-0.16463774,0.659461,0.32423326,-0.41838935,-0.59538,0.0020752505,916.6667,803.0403,964.61536,834.87177,730.5128,0.07855224609375,-0.027099609375,0.974365234375,2.5421142578125,-3.386993408203125,0.4486083984375,1.0,2.0,1.0,4.0,2.0,95.0,event
11:26:20.661,1.043139,0.2551292,0.93043804,1.0186048,0.9007033,0.09280326,0.45979702,1.0620517,0.96199,0.1334126,0.41848785,0.6707001,0.8128262,0.11379126,-0.16463774,0.659461,0.32423326,-0.41838935,-0.59538,0.0020752505,850.58606,802.23444,726.8865,819.9634,841.31866,0.07855224609375,-0.027099609375,0.974365234375,2.5421142578125,-3.386993408203125,0.4486083984375,1.0,2.0,1.0,4.0,2.0,95.0,event
11:26:20.663,1.043139,0.2551292,0.93043804,1.0186048,0.9007033,0.09280326,0.45979702,1.0620517,0.96199,0.1334126,0.41848785,0.6707001,0.8128262,0.11379126,-0.16463774,0.659461,0.32423326,-0.41838935,-0.59538,0.0020752505,578.60803,807.47253,275.6044,785.31134,873.5531,0.07855224609375,-0.027099609375,0.974365234375,2.5421142578125,-3.386993408203125,0.4486083984375,1.0,2.0,1.0,4.0,2.0,95.0,event
11:26:20.663,1.043139,0.2551292,0.93043804,1.0186048,0.9007033,0.09280326,0.45979702,1.0620517,0.96199,0.1334126,0.41848785,0.6707001,0.8128262,0.11379126,-0.16463774,0.659461,0.32423326,-0.41838935,-0.59538,0.0020752505,641.06226,802.23444,223.62637,790.54944,985.56775,0.07855224609375,-0.027099609375,0.974365234375,2.5421142578125,-3.386993408203125,0.4486083984375,1.0,2.0,1.0,4.0,2.0,95.0,event
11:26:20.664,1.043139,0.2551292,0.93043804,1.0186048,0.9007033,0.09280326,0.45979702,1.0620517,0.96199,0.1334126,0.41848785,0.6707001,0.8128262,0.11379126,-0.16463774,0.659461,0.32423326,-0.41838935,-0.59538,0.0020752505,734.94507,810.293,836.4835,797.8022,677.326,0.07855224609375,-0.027099609375,0.974365234375,2.5421142578125,-3.386993408203125,0.4486083984375,1.0,2.0,1.0,4.0,2.0,95.0,event
11:26:20.665,1.043139,0.2551292,0.93043804,1.0186048,0.9007033,0.09280326,0.45979702,1.0620517,0.96199,0.1334126,0.41848785,0.6707001,0.8128262,0.11379126,-0.16463774,0.659461,0.32423326,-0.41838935,-0.59538,0.0020752505,928.3516,805.4579,888.86444,817.5458,770.0,0.07855224609375,-0.027099609375,0.974365234375,2.5421142578125,-3.386993408203125,0.4486083984375,1.0,2.0,1.0,4.0,2.0,95.0,event
11:26:20.666,1.043139,0.2551292,0.93043804,1.0186048,0.9007033,0.09280326,0.45979702,1.0620517,0.96199,0.1334126,0.41848785,0.6707001,0.8128262,0.11379126,-0.16463774,0.659461,0.32423326,-0.41838935,-0.59538,0.0020752505,893.2967,807.47253,522.6007,810.293,931.5751,0.07855224609375,-0.027099609375,0.974365234375,2.5421142578125,-3.386993408203125,0.4486083984375,1.0,2.0,1.0,4.0,2.0,95.0,event
11:26:20.669,1.043139,0.2551292,0.93043804,1.0186048,0.9007033,0.09280326,0.45979702,1.0620517,0.96199,0.1334126,0.41848785,0.6707001,0.8128262,0.11379126,-0.16463774,0.659461,0.32423326,-0.41838935,-0.59538,0.0020752505,680.54944,805.8608,642.674,793.36993,825.6044,0.07855224609375,-0.027099609375,0.974365234375,2.5421142578125,-3.386993408203125,0.4486083984375,1.0,2.0,1.0,4.0,2.0,95.0,event
11:26:20.692,1.043139,0.2551292,0.93043804,1.0186048,0.9007033,0.09280326,0.45979702,1.0620517,0.96199,0.1334126,0.41848785,0.6707001,0.8128262,0.11379126,-0.16463774,0.659461,0.32423326,-0.41838935,-0.59538,0.0020752505,600.7692,803.44324,899.34064,789.34064,670.07324,0.072021484375,-0.02032470703125,0.97833251953125,2.385101318359375,-2.64678955078125,0.6878662109375,1.0,2.0,1.0,4.0,2.0,95.0,event
11:26:20.693,1.043139,0.2551292,0.93043804,1.0186048,0.9007033,0.09280326,0.45979702,1.0620517,0.96199,0.1334126,0.41848785,0.6707001,0.8128262,0.11379126,-0.16463774,0.659461,0.32423326,-0.41838935,-0.59538,0.0020752505,728.49817,806.6667,791.3553,817.1429,728.9011,0.072021484375,-0.02032470703125,0.97833251953125,2.385101318359375,-2.64678955078125,0.6878662109375,1.0,2.0,1.0,4.0,2.0,95.0,event
11:26:20.694,1.043139,0.2551292,0.93043804,1.0186048,0.9007033,0.09280326,0.45979702,1.0620517,0.96199,0.1334126,0.41848785,0.6707001,0.8128262,0.11379126,-0.16463774,0.659461,0.32423326,-0.41838935,-0.59538,0.0020752505,925.5311,808.68134,797.8022,828.4249,789.7436,0.072021484375,-0.02032470703125,0.97833251953125,2.385101318359375,-2.64678955078125,0.6878662109375,1.0,2.0,1.0,4.0,2.0,95.0,event
11:26:20.695,1.043139,0.2551292,0.93043804,1.0186048,0.9007033,0.09280326,0.45979702,1.0620517,0.96199,0.1334126,0.41848785,0.6707001,0.8128262,0.11379126,-0.16463774,0.659461,0.32423326,-0.41838935,-0.59538,0.0020752505,947.28937,813.1135,902.5641,785.7143,754.68866,0.072021484375,-0.02032470703125,0.97833251953125,2.385101318359375,-2.64678955078125,0.6878662109375,1.0,2.0,1.0,4.0,2.0,95.0,event
11:26:20.696,1.043139,0.2551292,0.93043804,1.0186048,0.9007033,0.09280326,0.45979702,1.0620517,0.96199,0.1334126,0.41848785,0.6707001,0.8128262,0.11379126,-0.16463774,0.659461,0.32423326,-0.41838935,-0.59538,0.0020752505,740.58606,807.47253,855.42126,749.85345,706.337,0.072021484375,-0.02032470703125,0.97833251953125,2.385101318359375,-2.64678955078125,0.6878662109375,1.0,2.0,1.0,4.0,2.0,95.0,event
11:26:20.696,1.043139,0.2551292,0.93043804,1.0186048,0.9007033,0.09280326,0.45979702,1.0620517,0.96199,0.1334126,0.41848785,0.6707001,0.8128262,0.11379126,-0.16463774,0.659461,0.32423326,-0.41838935,-0.59538,0.0020752505,605.2015,803.44324,469.011,748.24176,891.28204,0.072021484375,-0.02032470703125,0.97833251953125,2.385101318359375,-2.64678955078125,0.6878662109375,1.0,2.0,1.0,4.0,2.0,95.0,event
11:26:20.697,1.043139,0.2551292,0.93043804,1.0186048,0.9007033,0.09280326,0.45979702,1.0620517,0.96199,0.1334126,0.41848785,0.6707001,0.8128262,0.11379126,-0.16463774,0.659461,0.32423326,-0.41838935,-0.59538,0.0020752505,685.38464,806.26373,280.8425,762.74725,1009.7436,0.072021484375,-0.02032470703125,0.97833251953125,2.385101318359375,-2.64678955078125,0.6878662109375,1.0,2.0,1.0,4.0,2.0,95.0,event
11:26:20.698,1.043139,0.2551292,0.93043804,1.0186048,0.9007033,0.09280326,0.45979702,1.0620517,0.96199,0.1334126,0.41848785,0.6707001,0.8128262,0.11379126,-0.16463774,0.659461,0.32423326,-0.41838935,-0.59538,0.0020752505,898.1319,808.2784,808.68134,767.1795,790.54944,0.072021484375,-0.02032470703125,0.97833251953125,2.385101318359375,-2.64678955078125,0.6878662109375,1.0,2.0,1.0,4.0,2.0,95.0,event
11:26:20.702,1.043139,0.2551292,0.93043804,1.0186048,0.9007033,0.09280326,0.45979702,1.0620517,0.96199,0.1334126,0.41848785,0.6707001,0.8128262,0.11379126,-0.16463774,0.659461,0.32423326,-0.41838935,-0.59538,0.0020752505,947.28937,806.26373,1016.99634,761.13556,698.68134,0.072021484375,-0.02032470703125,0.97833251953125,2.385101318359375,-2.64678955078125,0.6878662109375,1.0,2.0,1.0,4.0,2.0,95.0,event
11:26:20.704,1.043139,0.2551292,0.93043804,1.0186048,0.9007033,0.09280326,0.45979702,1.0620517,0.96199,0.1334126,0.41848785,0.6707001,0.8128262,0.11379126,-0.16463774,0.659461,0.32423326,-0.41838935,-0.59538,0.0020752505,738.97437,803.8461,485.53113,750.65936,895.31134,0.072021484375,-0.02032470703125,0.97833251953125,2.385101318359375,-2.64678955078125,0.6878662109375,1.0,2.0,1.0,4.0,2.0,95.0,event
11:26:20.706,1.043139,0.2551292,0.93043804,1.0186048,0.9007033,0.09280326,0.45979702,1.0620517,0.96199,0.1334126,0.41848785,0.6707001,0.8128262,0.11379126,-0.16463774,0.659461,0.32423326,-0.41838935,-0.59538,0.0020752505,609.2308,815.9341,386.41025,761.9414,963.4066,0.072021484375,-0.02032470703125,0.97833251953125,2.385101318359375,-2.64678955078125,0.6878662109375,1.0,2.0,1.0,4.0,2.0,95.0,event
11:26:20.707,1.043139,0.2551292,0.93043804,1.0186048,0.9007033,0.09280326,0.45979702,1.0620517,0.96199,0.1334126,0.41848785,0.6707001,0.8128262,0.11379126,-0.16463774,0.659461,0.32423326,-0.41838935,-0.59538,0.0020752505,689.011,819.15753,919.0842,772.8205,705.5311,0.072021484375,-0.02032470703125,0.97833251953125,2.385101318359375,-2.64678955078125,0.6878662109375,1.0,2.0,1.0,4.0,2.0,95.0,event
11:26:20.739,1.043139,0.2551292,0.93043804,1.0186048,0.9007033,0.09280326,0.45979702,1.0620517,0.96199,0.1334126,0.41848785,0.6707001,0.8128262,0.11379126,-0.16463774,0.659461,0.32423326,-0.41838935,-0.59538,0.0020752505,882.01465,806.6667,1029.0842,775.2381,747.03296,0.08343505859375,-0.02490234375,0.97613525390625,1.65985107421875,-4.807586669921875,0.590667724609375,1.0,2.0,1.0,4.0,2.0,95.0,event
11:26:20.740,1.043139,0.2551292,0.93043804,1.0186048,0.9007033,0.09280326,0.45979702,1.0620517,0.96199,0.1334126,0.41848785,0.6707001,0.8128262,0.11379126,-0.16463774,0.659461,0.32423326,-0.41838935,-0.59538,0.0020752505,938.8278,808.2784,865.89746,766.77655,873.5531,0.08343505859375,-0.02490234375,0.97613525390625,1.65985107421875,-4.807586669921875,0.590667724609375,1.0,2.0,1.0,4.0,2.0,95.0,event
11:26:20.741,1.043139,0.2551292,0.93043804,1.0186048,0.9007033,0.09280326,0.45979702,1.0620517,0.96199,0.1334126,0.41848785,0.6707001,0.8128262,0.11379126,-0.16463774,0.659461,0.32423326,-0.41838935,-0.59538,0.0020752505,745.0183,821.5751,774.83514,738.1685,815.5311,0.08343505859375,-0.02490234375,0.97613525390625,1.65985107421875,-4.807586669921875,0.590667724609375,1.0,2.0,1.0,4.0,2.0,95.0,event
11:26:20.741,1.043139,0.2551292,0.93043804,1.0186048,0.9007033,0.09280326,0.45979702,1.0620517,0.96199,0.1334126,0.41848785,0.6707001,0.8128262,0.11379126,-0.16463774,0.659461,0.32423326,-0.41838935,-0.59538,0.0020752505,568.5348,816.337,883.6264,709.9634,711.978,0.08343505859375,-0.02490234375,0.97613525390625,1.65985107421875,-4.807586669921875,0.590667724609375,1.0,2.0,1.0,4.0,2.0,95.0,event
11:26:20.742,1.043139,0.2551292,0.93043804,1.0186048,0.9007033,0.09280326,0.45979702,1.0620517,0.96199,0.1334126,0.41848785,0.6707001,0.8128262,0.11379126,-0.16463774,0.659461,0.32423326,-0.41838935,-0.59538,0.0020752505,596.7399,822.7839,907.3993,716.0073,722.4542,0.08343505859375,-0.02490234375,0.97613525390625,1.65985107421875,-4.807586669921875,0.590667724609375,1.0,2.0,1.0,4.0,2.0,95.0,event
11:26:20.743,1.043139,0.2551292,0.93043804,1.0186048,0.9007033,0.09280326,0.45979702,1.0620517,0.96199,0.1334126,0.41848785,0.6707001,0.8128262,0.11379126,-0.16463774,0.659461,0.32423326,-0.41838935,-0.59538,0.0020752505,780.07324,829.2308,705.5311,717.619,837.6923,0.08343505859375,-0.02490234375,0.97613525390625,1.65985107421875,-4.807586669921875,0.590667724609375,1.0,2.0,1.0,4.0,2.0,95.0,event
11:26:20.748,1.043139,0.2551292,0.93043804,1.0186048,0.9007033,0.09280326,0.45979702,1.0620517,0.96199,0.1334126,0.41848785,0.6707001,0.8128262,0.11379126,-0.16463774,0.659461,0.32423326,-0.41838935,-0.59538,0.0020752505,845.7509,836.8865,607.2161,682.1612,889.2674,0.08343505859375,-0.02490234375,0.97613525390625,1.65985107421875,-4.807586669921875,0.590667724609375,1.0,2.0,1.0,4.0,2.0,95.0,event
11:26:20.749,1.043139,0.2551292,0.93043804,1.0186048,0.9007033,0.09280326,0.45979702,1.0620517,0.96199,0.1334126,0.41848785,0.6707001,0.8128262,0.11379126,-0.16463774,0.659461,0.32423326,-0.41838935,-0.59538,0.0020752505,442.41757,883.22345,738.5714,577.3993,656.77655,0.08343505859375,-0.02490234375,0.97613525390625,1.65985107421875,-4.807586669921875,0.590667724609375,1.0,2.0,1.0,4.0,2.0,95.0,event
11:26:20.749,1.043139,0.2551292,0.93043804,1.0186048,0.9007033,0.09280326,0.45979702,1.0620517,0.96199,0.1334126,0.41848785,0.6707001,0.8128262,0.11379126,-0.16463774,0.659461,0.32423326,-0.41838935,-0.59538,0.0020752505,662.8205,870.7326,738.1685,630.989,716.4103,0.08343505859375,-0.02490234375,0.97613525390625,1.65985107421875,-4.807586669921875,0.590667724609375,1.0,2.0,1.0,4.0,2.0,95.0,event
11:26:20.751,1.043139,0.2551292,0.93043804,1.0186048,0.9007033,0.09280326,0.45979702,1.0620517,0.96199,0.1334126,0.41848785,0.6707001,0.8128262,0.11379126,-0.16463774,0.659461,0.32423326,-0.41838935,-0.59538,0.0020752505,434.35898,901.3553,466.1905,559.2674,905.38464,0.08343505859375,-0.02490234375,0.97613525390625,1.65985107421875,-4.807586669921875,0.590667724609375,1.0,2.0,1.0,4.0,2.0,95.0,event
11:26:20.752,1.043139,0.2551292,0.93043804,1.0186048,0.9007033,0.09280326,0.45979702,1.0620517,0.96199,0.1334126,0.41848785,0.6707001,0.8128262,0.11379126,-0.16463774,0.659461,0.32423326,-0.41838935,-0.59538,0.0020752505,603.1868,936.4103,730.10986,547.5824,885.64105,0.08343505859375,-0.02490234375,0.97613525390625,1.65985107421875,-4.807586669921875,0.590667724609375,1.0,2.0,1.0,4.0,2.0,95.0,event
11:26:20.753,1.043139,0.2551292,0.93043804,1.0186048,0.9007033,0.09280326,0.45979702,1.0620517,0.96199,0.1334126,0.41848785,0.6707001,0.8128262,0.11379126,-0.16463774,0.659461,0.32423326,-0.41838935,-0.59538,0.0020752505,673.2967,940.0366,1083.0769,508.49817,732.9304,0.08343505859375,-0.02490234375,0.97613525390625,1.65985107421875,-4.807586669921875,0.590667724609375,1.0,2.0,1.0,4.0,2.0,95.0,event
11:26:20.783,1.043139,0.2551292,0.93043804,1.0186048,0.9007033,0.09280326,0.45979702,1.0620517,0.96199,0.1334126,0.41848785,0.6707001,0.8128262,0.11379126,-0.16463774,0.659461,0.32423326,-0.41838935,-0.59538,0.0020752505,539.92676,944.87177,742.6007,502.05127,876.3736,0.090576171875,-0.023193359375,0.97625732421875,3.0206298828125,-6.078643798828125,1.816864013671875,1.0,2.0,1.0,4.0,2.0,95.0,event
11:26:20.784,1.043139,0.2551292,0.93043804,1.0186048,0.9007033,0.09280326,0.45979702,1.0620517,0.96199,0.1334126,0.41848785,0.6707001,0.8128262,0.11379126,-0.16463774,0.659461,0.32423326,-0.41838935,-0.59538,0.0020752505,360.2198,958.97437,544.7619,511.3187,930.3663,0.090576171875,-0.023193359375,0.97625732421875,3.0206298828125,-6.078643798828125,1.816864013671875,1.0,2.0,1.0,4.0,2.0,95.0,event
11:26:20.785,1.043139,0.2551292,0.93043804,1.0186048,0.9007033,0.09280326,0.45979702,1.0620517,0.96199,0.1334126,0.41848785,0.6707001,0.8128262,0.11379126,-0.16463774,0.659461,0.32423326,-0.41838935,-0.59538,0.0020752505,359.4139,961.39197,875.16486,520.18317,764.7619,0.090576171875,-0.023193359375,0.97625732421875,3.0206298828125,-6.078643798828125,1.816864013671875,1.0,2.0,1.0,4.0,2.0,95.0,event
11:26:20.786,1.043139,0.2551292,0.93043804,1.0186048,0.9007033,0.09280326,0.45979702,1.0620517,0.96199,0.1334126,0.41848785,0.6707001,0.8128262,0.11379126,-0.16463774,0.659461,0.32423326,-0.41838935,-0.59538,0.0020752505,547.1795,963.4066,1033.9194,547.5824,695.8608,0.090576171875,-0.023193359375,0.97625732421875,3.0206298828125,-6.078643798828125,1.816864013671875,1.0,2.0,1.0,4.0,2.0,95.0,event
11:26:20.787,1.043139,0.2551292,0.93043804,1.0186048,0.9007033,0.09280326,0.45979702,1.0620517,0.96199,0.1334126,0.41848785,0.6707001,0.8128262,0.11379126,-0.16463774,0.659461,0.32423326,-0.41838935,-0.59538,0.0020752505,677.72894,973.0769,807.8755,568.93774,809.0842,0.090576171875,-0.023193359375,0.97625732421875,3.0206298828125,-6.078643798828125,1.816864013671875,1.0,2.0,1.0,4.0,2.0,95.0,event
11:26:20.788,1.043139,0.2551292,0.93043804,1.0186048,0.9007033,0.09280326,0.45979702,1.0620517,0.96199,0.1334126,0.41848785,0.6707001,0.8128262,0.11379126,-0.16463774,0.659461,0.32423326,-0.41838935,-0.59538,0.0020752505,592.71063,971.06226,540.32965,578.60803,914.65204,0.090576171875,-0.023193359375,0.97625732421875,3.0206298828125,-6.078643798828125,1.816864013671875,1.0,2.0,1.0,4.0,2.0,95.0,event
11:26:20.789,1.043139,0.2551292,0.93043804,1.0186048,0.9007033,0.09280326,0.45979702,1.0620517,0.96199,0.1334126,0.41848785,0.6707001,0.8128262,0.11379126,-0.16463774,0.659461,0.32423326,-0.41838935,-0.59538,0.0020752505,435.9707,963.8095,545.56775,588.2784,880.80585,0.090576171875,-0.023193359375,0.97625732421875,3.0206298828125,-6.078643798828125,1.816864013671875,1.0,2.0,1.0,4.0,2.0,95.0,event
11:26:20.789,1.043139,0.2551292,0.93043804,1.0186048,0.9007033,0.09280326,0.45979702,1.0620517,0.96199,0.1334126,0.41848785,0.6707001,0.8128262,0.11379126,-0.16463774,0.659461,0.32423326,-0.41838935,-0.59538,0.0020752505,401.3187,956.55676,676.1172,603.9927,820.7692,0.090576171875,-0.023193359375,0.97625732421875,3.0206298828125,-6.078643798828125,1.816864013671875,1.0,2.0,1.0,4.0,2.0,95.0,event
11:26:20.790,1.043139,0.2551292,0.93043804,1.0186048,0.9007033,0.09280326,0.45979702,1.0620517,0.96199,0.1334126,0.41848785,0.6707001,0.8128262,0.11379126,-0.16463774,0.659461,0.32423326,-0.41838935,-0.59538,0.0020752505,572.1612,939.2308,533.47986,639.85345,895.7143,0.090576171875,-0.023193359375,0.97625732421875,3.0206298828125,-6.078643798828125,1.816864013671875,1.0,2.0,1.0,4.0,2.0,95.0,event
11:26:20.791,1.043139,0.2551292,0.93043804,1.0186048,0.9007033,0.09280326,0.45979702,1.0620517,0.96199,0.1334126,0.41848785,0.6707001,0.8128262,0.11379126,-0.16463774,0.659461,0.32423326,-0.41838935,-0.59538,0.0020752505,775.2381,929.15753,334.0293,679.34064,1070.989,0.090576171875,-0.023193359375,0.97625732421875,3.0206298828125,-6.078643798828125,1.816864013671875,1.0,2.0,1.0,4.0,2.0,95.0,event
11:26:20.792,1.043139,0.2551292,0.93043804,1.0186048,0.9007033,0.09280326,0.45979702,1.0620517,0.96199,0.1334126,0.41848785,0.6707001,0.8128262,0.11379126,-0.16463774,0.659461,0.32423326,-0.41838935,-0.59538,0.0020752505,745.42126,930.7692,724.87177,685.78754,841.31866,0.090576171875,-0.023193359375,0.97625732421875,3.0206298828125,-6.078643798828125,1.816864013671875,1.0,2.0,1.0,4.0,2.0,95.0,event
11:26:20.792,1.043139,0.2551292,0.93043804,1.0186048,0.9007033,0.09280326,0.45979702,1.0620517,0.96199,0.1334126,0.41848785,0.6707001,0.8128262,0.11379126,-0.16463774,0.659461,0.32423326,-0.41838935,-0.59538,0.0020752505,558.46155,913.8461,891.685,686.5934,716.0073,0.090576171875,-0.023193359375,0.97625732421875,3.0206298828125,-6.078643798828125,1.816864013671875,1.0,2.0,1.0,4.0,2.0,95.0,event
11:26:20.832,1.043139,0.2551292,0.93043804,1.0186048,0.9007033,0.09280326,0.45979702,1.0620517,0.96199,0.1334126,0.41848785,0.6707001,0.8128262,0.11379126,-0.16463774,0.659461,0.32423326,-0.41838935,-0.59538,0.0020752505,514.1392,892.8938,799.011,720.4396,797.8022,0.090576171875,-0.023193359375,0.97625732421875,3.0206298828125,-6.078643798828125,1.816864013671875,1.0,2.0,1.0,4.0,2.0,95.0,event
11:26:20.833,1.043139,0.2551292,0.93043804,1.0186048,0.9007033,0.09280326,0.45979702,1.0620517,0.96199,0.1334126,0.41848785,0.6707001,0.8128262,0.11379126,-0.16463774,0.659461,0.32423326,-0.41838935,-0.59538,0.0020752505,689.011,884.43225,913.44324,770.80585,767.98535,0.090576171875,-0.023193359375,0.97625732421875,3.0206298828125,-6.078643798828125,1.816864013671875,1.0,2.0,1.0,4.0,2.0,95.0,event
11:26:20.833,1.043139,0.2551292,0.93043804,1.0186048,0.9007033,0.09280326,0.45979702,1.0620517,0.96199,0.1334126,0.41848785,0.6707001,0.8128262,0.11379126,-0.16463774,0.659461,0.32423326,-0.41838935,-0.59538,0.0020752505,907.3993,879.19415,1030.2931,803.8461,707.5458,0.090576171875,-0.023193359375,0.97625732421875,3.0206298828125,-6.078643798828125,1.816864013671875,1.0,2.0,1.0,4.0,2.0,95.0,event
11:26:20.834,1.043139,0.2551292,0.93043804,1.0186048,0.9007033,0.09280326,0.45979702,1.0620517,0.96199,0.1334126,0.41848785,0.6707001,0.8128262,0.11379126,-0.16463774,0.659461,0.32423326,-0.41838935,-0.59538,0.0020752505,890.4762,862.27106,846.9597,809.89014,744.61536,0.090576171875,-0.023193359375,0.97625732421875,3.0206298828125,-6.078643798828125,1.816864013671875,1.0,2.0,1.0,4.0,2.0,95.0,event
11:26:20.834,1.043139,0.2551292,0.93043804,1.0186048,0.9007033,0.09280326,0.45979702,1.0620517,0.96199,0.1334126,0.41848785,0.6707001,0.8128262,0.11379126,-0.16463774,0.659461,0.32423326,-0.41838935,-0.59538,0.0020752505,681.75824,848.5714,596.7399,813.91943,817.9487,0.090576171875,-0.023193359375,0.97625732421875,3.0206298828125,-6.078643798828125,1.816864013671875,1.0,2.0,1.0,4.0,2.0,95.0,event
11:26:20.835,1.043139,0.2551292,0.93043804,1.0186048,0.9007033,0.09280326,0.45979702,1.0620517,0.96199,0.1334126,0.41848785,0.6707001,0.8128262,0.11379126,-0.16463774,0.659461,0.32423326,-0.41838935,-0.59538,0.0020752505,614.0659,839.304,551.2088,838.9011,793.7729,0.090576171875,-0.023193359375,0.97625732421875,3.0206298828125,-6.078643798828125,1.816864013671875,1.0,2.0,1.0,4.0,2.0,95.0,event
11:26:20.835,1.043139,0.2551292,0.93043804,1.0186048,0.9007033,0.09280326,0.45979702,1.0620517,0.96199,0.1334126,0.41848785,0.6707001,0.8128262,0.11379126,-0.16463774,0.659461,0.32423326,-0.41838935,-0.59538,0.0020752505,764.7619,828.4249,630.18317,869.5238,793.36993,0.090576171875,-0.023193359375,0.97625732421875,3.0206298828125,-6.078643798828125,1.816864013671875,1.0,2.0,1.0,4.0,2.0,95.0,event
11:26:20.836,1.043139,0.2551292,0.93043804,1.0186048,0.9007033,0.09280326,0.45979702,1.0620517,0.96199,0.1334126,0.41848785,0.6707001,0.8128262,0.11379126,-0.16463774,0.659461,0.32423326,-0.41838935,-0.59538,0.0020752505,969.45056,820.7692,842.52747,901.3553,799.81683,0.090576171875,-0.023193359375,0.97625732421875,3.0206298828125,-6.078643798828125,1.816864013671875,1.0,2.0,1.0,4.0,2.0,95.0,event
11:26:20.840,1.043139,0.2551292,0.93043804,1.0186048,0.9007033,0.09280326,0.45979702,1.0620517,0.96199,0.1334126,0.41848785,0.6707001,0.8128262,0.11379126,-0.16463774,0.659461,0.32423326,-0.41838935,-0.59538,0.0020752505,780.4762,802.23444,149.8901,895.31134,1008.93774,0.090576171875,-0.023193359375,0.97625732421875,3.0206298828125,-6.078643798828125,1.816864013671875,1.0,2.0,1.0,4.0,2.0,95.0,event
11:26:20.840,1.043139,0.2551292,0.93043804,1.0186048,0.9007033,0.09280326,0.45979702,1.0620517,0.96199,0.1334126,0.41848785,0.6707001,0.8128262,0.11379126,-0.16463774,0.659461,0.32423326,-0.41838935,-0.59538,0.0020752505,963.8095,805.4579,361.02563,909.011,1025.0549,0.090576171875,-0.023193359375,0.97625732421875,3.0206298828125,-6.078643798828125,1.816864013671875,1.0,2.0,1.0,4.0,2.0,95.0,event
11:26:20.841,1.043139,0.2551292,0.93043804,1.0186048,0.9007033,0.09280326,0.45979702,1.0620517,0.96199,0.1334126,0.41848785,0.6707001,0.8128262,0.11379126,-0.16463774,0.659461,0.32423326,-0.41838935,-0.59538,0.0020752505,705.5311,786.1172,778.86444,896.9231,689.41394,0.090576171875,-0.023193359375,0.97625732421875,3.0206298828125,-6.078643798828125,1.816864013671875,1.0,2.0,1.0,4.0,2.0,95.0,event
11:26:20.841,1.043139,0.2551292,0.93043804,1.0186048,0.9007033,0.09280326,0.45979702,1.0620517,0.96199,0.1334126,0.41848785,0.6707001,0.8128262,0.11379126,-0.16463774,0.659461,0.32423326,-0.41838935,-0.59538,0.0020752505,819.15753,771.2088,821.5751,922.71063,729.304,0.090576171875,-0.023193359375,0.97625732421875,3.0206298828125,-6.078643798828125,1.816864013671875,1.0,2.0,1.0,4.0,2.0,95.0,event
11:26:20.899,1.043139,0.2551292,0.93043804,1.0186048,0.9007033,0.09280326,0.45979702,1.0620517,0.96199,0.1334126,0.41848785,0.6707001,0.8128262,0.11379126,-0.16463774,0.659461,0.32423326,-0.41838935,-0.59538,0.0020752505,1034.3224,772.01465,743.00366,956.1539,757.50916,0.07147216796875,-0.03216552734375,0.99505615234375,0.485992431640625,-2.968292236328125,-1.084136962890625,1.0,2.0,1.0,4.0,2.0,95.0,event
11:26:20.900,1.043139,0.2551292,0.93043804,1.0186048,0.9007033,0.09280326,0.45979702,1.0620517,0.96199,0.1334126,0.41848785,0.6707001,0.8128262,0.11379126,-0.16463774,0.659461,0.32423326,-0.41838935,-0.59538,0.0020752505,1084.2858,760.32965,857.4359,951.7216,694.2491,0.07147216796875,-0.03216552734375,0.99505615234375,0.485992431640625,-2.968292236328125,-1.084136962890625,1.0,2.0,1.0,4.0,2.0,95.0,event
11:26:20.901,1.043139,0.2551292,0.93043804,1.0186048,0.9007033,0.09280326,0.45979702,1.0620517,0.96199,0.1334126,0.41848785,0.6707001,0.8128262,0.11379126,-0.16463774,0.659461,0.32423326,-0.41838935,-0.59538,0.0020752505,885.64105,750.2564,825.6044,931.978,693.0403,0.07147216796875,-0.03216552734375,0.99505615234375,0.485992431640625,-2.968292236328125,-1.084136962890625,1.0,2.0,1.0,4.0,2.0,95.0,event
11:26:20.901,1.043139,0.2551292,0.93043804,1.0186048,0.9007033,0.09280326,0.45979702,1.0620517,0.96199,0.1334126,0.41848785,0.6707001,0.8128262,0.11379126,-0.16463774,0.659461,0.32423326,-0.41838935,-0.59538,0.0020752505,743.4066,751.06226,670.87915,931.978,747.8388,0.07147216796875,-0.03216552734375,0.99505615234375,0.485992431640625,-2.968292236328125,-1.084136962890625,1.0,2.0,1.0,4.0,2.0,95.0,event
11:26:20.901,1.043139,0.2551292,0.93043804,1.0186048,0.9007033,0.09280326,0.45979702,1.0620517,0.96199,0.1334126,0.41848785,0.6707001,0.8128262,0.11379126,-0.16463774,0.659461,0.32423326,-0.41838935,-0.59538,0.0020752505,826.0073,749.85345,679.34064,946.4835,763.1502,0.07147216796875,-0.03216552734375,0.99505615234375,0.485992431640625,-2.968292236328125,-1.084136962890625,1.0,2.0,1.0,4.0,2.0,95.0,event
11:26:20.902,1.043139,0.2551292,0.93043804,1.0186048,0.9007033,0.09280326,0.45979702,1.0620517,0.96199,0.1334126,0.41848785,0.6707001,0.8128262,0.11379126,-0.16463774,0.659461,0.32423326,-0.41838935,-0.59538,0.0020752505,1043.5897,747.4359,657.5824,969.85345,765.9707,0.07147216796875,-0.03216552734375,0.99505615234375,0.485992431640625,-2.968292236328125,-1.084136962890625,1.0,2.0,1.0,4.0,2.0,95.0,event
11:26:20.902,1.043139,0.2551292,0.93043804,1.0186048,0.9007033,0.09280326,0.45979702,1.0620517,0.96199,0.1334126,0.41848785,0.6707001,0.8128262,0.11379126,-0.16463774,0.659461,0.32423326,-0.41838935,-0.59538,0.0020752505,1129.011,750.2564,596.337,973.8828,804.65204,0.07147216796875,-0.03216552734375,0.99505615234375,0.485992431640625,-2.968292236328125,-1.084136962890625,1.0,2.0,1.0,4.0,2.0,95.0,event
11:26:20.903,1.043139,0.2551292,0.93043804,1.0186048,0.9007033,0.09280326,0.45979702,1.0620517,0.96199,0.1334126,0.41848785,0.6707001,0.8128262,0.11379126,-0.16463774,0.659461,0.32423326,-0.41838935,-0.59538,0.0020752505,768.3883,751.4652,22.161173,944.4689,1110.4762,0.07147216796875,-0.03216552734375,0.99505615234375,0.485992431640625,-2.968292236328125,-1.084136962890625,1.0,2.0,1.0,4.0,2.0,95.0,event
11:26:20.903,1.043139,0.2551292,0.93043804,1.0186048,0.9007033,0.09280326,0.45979702,1.0620517,0.96199,0.1334126,0.41848785,0.6707001,0.8128262,0.11379126,-0.16463774,0.659461,0.32423326,-0.41838935,-0.59538,0.0020752505,937.619,749.85345,356.5934,951.31866,956.1539,0.07147216796875,-0.03216552734375,0.99505615234375,0.485992431640625,-2.968292236328125,-1.084136962890625,1.0,2.0,1.0,4.0,2.0,95.0,event
11:26:20.904,1.043139,0.2551292,0.93043804,1.0186048,0.9007033,0.09280326,0.45979702,1.0620517,0.96199,0.1334126,0.41848785,0.6707001,0.8128262,0.11379126,-0.16463774,0.659461,0.32423326,-0.41838935,-0.59538,0.0020752505,849.3773,755.89746,537.50916,957.76556,839.304,0.07147216796875,-0.03216552734375,0.99505615234375,0.485992431640625,-2.968292236328125,-1.084136962890625,1.0,2.0,1.0,4.0,2.0,95.0,event
11:26:20.904,1.043139,0.2551292,0.93043804,1.0186048,0.9007033,0.09280326,0.45979702,1.0620517,0.96199,0.1334126,0.41848785,0.6707001,0.8128262,0.11379126,-0.16463774,0.659461,0.32423326,-0.41838935,-0.59538,0.0020752505,1054.4689,758.71796,973.8828,963.4066,699.0842,0.07147216796875,-0.03216552734375,0.99505615234375,0.485992431640625,-2.968292236328125,-1.084136962890625,1.0,2.0,1.0,4.0,2.0,95.0,event
11:26:20.905,1.043139,0.2551292,0.93043804,1.0186048,0.9007033,0.09280326,0.45979702,1.0620517,0.96199,0.1334126,0.41848785,0.6707001,0.8128262,0.11379126,-0.16463774,0.659461,0.32423326,-0.41838935,-0.59538,0.0020752505,1134.249,764.7619,805.8608,962.1978,799.81683,0.07147216796875,-0.03216552734375,0.99505615234375,0.485992431640625,-2.968292236328125,-1.084136962890625,1.0,2.0,1.0,4.0,2.0,95.0,event
11:26:20.936,1.043139,0.2551292,0.93043804,1.0186048,0.9007033,0.09280326,0.45979702,1.0620517,0.96199,0.1334126,0.41848785,0.6707001,0.8128262,0.11379126,-0.16463774,0.659461,0.32423326,-0.41838935,-0.59538,0.0020752505,990.0,769.19415,743.00366,950.9158,768.3883,0.08367919921875,-0.028564453125,0.97802734375,3.03558349609375,-1.136474609375,-1.71966552734375,1.0,2.0,1.0,4.0,2.0,95.0,event
11:26:20.937,1.043139,0.2551292,0.93043804,1.0186048,0.9007033,0.09280326,0.45979702,1.0620517,0.96199,0.1334126,0.41848785,0.6707001,0.8128262,0.11379126,-0.16463774,0.659461,0.32423326,-0.41838935,-0.59538,0.0020752505,817.9487,768.7912,865.4945,934.3956,698.2784,0.08367919921875,-0.028564453125,0.97802734375,3.03558349609375,-1.136474609375,-1.71966552734375,1.0,2.0,1.0,4.0,2.0,95.0,event
11:26:20.938,1.043139,0.2551292,0.93043804,1.0186048,0.9007033,0.09280326,0.45979702,1.0620517,0.96199,0.1334126,0.41848785,0.6707001,0.8128262,0.11379126,-0.16463774,0.659461,0.32423326,-0.41838935,-0.59538,0.0020752505,830.84247,772.8205,862.674,942.0513,722.0513,0.08367919921875,-0.028564453125,0.97802734375,3.03558349609375,-1.136474609375,-1.71966552734375,1.0,2.0,1.0,4.0,2.0,95.0,event
11:26:20.939,1.043139,0.2551292,0.93043804,1.0186048,0.9007033,0.09280326,0.45979702,1.0620517,0.96199,0.1334126,0.41848785,0.6707001,0.8128262,0.11379126,-0.16463774,0.659461,0.32423326,-0.41838935,-0.59538,0.0020752505,1017.3993,775.64105,806.26373,954.1392,809.0842,0.08367919921875,-0.028564453125,0.97802734375,3.03558349609375,-1.136474609375,-1.71966552734375,1.0,2.0,1.0,4.0,2.0,95.0,event
11:26:20.939,1.043139,0.2551292,0.93043804,1.0186048,0.9007033,0.09280326,0.45979702,1.0620517,0.96199,0.1334126,0.41848785,0.6707001,0.8128262,0.11379126,-0.16463774,0.659461,0.32423326,-0.41838935,-0.59538,0.0020752505,1118.9377,777.25275,852.1978,952.9304,795.78754,0.08367919921875,-0.028564453125,0.97802734375,3.03558349609375,-1.136474609375,-1.71966552734375,1.0,2.0,1.0,4.0,2.0,95.0,event
11:26:20.940,1.043139,0.2551292,0.93043804,1.0186048,0.9007033,0.09280326,0.45979702,1.0620517,0.96199,0.1334126,0.41848785,0.6707001,0.8128262,0.11379126,-0.16463774,0.659461,0.32423326,-0.41838935,-0.59538,0.0020752505,977.1062,784.5055,708.7546,934.7985,804.2491,0.08367919921875,-0.028564453125,0.97802734375,3.03558349609375,-1.136474609375,-1.71966552734375,1.0,2.0,1.0,4.0,2.0,95.0,event
11:26:20.941,1.043139,0.2551292,0.93043804,1.0186048,0.9007033,0.09280326,0.45979702,1.0620517,0.96199,0.1334126,0.41848785,0.6707001,0.8128262,0.11379126,-0.16463774,0.659461,0.32423326,-0.41838935,-0.59538,0.0020752505,784.10254,792.1612,473.84616,924.7253,872.3443,0.08367919921875,-0.028564453125,0.97802734375,3.03558349609375,-1.136474609375,-1.71966552734375,1.0,2.0,1.0,4.0,2.0,95.0,event
11:26:20.941,1.043139,0.2551292,0.93043804,1.0186048,0.9007033,0.09280326,0.45979702,1.0620517,0.96199,0.1334126,0.41848785,0.6707001,0.8128262,0.11379126,-0.16463774,0.659461,0.32423326,-0.41838935,-0.59538,0.0020752505,770.40295,792.5641,455.7143,931.978,802.23444,0.08367919921875,-0.028564453125,0.97802734375,3.03558349609375,-1.136474609375,-1.71966552734375,1.0,2.0,1.0,4.0,2.0,95.0,event
11:26:20.942,1.043139,0.2551292,0.93043804,1.0186048,0.9007033,0.09280326,0.45979702,1.0620517,0.96199,0.1334126,0.41848785,0.6707001,0.8128262,0.11379126,-0.16463774,0.659461,0.32423326,-0.41838935,-0.59538,0.0020752505,950.9158,788.93774,785.7143,939.2308,708.3516,0.08367919921875,-0.028564453125,0.97802734375,3.03558349609375,-1.136474609375,-1.71966552734375,1.0,2.0,1.0,4.0,2.0,95.0,event
11:26:20.943,1.043139,0.2551292,0.93043804,1.0186048,0.9007033,0.09280326,0.45979702,1.0620517,0.96199,0.1334126,0.41848785,0.6707001,0.8128262,0.11379126,-0.16463774,0.659461,0.32423326,-0.41838935,-0.59538,0.0020752505,1093.5531,792.5641,949.707,939.6337,709.5604,0.08367919921875,-0.028564453125,0.97802734375,3.03558349609375,-1.136474609375,-1.71966552734375,1.0,2.0,1.0,4.0,2.0,95.0,event
11:26:20.946,,,,,,,,,,,,,,,,,,,,,,,,,,,,,,,,,,,,,,blink
11:26:20.948,1.043139,0.2551292,0.93043804,1.0186048,0.9007033,0.09280326,0.45979702,1.0620517,0.96199,0.1334126,0.41848785,0.6707001,0.8128262,0.11379126,-0.16463774,0.659461,0.32423326,-0.41838935,-0.59538,0.0020752505,969.0476,794.57874,606.8132,911.4286,767.1795,0.08367919921875,-0.028564453125,0.97802734375,3.03558349609375,-1.136474609375,-1.71966552734375,1.0,2.0,1.0,4.0,2.0,95.0,event
11:26:20.948,1.043139,0.2551292,0.93043804,1.0186048,0.9007033,0.09280326,0.45979702,1.0620517,0.96199,0.1334126,0.41848785,0.6707001,0.8128262,0.11379126,-0.16463774,0.659461,0.32423326,-0.41838935,-0.59538,0.0020752505,758.315,795.78754,178.09525,900.54944,919.89014,0.08367919921875,-0.028564453125,0.97802734375,3.03558349609375,-1.136474609375,-1.71966552734375,1.0,2.0,1.0,4.0,2.0,95.0,event
11:26:20.992,1.043139,0.2551292,0.93043804,1.0186048,0.9007033,0.09280326,0.45979702,1.0620517,0.96199,0.1334126,0.41848785,0.6707001,0.8128262,0.11379126,-0.16463774,0.659461,0.32423326,-0.41838935,-0.59538,0.0020752505,741.79486,797.8022,491.5751,907.3993,812.3077,0.06561279296875,-0.02081298828125,0.99267578125,2.295379638671875,-1.472930908203125,1.9140625,1.0,2.0,1.0,4.0,2.0,95.0,event
11:26:20.993,1.043139,0.2551292,0.93043804,1.0186048,0.9007033,0.09280326,0.45979702,1.0620517,0.96199,0.1334126,0.41848785,0.6707001,0.8128262,0.11379126,-0.16463774,0.659461,0.32423326,-0.41838935,-0.59538,0.0020752505,917.47253,801.8315,983.5531,910.2198,658.7912,0.06561279296875,-0.02081298828125,0.99267578125,2.295379638671875,-1.472930908203125,1.9140625,1.0,2.0,1.0,4.0,2.0,95.0,event
11:26:20.994,1.043139,0.2551292,0.93043804,1.0186048,0.9007033,0.09280326,0.45979702,1.0620517,0.96199,0.1334126,0.41848785,0.6707001,0.8128262,0.11379126,-0.16463774,0.659461,0.32423326,-0.41838935,-0.59538,0.0020752505,1065.348,802.23444,725.2747,917.0696,832.8571,0.06561279296875,-0.02081298828125,0.99267578125,2.295379638671875,-1.472930908203125,1.9140625,1.0,2.0,1.0,4.0,2.0,95.0,event
11:26:20.995,1.043139,0.2551292,0.93043804,1.0186048,0.9007033,0.09280326,0.45979702,1.0620517,0.96199,0.1334126,0.41848785,0.6707001,0.8128262,0.11379126,-0.16463774,0.659461,0.32423326,-0.41838935,-0.59538,0.0020752505,985.16486,802.6374,429.92673,898.1319,898.5348,0.06561279296875,-0.02081298828125,0.99267578125,2.295379638671875,-1.472930908203125,1.9140625,1.0,2.0,1.0,4.0,2.0,95.0,event
11:26:20.996,1.043139,0.2551292,0.93043804,1.0186048,0.9007033,0.09280326,0.45979702,1.0620517,0.96199,0.1334126,0.41848785,0.6707001,0.8128262,0.11379126,-0.16463774,0.659461,0.32423326,-0.41838935,-0.59538,0.0020752505,775.2381,810.696,664.43225,866.7033,713.9927,0.06561279296875,-0.02081298828125,0.99267578125,2.295379638671875,-1.472930908203125,1.9140625,1.0,2.0,1.0,4.0,2.0,95.0,event
11:26:20.996,1.043139,0.2551292,0.93043804,1.0186048,0.9007033,0.09280326,0.45979702,1.0620517,0.96199,0.1334126,0.41848785,0.6707001,0.8128262,0.11379126,-0.16463774,0.659461,0.32423326,-0.41838935,-0.59538,0.0020752505,707.5458,806.6667,703.5165,873.5531,733.73627,0.06561279296875,-0.02081298828125,0.99267578125,2.295379638671875,-1.472930908203125,1.9140625,1.0,2.0,1.0,4.0,2.0,95.0,event
11:26:20.997,1.043139,0.2551292,0.93043804,1.0186048,0.9007033,0.09280326,0.45979702,1.0620517,0.96199,0.1334126,0.41848785,0.6707001,0.8128262,0.11379126,-0.16463774,0.659461,0.32423326,-0.41838935,-0.59538,0.0020752505,855.82416,806.6667,413.4066,899.34064,939.2308,0.06561279296875,-0.02081298828125,0.99267578125,2.295379638671875,-1.472930908203125,1.9140625,1.0,2.0,1.0,4.0,2.0,95.0,event
11:26:20.998,1.043139,0.2551292,0.93043804,1.0186048,0.9007033,0.09280326,0.45979702,1.0620517,0.96199,0.1334126,0.41848785,0.6707001,0.8128262,0.11379126,-0.16463774,0.659461,0.32423326,-0.41838935,-0.59538,0.0020752505,1028.2784,814.7253,132.16118,899.34064,1024.652,0.06561279296875,-0.02081298828125,0.99267578125,2.295379638671875,-1.472930908203125,1.9140625,1.0,2.0,1.0,4.0,2.0,95.0,event
11:26:20.999,1.043139,0.2551292,0.93043804,1.0186048,0.9007033,0.09280326,0.45979702,1.0620517,0.96199,0.1334126,0.41848785,0.6707001,0.8128262,0.11379126,-0.16463774,0.659461,0.32423326,-0.41838935,-0.59538,0.0020752505,988.7912,813.1135,528.6447,870.32965,779.67035,0.06561279296875,-0.02081298828125,0.99267578125,2.295379638671875,-1.472930908203125,1.9140625,1.0,2.0,1.0,4.0,2.0,95.0,event
11:26:20.999,1.043139,0.2551292,0.93043804,1.0186048,0.9007033,0.09280326,0.45979702,1.0620517,0.96199,0.1334126,0.41848785,0.6707001,0.8128262,0.11379126,-0.16463774,0.659461,0.32423326,-0.41838935,-0.59538,0.0020752505,768.3883,809.4872,802.23444,842.9304,655.9707,0.06561279296875,-0.02081298828125,0.99267578125,2.295379638671875,-1.472930908203125,1.9140625,1.0,2.0,1.0,4.0,2.0,95.0,event
11:26:21.000,1.043139,0.2551292,0.93043804,1.0186048,0.9007033,0.09280326,0.45979702,1.0620517,0.96199,0.1334126,0.41848785,0.6707001,0.8128262,0.11379126,-0.16463774,0.659461,0.32423326,-0.41838935,-0.59538,0.0020752505,678.1319,810.293,585.4579,837.6923,690.6227,0.06561279296875,-0.02081298828125,0.99267578125,2.295379638671875,-1.472930908203125,1.9140625,1.0,2.0,1.0,4.0,2.0,95.0,event
11:26:21.001,1.043139,0.2551292,0.93043804,1.0186048,0.9007033,0.09280326,0.45979702,1.0620517,0.96199,0.1334126,0.41848785,0.6707001,0.8128262,0.11379126,-0.16463774,0.659461,0.32423326,-0.41838935,-0.59538,0.0020752505,810.696,807.0696,682.1612,844.1392,783.2967,0.06561279296875,-0.02081298828125,0.99267578125,2.295379638671875,-1.472930908203125,1.9140625,1.0,2.0,1.0,4.0,2.0,95.0,event
11:26:21.036,1.043139,0.2551292,0.93043804,1.0186048,0.9007033,0.09280326,0.45979702,1.0620517,0.96199,0.1334126,0.41848785,0.6707001,0.8128262,0.11379126,-0.16463774,0.659461,0.32423326,-0.41838935,-0.59538,0.0020752505,1000.07324,807.47253,977.9121,855.42126,824.3956,0.06024169921875,-0.025634765625,0.9769287109375,2.97576904296875,-3.06549072265625,1.5850830078125,1.0,2.0,1.0,4.0,2.0,95.0,event
11:26:21.037,1.043139,0.2551292,0.93043804,1.0186048,0.9007033,0.09280326,0.45979702,1.0620517,0.96199,0.1334126,0.41848785,0.6707001,0.8128262,0.11379126,-0.16463774,0.659461,0.32423326,-0.41838935,-0.59538,0.0020752505,977.9121,807.0696,829.6337,840.10986,842.9304,0.06024169921875,-0.025634765625,0.9769287109375,2.97576904296875,-3.06549072265625,1.5850830078125,1.0,2.0,1.0,4.0,2.0,95.0,event
11:26:21.038,1.043139,0.2551292,0.93043804,1.0186048,0.9007033,0.09280326,0.45979702,1.0620517,0.96199,0.1334126,0.41848785,0.6707001,0.8128262,0.11379126,-0.16463774,0.659461,0.32423326,-0.41838935,-0.59538,0.0020752505,764.7619,807.0696,368.6813,813.1135,947.28937,0.06024169921875,-0.025634765625,0.9769287109375,2.97576904296875,-3.06549072265625,1.5850830078125,1.0,2.0,1.0,4.0,2.0,95.0,event
11:26:21.039,1.043139,0.2551292,0.93043804,1.0186048,0.9007033,0.09280326,0.45979702,1.0620517,0.96199,0.1334126,0.41848785,0.6707001,0.8128262,0.11379126,-0.16463774,0.659461,0.32423326,-0.41838935,-0.59538,0.0020752505,666.04395,809.4872,460.1465,819.5604,836.08057,0.06024169921875,-0.025634765625,0.9769287109375,2.97576904296875,-3.06549072265625,1.5850830078125,1.0,2.0,1.0,4.0,2.0,95.0,event
11:26:21.039,1.043139,0.2551292,0.93043804,1.0186048,0.9007033,0.09280326,0.45979702,1.0620517,0.96199,0.1334126,0.41848785,0.6707001,0.8128262,0.11379126,-0.16463774,0.659461,0.32423326,-0.41838935,-0.59538,0.0020752505,769.19415,805.8608,873.5531,831.2454,722.4542,0.06024169921875,-0.025634765625,0.9769287109375,2.97576904296875,-3.06549072265625,1.5850830078125,1.0,2.0,1.0,4.0,2.0,95.0,event
11:26:21.040,1.043139,0.2551292,0.93043804,1.0186048,0.9007033,0.09280326,0.45979702,1.0620517,0.96199,0.1334126,0.41848785,0.6707001,0.8128262,0.11379126,-0.16463774,0.659461,0.32423326,-0.41838935,-0.59538,0.0020752505,960.58606,801.4286,754.2857,833.663,863.8828,0.06024169921875,-0.025634765625,0.9769287109375,2.97576904296875,-3.06549072265625,1.5850830078125,1.0,2.0,1.0,4.0,2.0,95.0,event
11:26:21.041,1.043139,0.2551292,0.93043804,1.0186048,0.9007033,0.09280326,0.45979702,1.0620517,0.96199,0.1334126,0.41848785,0.6707001,0.8128262,0.11379126,-0.16463774,0.659461,0.32423326,-0.41838935,-0.59538,0.0020752505,980.7326,802.6374,315.4945,833.663,1029.4872,0.06024169921875,-0.025634765625,0.9769287109375,2.97576904296875,-3.06549072265625,1.5850830078125,1.0,2.0,1.0,4.0,2.0,95.0,event
11:26:21.042,1.043139,0.2551292,0.93043804,1.0186048,0.9007033,0.09280326,0.45979702,1.0620517,0.96199,0.1334126,0.41848785,0.6707001,0.8128262,0.11379126,-0.16463774,0.659461,0.32423326,-0.41838935,-0.59538,0.0020752505,790.54944,802.6374,386.41025,810.293,902.1612,0.06024169921875,-0.025634765625,0.9769287109375,2.97576904296875,-3.06549072265625,1.5850830078125,1.0,2.0,1.0,4.0,2.0,95.0,event
11:26:21.042,1.043139,0.2551292,0.93043804,1.0186048,0.9007033,0.09280326,0.45979702,1.0620517,0.96199,0.1334126,0.41848785,0.6707001,0.8128262,0.11379126,-0.16463774,0.659461,0.32423326,-0.41838935,-0.59538,0.0020752505,673.2967,796.99634,817.1429,801.4286,657.5824,0.06024169921875,-0.025634765625,0.9769287109375,2.97576904296875,-3.06549072265625,1.5850830078125,1.0,2.0,1.0,4.0,2.0,95.0,event
11:26:21.043,1.043139,0.2551292,0.93043804,1.0186048,0.9007033,0.09280326,0.45979702,1.0620517,0.96199,0.1334126,0.41848785,0.6707001,0.8128262,0.11379126,-0.16463774,0.659461,0.32423326,-0.41838935,-0.59538,0.0020752505,749.0476,796.5934,745.0183,813.5165,699.4872,0.06024169921875,-0.025634765625,0.9769287109375,2.97576904296875,-3.06549072265625,1.5850830078125,1.0,2.0,1.0,4.0,2.0,95.0,event
11:26:21.044,1.043139,0.2551292,0.93043804,1.0186048,0.9007033,0.09280326,0.45979702,1.0620517,0.96199,0.1334126,0.41848785,0.6707001,0.8128262,0.11379126,-0.16463774,0.659461,0.32423326,-0.41838935,-0.59538,0.0020752505,1016.99634,802.23444,757.1062,836.4835,697.0696,0.06024169921875,-0.025634765625,0.9769287109375,2.97576904296875,-3.06549072265625,1.5850830078125,1.0,2.0,1.0,4.0,2.0,95.0,event
11:26:21.044,1.043139,0.2551292,0.93043804,1.0186048,0.9007033,0.09280326,0.45979702,1.0620517,0.96199,0.1334126,0.41848785,0.6707001,0.8128262,0.11379126,-0.16463774,0.659461,0.32423326,-0.41838935,-0.59538,0.0020752505,946.4835,800.6227,609.2308,836.08057,765.16486,0.06024169921875,-0.025634765625,0.9769287109375,2.97576904296875,-3.06549072265625,1.5850830078125,1.0,2.0,1.0,4.0,2.0,95.0,event
11:26:21.068,1.043139,0.2551292,0.93043804,1.0186048,0.9007033,0.09280326,0.45979702,1.0620517,0.96199,0.1334126,0.41848785,0.6707001,0.8128262,0.11379126,-0.16463774,0.659461,0.32423326,-0.41838935,-0.59538,0.0020752505,837.28937,802.6374,786.52014,808.68134,639.45056,0.06024169921875,-0.025634765625,0.9769287109375,2.97576904296875,-3.06549072265625,1.5850830078125,1.0,2.0,1.0,4.0,2.0,95.0,event
11:26:21.070,1.043139,0.2551292,0.93043804,1.0186048,0.9007033,0.09280326,0.45979702,1.0620517,0.96199,0.1334126,0.41848785,0.6707001,0.8128262,0.11379126,-0.16463774,0.659461,0.32423326,-0.41838935,-0.59538,0.0020752505,674.10254,801.4286,590.293,798.20514,694.2491,0.06024169921875,-0.025634765625,0.9769287109375,2.97576904296875,-3.06549072265625,1.5850830078125,1.0,2.0,1.0,4.0,2.0,95.0,event
11:26:21.070,1.043139,0.2551292,0.93043804,1.0186048,0.9007033,0.09280326,0.45979702,1.0620517,0.96199,0.1334126,0.41848785,0.6707001,0.8128262,0.11379126,-0.16463774,0.659461,0.32423326,-0.41838935,-0.59538,0.0020752505,722.0513,796.1905,611.6484,801.02563,753.0769,0.06024169921875,-0.025634765625,0.9769287109375,2.97576904296875,-3.06549072265625,1.5850830078125,1.0,2.0,1.0,4.0,2.0,95.0,event
11:26:21.071,1.043139,0.2551292,0.93043804,1.0186048,0.9007033,0.09280326,0.45979702,1.0620517,0.96199,0.1334126,0.41848785,0.6707001,0.8128262,0.11379126,-0.16463774,0.659461,0.32423326,-0.41838935,-0.59538,0.0020752505,930.3663,793.7729,845.7509,803.44324,747.8388,0.06024169921875,-0.025634765625,0.9769287109375,2.97576904296875,-3.06549072265625,1.5850830078125,1.0,2.0,1.0,4.0,2.0,95.0,event
11:26:21.072,1.043139,0.2551292,0.93043804,1.0186048,0.9007033,0.09280326,0.45979702,1.0620517,0.96199,0.1334126,0.41848785,0.6707001,0.8128262,0.11379126,-0.16463774,0.659461,0.32423326,-0.41838935,-0.59538,0.0020752505,1014.9817,793.36993,806.26373,792.5641,790.14655,0.06024169921875,-0.025634765625,0.9769287109375,2.97576904296875,-3.06549072265625,1.5850830078125,1.0,2.0,1.0,4.0,2.0,95.0,event
11:26:21.072,1.043139,0.2551292,0.93043804,1.0186048,0.9007033,0.09280326,0.45979702,1.0620517,0.96199,0.1334126,0.41848785,0.6707001,0.8128262,0.11379126,-0.16463774,0.659461,0.32423326,-0.41838935,-0.59538,0.0020752505,837.6923,790.9524,378.35165,776.04395,946.08057,0.06024169921875,-0.025634765625,0.9769287109375,2.97576904296875,-3.06549072265625,1.5850830078125,1.0,2.0,1.0,4.0,2.0,95.0,event
11:26:21.073,1.043139,0.2551292,0.93043804,1.0186048,0.9007033,0.09280326,0.45979702,1.0620517,0.96199,0.1334126,0.41848785,0.6707001,0.8128262,0.11379126,-0.16463774,0.659461,0.32423326,-0.41838935,-0.59538,0.0020752505,665.64105,792.96704,34.652016,774.43225,1048.8279,0.06024169921875,-0.025634765625,0.9769287109375,2.97576904296875,-3.06549072265625,1.5850830078125,1.0,2.0,1.0,4.0,2.0,95.0,event
11:26:21.073,1.043139,0.2551292,0.93043804,1.0186048,0.9007033,0.09280326,0.45979702,1.0620517,0.96199,0.1334126,0.41848785,0.6707001,0.8128262,0.11379126,-0.16463774,0.659461,0.32423326,-0.41838935,-0.59538,0.0020752505,715.6044,800.2198,521.39197,763.5531,832.4542,0.06024169921875,-0.025634765625,0.9769287109375,2.97576904296875,-3.06549072265625,1.5850830078125,1.0,2.0,1.0,4.0,2.0,95.0,event
11:26:21.074,1.043139,0.2551292,0.93043804,1.0186048,0.9007033,0.09280326,0.45979702,1.0620517,0.96199,0.1334126,0.41848785,0.6707001,0.8128262,0.11379126,-0.16463774,0.659461,0.32423326,-0.41838935,-0.59538,0.0020752505,916.6667,796.1905,941.2454,776.04395,725.6777,0.06024169921875,-0.025634765625,0.9769287109375,2.97576904296875,-3.06549072265625,1.5850830078125,1.0,2.0,1.0,4.0,2.0,95.0,event
11:26:21.075,1.043139,0.2551292,0.93043804,1.0186048,0.9007033,0.09280326,0.45979702,1.0620517,0.96199,0.1334126,0.41848785,0.6707001,0.8128262,0.11379126,-0.16463774,0.659461,0.32423326,-0.41838935,-0.59538,0.0020752505,1006.9231,795.78754,612.0513,771.6117,866.7033,0.06024169921875,-0.025634765625,0.9769287109375,2.97576904296875,-3.06549072265625,1.5850830078125,1.0,2.0,1.0,4.0,2.0,95.0,event
11:26:21.075,1.043139,0.2551292,0.93043804,1.0186048,0.9007033,0.09280326,0.45979702,1.0620517,0.96199,0.1334126,0.41848785,0.6707001,0.8128262,0.11379126,-0.16463774,0.659461,0.32423326,-0.41838935,-0.59538,0.0020752505,852.1978,797.3993,515.34796,729.304,833.2601,0.06024169921875,-0.025634765625,0.9769287109375,2.97576904296875,-3.06549072265625,1.5850830078125,1.0,2.0,1.0,4.0,2.0,95.0,event
11:26:21.076,1.043139,0.2551292,0.93043804,1.0186048,0.9007033,0.09280326,0.45979702,1.0620517,0.96199,0.1334126,0.41848785,0.6707001,0.8128262,0.11379126,-0.16463774,0.659461,0.32423326,-0.41838935,-0.59538,0.0020752505,682.5641,789.7436,799.41394,717.619,696.6667,0.06024169921875,-0.025634765625,0.9769287109375,2.97576904296875,-3.06549072265625,1.5850830078125,1.0,2.0,1.0,4.0,2.0,95.0,event
11:26:21.099,1.043139,0.2551292,0.93043804,1.0186048,0.9007033,0.09280326,0.45979702,1.0620517,0.96199,0.1334126,0.41848785,0.6707001,0.8128262,0.11379126,-0.16463774,0.659461,0.32423326,-0.41838935,-0.59538,0.0020752505,691.8315,792.96704,798.20514,720.84247,683.7729,0.0772705078125,-0.01593017578125,0.98736572265625,2.743988037109375,-4.2767333984375,-0.725250244140625,1.0,2.0,1.0,4.0,2.0,95.0,event
11:26:21.101,1.043139,0.2551292,0.93043804,1.0186048,0.9007033,0.09280326,0.45979702,1.0620517,0.96199,0.1334126,0.41848785,0.6707001,0.8128262,0.11379126,-0.16463774,0.659461,0.32423326,-0.41838935,-0.59538,0.0020752505,853.4066,790.14655,650.7326,718.8278,701.50183,0.0772705078125,-0.01593017578125,0.98736572265625,2.743988037109375,-4.2767333984375,-0.725250244140625,1.0,2.0,1.0,4.0,2.0,95.0,event
11:26:21.101,1.043139,0.2551292,0.93043804,1.0186048,0.9007033,0.09280326,0.45979702,1.0620517,0.96199,0.1334126,0.41848785,0.6707001,0.8128262,0.11379126,-0.16463774,0.659461,0.32423326,-0.41838935,-0.59538,0.0020752505,987.5824,784.90845,777.6557,732.9304,811.9048,0.0772705078125,-0.01593017578125,0.98736572265625,2.743988037109375,-4.2767333984375,-0.725250244140625,1.0,2.0,1.0,4.0,2.0,95.0,event
11:26:21.102,1.043139,0.2551292,0.93043804,1.0186048,0.9007033,0.09280326,0.45979702,1.0620517,0.96199,0.1334126,0.41848785,0.6707001,0.8128262,0.11379126,-0.16463774,0.659461,0.32423326,-0.41838935,-0.59538,0.0020752505,875.9707,785.31134,882.8205,720.4396,791.3553,0.0772705078125,-0.01593017578125,0.98736572265625,2.743988037109375,-4.2767333984375,-0.725250244140625,1.0,2.0,1.0,4.0,2.0,95.0,event
11:26:21.103,1.043139,0.2551292,0.93043804,1.0186048,0.9007033,0.09280326,0.45979702,1.0620517,0.96199,0.1334126,0.41848785,0.6707001,0.8128262,0.11379126,-0.16463774,0.659461,0.32423326,-0.41838935,-0.59538,0.0020752505,678.1319,786.9231,718.8278,713.1868,748.24176,0.0772705078125,-0.01593017578125,0.98736572265625,2.743988037109375,-4.2767333984375,-0.725250244140625,1.0,2.0,1.0,4.0,2.0,95.0,event
11:26:21.104,1.043139,0.2551292,0.93043804,1.0186048,0.9007033,0.09280326,0.45979702,1.0620517,0.96199,0.1334126,0.41848785,0.6707001,0.8128262,0.11379126,-0.16463774,0.659461,0.32423326,-0.41838935,-0.59538,0.0020752505,662.8205,788.5348,490.76923,734.1392,817.9487,0.0772705078125,-0.01593017578125,0.98736572265625,2.743988037109375,-4.2767333984375,-0.725250244140625,1.0,2.0,1.0,4.0,2.0,95.0,event
11:26:21.104,1.043139,0.2551292,0.93043804,1.0186048,0.9007033,0.09280326,0.45979702,1.0620517,0.96199,0.1334126,0.41848785,0.6707001,0.8128262,0.11379126,-0.16463774,0.659461,0.32423326,-0.41838935,-0.59538,0.0020752505,832.8571,790.9524,460.1465,758.71796,795.38464,0.0772705078125,-0.01593017578125,0.98736572265625,2.743988037109375,-4.2767333984375,-0.725250244140625,1.0,2.0,1.0,4.0,2.0,95.0,event
11:26:21.105,1.043139,0.2551292,0.93043804,1.0186048,0.9007033,0.09280326,0.45979702,1.0620517,0.96199,0.1334126,0.41848785,0.6707001,0.8128262,0.11379126,-0.16463774,0.659461,0.32423326,-0.41838935,-0.59538,0.0020752505,989.19415,793.36993,577.8022,782.8938,853.00366,0.0772705078125,-0.01593017578125,0.98736572265625,2.743988037109375,-4.2767333984375,-0.725250244140625,1.0,2.0,1.0,4.0,2.0,95.0,event
11:26:21.106,1.043139,0.2551292,0.93043804,1.0186048,0.9007033,0.09280326,0.45979702,1.0620517,0.96199,0.1334126,0.41848785,0.6707001,0.8128262,0.11379126,-0.16463774,0.659461,0.32423326,-0.41838935,-0.59538,0.0020752505,903.7729,792.5641,542.3443,763.5531,834.87177,0.0772705078125,-0.01593017578125,0.98736572265625,2.743988037109375,-4.2767333984375,-0.725250244140625,1.0,2.0,1.0,4.0,2.0,95.0,event
11:26:21.106,1.043139,0.2551292,0.93043804,1.0186048,0.9007033,0.09280326,0.45979702,1.0620517,0.96199,0.1334126,0.41848785,0.6707001,0.8128262,0.11379126,-0.16463774,0.659461,0.32423326,-0.41838935,-0.59538,0.0020752505,673.69965,788.93774,134.57875,729.304,1005.7143,0.0772705078125,-0.01593017578125,0.98736572265625,2.743988037109375,-4.2767333984375,-0.725250244140625,1.0,2.0,1.0,4.0,2.0,95.0,event
11:26:21.107,1.043139,0.2551292,0.93043804,1.0186048,0.9007033,0.09280326,0.45979702,1.0620517,0.96199,0.1334126,0.41848785,0.6707001,0.8128262,0.11379126,-0.16463774,0.659461,0.32423326,-0.41838935,-0.59538,0.0020752505,809.0842,795.38464,786.1172,728.9011,672.49084,0.0772705078125,-0.01593017578125,0.98736572265625,2.743988037109375,-4.2767333984375,-0.725250244140625,1.0,2.0,1.0,4.0,2.0,95.0,event
11:26:21.107,1.043139,0.2551292,0.93043804,1.0186048,0.9007033,0.09280326,0.45979702,1.0620517,0.96199,0.1334126,0.41848785,0.6707001,0.8128262,0.11379126,-0.16463774,0.659461,0.32423326,-0.41838935,-0.59538,0.0020752505,632.6007,791.75824,195.42125,713.1868,994.0293,0.0772705078125,-0.01593017578125,0.98736572265625,2.743988037109375,-4.2767333984375,-0.725250244140625,1.0,2.0,1.0,4.0,2.0,95.0,event
11:26:21.167,1.043139,0.2551292,0.93043804,1.0186048,0.9007033,0.09280326,0.45979702,1.0620517,0.96199,0.1334126,0.41848785,0.6707001,0.8128262,0.11379126,-0.16463774,0.659461,0.32423326,-0.41838935,-0.59538,0.0020752505,967.03296,797.8022,749.0476,750.2564,751.06226,0.07684326171875,-0.02056884765625,0.98114013671875,1.592559814453125,-3.701019287109375,0.418701171875,1.0,2.0,1.0,4.0,2.0,95.0,event
11:26:21.168,1.043139,0.2551292,0.93043804,1.0186048,0.9007033,0.09280326,0.45979702,1.0620517,0.96199,0.1334126,0.41848785,0.6707001,0.8128262,0.11379126,-0.16463774,0.659461,0.32423326,-0.41838935,-0.59538,0.0020752505,918.68134,801.8315,637.8388,745.42126,795.78754,0.07684326171875,-0.02056884765625,0.98114013671875,1.592559814453125,-3.701019287109375,0.418701171875,1.0,2.0,1.0,4.0,2.0,95.0,event
11:26:21.173,1.043139,0.2551292,0.93043804,1.0186048,0.9007033,0.09280326,0.45979702,1.0620517,0.96199,0.1334126,0.41848785,0.6707001,0.8128262,0.11379126,-0.16463774,0.659461,0.32423326,-0.41838935,-0.59538,0.0020752505,717.619,802.23444,755.4945,728.49817,723.663,0.07684326171875,-0.02056884765625,0.98114013671875,1.592559814453125,-3.701019287109375,0.418701171875,1.0,2.0,1.0,4.0,2.0,95.0,event
11:26:21.174,1.043139,0.2551292,0.93043804,1.0186048,0.9007033,0.09280326,0.45979702,1.0620517,0.96199,0.1334126,0.41848785,0.6707001,0.8128262,0.11379126,-0.16463774,0.659461,0.32423326,-0.41838935,-0.59538,0.0020752505,637.4359,798.20514,838.49817,727.28937,703.1135,0.07684326171875,-0.02056884765625,0.98114013671875,1.592559814453125,-3.701019287109375,0.418701171875,1.0,2.0,1.0,4.0,2.0,95.0,event
11:26:21.175,1.043139,0.2551292,0.93043804,1.0186048,0.9007033,0.09280326,0.45979702,1.0620517,0.96199,0.1334126,0.41848785,0.6707001,0.8128262,0.11379126,-0.16463774,0.659461,0.32423326,-0.41838935,-0.59538,0.0020752505,774.43225,794.57874,729.304,751.4652,791.3553,0.07684326171875,-0.02056884765625,0.98114013671875,1.592559814453125,-3.701019287109375,0.418701171875,1.0,2.0,1.0,4.0,2.0,95.0,event
11:26:21.176,1.043139,0.2551292,0.93043804,1.0186048,0.9007033,0.09280326,0.45979702,1.0620517,0.96199,0.1334126,0.41848785,0.6707001,0.8128262,0.11379126,-0.16463774,0.659461,0.32423326,-0.41838935,-0.59538,0.0020752505,961.39197,799.011,608.8278,772.4176,927.5458,0.07684326171875,-0.02056884765625,0.98114013671875,1.592559814453125,-3.701019287109375,0.418701171875,1.0,2.0,1.0,4.0,2.0,95.0,event
11:26:21.176,1.043139,0.2551292,0.93043804,1.0186048,0.9007033,0.09280326,0.45979702,1.0620517,0.96199,0.1334126,0.41848785,0.6707001,0.8128262,0.11379126,-0.16463774,0.659461,0.32423326,-0.41838935,-0.59538,0.0020752505,940.4396,807.47253,521.79486,767.5824,845.34796,0.07684326171875,-0.02056884765625,0.98114013671875,1.592559814453125,-3.701019287109375,0.418701171875,1.0,2.0,1.0,4.0,2.0,95.0,event
11:26:21.177,1.043139,0.2551292,0.93043804,1.0186048,0.9007033,0.09280326,0.45979702,1.0620517,0.96199,0.1334126,0.41848785,0.6707001,0.8128262,0.11379126,-0.16463774,0.659461,0.32423326,-0.41838935,-0.59538,0.0020752505,735.7509,807.8755,558.0586,748.6447,707.9487,0.07684326171875,-0.02056884765625,0.98114013671875,1.592559814453125,-3.701019287109375,0.418701171875,1.0,2.0,1.0,4.0,2.0,95.0,event
11:26:21.178,1.043139,0.2551292,0.93043804,1.0186048,0.9007033,0.09280326,0.45979702,1.0620517,0.96199,0.1334126,0.41848785,0.6707001,0.8128262,0.11379126,-0.16463774,0.659461,0.32423326,-0.41838935,-0.59538,0.0020752505,626.55676,802.6374,398.49817,751.06226,822.7839,0.07684326171875,-0.02056884765625,0.98114013671875,1.592559814453125,-3.701019287109375,0.418701171875,1.0,2.0,1.0,4.0,2.0,95.0,event
11:26:21.179,1.043139,0.2551292,0.93043804,1.0186048,0.9007033,0.09280326,0.45979702,1.0620517,0.96199,0.1334126,0.41848785,0.6707001,0.8128262,0.11379126,-0.16463774,0.659461,0.32423326,-0.41838935,-0.59538,0.0020752505,727.6923,803.8461,179.30403,760.32965,907.3993,0.07684326171875,-0.02056884765625,0.98114013671875,1.592559814453125,-3.701019287109375,0.418701171875,1.0,2.0,1.0,4.0,2.0,95.0,event
11:26:21.179,1.043139,0.2551292,0.93043804,1.0186048,0.9007033,0.09280326,0.45979702,1.0620517,0.96199,0.1334126,0.41848785,0.6707001,0.8128262,0.11379126,-0.16463774,0.659461,0.32423326,-0.41838935,-0.59538,0.0020752505,937.619,804.2491,565.31134,769.59705,742.6007,0.07684326171875,-0.02056884765625,0.98114013671875,1.592559814453125,-3.701019287109375,0.418701171875,1.0,2.0,1.0,4.0,2.0,95.0,event
11:26:21.180,1.043139,0.2551292,0.93043804,1.0186048,0.9007033,0.09280326,0.45979702,1.0620517,0.96199,0.1334126,0.41848785,0.6707001,0.8128262,0.11379126,-0.16463774,0.659461,0.32423326,-0.41838935,-0.59538,0.0020752505,960.18317,799.011,657.1795,768.3883,711.1722,0.07684326171875,-0.02056884765625,0.98114013671875,1.592559814453125,-3.701019287109375,0.418701171875,1.0,2.0,1.0,4.0,2.0,95.0,event
11:26:21.203,1.043139,0.2551292,0.93043804,1.0186048,0.9007033,0.09280326,0.45979702,1.0620517,0.96199,0.1334126,0.41848785,0.6707001,0.8128262,0.11379126,-0.16463774,0.659461,0.32423326,-0.41838935,-0.59538,0.0020752505,746.2271,798.60803,437.98535,753.0769,772.8205,0.0655517578125,-0.02960205078125,0.98577880859375,0.97198486328125,-3.058013916015625,-1.786956787109375,1.0,2.0,1.0,4.0,2.0,95.0,event
11:26:21.204,1.043139,0.2551292,0.93043804,1.0186048,0.9007033,0.09280326,0.45979702,1.0620517,0.96199,0.1334126,0.41848785,0.6707001,0.8128262,0.11379126,-0.16463774,0.659461,0.32423326,-0.41838935,-0.59538,0.0020752505,620.9158,804.2491,514.5421,769.19415,730.10986,0.0655517578125,-0.02960205078125,0.98577880859375,0.97198486328125,-3.058013916015625,-1.786956787109375,1.0,2.0,1.0,4.0,2.0,95.0,event
11:26:21.205,1.043139,0.2551292,0.93043804,1.0186048,0.9007033,0.09280326,0.45979702,1.0620517,0.96199,0.1334126,0.41848785,0.6707001,0.8128262,0.11379126,-0.16463774,0.659461,0.32423326,-0.41838935,-0.59538,0.0020752505,720.0366,806.26373,815.5311,796.1905,636.63007,0.0655517578125,-0.02960205078125,0.98577880859375,0.97198486328125,-3.058013916015625,-1.786956787109375,1.0,2.0,1.0,4.0,2.0,95.0,event
11:26:21.207,1.043139,0.2551292,0.93043804,1.0186048,0.9007033,0.09280326,0.45979702,1.0620517,0.96199,0.1334126,0.41848785,0.6707001,0.8128262,0.11379126,-0.16463774,0.659461,0.32423326,-0.41838935,-0.59538,0.0020752505,921.9048,805.05493,824.3956,820.7692,723.2601,0.0655517578125,-0.02960205078125,0.98577880859375,0.97198486328125,-3.058013916015625,-1.786956787109375,1.0,2.0,1.0,4.0,2.0,95.0,event
11:26:21.208,1.043139,0.2551292,0.93043804,1.0186048,0.9007033,0.09280326,0.45979702,1.0620517,0.96199,0.1334126,0.41848785,0.6707001,0.8128262,0.11379126,-0.16463774,0.659461,0.32423326,-0.41838935,-0.59538,0.0020752505,966.2271,807.8755,725.2747,833.663,857.03296,0.0655517578125,-0.02960205078125,0.98577880859375,0.97198486328125,-3.058013916015625,-1.786956787109375,1.0,2.0,1.0,4.0,2.0,95.0,event
11:26:21.209,1.043139,0.2551292,0.93043804,1.0186048,0.9007033,0.09280326,0.45979702,1.0620517,0.96199,0.1334126,0.41848785,0.6707001,0.8128262,0.11379126,-0.16463774,0.659461,0.32423326,-0.41838935,-0.59538,0.0020752505,766.77655,807.0696,546.3736,819.15753,936.8132,0.0655517578125,-0.02960205078125,0.98577880859375,0.97198486328125,-3.058013916015625,-1.786956787109375,1.0,2.0,1.0,4.0,2.0,95.0,event
11:26:21.210,1.043139,0.2551292,0.93043804,1.0186048,0.9007033,0.09280326,0.45979702,1.0620517,0.96199,0.1334126,0.41848785,0.6707001,0.8128262,0.11379126,-0.16463774,0.659461,0.32423326,-0.41838935,-0.59538,0.0020752505,625.34796,806.6667,479.08426,825.6044,929.5604,0.0655517578125,-0.02960205078125,0.98577880859375,0.97198486328125,-3.058013916015625,-1.786956787109375,1.0,2.0,1.0,4.0,2.0,95.0,event
11:26:21.211,1.043139,0.2551292,0.93043804,1.0186048,0.9007033,0.09280326,0.45979702,1.0620517,0.96199,0.1334126,0.41848785,0.6707001,0.8128262,0.11379126,-0.16463774,0.659461,0.32423326,-0.41838935,-0.59538,0.0020752505,694.65204,806.6667,572.5641,840.10986,816.7399,0.0655517578125,-0.02960205078125,0.98577880859375,0.97198486328125,-3.058013916015625,-1.786956787109375,1.0,2.0,1.0,4.0,2.0,95.0,event
11:26:21.212,1.043139,0.2551292,0.93043804,1.0186048,0.9007033,0.09280326,0.45979702,1.0620517,0.96199,0.1334126,0.41848785,0.6707001,0.8128262,0.11379126,-0.16463774,0.659461,0.32423326,-0.41838935,-0.59538,0.0020752505,875.9707,807.0696,299.3773,859.85345,1048.022,0.0655517578125,-0.02960205078125,0.98577880859375,0.97198486328125,-3.058013916015625,-1.786956787109375,1.0,2.0,1.0,4.0,2.0,95.0,event
11:26:21.213,1.043139,0.2551292,0.93043804,1.0186048,0.9007033,0.09280326,0.45979702,1.0620517,0.96199,0.1334126,0.41848785,0.6707001,0.8128262,0.11379126,-0.16463774,0.659461,0.32423326,-0.41838935,-0.59538,0.0020752505,956.55676,809.4872,432.34433,874.7619,1089.9268,0.0655517578125,-0.02960205078125,0.98577880859375,0.97198486328125,-3.058013916015625,-1.786956787109375,1.0,2.0,1.0,4.0,2.0,95.0,event
11:26:21.213,1.043139,0.2551292,0.93043804,1.0186048,0.9007033,0.09280326,0.45979702,1.0620517,0.96199,0.1334126,0.41848785,0.6707001,0.8128262,0.11379126,-0.16463774,0.659461,0.32423326,-0.41838935,-0.59538,0.0020752505,799.011,805.4579,868.315,856.63007,716.0073,0.0655517578125,-0.02960205078125,0.98577880859375,0.97198486328125,-3.058013916015625,-1.786956787109375,1.0,2.0,1.0,4.0,2.0,95.0,event
11:26:21.214,1.043139,0.2551292,0.93043804,1.0186048,0.9007033,0.09280326,0.45979702,1.0620517,0.96199,0.1334126,0.41848785,0.6707001,0.8128262,0.11379126,-0.16463774,0.659461,0.32423326,-0.41838935,-0.59538,0.0020752505,628.5714,804.2491,585.8608,846.55676,684.57874,0.0655517578125,-0.02960205078125,0.98577880859375,0.97198486328125,-3.058013916015625,-1.786956787109375,1.0,2.0,1.0,4.0,2.0,95.0,event
11:26:21.236,1.043139,0.2551292,0.93043804,1.0186048,0.9007033,0.09280326,0.45979702,1.0620517,0.96199,0.1334126,0.41848785,0.6707001,0.8128262,0.11379126,-0.16463774,0.659461,0.32423326,-0.41838935,-0.59538,0.0020752505,670.07324,804.2491,437.58243,864.2857,761.13556,0.08538818359375,-0.026611328125,0.987548828125,2.13836669921875,-3.0206298828125,0.10467529296875,1.0,2.0,1.0,4.0,2.0,95.0,event
11:26:21.237,1.043139,0.2551292,0.93043804,1.0186048,0.9007033,0.09280326,0.45979702,1.0620517,0.96199,0.1334126,0.41848785,0.6707001,0.8128262,0.11379126,-0.16463774,0.659461,0.32423326,-0.41838935,-0.59538,0.0020752505,882.8205,800.6227,703.5165,877.1795,801.4286,0.08538818359375,-0.026611328125,0.987548828125,2.13836669921875,-3.0206298828125,0.10467529296875,1.0,2.0,1.0,4.0,2.0,95.0,event
11:26:21.238,1.043139,0.2551292,0.93043804,1.0186048,0.9007033,0.09280326,0.45979702,1.0620517,0.96199,0.1334126,0.41848785,0.6707001,0.8128262,0.11379126,-0.16463774,0.659461,0.32423326,-0.41838935,-0.59538,0.0020752505,985.16486,803.8461,804.65204,876.3736,781.685,0.08538818359375,-0.026611328125,0.987548828125,2.13836669921875,-3.0206298828125,0.10467529296875,1.0,2.0,1.0,4.0,2.0,95.0,event
11:26:21.239,1.043139,0.2551292,0.93043804,1.0186048,0.9007033,0.09280326,0.45979702,1.0620517,0.96199,0.1334126,0.41848785,0.6707001,0.8128262,0.11379126,-0.16463774,0.659461,0.32423326,-0.41838935,-0.59538,0.0020752505,826.0073,804.2491,555.2381,870.7326,798.60803,0.08538818359375,-0.026611328125,0.987548828125,2.13836669921875,-3.0206298828125,0.10467529296875,1.0,2.0,1.0,4.0,2.0,95.0,event
11:26:21.242,1.043139,0.2551292,0.93043804,1.0186048,0.9007033,0.09280326,0.45979702,1.0620517,0.96199,0.1334126,0.41848785,0.6707001,0.8128262,0.11379126,-0.16463774,0.659461,0.32423326,-0.41838935,-0.59538,0.0020752505,635.42126,803.8461,384.79852,849.7802,864.2857,0.08538818359375,-0.026611328125,0.987548828125,2.13836669921875,-3.0206298828125,0.10467529296875,1.0,2.0,1.0,4.0,2.0,95.0,event
11:26:21.243,1.043139,0.2551292,0.93043804,1.0186048,0.9007033,0.09280326,0.45979702,1.0620517,0.96199,0.1334126,0.41848785,0.6707001,0.8128262,0.11379126,-0.16463774,0.659461,0.32423326,-0.41838935,-0.59538,0.0020752505,673.2967,808.2784,561.28204,848.5714,799.41394,0.08538818359375,-0.026611328125,0.987548828125,2.13836669921875,-3.0206298828125,0.10467529296875,1.0,2.0,1.0,4.0,2.0,95.0,event
11:26:21.244,1.043139,0.2551292,0.93043804,1.0186048,0.9007033,0.09280326,0.45979702,1.0620517,0.96199,0.1334126,0.41848785,0.6707001,0.8128262,0.11379126,-0.16463774,0.659461,0.32423326,-0.41838935,-0.59538,0.0020752505,875.56775,805.4579,708.3516,871.53845,846.1539,0.08538818359375,-0.026611328125,0.987548828125,2.13836669921875,-3.0206298828125,0.10467529296875,1.0,2.0,1.0,4.0,2.0,95.0,event
11:26:21.244,1.043139,0.2551292,0.93043804,1.0186048,0.9007033,0.09280326,0.45979702,1.0620517,0.96199,0.1334126,0.41848785,0.6707001,0.8128262,0.11379126,-0.16463774,0.659461,0.32423326,-0.41838935,-0.59538,0.0020752505,966.63007,798.60803,473.44324,873.95605,941.2454,0.08538818359375,-0.026611328125,0.987548828125,2.13836669921875,-3.0206298828125,0.10467529296875,1.0,2.0,1.0,4.0,2.0,95.0,event
11:26:21.245,1.043139,0.2551292,0.93043804,1.0186048,0.9007033,0.09280326,0.45979702,1.0620517,0.96199,0.1334126,0.41848785,0.6707001,0.8128262,0.11379126,-0.16463774,0.659461,0.32423326,-0.41838935,-0.59538,0.0020752505,828.8278,799.011,168.02197,848.5714,949.707,0.08538818359375,-0.026611328125,0.987548828125,2.13836669921875,-3.0206298828125,0.10467529296875,1.0,2.0,1.0,4.0,2.0,95.0,event
11:26:21.245,1.043139,0.2551292,0.93043804,1.0186048,0.9007033,0.09280326,0.45979702,1.0620517,0.96199,0.1334126,0.41848785,0.6707001,0.8128262,0.11379126,-0.16463774,0.659461,0.32423326,-0.41838935,-0.59538,0.0020752505,655.56775,799.81683,599.5604,845.34796,732.9304,0.08538818359375,-0.026611328125,0.987548828125,2.13836669921875,-3.0206298828125,0.10467529296875,1.0,2.0,1.0,4.0,2.0,95.0,event
11:26:21.246,1.043139,0.2551292,0.93043804,1.0186048,0.9007033,0.09280326,0.45979702,1.0620517,0.96199,0.1334126,0.41848785,0.6707001,0.8128262,0.11379126,-0.16463774,0.659461,0.32423326,-0.41838935,-0.59538,0.0020752505,650.7326,799.81683,824.7985,850.989,679.7436,0.08538818359375,-0.026611328125,0.987548828125,2.13836669921875,-3.0206298828125,0.10467529296875,1.0,2.0,1.0,4.0,2.0,95.0,event
11:26:21.247,1.043139,0.2551292,0.93043804,1.0186048,0.9007033,0.09280326,0.45979702,1.0620517,0.96199,0.1334126,0.41848785,0.6707001,0.8128262,0.11379126,-0.16463774,0.659461,0.32423326,-0.41838935,-0.59538,0.0020752505,820.7692,805.4579,758.71796,854.61536,768.7912,0.08538818359375,-0.026611328125,0.987548828125,2.13836669921875,-3.0206298828125,0.10467529296875,1.0,2.0,1.0,4.0,2.0,95.0,event
11:26:21.343,1.043139,0.2551292,0.93043804,1.0186048,0.9007033,0.09280326,0.45979702,1.0620517,0.96199,0.1334126,0.41848785,0.6707001,0.8128262,0.11379126,-0.16463774,0.659461,0.32423326,-0.41838935,-0.59538,0.0020752505,977.1062,807.0696,855.42126,861.8681,790.54944,0.08538818359375,-0.026611328125,0.987548828125,2.13836669921875,-3.0206298828125,0.10467529296875,1.0,2.0,1.0,4.0,2.0,95.0,event
11:26:21.344,1.043139,0.2551292,0.93043804,1.0186048,0.9007033,0.09280326,0.45979702,1.0620517,0.96199,0.1334126,0.41848785,0.6707001,0.8128262,0.11379126,-0.16463774,0.659461,0.32423326,-0.41838935,-0.59538,0.0020752505,886.8498,806.26373,890.4762,838.49817,735.7509,0.08538818359375,-0.026611328125,0.987548828125,2.13836669921875,-3.0206298828125,0.10467529296875,1.0,2.0,1.0,4.0,2.0,95.0,event
11:26:21.346,1.043139,0.2551292,0.93043804,1.0186048,0.9007033,0.09280326,0.45979702,1.0620517,0.96199,0.1334126,0.41848785,0.6707001,0.8128262,0.11379126,-0.16463774,0.659461,0.32423326,-0.41838935,-0.59538,0.0020752505,664.83514,803.8461,738.5714,815.5311,728.49817,0.08538818359375,-0.026611328125,0.987548828125,2.13836669921875,-3.0206298828125,0.10467529296875,1.0,2.0,1.0,4.0,2.0,95.0,event
11:26:21.348,1.043139,0.2551292,0.93043804,1.0186048,0.9007033,0.09280326,0.45979702,1.0620517,0.96199,0.1334126,0.41848785,0.6707001,0.8128262,0.11379126,-0.16463774,0.659461,0.32423326,-0.41838935,-0.59538,0.0020752505,621.7216,803.44324,616.8865,815.5311,732.1245,0.08538818359375,-0.026611328125,0.987548828125,2.13836669921875,-3.0206298828125,0.10467529296875,1.0,2.0,1.0,4.0,2.0,95.0,event
11:26:21.350,1.043139,0.2551292,0.93043804,1.0186048,0.9007033,0.09280326,0.45979702,1.0620517,0.96199,0.1334126,0.41848785,0.6707001,0.8128262,0.11379126,-0.16463774,0.659461,0.32423326,-0.41838935,-0.59538,0.0020752505,807.8755,804.65204,692.23444,839.707,754.2857,0.08538818359375,-0.026611328125,0.987548828125,2.13836669921875,-3.0206298828125,0.10467529296875,1.0,2.0,1.0,4.0,2.0,95.0,event
11:26:21.352,1.043139,0.2551292,0.93043804,1.0186048,0.9007033,0.09280326,0.45979702,1.0620517,0.96199,0.1334126,0.41848785,0.6707001,0.8128262,0.11379126,-0.16463774,0.659461,0.32423326,-0.41838935,-0.59538,0.0020752505,971.8681,801.02563,668.86444,845.34796,803.0403,0.08538818359375,-0.026611328125,0.987548828125,2.13836669921875,-3.0206298828125,0.10467529296875,1.0,2.0,1.0,4.0,2.0,95.0,event
11:26:21.354,1.043139,0.2551292,0.93043804,1.0186048,0.9007033,0.09280326,0.45979702,1.0620517,0.96199,0.1334126,0.41848785,0.6707001,0.8128262,0.11379126,-0.16463774,0.659461,0.32423326,-0.41838935,-0.59538,0.0020752505,893.69965,801.02563,554.83514,816.337,858.6447,0.08538818359375,-0.026611328125,0.987548828125,2.13836669921875,-3.0206298828125,0.10467529296875,1.0,2.0,1.0,4.0,2.0,95.0,event
11:26:21.356,1.043139,0.2551292,0.93043804,1.0186048,0.9007033,0.09280326,0.45979702,1.0620517,0.96199,0.1334126,0.41848785,0.6707001,0.8128262,0.11379126,-0.16463774,0.659461,0.32423326,-0.41838935,-0.59538,0.0020752505,671.28204,799.011,171.64835,800.2198,1054.8718,0.08538818359375,-0.026611328125,0.987548828125,2.13836669921875,-3.0206298828125,0.10467529296875,1.0,2.0,1.0,4.0,2.0,95.0,event
11:26:21.358,1.043139,0.2551292,0.93043804,1.0186048,0.9007033,0.09280326,0.45979702,1.0620517,0.96199,0.1334126,0.41848785,0.6707001,0.8128262,0.11379126,-0.16463774,0.659461,0.32423326,-0.41838935,-0.59538,0.0020752505,621.7216,805.05493,155.53113,814.3223,970.2564,0.08538818359375,-0.026611328125,0.987548828125,2.13836669921875,-3.0206298828125,0.10467529296875,1.0,2.0,1.0,4.0,2.0,95.0,event
11:26:21.360,1.043139,0.2551292,0.93043804,1.0186048,0.9007033,0.09280326,0.45979702,1.0620517,0.96199,0.1334126,0.41848785,0.6707001,0.8128262,0.11379126,-0.16463774,0.659461,0.32423326,-0.41838935,-0.59538,0.0020752505,782.49084,810.293,757.50916,829.2308,686.99634,0.08538818359375,-0.026611328125,0.987548828125,2.13836669921875,-3.0206298828125,0.10467529296875,1.0,2.0,1.0,4.0,2.0,95.0,event
11:26:21.361,1.043139,0.2551292,0.93043804,1.0186048,0.9007033,0.09280326,0.45979702,1.0620517,0.96199,0.1334126,0.41848785,0.6707001,0.8128262,0.11379126,-0.16463774,0.659461,0.32423326,-0.41838935,-0.59538,0.0020752505,940.0366,800.2198,817.9487,828.4249,734.1392,0.08538818359375,-0.026611328125,0.987548828125,2.13836669921875,-3.0206298828125,0.10467529296875,1.0,2.0,1.0,4.0,2.0,95.0,event
11:26:21.363,1.043139,0.2551292,0.93043804,1.0186048,0.9007033,0.09280326,0.45979702,1.0620517,0.96199,0.1334126,0.41848785,0.6707001,0.8128262,0.11379126,-0.16463774,0.659461,0.32423326,-0.41838935,-0.59538,0.0020752505,917.0696,801.02563,653.1502,824.7985,754.68866,0.08538818359375,-0.026611328125,0.987548828125,2.13836669921875,-3.0206298828125,0.10467529296875,1.0,2.0,1.0,4.0,2.0,95.0,event
11:26:21.410,1.043139,0.2551292,0.93043804,1.0186048,0.9007033,0.09280326,0.45979702,1.0620517,0.96199,0.1334126,0.41848785,0.6707001,0.8128262,0.11379126,-0.16463774,0.659461,0.32423326,-0.41838935,-0.59538,0.0020752505,726.8865,807.0696,752.27106,821.5751,683.7729,0.06591796875,-0.0296630859375,0.97625732421875,2.093505859375,-3.506622314453125,0.261688232421875,1.0,2.0,1.0,4.0,2.0,95.0,event
11:26:21.412,1.043139,0.2551292,0.93043804,1.0186048,0.9007033,0.09280326,0.45979702,1.0620517,0.96199,0.1334126,0.41848785,0.6707001,0.8128262,0.11379126,-0.16463774,0.659461,0.32423326,-0.41838935,-0.59538,0.0020752505,641.06226,805.4579,813.91943,813.1135,657.1795,0.06591796875,-0.0296630859375,0.97625732421875,2.093505859375,-3.506622314453125,0.261688232421875,1.0,2.0,1.0,4.0,2.0,95.0,event
11:26:21.414,1.043139,0.2551292,0.93043804,1.0186048,0.9007033,0.09280326,0.45979702,1.0620517,0.96199,0.1334126,0.41848785,0.6707001,0.8128262,0.11379126,-0.16463774,0.659461,0.32423326,-0.41838935,-0.59538,0.0020752505,753.0769,803.0403,663.22345,828.8278,741.39197,0.06591796875,-0.0296630859375,0.97625732421875,2.093505859375,-3.506622314453125,0.261688232421875,1.0,2.0,1.0,4.0,2.0,95.0,event
11:26:21.416,1.043139,0.2551292,0.93043804,1.0186048,0.9007033,0.09280326,0.45979702,1.0620517,0.96199,0.1334126,0.41848785,0.6707001,0.8128262,0.11379126,-0.16463774,0.659461,0.32423326,-0.41838935,-0.59538,0.0020752505,959.7802,807.47253,734.94507,850.18317,844.1392,0.06591796875,-0.0296630859375,0.97625732421875,2.093505859375,-3.506622314453125,0.261688232421875,1.0,2.0,1.0,4.0,2.0,95.0,event
11:26:21.418,1.043139,0.2551292,0.93043804,1.0186048,0.9007033,0.09280326,0.45979702,1.0620517,0.96199,0.1334126,0.41848785,0.6707001,0.8128262,0.11379126,-0.16463774,0.659461,0.32423326,-0.41838935,-0.59538,0.0020752505,987.5824,809.89014,926.7399,842.52747,826.8132,0.06591796875,-0.0296630859375,0.97625732421875,2.093505859375,-3.506622314453125,0.261688232421875,1.0,2.0,1.0,4.0,2.0,95.0,event
11:26:21.420,1.043139,0.2551292,0.93043804,1.0186048,0.9007033,0.09280326,0.45979702,1.0620517,0.96199,0.1334126,0.41848785,0.6707001,0.8128262,0.11379126,-0.16463774,0.659461,0.32423326,-0.41838935,-0.59538,0.0020752505,759.92676,803.8461,679.7436,815.5311,847.76556,0.06591796875,-0.0296630859375,0.97625732421875,2.093505859375,-3.506622314453125,0.261688232421875,1.0,2.0,1.0,4.0,2.0,95.0,event
11:26:21.424,,,,,,,,,,,,,,,,,,,,,,,,,,,,,,,,,,,,,,blink
11:26:21.427,1.043139,0.2551292,0.93043804,1.0186048,0.9007033,0.09280326,0.45979702,1.0620517,0.96199,0.1334126,0.41848785,0.6707001,0.8128262,0.11379126,-0.16463774,0.659461,0.32423326,-0.41838935,-0.59538,0.0020752505,641.4652,804.65204,338.86447,820.7692,975.89746,0.06591796875,-0.0296630859375,0.97625732421875,2.093505859375,-3.506622314453125,0.261688232421875,1.0,2.0,1.0,4.0,2.0,95.0,event
11:26:21.429,1.043139,0.2551292,0.93043804,1.0186048,0.9007033,0.09280326,0.45979702,1.0620517,0.96199,0.1334126,0.41848785,0.6707001,0.8128262,0.11379126,-0.16463774,0.659461,0.32423326,-0.41838935,-0.59538,0.0020752505,726.8865,806.26373,366.66666,841.7216,981.13556,0.06591796875,-0.0296630859375,0.97625732421875,2.093505859375,-3.506622314453125,0.261688232421875,1.0,2.0,1.0,4.0,2.0,95.0,event
11:26:21.431,1.043139,0.2551292,0.93043804,1.0186048,0.9007033,0.09280326,0.45979702,1.0620517,0.96199,0.1334126,0.41848785,0.6707001,0.8128262,0.11379126,-0.16463774,0.659461,0.32423326,-0.41838935,-0.59538,0.0020752505,930.3663,806.6667,661.6117,847.76556,827.619,0.06591796875,-0.0296630859375,0.97625732421875,2.093505859375,-3.506622314453125,0.261688232421875,1.0,2.0,1.0,4.0,2.0,95.0,event
11:26:21.433,1.043139,0.2551292,0.93043804,1.0186048,0.9007033,0.09280326,0.45979702,1.0620517,0.96199,0.1334126,0.41848785,0.6707001,0.8128262,0.11379126,-0.16463774,0.659461,0.32423326,-0.41838935,-0.59538,0.0020752505,984.7619,807.47253,907.8022,843.73627,761.9414,0.06591796875,-0.0296630859375,0.97625732421875,2.093505859375,-3.506622314453125,0.261688232421875,1.0,2.0,1.0,4.0,2.0,95.0,event
11:26:21.435,1.043139,0.2551292,0.93043804,1.0186048,0.9007033,0.09280326,0.45979702,1.0620517,0.96199,0.1334126,0.41848785,0.6707001,0.8128262,0.11379126,-0.16463774,0.659461,0.32423326,-0.41838935,-0.59538,0.0020752505,760.32965,802.23444,500.03662,807.47253,938.022,0.06591796875,-0.0296630859375,0.97625732421875,2.093505859375,-3.506622314453125,0.261688232421875,1.0,2.0,1.0,4.0,2.0,95.0,event
11:26:21.436,1.043139,0.2551292,0.93043804,1.0186048,0.9007033,0.09280326,0.45979702,1.0620517,0.96199,0.1334126,0.41848785,0.6707001,0.8128262,0.11379126,-0.16463774,0.659461,0.32423326,-0.41838935,-0.59538,0.0020752505,633.8095,804.2491,178.49817,778.86444,988.7912,0.06591796875,-0.0296630859375,0.97625732421875,2.093505859375,-3.506622314453125,0.261688232421875,1.0,2.0,1.0,4.0,2.0,95.0,event
11:26:21.437,1.043139,0.2551292,0.93043804,1.0186048,0.9007033,0.09280326,0.45979702,1.0620517,0.96199,0.1334126,0.41848785,0.6707001,0.8128262,0.11379126,-0.16463774,0.659461,0.32423326,-0.41838935,-0.59538,0.0020752505,701.0989,804.65204,749.85345,772.01465,740.18317,0.07952880859375,-0.02374267578125,0.98931884765625,2.773895263671875,-1.27105712890625,-0.052337646484375,1.0,2.0,1.0,4.0,2.0,95.0,event
11:26:21.438,1.043139,0.2551292,0.93043804,1.0186048,0.9007033,0.09280326,0.45979702,1.0620517,0.96199,0.1334126,0.41848785,0.6707001,0.8128262,0.11379126,-0.16463774,0.659461,0.32423326,-0.41838935,-0.59538,0.0020752505,895.7143,794.17584,944.4689,778.46155,752.27106,0.07952880859375,-0.02374267578125,0.98931884765625,2.773895263671875,-1.27105712890625,-0.052337646484375,1.0,2.0,1.0,4.0,2.0,95.0,event
11:26:21.439,1.043139,0.2551292,0.93043804,1.0186048,0.9007033,0.09280326,0.45979702,1.0620517,0.96199,0.1334126,0.41848785,0.6707001,0.8128262,0.11379126,-0.16463774,0.659461,0.32423326,-0.41838935,-0.59538,0.0020752505,983.95605,797.8022,764.35895,775.64105,819.15753,0.07952880859375,-0.02374267578125,0.98931884765625,2.773895263671875,-1.27105712890625,-0.052337646484375,1.0,2.0,1.0,4.0,2.0,95.0,event
11:26:21.440,1.043139,0.2551292,0.93043804,1.0186048,0.9007033,0.09280326,0.45979702,1.0620517,0.96199,0.1334126,0.41848785,0.6707001,0.8128262,0.11379126,-0.16463774,0.659461,0.32423326,-0.41838935,-0.59538,0.0020752505,785.31134,804.2491,757.50916,767.5824,767.5824,0.07952880859375,-0.02374267578125,0.98931884765625,2.773895263671875,-1.27105712890625,-0.052337646484375,1.0,2.0,1.0,4.0,2.0,95.0,event
11:26:21.440,1.043139,0.2551292,0.93043804,1.0186048,0.9007033,0.09280326,0.45979702,1.0620517,0.96199,0.1334126,0.41848785,0.6707001,0.8128262,0.11379126,-0.16463774,0.659461,0.32423326,-0.41838935,-0.59538,0.0020752505,630.989,793.36993,778.0586,765.9707,716.8132,0.07952880859375,-0.02374267578125,0.98931884765625,2.773895263671875,-1.27105712890625,-0.052337646484375,1.0,2.0,1.0,4.0,2.0,95.0,event
11:26:21.441,1.043139,0.2551292,0.93043804,1.0186048,0.9007033,0.09280326,0.45979702,1.0620517,0.96199,0.1334126,0.41848785,0.6707001,0.8128262,0.11379126,-0.16463774,0.659461,0.32423326,-0.41838935,-0.59538,0.0020752505,691.8315,793.7729,617.28937,772.01465,796.1905,0.07952880859375,-0.02374267578125,0.98931884765625,2.773895263671875,-1.27105712890625,-0.052337646484375,1.0,2.0,1.0,4.0,2.0,95.0,event
11:26:21.442,1.043139,0.2551292,0.93043804,1.0186048,0.9007033,0.09280326,0.45979702,1.0620517,0.96199,0.1334126,0.41848785,0.6707001,0.8128262,0.11379126,-0.16463774,0.659461,0.32423326,-0.41838935,-0.59538,0.0020752505,873.1502,803.0403,330.40292,786.52014,989.59705,0.07952880859375,-0.02374267578125,0.98931884765625,2.773895263671875,-1.27105712890625,-0.052337646484375,1.0,2.0,1.0,4.0,2.0,95.0,event
11:26:21.442,1.043139,0.2551292,0.93043804,1.0186048,0.9007033,0.09280326,0.45979702,1.0620517,0.96199,0.1334126,0.41848785,0.6707001,0.8128262,0.11379126,-0.16463774,0.659461,0.32423326,-0.41838935,-0.59538,0.0020752505,972.27106,803.0403,498.4249,781.28204,898.93774,0.07952880859375,-0.02374267578125,0.98931884765625,2.773895263671875,-1.27105712890625,-0.052337646484375,1.0,2.0,1.0,4.0,2.0,95.0,event
11:26:21.443,1.043139,0.2551292,0.93043804,1.0186048,0.9007033,0.09280326,0.45979702,1.0620517,0.96199,0.1334126,0.41848785,0.6707001,0.8128262,0.11379126,-0.16463774,0.659461,0.32423326,-0.41838935,-0.59538,0.0020752505,829.2308,800.6227,855.0183,770.80585,703.1135,0.07952880859375,-0.02374267578125,0.98931884765625,2.773895263671875,-1.27105712890625,-0.052337646484375,1.0,2.0,1.0,4.0,2.0,95.0,event
11:26:21.444,1.043139,0.2551292,0.93043804,1.0186048,0.9007033,0.09280326,0.45979702,1.0620517,0.96199,0.1334126,0.41848785,0.6707001,0.8128262,0.11379126,-0.16463774,0.659461,0.32423326,-0.41838935,-0.59538,0.0020752505,652.3443,803.0403,650.7326,765.16486,705.12823,0.07952880859375,-0.02374267578125,0.98931884765625,2.773895263671875,-1.27105712890625,-0.052337646484375,1.0,2.0,1.0,4.0,2.0,95.0,event
11:26:21.445,1.043139,0.2551292,0.93043804,1.0186048,0.9007033,0.09280326,0.45979702,1.0620517,0.96199,0.1334126,0.41848785,0.6707001,0.8128262,0.11379126,-0.16463774,0.659461,0.32423326,-0.41838935,-0.59538,0.0020752505,678.5348,801.4286,525.82416,779.67035,742.1978,0.07952880859375,-0.02374267578125,0.98931884765625,2.773895263671875,-1.27105712890625,-0.052337646484375,1.0,2.0,1.0,4.0,2.0,95.0,event
11:26:21.447,1.043139,0.2551292,0.93043804,1.0186048,0.9007033,0.09280326,0.45979702,1.0620517,0.96199,0.1334126,0.41848785,0.6707001,0.8128262,0.11379126,-0.16463774,0.659461,0.32423326,-0.41838935,-0.59538,0.0020752505,874.35895,798.20514,634.21246,803.0403,821.978,0.07952880859375,-0.02374267578125,0.98931884765625,2.773895263671875,-1.27105712890625,-0.052337646484375,1.0,2.0,1.0,4.0,2.0,95.0,event
11:26:21.487,1.043139,0.2551292,0.93043804,1.0186048,0.9007033,0.09280326,0.45979702,1.0620517,0.96199,0.1334126,0.41848785,0.6707001,0.8128262,0.11379126,-0.16463774,0.659461,0.32423326,-0.41838935,-0.59538,0.0020752505,997.25275,798.60803,765.56775,799.41394,773.22345,0.04901123046875,-0.0325927734375,0.9749755859375,1.1065673828125,1.4654541015625,-0.829925537109375,1.0,2.0,1.0,4.0,2.0,95.0,event
11:26:21.489,1.043139,0.2551292,0.93043804,1.0186048,0.9007033,0.09280326,0.45979702,1.0620517,0.96199,0.1334126,0.41848785,0.6707001,0.8128262,0.11379126,-0.16463774,0.659461,0.32423326,-0.41838935,-0.59538,0.0020752505,845.34796,793.7729,602.381,785.31134,739.7802,0.04901123046875,-0.0325927734375,0.9749755859375,1.1065673828125,1.4654541015625,-0.829925537109375,1.0,2.0,1.0,4.0,2.0,95.0,event
11:26:21.489,1.043139,0.2551292,0.93043804,1.0186048,0.9007033,0.09280326,0.45979702,1.0620517,0.96199,0.1334126,0.41848785,0.6707001,0.8128262,0.11379126,-0.16463774,0.659461,0.32423326,-0.41838935,-0.59538,0.0020752505,630.18317,794.57874,323.5531,765.16486,863.8828,0.04901123046875,-0.0325927734375,0.9749755859375,1.1065673828125,1.4654541015625,-0.829925537109375,1.0,2.0,1.0,4.0,2.0,95.0,event
11:26:21.490,1.043139,0.2551292,0.93043804,1.0186048,0.9007033,0.09280326,0.45979702,1.0620517,0.96199,0.1334126,0.41848785,0.6707001,0.8128262,0.11379126,-0.16463774,0.659461,0.32423326,-0.41838935,-0.59538,0.0020752505,646.30035,799.81683,657.98535,773.6264,750.65936,0.04901123046875,-0.0325927734375,0.9749755859375,1.1065673828125,1.4654541015625,-0.829925537109375,1.0,2.0,1.0,4.0,2.0,95.0,event
11:26:21.491,1.043139,0.2551292,0.93043804,1.0186048,0.9007033,0.09280326,0.45979702,1.0620517,0.96199,0.1334126,0.41848785,0.6707001,0.8128262,0.11379126,-0.16463774,0.659461,0.32423326,-0.41838935,-0.59538,0.0020752505,840.5128,795.38464,921.50183,805.4579,670.07324,0.04901123046875,-0.0325927734375,0.9749755859375,1.1065673828125,1.4654541015625,-0.829925537109375,1.0,2.0,1.0,4.0,2.0,95.0,event
11:26:21.491,1.043139,0.2551292,0.93043804,1.0186048,0.9007033,0.09280326,0.45979702,1.0620517,0.96199,0.1334126,0.41848785,0.6707001,0.8128262,0.11379126,-0.16463774,0.659461,0.32423326,-0.41838935,-0.59538,0.0020752505,968.6447,791.3553,566.9231,816.337,871.13556,0.04901123046875,-0.0325927734375,0.9749755859375,1.1065673828125,1.4654541015625,-0.829925537109375,1.0,2.0,1.0,4.0,2.0,95.0,event
11:26:21.492,1.043139,0.2551292,0.93043804,1.0186048,0.9007033,0.09280326,0.45979702,1.0620517,0.96199,0.1334126,0.41848785,0.6707001,0.8128262,0.11379126,-0.16463774,0.659461,0.32423326,-0.41838935,-0.59538,0.0020752505,860.65936,794.9817,190.98901,788.5348,942.4542,0.04901123046875,-0.0325927734375,0.9749755859375,1.1065673828125,1.4654541015625,-0.829925537109375,1.0,2.0,1.0,4.0,2.0,95.0,event
11:26:21.493,1.043139,0.2551292,0.93043804,1.0186048,0.9007033,0.09280326,0.45979702,1.0620517,0.96199,0.1334126,0.41848785,0.6707001,0.8128262,0.11379126,-0.16463774,0.659461,0.32423326,-0.41838935,-0.59538,0.0020752505,683.7729,801.4286,546.3736,743.8095,683.7729,0.04901123046875,-0.0325927734375,0.9749755859375,1.1065673828125,1.4654541015625,-0.829925537109375,1.0,2.0,1.0,4.0,2.0,95.0,event
11:26:21.497,1.043139,0.2551292,0.93043804,1.0186048,0.9007033,0.09280326,0.45979702,1.0620517,0.96199,0.1334126,0.41848785,0.6707001,0.8128262,0.11379126,-0.16463774,0.659461,0.32423326,-0.41838935,-0.59538,0.0020752505,645.09155,796.99634,776.8498,730.10986,596.7399,0.04901123046875,-0.0325927734375,0.9749755859375,1.1065673828125,1.4654541015625,-0.829925537109375,1.0,2.0,1.0,4.0,2.0,95.0,event
11:26:21.498,1.043139,0.2551292,0.93043804,1.0186048,0.9007033,0.09280326,0.45979702,1.0620517,0.96199,0.1334126,0.41848785,0.6707001,0.8128262,0.11379126,-0.16463774,0.659461,0.32423326,-0.41838935,-0.59538,0.0020752505,789.7436,789.7436,547.5824,722.0513,752.674,0.04901123046875,-0.0325927734375,0.9749755859375,1.1065673828125,1.4654541015625,-0.829925537109375,1.0,2.0,1.0,4.0,2.0,95.0,event
11:26:21.499,1.043139,0.2551292,0.93043804,1.0186048,0.9007033,0.09280326,0.45979702,1.0620517,0.96199,0.1334126,0.41848785,0.6707001,0.8128262,0.11379126,-0.16463774,0.659461,0.32423326,-0.41838935,-0.59538,0.0020752505,892.49084,796.99634,912.6374,694.65204,782.49084,0.04901123046875,-0.0325927734375,0.9749755859375,1.1065673828125,1.4654541015625,-0.829925537109375,1.0,2.0,1.0,4.0,2.0,95.0,event
11:26:21.499,1.043139,0.2551292,0.93043804,1.0186048,0.9007033,0.09280326,0.45979702,1.0620517,0.96199,0.1334126,0.41848785,0.6707001,0.8128262,0.11379126,-0.16463774,0.659461,0.32423326,-0.41838935,-0.59538,0.0020752505,956.1539,793.36993,652.74725,716.8132,872.3443,0.04901123046875,-0.0325927734375,0.9749755859375,1.1065673828125,1.4654541015625,-0.829925537109375,1.0,2.0,1.0,4.0,2.0,95.0,event
11:26:21.500,1.043139,0.2551292,0.93043804,1.0186048,0.9007033,0.09280326,0.45979702,1.0620517,0.96199,0.1334126,0.41848785,0.6707001,0.8128262,0.11379126,-0.16463774,0.659461,0.32423326,-0.41838935,-0.59538,0.0020752505,678.5348,795.78754,791.3553,659.19415,725.6777,0.04901123046875,-0.0325927734375,0.9749755859375,1.1065673828125,1.4654541015625,-0.829925537109375,1.0,2.0,1.0,4.0,2.0,95.0,event
11:26:21.502,1.043139,0.2551292,0.93043804,1.0186048,0.9007033,0.09280326,0.45979702,1.0620517,0.96199,0.1334126,0.41848785,0.6707001,0.8128262,0.11379126,-0.16463774,0.659461,0.32423326,-0.41838935,-0.59538,0.0020752505,624.94507,794.9817,657.98535,660.40295,787.72894,0.04901123046875,-0.0325927734375,0.9749755859375,1.1065673828125,1.4654541015625,-0.829925537109375,1.0,2.0,1.0,4.0,2.0,95.0,event
11:26:21.503,1.043139,0.2551292,0.93043804,1.0186048,0.9007033,0.09280326,0.45979702,1.0620517,0.96199,0.1334126,0.41848785,0.6707001,0.8128262,0.11379126,-0.16463774,0.659461,0.32423326,-0.41838935,-0.59538,0.0020752505,781.685,799.011,637.4359,685.78754,834.4689,0.04901123046875,-0.0325927734375,0.9749755859375,1.1065673828125,1.4654541015625,-0.829925537109375,1.0,2.0,1.0,4.0,2.0,95.0,event
11:26:21.504,1.043139,0.2551292,0.93043804,1.0186048,0.9007033,0.09280326,0.45979702,1.0620517,0.96199,0.1334126,0.41848785,0.6707001,0.8128262,0.11379126,-0.16463774,0.659461,0.32423326,-0.41838935,-0.59538,0.0020752505,944.87177,796.5934,802.23444,699.4872,746.2271,0.04901123046875,-0.0325927734375,0.9749755859375,1.1065673828125,1.4654541015625,-0.829925537109375,1.0,2.0,1.0,4.0,2.0,95.0,event
11:26:21.505,1.043139,0.2551292,0.93043804,1.0186048,0.9007033,0.09280326,0.45979702,1.0620517,0.96199,0.1334126,0.41848785,0.6707001,0.8128262,0.11379126,-0.16463774,0.659461,0.32423326,-0.41838935,-0.59538,0.0020752505,919.0842,794.57874,882.01465,689.41394,726.4835,0.04901123046875,-0.0325927734375,0.9749755859375,1.1065673828125,1.4654541015625,-0.829925537109375,1.0,2.0,1.0,4.0,2.0,95.0,event
11:26:21.506,1.043139,0.2551292,0.93043804,1.0186048,0.9007033,0.09280326,0.45979702,1.0620517,0.96199,0.1334126,0.41848785,0.6707001,0.8128262,0.11379126,-0.16463774,0.659461,0.32423326,-0.41838935,-0.59538,0.0020752505,706.7399,796.99634,317.10623,676.52014,1033.9194,0.04901123046875,-0.0325927734375,0.9749755859375,1.1065673828125,1.4654541015625,-0.829925537109375,1.0,2.0,1.0,4.0,2.0,95.0,event
11:26:21.507,1.043139,0.2551292,0.93043804,1.0186048,0.9007033,0.09280326,0.45979702,1.0620517,0.96199,0.1334126,0.41848785,0.6707001,0.8128262,0.11379126,-0.16463774,0.659461,0.32423326,-0.41838935,-0.59538,0.0020752505,591.0989,799.011,86.227104,677.72894,1058.0952,0.04901123046875,-0.0325927734375,0.9749755859375,1.1065673828125,1.4654541015625,-0.829925537109375,1.0,2.0,1.0,4.0,2.0,95.0,event
11:26:21.508,1.043139,0.2551292,0.93043804,1.0186048,0.9007033,0.09280326,0.45979702,1.0620517,0.96199,0.1334126,0.41848785,0.6707001,0.8128262,0.11379126,-0.16463774,0.659461,0.32423326,-0.41838935,-0.59538,0.0020752505,737.3626,800.6227,711.5751,703.5165,686.99634,0.04901123046875,-0.0325927734375,0.9749755859375,1.1065673828125,1.4654541015625,-0.829925537109375,1.0,2.0,1.0,4.0,2.0,95.0,event
11:26:21.508,1.043139,0.2551292,0.93043804,1.0186048,0.9007033,0.09280326,0.45979702,1.0620517,0.96199,0.1334126,0.41848785,0.6707001,0.8128262,0.11379126,-0.16463774,0.659461,0.32423326,-0.41838935,-0.59538,0.0020752505,946.4835,798.20514,847.3626,735.34796,727.6923,0.04901123046875,-0.0325927734375,0.9749755859375,1.1065673828125,1.4654541015625,-0.829925537109375,1.0,2.0,1.0,4.0,2.0,95.0,event
11:26:21.509,1.043139,0.2551292,0.93043804,1.0186048,0.9007033,0.09280326,0.45979702,1.0620517,0.96199,0.1334126,0.41848785,0.6707001,0.8128262,0.11379126,-0.16463774,0.659461,0.32423326,-0.41838935,-0.59538,0.0020752505,920.696,793.36993,576.1905,717.619,887.25275,0.04901123046875,-0.0325927734375,0.9749755859375,1.1065673828125,1.4654541015625,-0.829925537109375,1.0,2.0,1.0,4.0,2.0,95.0,event
11:26:21.510,1.043139,0.2551292,0.93043804,1.0186048,0.9007033,0.09280326,0.45979702,1.0620517,0.96199,0.1334126,0.41848785,0.6707001,0.8128262,0.11379126,-0.16463774,0.659461,0.32423326,-0.41838935,-0.59538,0.0020752505,637.8388,792.5641,812.3077,720.84247,686.99634,0.04901123046875,-0.0325927734375,0.9749755859375,1.1065673828125,1.4654541015625,-0.829925537109375,1.0,2.0,1.0,4.0,2.0,95.0,event
11:26:21.510,1.043139,0.2551292,0.93043804,1.0186048,0.9007033,0.09280326,0.45979702,1.0620517,0.96199,0.1334126,0.41848785,0.6707001,0.8128262,0.11379126,-0.16463774,0.659461,0.32423326,-0.41838935,-0.59538,0.0020752505,719.2308,791.3553,635.82416,699.0842,732.1245,0.04901123046875,-0.0325927734375,0.9749755859375,1.1065673828125,1.4654541015625,-0.829925537109375,1.0,2.0,1.0,4.0,2.0,95.0,event
11:26:21.532,1.043139,0.2551292,0.93043804,1.0186048,0.9007033,0.09280326,0.45979702,1.0620517,0.96199,0.1334126,0.41848785,0.6707001,0.8128262,0.11379126,-0.16463774,0.659461,0.32423326,-0.41838935,-0.59538,0.0020752505,715.6044,787.326,741.39197,738.5714,813.1135,0.054931640625,-0.03485107421875,0.9920654296875,1.502838134765625,-0.9869384765625,-4.089813232421875,1.0,2.0,1.0,4.0,2.0,95.0,event
11:26:21.533,1.043139,0.2551292,0.93043804,1.0186048,0.9007033,0.09280326,0.45979702,1.0620517,0.96199,0.1334126,0.41848785,0.6707001,0.8128262,0.11379126,-0.16463774,0.659461,0.32423326,-0.41838935,-0.59538,0.0020752505,893.69965,786.9231,709.9634,733.73627,817.5458,0.054931640625,-0.03485107421875,0.9920654296875,1.502838134765625,-0.9869384765625,-4.089813232421875,1.0,2.0,1.0,4.0,2.0,95.0,event
11:26:21.534,1.043139,0.2551292,0.93043804,1.0186048,0.9007033,0.09280326,0.45979702,1.0620517,0.96199,0.1334126,0.41848785,0.6707001,0.8128262,0.11379126,-0.16463774,0.659461,0.32423326,-0.41838935,-0.59538,0.0020752505,942.8571,793.36993,840.5128,732.52747,745.82416,0.054931640625,-0.03485107421875,0.9920654296875,1.502838134765625,-0.9869384765625,-4.089813232421875,1.0,2.0,1.0,4.0,2.0,95.0,event
11:26:21.535,1.043139,0.2551292,0.93043804,1.0186048,0.9007033,0.09280326,0.45979702,1.0620517,0.96199,0.1334126,0.41848785,0.6707001,0.8128262,0.11379126,-0.16463774,0.659461,0.32423326,-0.41838935,-0.59538,0.0020752505,757.50916,792.1612,767.5824,720.84247,679.34064,0.054931640625,-0.03485107421875,0.9920654296875,1.502838134765625,-0.9869384765625,-4.089813232421875,1.0,2.0,1.0,4.0,2.0,95.0,event
11:26:21.535,1.043139,0.2551292,0.93043804,1.0186048,0.9007033,0.09280326,0.45979702,1.0620517,0.96199,0.1334126,0.41848785,0.6707001,0.8128262,0.11379126,-0.16463774,0.659461,0.32423326,-0.41838935,-0.59538,0.0020752505,619.707,788.93774,577.3993,706.7399,747.4359,0.054931640625,-0.03485107421875,0.9920654296875,1.502838134765625,-0.9869384765625,-4.089813232421875,1.0,2.0,1.0,4.0,2.0,95.0,event
11:26:21.536,1.043139,0.2551292,0.93043804,1.0186048,0.9007033,0.09280326,0.45979702,1.0620517,0.96199,0.1334126,0.41848785,0.6707001,0.8128262,0.11379126,-0.16463774,0.659461,0.32423326,-0.41838935,-0.59538,0.0020752505,696.26373,788.93774,516.55676,722.4542,858.6447,0.054931640625,-0.03485107421875,0.9920654296875,1.502838134765625,-0.9869384765625,-4.089813232421875,1.0,2.0,1.0,4.0,2.0,95.0,event
11:26:21.537,1.043139,0.2551292,0.93043804,1.0186048,0.9007033,0.09280326,0.45979702,1.0620517,0.96199,0.1334126,0.41848785,0.6707001,0.8128262,0.11379126,-0.16463774,0.659461,0.32423326,-0.41838935,-0.59538,0.0020752505,902.1612,790.54944,629.3773,736.55676,916.6667,0.054931640625,-0.03485107421875,0.9920654296875,1.502838134765625,-0.9869384765625,-4.089813232421875,1.0,2.0,1.0,4.0,2.0,95.0,event
11:26:21.537,1.043139,0.2551292,0.93043804,1.0186048,0.9007033,0.09280326,0.45979702,1.0620517,0.96199,0.1334126,0.41848785,0.6707001,0.8128262,0.11379126,-0.16463774,0.659461,0.32423326,-0.41838935,-0.59538,0.0020752505,964.21246,794.17584,645.4945,713.5897,910.2198,0.054931640625,-0.03485107421875,0.9920654296875,1.502838134765625,-0.9869384765625,-4.089813232421875,1.0,2.0,1.0,4.0,2.0,95.0,event
11:26:21.538,1.043139,0.2551292,0.93043804,1.0186048,0.9007033,0.09280326,0.45979702,1.0620517,0.96199,0.1334126,0.41848785,0.6707001,0.8128262,0.11379126,-0.16463774,0.659461,0.32423326,-0.41838935,-0.59538,0.0020752505,788.93774,793.7729,317.10623,696.6667,897.326,0.054931640625,-0.03485107421875,0.9920654296875,1.502838134765625,-0.9869384765625,-4.089813232421875,1.0,2.0,1.0,4.0,2.0,95.0,event
11:26:21.539,1.043139,0.2551292,0.93043804,1.0186048,0.9007033,0.09280326,0.45979702,1.0620517,0.96199,0.1334126,0.41848785,0.6707001,0.8128262,0.11379126,-0.16463774,0.659461,0.32423326,-0.41838935,-0.59538,0.0020752505,629.3773,794.17584,5.2380953,701.50183,1039.1575,0.054931640625,-0.03485107421875,0.9920654296875,1.502838134765625,-0.9869384765625,-4.089813232421875,1.0,2.0,1.0,4.0,2.0,95.0,event
11:26:21.542,1.043139,0.2551292,0.93043804,1.0186048,0.9007033,0.09280326,0.45979702,1.0620517,0.96199,0.1334126,0.41848785,0.6707001,0.8128262,0.11379126,-0.16463774,0.659461,0.32423326,-0.41838935,-0.59538,0.0020752505,697.0696,797.3993,541.13556,703.1135,867.9121,0.054931640625,-0.03485107421875,0.9920654296875,1.502838134765625,-0.9869384765625,-4.089813232421875,1.0,2.0,1.0,4.0,2.0,95.0,event
11:26:21.543,1.043139,0.2551292,0.93043804,1.0186048,0.9007033,0.09280326,0.45979702,1.0620517,0.96199,0.1334126,0.41848785,0.6707001,0.8128262,0.11379126,-0.16463774,0.659461,0.32423326,-0.41838935,-0.59538,0.0020752505,914.2491,801.02563,987.5824,710.7692,730.10986,0.054931640625,-0.03485107421875,0.9920654296875,1.502838134765625,-0.9869384765625,-4.089813232421875,1.0,2.0,1.0,4.0,2.0,95.0,event
11:26:21.566,1.043139,0.2551292,0.93043804,1.0186048,0.9007033,0.09280326,0.45979702,1.0620517,0.96199,0.1334126,0.41848785,0.6707001,0.8128262,0.11379126,-0.16463774,0.659461,0.32423326,-0.41838935,-0.59538,0.0020752505,996.04395,803.0403,823.9927,722.8571,800.6227,0.067626953125,-0.02117919921875,0.98382568359375,1.65985107421875,-7.902984619140625,-3.2598876953125,1.0,2.0,1.0,4.0,2.0,95.0,event
11:26:21.567,1.043139,0.2551292,0.93043804,1.0186048,0.9007033,0.09280326,0.45979702,1.0620517,0.96199,0.1334126,0.41848785,0.6707001,0.8128262,0.11379126,-0.16463774,0.659461,0.32423326,-0.41838935,-0.59538,0.0020752505,858.24176,803.44324,755.89746,717.619,751.06226,0.067626953125,-0.02117919921875,0.98382568359375,1.65985107421875,-7.902984619140625,-3.2598876953125,1.0,2.0,1.0,4.0,2.0,95.0,event
11:26:21.568,1.043139,0.2551292,0.93043804,1.0186048,0.9007033,0.09280326,0.45979702,1.0620517,0.96199,0.1334126,0.41848785,0.6707001,0.8128262,0.11379126,-0.16463774,0.659461,0.32423326,-0.41838935,-0.59538,0.0020752505,709.9634,805.4579,781.685,707.1429,682.96704,0.067626953125,-0.02117919921875,0.98382568359375,1.65985107421875,-7.902984619140625,-3.2598876953125,1.0,2.0,1.0,4.0,2.0,95.0,event
11:26:21.569,1.043139,0.2551292,0.93043804,1.0186048,0.9007033,0.09280326,0.45979702,1.0620517,0.96199,0.1334126,0.41848785,0.6707001,0.8128262,0.11379126,-0.16463774,0.659461,0.32423326,-0.41838935,-0.59538,0.0020752505,734.94507,808.2784,782.8938,714.3956,703.1135,0.067626953125,-0.02117919921875,0.98382568359375,1.65985107421875,-7.902984619140625,-3.2598876953125,1.0,2.0,1.0,4.0,2.0,95.0,event
11:26:21.569,1.043139,0.2551292,0.93043804,1.0186048,0.9007033,0.09280326,0.45979702,1.0620517,0.96199,0.1334126,0.41848785,0.6707001,0.8128262,0.11379126,-0.16463774,0.659461,0.32423326,-0.41838935,-0.59538,0.0020752505,912.6374,805.4579,813.5165,736.9597,819.15753,0.067626953125,-0.02117919921875,0.98382568359375,1.65985107421875,-7.902984619140625,-3.2598876953125,1.0,2.0,1.0,4.0,2.0,95.0,event
11:26:21.570,1.043139,0.2551292,0.93043804,1.0186048,0.9007033,0.09280326,0.45979702,1.0620517,0.96199,0.1334126,0.41848785,0.6707001,0.8128262,0.11379126,-0.16463774,0.659461,0.32423326,-0.41838935,-0.59538,0.0020752505,1018.60803,798.60803,709.9634,735.7509,908.60803,0.067626953125,-0.02117919921875,0.98382568359375,1.65985107421875,-7.902984619140625,-3.2598876953125,1.0,2.0,1.0,4.0,2.0,95.0,event
11:26:21.571,1.043139,0.2551292,0.93043804,1.0186048,0.9007033,0.09280326,0.45979702,1.0620517,0.96199,0.1334126,0.41848785,0.6707001,0.8128262,0.11379126,-0.16463774,0.659461,0.32423326,-0.41838935,-0.59538,0.0020752505,881.2088,798.20514,568.1319,705.5311,878.3883,0.067626953125,-0.02117919921875,0.98382568359375,1.65985107421875,-7.902984619140625,-3.2598876953125,1.0,2.0,1.0,4.0,2.0,95.0,event
11:26:21.571,1.043139,0.2551292,0.93043804,1.0186048,0.9007033,0.09280326,0.45979702,1.0620517,0.96199,0.1334126,0.41848785,0.6707001,0.8128262,0.11379126,-0.16463774,0.659461,0.32423326,-0.41838935,-0.59538,0.0020752505,697.47253,800.2198,672.49084,684.57874,759.5238,0.067626953125,-0.02117919921875,0.98382568359375,1.65985107421875,-7.902984619140625,-3.2598876953125,1.0,2.0,1.0,4.0,2.0,95.0,event
11:26:21.572,1.043139,0.2551292,0.93043804,1.0186048,0.9007033,0.09280326,0.45979702,1.0620517,0.96199,0.1334126,0.41848785,0.6707001,0.8128262,0.11379126,-0.16463774,0.659461,0.32423326,-0.41838935,-0.59538,0.0020752505,692.6374,799.011,264.32236,697.8755,1012.96704,0.067626953125,-0.02117919921875,0.98382568359375,1.65985107421875,-7.902984619140625,-3.2598876953125,1.0,2.0,1.0,4.0,2.0,95.0,event
11:26:21.572,1.043139,0.2551292,0.93043804,1.0186048,0.9007033,0.09280326,0.45979702,1.0620517,0.96199,0.1334126,0.41848785,0.6707001,0.8128262,0.11379126,-0.16463774,0.659461,0.32423326,-0.41838935,-0.59538,0.0020752505,878.3883,801.8315,232.89377,718.4249,1090.3297,0.067626953125,-0.02117919921875,0.98382568359375,1.65985107421875,-7.902984619140625,-3.2598876953125,1.0,2.0,1.0,4.0,2.0,95.0,event
11:26:21.573,1.043139,0.2551292,0.93043804,1.0186048,0.9007033,0.09280326,0.45979702,1.0620517,0.96199,0.1334126,0.41848785,0.6707001,0.8128262,0.11379126,-0.16463774,0.659461,0.32423326,-0.41838935,-0.59538,0.0020752505,1033.1135,803.8461,940.4396,720.84247,760.32965,0.067626953125,-0.02117919921875,0.98382568359375,1.65985107421875,-7.902984619140625,-3.2598876953125,1.0,2.0,1.0,4.0,2.0,95.0,event
11:26:21.574,1.043139,0.2551292,0.93043804,1.0186048,0.9007033,0.09280326,0.45979702,1.0620517,0.96199,0.1334126,0.41848785,0.6707001,0.8128262,0.11379126,-0.16463774,0.659461,0.32423326,-0.41838935,-0.59538,0.0020752505,938.022,804.2491,821.5751,716.4103,755.09155,0.067626953125,-0.02117919921875,0.98382568359375,1.65985107421875,-7.902984619140625,-3.2598876953125,1.0,2.0,1.0,4.0,2.0,95.0,event
11:26:21.623,1.043139,0.2551292,0.93043804,1.0186048,0.9007033,0.09280326,0.45979702,1.0620517,0.96199,0.1334126,0.41848785,0.6707001,0.8128262,0.11379126,-0.16463774,0.659461,0.32423326,-0.41838935,-0.59538,0.0020752505,734.1392,806.6667,620.5128,717.619,823.1868,0.08477783203125,-0.01702880859375,0.98382568359375,3.312225341796875,-7.215118408203125,0.95703125,1.0,2.0,1.0,4.0,2.0,95.0,event
11:26:21.624,1.043139,0.2551292,0.93043804,1.0186048,0.9007033,0.09280326,0.45979702,1.0620517,0.96199,0.1334126,0.41848785,0.6707001,0.8128262,0.11379126,-0.16463774,0.659461,0.32423326,-0.41838935,-0.59538,0.0020752505,704.7253,807.8755,826.8132,751.4652,723.663,0.08477783203125,-0.01702880859375,0.98382568359375,3.312225341796875,-7.215118408203125,0.95703125,1.0,2.0,1.0,4.0,2.0,95.0,event
11:26:21.625,1.043139,0.2551292,0.93043804,1.0186048,0.9007033,0.09280326,0.45979702,1.0620517,0.96199,0.1334126,0.41848785,0.6707001,0.8128262,0.11379126,-0.16463774,0.659461,0.32423326,-0.41838935,-0.59538,0.0020752505,866.7033,804.2491,1006.1172,777.25275,718.022,0.08477783203125,-0.01702880859375,0.98382568359375,3.312225341796875,-7.215118408203125,0.95703125,1.0,2.0,1.0,4.0,2.0,95.0,event
11:26:21.626,1.043139,0.2551292,0.93043804,1.0186048,0.9007033,0.09280326,0.45979702,1.0620517,0.96199,0.1334126,0.41848785,0.6707001,0.8128262,0.11379126,-0.16463774,0.659461,0.32423326,-0.41838935,-0.59538,0.0020752505,1009.34064,802.23444,900.54944,784.90845,845.7509,0.08477783203125,-0.01702880859375,0.98382568359375,3.312225341796875,-7.215118408203125,0.95703125,1.0,2.0,1.0,4.0,2.0,95.0,event
11:26:21.627,1.043139,0.2551292,0.93043804,1.0186048,0.9007033,0.09280326,0.45979702,1.0620517,0.96199,0.1334126,0.41848785,0.6707001,0.8128262,0.11379126,-0.16463774,0.659461,0.32423326,-0.41838935,-0.59538,0.0020752505,921.50183,807.0696,733.3333,774.43225,850.58606,0.08477783203125,-0.01702880859375,0.98382568359375,3.312225341796875,-7.215118408203125,0.95703125,1.0,2.0,1.0,4.0,2.0,95.0,event
11:26:21.627,1.043139,0.2551292,0.93043804,1.0186048,0.9007033,0.09280326,0.45979702,1.0620517,0.96199,0.1334126,0.41848785,0.6707001,0.8128262,0.11379126,-0.16463774,0.659461,0.32423326,-0.41838935,-0.59538,0.0020752505,698.2784,807.0696,639.0476,739.3773,890.4762,0.08477783203125,-0.01702880859375,0.98382568359375,3.312225341796875,-7.215118408203125,0.95703125,1.0,2.0,1.0,4.0,2.0,95.0,event
11:26:21.628,1.043139,0.2551292,0.93043804,1.0186048,0.9007033,0.09280326,0.45979702,1.0620517,0.96199,0.1334126,0.41848785,0.6707001,0.8128262,0.11379126,-0.16463774,0.659461,0.32423326,-0.41838935,-0.59538,0.0020752505,647.1062,805.4579,636.63007,730.9158,867.9121,0.08477783203125,-0.01702880859375,0.98382568359375,3.312225341796875,-7.215118408203125,0.95703125,1.0,2.0,1.0,4.0,2.0,95.0,event
11:26:21.629,1.043139,0.2551292,0.93043804,1.0186048,0.9007033,0.09280326,0.45979702,1.0620517,0.96199,0.1334126,0.41848785,0.6707001,0.8128262,0.11379126,-0.16463774,0.659461,0.32423326,-0.41838935,-0.59538,0.0020752505,784.5055,797.8022,516.1539,756.30035,955.34796,0.08477783203125,-0.01702880859375,0.98382568359375,3.312225341796875,-7.215118408203125,0.95703125,1.0,2.0,1.0,4.0,2.0,95.0,event
11:26:21.629,1.043139,0.2551292,0.93043804,1.0186048,0.9007033,0.09280326,0.45979702,1.0620517,0.96199,0.1334126,0.41848785,0.6707001,0.8128262,0.11379126,-0.16463774,0.659461,0.32423326,-0.41838935,-0.59538,0.0020752505,946.8865,799.81683,265.53113,767.1795,1099.1941,0.08477783203125,-0.01702880859375,0.98382568359375,3.312225341796875,-7.215118408203125,0.95703125,1.0,2.0,1.0,4.0,2.0,95.0,event
11:26:21.630,1.043139,0.2551292,0.93043804,1.0186048,0.9007033,0.09280326,0.45979702,1.0620517,0.96199,0.1334126,0.41848785,0.6707001,0.8128262,0.11379126,-0.16463774,0.659461,0.32423326,-0.41838935,-0.59538,0.0020752505,912.6374,808.2784,633.00366,755.09155,821.5751,0.08477783203125,-0.01702880859375,0.98382568359375,3.312225341796875,-7.215118408203125,0.95703125,1.0,2.0,1.0,4.0,2.0,95.0,event
11:26:21.631,1.043139,0.2551292,0.93043804,1.0186048,0.9007033,0.09280326,0.45979702,1.0620517,0.96199,0.1334126,0.41848785,0.6707001,0.8128262,0.11379126,-0.16463774,0.659461,0.32423326,-0.41838935,-0.59538,0.0020752505,715.6044,804.2491,794.9817,751.06226,639.85345,0.08477783203125,-0.01702880859375,0.98382568359375,3.312225341796875,-7.215118408203125,0.95703125,1.0,2.0,1.0,4.0,2.0,95.0,event
11:26:21.632,1.043139,0.2551292,0.93043804,1.0186048,0.9007033,0.09280326,0.45979702,1.0620517,0.96199,0.1334126,0.41848785,0.6707001,0.8128262,0.11379126,-0.16463774,0.659461,0.32423326,-0.41838935,-0.59538,0.0020752505,635.42126,802.23444,566.52014,767.1795,768.7912,0.08477783203125,-0.01702880859375,0.98382568359375,3.312225341796875,-7.215118408203125,0.95703125,1.0,2.0,1.0,4.0,2.0,95.0,event
11:26:21.634,,,,,,,,,,,,,,,,,,,,,,,,,,,,,,,,,,,,,,blink
11:26:21.665,1.043139,0.2551292,0.93043804,1.0186048,0.9007033,0.09280326,0.45979702,1.0620517,0.96199,0.1334126,0.41848785,0.6707001,0.8128262,0.11379126,-0.16463774,0.659461,0.32423326,-0.41838935,-0.59538,0.0020752505,748.24176,805.05493,706.337,783.69965,792.5641,0.07672119140625,-0.0152587890625,0.9908447265625,1.846771240234375,-4.2767333984375,0.979461669921875,1.0,2.0,1.0,4.0,2.0,95.0,event
11:26:21.667,1.043139,0.2551292,0.93043804,1.0186048,0.9007033,0.09280326,0.45979702,1.0620517,0.96199,0.1334126,0.41848785,0.6707001,0.8128262,0.11379126,-0.16463774,0.659461,0.32423326,-0.41838935,-0.59538,0.0020752505,955.7509,802.6374,993.6264,815.12823,733.3333,0.07672119140625,-0.0152587890625,0.9908447265625,1.846771240234375,-4.2767333984375,0.979461669921875,1.0,2.0,1.0,4.0,2.0,95.0,event
11:26:21.667,1.043139,0.2551292,0.93043804,1.0186048,0.9007033,0.09280326,0.45979702,1.0620517,0.96199,0.1334126,0.41848785,0.6707001,0.8128262,0.11379126,-0.16463774,0.659461,0.32423326,-0.41838935,-0.59538,0.0020752505,955.34796,797.8022,898.93774,824.7985,729.707,0.07672119140625,-0.0152587890625,0.9908447265625,1.846771240234375,-4.2767333984375,0.979461669921875,1.0,2.0,1.0,4.0,2.0,95.0,event
11:26:21.668,1.043139,0.2551292,0.93043804,1.0186048,0.9007033,0.09280326,0.45979702,1.0620517,0.96199,0.1334126,0.41848785,0.6707001,0.8128262,0.11379126,-0.16463774,0.659461,0.32423326,-0.41838935,-0.59538,0.0020752505,697.8755,795.78754,452.08792,812.3077,821.1722,0.07672119140625,-0.0152587890625,0.9908447265625,1.846771240234375,-4.2767333984375,0.979461669921875,1.0,2.0,1.0,4.0,2.0,95.0,event
11:26:21.669,1.043139,0.2551292,0.93043804,1.0186048,0.9007033,0.09280326,0.45979702,1.0620517,0.96199,0.1334126,0.41848785,0.6707001,0.8128262,0.11379126,-0.16463774,0.659461,0.32423326,-0.41838935,-0.59538,0.0020752505,602.7839,798.20514,448.46155,818.7546,787.326,0.07672119140625,-0.0152587890625,0.9908447265625,1.846771240234375,-4.2767333984375,0.979461669921875,1.0,2.0,1.0,4.0,2.0,95.0,event
11:26:21.670,1.043139,0.2551292,0.93043804,1.0186048,0.9007033,0.09280326,0.45979702,1.0620517,0.96199,0.1334126,0.41848785,0.6707001,0.8128262,0.11379126,-0.16463774,0.659461,0.32423326,-0.41838935,-0.59538,0.0020752505,733.3333,802.6374,676.9231,842.52747,771.6117,0.07672119140625,-0.0152587890625,0.9908447265625,1.846771240234375,-4.2767333984375,0.979461669921875,1.0,2.0,1.0,4.0,2.0,95.0,event
11:26:21.671,1.043139,0.2551292,0.93043804,1.0186048,0.9007033,0.09280326,0.45979702,1.0620517,0.96199,0.1334126,0.41848785,0.6707001,0.8128262,0.11379126,-0.16463774,0.659461,0.32423326,-0.41838935,-0.59538,0.0020752505,942.0513,799.41394,671.685,867.1062,865.09155,0.07672119140625,-0.0152587890625,0.9908447265625,1.846771240234375,-4.2767333984375,0.979461669921875,1.0,2.0,1.0,4.0,2.0,95.0,event
11:26:21.674,1.043139,0.2551292,0.93043804,1.0186048,0.9007033,0.09280326,0.45979702,1.0620517,0.96199,0.1334126,0.41848785,0.6707001,0.8128262,0.11379126,-0.16463774,0.659461,0.32423326,-0.41838935,-0.59538,0.0020752505,971.8681,796.5934,299.3773,869.5238,967.8388,0.07672119140625,-0.0152587890625,0.9908447265625,1.846771240234375,-4.2767333984375,0.979461669921875,1.0,2.0,1.0,4.0,2.0,95.0,event
11:26:21.675,1.043139,0.2551292,0.93043804,1.0186048,0.9007033,0.09280326,0.45979702,1.0620517,0.96199,0.1334126,0.41848785,0.6707001,0.8128262,0.11379126,-0.16463774,0.659461,0.32423326,-0.41838935,-0.59538,0.0020752505,752.674,804.65204,264.72528,856.2271,919.0842,0.07672119140625,-0.0152587890625,0.9908447265625,1.846771240234375,-4.2767333984375,0.979461669921875,1.0,2.0,1.0,4.0,2.0,95.0,event
11:26:21.676,1.043139,0.2551292,0.93043804,1.0186048,0.9007033,0.09280326,0.45979702,1.0620517,0.96199,0.1334126,0.41848785,0.6707001,0.8128262,0.11379126,-0.16463774,0.659461,0.32423326,-0.41838935,-0.59538,0.0020752505,734.5421,799.41394,857.03296,870.32965,828.8278,0.07672119140625,-0.0152587890625,0.9908447265625,1.846771240234375,-4.2767333984375,0.979461669921875,1.0,2.0,1.0,4.0,2.0,95.0,event
11:26:21.676,1.043139,0.2551292,0.93043804,1.0186048,0.9007033,0.09280326,0.45979702,1.0620517,0.96199,0.1334126,0.41848785,0.6707001,0.8128262,0.11379126,-0.16463774,0.659461,0.32423326,-0.41838935,-0.59538,0.0020752505,640.65936,803.0403,803.44324,856.2271,741.39197,0.07672119140625,-0.0152587890625,0.9908447265625,1.846771240234375,-4.2767333984375,0.979461669921875,1.0,2.0,1.0,4.0,2.0,95.0,event
11:26:21.678,1.043139,0.2551292,0.93043804,1.0186048,0.9007033,0.09280326,0.45979702,1.0620517,0.96199,0.1334126,0.41848785,0.6707001,0.8128262,0.11379126,-0.16463774,0.659461,0.32423326,-0.41838935,-0.59538,0.0020752505,949.707,804.2491,821.1722,883.22345,861.4652,0.07672119140625,-0.0152587890625,0.9908447265625,1.846771240234375,-4.2767333984375,0.979461669921875,1.0,2.0,1.0,4.0,2.0,95.0,event
11:26:21.715,1.043139,0.2551292,0.93043804,1.0186048,0.9007033,0.09280326,0.45979702,1.0620517,0.96199,0.1334126,0.41848785,0.6707001,0.8128262,0.11379126,-0.16463774,0.659461,0.32423326,-0.41838935,-0.59538,0.0020752505,1008.5348,802.23444,895.7143,901.3553,742.6007,0.07672119140625,-0.0152587890625,0.9908447265625,1.846771240234375,-4.2767333984375,0.979461669921875,1.0,2.0,1.0,4.0,2.0,95.0,event
11:26:21.716,1.043139,0.2551292,0.93043804,1.0186048,0.9007033,0.09280326,0.45979702,1.0620517,0.96199,0.1334126,0.41848785,0.6707001,0.8128262,0.11379126,-0.16463774,0.659461,0.32423326,-0.41838935,-0.59538,0.0020752505,810.293,794.9817,852.6007,897.326,688.20514,0.07672119140625,-0.0152587890625,0.9908447265625,1.846771240234375,-4.2767333984375,0.979461669921875,1.0,2.0,1.0,4.0,2.0,95.0,event
11:26:21.717,1.043139,0.2551292,0.93043804,1.0186048,0.9007033,0.09280326,0.45979702,1.0620517,0.96199,0.1334126,0.41848785,0.6707001,0.8128262,0.11379126,-0.16463774,0.659461,0.32423326,-0.41838935,-0.59538,0.0020752505,678.5348,793.7729,581.4286,866.30035,820.3663,0.07672119140625,-0.0152587890625,0.9908447265625,1.846771240234375,-4.2767333984375,0.979461669921875,1.0,2.0,1.0,4.0,2.0,95.0,event
11:26:21.717,1.043139,0.2551292,0.93043804,1.0186048,0.9007033,0.09280326,0.45979702,1.0620517,0.96199,0.1334126,0.41848785,0.6707001,0.8128262,0.11379126,-0.16463774,0.659461,0.32423326,-0.41838935,-0.59538,0.0020752505,754.2857,793.7729,542.3443,867.1062,844.5421,0.07672119140625,-0.0152587890625,0.9908447265625,1.846771240234375,-4.2767333984375,0.979461669921875,1.0,2.0,1.0,4.0,2.0,95.0,event
11:26:21.718,1.043139,0.2551292,0.93043804,1.0186048,0.9007033,0.09280326,0.45979702,1.0620517,0.96199,0.1334126,0.41848785,0.6707001,0.8128262,0.11379126,-0.16463774,0.659461,0.32423326,-0.41838935,-0.59538,0.0020752505,937.2161,794.9817,849.7802,885.2381,702.3077,0.07672119140625,-0.0152587890625,0.9908447265625,1.846771240234375,-4.2767333984375,0.979461669921875,1.0,2.0,1.0,4.0,2.0,95.0,event
11:26:21.719,1.043139,0.2551292,0.93043804,1.0186048,0.9007033,0.09280326,0.45979702,1.0620517,0.96199,0.1334126,0.41848785,0.6707001,0.8128262,0.11379126,-0.16463774,0.659461,0.32423326,-0.41838935,-0.59538,0.0020752505,1021.02563,797.3993,729.304,889.2674,699.4872,0.07672119140625,-0.0152587890625,0.9908447265625,1.846771240234375,-4.2767333984375,0.979461669921875,1.0,2.0,1.0,4.0,2.0,95.0,event
11:26:21.720,1.043139,0.2551292,0.93043804,1.0186048,0.9007033,0.09280326,0.45979702,1.0620517,0.96199,0.1334126,0.41848785,0.6707001,0.8128262,0.11379126,-0.16463774,0.659461,0.32423326,-0.41838935,-0.59538,0.0020752505,870.7326,795.78754,295.348,868.71796,877.1795,0.07672119140625,-0.0152587890625,0.9908447265625,1.846771240234375,-4.2767333984375,0.979461669921875,1.0,2.0,1.0,4.0,2.0,95.0,event
11:26:21.721,1.043139,0.2551292,0.93043804,1.0186048,0.9007033,0.09280326,0.45979702,1.0620517,0.96199,0.1334126,0.41848785,0.6707001,0.8128262,0.11379126,-0.16463774,0.659461,0.32423326,-0.41838935,-0.59538,0.0020752505,695.8608,798.60803,43.113552,867.1062,956.9597,0.07672119140625,-0.0152587890625,0.9908447265625,1.846771240234375,-4.2767333984375,0.979461669921875,1.0,2.0,1.0,4.0,2.0,95.0,event
11:26:21.722,1.043139,0.2551292,0.93043804,1.0186048,0.9007033,0.09280326,0.45979702,1.0620517,0.96199,0.1334126,0.41848785,0.6707001,0.8128262,0.11379126,-0.16463774,0.659461,0.32423326,-0.41838935,-0.59538,0.0020752505,729.707,803.8461,498.82785,871.53845,718.8278,0.07672119140625,-0.0152587890625,0.9908447265625,1.846771240234375,-4.2767333984375,0.979461669921875,1.0,2.0,1.0,4.0,2.0,95.0,event
11:26:21.723,1.043139,0.2551292,0.93043804,1.0186048,0.9007033,0.09280326,0.45979702,1.0620517,0.96199,0.1334126,0.41848785,0.6707001,0.8128262,0.11379126,-0.16463774,0.659461,0.32423326,-0.41838935,-0.59538,0.0020752505,956.1539,799.41394,851.79486,884.83514,667.25275,0.07672119140625,-0.0152587890625,0.9908447265625,1.846771240234375,-4.2767333984375,0.979461669921875,1.0,2.0,1.0,4.0,2.0,95.0,event
11:26:21.724,1.043139,0.2551292,0.93043804,1.0186048,0.9007033,0.09280326,0.45979702,1.0620517,0.96199,0.1334126,0.41848785,0.6707001,0.8128262,0.11379126,-0.16463774,0.659461,0.32423326,-0.41838935,-0.59538,0.0020752505,1082.2711,799.81683,696.26373,894.10254,753.47986,0.07672119140625,-0.0152587890625,0.9908447265625,1.846771240234375,-4.2767333984375,0.979461669921875,1.0,2.0,1.0,4.0,2.0,95.0,event
11:26:21.725,1.043139,0.2551292,0.93043804,1.0186048,0.9007033,0.09280326,0.45979702,1.0620517,0.96199,0.1334126,0.41848785,0.6707001,0.8128262,0.11379126,-0.16463774,0.659461,0.32423326,-0.41838935,-0.59538,0.0020752505,903.36993,801.8315,602.381,871.9414,738.1685,0.07672119140625,-0.0152587890625,0.9908447265625,1.846771240234375,-4.2767333984375,0.979461669921875,1.0,2.0,1.0,4.0,2.0,95.0,event
11:26:21.767,1.043139,0.2551292,0.93043804,1.0186048,0.9007033,0.09280326,0.45979702,1.0620517,0.96199,0.1334126,0.41848785,0.6707001,0.8128262,0.11379126,-0.16463774,0.659461,0.32423326,-0.41838935,-0.59538,0.0020752505,691.4286,803.44324,709.5604,854.61536,744.21246,0.0657958984375,-0.0211181640625,1.0068359375,0.366363525390625,-7.738494873046875,-1.637420654296875,1.0,2.0,1.0,4.0,2.0,95.0,event
11:26:21.768,1.043139,0.2551292,0.93043804,1.0186048,0.9007033,0.09280326,0.45979702,1.0620517,0.96199,0.1334126,0.41848785,0.6707001,0.8128262,0.11379126,-0.16463774,0.659461,0.32423326,-0.41838935,-0.59538,0.0020752505,695.05493,803.8461,771.6117,869.12085,780.4762,0.0657958984375,-0.0211181640625,1.0068359375,0.366363525390625,-7.738494873046875,-1.637420654296875,1.0,2.0,1.0,4.0,2.0,95.0,event
11:26:21.772,1.043139,0.2551292,0.93043804,1.0186048,0.9007033,0.09280326,0.45979702,1.0620517,0.96199,0.1334126,0.41848785,0.6707001,0.8128262,0.11379126,-0.16463774,0.659461,0.32423326,-0.41838935,-0.59538,0.0020752505,897.326,799.011,679.34064,889.2674,802.23444,0.0657958984375,-0.0211181640625,1.0068359375,0.366363525390625,-7.738494873046875,-1.637420654296875,1.0,2.0,1.0,4.0,2.0,95.0,event
11:26:21.773,1.043139,0.2551292,0.93043804,1.0186048,0.9007033,0.09280326,0.45979702,1.0620517,0.96199,0.1334126,0.41848785,0.6707001,0.8128262,0.11379126,-0.16463774,0.659461,0.32423326,-0.41838935,-0.59538,0.0020752505,1056.4835,798.60803,738.5714,879.19415,803.44324,0.0657958984375,-0.0211181640625,1.0068359375,0.366363525390625,-7.738494873046875,-1.637420654296875,1.0,2.0,1.0,4.0,2.0,95.0,event
11:26:21.773,1.043139,0.2551292,0.93043804,1.0186048,0.9007033,0.09280326,0.45979702,1.0620517,0.96199,0.1334126,0.41848785,0.6707001,0.8128262,0.11379126,-0.16463774,0.659461,0.32423326,-0.41838935,-0.59538,0.0020752505,939.2308,804.2491,705.9341,847.3626,776.04395,0.0657958984375,-0.0211181640625,1.0068359375,0.366363525390625,-7.738494873046875,-1.637420654296875,1.0,2.0,1.0,4.0,2.0,95.0,event
11:26:21.774,1.043139,0.2551292,0.93043804,1.0186048,0.9007033,0.09280326,0.45979702,1.0620517,0.96199,0.1334126,0.41848785,0.6707001,0.8128262,0.11379126,-0.16463774,0.659461,0.32423326,-0.41838935,-0.59538,0.0020752505,715.2015,807.8755,436.37363,838.9011,826.8132,0.0657958984375,-0.0211181640625,1.0068359375,0.366363525390625,-7.738494873046875,-1.637420654296875,1.0,2.0,1.0,4.0,2.0,95.0,event
11:26:21.775,1.043139,0.2551292,0.93043804,1.0186048,0.9007033,0.09280326,0.45979702,1.0620517,0.96199,0.1334126,0.41848785,0.6707001,0.8128262,0.11379126,-0.16463774,0.659461,0.32423326,-0.41838935,-0.59538,0.0020752505,695.4579,807.8755,144.65201,861.8681,976.30035,0.0657958984375,-0.0211181640625,1.0068359375,0.366363525390625,-7.738494873046875,-1.637420654296875,1.0,2.0,1.0,4.0,2.0,95.0,event
11:26:21.776,1.043139,0.2551292,0.93043804,1.0186048,0.9007033,0.09280326,0.45979702,1.0620517,0.96199,0.1334126,0.41848785,0.6707001,0.8128262,0.11379126,-0.16463774,0.659461,0.32423326,-0.41838935,-0.59538,0.0020752505,891.28204,804.65204,215.56776,872.3443,973.47986,0.0657958984375,-0.0211181640625,1.0068359375,0.366363525390625,-7.738494873046875,-1.637420654296875,1.0,2.0,1.0,4.0,2.0,95.0,event
11:26:21.776,1.043139,0.2551292,0.93043804,1.0186048,0.9007033,0.09280326,0.45979702,1.0620517,0.96199,0.1334126,0.41848785,0.6707001,0.8128262,0.11379126,-0.16463774,0.659461,0.32423326,-0.41838935,-0.59538,0.0020752505,1058.0952,805.05493,657.98535,880.40295,799.41394,0.0657958984375,-0.0211181640625,1.0068359375,0.366363525390625,-7.738494873046875,-1.637420654296875,1.0,2.0,1.0,4.0,2.0,95.0,event
11:26:21.777,1.043139,0.2551292,0.93043804,1.0186048,0.9007033,0.09280326,0.45979702,1.0620517,0.96199,0.1334126,0.41848785,0.6707001,0.8128262,0.11379126,-0.16463774,0.659461,0.32423326,-0.41838935,-0.59538,0.0020752505,976.30035,803.0403,562.8938,850.58606,749.0476,0.0657958984375,-0.0211181640625,1.0068359375,0.366363525390625,-7.738494873046875,-1.637420654296875,1.0,2.0,1.0,4.0,2.0,95.0,event
11:26:21.778,1.043139,0.2551292,0.93043804,1.0186048,0.9007033,0.09280326,0.45979702,1.0620517,0.96199,0.1334126,0.41848785,0.6707001,0.8128262,0.11379126,-0.16463774,0.659461,0.32423326,-0.41838935,-0.59538,0.0020752505,760.7326,793.7729,198.24176,800.6227,799.011,0.0657958984375,-0.0211181640625,1.0068359375,0.366363525390625,-7.738494873046875,-1.637420654296875,1.0,2.0,1.0,4.0,2.0,95.0,event
11:26:21.779,1.043139,0.2551292,0.93043804,1.0186048,0.9007033,0.09280326,0.45979702,1.0620517,0.96199,0.1334126,0.41848785,0.6707001,0.8128262,0.11379126,-0.16463774,0.659461,0.32423326,-0.41838935,-0.59538,0.0020752505,725.6777,794.57874,485.1282,765.16486,756.7033,0.0657958984375,-0.0211181640625,1.0068359375,0.366363525390625,-7.738494873046875,-1.637420654296875,1.0,2.0,1.0,4.0,2.0,95.0,event
11:26:21.800,1.043139,0.2551292,0.93043804,1.0186048,0.9007033,0.09280326,0.45979702,1.0620517,0.96199,0.1334126,0.41848785,0.6707001,0.8128262,0.11379126,-0.16463774,0.659461,0.32423326,-0.41838935,-0.59538,0.0020752505,903.7729,789.34064,821.5751,739.3773,711.1722,0.08160400390625,-0.0360107421875,0.9696044921875,-0.657958984375,-13.615264892578123,-3.33465576171875,1.0,2.0,1.0,4.0,2.0,95.0,event
11:26:21.801,1.043139,0.2551292,0.93043804,1.0186048,0.9007033,0.09280326,0.45979702,1.0620517,0.96199,0.1334126,0.41848785,0.6707001,0.8128262,0.11379126,-0.16463774,0.659461,0.32423326,-0.41838935,-0.59538,0.0020752505,1058.0952,783.69965,603.9927,726.4835,836.8865,0.08160400390625,-0.0360107421875,0.9696044921875,-0.657958984375,-13.615264892578123,-3.33465576171875,1.0,2.0,1.0,4.0,2.0,95.0,event
11:26:21.802,1.043139,0.2551292,0.93043804,1.0186048,0.9007033,0.09280326,0.45979702,1.0620517,0.96199,0.1334126,0.41848785,0.6707001,0.8128262,0.11379126,-0.16463774,0.659461,0.32423326,-0.41838935,-0.59538,0.0020752505,1002.49084,786.1172,333.62637,674.90845,920.293,0.08160400390625,-0.0360107421875,0.9696044921875,-0.657958984375,-13.615264892578123,-3.33465576171875,1.0,2.0,1.0,4.0,2.0,95.0,event
11:26:21.803,1.043139,0.2551292,0.93043804,1.0186048,0.9007033,0.09280326,0.45979702,1.0620517,0.96199,0.1334126,0.41848785,0.6707001,0.8128262,0.11379126,-0.16463774,0.659461,0.32423326,-0.41838935,-0.59538,0.0020752505,802.6374,784.10254,506.48352,601.978,748.24176,0.08160400390625,-0.0360107421875,0.9696044921875,-0.657958984375,-13.615264892578123,-3.33465576171875,1.0,2.0,1.0,4.0,2.0,95.0,event
11:26:21.804,1.043139,0.2551292,0.93043804,1.0186048,0.9007033,0.09280326,0.45979702,1.0620517,0.96199,0.1334126,0.41848785,0.6707001,0.8128262,0.11379126,-0.16463774,0.659461,0.32423326,-0.41838935,-0.59538,0.0020752505,732.9304,779.67035,689.41394,559.67035,688.60803,0.08160400390625,-0.0360107421875,0.9696044921875,-0.657958984375,-13.615264892578123,-3.33465576171875,1.0,2.0,1.0,4.0,2.0,95.0,event
11:26:21.804,1.043139,0.2551292,0.93043804,1.0186048,0.9007033,0.09280326,0.45979702,1.0620517,0.96199,0.1334126,0.41848785,0.6707001,0.8128262,0.11379126,-0.16463774,0.659461,0.32423326,-0.41838935,-0.59538,0.0020752505,867.1062,776.4469,396.88644,566.9231,923.1135,0.08160400390625,-0.0360107421875,0.9696044921875,-0.657958984375,-13.615264892578123,-3.33465576171875,1.0,2.0,1.0,4.0,2.0,95.0,event
11:26:21.805,1.043139,0.2551292,0.93043804,1.0186048,0.9007033,0.09280326,0.45979702,1.0620517,0.96199,0.1334126,0.41848785,0.6707001,0.8128262,0.11379126,-0.16463774,0.659461,0.32423326,-0.41838935,-0.59538,0.0020752505,1058.0952,779.2674,158.75458,552.01465,1004.10254,0.08160400390625,-0.0360107421875,0.9696044921875,-0.657958984375,-13.615264892578123,-3.33465576171875,1.0,2.0,1.0,4.0,2.0,95.0,event
11:26:21.806,1.043139,0.2551292,0.93043804,1.0186048,0.9007033,0.09280326,0.45979702,1.0620517,0.96199,0.1334126,0.41848785,0.6707001,0.8128262,0.11379126,-0.16463774,0.659461,0.32423326,-0.41838935,-0.59538,0.0020752505,1036.7399,781.685,527.03296,514.1392,760.32965,0.08160400390625,-0.0360107421875,0.9696044921875,-0.657958984375,-13.615264892578123,-3.33465576171875,1.0,2.0,1.0,4.0,2.0,95.0,event
11:26:21.807,1.043139,0.2551292,0.93043804,1.0186048,0.9007033,0.09280326,0.45979702,1.0620517,0.96199,0.1334126,0.41848785,0.6707001,0.8128262,0.11379126,-0.16463774,0.659461,0.32423326,-0.41838935,-0.59538,0.0020752505,816.337,777.25275,601.5751,491.97803,670.07324,0.08160400390625,-0.0360107421875,0.9696044921875,-0.657958984375,-13.615264892578123,-3.33465576171875,1.0,2.0,1.0,4.0,2.0,95.0,event
11:26:21.807,1.043139,0.2551292,0.93043804,1.0186048,0.9007033,0.09280326,0.45979702,1.0620517,0.96199,0.1334126,0.41848785,0.6707001,0.8128262,0.11379126,-0.16463774,0.659461,0.32423326,-0.41838935,-0.59538,0.0020752505,709.5604,778.86444,225.64102,480.29303,844.5421,0.08160400390625,-0.0360107421875,0.9696044921875,-0.657958984375,-13.615264892578123,-3.33465576171875,1.0,2.0,1.0,4.0,2.0,95.0,event
11:26:21.808,1.043139,0.2551292,0.93043804,1.0186048,0.9007033,0.09280326,0.45979702,1.0620517,0.96199,0.1334126,0.41848785,0.6707001,0.8128262,0.11379126,-0.16463774,0.659461,0.32423326,-0.41838935,-0.59538,0.0020752505,816.337,777.25275,201.06227,483.51648,931.978,0.08160400390625,-0.0360107421875,0.9696044921875,-0.657958984375,-13.615264892578123,-3.33465576171875,1.0,2.0,1.0,4.0,2.0,95.0,event
11:26:21.809,1.043139,0.2551292,0.93043804,1.0186048,0.9007033,0.09280326,0.45979702,1.0620517,0.96199,0.1334126,0.41848785,0.6707001,0.8128262,0.11379126,-0.16463774,0.659461,0.32423326,-0.41838935,-0.59538,0.0020752505,1025.4579,773.6264,649.12085,472.23444,715.2015,0.08160400390625,-0.0360107421875,0.9696044921875,-0.657958984375,-13.615264892578123,-3.33465576171875,1.0,2.0,1.0,4.0,2.0,95.0,event
11:26:21.876,1.043139,0.2551292,0.93043804,1.0186048,0.9007033,0.09280326,0.45979702,1.0620517,0.96199,0.1334126,0.41848785,0.6707001,0.8128262,0.11379126,-0.16463774,0.659461,0.32423326,-0.41838935,-0.59538,0.0020752505,1027.4725,770.40295,701.50183,441.2088,626.1539,0.09808349609375,-0.0341796875,0.97442626953125,2.9010009765625,-5.121612548828125,0.949554443359375,1.0,2.0,1.0,4.0,2.0,95.0,event
11:26:21.877,1.043139,0.2551292,0.93043804,1.0186048,0.9007033,0.09280326,0.45979702,1.0620517,0.96199,0.1334126,0.41848785,0.6707001,0.8128262,0.11379126,-0.16463774,0.659461,0.32423326,-0.41838935,-0.59538,0.0020752505,799.81683,770.40295,471.02563,414.21246,676.1172,0.09808349609375,-0.0341796875,0.97442626953125,2.9010009765625,-5.121612548828125,0.949554443359375,1.0,2.0,1.0,4.0,2.0,95.0,event
11:26:21.879,1.043139,0.2551292,0.93043804,1.0186048,0.9007033,0.09280326,0.45979702,1.0620517,0.96199,0.1334126,0.41848785,0.6707001,0.8128262,0.11379126,-0.16463774,0.659461,0.32423326,-0.41838935,-0.59538,0.0020752505,687.3993,774.43225,483.51648,417.83884,613.2601,0.09808349609375,-0.0341796875,0.97442626953125,2.9010009765625,-5.121612548828125,0.949554443359375,1.0,2.0,1.0,4.0,2.0,95.0,event
11:26:21.881,1.043139,0.2551292,0.93043804,1.0186048,0.9007033,0.09280326,0.45979702,1.0620517,0.96199,0.1334126,0.41848785,0.6707001,0.8128262,0.11379126,-0.16463774,0.659461,0.32423326,-0.41838935,-0.59538,0.0020752505,803.0403,772.8205,734.5421,411.39194,542.3443,0.09808349609375,-0.0341796875,0.97442626953125,2.9010009765625,-5.121612548828125,0.949554443359375,1.0,2.0,1.0,4.0,2.0,95.0,event
11:26:21.887,1.043139,0.2551292,0.93043804,1.0186048,0.9007033,0.09280326,0.45979702,1.0620517,0.96199,0.1334126,0.41848785,0.6707001,0.8128262,0.11379126,-0.16463774,0.659461,0.32423326,-0.41838935,-0.59538,0.0020752505,992.8205,770.40295,809.4872,414.6154,655.56775,0.09808349609375,-0.0341796875,0.97442626953125,2.9010009765625,-5.121612548828125,0.949554443359375,1.0,2.0,1.0,4.0,2.0,95.0,event
11:26:21.888,1.043139,0.2551292,0.93043804,1.0186048,0.9007033,0.09280326,0.45979702,1.0620517,0.96199,0.1334126,0.41848785,0.6707001,0.8128262,0.11379126,-0.16463774,0.659461,0.32423326,-0.41838935,-0.59538,0.0020752505,1019.41394,775.2381,564.90845,413.8095,896.1172,0.09808349609375,-0.0341796875,0.97442626953125,2.9010009765625,-5.121612548828125,0.949554443359375,1.0,2.0,1.0,4.0,2.0,95.0,event
11:26:21.890,1.043139,0.2551292,0.93043804,1.0186048,0.9007033,0.09280326,0.45979702,1.0620517,0.96199,0.1334126,0.41848785,0.6707001,0.8128262,0.11379126,-0.16463774,0.659461,0.32423326,-0.41838935,-0.59538,0.0020752505,830.4396,777.6557,344.5055,384.79852,865.4945,0.09808349609375,-0.0341796875,0.97442626953125,2.9010009765625,-5.121612548828125,0.949554443359375,1.0,2.0,1.0,4.0,2.0,95.0,event
11:26:21.892,1.043139,0.2551292,0.93043804,1.0186048,0.9007033,0.09280326,0.45979702,1.0620517,0.96199,0.1334126,0.41848785,0.6707001,0.8128262,0.11379126,-0.16463774,0.659461,0.32423326,-0.41838935,-0.59538,0.0020752505,687.3993,773.6264,570.9524,356.99634,652.3443,0.09808349609375,-0.0341796875,0.97442626953125,2.9010009765625,-5.121612548828125,0.949554443359375,1.0,2.0,1.0,4.0,2.0,95.0,event
11:26:21.892,1.043139,0.2551292,0.93043804,1.0186048,0.9007033,0.09280326,0.45979702,1.0620517,0.96199,0.1334126,0.41848785,0.6707001,0.8128262,0.11379126,-0.16463774,0.659461,0.32423326,-0.41838935,-0.59538,0.0020752505,758.71796,771.2088,796.1905,350.9524,717.2161,0.09808349609375,-0.0341796875,0.97442626953125,2.9010009765625,-5.121612548828125,0.949554443359375,1.0,2.0,1.0,4.0,2.0,95.0,event
11:26:21.894,1.043139,0.2551292,0.93043804,1.0186048,0.9007033,0.09280326,0.45979702,1.0620517,0.96199,0.1334126,0.41848785,0.6707001,0.8128262,0.11379126,-0.16463774,0.659461,0.32423326,-0.41838935,-0.59538,0.0020752505,968.6447,769.59705,404.94507,371.50183,871.53845,0.09808349609375,-0.0341796875,0.97442626953125,2.9010009765625,-5.121612548828125,0.949554443359375,1.0,2.0,1.0,4.0,2.0,95.0,event
11:26:21.895,1.043139,0.2551292,0.93043804,1.0186048,0.9007033,0.09280326,0.45979702,1.0620517,0.96199,0.1334126,0.41848785,0.6707001,0.8128262,0.11379126,-0.16463774,0.659461,0.32423326,-0.41838935,-0.59538,0.0020752505,1038.7546,770.80585,473.04028,357.39926,727.28937,0.09808349609375,-0.0341796875,0.97442626953125,2.9010009765625,-5.121612548828125,0.949554443359375,1.0,2.0,1.0,4.0,2.0,95.0,event
11:26:21.895,1.043139,0.2551292,0.93043804,1.0186048,0.9007033,0.09280326,0.45979702,1.0620517,0.96199,0.1334126,0.41848785,0.6707001,0.8128262,0.11379126,-0.16463774,0.659461,0.32423326,-0.41838935,-0.59538,0.0020752505,848.1685,774.0293,729.304,322.34433,608.8278,0.09808349609375,-0.0341796875,0.97442626953125,2.9010009765625,-5.121612548828125,0.949554443359375,1.0,2.0,1.0,4.0,2.0,95.0,event
11:26:21.928,1.043139,0.2551292,0.93043804,1.0186048,0.9007033,0.09280326,0.45979702,1.0620517,0.96199,0.1334126,0.41848785,0.6707001,0.8128262,0.11379126,-0.16463774,0.659461,0.32423326,-0.41838935,-0.59538,0.0020752505,660.0,772.4176,431.9414,350.1465,805.05493,0.08343505859375,-0.0390625,0.98101806640625,2.0635986328125,-3.18511962890625,2.04864501953125,1.0,2.0,1.0,4.0,2.0,95.0,event
11:26:21.929,1.043139,0.2551292,0.93043804,1.0186048,0.9007033,0.09280326,0.45979702,1.0620517,0.96199,0.1334126,0.41848785,0.6707001,0.8128262,0.11379126,-0.16463774,0.659461,0.32423326,-0.41838935,-0.59538,0.0020752505,705.5311,770.80585,403.73627,333.62637,840.5128,0.08343505859375,-0.0390625,0.98101806640625,2.0635986328125,-3.18511962890625,2.04864501953125,1.0,2.0,1.0,4.0,2.0,95.0,event
11:26:21.930,1.043139,0.2551292,0.93043804,1.0186048,0.9007033,0.09280326,0.45979702,1.0620517,0.96199,0.1334126,0.41848785,0.6707001,0.8128262,0.11379126,-0.16463774,0.659461,0.32423326,-0.41838935,-0.59538,0.0020752505,922.3077,771.6117,793.36993,271.17215,674.5055,0.08343505859375,-0.0390625,0.98101806640625,2.0635986328125,-3.18511962890625,2.04864501953125,1.0,2.0,1.0,4.0,2.0,95.0,event
11:26:21.930,1.043139,0.2551292,0.93043804,1.0186048,0.9007033,0.09280326,0.45979702,1.0620517,0.96199,0.1334126,0.41848785,0.6707001,0.8128262,0.11379126,-0.16463774,0.659461,0.32423326,-0.41838935,-0.59538,0.0020752505,1020.2198,774.0293,917.8755,219.59708,668.0586,0.08343505859375,-0.0390625,0.98101806640625,2.0635986328125,-3.18511962890625,2.04864501953125,1.0,2.0,1.0,4.0,2.0,95.0,event
11:26:21.931,1.043139,0.2551292,0.93043804,1.0186048,0.9007033,0.09280326,0.45979702,1.0620517,0.96199,0.1334126,0.41848785,0.6707001,0.8128262,0.11379126,-0.16463774,0.659461,0.32423326,-0.41838935,-0.59538,0.0020752505,871.13556,776.4469,646.30035,147.0696,736.1539,0.08343505859375,-0.0390625,0.98101806640625,2.0635986328125,-3.18511962890625,2.04864501953125,1.0,2.0,1.0,4.0,2.0,95.0,event
11:26:21.931,1.043139,0.2551292,0.93043804,1.0186048,0.9007033,0.09280326,0.45979702,1.0620517,0.96199,0.1334126,0.41848785,0.6707001,0.8128262,0.11379126,-0.16463774,0.659461,0.32423326,-0.41838935,-0.59538,0.0020752505,671.685,766.77655,395.27472,78.168495,766.3736,0.08343505859375,-0.0390625,0.98101806640625,2.0635986328125,-3.18511962890625,2.04864501953125,1.0,2.0,1.0,4.0,2.0,95.0,event
11:26:21.932,1.043139,0.2551292,0.93043804,1.0186048,0.9007033,0.09280326,0.45979702,1.0620517,0.96199,0.1334126,0.41848785,0.6707001,0.8128262,0.11379126,-0.16463774,0.659461,0.32423326,-0.41838935,-0.59538,0.0020752505,672.0879,763.1502,504.06595,18.131868,811.9048,0.08343505859375,-0.0390625,0.98101806640625,2.0635986328125,-3.18511962890625,2.04864501953125,1.0,2.0,1.0,4.0,2.0,95.0,event
11:26:21.932,1.043139,0.2551292,0.93043804,1.0186048,0.9007033,0.09280326,0.45979702,1.0620517,0.96199,0.1334126,0.41848785,0.6707001,0.8128262,0.11379126,-0.16463774,0.659461,0.32423326,-0.41838935,-0.59538,0.0020752505,867.50916,766.3736,852.1978,0.0,742.6007,0.08343505859375,-0.0390625,0.98101806640625,2.0635986328125,-3.18511962890625,2.04864501953125,1.0,2.0,1.0,4.0,2.0,95.0,event
11:26:21.933,1.043139,0.2551292,0.93043804,1.0186048,0.9007033,0.09280326,0.45979702,1.0620517,0.96199,0.1334126,0.41848785,0.6707001,0.8128262,0.11379126,-0.16463774,0.659461,0.32423326,-0.41838935,-0.59538,0.0020752505,994.43225,768.7912,606.8132,0.8058608,836.4835,0.08343505859375,-0.0390625,0.98101806640625,2.0635986328125,-3.18511962890625,2.04864501953125,1.0,2.0,1.0,4.0,2.0,95.0,event
11:26:21.933,1.043139,0.2551292,0.93043804,1.0186048,0.9007033,0.09280326,0.45979702,1.0620517,0.96199,0.1334126,0.41848785,0.6707001,0.8128262,0.11379126,-0.16463774,0.659461,0.32423326,-0.41838935,-0.59538,0.0020752505,862.674,772.01465,226.84982,0.0,979.92676,0.08343505859375,-0.0390625,0.98101806640625,2.0635986328125,-3.18511962890625,2.04864501953125,1.0,2.0,1.0,4.0,2.0,95.0,event
11:26:21.933,1.043139,0.2551292,0.93043804,1.0186048,0.9007033,0.09280326,0.45979702,1.0620517,0.96199,0.1334126,0.41848785,0.6707001,0.8128262,0.11379126,-0.16463774,0.659461,0.32423326,-0.41838935,-0.59538,0.0020752505,663.22345,774.0293,693.44324,0.0,772.01465,0.08343505859375,-0.0390625,0.98101806640625,2.0635986328125,-3.18511962890625,2.04864501953125,1.0,2.0,1.0,4.0,2.0,95.0,event
11:26:21.934,1.043139,0.2551292,0.93043804,1.0186048,0.9007033,0.09280326,0.45979702,1.0620517,0.96199,0.1334126,0.41848785,0.6707001,0.8128262,0.11379126,-0.16463774,0.659461,0.32423326,-0.41838935,-0.59538,0.0020752505,660.40295,773.6264,913.8461,0.0,705.9341,0.08343505859375,-0.0390625,0.98101806640625,2.0635986328125,-3.18511962890625,2.04864501953125,1.0,2.0,1.0,4.0,2.0,95.0,event
11:26:21.971,1.043139,0.2551292,0.93043804,1.0186048,0.9007033,0.09280326,0.45979702,1.0620517,0.96199,0.1334126,0.41848785,0.6707001,0.8128262,0.11379126,-0.16463774,0.659461,0.32423326,-0.41838935,-0.59538,0.0020752505,842.1245,774.0293,779.67035,0.0,783.69965,0.08343505859375,-0.0390625,0.98101806640625,2.0635986328125,-3.18511962890625,2.04864501953125,1.0,2.0,1.0,4.0,2.0,95.0,event
11:26:21.972,1.043139,0.2551292,0.93043804,1.0186048,0.9007033,0.09280326,0.45979702,1.0620517,0.96199,0.1334126,0.41848785,0.6707001,0.8128262,0.11379126,-0.16463774,0.659461,0.32423326,-0.41838935,-0.59538,0.0020752505,993.22345,779.2674,848.1685,0.0,800.2198,0.08343505859375,-0.0390625,0.98101806640625,2.0635986328125,-3.18511962890625,2.04864501953125,1.0,2.0,1.0,4.0,2.0,95.0,event
11:26:21.973,1.043139,0.2551292,0.93043804,1.0186048,0.9007033,0.09280326,0.45979702,1.0620517,0.96199,0.1334126,0.41848785,0.6707001,0.8128262,0.11379126,-0.16463774,0.659461,0.32423326,-0.41838935,-0.59538,0.0020752505,900.14655,776.8498,842.9304,0.0,713.1868,0.08343505859375,-0.0390625,0.98101806640625,2.0635986328125,-3.18511962890625,2.04864501953125,1.0,2.0,1.0,4.0,2.0,95.0,event
11:26:21.974,1.043139,0.2551292,0.93043804,1.0186048,0.9007033,0.09280326,0.45979702,1.0620517,0.96199,0.1334126,0.41848785,0.6707001,0.8128262,0.11379126,-0.16463774,0.659461,0.32423326,-0.41838935,-0.59538,0.0020752505,674.90845,773.22345,607.619,0.0,760.32965,0.08343505859375,-0.0390625,0.98101806640625,2.0635986328125,-3.18511962890625,2.04864501953125,1.0,2.0,1.0,4.0,2.0,95.0,event
11:26:21.975,1.043139,0.2551292,0.93043804,1.0186048,0.9007033,0.09280326,0.45979702,1.0620517,0.96199,0.1334126,0.41848785,0.6707001,0.8128262,0.11379126,-0.16463774,0.659461,0.32423326,-0.41838935,-0.59538,0.0020752505,637.8388,779.67035,503.663,0.0,859.0476,0.08343505859375,-0.0390625,0.98101806640625,2.0635986328125,-3.18511962890625,2.04864501953125,1.0,2.0,1.0,4.0,2.0,95.0,event
11:26:21.976,1.043139,0.2551292,0.93043804,1.0186048,0.9007033,0.09280326,0.45979702,1.0620517,0.96199,0.1334126,0.41848785,0.6707001,0.8128262,0.11379126,-0.16463774,0.659461,0.32423326,-0.41838935,-0.59538,0.0020752505,809.89014,778.46155,572.1612,1.2087913,875.9707,0.08343505859375,-0.0390625,0.98101806640625,2.0635986328125,-3.18511962890625,2.04864501953125,1.0,2.0,1.0,4.0,2.0,95.0,event
11:26:21.980,1.043139,0.2551292,0.93043804,1.0186048,0.9007033,0.09280326,0.45979702,1.0620517,0.96199,0.1334126,0.41848785,0.6707001,0.8128262,0.11379126,-0.16463774,0.659461,0.32423326,-0.41838935,-0.59538,0.0020752505,964.21246,773.22345,683.36993,0.0,866.7033,0.08343505859375,-0.0390625,0.98101806640625,2.0635986328125,-3.18511962890625,2.04864501953125,1.0,2.0,1.0,4.0,2.0,95.0,event
11:26:21.981,1.043139,0.2551292,0.93043804,1.0186048,0.9007033,0.09280326,0.45979702,1.0620517,0.96199,0.1334126,0.41848785,0.6707001,0.8128262,0.11379126,-0.16463774,0.659461,0.32423326,-0.41838935,-0.59538,0.0020752505,904.9817,770.0,759.92676,16.520147,850.989,0.08343505859375,-0.0390625,0.98101806640625,2.0635986328125,-3.18511962890625,2.04864501953125,1.0,2.0,1.0,4.0,2.0,95.0,event
11:26:21.982,1.043139,0.2551292,0.93043804,1.0186048,0.9007033,0.09280326,0.45979702,1.0620517,0.96199,0.1334126,0.41848785,0.6707001,0.8128262,0.11379126,-0.16463774,0.659461,0.32423326,-0.41838935,-0.59538,0.0020752505,685.38464,780.07324,303.4066,67.289375,957.3626,0.08343505859375,-0.0390625,0.98101806640625,2.0635986328125,-3.18511962890625,2.04864501953125,1.0,2.0,1.0,4.0,2.0,95.0,event
11:26:21.983,1.043139,0.2551292,0.93043804,1.0186048,0.9007033,0.09280326,0.45979702,1.0620517,0.96199,0.1334126,0.41848785,0.6707001,0.8128262,0.11379126,-0.16463774,0.659461,0.32423326,-0.41838935,-0.59538,0.0020752505,600.3663,794.9817,361.02563,134.98169,881.6117,0.08343505859375,-0.0390625,0.98101806640625,2.0635986328125,-3.18511962890625,2.04864501953125,1.0,2.0,1.0,4.0,2.0,95.0,event
11:26:21.983,1.043139,0.2551292,0.93043804,1.0186048,0.9007033,0.09280326,0.45979702,1.0620517,0.96199,0.1334126,0.41848785,0.6707001,0.8128262,0.11379126,-0.16463774,0.659461,0.32423326,-0.41838935,-0.59538,0.0020752505,765.16486,791.75824,1007.72894,224.0293,716.4103,0.08343505859375,-0.0390625,0.98101806640625,2.0635986328125,-3.18511962890625,2.04864501953125,1.0,2.0,1.0,4.0,2.0,95.0,event
11:26:21.984,1.043139,0.2551292,0.93043804,1.0186048,0.9007033,0.09280326,0.45979702,1.0620517,0.96199,0.1334126,0.41848785,0.6707001,0.8128262,0.11379126,-0.16463774,0.659461,0.32423326,-0.41838935,-0.59538,0.0020752505,965.0183,787.326,924.7253,303.8095,810.293,0.08343505859375,-0.0390625,0.98101806640625,2.0635986328125,-3.18511962890625,2.04864501953125,1.0,2.0,1.0,4.0,2.0,95.0,event
11:26:22.028,1.043139,0.2551292,0.93043804,1.0186048,0.9007033,0.09280326,0.45979702,1.0620517,0.96199,0.1334126,0.41848785,0.6707001,0.8128262,0.11379126,-0.16463774,0.659461,0.32423326,-0.41838935,-0.59538,0.0020752505,930.3663,791.75824,726.8865,340.87912,854.61536,0.0845947265625,-0.03704833984375,0.97698974609375,4.0374755859375,-3.33465576171875,0.127105712890625,1.0,2.0,1.0,4.0,2.0,95.0,event
11:26:22.030,1.043139,0.2551292,0.93043804,1.0186048,0.9007033,0.09280326,0.45979702,1.0620517,0.96199,0.1334126,0.41848785,0.6707001,0.8128262,0.11379126,-0.16463774,0.659461,0.32423326,-0.41838935,-0.59538,0.0020752505,696.6667,790.14655,794.57874,348.93774,736.9597,0.0845947265625,-0.03704833984375,0.97698974609375,4.0374755859375,-3.33465576171875,0.127105712890625,1.0,2.0,1.0,4.0,2.0,95.0,event
11:26:22.031,1.043139,0.2551292,0.93043804,1.0186048,0.9007033,0.09280326,0.45979702,1.0620517,0.96199,0.1334126,0.41848785,0.6707001,0.8128262,0.11379126,-0.16463774,0.659461,0.32423326,-0.41838935,-0.59538,0.0020752505,740.18317,782.8938,862.27106,461.75824,850.989,0.0845947265625,-0.03704833984375,0.97698974609375,4.0374755859375,-3.33465576171875,0.127105712890625,1.0,2.0,1.0,4.0,2.0,95.0,event
11:26:22.031,1.043139,0.2551292,0.93043804,1.0186048,0.9007033,0.09280326,0.45979702,1.0620517,0.96199,0.1334126,0.41848785,0.6707001,0.8128262,0.11379126,-0.16463774,0.659461,0.32423326,-0.41838935,-0.59538,0.0020752505,611.6484,780.87915,940.0366,402.52747,747.03296,0.0845947265625,-0.03704833984375,0.97698974609375,4.0374755859375,-3.33465576171875,0.127105712890625,1.0,2.0,1.0,4.0,2.0,95.0,event
11:26:22.032,1.043139,0.2551292,0.93043804,1.0186048,0.9007033,0.09280326,0.45979702,1.0620517,0.96199,0.1334126,0.41848785,0.6707001,0.8128262,0.11379126,-0.16463774,0.659461,0.32423326,-0.41838935,-0.59538,0.0020752505,917.47253,786.1172,786.52014,490.3663,837.28937,0.0845947265625,-0.03704833984375,0.97698974609375,4.0374755859375,-3.33465576171875,0.127105712890625,1.0,2.0,1.0,4.0,2.0,95.0,event
11:26:22.033,1.043139,0.2551292,0.93043804,1.0186048,0.9007033,0.09280326,0.45979702,1.0620517,0.96199,0.1334126,0.41848785,0.6707001,0.8128262,0.11379126,-0.16463774,0.659461,0.32423326,-0.41838935,-0.59538,0.0020752505,917.0696,787.326,688.60803,497.21613,835.6777,0.0845947265625,-0.03704833984375,0.97698974609375,4.0374755859375,-3.33465576171875,0.127105712890625,1.0,2.0,1.0,4.0,2.0,95.0,event
11:26:22.034,1.043139,0.2551292,0.93043804,1.0186048,0.9007033,0.09280326,0.45979702,1.0620517,0.96199,0.1334126,0.41848785,0.6707001,0.8128262,0.11379126,-0.16463774,0.659461,0.32423326,-0.41838935,-0.59538,0.0020752505,716.4103,791.75824,533.8828,496.00732,829.2308,0.0845947265625,-0.03704833984375,0.97698974609375,4.0374755859375,-3.33465576171875,0.127105712890625,1.0,2.0,1.0,4.0,2.0,95.0,event
11:26:22.034,1.043139,0.2551292,0.93043804,1.0186048,0.9007033,0.09280326,0.45979702,1.0620517,0.96199,0.1334126,0.41848785,0.6707001,0.8128262,0.11379126,-0.16463774,0.659461,0.32423326,-0.41838935,-0.59538,0.0020752505,601.1722,793.36993,386.8132,530.65936,918.2784,0.0845947265625,-0.03704833984375,0.97698974609375,4.0374755859375,-3.33465576171875,0.127105712890625,1.0,2.0,1.0,4.0,2.0,95.0,event
11:26:22.035,1.043139,0.2551292,0.93043804,1.0186048,0.9007033,0.09280326,0.45979702,1.0620517,0.96199,0.1334126,0.41848785,0.6707001,0.8128262,0.11379126,-0.16463774,0.659461,0.32423326,-0.41838935,-0.59538,0.0020752505,695.8608,789.7436,54.395603,595.5311,1142.3077,0.0845947265625,-0.03704833984375,0.97698974609375,4.0374755859375,-3.33465576171875,0.127105712890625,1.0,2.0,1.0,4.0,2.0,95.0,event
11:26:22.036,1.043139,0.2551292,0.93043804,1.0186048,0.9007033,0.09280326,0.45979702,1.0620517,0.96199,0.1334126,0.41848785,0.6707001,0.8128262,0.11379126,-0.16463774,0.659461,0.32423326,-0.41838935,-0.59538,0.0020752505,932.381,794.17584,507.69232,645.09155,941.2454,0.0845947265625,-0.03704833984375,0.97698974609375,4.0374755859375,-3.33465576171875,0.127105712890625,1.0,2.0,1.0,4.0,2.0,95.0,event
11:26:22.037,1.043139,0.2551292,0.93043804,1.0186048,0.9007033,0.09280326,0.45979702,1.0620517,0.96199,0.1334126,0.41848785,0.6707001,0.8128262,0.11379126,-0.16463774,0.659461,0.32423326,-0.41838935,-0.59538,0.0020752505,986.3736,792.96704,927.1429,630.989,723.663,0.0845947265625,-0.03704833984375,0.97698974609375,4.0374755859375,-3.33465576171875,0.127105712890625,1.0,2.0,1.0,4.0,2.0,95.0,event
11:26:22.037,1.043139,0.2551292,0.93043804,1.0186048,0.9007033,0.09280326,0.45979702,1.0620517,0.96199,0.1334126,0.41848785,0.6707001,0.8128262,0.11379126,-0.16463774,0.659461,0.32423326,-0.41838935,-0.59538,0.0020752505,760.7326,788.93774,641.8681,591.50183,721.2454,0.0845947265625,-0.03704833984375,0.97698974609375,4.0374755859375,-3.33465576171875,0.127105712890625,1.0,2.0,1.0,4.0,2.0,95.0,event
11:26:22.075,1.043139,0.2551292,0.93043804,1.0186048,0.9007033,0.09280326,0.45979702,1.0620517,0.96199,0.1334126,0.41848785,0.6707001,0.8128262,0.11379126,-0.16463774,0.659461,0.32423326,-0.41838935,-0.59538,0.0020752505,619.304,789.34064,724.4689,581.02563,734.94507,0.0955810546875,-0.022705078125,0.98388671875,3.70849609375,-4.493560791015625,0.426177978515625,1.0,2.0,1.0,4.0,2.0,95.0,event
11:26:22.077,1.043139,0.2551292,0.93043804,1.0186048,0.9007033,0.09280326,0.45979702,1.0620517,0.96199,0.1334126,0.41848785,0.6707001,0.8128262,0.11379126,-0.16463774,0.659461,0.32423326,-0.41838935,-0.59538,0.0020752505,711.5751,791.3553,990.80585,594.7253,755.4945,0.0955810546875,-0.022705078125,0.98388671875,3.70849609375,-4.493560791015625,0.426177978515625,1.0,2.0,1.0,4.0,2.0,95.0,event
11:26:22.079,1.043139,0.2551292,0.93043804,1.0186048,0.9007033,0.09280326,0.45979702,1.0620517,0.96199,0.1334126,0.41848785,0.6707001,0.8128262,0.11379126,-0.16463774,0.659461,0.32423326,-0.41838935,-0.59538,0.0020752505,943.2601,791.75824,984.35895,613.2601,773.6264,0.0955810546875,-0.022705078125,0.98388671875,3.70849609375,-4.493560791015625,0.426177978515625,1.0,2.0,1.0,4.0,2.0,95.0,event
11:26:22.080,1.043139,0.2551292,0.93043804,1.0186048,0.9007033,0.09280326,0.45979702,1.0620517,0.96199,0.1334126,0.41848785,0.6707001,0.8128262,0.11379126,-0.16463774,0.659461,0.32423326,-0.41838935,-0.59538,0.0020752505,821.1722,783.69965,697.0696,637.4359,732.1245,0.0955810546875,-0.022705078125,0.98388671875,3.70849609375,-4.493560791015625,0.426177978515625,1.0,2.0,1.0,4.0,2.0,95.0,event
11:26:22.080,1.043139,0.2551292,0.93043804,1.0186048,0.9007033,0.09280326,0.45979702,1.0620517,0.96199,0.1334126,0.41848785,0.6707001,0.8128262,0.11379126,-0.16463774,0.659461,0.32423326,-0.41838935,-0.59538,0.0020752505,1029.0842,785.31134,790.9524,640.65936,809.89014,0.0955810546875,-0.022705078125,0.98388671875,3.70849609375,-4.493560791015625,0.426177978515625,1.0,2.0,1.0,4.0,2.0,95.0,event
11:26:22.081,1.043139,0.2551292,0.93043804,1.0186048,0.9007033,0.09280326,0.45979702,1.0620517,0.96199,0.1334126,0.41848785,0.6707001,0.8128262,0.11379126,-0.16463774,0.659461,0.32423326,-0.41838935,-0.59538,0.0020752505,628.97437,779.67035,602.7839,627.3626,738.1685,0.0955810546875,-0.022705078125,0.98388671875,3.70849609375,-4.493560791015625,0.426177978515625,1.0,2.0,1.0,4.0,2.0,95.0,event
11:26:22.082,1.043139,0.2551292,0.93043804,1.0186048,0.9007033,0.09280326,0.45979702,1.0620517,0.96199,0.1334126,0.41848785,0.6707001,0.8128262,0.11379126,-0.16463774,0.659461,0.32423326,-0.41838935,-0.59538,0.0020752505,711.978,778.86444,620.5128,641.4652,787.72894,0.0955810546875,-0.022705078125,0.98388671875,3.70849609375,-4.493560791015625,0.426177978515625,1.0,2.0,1.0,4.0,2.0,95.0,event
11:26:22.082,1.043139,0.2551292,0.93043804,1.0186048,0.9007033,0.09280326,0.45979702,1.0620517,0.96199,0.1334126,0.41848785,0.6707001,0.8128262,0.11379126,-0.16463774,0.659461,0.32423326,-0.41838935,-0.59538,0.0020752505,909.81683,784.5055,325.9707,654.7619,1023.0403,0.0955810546875,-0.022705078125,0.98388671875,3.70849609375,-4.493560791015625,0.426177978515625,1.0,2.0,1.0,4.0,2.0,95.0,event
11:26:22.087,1.043139,0.2551292,0.93043804,1.0186048,0.9007033,0.09280326,0.45979702,1.0620517,0.96199,0.1334126,0.41848785,0.6707001,0.8128262,0.11379126,-0.16463774,0.659461,0.32423326,-0.41838935,-0.59538,0.0020752505,984.35895,787.72894,300.5861,663.6264,1035.5311,0.0955810546875,-0.022705078125,0.98388671875,3.70849609375,-4.493560791015625,0.426177978515625,1.0,2.0,1.0,4.0,2.0,95.0,event
11:26:22.087,1.043139,0.2551292,0.93043804,1.0186048,0.9007033,0.09280326,0.45979702,1.0620517,0.96199,0.1334126,0.41848785,0.6707001,0.8128262,0.11379126,-0.16463774,0.659461,0.32423326,-0.41838935,-0.59538,0.0020752505,858.24176,790.14655,689.011,668.86444,784.90845,0.0955810546875,-0.022705078125,0.98388671875,3.70849609375,-4.493560791015625,0.426177978515625,1.0,2.0,1.0,4.0,2.0,95.0,event
11:26:22.088,1.043139,0.2551292,0.93043804,1.0186048,0.9007033,0.09280326,0.45979702,1.0620517,0.96199,0.1334126,0.41848785,0.6707001,0.8128262,0.11379126,-0.16463774,0.659461,0.32423326,-0.41838935,-0.59538,0.0020752505,670.87915,786.9231,515.7509,690.6227,779.67035,0.0955810546875,-0.022705078125,0.98388671875,3.70849609375,-4.493560791015625,0.426177978515625,1.0,2.0,1.0,4.0,2.0,95.0,event
11:26:22.089,1.043139,0.2551292,0.93043804,1.0186048,0.9007033,0.09280326,0.45979702,1.0620517,0.96199,0.1334126,0.41848785,0.6707001,0.8128262,0.11379126,-0.16463774,0.659461,0.32423326,-0.41838935,-0.59538,0.0020752505,693.8461,785.7143,544.35895,729.304,818.7546,0.0955810546875,-0.022705078125,0.98388671875,3.70849609375,-4.493560791015625,0.426177978515625,1.0,2.0,1.0,4.0,2.0,95.0,event
11:26:22.123,1.043139,0.2551292,0.93043804,1.0186048,0.9007033,0.09280326,0.45979702,1.0620517,0.96199,0.1334126,0.41848785,0.6707001,0.8128262,0.11379126,-0.16463774,0.659461,0.32423326,-0.41838935,-0.59538,0.0020752505,918.2784,786.52014,915.8608,767.5824,751.06226,0.08209228515625,-0.015380859375,0.98504638671875,2.99072265625,-3.2598876953125,1.024322509765625,1.0,2.0,1.0,4.0,2.0,95.0,event
11:26:22.125,1.043139,0.2551292,0.93043804,1.0186048,0.9007033,0.09280326,0.45979702,1.0620517,0.96199,0.1334126,0.41848785,0.6707001,0.8128262,0.11379126,-0.16463774,0.659461,0.32423326,-0.41838935,-0.59538,0.0020752505,1032.7106,780.07324,1022.6374,779.2674,705.9341,0.08209228515625,-0.015380859375,0.98504638671875,2.99072265625,-3.2598876953125,1.024322509765625,1.0,2.0,1.0,4.0,2.0,95.0,event
11:26:22.126,1.043139,0.2551292,0.93043804,1.0186048,0.9007033,0.09280326,0.45979702,1.0620517,0.96199,0.1334126,0.41848785,0.6707001,0.8128262,0.11379126,-0.16463774,0.659461,0.32423326,-0.41838935,-0.59538,0.0020752505,871.13556,782.0879,743.00366,763.5531,771.6117,0.08209228515625,-0.015380859375,0.98504638671875,2.99072265625,-3.2598876953125,1.024322509765625,1.0,2.0,1.0,4.0,2.0,95.0,event
11:26:22.128,1.043139,0.2551292,0.93043804,1.0186048,0.9007033,0.09280326,0.45979702,1.0620517,0.96199,0.1334126,0.41848785,0.6707001,0.8128262,0.11379126,-0.16463774,0.659461,0.32423326,-0.41838935,-0.59538,0.0020752505,680.9524,787.326,682.5641,759.12085,777.6557,0.08209228515625,-0.015380859375,0.98504638671875,2.99072265625,-3.2598876953125,1.024322509765625,1.0,2.0,1.0,4.0,2.0,95.0,event
11:26:22.129,1.043139,0.2551292,0.93043804,1.0186048,0.9007033,0.09280326,0.45979702,1.0620517,0.96199,0.1334126,0.41848785,0.6707001,0.8128262,0.11379126,-0.16463774,0.659461,0.32423326,-0.41838935,-0.59538,0.0020752505,695.05493,789.7436,848.1685,793.36993,662.8205,0.08209228515625,-0.015380859375,0.98504638671875,2.99072265625,-3.2598876953125,1.024322509765625,1.0,2.0,1.0,4.0,2.0,95.0,event
11:26:22.130,1.043139,0.2551292,0.93043804,1.0186048,0.9007033,0.09280326,0.45979702,1.0620517,0.96199,0.1334126,0.41848785,0.6707001,0.8128262,0.11379126,-0.16463774,0.659461,0.32423326,-0.41838935,-0.59538,0.0020752505,877.1795,787.326,823.5897,828.4249,709.5604,0.08209228515625,-0.015380859375,0.98504638671875,2.99072265625,-3.2598876953125,1.024322509765625,1.0,2.0,1.0,4.0,2.0,95.0,event
11:26:22.131,1.043139,0.2551292,0.93043804,1.0186048,0.9007033,0.09280326,0.45979702,1.0620517,0.96199,0.1334126,0.41848785,0.6707001,0.8128262,0.11379126,-0.16463774,0.659461,0.32423326,-0.41838935,-0.59538,0.0020752505,1012.96704,780.4762,517.3626,834.87177,984.35895,0.08209228515625,-0.015380859375,0.98504638671875,2.99072265625,-3.2598876953125,1.024322509765625,1.0,2.0,1.0,4.0,2.0,95.0,event
11:26:22.132,1.043139,0.2551292,0.93043804,1.0186048,0.9007033,0.09280326,0.45979702,1.0620517,0.96199,0.1334126,0.41848785,0.6707001,0.8128262,0.11379126,-0.16463774,0.659461,0.32423326,-0.41838935,-0.59538,0.0020752505,911.8315,782.49084,269.1575,824.7985,1083.4799,0.08209228515625,-0.015380859375,0.98504638671875,2.99072265625,-3.2598876953125,1.024322509765625,1.0,2.0,1.0,4.0,2.0,95.0,event
11:26:22.134,1.043139,0.2551292,0.93043804,1.0186048,0.9007033,0.09280326,0.45979702,1.0620517,0.96199,0.1334126,0.41848785,0.6707001,0.8128262,0.11379126,-0.16463774,0.659461,0.32423326,-0.41838935,-0.59538,0.0020752505,705.12823,787.326,701.50183,786.52014,825.2015,0.08209228515625,-0.015380859375,0.98504638671875,2.99072265625,-3.2598876953125,1.024322509765625,1.0,2.0,1.0,4.0,2.0,95.0,event
11:26:22.135,1.043139,0.2551292,0.93043804,1.0186048,0.9007033,0.09280326,0.45979702,1.0620517,0.96199,0.1334126,0.41848785,0.6707001,0.8128262,0.11379126,-0.16463774,0.659461,0.32423326,-0.41838935,-0.59538,0.0020752505,672.0879,786.1172,936.4103,749.0476,678.1319,0.08209228515625,-0.015380859375,0.98504638671875,2.99072265625,-3.2598876953125,1.024322509765625,1.0,2.0,1.0,4.0,2.0,95.0,event
11:26:22.136,1.043139,0.2551292,0.93043804,1.0186048,0.9007033,0.09280326,0.45979702,1.0620517,0.96199,0.1334126,0.41848785,0.6707001,0.8128262,0.11379126,-0.16463774,0.659461,0.32423326,-0.41838935,-0.59538,0.0020752505,840.10986,788.5348,818.7546,743.4066,703.91943,0.08209228515625,-0.015380859375,0.98504638671875,2.99072265625,-3.2598876953125,1.024322509765625,1.0,2.0,1.0,4.0,2.0,95.0,event
11:26:22.137,1.043139,0.2551292,0.93043804,1.0186048,0.9007033,0.09280326,0.45979702,1.0620517,0.96199,0.1334126,0.41848785,0.6707001,0.8128262,0.11379126,-0.16463774,0.659461,0.32423326,-0.41838935,-0.59538,0.0020752505,989.59705,786.52014,874.35895,728.9011,736.9597,0.08209228515625,-0.015380859375,0.98504638671875,2.99072265625,-3.2598876953125,1.024322509765625,1.0,2.0,1.0,4.0,2.0,95.0,event
11:26:22.166,1.043139,0.2551292,0.93043804,1.0186048,0.9007033,0.09280326,0.45979702,1.0620517,0.96199,0.1334126,0.41848785,0.6707001,0.8128262,0.11379126,-0.16463774,0.659461,0.32423326,-0.41838935,-0.59538,0.0020752505,905.38464,776.8498,812.3077,693.8461,825.6044,0.086669921875,-0.01416015625,0.98541259765625,2.16827392578125,-5.39825439453125,-0.0299072265625,1.0,2.0,1.0,4.0,2.0,95.0,event
11:26:22.167,1.043139,0.2551292,0.93043804,1.0186048,0.9007033,0.09280326,0.45979702,1.0620517,0.96199,0.1334126,0.41848785,0.6707001,0.8128262,0.11379126,-0.16463774,0.659461,0.32423326,-0.41838935,-0.59538,0.0020752505,696.6667,776.04395,656.77655,661.6117,740.18317,0.086669921875,-0.01416015625,0.98541259765625,2.16827392578125,-5.39825439453125,-0.0299072265625,1.0,2.0,1.0,4.0,2.0,95.0,event
11:26:22.168,1.043139,0.2551292,0.93043804,1.0186048,0.9007033,0.09280326,0.45979702,1.0620517,0.96199,0.1334126,0.41848785,0.6707001,0.8128262,0.11379126,-0.16463774,0.659461,0.32423326,-0.41838935,-0.59538,0.0020752505,618.0952,776.04395,558.0586,660.80585,720.4396,0.086669921875,-0.01416015625,0.98541259765625,2.16827392578125,-5.39825439453125,-0.0299072265625,1.0,2.0,1.0,4.0,2.0,95.0,event
11:26:22.169,1.043139,0.2551292,0.93043804,1.0186048,0.9007033,0.09280326,0.45979702,1.0620517,0.96199,0.1334126,0.41848785,0.6707001,0.8128262,0.11379126,-0.16463774,0.659461,0.32423326,-0.41838935,-0.59538,0.0020752505,780.07324,774.83514,704.7253,674.5055,730.5128,0.086669921875,-0.01416015625,0.98541259765625,2.16827392578125,-5.39825439453125,-0.0299072265625,1.0,2.0,1.0,4.0,2.0,95.0,event
11:26:22.170,1.043139,0.2551292,0.93043804,1.0186048,0.9007033,0.09280326,0.45979702,1.0620517,0.96199,0.1334126,0.41848785,0.6707001,0.8128262,0.11379126,-0.16463774,0.659461,0.32423326,-0.41838935,-0.59538,0.0020752505,990.80585,775.64105,905.38464,695.8608,643.47986,0.086669921875,-0.01416015625,0.98541259765625,2.16827392578125,-5.39825439453125,-0.0299072265625,1.0,2.0,1.0,4.0,2.0,95.0,event
11:26:22.171,1.043139,0.2551292,0.93043804,1.0186048,0.9007033,0.09280326,0.45979702,1.0620517,0.96199,0.1334126,0.41848785,0.6707001,0.8128262,0.11379126,-0.16463774,0.659461,0.32423326,-0.41838935,-0.59538,0.0020752505,947.28937,778.0586,623.73627,678.93774,711.978,0.086669921875,-0.01416015625,0.98541259765625,2.16827392578125,-5.39825439453125,-0.0299072265625,1.0,2.0,1.0,4.0,2.0,95.0,event
11:26:22.172,1.043139,0.2551292,0.93043804,1.0186048,0.9007033,0.09280326,0.45979702,1.0620517,0.96199,0.1334126,0.41848785,0.6707001,0.8128262,0.11379126,-0.16463774,0.659461,0.32423326,-0.41838935,-0.59538,0.0020752505,699.0842,779.67035,376.73993,651.13556,783.2967,0.086669921875,-0.01416015625,0.98541259765625,2.16827392578125,-5.39825439453125,-0.0299072265625,1.0,2.0,1.0,4.0,2.0,95.0,event
11:26:22.172,1.043139,0.2551292,0.93043804,1.0186048,0.9007033,0.09280326,0.45979702,1.0620517,0.96199,0.1334126,0.41848785,0.6707001,0.8128262,0.11379126,-0.16463774,0.659461,0.32423326,-0.41838935,-0.59538,0.0020752505,621.7216,778.0586,588.2784,648.315,723.663,0.086669921875,-0.01416015625,0.98541259765625,2.16827392578125,-5.39825439453125,-0.0299072265625,1.0,2.0,1.0,4.0,2.0,95.0,event
11:26:22.177,1.043139,0.2551292,0.93043804,1.0186048,0.9007033,0.09280326,0.45979702,1.0620517,0.96199,0.1334126,0.41848785,0.6707001,0.8128262,0.11379126,-0.16463774,0.659461,0.32423326,-0.41838935,-0.59538,0.0020752505,775.2381,780.87915,960.989,651.53845,675.31134,0.086669921875,-0.01416015625,0.98541259765625,2.16827392578125,-5.39825439453125,-0.0299072265625,1.0,2.0,1.0,4.0,2.0,95.0,event
11:26:22.178,1.043139,0.2551292,0.93043804,1.0186048,0.9007033,0.09280326,0.45979702,1.0620517,0.96199,0.1334126,0.41848785,0.6707001,0.8128262,0.11379126,-0.16463774,0.659461,0.32423326,-0.41838935,-0.59538,0.0020752505,983.95605,781.685,930.7692,679.34064,723.2601,0.086669921875,-0.01416015625,0.98541259765625,2.16827392578125,-5.39825439453125,-0.0299072265625,1.0,2.0,1.0,4.0,2.0,95.0,event
11:26:22.182,1.043139,0.2551292,0.93043804,1.0186048,0.9007033,0.09280326,0.45979702,1.0620517,0.96199,0.1334126,0.41848785,0.6707001,0.8128262,0.11379126,-0.16463774,0.659461,0.32423326,-0.41838935,-0.59538,0.0020752505,967.4359,781.685,379.1575,706.7399,977.50916,0.086669921875,-0.01416015625,0.98541259765625,2.16827392578125,-5.39825439453125,-0.0299072265625,1.0,2.0,1.0,4.0,2.0,95.0,event
11:26:22.183,1.043139,0.2551292,0.93043804,1.0186048,0.9007033,0.09280326,0.45979702,1.0620517,0.96199,0.1334126,0.41848785,0.6707001,0.8128262,0.11379126,-0.16463774,0.659461,0.32423326,-0.41838935,-0.59538,0.0020752505,742.1978,790.14655,475.4579,713.5897,972.27106,0.086669921875,-0.01416015625,0.98541259765625,2.16827392578125,-5.39825439453125,-0.0299072265625,1.0,2.0,1.0,4.0,2.0,95.0,event
11:26:22.214,1.043139,0.2551292,0.93043804,1.0186048,0.9007033,0.09280326,0.45979702,1.0620517,0.96199,0.1334126,0.41848785,0.6707001,0.8128262,0.11379126,-0.16463774,0.659461,0.32423326,-0.41838935,-0.59538,0.0020752505,655.9707,784.5055,931.978,733.73627,721.6484,0.086669921875,-0.01416015625,0.98541259765625,2.16827392578125,-5.39825439453125,-0.0299072265625,1.0,2.0,1.0,4.0,2.0,95.0,event
11:26:22.214,1.043139,0.2551292,0.93043804,1.0186048,0.9007033,0.09280326,0.45979702,1.0620517,0.96199,0.1334126,0.41848785,0.6707001,0.8128262,0.11379126,-0.16463774,0.659461,0.32423326,-0.41838935,-0.59538,0.0020752505,754.2857,776.04395,849.7802,759.12085,800.2198,0.086669921875,-0.01416015625,0.98541259765625,2.16827392578125,-5.39825439453125,-0.0299072265625,1.0,2.0,1.0,4.0,2.0,95.0,event
11:26:22.215,1.043139,0.2551292,0.93043804,1.0186048,0.9007033,0.09280326,0.45979702,1.0620517,0.96199,0.1334126,0.41848785,0.6707001,0.8128262,0.11379126,-0.16463774,0.659461,0.32423326,-0.41838935,-0.59538,0.0020752505,940.4396,781.685,833.663,774.43225,844.5421,0.086669921875,-0.01416015625,0.98541259765625,2.16827392578125,-5.39825439453125,-0.0299072265625,1.0,2.0,1.0,4.0,2.0,95.0,event
11:26:22.216,1.043139,0.2551292,0.93043804,1.0186048,0.9007033,0.09280326,0.45979702,1.0620517,0.96199,0.1334126,0.41848785,0.6707001,0.8128262,0.11379126,-0.16463774,0.659461,0.32423326,-0.41838935,-0.59538,0.0020752505,759.12085,778.46155,767.1795,767.98535,837.6923,0.086669921875,-0.01416015625,0.98541259765625,2.16827392578125,-5.39825439453125,-0.0299072265625,1.0,2.0,1.0,4.0,2.0,95.0,event
11:26:22.216,1.043139,0.2551292,0.93043804,1.0186048,0.9007033,0.09280326,0.45979702,1.0620517,0.96199,0.1334126,0.41848785,0.6707001,0.8128262,0.11379126,-0.16463774,0.659461,0.32423326,-0.41838935,-0.59538,0.0020752505,970.2564,785.31134,820.3663,788.5348,817.9487,0.086669921875,-0.01416015625,0.98541259765625,2.16827392578125,-5.39825439453125,-0.0299072265625,1.0,2.0,1.0,4.0,2.0,95.0,event
11:26:22.217,1.043139,0.2551292,0.93043804,1.0186048,0.9007033,0.09280326,0.45979702,1.0620517,0.96199,0.1334126,0.41848785,0.6707001,0.8128262,0.11379126,-0.16463774,0.659461,0.32423326,-0.41838935,-0.59538,0.0020752505,609.2308,780.87915,508.49817,737.3626,902.5641,0.086669921875,-0.01416015625,0.98541259765625,2.16827392578125,-5.39825439453125,-0.0299072265625,1.0,2.0,1.0,4.0,2.0,95.0,event
11:26:22.217,1.043139,0.2551292,0.93043804,1.0186048,0.9007033,0.09280326,0.45979702,1.0620517,0.96199,0.1334126,0.41848785,0.6707001,0.8128262,0.11379126,-0.16463774,0.659461,0.32423326,-0.41838935,-0.59538,0.0020752505,678.1319,789.7436,260.69598,750.65936,1041.978,0.086669921875,-0.01416015625,0.98541259765625,2.16827392578125,-5.39825439453125,-0.0299072265625,1.0,2.0,1.0,4.0,2.0,95.0,event
11:26:22.218,1.043139,0.2551292,0.93043804,1.0186048,0.9007033,0.09280326,0.45979702,1.0620517,0.96199,0.1334126,0.41848785,0.6707001,0.8128262,0.11379126,-0.16463774,0.659461,0.32423326,-0.41838935,-0.59538,0.0020752505,897.326,780.4762,735.7509,753.47986,856.63007,0.086669921875,-0.01416015625,0.98541259765625,2.16827392578125,-5.39825439453125,-0.0299072265625,1.0,2.0,1.0,4.0,2.0,95.0,event
11:26:22.218,1.043139,0.2551292,0.93043804,1.0186048,0.9007033,0.09280326,0.45979702,1.0620517,0.96199,0.1334126,0.41848785,0.6707001,0.8128262,0.11379126,-0.16463774,0.659461,0.32423326,-0.41838935,-0.59538,0.0020752505,959.7802,790.54944,994.0293,750.65936,653.1502,0.086669921875,-0.01416015625,0.98541259765625,2.16827392578125,-5.39825439453125,-0.0299072265625,1.0,2.0,1.0,4.0,2.0,95.0,event
11:26:22.219,1.043139,0.2551292,0.93043804,1.0186048,0.9007033,0.09280326,0.45979702,1.0620517,0.96199,0.1334126,0.41848785,0.6707001,0.8128262,0.11379126,-0.16463774,0.659461,0.32423326,-0.41838935,-0.59538,0.0020752505,736.55676,809.0842,574.17584,701.9048,842.1245,0.086669921875,-0.01416015625,0.98541259765625,2.16827392578125,-5.39825439453125,-0.0299072265625,1.0,2.0,1.0,4.0,2.0,95.0,event
11:26:22.219,1.043139,0.2551292,0.93043804,1.0186048,0.9007033,0.09280326,0.45979702,1.0620517,0.96199,0.1334126,0.41848785,0.6707001,0.8128262,0.11379126,-0.16463774,0.659461,0.32423326,-0.41838935,-0.59538,0.0020752505,549.19415,807.8755,467.8022,658.3883,914.65204,0.086669921875,-0.01416015625,0.98541259765625,2.16827392578125,-5.39825439453125,-0.0299072265625,1.0,2.0,1.0,4.0,2.0,95.0,event
11:26:22.220,1.043139,0.2551292,0.93043804,1.0186048,0.9007033,0.09280326,0.45979702,1.0620517,0.96199,0.1334126,0.41848785,0.6707001,0.8128262,0.11379126,-0.16463774,0.659461,0.32423326,-0.41838935,-0.59538,0.0020752505,603.5897,812.71063,1001.28204,674.90845,748.24176,0.086669921875,-0.01416015625,0.98541259765625,2.16827392578125,-5.39825439453125,-0.0299072265625,1.0,2.0,1.0,4.0,2.0,95.0,event
11:26:22.266,1.043139,0.2551292,0.93043804,1.0186048,0.9007033,0.09280326,0.45979702,1.0620517,0.96199,0.1334126,0.41848785,0.6707001,0.8128262,0.11379126,-0.16463774,0.659461,0.32423326,-0.41838935,-0.59538,0.0020752505,765.9707,828.4249,1027.8755,660.0,736.1539,0.07958984375,-0.02154541015625,0.99884033203125,0.777587890625,-9.308624267578123,-0.500946044921875,1.0,2.0,1.0,4.0,2.0,95.0,event
11:26:22.267,1.043139,0.2551292,0.93043804,1.0186048,0.9007033,0.09280326,0.45979702,1.0620517,0.96199,0.1334126,0.41848785,0.6707001,0.8128262,0.11379126,-0.16463774,0.659461,0.32423326,-0.41838935,-0.59538,0.0020752505,781.685,857.8388,786.1172,621.7216,716.8132,0.07958984375,-0.02154541015625,0.99884033203125,0.777587890625,-9.308624267578123,-0.500946044921875,1.0,2.0,1.0,4.0,2.0,95.0,event
11:26:22.268,1.043139,0.2551292,0.93043804,1.0186048,0.9007033,0.09280326,0.45979702,1.0620517,0.96199,0.1334126,0.41848785,0.6707001,0.8128262,0.11379126,-0.16463774,0.659461,0.32423326,-0.41838935,-0.59538,0.0020752505,385.20148,892.49084,891.685,552.01465,697.8755,0.07958984375,-0.02154541015625,0.99884033203125,0.777587890625,-9.308624267578123,-0.500946044921875,1.0,2.0,1.0,4.0,2.0,95.0,event
11:26:22.268,1.043139,0.2551292,0.93043804,1.0186048,0.9007033,0.09280326,0.45979702,1.0620517,0.96199,0.1334126,0.41848785,0.6707001,0.8128262,0.11379126,-0.16463774,0.659461,0.32423326,-0.41838935,-0.59538,0.0020752505,582.6374,883.6264,753.0769,570.54944,674.5055,0.07958984375,-0.02154541015625,0.99884033203125,0.777587890625,-9.308624267578123,-0.500946044921875,1.0,2.0,1.0,4.0,2.0,95.0,event
11:26:22.269,1.043139,0.2551292,0.93043804,1.0186048,0.9007033,0.09280326,0.45979702,1.0620517,0.96199,0.1334126,0.41848785,0.6707001,0.8128262,0.11379126,-0.16463774,0.659461,0.32423326,-0.41838935,-0.59538,0.0020752505,393.26007,904.17584,916.26373,550.40295,786.52014,0.07958984375,-0.02154541015625,0.99884033203125,0.777587890625,-9.308624267578123,-0.500946044921875,1.0,2.0,1.0,4.0,2.0,95.0,event
11:26:22.270,1.043139,0.2551292,0.93043804,1.0186048,0.9007033,0.09280326,0.45979702,1.0620517,0.96199,0.1334126,0.41848785,0.6707001,0.8128262,0.11379126,-0.16463774,0.659461,0.32423326,-0.41838935,-0.59538,0.0020752505,586.6667,904.17584,672.49084,542.74725,878.3883,0.07958984375,-0.02154541015625,0.99884033203125,0.777587890625,-9.308624267578123,-0.500946044921875,1.0,2.0,1.0,4.0,2.0,95.0,event
11:26:22.271,1.043139,0.2551292,0.93043804,1.0186048,0.9007033,0.09280326,0.45979702,1.0620517,0.96199,0.1334126,0.41848785,0.6707001,0.8128262,0.11379126,-0.16463774,0.659461,0.32423326,-0.41838935,-0.59538,0.0020752505,721.6484,896.52014,542.74725,563.69965,882.01465,0.07958984375,-0.02154541015625,0.99884033203125,0.777587890625,-9.308624267578123,-0.500946044921875,1.0,2.0,1.0,4.0,2.0,95.0,event
11:26:22.271,1.043139,0.2551292,0.93043804,1.0186048,0.9007033,0.09280326,0.45979702,1.0620517,0.96199,0.1334126,0.41848785,0.6707001,0.8128262,0.11379126,-0.16463774,0.659461,0.32423326,-0.41838935,-0.59538,0.0020752505,589.89014,901.3553,541.13556,552.8205,857.03296,0.07958984375,-0.02154541015625,0.99884033203125,0.777587890625,-9.308624267578123,-0.500946044921875,1.0,2.0,1.0,4.0,2.0,95.0,event
11:26:22.272,1.043139,0.2551292,0.93043804,1.0186048,0.9007033,0.09280326,0.45979702,1.0620517,0.96199,0.1334126,0.41848785,0.6707001,0.8128262,0.11379126,-0.16463774,0.659461,0.32423326,-0.41838935,-0.59538,0.0020752505,409.3773,903.7729,641.4652,503.26007,759.92676,0.07958984375,-0.02154541015625,0.99884033203125,0.777587890625,-9.308624267578123,-0.500946044921875,1.0,2.0,1.0,4.0,2.0,95.0,event
11:26:22.273,1.043139,0.2551292,0.93043804,1.0186048,0.9007033,0.09280326,0.45979702,1.0620517,0.96199,0.1334126,0.41848785,0.6707001,0.8128262,0.11379126,-0.16463774,0.659461,0.32423326,-0.41838935,-0.59538,0.0020752505,426.7033,893.69965,301.39194,475.4579,956.55676,0.07958984375,-0.02154541015625,0.99884033203125,0.777587890625,-9.308624267578123,-0.500946044921875,1.0,2.0,1.0,4.0,2.0,95.0,event
11:26:22.273,1.043139,0.2551292,0.93043804,1.0186048,0.9007033,0.09280326,0.45979702,1.0620517,0.96199,0.1334126,0.41848785,0.6707001,0.8128262,0.11379126,-0.16463774,0.659461,0.32423326,-0.41838935,-0.59538,0.0020752505,663.6264,890.07324,306.2271,444.0293,1005.31134,0.07958984375,-0.02154541015625,0.99884033203125,0.777587890625,-9.308624267578123,-0.500946044921875,1.0,2.0,1.0,4.0,2.0,95.0,event
11:26:22.274,1.043139,0.2551292,0.93043804,1.0186048,0.9007033,0.09280326,0.45979702,1.0620517,0.96199,0.1334126,0.41848785,0.6707001,0.8128262,0.11379126,-0.16463774,0.659461,0.32423326,-0.41838935,-0.59538,0.0020752505,834.87177,888.86444,845.34796,422.27106,762.74725,0.07958984375,-0.02154541015625,0.99884033203125,0.777587890625,-9.308624267578123,-0.500946044921875,1.0,2.0,1.0,4.0,2.0,95.0,event
11:26:22.321,1.043139,0.2551292,0.93043804,1.0186048,0.9007033,0.09280326,0.45979702,1.0620517,0.96199,0.1334126,0.41848785,0.6707001,0.8128262,0.11379126,-0.16463774,0.659461,0.32423326,-0.41838935,-0.59538,0.0020752505,723.663,881.6117,693.44324,402.12454,731.7216,0.11480712890625,-0.032470703125,0.989501953125,-4.658050537109375,-15.334930419921877,1.83929443359375,1.0,2.0,1.0,4.0,2.0,95.0,event
11:26:22.322,1.043139,0.2551292,0.93043804,1.0186048,0.9007033,0.09280326,0.45979702,1.0620517,0.96199,0.1334126,0.41848785,0.6707001,0.8128262,0.11379126,-0.16463774,0.659461,0.32423326,-0.41838935,-0.59538,0.0020752505,537.1062,873.1502,554.43225,357.39926,760.32965,0.11480712890625,-0.032470703125,0.989501953125,-4.658050537109375,-15.334930419921877,1.83929443359375,1.0,2.0,1.0,4.0,2.0,95.0,event
11:26:22.323,1.043139,0.2551292,0.93043804,1.0186048,0.9007033,0.09280326,0.45979702,1.0620517,0.96199,0.1334126,0.41848785,0.6707001,0.8128262,0.11379126,-0.16463774,0.659461,0.32423326,-0.41838935,-0.59538,0.0020752505,514.1392,868.71796,841.31866,351.75824,684.57874,0.11480712890625,-0.032470703125,0.989501953125,-4.658050537109375,-15.334930419921877,1.83929443359375,1.0,2.0,1.0,4.0,2.0,95.0,event
11:26:22.324,1.043139,0.2551292,0.93043804,1.0186048,0.9007033,0.09280326,0.45979702,1.0620517,0.96199,0.1334126,0.41848785,0.6707001,0.8128262,0.11379126,-0.16463774,0.659461,0.32423326,-0.41838935,-0.59538,0.0020752505,944.4689,840.10986,813.91943,399.30402,778.46155,0.11480712890625,-0.032470703125,0.989501953125,-4.658050537109375,-15.334930419921877,1.83929443359375,1.0,2.0,1.0,4.0,2.0,95.0,event
11:26:22.324,1.043139,0.2551292,0.93043804,1.0186048,0.9007033,0.09280326,0.45979702,1.0620517,0.96199,0.1334126,0.41848785,0.6707001,0.8128262,0.11379126,-0.16463774,0.659461,0.32423326,-0.41838935,-0.59538,0.0020752505,705.5311,853.4066,960.18317,374.32236,647.50916,0.11480712890625,-0.032470703125,0.989501953125,-4.658050537109375,-15.334930419921877,1.83929443359375,1.0,2.0,1.0,4.0,2.0,95.0,event
11:26:22.325,1.043139,0.2551292,0.93043804,1.0186048,0.9007033,0.09280326,0.45979702,1.0620517,0.96199,0.1334126,0.41848785,0.6707001,0.8128262,0.11379126,-0.16463774,0.659461,0.32423326,-0.41838935,-0.59538,0.0020752505,910.2198,823.1868,581.8315,454.90842,813.91943,0.11480712890625,-0.032470703125,0.989501953125,-4.658050537109375,-15.334930419921877,1.83929443359375,1.0,2.0,1.0,4.0,2.0,95.0,event
11:26:22.326,1.043139,0.2551292,0.93043804,1.0186048,0.9007033,0.09280326,0.45979702,1.0620517,0.96199,0.1334126,0.41848785,0.6707001,0.8128262,0.11379126,-0.16463774,0.659461,0.32423326,-0.41838935,-0.59538,0.0020752505,722.0513,813.5165,465.78754,503.26007,765.9707,0.11480712890625,-0.032470703125,0.989501953125,-4.658050537109375,-15.334930419921877,1.83929443359375,1.0,2.0,1.0,4.0,2.0,95.0,event
11:26:22.327,1.043139,0.2551292,0.93043804,1.0186048,0.9007033,0.09280326,0.45979702,1.0620517,0.96199,0.1334126,0.41848785,0.6707001,0.8128262,0.11379126,-0.16463774,0.659461,0.32423326,-0.41838935,-0.59538,0.0020752505,686.99634,803.0403,746.2271,526.63007,735.7509,0.11480712890625,-0.032470703125,0.989501953125,-4.658050537109375,-15.334930419921877,1.83929443359375,1.0,2.0,1.0,4.0,2.0,95.0,event
11:26:22.327,1.043139,0.2551292,0.93043804,1.0186048,0.9007033,0.09280326,0.45979702,1.0620517,0.96199,0.1334126,0.41848785,0.6707001,0.8128262,0.11379126,-0.16463774,0.659461,0.32423326,-0.41838935,-0.59538,0.0020752505,859.45056,782.49084,660.0,565.31134,819.15753,0.11480712890625,-0.032470703125,0.989501953125,-4.658050537109375,-15.334930419921877,1.83929443359375,1.0,2.0,1.0,4.0,2.0,95.0,event
11:26:22.328,1.043139,0.2551292,0.93043804,1.0186048,0.9007033,0.09280326,0.45979702,1.0620517,0.96199,0.1334126,0.41848785,0.6707001,0.8128262,0.11379126,-0.16463774,0.659461,0.32423326,-0.41838935,-0.59538,0.0020752505,1086.7032,772.01465,267.94873,618.0952,998.86444,0.11480712890625,-0.032470703125,0.989501953125,-4.658050537109375,-15.334930419921877,1.83929443359375,1.0,2.0,1.0,4.0,2.0,95.0,event
11:26:22.329,1.043139,0.2551292,0.93043804,1.0186048,0.9007033,0.09280326,0.45979702,1.0620517,0.96199,0.1334126,0.41848785,0.6707001,0.8128262,0.11379126,-0.16463774,0.659461,0.32423326,-0.41838935,-0.59538,0.0020752505,1077.4359,766.77655,628.97437,641.06226,822.381,0.11480712890625,-0.032470703125,0.989501953125,-4.658050537109375,-15.334930419921877,1.83929443359375,1.0,2.0,1.0,4.0,2.0,95.0,event
11:26:22.329,1.043139,0.2551292,0.93043804,1.0186048,0.9007033,0.09280326,0.45979702,1.0620517,0.96199,0.1334126,0.41848785,0.6707001,0.8128262,0.11379126,-0.16463774,0.659461,0.32423326,-0.41838935,-0.59538,0.0020752505,896.1172,749.0476,886.4469,656.77655,691.02563,0.11480712890625,-0.032470703125,0.989501953125,-4.658050537109375,-15.334930419921877,1.83929443359375,1.0,2.0,1.0,4.0,2.0,95.0,event
11:26:22.356,1.043139,0.2551292,0.93043804,1.0186048,0.9007033,0.09280326,0.45979702,1.0620517,0.96199,0.1334126,0.41848785,0.6707001,0.8128262,0.11379126,-0.16463774,0.659461,0.32423326,-0.41838935,-0.59538,0.0020752505,834.0659,736.1539,676.1172,713.5897,781.28204,0.13214111328125,-0.049072265625,0.969970703125,-3.3197021484375,-3.596343994140625,4.388885498046875,1.0,2.0,1.0,4.0,2.0,95.0,event
11:26:22.358,1.043139,0.2551292,0.93043804,1.0186048,0.9007033,0.09280326,0.45979702,1.0620517,0.96199,0.1334126,0.41848785,0.6707001,0.8128262,0.11379126,-0.16463774,0.659461,0.32423326,-0.41838935,-0.59538,0.0020752505,969.85345,731.31866,751.06226,800.2198,780.4762,0.13214111328125,-0.049072265625,0.969970703125,-3.3197021484375,-3.596343994140625,4.388885498046875,1.0,2.0,1.0,4.0,2.0,95.0,event
11:26:22.359,1.043139,0.2551292,0.93043804,1.0186048,0.9007033,0.09280326,0.45979702,1.0620517,0.96199,0.1334126,0.41848785,0.6707001,0.8128262,0.11379126,-0.16463774,0.659461,0.32423326,-0.41838935,-0.59538,0.0020752505,1250.6959,714.3956,965.82416,914.65204,749.85345,0.13214111328125,-0.049072265625,0.969970703125,-3.3197021484375,-3.596343994140625,4.388885498046875,1.0,2.0,1.0,4.0,2.0,95.0,event
11:26:22.359,1.043139,0.2551292,0.93043804,1.0186048,0.9007033,0.09280326,0.45979702,1.0620517,0.96199,0.1334126,0.41848785,0.6707001,0.8128262,0.11379126,-0.16463774,0.659461,0.32423326,-0.41838935,-0.59538,0.0020752505,1209.1941,723.663,1050.4396,873.1502,724.4689,0.13214111328125,-0.049072265625,0.969970703125,-3.3197021484375,-3.596343994140625,4.388885498046875,1.0,2.0,1.0,4.0,2.0,95.0,event
11:26:22.360,1.043139,0.2551292,0.93043804,1.0186048,0.9007033,0.09280326,0.45979702,1.0620517,0.96199,0.1334126,0.41848785,0.6707001,0.8128262,0.11379126,-0.16463774,0.659461,0.32423326,-0.41838935,-0.59538,0.0020752505,1037.5458,707.1429,782.49084,917.8755,803.8461,0.13214111328125,-0.049072265625,0.969970703125,-3.3197021484375,-3.596343994140625,4.388885498046875,1.0,2.0,1.0,4.0,2.0,95.0,event
11:26:22.361,1.043139,0.2551292,0.93043804,1.0186048,0.9007033,0.09280326,0.45979702,1.0620517,0.96199,0.1334126,0.41848785,0.6707001,0.8128262,0.11379126,-0.16463774,0.659461,0.32423326,-0.41838935,-0.59538,0.0020752505,944.4689,695.8608,738.1685,946.4835,830.4396,0.13214111328125,-0.049072265625,0.969970703125,-3.3197021484375,-3.596343994140625,4.388885498046875,1.0,2.0,1.0,4.0,2.0,95.0,event
11:26:22.361,1.043139,0.2551292,0.93043804,1.0186048,0.9007033,0.09280326,0.45979702,1.0620517,0.96199,0.1334126,0.41848785,0.6707001,0.8128262,0.11379126,-0.16463774,0.659461,0.32423326,-0.41838935,-0.59538,0.0020752505,1110.0732,689.011,738.5714,1013.7729,847.76556,0.13214111328125,-0.049072265625,0.969970703125,-3.3197021484375,-3.596343994140625,4.388885498046875,1.0,2.0,1.0,4.0,2.0,95.0,event
11:26:22.362,1.043139,0.2551292,0.93043804,1.0186048,0.9007033,0.09280326,0.45979702,1.0620517,0.96199,0.1334126,0.41848785,0.6707001,0.8128262,0.11379126,-0.16463774,0.659461,0.32423326,-0.41838935,-0.59538,0.0020752505,1338.9377,686.5934,857.8388,1045.2014,794.57874,0.13214111328125,-0.049072265625,0.969970703125,-3.3197021484375,-3.596343994140625,4.388885498046875,1.0,2.0,1.0,4.0,2.0,95.0,event
11:26:22.363,1.043139,0.2551292,0.93043804,1.0186048,0.9007033,0.09280326,0.45979702,1.0620517,0.96199,0.1334126,0.41848785,0.6707001,0.8128262,0.11379126,-0.16463774,0.659461,0.32423326,-0.41838935,-0.59538,0.0020752505,1361.5018,675.31134,502.45422,1047.2161,976.30035,0.13214111328125,-0.049072265625,0.969970703125,-3.3197021484375,-3.596343994140625,4.388885498046875,1.0,2.0,1.0,4.0,2.0,95.0,event
11:26:22.364,1.043139,0.2551292,0.93043804,1.0186048,0.9007033,0.09280326,0.45979702,1.0620517,0.96199,0.1334126,0.41848785,0.6707001,0.8128262,0.11379126,-0.16463774,0.659461,0.32423326,-0.41838935,-0.59538,0.0020752505,1178.1685,678.1319,488.75458,1028.6813,974.68866,0.13214111328125,-0.049072265625,0.969970703125,-3.3197021484375,-3.596343994140625,4.388885498046875,1.0,2.0,1.0,4.0,2.0,95.0,event
11:26:22.365,1.043139,0.2551292,0.93043804,1.0186048,0.9007033,0.09280326,0.45979702,1.0620517,0.96199,0.1334126,0.41848785,0.6707001,0.8128262,0.11379126,-0.16463774,0.659461,0.32423326,-0.41838935,-0.59538,0.0020752505,1077.8389,675.7143,1012.1612,1008.93774,709.9634,0.13214111328125,-0.049072265625,0.969970703125,-3.3197021484375,-3.596343994140625,4.388885498046875,1.0,2.0,1.0,4.0,2.0,95.0,event
11:26:22.367,1.043139,0.2551292,0.93043804,1.0186048,0.9007033,0.09280326,0.45979702,1.0620517,0.96199,0.1334126,0.41848785,0.6707001,0.8128262,0.11379126,-0.16463774,0.659461,0.32423326,-0.41838935,-0.59538,0.0020752505,1143.5165,666.04395,951.7216,992.01465,732.52747,0.13214111328125,-0.049072265625,0.969970703125,-3.3197021484375,-3.596343994140625,4.388885498046875,1.0,2.0,1.0,4.0,2.0,95.0,event
11:26:22.368,1.043139,0.2551292,0.93043804,1.0186048,0.9007033,0.09280326,0.45979702,1.0620517,0.96199,0.1334126,0.41848785,0.6707001,0.8128262,0.11379126,-0.16463774,0.659461,0.32423326,-0.41838935,-0.59538,0.0020752505,1351.0256,669.67035,815.12823,984.35895,820.3663,0.10595703125,-0.048583984375,0.97509765625,2.385101318359375,-2.8411865234375,-1.8841552734375,1.0,2.0,1.0,4.0,2.0,95.0,event
11:26:22.369,1.043139,0.2551292,0.93043804,1.0186048,0.9007033,0.09280326,0.45979702,1.0620517,0.96199,0.1334126,0.41848785,0.6707001,0.8128262,0.11379126,-0.16463774,0.659461,0.32423326,-0.41838935,-0.59538,0.0020752505,1422.7472,673.2967,889.2674,962.1978,839.304,0.10595703125,-0.048583984375,0.97509765625,2.385101318359375,-2.8411865234375,-1.8841552734375,1.0,2.0,1.0,4.0,2.0,95.0,event
11:26:22.373,1.043139,0.2551292,0.93043804,1.0186048,0.9007033,0.09280326,0.45979702,1.0620517,0.96199,0.1334126,0.41848785,0.6707001,0.8128262,0.11379126,-0.16463774,0.659461,0.32423326,-0.41838935,-0.59538,0.0020752505,1218.8645,673.2967,1009.7436,899.34064,748.24176,0.10595703125,-0.048583984375,0.97509765625,2.385101318359375,-2.8411865234375,-1.8841552734375,1.0,2.0,1.0,4.0,2.0,95.0,event
11:26:22.374,1.043139,0.2551292,0.93043804,1.0186048,0.9007033,0.09280326,0.45979702,1.0620517,0.96199,0.1334126,0.41848785,0.6707001,0.8128262,0.11379126,-0.16463774,0.659461,0.32423326,-0.41838935,-0.59538,0.0020752505,1014.57874,674.5055,764.7619,870.7326,773.6264,0.10595703125,-0.048583984375,0.97509765625,2.385101318359375,-2.8411865234375,-1.8841552734375,1.0,2.0,1.0,4.0,2.0,95.0,event
11:26:22.375,1.043139,0.2551292,0.93043804,1.0186048,0.9007033,0.09280326,0.45979702,1.0620517,0.96199,0.1334126,0.41848785,0.6707001,0.8128262,0.11379126,-0.16463774,0.659461,0.32423326,-0.41838935,-0.59538,0.0020752505,1113.2968,680.14655,603.5897,878.3883,808.2784,0.10595703125,-0.048583984375,0.97509765625,2.385101318359375,-2.8411865234375,-1.8841552734375,1.0,2.0,1.0,4.0,2.0,95.0,event
11:26:22.376,1.043139,0.2551292,0.93043804,1.0186048,0.9007033,0.09280326,0.45979702,1.0620517,0.96199,0.1334126,0.41848785,0.6707001,0.8128262,0.11379126,-0.16463774,0.659461,0.32423326,-0.41838935,-0.59538,0.0020752505,1365.1282,683.7729,818.3516,866.30035,768.7912,0.10595703125,-0.048583984375,0.97509765625,2.385101318359375,-2.8411865234375,-1.8841552734375,1.0,2.0,1.0,4.0,2.0,95.0,event
11:26:22.377,1.043139,0.2551292,0.93043804,1.0186048,0.9007033,0.09280326,0.45979702,1.0620517,0.96199,0.1334126,0.41848785,0.6707001,0.8128262,0.11379126,-0.16463774,0.659461,0.32423326,-0.41838935,-0.59538,0.0020752505,1410.2565,682.96704,884.83514,844.1392,822.7839,0.10595703125,-0.048583984375,0.97509765625,2.385101318359375,-2.8411865234375,-1.8841552734375,1.0,2.0,1.0,4.0,2.0,95.0,event
11:26:22.377,1.043139,0.2551292,0.93043804,1.0186048,0.9007033,0.09280326,0.45979702,1.0620517,0.96199,0.1334126,0.41848785,0.6707001,0.8128262,0.11379126,-0.16463774,0.659461,0.32423326,-0.41838935,-0.59538,0.0020752505,1212.0146,685.78754,584.65204,807.0696,947.6923,0.10595703125,-0.048583984375,0.97509765625,2.385101318359375,-2.8411865234375,-1.8841552734375,1.0,2.0,1.0,4.0,2.0,95.0,event
11:26:22.378,1.043139,0.2551292,0.93043804,1.0186048,0.9007033,0.09280326,0.45979702,1.0620517,0.96199,0.1334126,0.41848785,0.6707001,0.8128262,0.11379126,-0.16463774,0.659461,0.32423326,-0.41838935,-0.59538,0.0020752505,1041.5751,693.0403,350.54944,782.49084,983.1502,0.10595703125,-0.048583984375,0.97509765625,2.385101318359375,-2.8411865234375,-1.8841552734375,1.0,2.0,1.0,4.0,2.0,95.0,event
11:26:22.379,1.043139,0.2551292,0.93043804,1.0186048,0.9007033,0.09280326,0.45979702,1.0620517,0.96199,0.1334126,0.41848785,0.6707001,0.8128262,0.11379126,-0.16463774,0.659461,0.32423326,-0.41838935,-0.59538,0.0020752505,1125.7876,693.0403,888.86444,763.5531,749.85345,0.10595703125,-0.048583984375,0.97509765625,2.385101318359375,-2.8411865234375,-1.8841552734375,1.0,2.0,1.0,4.0,2.0,95.0,event
11:26:22.380,1.043139,0.2551292,0.93043804,1.0186048,0.9007033,0.09280326,0.45979702,1.0620517,0.96199,0.1334126,0.41848785,0.6707001,0.8128262,0.11379126,-0.16463774,0.659461,0.32423326,-0.41838935,-0.59538,0.0020752505,1308.7179,691.02563,1173.7362,754.68866,741.79486,0.10595703125,-0.048583984375,0.97509765625,2.385101318359375,-2.8411865234375,-1.8841552734375,1.0,2.0,1.0,4.0,2.0,95.0,event
11:26:22.380,1.043139,0.2551292,0.93043804,1.0186048,0.9007033,0.09280326,0.45979702,1.0620517,0.96199,0.1334126,0.41848785,0.6707001,0.8128262,0.11379126,-0.16463774,0.659461,0.32423326,-0.41838935,-0.59538,0.0020752505,1376.8132,692.6374,978.71796,733.3333,794.9817,0.10595703125,-0.048583984375,0.97509765625,2.385101318359375,-2.8411865234375,-1.8841552734375,1.0,2.0,1.0,4.0,2.0,95.0,event
11:26:22.440,1.043139,0.2551292,0.93043804,1.0186048,0.9007033,0.09280326,0.45979702,1.0620517,0.96199,0.1334126,0.41848785,0.6707001,0.8128262,0.11379126,-0.16463774,0.659461,0.32423326,-0.41838935,-0.59538,0.0020752505,1236.1904,691.8315,931.978,692.23444,741.79486,0.10595703125,-0.048583984375,0.97509765625,2.385101318359375,-2.8411865234375,-1.8841552734375,1.0,2.0,1.0,4.0,2.0,95.0,event
11:26:22.441,1.043139,0.2551292,0.93043804,1.0186048,0.9007033,0.09280326,0.45979702,1.0620517,0.96199,0.1334126,0.41848785,0.6707001,0.8128262,0.11379126,-0.16463774,0.659461,0.32423326,-0.41838935,-0.59538,0.0020752505,1057.2894,700.293,1053.663,675.31134,722.8571,0.10595703125,-0.048583984375,0.97509765625,2.385101318359375,-2.8411865234375,-1.8841552734375,1.0,2.0,1.0,4.0,2.0,95.0,event
11:26:22.442,1.043139,0.2551292,0.93043804,1.0186048,0.9007033,0.09280326,0.45979702,1.0620517,0.96199,0.1334126,0.41848785,0.6707001,0.8128262,0.11379126,-0.16463774,0.659461,0.32423326,-0.41838935,-0.59538,0.0020752505,1055.2748,706.337,1048.022,675.7143,717.2161,0.10595703125,-0.048583984375,0.97509765625,2.385101318359375,-2.8411865234375,-1.8841552734375,1.0,2.0,1.0,4.0,2.0,95.0,event
11:26:22.443,1.043139,0.2551292,0.93043804,1.0186048,0.9007033,0.09280326,0.45979702,1.0620517,0.96199,0.1334126,0.41848785,0.6707001,0.8128262,0.11379126,-0.16463774,0.659461,0.32423326,-0.41838935,-0.59538,0.0020752505,1246.6666,709.9634,991.2088,677.72894,814.3223,0.10595703125,-0.048583984375,0.97509765625,2.385101318359375,-2.8411865234375,-1.8841552734375,1.0,2.0,1.0,4.0,2.0,95.0,event
11:26:22.444,1.043139,0.2551292,0.93043804,1.0186048,0.9007033,0.09280326,0.45979702,1.0620517,0.96199,0.1334126,0.41848785,0.6707001,0.8128262,0.11379126,-0.16463774,0.659461,0.32423326,-0.41838935,-0.59538,0.0020752505,1394.5421,718.4249,896.1172,640.65936,807.8755,0.10595703125,-0.048583984375,0.97509765625,2.385101318359375,-2.8411865234375,-1.8841552734375,1.0,2.0,1.0,4.0,2.0,95.0,event
11:26:22.444,1.043139,0.2551292,0.93043804,1.0186048,0.9007033,0.09280326,0.45979702,1.0620517,0.96199,0.1334126,0.41848785,0.6707001,0.8128262,0.11379126,-0.16463774,0.659461,0.32423326,-0.41838935,-0.59538,0.0020752505,1284.1392,721.6484,761.9414,576.5934,848.5714,0.10595703125,-0.048583984375,0.97509765625,2.385101318359375,-2.8411865234375,-1.8841552734375,1.0,2.0,1.0,4.0,2.0,95.0,event
11:26:22.445,1.043139,0.2551292,0.93043804,1.0186048,0.9007033,0.09280326,0.45979702,1.0620517,0.96199,0.1334126,0.41848785,0.6707001,0.8128262,0.11379126,-0.16463774,0.659461,0.32423326,-0.41838935,-0.59538,0.0020752505,1068.9744,728.0952,740.58606,516.55676,849.3773,0.10595703125,-0.048583984375,0.97509765625,2.385101318359375,-2.8411865234375,-1.8841552734375,1.0,2.0,1.0,4.0,2.0,95.0,event
11:26:22.446,1.043139,0.2551292,0.93043804,1.0186048,0.9007033,0.09280326,0.45979702,1.0620517,0.96199,0.1334126,0.41848785,0.6707001,0.8128262,0.11379126,-0.16463774,0.659461,0.32423326,-0.41838935,-0.59538,0.0020752505,1044.7986,738.1685,376.337,493.1868,909.81683,0.10595703125,-0.048583984375,0.97509765625,2.385101318359375,-2.8411865234375,-1.8841552734375,1.0,2.0,1.0,4.0,2.0,95.0,event
11:26:22.447,1.043139,0.2551292,0.93043804,1.0186048,0.9007033,0.09280326,0.45979702,1.0620517,0.96199,0.1334126,0.41848785,0.6707001,0.8128262,0.11379126,-0.16463774,0.659461,0.32423326,-0.41838935,-0.59538,0.0020752505,1255.5311,745.42126,354.57877,487.54578,952.9304,0.10595703125,-0.048583984375,0.97509765625,2.385101318359375,-2.8411865234375,-1.8841552734375,1.0,2.0,1.0,4.0,2.0,95.0,event
11:26:22.447,1.043139,0.2551292,0.93043804,1.0186048,0.9007033,0.09280326,0.45979702,1.0620517,0.96199,0.1334126,0.41848785,0.6707001,0.8128262,0.11379126,-0.16463774,0.659461,0.32423326,-0.41838935,-0.59538,0.0020752505,1430.0,751.4652,1114.1025,415.42123,776.8498,0.10595703125,-0.048583984375,0.97509765625,2.385101318359375,-2.8411865234375,-1.8841552734375,1.0,2.0,1.0,4.0,2.0,95.0,event
11:26:22.448,1.043139,0.2551292,0.93043804,1.0186048,0.9007033,0.09280326,0.45979702,1.0620517,0.96199,0.1334126,0.41848785,0.6707001,0.8128262,0.11379126,-0.16463774,0.659461,0.32423326,-0.41838935,-0.59538,0.0020752505,1331.2821,749.0476,1091.5385,324.35898,805.4579,0.10595703125,-0.048583984375,0.97509765625,2.385101318359375,-2.8411865234375,-1.8841552734375,1.0,2.0,1.0,4.0,2.0,95.0,event
11:26:22.449,1.043139,0.2551292,0.93043804,1.0186048,0.9007033,0.09280326,0.45979702,1.0620517,0.96199,0.1334126,0.41848785,0.6707001,0.8128262,0.11379126,-0.16463774,0.659461,0.32423326,-0.41838935,-0.59538,0.0020752505,1112.0879,749.45056,853.00366,259.8901,793.7729,0.10595703125,-0.048583984375,0.97509765625,2.385101318359375,-2.8411865234375,-1.8841552734375,1.0,2.0,1.0,4.0,2.0,95.0,event
11:26:22.495,1.043139,0.2551292,0.93043804,1.0186048,0.9007033,0.09280326,0.45979702,1.0620517,0.96199,0.1334126,0.41848785,0.6707001,0.8128262,0.11379126,-0.16463774,0.659461,0.32423326,-0.41838935,-0.59538,0.0020752505,1066.9597,757.1062,1066.9597,234.10257,705.5311,0.12939453125,-0.03961181640625,0.97998046875,3.372039794921875,0.291595458984375,-3.327178955078125,1.0,2.0,1.0,4.0,2.0,95.0,event
11:26:22.497,1.043139,0.2551292,0.93043804,1.0186048,0.9007033,0.09280326,0.45979702,1.0620517,0.96199,0.1334126,0.41848785,0.6707001,0.8128262,0.11379126,-0.16463774,0.659461,0.32423326,-0.41838935,-0.59538,0.0020752505,1242.6373,761.53845,1206.7766,264.72528,720.84247,0.12939453125,-0.03961181640625,0.97998046875,3.372039794921875,0.291595458984375,-3.327178955078125,1.0,2.0,1.0,4.0,2.0,95.0,event
11:26:22.497,1.043139,0.2551292,0.93043804,1.0186048,0.9007033,0.09280326,0.45979702,1.0620517,0.96199,0.1334126,0.41848785,0.6707001,0.8128262,0.11379126,-0.16463774,0.659461,0.32423326,-0.41838935,-0.59538,0.0020752505,1429.597,761.13556,1110.0732,274.79852,853.8095,0.12939453125,-0.03961181640625,0.97998046875,3.372039794921875,0.291595458984375,-3.327178955078125,1.0,2.0,1.0,4.0,2.0,95.0,event
11:26:22.499,1.043139,0.2551292,0.93043804,1.0186048,0.9007033,0.09280326,0.45979702,1.0620517,0.96199,0.1334126,0.41848785,0.6707001,0.8128262,0.11379126,-0.16463774,0.659461,0.32423326,-0.41838935,-0.59538,0.0020752505,1380.0366,761.13556,1011.3553,252.23444,856.2271,0.12939453125,-0.03961181640625,0.97998046875,3.372039794921875,0.291595458984375,-3.327178955078125,1.0,2.0,1.0,4.0,4.0,95.0,event
11:26:22.501,,,,,,,,,,,,,,,,,,,,,,,,,,,,,,,,,,,,,,blink
11:26:22.503,1.043139,0.2551292,0.93043804,1.0186048,0.9007033,0.09280326,0.45979702,1.0620517,0.96199,0.1334126,0.41848785,0.6707001,0.8128262,0.11379126,-0.16463774,0.659461,0.32423326,-0.41838935,-0.59538,0.0020752505,1034.7252,767.98535,906.1905,203.47986,773.22345,0.12939453125,-0.03961181640625,0.97998046875,3.372039794921875,0.291595458984375,-3.327178955078125,1.0,2.0,1.0,4.0,4.0,95.0,event
11:26:22.503,1.043139,0.2551292,0.93043804,1.0186048,0.9007033,0.09280326,0.45979702,1.0620517,0.96199,0.1334126,0.41848785,0.6707001,0.8128262,0.11379126,-0.16463774,0.659461,0.32423326,-0.41838935,-0.59538,0.0020752505,1154.3956,763.1502,1017.3993,232.0879,744.21246,0.12939453125,-0.03961181640625,0.97998046875,3.372039794921875,0.291595458984375,-3.327178955078125,1.0,2.0,1.0,4.0,4.0,95.0,event
11:26:22.504,1.043139,0.2551292,0.93043804,1.0186048,0.9007033,0.09280326,0.45979702,1.0620517,0.96199,0.1334126,0.41848785,0.6707001,0.8128262,0.11379126,-0.16463774,0.659461,0.32423326,-0.41838935,-0.59538,0.0020752505,1160.8425,768.7912,698.68134,190.18315,931.5751,0.12939453125,-0.03961181640625,0.97998046875,3.372039794921875,0.291595458984375,-3.327178955078125,1.0,2.0,1.0,4.0,4.0,95.0,event
11:26:22.505,1.043139,0.2551292,0.93043804,1.0186048,0.9007033,0.09280326,0.45979702,1.0620517,0.96199,0.1334126,0.41848785,0.6707001,0.8128262,0.11379126,-0.16463774,0.659461,0.32423326,-0.41838935,-0.59538,0.0020752505,1363.1135,770.40295,388.02197,159.56044,1118.5348,0.12939453125,-0.03961181640625,0.97998046875,3.372039794921875,0.291595458984375,-3.327178955078125,1.0,2.0,1.0,4.0,4.0,95.0,event
11:26:22.506,1.043139,0.2551292,0.93043804,1.0186048,0.9007033,0.09280326,0.45979702,1.0620517,0.96199,0.1334126,0.41848785,0.6707001,0.8128262,0.11379126,-0.16463774,0.659461,0.32423326,-0.41838935,-0.59538,0.0020752505,1331.2821,776.04395,684.9817,49.96337,874.7619,0.12939453125,-0.03961181640625,0.97998046875,3.372039794921875,0.291595458984375,-3.327178955078125,1.0,2.0,1.0,4.0,4.0,95.0,event
11:26:22.507,1.043139,0.2551292,0.93043804,1.0186048,0.9007033,0.09280326,0.45979702,1.0620517,0.96199,0.1334126,0.41848785,0.6707001,0.8128262,0.11379126,-0.16463774,0.659461,0.32423326,-0.41838935,-0.59538,0.0020752505,1117.326,773.6264,1063.7362,0.0,635.42126,0.12939453125,-0.03961181640625,0.97998046875,3.372039794921875,0.291595458984375,-3.327178955078125,1.0,2.0,1.0,4.0,4.0,95.0,event
11:26:22.507,1.043139,0.2551292,0.93043804,1.0186048,0.9007033,0.09280326,0.45979702,1.0620517,0.96199,0.1334126,0.41848785,0.6707001,0.8128262,0.11379126,-0.16463774,0.659461,0.32423326,-0.41838935,-0.59538,0.0020752505,1011.75824,771.2088,806.26373,3.2234433,741.39197,0.12939453125,-0.03961181640625,0.97998046875,3.372039794921875,0.291595458984375,-3.327178955078125,1.0,2.0,1.0,4.0,4.0,95.0,event
11:26:22.508,1.043139,0.2551292,0.93043804,1.0186048,0.9007033,0.09280326,0.45979702,1.0620517,0.96199,0.1334126,0.41848785,0.6707001,0.8128262,0.11379126,-0.16463774,0.659461,0.32423326,-0.41838935,-0.59538,0.0020752505,1108.4615,770.0,828.022,0.0,765.56775,0.12939453125,-0.03961181640625,0.97998046875,3.372039794921875,0.291595458984375,-3.327178955078125,1.0,2.0,1.0,4.0,4.0,95.0,event
11:26:22.532,1.043139,0.2551292,0.93043804,1.0186048,0.9007033,0.09280326,0.45979702,1.0620517,0.96199,0.1334126,0.41848785,0.6707001,0.8128262,0.11379126,-0.16463774,0.659461,0.32423326,-0.41838935,-0.59538,0.0020752505,1325.641,769.59705,1198.3151,0.0,698.2784,0.10186767578125,-0.0401611328125,0.97210693359375,2.2430419921875,-0.874786376953125,0.40374755859375,1.0,2.0,1.0,4.0,4.0,95.0,event
11:26:22.533,1.043139,0.2551292,0.93043804,1.0186048,0.9007033,0.09280326,0.45979702,1.0620517,0.96199,0.1334126,0.41848785,0.6707001,0.8128262,0.11379126,-0.16463774,0.659461,0.32423326,-0.41838935,-0.59538,0.0020752505,1349.8169,766.77655,1170.1099,0.0,741.79486,0.10186767578125,-0.0401611328125,0.97210693359375,2.2430419921875,-0.874786376953125,0.40374755859375,1.0,2.0,1.0,4.0,4.0,95.0,event
11:26:22.534,1.043139,0.2551292,0.93043804,1.0186048,0.9007033,0.09280326,0.45979702,1.0620517,0.96199,0.1334126,0.41848785,0.6707001,0.8128262,0.11379126,-0.16463774,0.659461,0.32423326,-0.41838935,-0.59538,0.0020752505,1136.6666,773.6264,909.011,0.0,723.663,0.10186767578125,-0.0401611328125,0.97210693359375,2.2430419921875,-0.874786376953125,0.40374755859375,1.0,2.0,1.0,4.0,4.0,95.0,event
11:26:22.534,1.043139,0.2551292,0.93043804,1.0186048,0.9007033,0.09280326,0.45979702,1.0620517,0.96199,0.1334126,0.41848785,0.6707001,0.8128262,0.11379126,-0.16463774,0.659461,0.32423326,-0.41838935,-0.59538,0.0020752505,1003.2967,782.0879,948.49817,0.0,668.0586,0.10186767578125,-0.0401611328125,0.97210693359375,2.2430419921875,-0.874786376953125,0.40374755859375,1.0,2.0,1.0,4.0,4.0,95.0,event
11:26:22.535,1.043139,0.2551292,0.93043804,1.0186048,0.9007033,0.09280326,0.45979702,1.0620517,0.96199,0.1334126,0.41848785,0.6707001,0.8128262,0.11379126,-0.16463774,0.659461,0.32423326,-0.41838935,-0.59538,0.0020752505,1324.0293,781.28204,1050.4396,0.0,806.6667,0.10186767578125,-0.0401611328125,0.97210693359375,2.2430419921875,-0.874786376953125,0.40374755859375,1.0,2.0,1.0,4.0,4.0,95.0,event
11:26:22.535,1.043139,0.2551292,0.93043804,1.0186048,0.9007033,0.09280326,0.45979702,1.0620517,0.96199,0.1334126,0.41848785,0.6707001,0.8128262,0.11379126,-0.16463774,0.659461,0.32423326,-0.41838935,-0.59538,0.0020752505,1104.0293,780.07324,1132.6373,0.0,696.26373,0.10186767578125,-0.0401611328125,0.97210693359375,2.2430419921875,-0.874786376953125,0.40374755859375,1.0,2.0,1.0,4.0,4.0,95.0,event
11:26:22.536,1.043139,0.2551292,0.93043804,1.0186048,0.9007033,0.09280326,0.45979702,1.0620517,0.96199,0.1334126,0.41848785,0.6707001,0.8128262,0.11379126,-0.16463774,0.659461,0.32423326,-0.41838935,-0.59538,0.0020752505,1357.4725,780.87915,616.4835,0.0,1054.0659,0.10186767578125,-0.0401611328125,0.97210693359375,2.2430419921875,-0.874786376953125,0.40374755859375,1.0,2.0,1.0,4.0,4.0,95.0,event
11:26:22.536,1.043139,0.2551292,0.93043804,1.0186048,0.9007033,0.09280326,0.45979702,1.0620517,0.96199,0.1334126,0.41848785,0.6707001,0.8128262,0.11379126,-0.16463774,0.659461,0.32423326,-0.41838935,-0.59538,0.0020752505,1139.4872,778.86444,663.22345,0.0,967.4359,0.10186767578125,-0.0401611328125,0.97210693359375,2.2430419921875,-0.874786376953125,0.40374755859375,1.0,2.0,1.0,4.0,4.0,95.0,event
11:26:22.537,1.043139,0.2551292,0.93043804,1.0186048,0.9007033,0.09280326,0.45979702,1.0620517,0.96199,0.1334126,0.41848785,0.6707001,0.8128262,0.11379126,-0.16463774,0.659461,0.32423326,-0.41838935,-0.59538,0.0020752505,967.03296,780.4762,1095.5677,0.0,677.326,0.10186767578125,-0.0401611328125,0.97210693359375,2.2430419921875,-0.874786376953125,0.40374755859375,1.0,2.0,1.0,4.0,4.0,95.0,event
11:26:22.537,1.043139,0.2551292,0.93043804,1.0186048,0.9007033,0.09280326,0.45979702,1.0620517,0.96199,0.1334126,0.41848785,0.6707001,0.8128262,0.11379126,-0.16463774,0.659461,0.32423326,-0.41838935,-0.59538,0.0020752505,1029.4872,782.0879,1030.2931,0.0,750.2564,0.10186767578125,-0.0401611328125,0.97210693359375,2.2430419921875,-0.874786376953125,0.40374755859375,1.0,2.0,1.0,4.0,4.0,95.0,event
11:26:22.537,1.043139,0.2551292,0.93043804,1.0186048,0.9007033,0.09280326,0.45979702,1.0620517,0.96199,0.1334126,0.41848785,0.6707001,0.8128262,0.11379126,-0.16463774,0.659461,0.32423326,-0.41838935,-0.59538,0.0020752505,1250.6959,779.2674,864.2857,0.0,873.95605,0.10186767578125,-0.0401611328125,0.97210693359375,2.2430419921875,-0.874786376953125,0.40374755859375,1.0,2.0,1.0,4.0,4.0,95.0,event
11:26:22.538,1.043139,0.2551292,0.93043804,1.0186048,0.9007033,0.09280326,0.45979702,1.0620517,0.96199,0.1334126,0.41848785,0.6707001,0.8128262,0.11379126,-0.16463774,0.659461,0.32423326,-0.41838935,-0.59538,0.0020752505,1346.9963,779.67035,1039.1575,0.0,805.05493,0.10186767578125,-0.0401611328125,0.97210693359375,2.2430419921875,-0.874786376953125,0.40374755859375,1.0,2.0,1.0,4.0,4.0,95.0,event
11:26:22.589,1.043139,0.2551292,0.93043804,1.0186048,0.9007033,0.09280326,0.45979702,1.0620517,0.96199,0.1334126,0.41848785,0.6707001,0.8128262,0.11379126,-0.16463774,0.659461,0.32423326,-0.41838935,-0.59538,0.0020752505,1152.381,780.87915,1193.4799,0.0,740.18317,0.09869384765625,-0.04327392578125,0.9970703125,2.82623291015625,-3.028106689453125,1.4056396484375,1.0,2.0,1.0,4.0,4.0,95.0,event
11:26:22.590,1.043139,0.2551292,0.93043804,1.0186048,0.9007033,0.09280326,0.45979702,1.0620517,0.96199,0.1334126,0.41848785,0.6707001,0.8128262,0.11379126,-0.16463774,0.659461,0.32423326,-0.41838935,-0.59538,0.0020752505,956.1539,780.07324,921.0989,0.0,806.6667,0.09869384765625,-0.04327392578125,0.9970703125,2.82623291015625,-3.028106689453125,1.4056396484375,1.0,2.0,1.0,4.0,4.0,95.0,event
11:26:22.591,1.043139,0.2551292,0.93043804,1.0186048,0.9007033,0.09280326,0.45979702,1.0620517,0.96199,0.1334126,0.41848785,0.6707001,0.8128262,0.11379126,-0.16463774,0.659461,0.32423326,-0.41838935,-0.59538,0.0020752505,1000.87915,788.5348,762.3443,0.0,887.25275,0.09869384765625,-0.04327392578125,0.9970703125,2.82623291015625,-3.028106689453125,1.4056396484375,1.0,2.0,1.0,4.0,4.0,95.0,event
11:26:22.592,1.043139,0.2551292,0.93043804,1.0186048,0.9007033,0.09280326,0.45979702,1.0620517,0.96199,0.1334126,0.41848785,0.6707001,0.8128262,0.11379126,-0.16463774,0.659461,0.32423326,-0.41838935,-0.59538,0.0020752505,1231.3553,790.9524,1125.3846,0.0,805.8608,0.09869384765625,-0.04327392578125,0.9970703125,2.82623291015625,-3.028106689453125,1.4056396484375,1.0,2.0,1.0,4.0,4.0,95.0,event
11:26:22.592,1.043139,0.2551292,0.93043804,1.0186048,0.9007033,0.09280326,0.45979702,1.0620517,0.96199,0.1334126,0.41848785,0.6707001,0.8128262,0.11379126,-0.16463774,0.659461,0.32423326,-0.41838935,-0.59538,0.0020752505,1316.7766,784.5055,1261.5751,0.0,737.76556,0.09869384765625,-0.04327392578125,0.9970703125,2.82623291015625,-3.028106689453125,1.4056396484375,1.0,2.0,1.0,4.0,4.0,95.0,event
11:26:22.593,1.043139,0.2551292,0.93043804,1.0186048,0.9007033,0.09280326,0.45979702,1.0620517,0.96199,0.1334126,0.41848785,0.6707001,0.8128262,0.11379126,-0.16463774,0.659461,0.32423326,-0.41838935,-0.59538,0.0020752505,1125.7876,782.49084,769.19415,0.0,945.2747,0.09869384765625,-0.04327392578125,0.9970703125,2.82623291015625,-3.028106689453125,1.4056396484375,1.0,2.0,1.0,4.0,4.0,95.0,event
11:26:22.597,1.043139,0.2551292,0.93043804,1.0186048,0.9007033,0.09280326,0.45979702,1.0620517,0.96199,0.1334126,0.41848785,0.6707001,0.8128262,0.11379126,-0.16463774,0.659461,0.32423326,-0.41838935,-0.59538,0.0020752505,926.337,786.9231,445.2381,0.0,1056.0806,0.09869384765625,-0.04327392578125,0.9970703125,2.82623291015625,-3.028106689453125,1.4056396484375,1.0,2.0,1.0,4.0,4.0,95.0,event
11:26:22.598,1.043139,0.2551292,0.93043804,1.0186048,0.9007033,0.09280326,0.45979702,1.0620517,0.96199,0.1334126,0.41848785,0.6707001,0.8128262,0.11379126,-0.16463774,0.659461,0.32423326,-0.41838935,-0.59538,0.0020752505,948.9011,792.5641,921.9048,0.0,808.68134,0.09869384765625,-0.04327392578125,0.9970703125,2.82623291015625,-3.028106689453125,1.4056396484375,1.0,2.0,1.0,4.0,4.0,95.0,event
11:26:22.599,1.043139,0.2551292,0.93043804,1.0186048,0.9007033,0.09280326,0.45979702,1.0620517,0.96199,0.1334126,0.41848785,0.6707001,0.8128262,0.11379126,-0.16463774,0.659461,0.32423326,-0.41838935,-0.59538,0.0020752505,1164.8718,786.52014,1257.9487,0.0,759.12085,0.09869384765625,-0.04327392578125,0.9970703125,2.82623291015625,-3.028106689453125,1.4056396484375,1.0,2.0,1.0,4.0,4.0,95.0,event
11:26:22.600,1.043139,0.2551292,0.93043804,1.0186048,0.9007033,0.09280326,0.45979702,1.0620517,0.96199,0.1334126,0.41848785,0.6707001,0.8128262,0.11379126,-0.16463774,0.659461,0.32423326,-0.41838935,-0.59538,0.0020752505,1297.4359,783.69965,971.4652,0.0,897.326,0.09869384765625,-0.04327392578125,0.9970703125,2.82623291015625,-3.028106689453125,1.4056396484375,1.0,2.0,1.0,4.0,4.0,95.0,event
11:26:22.601,1.043139,0.2551292,0.93043804,1.0186048,0.9007033,0.09280326,0.45979702,1.0620517,0.96199,0.1334126,0.41848785,0.6707001,0.8128262,0.11379126,-0.16463774,0.659461,0.32423326,-0.41838935,-0.59538,0.0020752505,1155.2014,790.9524,811.9048,0.0,857.8388,0.09869384765625,-0.04327392578125,0.9970703125,2.82623291015625,-3.028106689453125,1.4056396484375,1.0,2.0,1.0,4.0,4.0,95.0,event
11:26:22.602,1.043139,0.2551292,0.93043804,1.0186048,0.9007033,0.09280326,0.45979702,1.0620517,0.96199,0.1334126,0.41848785,0.6707001,0.8128262,0.11379126,-0.16463774,0.659461,0.32423326,-0.41838935,-0.59538,0.0020752505,948.0952,797.3993,1084.2858,0.0,720.4396,0.09869384765625,-0.04327392578125,0.9970703125,2.82623291015625,-3.028106689453125,1.4056396484375,1.0,2.0,1.0,4.0,4.0,95.0,event
11:26:22.626,1.043139,0.2551292,0.93043804,1.0186048,0.9007033,0.09280326,0.45979702,1.0620517,0.96199,0.1334126,0.41848785,0.6707001,0.8128262,0.11379126,-0.16463774,0.659461,0.32423326,-0.41838935,-0.59538,0.0020752505,936.0073,795.78754,1111.6849,0.0,752.674,0.0994873046875,-0.03875732421875,0.97662353515625,3.372039794921875,-3.00567626953125,0.814971923828125,1.0,2.0,1.0,4.0,4.0,95.0,event
11:26:22.628,1.043139,0.2551292,0.93043804,1.0186048,0.9007033,0.09280326,0.45979702,1.0620517,0.96199,0.1334126,0.41848785,0.6707001,0.8128262,0.11379126,-0.16463774,0.659461,0.32423326,-0.41838935,-0.59538,0.0020752505,1108.0586,792.96704,988.7912,0.0,876.3736,0.0994873046875,-0.03875732421875,0.97662353515625,3.372039794921875,-3.00567626953125,0.814971923828125,1.0,2.0,1.0,4.0,4.0,95.0,event
11:26:22.629,1.043139,0.2551292,0.93043804,1.0186048,0.9007033,0.09280326,0.45979702,1.0620517,0.96199,0.1334126,0.41848785,0.6707001,0.8128262,0.11379126,-0.16463774,0.659461,0.32423326,-0.41838935,-0.59538,0.0020752505,1266.0073,791.75824,1058.0952,0.0,861.06226,0.0994873046875,-0.03875732421875,0.97662353515625,3.372039794921875,-3.00567626953125,0.814971923828125,1.0,2.0,1.0,4.0,4.0,95.0,event
11:26:22.631,1.043139,0.2551292,0.93043804,1.0186048,0.9007033,0.09280326,0.45979702,1.0620517,0.96199,0.1334126,0.41848785,0.6707001,0.8128262,0.11379126,-0.16463774,0.659461,0.32423326,-0.41838935,-0.59538,0.0020752505,1191.4652,792.1612,1149.5604,0.0,751.06226,0.0994873046875,-0.03875732421875,0.97662353515625,3.372039794921875,-3.00567626953125,0.814971923828125,1.0,2.0,1.0,4.0,4.0,95.0,event
11:26:22.632,1.043139,0.2551292,0.93043804,1.0186048,0.9007033,0.09280326,0.45979702,1.0620517,0.96199,0.1334126,0.41848785,0.6707001,0.8128262,0.11379126,-0.16463774,0.659461,0.32423326,-0.41838935,-0.59538,0.0020752505,949.707,787.72894,1043.1868,0.0,731.7216,0.0994873046875,-0.03875732421875,0.97662353515625,3.372039794921875,-3.00567626953125,0.814971923828125,1.0,2.0,1.0,4.0,4.0,95.0,event
11:26:22.633,1.043139,0.2551292,0.93043804,1.0186048,0.9007033,0.09280326,0.45979702,1.0620517,0.96199,0.1334126,0.41848785,0.6707001,0.8128262,0.11379126,-0.16463774,0.659461,0.32423326,-0.41838935,-0.59538,0.0020752505,888.86444,787.326,677.326,0.0,949.304,0.0994873046875,-0.03875732421875,0.97662353515625,3.372039794921875,-3.00567626953125,0.814971923828125,1.0,2.0,1.0,4.0,4.0,95.0,event
11:26:22.634,1.043139,0.2551292,0.93043804,1.0186048,0.9007033,0.09280326,0.45979702,1.0620517,0.96199,0.1334126,0.41848785,0.6707001,0.8128262,0.11379126,-0.16463774,0.659461,0.32423326,-0.41838935,-0.59538,0.0020752505,1072.1978,797.3993,663.22345,0.0,1006.52014,0.0994873046875,-0.03875732421875,0.97662353515625,3.372039794921875,-3.00567626953125,0.814971923828125,1.0,2.0,1.0,4.0,4.0,95.0,event
11:26:22.635,1.043139,0.2551292,0.93043804,1.0186048,0.9007033,0.09280326,0.45979702,1.0620517,0.96199,0.1334126,0.41848785,0.6707001,0.8128262,0.11379126,-0.16463774,0.659461,0.32423326,-0.41838935,-0.59538,0.0020752505,1268.8279,795.78754,1126.9963,0.0,786.1172,0.0994873046875,-0.03875732421875,0.97662353515625,3.372039794921875,-3.00567626953125,0.814971923828125,1.0,2.0,1.0,4.0,4.0,95.0,event
11:26:22.636,1.043139,0.2551292,0.93043804,1.0186048,0.9007033,0.09280326,0.45979702,1.0620517,0.96199,0.1334126,0.41848785,0.6707001,0.8128262,0.11379126,-0.16463774,0.659461,0.32423326,-0.41838935,-0.59538,0.0020752505,1201.1355,791.75824,1079.4506,0.0,753.47986,0.0994873046875,-0.03875732421875,0.97662353515625,3.372039794921875,-3.00567626953125,0.814971923828125,1.0,2.0,1.0,4.0,4.0,95.0,event
11:26:22.637,1.043139,0.2551292,0.93043804,1.0186048,0.9007033,0.09280326,0.45979702,1.0620517,0.96199,0.1334126,0.41848785,0.6707001,0.8128262,0.11379126,-0.16463774,0.659461,0.32423326,-0.41838935,-0.59538,0.0020752505,962.6007,796.99634,671.685,0.0,859.45056,0.0994873046875,-0.03875732421875,0.97662353515625,3.372039794921875,-3.00567626953125,0.814971923828125,1.0,2.0,1.0,4.0,4.0,95.0,event
11:26:22.638,1.043139,0.2551292,0.93043804,1.0186048,0.9007033,0.09280326,0.45979702,1.0620517,0.96199,0.1334126,0.41848785,0.6707001,0.8128262,0.11379126,-0.16463774,0.659461,0.32423326,-0.41838935,-0.59538,0.0020752505,894.90845,798.60803,815.9341,0.0,775.2381,0.0994873046875,-0.03875732421875,0.97662353515625,3.372039794921875,-3.00567626953125,0.814971923828125,1.0,2.0,1.0,4.0,4.0,95.0,event
11:26:22.639,1.043139,0.2551292,0.93043804,1.0186048,0.9007033,0.09280326,0.45979702,1.0620517,0.96199,0.1334126,0.41848785,0.6707001,0.8128262,0.11379126,-0.16463774,0.659461,0.32423326,-0.41838935,-0.59538,0.0020752505,1056.4835,796.99634,1177.7656,0.0,681.3553,0.0994873046875,-0.03875732421875,0.97662353515625,3.372039794921875,-3.00567626953125,0.814971923828125,1.0,2.0,1.0,4.0,4.0,95.0,event
11:26:22.661,1.043139,0.2551292,0.93043804,1.0186048,0.9007033,0.09280326,0.45979702,1.0620517,0.96199,0.1334126,0.41848785,0.6707001,0.8128262,0.11379126,-0.16463774,0.659461,0.32423326,-0.41838935,-0.59538,0.0020752505,1251.5018,797.3993,1089.9268,0.0,780.4762,0.0994873046875,-0.03875732421875,0.97662353515625,3.372039794921875,-3.00567626953125,0.814971923828125,1.0,2.0,1.0,4.0,4.0,95.0,event
11:26:22.662,1.043139,0.2551292,0.93043804,1.0186048,0.9007033,0.09280326,0.45979702,1.0620517,0.96199,0.1334126,0.41848785,0.6707001,0.8128262,0.11379126,-0.16463774,0.659461,0.32423326,-0.41838935,-0.59538,0.0020752505,1203.1501,795.38464,920.293,0.0,801.02563,0.0994873046875,-0.03875732421875,0.97662353515625,3.372039794921875,-3.00567626953125,0.814971923828125,1.0,2.0,1.0,4.0,4.0,95.0,event
11:26:22.663,1.043139,0.2551292,0.93043804,1.0186048,0.9007033,0.09280326,0.45979702,1.0620517,0.96199,0.1334126,0.41848785,0.6707001,0.8128262,0.11379126,-0.16463774,0.659461,0.32423326,-0.41838935,-0.59538,0.0020752505,975.09155,793.36993,1042.381,0.0,751.06226,0.0994873046875,-0.03875732421875,0.97662353515625,3.372039794921875,-3.00567626953125,0.814971923828125,1.0,2.0,1.0,4.0,4.0,95.0,event
11:26:22.663,1.043139,0.2551292,0.93043804,1.0186048,0.9007033,0.09280326,0.45979702,1.0620517,0.96199,0.1334126,0.41848785,0.6707001,0.8128262,0.11379126,-0.16463774,0.659461,0.32423326,-0.41838935,-0.59538,0.0020752505,880.40295,793.7729,1088.7179,0.0,703.1135,0.0994873046875,-0.03875732421875,0.97662353515625,3.372039794921875,-3.00567626953125,0.814971923828125,1.0,2.0,1.0,4.0,4.0,95.0,event
11:26:22.664,1.043139,0.2551292,0.93043804,1.0186048,0.9007033,0.09280326,0.45979702,1.0620517,0.96199,0.1334126,0.41848785,0.6707001,0.8128262,0.11379126,-0.16463774,0.659461,0.32423326,-0.41838935,-0.59538,0.0020752505,1004.5055,794.17584,958.97437,0.0,883.22345,0.0994873046875,-0.03875732421875,0.97662353515625,3.372039794921875,-3.00567626953125,0.814971923828125,1.0,2.0,1.0,4.0,4.0,95.0,event
11:26:22.664,1.043139,0.2551292,0.93043804,1.0186048,0.9007033,0.09280326,0.45979702,1.0620517,0.96199,0.1334126,0.41848785,0.6707001,0.8128262,0.11379126,-0.16463774,0.659461,0.32423326,-0.41838935,-0.59538,0.0020752505,1218.4615,794.9817,836.4835,0.0,1008.93774,0.0994873046875,-0.03875732421875,0.97662353515625,3.372039794921875,-3.00567626953125,0.814971923828125,1.0,2.0,1.0,4.0,4.0,95.0,event
11:26:22.665,1.043139,0.2551292,0.93043804,1.0186048,0.9007033,0.09280326,0.45979702,1.0620517,0.96199,0.1334126,0.41848785,0.6707001,0.8128262,0.11379126,-0.16463774,0.659461,0.32423326,-0.41838935,-0.59538,0.0020752505,1208.3883,795.38464,809.0842,0.0,880.0,0.0994873046875,-0.03875732421875,0.97662353515625,3.372039794921875,-3.00567626953125,0.814971923828125,1.0,2.0,1.0,4.0,4.0,95.0,event
11:26:22.666,1.043139,0.2551292,0.93043804,1.0186048,0.9007033,0.09280326,0.45979702,1.0620517,0.96199,0.1334126,0.41848785,0.6707001,0.8128262,0.11379126,-0.16463774,0.659461,0.32423326,-0.41838935,-0.59538,0.0020752505,978.71796,797.8022,946.4835,0.0,790.9524,0.0994873046875,-0.03875732421875,0.97662353515625,3.372039794921875,-3.00567626953125,0.814971923828125,1.0,2.0,1.0,4.0,4.0,95.0,event
11:26:22.669,1.043139,0.2551292,0.93043804,1.0186048,0.9007033,0.09280326,0.45979702,1.0620517,0.96199,0.1334126,0.41848785,0.6707001,0.8128262,0.11379126,-0.16463774,0.659461,0.32423326,-0.41838935,-0.59538,0.0020752505,849.7802,796.99634,727.28937,0.0,872.74725,0.0994873046875,-0.03875732421875,0.97662353515625,3.372039794921875,-3.00567626953125,0.814971923828125,1.0,2.0,1.0,4.0,4.0,95.0,event
11:26:22.671,1.043139,0.2551292,0.93043804,1.0186048,0.9007033,0.09280326,0.45979702,1.0620517,0.96199,0.1334126,0.41848785,0.6707001,0.8128262,0.11379126,-0.16463774,0.659461,0.32423326,-0.41838935,-0.59538,0.0020752505,944.4689,799.011,456.92307,0.0,998.86444,0.0994873046875,-0.03875732421875,0.97662353515625,3.372039794921875,-3.00567626953125,0.814971923828125,1.0,2.0,1.0,4.0,4.0,95.0,event
11:26:22.672,1.043139,0.2551292,0.93043804,1.0186048,0.9007033,0.09280326,0.45979702,1.0620517,0.96199,0.1334126,0.41848785,0.6707001,0.8128262,0.11379126,-0.16463774,0.659461,0.32423326,-0.41838935,-0.59538,0.0020752505,1181.392,796.99634,977.9121,0.0,842.9304,0.0994873046875,-0.03875732421875,0.97662353515625,3.372039794921875,-3.00567626953125,0.814971923828125,1.0,2.0,1.0,4.0,4.0,95.0,event
11:26:22.673,1.043139,0.2551292,0.93043804,1.0186048,0.9007033,0.09280326,0.45979702,1.0620517,0.96199,0.1334126,0.41848785,0.6707001,0.8128262,0.11379126,-0.16463774,0.659461,0.32423326,-0.41838935,-0.59538,0.0020752505,1235.3846,791.75824,1159.2307,0.0,772.8205,0.0994873046875,-0.03875732421875,0.97662353515625,3.372039794921875,-3.00567626953125,0.814971923828125,1.0,2.0,1.0,4.0,4.0,95.0,event
11:26:22.711,1.043139,0.2551292,0.93043804,1.0186048,0.9007033,0.09280326,0.45979702,1.0620517,0.96199,0.1334126,0.41848785,0.6707001,0.8128262,0.11379126,-0.16463774,0.659461,0.32423326,-0.41838935,-0.59538,0.0020752505,1009.34064,789.7436,701.0989,0.0,841.31866,0.0870361328125,-0.03472900390625,0.99298095703125,3.147735595703125,-4.059906005859375,1.652374267578125,1.0,2.0,1.0,4.0,4.0,95.0,event
11:26:22.713,1.043139,0.2551292,0.93043804,1.0186048,0.9007033,0.09280326,0.45979702,1.0620517,0.96199,0.1334126,0.41848785,0.6707001,0.8128262,0.11379126,-0.16463774,0.659461,0.32423326,-0.41838935,-0.59538,0.0020752505,833.663,792.96704,651.13556,0.0,841.7216,0.0870361328125,-0.03472900390625,0.99298095703125,3.147735595703125,-4.059906005859375,1.652374267578125,1.0,2.0,1.0,4.0,4.0,95.0,event
11:26:22.714,1.043139,0.2551292,0.93043804,1.0186048,0.9007033,0.09280326,0.45979702,1.0620517,0.96199,0.1334126,0.41848785,0.6707001,0.8128262,0.11379126,-0.16463774,0.659461,0.32423326,-0.41838935,-0.59538,0.0020752505,911.02563,798.20514,1171.7216,0.0,761.9414,0.0870361328125,-0.03472900390625,0.99298095703125,3.147735595703125,-4.059906005859375,1.652374267578125,1.0,2.0,1.0,4.0,4.0,95.0,event
11:26:22.715,1.043139,0.2551292,0.93043804,1.0186048,0.9007033,0.09280326,0.45979702,1.0620517,0.96199,0.1334126,0.41848785,0.6707001,0.8128262,0.11379126,-0.16463774,0.659461,0.32423326,-0.41838935,-0.59538,0.0020752505,1133.4432,795.78754,1230.1465,0.0,773.22345,0.0870361328125,-0.03472900390625,0.99298095703125,3.147735595703125,-4.059906005859375,1.652374267578125,1.0,2.0,1.0,4.0,4.0,95.0,event
11:26:22.716,1.043139,0.2551292,0.93043804,1.0186048,0.9007033,0.09280326,0.45979702,1.0620517,0.96199,0.1334126,0.41848785,0.6707001,0.8128262,0.11379126,-0.16463774,0.659461,0.32423326,-0.41838935,-0.59538,0.0020752505,1209.597,793.7729,1045.2014,0.0,779.67035,0.0870361328125,-0.03472900390625,0.99298095703125,3.147735595703125,-4.059906005859375,1.652374267578125,1.0,2.0,1.0,4.0,4.0,95.0,event
11:26:22.716,1.043139,0.2551292,0.93043804,1.0186048,0.9007033,0.09280326,0.45979702,1.0620517,0.96199,0.1334126,0.41848785,0.6707001,0.8128262,0.11379126,-0.16463774,0.659461,0.32423326,-0.41838935,-0.59538,0.0020752505,1002.0879,799.41394,895.7143,0.0,836.4835,0.0870361328125,-0.03472900390625,0.99298095703125,3.147735595703125,-4.059906005859375,1.652374267578125,1.0,2.0,1.0,4.0,4.0,95.0,event
11:26:22.717,1.043139,0.2551292,0.93043804,1.0186048,0.9007033,0.09280326,0.45979702,1.0620517,0.96199,0.1334126,0.41848785,0.6707001,0.8128262,0.11379126,-0.16463774,0.659461,0.32423326,-0.41838935,-0.59538,0.0020752505,826.4103,804.2491,775.64105,0.0,826.0073,0.0870361328125,-0.03472900390625,0.99298095703125,3.147735595703125,-4.059906005859375,1.652374267578125,1.0,2.0,1.0,4.0,4.0,95.0,event
11:26:22.718,1.043139,0.2551292,0.93043804,1.0186048,0.9007033,0.09280326,0.45979702,1.0620517,0.96199,0.1334126,0.41848785,0.6707001,0.8128262,0.11379126,-0.16463774,0.659461,0.32423326,-0.41838935,-0.59538,0.0020752505,881.6117,807.8755,877.98535,0.0,745.0183,0.0870361328125,-0.03472900390625,0.99298095703125,3.147735595703125,-4.059906005859375,1.652374267578125,1.0,2.0,1.0,4.0,4.0,95.0,event
11:26:22.719,1.043139,0.2551292,0.93043804,1.0186048,0.9007033,0.09280326,0.45979702,1.0620517,0.96199,0.1334126,0.41848785,0.6707001,0.8128262,0.11379126,-0.16463774,0.659461,0.32423326,-0.41838935,-0.59538,0.0020752505,1062.5275,803.44324,589.0842,0.0,1017.3993,0.0870361328125,-0.03472900390625,0.99298095703125,3.147735595703125,-4.059906005859375,1.652374267578125,1.0,2.0,1.0,4.0,4.0,95.0,event
11:26:22.719,1.043139,0.2551292,0.93043804,1.0186048,0.9007033,0.09280326,0.45979702,1.0620517,0.96199,0.1334126,0.41848785,0.6707001,0.8128262,0.11379126,-0.16463774,0.659461,0.32423326,-0.41838935,-0.59538,0.0020752505,1171.7216,813.91943,506.48352,0.0,1043.1868,0.0870361328125,-0.03472900390625,0.99298095703125,3.147735595703125,-4.059906005859375,1.652374267578125,1.0,2.0,1.0,4.0,4.0,95.0,event
11:26:22.721,1.043139,0.2551292,0.93043804,1.0186048,0.9007033,0.09280326,0.45979702,1.0620517,0.96199,0.1334126,0.41848785,0.6707001,0.8128262,0.11379126,-0.16463774,0.659461,0.32423326,-0.41838935,-0.59538,0.0020752505,1015.38464,814.3223,1107.2528,0.0,748.24176,0.0870361328125,-0.03472900390625,0.99298095703125,3.147735595703125,-4.059906005859375,1.652374267578125,1.0,2.0,1.0,4.0,4.0,95.0,event
11:26:22.722,1.043139,0.2551292,0.93043804,1.0186048,0.9007033,0.09280326,0.45979702,1.0620517,0.96199,0.1334126,0.41848785,0.6707001,0.8128262,0.11379126,-0.16463774,0.659461,0.32423326,-0.41838935,-0.59538,0.0020752505,797.3993,800.6227,996.4469,0.0,716.0073,0.0870361328125,-0.03472900390625,0.99298095703125,3.147735595703125,-4.059906005859375,1.652374267578125,1.0,2.0,1.0,4.0,4.0,95.0,event
11:26:22.754,1.043139,0.2551292,0.93043804,1.0186048,0.9007033,0.09280326,0.45979702,1.0620517,0.96199,0.1334126,0.41848785,0.6707001,0.8128262,0.11379126,-0.16463774,0.659461,0.32423326,-0.41838935,-0.59538,0.0020752505,803.44324,807.8755,903.36993,0.0,734.94507,0.10443115234375,-0.02874755859375,0.979736328125,3.4393310546875,-4.673004150390625,0.485992431640625,1.0,2.0,1.0,4.0,4.0,95.0,event
11:26:22.756,1.043139,0.2551292,0.93043804,1.0186048,0.9007033,0.09280326,0.45979702,1.0620517,0.96199,0.1334126,0.41848785,0.6707001,0.8128262,0.11379126,-0.16463774,0.659461,0.32423326,-0.41838935,-0.59538,0.0020752505,990.80585,801.02563,1224.9084,0.0,729.304,0.10443115234375,-0.02874755859375,0.979736328125,3.4393310546875,-4.673004150390625,0.485992431640625,1.0,2.0,1.0,4.0,4.0,95.0,event
11:26:22.757,1.043139,0.2551292,0.93043804,1.0186048,0.9007033,0.09280326,0.45979702,1.0620517,0.96199,0.1334126,0.41848785,0.6707001,0.8128262,0.11379126,-0.16463774,0.659461,0.32423326,-0.41838935,-0.59538,0.0020752505,1112.8938,805.4579,1305.4945,0.0,703.91943,0.10443115234375,-0.02874755859375,0.979736328125,3.4393310546875,-4.673004150390625,0.485992431640625,1.0,2.0,1.0,4.0,4.0,95.0,event
11:26:22.757,1.043139,0.2551292,0.93043804,1.0186048,0.9007033,0.09280326,0.45979702,1.0620517,0.96199,0.1334126,0.41848785,0.6707001,0.8128262,0.11379126,-0.16463774,0.659461,0.32423326,-0.41838935,-0.59538,0.0020752505,948.49817,814.3223,938.022,0.0,765.9707,0.10443115234375,-0.02874755859375,0.979736328125,3.4393310546875,-4.673004150390625,0.485992431640625,1.0,2.0,1.0,4.0,4.0,95.0,event
11:26:22.759,1.043139,0.2551292,0.93043804,1.0186048,0.9007033,0.09280326,0.45979702,1.0620517,0.96199,0.1334126,0.41848785,0.6707001,0.8128262,0.11379126,-0.16463774,0.659461,0.32423326,-0.41838935,-0.59538,0.0020752505,703.5165,825.2015,702.71063,0.0,777.25275,0.10443115234375,-0.02874755859375,0.979736328125,3.4393310546875,-4.673004150390625,0.485992431640625,1.0,2.0,1.0,4.0,4.0,95.0,event
11:26:22.759,1.043139,0.2551292,0.93043804,1.0186048,0.9007033,0.09280326,0.45979702,1.0620517,0.96199,0.1334126,0.41848785,0.6707001,0.8128262,0.11379126,-0.16463774,0.659461,0.32423326,-0.41838935,-0.59538,0.0020752505,672.0879,847.76556,871.13556,0.0,727.28937,0.10443115234375,-0.02874755859375,0.979736328125,3.4393310546875,-4.673004150390625,0.485992431640625,1.0,2.0,1.0,4.0,4.0,95.0,event
11:26:22.760,1.043139,0.2551292,0.93043804,1.0186048,0.9007033,0.09280326,0.45979702,1.0620517,0.96199,0.1334126,0.41848785,0.6707001,0.8128262,0.11379126,-0.16463774,0.659461,0.32423326,-0.41838935,-0.59538,0.0020752505,845.7509,865.09155,995.2381,0.0,834.4689,0.10443115234375,-0.02874755859375,0.979736328125,3.4393310546875,-4.673004150390625,0.485992431640625,1.0,2.0,1.0,4.0,4.0,95.0,event
11:26:22.761,1.043139,0.2551292,0.93043804,1.0186048,0.9007033,0.09280326,0.45979702,1.0620517,0.96199,0.1334126,0.41848785,0.6707001,0.8128262,0.11379126,-0.16463774,0.659461,0.32423326,-0.41838935,-0.59538,0.0020752505,958.1685,875.9707,749.0476,0.0,921.9048,0.10443115234375,-0.02874755859375,0.979736328125,3.4393310546875,-4.673004150390625,0.485992431640625,1.0,2.0,1.0,4.0,4.0,95.0,event
11:26:22.763,1.043139,0.2551292,0.93043804,1.0186048,0.9007033,0.09280326,0.45979702,1.0620517,0.96199,0.1334126,0.41848785,0.6707001,0.8128262,0.11379126,-0.16463774,0.659461,0.32423326,-0.41838935,-0.59538,0.0020752505,806.26373,889.2674,465.78754,0.0,944.0659,0.10443115234375,-0.02874755859375,0.979736328125,3.4393310546875,-4.673004150390625,0.485992431640625,1.0,2.0,1.0,4.0,4.0,95.0,event
11:26:22.764,1.043139,0.2551292,0.93043804,1.0186048,0.9007033,0.09280326,0.45979702,1.0620517,0.96199,0.1334126,0.41848785,0.6707001,0.8128262,0.11379126,-0.16463774,0.659461,0.32423326,-0.41838935,-0.59538,0.0020752505,586.26373,908.20514,882.8205,0.0,736.1539,0.10443115234375,-0.02874755859375,0.979736328125,3.4393310546875,-4.673004150390625,0.485992431640625,1.0,2.0,1.0,4.0,4.0,95.0,event
11:26:22.768,1.043139,0.2551292,0.93043804,1.0186048,0.9007033,0.09280326,0.45979702,1.0620517,0.96199,0.1334126,0.41848785,0.6707001,0.8128262,0.11379126,-0.16463774,0.659461,0.32423326,-0.41838935,-0.59538,0.0020752505,522.1978,913.44324,1016.1905,0.0,680.9524,0.10443115234375,-0.02874755859375,0.979736328125,3.4393310546875,-4.673004150390625,0.485992431640625,1.0,2.0,1.0,4.0,4.0,95.0,event
11:26:22.769,1.043139,0.2551292,0.93043804,1.0186048,0.9007033,0.09280326,0.45979702,1.0620517,0.96199,0.1334126,0.41848785,0.6707001,0.8128262,0.11379126,-0.16463774,0.659461,0.32423326,-0.41838935,-0.59538,0.0020752505,690.2198,915.8608,805.4579,0.0,863.0769,0.10443115234375,-0.02874755859375,0.979736328125,3.4393310546875,-4.673004150390625,0.485992431640625,1.0,2.0,1.0,4.0,4.0,95.0,event
11:26:22.814,1.043139,0.2551292,0.93043804,1.0186048,0.9007033,0.09280326,0.45979702,1.0620517,0.96199,0.1334126,0.41848785,0.6707001,0.8128262,0.11379126,-0.16463774,0.659461,0.32423326,-0.41838935,-0.59538,0.0020752505,875.16486,921.0989,987.1795,0.0,853.00366,0.119140625,-0.03271484375,0.98455810546875,2.026214599609375,-4.598236083984375,-0.13458251953125,1.0,2.0,1.0,4.0,4.0,95.0,event
11:26:22.815,1.043139,0.2551292,0.93043804,1.0186048,0.9007033,0.09280326,0.45979702,1.0620517,0.96199,0.1334126,0.41848785,0.6707001,0.8128262,0.11379126,-0.16463774,0.659461,0.32423326,-0.41838935,-0.59538,0.0020752505,781.685,916.26373,1193.4799,0.0,707.5458,0.119140625,-0.03271484375,0.98455810546875,2.026214599609375,-4.598236083984375,-0.13458251953125,1.0,2.0,1.0,4.0,4.0,95.0,event
11:26:22.816,1.043139,0.2551292,0.93043804,1.0186048,0.9007033,0.09280326,0.45979702,1.0620517,0.96199,0.1334126,0.41848785,0.6707001,0.8128262,0.11379126,-0.16463774,0.659461,0.32423326,-0.41838935,-0.59538,0.0020752505,541.9414,918.2784,1015.38464,0.0,665.64105,0.119140625,-0.03271484375,0.98455810546875,2.026214599609375,-4.598236083984375,-0.13458251953125,1.0,2.0,1.0,4.0,4.0,95.0,event
11:26:22.817,1.043139,0.2551292,0.93043804,1.0186048,0.9007033,0.09280326,0.45979702,1.0620517,0.96199,0.1334126,0.41848785,0.6707001,0.8128262,0.11379126,-0.16463774,0.659461,0.32423326,-0.41838935,-0.59538,0.0020752505,467.8022,911.8315,933.1868,0.0,726.08057,0.119140625,-0.03271484375,0.98455810546875,2.026214599609375,-4.598236083984375,-0.13458251953125,1.0,2.0,1.0,4.0,4.0,95.0,event
11:26:22.817,1.043139,0.2551292,0.93043804,1.0186048,0.9007033,0.09280326,0.45979702,1.0620517,0.96199,0.1334126,0.41848785,0.6707001,0.8128262,0.11379126,-0.16463774,0.659461,0.32423326,-0.41838935,-0.59538,0.0020752505,668.46155,906.5934,1133.4432,0.0,773.6264,0.119140625,-0.03271484375,0.98455810546875,2.026214599609375,-4.598236083984375,-0.13458251953125,1.0,2.0,1.0,4.0,4.0,95.0,event
11:26:22.818,1.043139,0.2551292,0.93043804,1.0186048,0.9007033,0.09280326,0.45979702,1.0620517,0.96199,0.1334126,0.41848785,0.6707001,0.8128262,0.11379126,-0.16463774,0.659461,0.32423326,-0.41838935,-0.59538,0.0020752505,901.3553,907.3993,1061.3187,0.0,836.8865,0.119140625,-0.03271484375,0.98455810546875,2.026214599609375,-4.598236083984375,-0.13458251953125,1.0,2.0,1.0,4.0,4.0,95.0,event
11:26:22.819,1.043139,0.2551292,0.93043804,1.0186048,0.9007033,0.09280326,0.45979702,1.0620517,0.96199,0.1334126,0.41848785,0.6707001,0.8128262,0.11379126,-0.16463774,0.659461,0.32423326,-0.41838935,-0.59538,0.0020752505,846.1539,897.326,910.2198,0.0,883.22345,0.119140625,-0.03271484375,0.98455810546875,2.026214599609375,-4.598236083984375,-0.13458251953125,1.0,2.0,1.0,4.0,4.0,95.0,event
11:26:22.820,1.043139,0.2551292,0.93043804,1.0186048,0.9007033,0.09280326,0.45979702,1.0620517,0.96199,0.1334126,0.41848785,0.6707001,0.8128262,0.11379126,-0.16463774,0.659461,0.32423326,-0.41838935,-0.59538,0.0020752505,612.0513,886.4469,509.70697,0.0,1010.9524,0.119140625,-0.03271484375,0.98455810546875,2.026214599609375,-4.598236083984375,-0.13458251953125,1.0,2.0,1.0,4.0,4.0,95.0,event
11:26:22.820,1.043139,0.2551292,0.93043804,1.0186048,0.9007033,0.09280326,0.45979702,1.0620517,0.96199,0.1334126,0.41848785,0.6707001,0.8128262,0.11379126,-0.16463774,0.659461,0.32423326,-0.41838935,-0.59538,0.0020752505,556.04395,877.5824,550.40295,0.0,939.2308,0.119140625,-0.03271484375,0.98455810546875,2.026214599609375,-4.598236083984375,-0.13458251953125,1.0,2.0,1.0,4.0,4.0,95.0,event
11:26:22.821,1.043139,0.2551292,0.93043804,1.0186048,0.9007033,0.09280326,0.45979702,1.0620517,0.96199,0.1334126,0.41848785,0.6707001,0.8128262,0.11379126,-0.16463774,0.659461,0.32423326,-0.41838935,-0.59538,0.0020752505,755.89746,866.30035,1247.0696,0.0,742.1978,0.119140625,-0.03271484375,0.98455810546875,2.026214599609375,-4.598236083984375,-0.13458251953125,1.0,2.0,1.0,4.0,4.0,95.0,event
11:26:22.823,1.043139,0.2551292,0.93043804,1.0186048,0.9007033,0.09280326,0.45979702,1.0620517,0.96199,0.1334126,0.41848785,0.6707001,0.8128262,0.11379126,-0.16463774,0.659461,0.32423326,-0.41838935,-0.59538,0.0020752505,999.2674,861.8681,1175.751,0.0,763.95605,0.119140625,-0.03271484375,0.98455810546875,2.026214599609375,-4.598236083984375,-0.13458251953125,1.0,2.0,1.0,4.0,4.0,95.0,event
11:26:22.825,1.043139,0.2551292,0.93043804,1.0186048,0.9007033,0.09280326,0.45979702,1.0620517,0.96199,0.1334126,0.41848785,0.6707001,0.8128262,0.11379126,-0.16463774,0.659461,0.32423326,-0.41838935,-0.59538,0.0020752505,1025.0549,859.85345,952.9304,0.0,758.71796,0.119140625,-0.03271484375,0.98455810546875,2.026214599609375,-4.598236083984375,-0.13458251953125,1.0,2.0,1.0,4.0,4.0,95.0,event
11:26:22.855,1.043139,0.2551292,0.93043804,1.0186048,0.9007033,0.09280326,0.45979702,1.0620517,0.96199,0.1334126,0.41848785,0.6707001,0.8128262,0.11379126,-0.16463774,0.659461,0.32423326,-0.41838935,-0.59538,0.0020752505,822.381,842.9304,1016.1905,0.0,668.86444,0.1119384765625,-0.03955078125,0.98162841796875,1.7645263671875,-1.263580322265625,-0.52337646484375,1.0,2.0,1.0,4.0,4.0,95.0,event
11:26:22.857,1.043139,0.2551292,0.93043804,1.0186048,0.9007033,0.09280326,0.45979702,1.0620517,0.96199,0.1334126,0.41848785,0.6707001,0.8128262,0.11379126,-0.16463774,0.659461,0.32423326,-0.41838935,-0.59538,0.0020752505,729.707,832.8571,997.25275,0.0,654.35895,0.1119384765625,-0.03955078125,0.98162841796875,1.7645263671875,-1.263580322265625,-0.52337646484375,1.0,2.0,1.0,4.0,4.0,95.0,event
11:26:22.859,1.043139,0.2551292,0.93043804,1.0186048,0.9007033,0.09280326,0.45979702,1.0620517,0.96199,0.1334126,0.41848785,0.6707001,0.8128262,0.11379126,-0.16463774,0.659461,0.32423326,-0.41838935,-0.59538,0.0020752505,865.89746,826.8132,786.52014,0.0,819.15753,0.1119384765625,-0.03955078125,0.98162841796875,1.7645263671875,-1.263580322265625,-0.52337646484375,1.0,2.0,1.0,4.0,4.0,95.0,event
11:26:22.860,1.043139,0.2551292,0.93043804,1.0186048,0.9007033,0.09280326,0.45979702,1.0620517,0.96199,0.1334126,0.41848785,0.6707001,0.8128262,0.11379126,-0.16463774,0.659461,0.32423326,-0.41838935,-0.59538,0.0020752505,1131.8315,818.7546,833.2601,0.0,886.4469,0.1119384765625,-0.03955078125,0.98162841796875,1.7645263671875,-1.263580322265625,-0.52337646484375,1.0,2.0,1.0,4.0,4.0,95.0,event
11:26:22.861,1.043139,0.2551292,0.93043804,1.0186048,0.9007033,0.09280326,0.45979702,1.0620517,0.96199,0.1334126,0.41848785,0.6707001,0.8128262,0.11379126,-0.16463774,0.659461,0.32423326,-0.41838935,-0.59538,0.0020752505,1187.033,811.9048,1112.0879,2.014652,784.10254,0.1119384765625,-0.03955078125,0.98162841796875,1.7645263671875,-1.263580322265625,-0.52337646484375,1.0,2.0,1.0,4.0,4.0,95.0,event
11:26:22.861,1.043139,0.2551292,0.93043804,1.0186048,0.9007033,0.09280326,0.45979702,1.0620517,0.96199,0.1334126,0.41848785,0.6707001,0.8128262,0.11379126,-0.16463774,0.659461,0.32423326,-0.41838935,-0.59538,0.0020752505,954.1392,804.65204,946.8865,0.0,780.87915,0.1119384765625,-0.03955078125,0.98162841796875,1.7645263671875,-1.263580322265625,-0.52337646484375,1.0,2.0,1.0,4.0,4.0,95.0,event
11:26:22.862,1.043139,0.2551292,0.93043804,1.0186048,0.9007033,0.09280326,0.45979702,1.0620517,0.96199,0.1334126,0.41848785,0.6707001,0.8128262,0.11379126,-0.16463774,0.659461,0.32423326,-0.41838935,-0.59538,0.0020752505,838.0952,800.6227,588.2784,16.923077,938.4249,0.1119384765625,-0.03955078125,0.98162841796875,1.7645263671875,-1.263580322265625,-0.52337646484375,1.0,2.0,1.0,4.0,4.0,95.0,event
11:26:22.863,1.043139,0.2551292,0.93043804,1.0186048,0.9007033,0.09280326,0.45979702,1.0620517,0.96199,0.1334126,0.41848785,0.6707001,0.8128262,0.11379126,-0.16463774,0.659461,0.32423326,-0.41838935,-0.59538,0.0020752505,950.10986,798.20514,532.27106,114.029305,1053.2601,0.1119384765625,-0.03955078125,0.98162841796875,1.7645263671875,-1.263580322265625,-0.52337646484375,1.0,2.0,1.0,4.0,4.0,95.0,event
11:26:22.864,1.043139,0.2551292,0.93043804,1.0186048,0.9007033,0.09280326,0.45979702,1.0620517,0.96199,0.1334126,0.41848785,0.6707001,0.8128262,0.11379126,-0.16463774,0.659461,0.32423326,-0.41838935,-0.59538,0.0020752505,1197.9121,793.7729,1085.4945,217.17949,857.03296,0.1119384765625,-0.03955078125,0.98162841796875,1.7645263671875,-1.263580322265625,-0.52337646484375,1.0,2.0,1.0,4.0,4.0,95.0,event
11:26:22.864,1.043139,0.2551292,0.93043804,1.0186048,0.9007033,0.09280326,0.45979702,1.0620517,0.96199,0.1334126,0.41848785,0.6707001,0.8128262,0.11379126,-0.16463774,0.659461,0.32423326,-0.41838935,-0.59538,0.0020752505,1282.1245,781.28204,1298.6447,240.14651,776.8498,0.1119384765625,-0.03955078125,0.98162841796875,1.7645263671875,-1.263580322265625,-0.52337646484375,1.0,2.0,1.0,4.0,4.0,95.0,event
11:26:22.865,1.043139,0.2551292,0.93043804,1.0186048,0.9007033,0.09280326,0.45979702,1.0620517,0.96199,0.1334126,0.41848785,0.6707001,0.8128262,0.11379126,-0.16463774,0.659461,0.32423326,-0.41838935,-0.59538,0.0020752505,1075.0183,776.4469,1010.54944,247.39926,833.663,0.1119384765625,-0.03955078125,0.98162841796875,1.7645263671875,-1.263580322265625,-0.52337646484375,1.0,2.0,1.0,4.0,4.0,95.0,event
11:26:22.866,1.043139,0.2551292,0.93043804,1.0186048,0.9007033,0.09280326,0.45979702,1.0620517,0.96199,0.1334126,0.41848785,0.6707001,0.8128262,0.11379126,-0.16463774,0.659461,0.32423326,-0.41838935,-0.59538,0.0020752505,900.14655,776.04395,950.5128,301.79486,782.0879,0.1119384765625,-0.03955078125,0.98162841796875,1.7645263671875,-1.263580322265625,-0.52337646484375,1.0,2.0,1.0,4.0,4.0,95.0,event
11:26:22.912,1.043139,0.2551292,0.93043804,1.0186048,0.9007033,0.09280326,0.45979702,1.0620517,0.96199,0.1334126,0.41848785,0.6707001,0.8128262,0.11379126,-0.16463774,0.659461,0.32423326,-0.41838935,-0.59538,0.0020752505,964.21246,770.40295,1167.6923,330.80585,692.23444,0.1119384765625,-0.03955078125,0.98162841796875,1.7645263671875,-1.263580322265625,-0.52337646484375,1.0,2.0,1.0,4.0,4.0,95.0,event
11:26:22.915,1.043139,0.2551292,0.93043804,1.0186048,0.9007033,0.09280326,0.45979702,1.0620517,0.96199,0.1334126,0.41848785,0.6707001,0.8128262,0.11379126,-0.16463774,0.659461,0.32423326,-0.41838935,-0.59538,0.0020752505,1191.4652,767.5824,1193.8828,344.10257,693.0403,0.1119384765625,-0.03955078125,0.98162841796875,1.7645263671875,-1.263580322265625,-0.52337646484375,1.0,2.0,1.0,4.0,4.0,95.0,event
11:26:22.917,1.043139,0.2551292,0.93043804,1.0186048,0.9007033,0.09280326,0.45979702,1.0620517,0.96199,0.1334126,0.41848785,0.6707001,0.8128262,0.11379126,-0.16463774,0.659461,0.32423326,-0.41838935,-0.59538,0.0020752505,1288.1685,768.7912,1019.81683,358.60806,757.1062,0.1119384765625,-0.03955078125,0.98162841796875,1.7645263671875,-1.263580322265625,-0.52337646484375,1.0,2.0,1.0,4.0,4.0,95.0,event
11:26:22.919,1.043139,0.2551292,0.93043804,1.0186048,0.9007033,0.09280326,0.45979702,1.0620517,0.96199,0.1334126,0.41848785,0.6707001,0.8128262,0.11379126,-0.16463774,0.659461,0.32423326,-0.41838935,-0.59538,0.0020752505,1094.762,774.0293,963.4066,354.1758,729.707,0.1119384765625,-0.03955078125,0.98162841796875,1.7645263671875,-1.263580322265625,-0.52337646484375,1.0,2.0,1.0,4.0,4.0,95.0,event
11:26:22.921,1.043139,0.2551292,0.93043804,1.0186048,0.9007033,0.09280326,0.45979702,1.0620517,0.96199,0.1334126,0.41848785,0.6707001,0.8128262,0.11379126,-0.16463774,0.659461,0.32423326,-0.41838935,-0.59538,0.0020752505,894.10254,769.59705,927.9487,365.4579,678.1319,0.1119384765625,-0.03955078125,0.98162841796875,1.7645263671875,-1.263580322265625,-0.52337646484375,1.0,2.0,1.0,4.0,4.0,95.0,event
11:26:22.922,1.043139,0.2551292,0.93043804,1.0186048,0.9007033,0.09280326,0.45979702,1.0620517,0.96199,0.1334126,0.41848785,0.6707001,0.8128262,0.11379126,-0.16463774,0.659461,0.32423326,-0.41838935,-0.59538,0.0020752505,944.4689,769.59705,807.47253,420.2564,771.6117,0.1119384765625,-0.03955078125,0.98162841796875,1.7645263671875,-1.263580322265625,-0.52337646484375,1.0,2.0,1.0,4.0,4.0,95.0,event
11:26:22.924,1.043139,0.2551292,0.93043804,1.0186048,0.9007033,0.09280326,0.45979702,1.0620517,0.96199,0.1334126,0.41848785,0.6707001,0.8128262,0.11379126,-0.16463774,0.659461,0.32423326,-0.41838935,-0.59538,0.0020752505,1151.5751,779.67035,711.1722,465.78754,886.8498,0.1119384765625,-0.03955078125,0.98162841796875,1.7645263671875,-1.263580322265625,-0.52337646484375,1.0,2.0,1.0,4.0,4.0,95.0,event
11:26:22.926,1.043139,0.2551292,0.93043804,1.0186048,0.9007033,0.09280326,0.45979702,1.0620517,0.96199,0.1334126,0.41848785,0.6707001,0.8128262,0.11379126,-0.16463774,0.659461,0.32423326,-0.41838935,-0.59538,0.0020752505,1254.3224,778.46155,772.8205,458.13187,916.6667,0.1119384765625,-0.03955078125,0.98162841796875,1.7645263671875,-1.263580322265625,-0.52337646484375,1.0,2.0,1.0,4.0,4.0,95.0,event
11:26:22.927,1.043139,0.2551292,0.93043804,1.0186048,0.9007033,0.09280326,0.45979702,1.0620517,0.96199,0.1334126,0.41848785,0.6707001,0.8128262,0.11379126,-0.16463774,0.659461,0.32423326,-0.41838935,-0.59538,0.0020752505,1108.0586,781.28204,954.1392,436.77655,829.6337,0.1119384765625,-0.03955078125,0.98162841796875,1.7645263671875,-1.263580322265625,-0.52337646484375,1.0,2.0,1.0,4.0,4.0,95.0,event
11:26:22.929,1.043139,0.2551292,0.93043804,1.0186048,0.9007033,0.09280326,0.45979702,1.0620517,0.96199,0.1334126,0.41848785,0.6707001,0.8128262,0.11379126,-0.16463774,0.659461,0.32423326,-0.41838935,-0.59538,0.0020752505,898.5348,785.7143,994.0293,385.6044,733.73627,0.1119384765625,-0.03955078125,0.98162841796875,1.7645263671875,-1.263580322265625,-0.52337646484375,1.0,2.0,1.0,4.0,4.0,95.0,event
11:26:22.931,1.043139,0.2551292,0.93043804,1.0186048,0.9007033,0.09280326,0.45979702,1.0620517,0.96199,0.1334126,0.41848785,0.6707001,0.8128262,0.11379126,-0.16463774,0.659461,0.32423326,-0.41838935,-0.59538,0.0020752505,882.01465,782.8938,463.7729,312.27106,973.8828,0.1119384765625,-0.03955078125,0.98162841796875,1.7645263671875,-1.263580322265625,-0.52337646484375,1.0,2.0,1.0,4.0,4.0,95.0,event
11:26:22.932,1.043139,0.2551292,0.93043804,1.0186048,0.9007033,0.09280326,0.45979702,1.0620517,0.96199,0.1334126,0.41848785,0.6707001,0.8128262,0.11379126,-0.16463774,0.659461,0.32423326,-0.41838935,-0.59538,0.0020752505,1086.7032,786.9231,449.2674,259.48718,1082.2711,0.1119384765625,-0.03955078125,0.98162841796875,1.7645263671875,-1.263580322265625,-0.52337646484375,1.0,2.0,1.0,4.0,4.0,95.0,event
11:26:22.980,1.043139,0.2551292,0.93043804,1.0186048,0.9007033,0.09280326,0.45979702,1.0620517,0.96199,0.1334126,0.41848785,0.6707001,0.8128262,0.11379126,-0.16463774,0.659461,0.32423326,-0.41838935,-0.59538,0.0020752505,1268.4249,790.54944,1151.5751,197.4359,813.91943,0.09600830078125,-0.0447998046875,0.973388671875,2.190704345703125,-0.8074951171875,-0.291595458984375,1.0,2.0,1.0,4.0,4.0,95.0,event
11:26:22.982,1.043139,0.2551292,0.93043804,1.0186048,0.9007033,0.09280326,0.45979702,1.0620517,0.96199,0.1334126,0.41848785,0.6707001,0.8128262,0.11379126,-0.16463774,0.659461,0.32423326,-0.41838935,-0.59538,0.0020752505,1132.2344,791.75824,1064.5421,148.27838,791.75824,0.09600830078125,-0.0447998046875,0.973388671875,2.190704345703125,-0.8074951171875,-0.291595458984375,1.0,2.0,1.0,4.0,4.0,95.0,event
11:26:22.983,1.043139,0.2551292,0.93043804,1.0186048,0.9007033,0.09280326,0.45979702,1.0620517,0.96199,0.1334126,0.41848785,0.6707001,0.8128262,0.11379126,-0.16463774,0.659461,0.32423326,-0.41838935,-0.59538,0.0020752505,874.35895,792.1612,869.12085,139.81685,834.4689,0.09600830078125,-0.0447998046875,0.973388671875,2.190704345703125,-0.8074951171875,-0.291595458984375,1.0,2.0,1.0,4.0,4.0,95.0,event
11:26:22.985,1.043139,0.2551292,0.93043804,1.0186048,0.9007033,0.09280326,0.45979702,1.0620517,0.96199,0.1334126,0.41848785,0.6707001,0.8128262,0.11379126,-0.16463774,0.659461,0.32423326,-0.41838935,-0.59538,0.0020752505,860.65936,793.7729,1128.608,132.96703,784.5055,0.09600830078125,-0.0447998046875,0.973388671875,2.190704345703125,-0.8074951171875,-0.291595458984375,1.0,2.0,1.0,4.0,4.0,95.0,event
11:26:22.987,1.043139,0.2551292,0.93043804,1.0186048,0.9007033,0.09280326,0.45979702,1.0620517,0.96199,0.1334126,0.41848785,0.6707001,0.8128262,0.11379126,-0.16463774,0.659461,0.32423326,-0.41838935,-0.59538,0.0020752505,1062.1245,798.60803,1312.3444,124.908424,738.5714,0.09600830078125,-0.0447998046875,0.973388671875,2.190704345703125,-0.8074951171875,-0.291595458984375,1.0,2.0,1.0,4.0,4.0,95.0,event
11:26:22.988,1.043139,0.2551292,0.93043804,1.0186048,0.9007033,0.09280326,0.45979702,1.0620517,0.96199,0.1334126,0.41848785,0.6707001,0.8128262,0.11379126,-0.16463774,0.659461,0.32423326,-0.41838935,-0.59538,0.0020752505,1199.9268,798.60803,923.5165,116.04395,923.91943,0.09600830078125,-0.0447998046875,0.973388671875,2.190704345703125,-0.8074951171875,-0.291595458984375,1.0,2.0,1.0,4.0,4.0,95.0,event
11:26:22.989,1.043139,0.2551292,0.93043804,1.0186048,0.9007033,0.09280326,0.45979702,1.0620517,0.96199,0.1334126,0.41848785,0.6707001,0.8128262,0.11379126,-0.16463774,0.659461,0.32423326,-0.41838935,-0.59538,0.0020752505,877.5824,805.05493,807.47253,20.54945,763.95605,0.09600830078125,-0.0447998046875,0.973388671875,2.190704345703125,-0.8074951171875,-0.291595458984375,1.0,2.0,1.0,4.0,4.0,95.0,event
11:26:22.989,1.043139,0.2551292,0.93043804,1.0186048,0.9007033,0.09280326,0.45979702,1.0620517,0.96199,0.1334126,0.41848785,0.6707001,0.8128262,0.11379126,-0.16463774,0.659461,0.32423326,-0.41838935,-0.59538,0.0020752505,1108.0586,799.41394,535.09155,57.61905,1047.619,0.09600830078125,-0.0447998046875,0.973388671875,2.190704345703125,-0.8074951171875,-0.291595458984375,1.0,2.0,1.0,4.0,4.0,95.0,event
11:26:22.990,1.043139,0.2551292,0.93043804,1.0186048,0.9007033,0.09280326,0.45979702,1.0620517,0.96199,0.1334126,0.41848785,0.6707001,0.8128262,0.11379126,-0.16463774,0.659461,0.32423326,-0.41838935,-0.59538,0.0020752505,777.6557,804.65204,939.6337,58.021976,664.43225,0.09600830078125,-0.0447998046875,0.973388671875,2.190704345703125,-0.8074951171875,-0.291595458984375,1.0,2.0,1.0,4.0,4.0,95.0,event
11:26:22.991,1.043139,0.2551292,0.93043804,1.0186048,0.9007033,0.09280326,0.45979702,1.0620517,0.96199,0.1334126,0.41848785,0.6707001,0.8128262,0.11379126,-0.16463774,0.659461,0.32423326,-0.41838935,-0.59538,0.0020752505,946.4835,803.44324,651.53845,105.970695,811.9048,0.09600830078125,-0.0447998046875,0.973388671875,2.190704345703125,-0.8074951171875,-0.291595458984375,1.0,2.0,1.0,4.0,4.0,95.0,event
11:26:22.992,1.043139,0.2551292,0.93043804,1.0186048,0.9007033,0.09280326,0.45979702,1.0620517,0.96199,0.1334126,0.41848785,0.6707001,0.8128262,0.11379126,-0.16463774,0.659461,0.32423326,-0.41838935,-0.59538,0.0020752505,1156.0073,811.0989,629.7802,119.2674,885.64105,0.09600830078125,-0.0447998046875,0.973388671875,2.190704345703125,-0.8074951171875,-0.291595458984375,1.0,2.0,1.0,4.0,4.0,95.0,event
11:26:22.993,1.043139,0.2551292,0.93043804,1.0186048,0.9007033,0.09280326,0.45979702,1.0620517,0.96199,0.1334126,0.41848785,0.6707001,0.8128262,0.11379126,-0.16463774,0.659461,0.32423326,-0.41838935,-0.59538,0.0020752505,1101.6117,809.0842,1066.1538,63.260075,687.3993,0.09600830078125,-0.0447998046875,0.973388671875,2.190704345703125,-0.8074951171875,-0.291595458984375,1.0,2.0,1.0,4.0,4.0,95.0,event
11:26:23.017,1.043139,0.2551292,0.93043804,1.0186048,0.9007033,0.09280326,0.45979702,1.0620517,0.96199,0.1334126,0.41848785,0.6707001,0.8128262,0.11379126,-0.16463774,0.659461,0.32423326,-0.41838935,-0.59538,0.0020752505,855.42126,803.44324,1039.9634,5.2380953,657.5824,0.10369873046875,-0.0374755859375,0.98931884765625,3.072967529296875,-3.22998046875,0.55328369140625,1.0,2.0,1.0,4.0,4.0,95.0,event
11:26:23.018,1.043139,0.2551292,0.93043804,1.0186048,0.9007033,0.09280326,0.45979702,1.0620517,0.96199,0.1334126,0.41848785,0.6707001,0.8128262,0.11379126,-0.16463774,0.659461,0.32423326,-0.41838935,-0.59538,0.0020752505,790.14655,809.0842,921.0989,0.0,714.7985,0.10369873046875,-0.0374755859375,0.98931884765625,3.072967529296875,-3.22998046875,0.55328369140625,1.0,2.0,1.0,4.0,4.0,95.0,event
11:26:23.021,,,,,,,,,,,,,,,,,,,,,,,,,,,,,,,,,,,,,,blink
11:26:23.023,1.043139,0.2551292,0.93043804,1.0186048,0.9007033,0.09280326,0.45979702,1.0620517,0.96199,0.1334126,0.41848785,0.6707001,0.8128262,0.11379126,-0.16463774,0.659461,0.32423326,-0.41838935,-0.59538,0.0020752505,948.0952,810.696,1136.6666,1.2087913,759.92676,0.10369873046875,-0.0374755859375,0.98931884765625,3.072967529296875,-3.22998046875,0.55328369140625,1.0,2.0,1.0,4.0,4.0,95.0,event
11:26:23.024,1.043139,0.2551292,0.93043804,1.0186048,0.9007033,0.09280326,0.45979702,1.0620517,0.96199,0.1334126,0.41848785,0.6707001,0.8128262,0.11379126,-0.16463774,0.659461,0.32423326,-0.41838935,-0.59538,0.0020752505,1154.3956,807.8755,1295.4213,0.0,733.73627,0.10369873046875,-0.0374755859375,0.98931884765625,3.072967529296875,-3.22998046875,0.55328369140625,1.0,2.0,1.0,4.0,4.0,95.0,event
11:26:23.025,1.043139,0.2551292,0.93043804,1.0186048,0.9007033,0.09280326,0.45979702,1.0620517,0.96199,0.1334126,0.41848785,0.6707001,0.8128262,0.11379126,-0.16463774,0.659461,0.32423326,-0.41838935,-0.59538,0.0020752505,1145.9341,807.8755,1151.1721,0.0,745.0183,0.10369873046875,-0.0374755859375,0.98931884765625,3.072967529296875,-3.22998046875,0.55328369140625,1.0,2.0,1.0,4.0,4.0,95.0,event
11:26:23.026,1.043139,0.2551292,0.93043804,1.0186048,0.9007033,0.09280326,0.45979702,1.0620517,0.96199,0.1334126,0.41848785,0.6707001,0.8128262,0.11379126,-0.16463774,0.659461,0.32423326,-0.41838935,-0.59538,0.0020752505,780.4762,808.68134,730.5128,0.0,826.4103,0.10369873046875,-0.0374755859375,0.98931884765625,3.072967529296875,-3.22998046875,0.55328369140625,1.0,2.0,1.0,4.0,4.0,95.0,event
11:26:23.026,1.043139,0.2551292,0.93043804,1.0186048,0.9007033,0.09280326,0.45979702,1.0620517,0.96199,0.1334126,0.41848785,0.6707001,0.8128262,0.11379126,-0.16463774,0.659461,0.32423326,-0.41838935,-0.59538,0.0020752505,898.93774,807.0696,810.696,0.0,866.30035,0.10369873046875,-0.0374755859375,0.98931884765625,3.072967529296875,-3.22998046875,0.55328369140625,1.0,2.0,1.0,4.0,4.0,95.0,event
11:26:23.027,1.043139,0.2551292,0.93043804,1.0186048,0.9007033,0.09280326,0.45979702,1.0620517,0.96199,0.1334126,0.41848785,0.6707001,0.8128262,0.11379126,-0.16463774,0.659461,0.32423326,-0.41838935,-0.59538,0.0020752505,917.8755,810.696,1094.359,0.0,783.69965,0.10369873046875,-0.0374755859375,0.98931884765625,3.072967529296875,-3.22998046875,0.55328369140625,1.0,2.0,1.0,4.0,4.0,95.0,event
11:26:23.028,1.043139,0.2551292,0.93043804,1.0186048,0.9007033,0.09280326,0.45979702,1.0620517,0.96199,0.1334126,0.41848785,0.6707001,0.8128262,0.11379126,-0.16463774,0.659461,0.32423326,-0.41838935,-0.59538,0.0020752505,1120.1465,807.0696,1219.6703,0.0,790.14655,0.10369873046875,-0.0374755859375,0.98931884765625,3.072967529296875,-3.22998046875,0.55328369140625,1.0,2.0,1.0,4.0,4.0,95.0,event
11:26:23.029,1.043139,0.2551292,0.93043804,1.0186048,0.9007033,0.09280326,0.45979702,1.0620517,0.96199,0.1334126,0.41848785,0.6707001,0.8128262,0.11379126,-0.16463774,0.659461,0.32423326,-0.41838935,-0.59538,0.0020752505,1104.8352,810.293,712.7839,0.0,879.59705,0.10369873046875,-0.0374755859375,0.98931884765625,3.072967529296875,-3.22998046875,0.55328369140625,1.0,2.0,1.0,4.0,4.0,95.0,event
11:26:23.030,1.043139,0.2551292,0.93043804,1.0186048,0.9007033,0.09280326,0.45979702,1.0620517,0.96199,0.1334126,0.41848785,0.6707001,0.8128262,0.11379126,-0.16463774,0.659461,0.32423326,-0.41838935,-0.59538,0.0020752505,892.0879,818.3516,702.71063,0.0,837.28937,0.10369873046875,-0.0374755859375,0.98931884765625,3.072967529296875,-3.22998046875,0.55328369140625,1.0,2.0,1.0,4.0,4.0,95.0,event
11:26:23.031,1.043139,0.2551292,0.93043804,1.0186048,0.9007033,0.09280326,0.45979702,1.0620517,0.96199,0.1334126,0.41848785,0.6707001,0.8128262,0.11379126,-0.16463774,0.659461,0.32423326,-0.41838935,-0.59538,0.0020752505,769.19415,815.9341,1011.3553,0.0,777.25275,0.10369873046875,-0.0374755859375,0.98931884765625,3.072967529296875,-3.22998046875,0.55328369140625,1.0,2.0,1.0,4.0,4.0,95.0,event
11:26:23.032,1.043139,0.2551292,0.93043804,1.0186048,0.9007033,0.09280326,0.45979702,1.0620517,0.96199,0.1334126,0.41848785,0.6707001,0.8128262,0.11379126,-0.16463774,0.659461,0.32423326,-0.41838935,-0.59538,0.0020752505,859.85345,809.0842,967.8388,0.0,853.00366,0.09747314453125,-0.0360107421875,0.96954345703125,2.691650390625,-1.383209228515625,1.30096435546875,1.0,2.0,1.0,4.0,4.0,95.0,event
11:26:23.033,1.043139,0.2551292,0.93043804,1.0186048,0.9007033,0.09280326,0.45979702,1.0620517,0.96199,0.1334126,0.41848785,0.6707001,0.8128262,0.11379126,-0.16463774,0.659461,0.32423326,-0.41838935,-0.59538,0.0020752505,1060.5128,813.1135,955.34796,0.0,846.55676,0.09747314453125,-0.0360107421875,0.96954345703125,2.691650390625,-1.383209228515625,1.30096435546875,1.0,2.0,1.0,4.0,4.0,95.0,event
11:26:23.033,1.043139,0.2551292,0.93043804,1.0186048,0.9007033,0.09280326,0.45979702,1.0620517,0.96199,0.1334126,0.41848785,0.6707001,0.8128262,0.11379126,-0.16463774,0.659461,0.32423326,-0.41838935,-0.59538,0.0020752505,1108.0586,817.9487,1154.7986,0.0,775.2381,0.09747314453125,-0.0360107421875,0.96954345703125,2.691650390625,-1.383209228515625,1.30096435546875,1.0,2.0,1.0,4.0,4.0,95.0,event
11:26:23.034,1.043139,0.2551292,0.93043804,1.0186048,0.9007033,0.09280326,0.45979702,1.0620517,0.96199,0.1334126,0.41848785,0.6707001,0.8128262,0.11379126,-0.16463774,0.659461,0.32423326,-0.41838935,-0.59538,0.0020752505,914.2491,815.5311,1133.0403,0.0,686.1905,0.09747314453125,-0.0360107421875,0.96954345703125,2.691650390625,-1.383209228515625,1.30096435546875,1.0,2.0,1.0,4.0,4.0,95.0,event
11:26:23.035,1.043139,0.2551292,0.93043804,1.0186048,0.9007033,0.09280326,0.45979702,1.0620517,0.96199,0.1334126,0.41848785,0.6707001,0.8128262,0.11379126,-0.16463774,0.659461,0.32423326,-0.41838935,-0.59538,0.0020752505,732.1245,813.1135,840.9158,0.0,778.86444,0.09747314453125,-0.0360107421875,0.96954345703125,2.691650390625,-1.383209228515625,1.30096435546875,1.0,2.0,1.0,4.0,4.0,95.0,event
11:26:23.036,1.043139,0.2551292,0.93043804,1.0186048,0.9007033,0.09280326,0.45979702,1.0620517,0.96199,0.1334126,0.41848785,0.6707001,0.8128262,0.11379126,-0.16463774,0.659461,0.32423326,-0.41838935,-0.59538,0.0020752505,778.46155,808.2784,653.95605,0.0,888.46155,0.09747314453125,-0.0360107421875,0.96954345703125,2.691650390625,-1.383209228515625,1.30096435546875,1.0,2.0,1.0,4.0,4.0,95.0,event
11:26:23.036,1.043139,0.2551292,0.93043804,1.0186048,0.9007033,0.09280326,0.45979702,1.0620517,0.96199,0.1334126,0.41848785,0.6707001,0.8128262,0.11379126,-0.16463774,0.659461,0.32423326,-0.41838935,-0.59538,0.0020752505,1013.36993,809.89014,853.8095,0.0,844.1392,0.09747314453125,-0.0360107421875,0.96954345703125,2.691650390625,-1.383209228515625,1.30096435546875,1.0,2.0,1.0,4.0,4.0,95.0,event
11:26:23.037,1.043139,0.2551292,0.93043804,1.0186048,0.9007033,0.09280326,0.45979702,1.0620517,0.96199,0.1334126,0.41848785,0.6707001,0.8128262,0.11379126,-0.16463774,0.659461,0.32423326,-0.41838935,-0.59538,0.0020752505,1133.8462,812.71063,1179.3773,0.0,790.14655,0.09747314453125,-0.0360107421875,0.96954345703125,2.691650390625,-1.383209228515625,1.30096435546875,1.0,2.0,1.0,4.0,4.0,95.0,event
11:26:23.038,1.043139,0.2551292,0.93043804,1.0186048,0.9007033,0.09280326,0.45979702,1.0620517,0.96199,0.1334126,0.41848785,0.6707001,0.8128262,0.11379126,-0.16463774,0.659461,0.32423326,-0.41838935,-0.59538,0.0020752505,927.9487,812.71063,815.9341,1.2087913,850.18317,0.09747314453125,-0.0360107421875,0.96954345703125,2.691650390625,-1.383209228515625,1.30096435546875,1.0,2.0,1.0,4.0,4.0,95.0,event
11:26:23.038,1.043139,0.2551292,0.93043804,1.0186048,0.9007033,0.09280326,0.45979702,1.0620517,0.96199,0.1334126,0.41848785,0.6707001,0.8128262,0.11379126,-0.16463774,0.659461,0.32423326,-0.41838935,-0.59538,0.0020752505,720.84247,815.12823,420.2564,0.8058608,963.00366,0.09747314453125,-0.0360107421875,0.96954345703125,2.691650390625,-1.383209228515625,1.30096435546875,1.0,2.0,1.0,4.0,4.0,95.0,event
11:26:23.039,1.043139,0.2551292,0.93043804,1.0186048,0.9007033,0.09280326,0.45979702,1.0620517,0.96199,0.1334126,0.41848785,0.6707001,0.8128262,0.11379126,-0.16463774,0.659461,0.32423326,-0.41838935,-0.59538,0.0020752505,788.93774,818.7546,1026.2638,0.4029304,759.12085,0.09747314453125,-0.0360107421875,0.96954345703125,2.691650390625,-1.383209228515625,1.30096435546875,1.0,2.0,1.0,4.0,4.0,95.0,event
11:26:23.040,1.043139,0.2551292,0.93043804,1.0186048,0.9007033,0.09280326,0.45979702,1.0620517,0.96199,0.1334126,0.41848785,0.6707001,0.8128262,0.11379126,-0.16463774,0.659461,0.32423326,-0.41838935,-0.59538,0.0020752505,990.40295,818.7546,1265.6044,76.95971,688.60803,0.09747314453125,-0.0360107421875,0.96954345703125,2.691650390625,-1.383209228515625,1.30096435546875,1.0,2.0,1.0,4.0,4.0,95.0,event
11:26:23.080,1.043139,0.2551292,0.93043804,1.0186048,0.9007033,0.09280326,0.45979702,1.0620517,0.96199,0.1334126,0.41848785,0.6707001,0.8128262,0.11379126,-0.16463774,0.659461,0.32423326,-0.41838935,-0.59538,0.0020752505,1102.8206,819.15753,1087.5092,172.45421,802.23444,0.09747314453125,-0.0360107421875,0.96954345703125,2.691650390625,-1.383209228515625,1.30096435546875,1.0,2.0,1.0,4.0,4.0,95.0,event
11:26:23.083,1.043139,0.2551292,0.93043804,1.0186048,0.9007033,0.09280326,0.45979702,1.0620517,0.96199,0.1334126,0.41848785,0.6707001,0.8128262,0.11379126,-0.16463774,0.659461,0.32423326,-0.41838935,-0.59538,0.0020752505,936.0073,819.15753,1014.57874,204.28572,792.5641,0.09747314453125,-0.0360107421875,0.96954345703125,2.691650390625,-1.383209228515625,1.30096435546875,1.0,2.0,1.0,4.0,4.0,95.0,event
11:26:23.087,1.043139,0.2551292,0.93043804,1.0186048,0.9007033,0.09280326,0.45979702,1.0620517,0.96199,0.1334126,0.41848785,0.6707001,0.8128262,0.11379126,-0.16463774,0.659461,0.32423326,-0.41838935,-0.59538,0.0020752505,729.304,820.3663,915.4579,233.69963,762.3443,0.09747314453125,-0.0360107421875,0.96954345703125,2.691650390625,-1.383209228515625,1.30096435546875,1.0,2.0,1.0,4.0,4.0,95.0,event
11:26:23.089,1.043139,0.2551292,0.93043804,1.0186048,0.9007033,0.09280326,0.45979702,1.0620517,0.96199,0.1334126,0.41848785,0.6707001,0.8128262,0.11379126,-0.16463774,0.659461,0.32423326,-0.41838935,-0.59538,0.0020752505,742.6007,818.7546,997.6557,262.30768,788.93774,0.09747314453125,-0.0360107421875,0.96954345703125,2.691650390625,-1.383209228515625,1.30096435546875,1.0,2.0,1.0,4.0,4.0,95.0,event
11:26:23.096,1.043139,0.2551292,0.93043804,1.0186048,0.9007033,0.09280326,0.45979702,1.0620517,0.96199,0.1334126,0.41848785,0.6707001,0.8128262,0.11379126,-0.16463774,0.659461,0.32423326,-0.41838935,-0.59538,0.0020752505,946.8865,817.9487,1023.44324,288.49817,883.6264,0.09747314453125,-0.0360107421875,0.96954345703125,2.691650390625,-1.383209228515625,1.30096435546875,1.0,2.0,1.0,4.0,4.0,95.0,event
11:26:23.098,1.043139,0.2551292,0.93043804,1.0186048,0.9007033,0.09280326,0.45979702,1.0620517,0.96199,0.1334126,0.41848785,0.6707001,0.8128262,0.11379126,-0.16463774,0.659461,0.32423326,-0.41838935,-0.59538,0.0020752505,1085.4945,818.7546,927.5458,325.56778,959.7802,0.09747314453125,-0.0360107421875,0.96954345703125,2.691650390625,-1.383209228515625,1.30096435546875,1.0,2.0,1.0,4.0,4.0,95.0,event
11:26:23.099,1.043139,0.2551292,0.93043804,1.0186048,0.9007033,0.09280326,0.45979702,1.0620517,0.96199,0.1334126,0.41848785,0.6707001,0.8128262,0.11379126,-0.16463774,0.659461,0.32423326,-0.41838935,-0.59538,0.0020752505,954.94507,819.9634,848.97437,298.57144,910.6227,0.09747314453125,-0.0360107421875,0.96954345703125,2.691650390625,-1.383209228515625,1.30096435546875,1.0,2.0,1.0,4.0,4.0,95.0,event
11:26:23.100,1.043139,0.2551292,0.93043804,1.0186048,0.9007033,0.09280326,0.45979702,1.0620517,0.96199,0.1334126,0.41848785,0.6707001,0.8128262,0.11379126,-0.16463774,0.659461,0.32423326,-0.41838935,-0.59538,0.0020752505,729.707,815.9341,866.7033,239.34065,767.1795,0.09747314453125,-0.0360107421875,0.96954345703125,2.691650390625,-1.383209228515625,1.30096435546875,1.0,2.0,1.0,4.0,4.0,95.0,event
11:26:23.101,1.043139,0.2551292,0.93043804,1.0186048,0.9007033,0.09280326,0.45979702,1.0620517,0.96199,0.1334126,0.41848785,0.6707001,0.8128262,0.11379126,-0.16463774,0.659461,0.32423326,-0.41838935,-0.59538,0.0020752505,701.50183,813.5165,584.2491,234.90843,889.67035,0.09747314453125,-0.0360107421875,0.96954345703125,2.691650390625,-1.383209228515625,1.30096435546875,1.0,2.0,1.0,4.0,4.0,95.0,event
11:26:23.102,1.043139,0.2551292,0.93043804,1.0186048,0.9007033,0.09280326,0.45979702,1.0620517,0.96199,0.1334126,0.41848785,0.6707001,0.8128262,0.11379126,-0.16463774,0.659461,0.32423326,-0.41838935,-0.59538,0.0020752505,918.2784,821.5751,712.7839,246.19048,904.57874,0.09747314453125,-0.0360107421875,0.96954345703125,2.691650390625,-1.383209228515625,1.30096435546875,1.0,2.0,1.0,4.0,4.0,95.0,event
11:26:23.102,1.043139,0.2551292,0.93043804,1.0186048,0.9007033,0.09280326,0.45979702,1.0620517,0.96199,0.1334126,0.41848785,0.6707001,0.8128262,0.11379126,-0.16463774,0.659461,0.32423326,-0.41838935,-0.59538,0.0020752505,1110.4762,824.3956,1295.4213,246.19048,748.6447,0.09747314453125,-0.0360107421875,0.96954345703125,2.691650390625,-1.383209228515625,1.30096435546875,1.0,2.0,1.0,4.0,4.0,95.0,event
11:26:23.103,1.043139,0.2551292,0.93043804,1.0186048,0.9007033,0.09280326,0.45979702,1.0620517,0.96199,0.1334126,0.41848785,0.6707001,0.8128262,0.11379126,-0.16463774,0.659461,0.32423326,-0.41838935,-0.59538,0.0020752505,992.4176,819.9634,1019.81683,218.38828,892.8938,0.09747314453125,-0.0360107421875,0.96954345703125,2.691650390625,-1.383209228515625,1.30096435546875,1.0,2.0,1.0,4.0,4.0,95.0,event
11:26:23.140,1.043139,0.2551292,0.93043804,1.0186048,0.9007033,0.09280326,0.45979702,1.0620517,0.96199,0.1334126,0.41848785,0.6707001,0.8128262,0.11379126,-0.16463774,0.659461,0.32423326,-0.41838935,-0.59538,0.0020752505,763.1502,819.9634,859.0476,204.28572,872.3443,0.09356689453125,-0.033935546875,0.9884033203125,2.79632568359375,-4.59075927734375,2.093505859375,1.0,2.0,1.0,4.0,4.0,95.0,event
11:26:23.142,1.043139,0.2551292,0.93043804,1.0186048,0.9007033,0.09280326,0.45979702,1.0620517,0.96199,0.1334126,0.41848785,0.6707001,0.8128262,0.11379126,-0.16463774,0.659461,0.32423326,-0.41838935,-0.59538,0.0020752505,711.5751,816.337,1131.8315,301.39194,721.6484,0.09356689453125,-0.033935546875,0.9884033203125,2.79632568359375,-4.59075927734375,2.093505859375,1.0,2.0,1.0,4.0,4.0,95.0,event
11:26:23.142,1.043139,0.2551292,0.93043804,1.0186048,0.9007033,0.09280326,0.45979702,1.0620517,0.96199,0.1334126,0.41848785,0.6707001,0.8128262,0.11379126,-0.16463774,0.659461,0.32423326,-0.41838935,-0.59538,0.0020752505,893.69965,811.0989,1293.8096,409.7802,750.65936,0.09356689453125,-0.033935546875,0.9884033203125,2.79632568359375,-4.59075927734375,2.093505859375,1.0,2.0,1.0,4.0,4.0,95.0,event
11:26:23.143,1.043139,0.2551292,0.93043804,1.0186048,0.9007033,0.09280326,0.45979702,1.0620517,0.96199,0.1334126,0.41848785,0.6707001,0.8128262,0.11379126,-0.16463774,0.659461,0.32423326,-0.41838935,-0.59538,0.0020752505,1075.4213,817.5458,1176.5568,481.90475,857.8388,0.09356689453125,-0.033935546875,0.9884033203125,2.79632568359375,-4.59075927734375,2.093505859375,1.0,2.0,1.0,4.0,4.0,95.0,event
11:26:23.144,1.043139,0.2551292,0.93043804,1.0186048,0.9007033,0.09280326,0.45979702,1.0620517,0.96199,0.1334126,0.41848785,0.6707001,0.8128262,0.11379126,-0.16463774,0.659461,0.32423326,-0.41838935,-0.59538,0.0020752505,982.74725,821.978,975.89746,518.1685,847.3626,0.09356689453125,-0.033935546875,0.9884033203125,2.79632568359375,-4.59075927734375,2.093505859375,1.0,2.0,1.0,4.0,4.0,95.0,event
11:26:23.144,1.043139,0.2551292,0.93043804,1.0186048,0.9007033,0.09280326,0.45979702,1.0620517,0.96199,0.1334126,0.41848785,0.6707001,0.8128262,0.11379126,-0.16463774,0.659461,0.32423326,-0.41838935,-0.59538,0.0020752505,752.674,821.978,873.95605,508.09525,828.022,0.09356689453125,-0.033935546875,0.9884033203125,2.79632568359375,-4.59075927734375,2.093505859375,1.0,2.0,1.0,4.0,4.0,95.0,event
11:26:23.145,1.043139,0.2551292,0.93043804,1.0186048,0.9007033,0.09280326,0.45979702,1.0620517,0.96199,0.1334126,0.41848785,0.6707001,0.8128262,0.11379126,-0.16463774,0.659461,0.32423326,-0.41838935,-0.59538,0.0020752505,684.57874,821.978,898.93774,515.34796,891.28204,0.09356689453125,-0.033935546875,0.9884033203125,2.79632568359375,-4.59075927734375,2.093505859375,1.0,2.0,1.0,4.0,4.0,95.0,event
11:26:23.146,1.043139,0.2551292,0.93043804,1.0186048,0.9007033,0.09280326,0.45979702,1.0620517,0.96199,0.1334126,0.41848785,0.6707001,0.8128262,0.11379126,-0.16463774,0.659461,0.32423326,-0.41838935,-0.59538,0.0020752505,1032.7106,818.3516,433.15018,622.9304,1126.1904,0.09356689453125,-0.033935546875,0.9884033203125,2.79632568359375,-4.59075927734375,2.093505859375,1.0,2.0,1.0,4.0,4.0,95.0,event
11:26:23.146,1.043139,0.2551292,0.93043804,1.0186048,0.9007033,0.09280326,0.45979702,1.0620517,0.96199,0.1334126,0.41848785,0.6707001,0.8128262,0.11379126,-0.16463774,0.659461,0.32423326,-0.41838935,-0.59538,0.0020752505,829.6337,816.7399,788.1319,552.8205,977.9121,0.09356689453125,-0.033935546875,0.9884033203125,2.79632568359375,-4.59075927734375,2.093505859375,1.0,2.0,1.0,4.0,4.0,95.0,event
11:26:23.147,1.043139,0.2551292,0.93043804,1.0186048,0.9007033,0.09280326,0.45979702,1.0620517,0.96199,0.1334126,0.41848785,0.6707001,0.8128262,0.11379126,-0.16463774,0.659461,0.32423326,-0.41838935,-0.59538,0.0020752505,1014.17584,820.3663,780.87915,654.7619,956.55676,0.09356689453125,-0.033935546875,0.9884033203125,2.79632568359375,-4.59075927734375,2.093505859375,1.0,2.0,1.0,4.0,4.0,95.0,event
11:26:23.148,1.043139,0.2551292,0.93043804,1.0186048,0.9007033,0.09280326,0.45979702,1.0620517,0.96199,0.1334126,0.41848785,0.6707001,0.8128262,0.11379126,-0.16463774,0.659461,0.32423326,-0.41838935,-0.59538,0.0020752505,787.326,819.9634,1116.9231,673.69965,741.39197,0.09356689453125,-0.033935546875,0.9884033203125,2.79632568359375,-4.59075927734375,2.093505859375,1.0,2.0,1.0,4.0,4.0,95.0,event
11:26:23.148,1.043139,0.2551292,0.93043804,1.0186048,0.9007033,0.09280326,0.45979702,1.0620517,0.96199,0.1334126,0.41848785,0.6707001,0.8128262,0.11379126,-0.16463774,0.659461,0.32423326,-0.41838935,-0.59538,0.0020752505,681.3553,819.15753,994.0293,726.8865,805.4579,0.09356689453125,-0.033935546875,0.9884033203125,2.79632568359375,-4.59075927734375,2.093505859375,1.0,2.0,1.0,4.0,4.0,95.0,event
11:26:23.175,1.043139,0.2551292,0.93043804,1.0186048,0.9007033,0.09280326,0.45979702,1.0620517,0.96199,0.1334126,0.41848785,0.6707001,0.8128262,0.11379126,-0.16463774,0.659461,0.32423326,-0.41838935,-0.59538,0.0020752505,803.44324,814.3223,1077.4359,766.77655,780.4762,0.0955810546875,-0.03717041015625,0.97662353515625,3.581390380859375,-5.084228515625,2.235565185546875,1.0,2.0,1.0,4.0,4.0,85.0,event
11:26:23.176,1.043139,0.2551292,0.93043804,1.0186048,0.9007033,0.09280326,0.45979702,1.0620517,0.96199,0.1334126,0.41848785,0.6707001,0.8128262,0.11379126,-0.16463774,0.659461,0.32423326,-0.41838935,-0.59538,0.0020752505,1037.1428,815.9341,1282.5275,767.5824,730.5128,0.0955810546875,-0.03717041015625,0.97662353515625,3.581390380859375,-5.084228515625,2.235565185546875,1.0,2.0,1.0,4.0,4.0,85.0,event
11:26:23.177,1.043139,0.2551292,0.93043804,1.0186048,0.9007033,0.09280326,0.45979702,1.0620517,0.96199,0.1334126,0.41848785,0.6707001,0.8128262,0.11379126,-0.16463774,0.659461,0.32423326,-0.41838935,-0.59538,0.0020752505,1047.2161,816.337,1166.0806,711.978,770.80585,0.0955810546875,-0.03717041015625,0.97662353515625,3.581390380859375,-5.084228515625,2.235565185546875,1.0,2.0,1.0,4.0,4.0,85.0,event
11:26:23.177,1.043139,0.2551292,0.93043804,1.0186048,0.9007033,0.09280326,0.45979702,1.0620517,0.96199,0.1334126,0.41848785,0.6707001,0.8128262,0.11379126,-0.16463774,0.659461,0.32423326,-0.41838935,-0.59538,0.0020752505,800.2198,816.7399,957.76556,648.71796,827.2161,0.0955810546875,-0.03717041015625,0.97662353515625,3.581390380859375,-5.084228515625,2.235565185546875,1.0,2.0,1.0,4.0,4.0,85.0,event
11:26:23.178,1.043139,0.2551292,0.93043804,1.0186048,0.9007033,0.09280326,0.45979702,1.0620517,0.96199,0.1334126,0.41848785,0.6707001,0.8128262,0.11379126,-0.16463774,0.659461,0.32423326,-0.41838935,-0.59538,0.0020752505,681.3553,821.5751,1004.10254,615.6777,763.1502,0.0955810546875,-0.03717041015625,0.97662353515625,3.581390380859375,-5.084228515625,2.235565185546875,1.0,2.0,1.0,4.0,4.0,85.0,event
11:26:23.179,1.043139,0.2551292,0.93043804,1.0186048,0.9007033,0.09280326,0.45979702,1.0620517,0.96199,0.1334126,0.41848785,0.6707001,0.8128262,0.11379126,-0.16463774,0.659461,0.32423326,-0.41838935,-0.59538,0.0020752505,773.6264,825.6044,941.6484,620.9158,770.80585,0.0955810546875,-0.03717041015625,0.97662353515625,3.581390380859375,-5.084228515625,2.235565185546875,1.0,2.0,1.0,4.0,4.0,85.0,event
11:26:23.184,1.043139,0.2551292,0.93043804,1.0186048,0.9007033,0.09280326,0.45979702,1.0620517,0.96199,0.1334126,0.41848785,0.6707001,0.8128262,0.11379126,-0.16463774,0.659461,0.32423326,-0.41838935,-0.59538,0.0020752505,980.7326,821.5751,961.79486,665.64105,913.0403,0.0955810546875,-0.03717041015625,0.97662353515625,3.581390380859375,-5.084228515625,2.235565185546875,1.0,2.0,1.0,4.0,4.0,85.0,event
11:26:23.185,1.043139,0.2551292,0.93043804,1.0186048,0.9007033,0.09280326,0.45979702,1.0620517,0.96199,0.1334126,0.41848785,0.6707001,0.8128262,0.11379126,-0.16463774,0.659461,0.32423326,-0.41838935,-0.59538,0.0020752505,1040.3663,823.1868,637.03296,630.18317,1060.1099,0.0955810546875,-0.03717041015625,0.97662353515625,3.581390380859375,-5.084228515625,2.235565185546875,1.0,2.0,1.0,4.0,4.0,85.0,event
11:26:23.186,1.043139,0.2551292,0.93043804,1.0186048,0.9007033,0.09280326,0.45979702,1.0620517,0.96199,0.1334126,0.41848785,0.6707001,0.8128262,0.11379126,-0.16463774,0.659461,0.32423326,-0.41838935,-0.59538,0.0020752505,813.91943,830.4396,456.11722,491.17215,1032.3077,0.0955810546875,-0.03717041015625,0.97662353515625,3.581390380859375,-5.084228515625,2.235565185546875,1.0,2.0,1.0,4.0,4.0,85.0,event
11:26:23.187,1.043139,0.2551292,0.93043804,1.0186048,0.9007033,0.09280326,0.45979702,1.0620517,0.96199,0.1334126,0.41848785,0.6707001,0.8128262,0.11379126,-0.16463774,0.659461,0.32423326,-0.41838935,-0.59538,0.0020752505,676.52014,825.2015,952.1245,416.63004,774.43225,0.0955810546875,-0.03717041015625,0.97662353515625,3.581390380859375,-5.084228515625,2.235565185546875,1.0,2.0,1.0,4.0,4.0,85.0,event
11:26:23.188,1.043139,0.2551292,0.93043804,1.0186048,0.9007033,0.09280326,0.45979702,1.0620517,0.96199,0.1334126,0.41848785,0.6707001,0.8128262,0.11379126,-0.16463774,0.659461,0.32423326,-0.41838935,-0.59538,0.0020752505,761.53845,821.978,1076.227,408.57144,767.1795,0.0955810546875,-0.03717041015625,0.97662353515625,3.581390380859375,-5.084228515625,2.235565185546875,1.0,2.0,1.0,4.0,4.0,85.0,event
11:26:23.188,1.043139,0.2551292,0.93043804,1.0186048,0.9007033,0.09280326,0.45979702,1.0620517,0.96199,0.1334126,0.41848785,0.6707001,0.8128262,0.11379126,-0.16463774,0.659461,0.32423326,-0.41838935,-0.59538,0.0020752505,960.58606,825.2015,886.4469,409.7802,931.978,0.0955810546875,-0.03717041015625,0.97662353515625,3.581390380859375,-5.084228515625,2.235565185546875,1.0,2.0,1.0,4.0,4.0,85.0,event
11:26:23.232,1.043139,0.2551292,0.93043804,1.0186048,0.9007033,0.09280326,0.45979702,1.0620517,0.96199,0.1334126,0.41848785,0.6707001,0.8128262,0.11379126,-0.16463774,0.659461,0.32423326,-0.41838935,-0.59538,0.0020752505,1060.1099,826.0073,1050.0366,442.82053,833.2601,0.10272216796875,-0.0318603515625,0.9833984375,3.24493408203125,-3.745880126953125,0.83740234375,1.0,2.0,1.0,4.0,4.0,85.0,event
11:26:23.234,1.043139,0.2551292,0.93043804,1.0186048,0.9007033,0.09280326,0.45979702,1.0620517,0.96199,0.1334126,0.41848785,0.6707001,0.8128262,0.11379126,-0.16463774,0.659461,0.32423326,-0.41838935,-0.59538,0.0020752505,880.80585,823.9927,1162.0513,429.92673,718.4249,0.10272216796875,-0.0318603515625,0.9833984375,3.24493408203125,-3.745880126953125,0.83740234375,1.0,2.0,1.0,4.0,4.0,85.0,event
11:26:23.236,1.043139,0.2551292,0.93043804,1.0186048,0.9007033,0.09280326,0.45979702,1.0620517,0.96199,0.1334126,0.41848785,0.6707001,0.8128262,0.11379126,-0.16463774,0.659461,0.32423326,-0.41838935,-0.59538,0.0020752505,714.3956,821.5751,951.7216,363.04028,726.4835,0.10272216796875,-0.0318603515625,0.9833984375,3.24493408203125,-3.745880126953125,0.83740234375,1.0,2.0,1.0,4.0,4.0,85.0,event
11:26:23.237,1.043139,0.2551292,0.93043804,1.0186048,0.9007033,0.09280326,0.45979702,1.0620517,0.96199,0.1334126,0.41848785,0.6707001,0.8128262,0.11379126,-0.16463774,0.659461,0.32423326,-0.41838935,-0.59538,0.0020752505,734.1392,821.5751,929.9634,306.2271,689.81683,0.10272216796875,-0.0318603515625,0.9833984375,3.24493408203125,-3.745880126953125,0.83740234375,1.0,2.0,1.0,4.0,4.0,85.0,event
11:26:23.239,1.043139,0.2551292,0.93043804,1.0186048,0.9007033,0.09280326,0.45979702,1.0620517,0.96199,0.1334126,0.41848785,0.6707001,0.8128262,0.11379126,-0.16463774,0.659461,0.32423326,-0.41838935,-0.59538,0.0020752505,921.9048,817.9487,1185.0183,193.4066,699.4872,0.10272216796875,-0.0318603515625,0.9833984375,3.24493408203125,-3.745880126953125,0.83740234375,1.0,2.0,1.0,4.0,4.0,85.0,event
11:26:23.241,1.043139,0.2551292,0.93043804,1.0186048,0.9007033,0.09280326,0.45979702,1.0620517,0.96199,0.1334126,0.41848785,0.6707001,0.8128262,0.11379126,-0.16463774,0.659461,0.32423326,-0.41838935,-0.59538,0.0020752505,1043.1868,815.12823,1060.5128,46.336998,792.1612,0.10272216796875,-0.0318603515625,0.9833984375,3.24493408203125,-3.745880126953125,0.83740234375,1.0,2.0,1.0,4.0,4.0,85.0,event
11:26:23.244,1.043139,0.2551292,0.93043804,1.0186048,0.9007033,0.09280326,0.45979702,1.0620517,0.96199,0.1334126,0.41848785,0.6707001,0.8128262,0.11379126,-0.16463774,0.659461,0.32423326,-0.41838935,-0.59538,0.0020752505,871.9414,816.337,642.27106,0.0,881.2088,0.10272216796875,-0.0318603515625,0.9833984375,3.24493408203125,-3.745880126953125,0.83740234375,1.0,2.0,1.0,4.0,4.0,85.0,event
11:26:23.246,1.043139,0.2551292,0.93043804,1.0186048,0.9007033,0.09280326,0.45979702,1.0620517,0.96199,0.1334126,0.41848785,0.6707001,0.8128262,0.11379126,-0.16463774,0.659461,0.32423326,-0.41838935,-0.59538,0.0020752505,671.28204,822.7839,712.381,2.8205128,815.12823,0.10272216796875,-0.0318603515625,0.9833984375,3.24493408203125,-3.745880126953125,0.83740234375,1.0,2.0,1.0,4.0,4.0,85.0,event
11:26:23.248,1.043139,0.2551292,0.93043804,1.0186048,0.9007033,0.09280326,0.45979702,1.0620517,0.96199,0.1334126,0.41848785,0.6707001,0.8128262,0.11379126,-0.16463774,0.659461,0.32423326,-0.41838935,-0.59538,0.0020752505,692.23444,820.3663,1096.3737,0.0,689.41394,0.10272216796875,-0.0318603515625,0.9833984375,3.24493408203125,-3.745880126953125,0.83740234375,1.0,2.0,1.0,4.0,4.0,85.0,event
11:26:23.249,1.043139,0.2551292,0.93043804,1.0186048,0.9007033,0.09280326,0.45979702,1.0620517,0.96199,0.1334126,0.41848785,0.6707001,0.8128262,0.11379126,-0.16463774,0.659461,0.32423326,-0.41838935,-0.59538,0.0020752505,920.293,817.9487,1307.5092,0.0,720.84247,0.10272216796875,-0.0318603515625,0.9833984375,3.24493408203125,-3.745880126953125,0.83740234375,1.0,2.0,1.0,4.0,4.0,85.0,event
11:26:23.251,1.043139,0.2551292,0.93043804,1.0186048,0.9007033,0.09280326,0.45979702,1.0620517,0.96199,0.1334126,0.41848785,0.6707001,0.8128262,0.11379126,-0.16463774,0.659461,0.32423326,-0.41838935,-0.59538,0.0020752505,1043.9927,826.8132,921.50183,0.0,902.1612,0.10272216796875,-0.0318603515625,0.9833984375,3.24493408203125,-3.745880126953125,0.83740234375,1.0,2.0,1.0,4.0,4.0,85.0,event
11:26:23.252,1.043139,0.2551292,0.93043804,1.0186048,0.9007033,0.09280326,0.45979702,1.0620517,0.96199,0.1334126,0.41848785,0.6707001,0.8128262,0.11379126,-0.16463774,0.659461,0.32423326,-0.41838935,-0.59538,0.0020752505,882.4176,829.6337,401.72162,0.0,1056.8865,0.10272216796875,-0.0318603515625,0.9833984375,3.24493408203125,-3.745880126953125,0.83740234375,1.0,2.0,1.0,4.0,4.0,85.0,event
11:26:23.291,1.043139,0.2551292,0.93043804,1.0186048,0.9007033,0.09280326,0.45979702,1.0620517,0.96199,0.1334126,0.41848785,0.6707001,0.8128262,0.11379126,-0.16463774,0.659461,0.32423326,-0.41838935,-0.59538,0.0020752505,697.47253,826.0073,789.7436,0.0,771.2088,0.09173583984375,-0.0340576171875,0.98004150390625,4.2169189453125,-3.850555419921875,0.40374755859375,1.0,2.0,1.0,4.0,4.0,85.0,event
11:26:23.292,1.043139,0.2551292,0.93043804,1.0186048,0.9007033,0.09280326,0.45979702,1.0620517,0.96199,0.1334126,0.41848785,0.6707001,0.8128262,0.11379126,-0.16463774,0.659461,0.32423326,-0.41838935,-0.59538,0.0020752505,676.52014,823.1868,1143.1135,0.0,668.86444,0.09173583984375,-0.0340576171875,0.98004150390625,4.2169189453125,-3.850555419921875,0.40374755859375,1.0,2.0,1.0,4.0,4.0,85.0,event
11:26:23.293,1.043139,0.2551292,0.93043804,1.0186048,0.9007033,0.09280326,0.45979702,1.0620517,0.96199,0.1334126,0.41848785,0.6707001,0.8128262,0.11379126,-0.16463774,0.659461,0.32423326,-0.41838935,-0.59538,0.0020752505,859.0476,819.15753,977.1062,0.0,848.97437,0.09173583984375,-0.0340576171875,0.98004150390625,4.2169189453125,-3.850555419921875,0.40374755859375,1.0,2.0,1.0,4.0,4.0,85.0,event
11:26:23.293,1.043139,0.2551292,0.93043804,1.0186048,0.9007033,0.09280326,0.45979702,1.0620517,0.96199,0.1334126,0.41848785,0.6707001,0.8128262,0.11379126,-0.16463774,0.659461,0.32423326,-0.41838935,-0.59538,0.0020752505,1030.2931,819.5604,1003.2967,0.0,869.12085,0.09173583984375,-0.0340576171875,0.98004150390625,4.2169189453125,-3.850555419921875,0.40374755859375,1.0,2.0,1.0,4.0,4.0,85.0,event
11:26:23.294,1.043139,0.2551292,0.93043804,1.0186048,0.9007033,0.09280326,0.45979702,1.0620517,0.96199,0.1334126,0.41848785,0.6707001,0.8128262,0.11379126,-0.16463774,0.659461,0.32423326,-0.41838935,-0.59538,0.0020752505,915.4579,823.5897,1117.7289,0.0,740.58606,0.09173583984375,-0.0340576171875,0.98004150390625,4.2169189453125,-3.850555419921875,0.40374755859375,1.0,2.0,1.0,4.0,4.0,85.0,event
11:26:23.295,1.043139,0.2551292,0.93043804,1.0186048,0.9007033,0.09280326,0.45979702,1.0620517,0.96199,0.1334126,0.41848785,0.6707001,0.8128262,0.11379126,-0.16463774,0.659461,0.32423326,-0.41838935,-0.59538,0.0020752505,694.65204,823.1868,907.3993,0.0,724.4689,0.09173583984375,-0.0340576171875,0.98004150390625,4.2169189453125,-3.850555419921875,0.40374755859375,1.0,2.0,1.0,4.0,4.0,85.0,event
11:26:23.296,1.043139,0.2551292,0.93043804,1.0186048,0.9007033,0.09280326,0.45979702,1.0620517,0.96199,0.1334126,0.41848785,0.6707001,0.8128262,0.11379126,-0.16463774,0.659461,0.32423326,-0.41838935,-0.59538,0.0020752505,655.56775,819.5604,510.91574,0.0,970.65936,0.09173583984375,-0.0340576171875,0.98004150390625,4.2169189453125,-3.850555419921875,0.40374755859375,1.0,2.0,1.0,4.0,4.0,85.0,event
11:26:23.296,1.043139,0.2551292,0.93043804,1.0186048,0.9007033,0.09280326,0.45979702,1.0620517,0.96199,0.1334126,0.41848785,0.6707001,0.8128262,0.11379126,-0.16463774,0.659461,0.32423326,-0.41838935,-0.59538,0.0020752505,846.1539,819.9634,762.74725,0.0,953.73627,0.09173583984375,-0.0340576171875,0.98004150390625,4.2169189453125,-3.850555419921875,0.40374755859375,1.0,2.0,1.0,4.0,4.0,85.0,event
11:26:23.300,1.043139,0.2551292,0.93043804,1.0186048,0.9007033,0.09280326,0.45979702,1.0620517,0.96199,0.1334126,0.41848785,0.6707001,0.8128262,0.11379126,-0.16463774,0.659461,0.32423326,-0.41838935,-0.59538,0.0020752505,1057.2894,821.978,1278.9011,0.0,734.5421,0.09173583984375,-0.0340576171875,0.98004150390625,4.2169189453125,-3.850555419921875,0.40374755859375,1.0,2.0,1.0,4.0,4.0,85.0,event
11:26:23.301,1.043139,0.2551292,0.93043804,1.0186048,0.9007033,0.09280326,0.45979702,1.0620517,0.96199,0.1334126,0.41848785,0.6707001,0.8128262,0.11379126,-0.16463774,0.659461,0.32423326,-0.41838935,-0.59538,0.0020752505,988.7912,821.1722,1029.8901,0.0,754.2857,0.09173583984375,-0.0340576171875,0.98004150390625,4.2169189453125,-3.850555419921875,0.40374755859375,1.0,2.0,1.0,4.0,4.0,85.0,event
11:26:23.302,1.043139,0.2551292,0.93043804,1.0186048,0.9007033,0.09280326,0.45979702,1.0620517,0.96199,0.1334126,0.41848785,0.6707001,0.8128262,0.11379126,-0.16463774,0.659461,0.32423326,-0.41838935,-0.59538,0.0020752505,723.663,820.3663,863.47986,0.0,816.7399,0.09173583984375,-0.0340576171875,0.98004150390625,4.2169189453125,-3.850555419921875,0.40374755859375,1.0,2.0,1.0,4.0,4.0,85.0,event
11:26:23.303,1.043139,0.2551292,0.93043804,1.0186048,0.9007033,0.09280326,0.45979702,1.0620517,0.96199,0.1334126,0.41848785,0.6707001,0.8128262,0.11379126,-0.16463774,0.659461,0.32423326,-0.41838935,-0.59538,0.0020752505,652.74725,818.3516,1068.1685,0.0,751.4652,0.09173583984375,-0.0340576171875,0.98004150390625,4.2169189453125,-3.850555419921875,0.40374755859375,1.0,2.0,1.0,4.0,4.0,85.0,event
11:26:23.347,1.043139,0.2551292,0.93043804,1.0186048,0.9007033,0.09280326,0.45979702,1.0620517,0.96199,0.1334126,0.41848785,0.6707001,0.8128262,0.11379126,-0.16463774,0.659461,0.32423326,-0.41838935,-0.59538,0.0020752505,834.87177,815.5311,1209.1941,0.0,695.05493,0.09173583984375,-0.0340576171875,0.98004150390625,4.2169189453125,-3.850555419921875,0.40374755859375,1.0,2.0,1.0,4.0,4.0,85.0,event
11:26:23.350,1.043139,0.2551292,0.93043804,1.0186048,0.9007033,0.09280326,0.45979702,1.0620517,0.96199,0.1334126,0.41848785,0.6707001,0.8128262,0.11379126,-0.16463774,0.659461,0.32423326,-0.41838935,-0.59538,0.0020752505,1029.4872,807.47253,1123.773,0.0,802.6374,0.09173583984375,-0.0340576171875,0.98004150390625,4.2169189453125,-3.850555419921875,0.40374755859375,1.0,2.0,1.0,4.0,4.0,85.0,event
11:26:23.352,1.043139,0.2551292,0.93043804,1.0186048,0.9007033,0.09280326,0.45979702,1.0620517,0.96199,0.1334126,0.41848785,0.6707001,0.8128262,0.11379126,-0.16463774,0.659461,0.32423326,-0.41838935,-0.59538,0.0020752505,991.2088,805.8608,848.97437,0.0,863.8828,0.09173583984375,-0.0340576171875,0.98004150390625,4.2169189453125,-3.850555419921875,0.40374755859375,1.0,2.0,1.0,4.0,4.0,85.0,event
11:26:23.354,1.043139,0.2551292,0.93043804,1.0186048,0.9007033,0.09280326,0.45979702,1.0620517,0.96199,0.1334126,0.41848785,0.6707001,0.8128262,0.11379126,-0.16463774,0.659461,0.32423326,-0.41838935,-0.59538,0.0020752505,762.74725,814.3223,825.2015,0.0,796.99634,0.09173583984375,-0.0340576171875,0.98004150390625,4.2169189453125,-3.850555419921875,0.40374755859375,1.0,2.0,1.0,4.0,4.0,85.0,event
11:26:23.356,1.043139,0.2551292,0.93043804,1.0186048,0.9007033,0.09280326,0.45979702,1.0620517,0.96199,0.1334126,0.41848785,0.6707001,0.8128262,0.11379126,-0.16463774,0.659461,0.32423326,-0.41838935,-0.59538,0.0020752505,663.22345,812.3077,1058.9011,0.0,703.1135,0.09173583984375,-0.0340576171875,0.98004150390625,4.2169189453125,-3.850555419921875,0.40374755859375,1.0,2.0,1.0,4.0,4.0,85.0,event
11:26:23.357,1.043139,0.2551292,0.93043804,1.0186048,0.9007033,0.09280326,0.45979702,1.0620517,0.96199,0.1334126,0.41848785,0.6707001,0.8128262,0.11379126,-0.16463774,0.659461,0.32423326,-0.41838935,-0.59538,0.0020752505,794.9817,808.68134,861.4652,0.0,826.8132,0.09173583984375,-0.0340576171875,0.98004150390625,4.2169189453125,-3.850555419921875,0.40374755859375,1.0,2.0,1.0,4.0,4.0,85.0,event
11:26:23.359,1.043139,0.2551292,0.93043804,1.0186048,0.9007033,0.09280326,0.45979702,1.0620517,0.96199,0.1334126,0.41848785,0.6707001,0.8128262,0.11379126,-0.16463774,0.659461,0.32423326,-0.41838935,-0.59538,0.0020752505,985.56775,810.696,325.16483,0.0,1096.3737,0.09173583984375,-0.0340576171875,0.98004150390625,4.2169189453125,-3.850555419921875,0.40374755859375,1.0,2.0,1.0,4.0,4.0,85.0,event
11:26:23.361,1.043139,0.2551292,0.93043804,1.0186048,0.9007033,0.09280326,0.45979702,1.0620517,0.96199,0.1334126,0.41848785,0.6707001,0.8128262,0.11379126,-0.16463774,0.659461,0.32423326,-0.41838935,-0.59538,0.0020752505,1007.326,809.0842,553.22345,0.0,848.1685,0.09173583984375,-0.0340576171875,0.98004150390625,4.2169189453125,-3.850555419921875,0.40374755859375,1.0,2.0,1.0,4.0,4.0,85.0,event
11:26:23.364,1.043139,0.2551292,0.93043804,1.0186048,0.9007033,0.09280326,0.45979702,1.0620517,0.96199,0.1334126,0.41848785,0.6707001,0.8128262,0.11379126,-0.16463774,0.659461,0.32423326,-0.41838935,-0.59538,0.0020752505,817.5458,809.0842,1014.17584,0.0,606.4103,0.09173583984375,-0.0340576171875,0.98004150390625,4.2169189453125,-3.850555419921875,0.40374755859375,1.0,2.0,1.0,4.0,4.0,85.0,event
11:26:23.365,1.043139,0.2551292,0.93043804,1.0186048,0.9007033,0.09280326,0.45979702,1.0620517,0.96199,0.1334126,0.41848785,0.6707001,0.8128262,0.11379126,-0.16463774,0.659461,0.32423326,-0.41838935,-0.59538,0.0020752505,656.3736,812.3077,791.3553,0.0,778.46155,0.09173583984375,-0.0340576171875,0.98004150390625,4.2169189453125,-3.850555419921875,0.40374755859375,1.0,2.0,1.0,4.0,4.0,85.0,event
11:26:23.367,1.043139,0.2551292,0.93043804,1.0186048,0.9007033,0.09280326,0.45979702,1.0620517,0.96199,0.1334126,0.41848785,0.6707001,0.8128262,0.11379126,-0.16463774,0.659461,0.32423326,-0.41838935,-0.59538,0.0020752505,740.989,812.3077,811.9048,0.0,787.326,0.09173583984375,-0.0340576171875,0.98004150390625,4.2169189453125,-3.850555419921875,0.40374755859375,1.0,2.0,1.0,4.0,4.0,85.0,event
11:26:23.369,1.043139,0.2551292,0.93043804,1.0186048,0.9007033,0.09280326,0.45979702,1.0620517,0.96199,0.1334126,0.41848785,0.6707001,0.8128262,0.11379126,-0.16463774,0.659461,0.32423326,-0.41838935,-0.59538,0.0020752505,969.45056,810.293,1211.2087,0.0,711.978,0.09173583984375,-0.0340576171875,0.98004150390625,4.2169189453125,-3.850555419921875,0.40374755859375,1.0,2.0,1.0,4.0,4.0,85.0,event
11:26:23.414,1.043139,0.2551292,0.93043804,1.0186048,0.9007033,0.09280326,0.45979702,1.0620517,0.96199,0.1334126,0.41848785,0.6707001,0.8128262,0.11379126,-0.16463774,0.659461,0.32423326,-0.41838935,-0.59538,0.0020752505,1013.36993,810.696,1111.2821,0.0,709.5604,0.11016845703125,-0.02557373046875,0.9764404296875,3.0804443359375,-3.72344970703125,0.381317138671875,1.0,2.0,1.0,4.0,4.0,85.0,event
11:26:23.416,1.043139,0.2551292,0.93043804,1.0186048,0.9007033,0.09280326,0.45979702,1.0620517,0.96199,0.1334126,0.41848785,0.6707001,0.8128262,0.11379126,-0.16463774,0.659461,0.32423326,-0.41838935,-0.59538,0.0020752505,818.3516,813.5165,881.6117,0.0,711.978,0.11016845703125,-0.02557373046875,0.9764404296875,3.0804443359375,-3.72344970703125,0.381317138671875,1.0,2.0,1.0,4.0,4.0,85.0,event
11:26:23.417,1.043139,0.2551292,0.93043804,1.0186048,0.9007033,0.09280326,0.45979702,1.0620517,0.96199,0.1334126,0.41848785,0.6707001,0.8128262,0.11379126,-0.16463774,0.659461,0.32423326,-0.41838935,-0.59538,0.0020752505,671.28204,817.1429,919.0842,0.0,694.2491,0.11016845703125,-0.02557373046875,0.9764404296875,3.0804443359375,-3.72344970703125,0.381317138671875,1.0,2.0,1.0,4.0,4.0,85.0,event
11:26:23.419,1.043139,0.2551292,0.93043804,1.0186048,0.9007033,0.09280326,0.45979702,1.0620517,0.96199,0.1334126,0.41848785,0.6707001,0.8128262,0.11379126,-0.16463774,0.659461,0.32423326,-0.41838935,-0.59538,0.0020752505,722.8571,817.9487,1100.8059,0.0,651.53845,0.11016845703125,-0.02557373046875,0.9764404296875,3.0804443359375,-3.72344970703125,0.381317138671875,1.0,2.0,1.0,4.0,4.0,85.0,event
11:26:23.420,1.043139,0.2551292,0.93043804,1.0186048,0.9007033,0.09280326,0.45979702,1.0620517,0.96199,0.1334126,0.41848785,0.6707001,0.8128262,0.11379126,-0.16463774,0.659461,0.32423326,-0.41838935,-0.59538,0.0020752505,942.0513,819.9634,1128.2051,0.0,749.45056,0.11016845703125,-0.02557373046875,0.9764404296875,3.0804443359375,-3.72344970703125,0.381317138671875,1.0,2.0,1.0,4.0,4.0,85.0,event
11:26:23.421,1.043139,0.2551292,0.93043804,1.0186048,0.9007033,0.09280326,0.45979702,1.0620517,0.96199,0.1334126,0.41848785,0.6707001,0.8128262,0.11379126,-0.16463774,0.659461,0.32423326,-0.41838935,-0.59538,0.0020752505,1014.9817,817.9487,873.95605,0.0,832.4542,0.11016845703125,-0.02557373046875,0.9764404296875,3.0804443359375,-3.72344970703125,0.381317138671875,1.0,2.0,1.0,4.0,4.0,85.0,event
11:26:23.422,1.043139,0.2551292,0.93043804,1.0186048,0.9007033,0.09280326,0.45979702,1.0620517,0.96199,0.1334126,0.41848785,0.6707001,0.8128262,0.11379126,-0.16463774,0.659461,0.32423326,-0.41838935,-0.59538,0.0020752505,817.5458,816.7399,711.978,0.0,856.63007,0.11016845703125,-0.02557373046875,0.9764404296875,3.0804443359375,-3.72344970703125,0.381317138671875,1.0,2.0,1.0,4.0,4.0,85.0,event
11:26:23.423,1.043139,0.2551292,0.93043804,1.0186048,0.9007033,0.09280326,0.45979702,1.0620517,0.96199,0.1334126,0.41848785,0.6707001,0.8128262,0.11379126,-0.16463774,0.659461,0.32423326,-0.41838935,-0.59538,0.0020752505,647.9121,817.5458,771.2088,0.0,836.4835,0.11016845703125,-0.02557373046875,0.9764404296875,3.0804443359375,-3.72344970703125,0.381317138671875,1.0,2.0,1.0,4.0,4.0,85.0,event
11:26:23.424,1.043139,0.2551292,0.93043804,1.0186048,0.9007033,0.09280326,0.45979702,1.0620517,0.96199,0.1334126,0.41848785,0.6707001,0.8128262,0.11379126,-0.16463774,0.659461,0.32423326,-0.41838935,-0.59538,0.0020752505,720.84247,815.5311,890.87915,0.0,773.6264,0.11016845703125,-0.02557373046875,0.9764404296875,3.0804443359375,-3.72344970703125,0.381317138671875,1.0,2.0,1.0,4.0,4.0,85.0,event
11:26:23.425,1.043139,0.2551292,0.93043804,1.0186048,0.9007033,0.09280326,0.45979702,1.0620517,0.96199,0.1334126,0.41848785,0.6707001,0.8128262,0.11379126,-0.16463774,0.659461,0.32423326,-0.41838935,-0.59538,0.0020752505,956.9597,817.5458,897.72894,0.0,816.337,0.11016845703125,-0.02557373046875,0.9764404296875,3.0804443359375,-3.72344970703125,0.381317138671875,1.0,2.0,1.0,4.0,4.0,85.0,event
11:26:23.430,1.043139,0.2551292,0.93043804,1.0186048,0.9007033,0.09280326,0.45979702,1.0620517,0.96199,0.1334126,0.41848785,0.6707001,0.8128262,0.11379126,-0.16463774,0.659461,0.32423326,-0.41838935,-0.59538,0.0020752505,1048.4249,822.7839,983.95605,0.0,783.69965,0.11016845703125,-0.02557373046875,0.9764404296875,3.0804443359375,-3.72344970703125,0.381317138671875,1.0,2.0,1.0,4.0,4.0,85.0,event
11:26:23.431,1.043139,0.2551292,0.93043804,1.0186048,0.9007033,0.09280326,0.45979702,1.0620517,0.96199,0.1334126,0.41848785,0.6707001,0.8128262,0.11379126,-0.16463774,0.659461,0.32423326,-0.41838935,-0.59538,0.0020752505,853.4066,823.5897,1089.9268,0.0,749.85345,0.11016845703125,-0.02557373046875,0.9764404296875,3.0804443359375,-3.72344970703125,0.381317138671875,1.0,2.0,1.0,4.0,4.0,85.0,event
11:26:23.432,1.043139,0.2551292,0.93043804,1.0186048,0.9007033,0.09280326,0.45979702,1.0620517,0.96199,0.1334126,0.41848785,0.6707001,0.8128262,0.11379126,-0.16463774,0.659461,0.32423326,-0.41838935,-0.59538,0.0020752505,661.6117,819.15753,967.03296,0.0,757.9121,0.09552001953125,-0.01812744140625,0.9884033203125,2.6019287109375,-2.85614013671875,1.143951416015625,1.0,2.0,1.0,4.0,4.0,85.0,event
11:26:23.433,1.043139,0.2551292,0.93043804,1.0186048,0.9007033,0.09280326,0.45979702,1.0620517,0.96199,0.1334126,0.41848785,0.6707001,0.8128262,0.11379126,-0.16463774,0.659461,0.32423326,-0.41838935,-0.59538,0.0020752505,686.5934,819.9634,356.1905,0.0,974.2857,0.09552001953125,-0.01812744140625,0.9884033203125,2.6019287109375,-2.85614013671875,1.143951416015625,1.0,2.0,1.0,4.0,4.0,85.0,event
11:26:23.434,1.043139,0.2551292,0.93043804,1.0186048,0.9007033,0.09280326,0.45979702,1.0620517,0.96199,0.1334126,0.41848785,0.6707001,0.8128262,0.11379126,-0.16463774,0.659461,0.32423326,-0.41838935,-0.59538,0.0020752505,885.2381,826.4103,462.16116,0.0,931.978,0.09552001953125,-0.01812744140625,0.9884033203125,2.6019287109375,-2.85614013671875,1.143951416015625,1.0,2.0,1.0,4.0,4.0,85.0,event
11:26:23.434,1.043139,0.2551292,0.93043804,1.0186048,0.9007033,0.09280326,0.45979702,1.0620517,0.96199,0.1334126,0.41848785,0.6707001,0.8128262,0.11379126,-0.16463774,0.659461,0.32423326,-0.41838935,-0.59538,0.0020752505,1014.17584,826.4103,1093.5531,0.0,684.17584,0.09552001953125,-0.01812744140625,0.9884033203125,2.6019287109375,-2.85614013671875,1.143951416015625,1.0,2.0,1.0,4.0,4.0,85.0,event
11:26:23.435,1.043139,0.2551292,0.93043804,1.0186048,0.9007033,0.09280326,0.45979702,1.0620517,0.96199,0.1334126,0.41848785,0.6707001,0.8128262,0.11379126,-0.16463774,0.659461,0.32423326,-0.41838935,-0.59538,0.0020752505,872.3443,821.5751,874.7619,0.0,709.5604,0.09552001953125,-0.01812744140625,0.9884033203125,2.6019287109375,-2.85614013671875,1.143951416015625,1.0,2.0,1.0,4.0,4.0,85.0,event
11:26:23.436,1.043139,0.2551292,0.93043804,1.0186048,0.9007033,0.09280326,0.45979702,1.0620517,0.96199,0.1334126,0.41848785,0.6707001,0.8128262,0.11379126,-0.16463774,0.659461,0.32423326,-0.41838935,-0.59538,0.0020752505,652.74725,818.3516,636.2271,0.0,796.1905,0.09552001953125,-0.01812744140625,0.9884033203125,2.6019287109375,-2.85614013671875,1.143951416015625,1.0,2.0,1.0,4.0,4.0,85.0,event
11:26:23.437,1.043139,0.2551292,0.93043804,1.0186048,0.9007033,0.09280326,0.45979702,1.0620517,0.96199,0.1334126,0.41848785,0.6707001,0.8128262,0.11379126,-0.16463774,0.659461,0.32423326,-0.41838935,-0.59538,0.0020752505,665.64105,820.3663,774.43225,0.0,856.63007,0.09552001953125,-0.01812744140625,0.9884033203125,2.6019287109375,-2.85614013671875,1.143951416015625,1.0,2.0,1.0,4.0,4.0,85.0,event
11:26:23.438,1.043139,0.2551292,0.93043804,1.0186048,0.9007033,0.09280326,0.45979702,1.0620517,0.96199,0.1334126,0.41848785,0.6707001,0.8128262,0.11379126,-0.16463774,0.659461,0.32423326,-0.41838935,-0.59538,0.0020752505,884.0293,819.5604,1121.3553,0.0,781.28204,0.09552001953125,-0.01812744140625,0.9884033203125,2.6019287109375,-2.85614013671875,1.143951416015625,1.0,2.0,1.0,4.0,4.0,85.0,event
11:26:23.439,1.043139,0.2551292,0.93043804,1.0186048,0.9007033,0.09280326,0.45979702,1.0620517,0.96199,0.1334126,0.41848785,0.6707001,0.8128262,0.11379126,-0.16463774,0.659461,0.32423326,-0.41838935,-0.59538,0.0020752505,1009.7436,812.71063,924.7253,0.0,890.07324,0.09552001953125,-0.01812744140625,0.9884033203125,2.6019287109375,-2.85614013671875,1.143951416015625,1.0,2.0,1.0,4.0,4.0,85.0,event
11:26:23.440,1.043139,0.2551292,0.93043804,1.0186048,0.9007033,0.09280326,0.45979702,1.0620517,0.96199,0.1334126,0.41848785,0.6707001,0.8128262,0.11379126,-0.16463774,0.659461,0.32423326,-0.41838935,-0.59538,0.0020752505,882.01465,812.3077,272.78387,0.0,1129.8169,0.09552001953125,-0.01812744140625,0.9884033203125,2.6019287109375,-2.85614013671875,1.143951416015625,1.0,2.0,1.0,4.0,4.0,85.0,event
11:26:23.441,1.043139,0.2551292,0.93043804,1.0186048,0.9007033,0.09280326,0.45979702,1.0620517,0.96199,0.1334126,0.41848785,0.6707001,0.8128262,0.11379126,-0.16463774,0.659461,0.32423326,-0.41838935,-0.59538,0.0020752505,668.0586,817.5458,679.7436,0.0,891.28204,0.09552001953125,-0.01812744140625,0.9884033203125,2.6019287109375,-2.85614013671875,1.143951416015625,1.0,2.0,1.0,4.0,4.0,85.0,event
11:26:23.446,1.043139,0.2551292,0.93043804,1.0186048,0.9007033,0.09280326,0.45979702,1.0620517,0.96199,0.1334126,0.41848785,0.6707001,0.8128262,0.11379126,-0.16463774,0.659461,0.32423326,-0.41838935,-0.59538,0.0020752505,651.9414,811.9048,1157.2161,0.0,722.8571,0.09552001953125,-0.01812744140625,0.9884033203125,2.6019287109375,-2.85614013671875,1.143951416015625,1.0,2.0,1.0,4.0,4.0,85.0,event
11:26:23.469,1.043139,0.2551292,0.93043804,1.0186048,0.9007033,0.09280326,0.45979702,1.0620517,0.96199,0.1334126,0.41848785,0.6707001,0.8128262,0.11379126,-0.16463774,0.659461,0.32423326,-0.41838935,-0.59538,0.0020752505,856.63007,815.12823,1108.8645,0.0,836.08057,0.09686279296875,-0.025390625,0.99078369140625,2.1533203125,-2.863616943359375,0.665435791015625,1.0,2.0,1.0,4.0,4.0,85.0,event
11:26:23.470,1.043139,0.2551292,0.93043804,1.0186048,0.9007033,0.09280326,0.45979702,1.0620517,0.96199,0.1334126,0.41848785,0.6707001,0.8128262,0.11379126,-0.16463774,0.659461,0.32423326,-0.41838935,-0.59538,0.0020752505,1021.8315,819.5604,1164.0659,8.058608,875.16486,0.09686279296875,-0.025390625,0.99078369140625,2.1533203125,-2.863616943359375,0.665435791015625,1.0,2.0,1.0,4.0,4.0,85.0,event
11:26:23.471,1.043139,0.2551292,0.93043804,1.0186048,0.9007033,0.09280326,0.45979702,1.0620517,0.96199,0.1334126,0.41848785,0.6707001,0.8128262,0.11379126,-0.16463774,0.659461,0.32423326,-0.41838935,-0.59538,0.0020752505,919.0842,813.1135,1170.1099,11.684981,770.40295,0.09686279296875,-0.025390625,0.99078369140625,2.1533203125,-2.863616943359375,0.665435791015625,1.0,2.0,1.0,4.0,4.0,85.0,event
11:26:23.475,1.043139,0.2551292,0.93043804,1.0186048,0.9007033,0.09280326,0.45979702,1.0620517,0.96199,0.1334126,0.41848785,0.6707001,0.8128262,0.11379126,-0.16463774,0.659461,0.32423326,-0.41838935,-0.59538,0.0020752505,697.47253,812.71063,1051.6483,28.608059,750.2564,0.09686279296875,-0.025390625,0.99078369140625,2.1533203125,-2.863616943359375,0.665435791015625,1.0,2.0,1.0,4.0,4.0,85.0,event
11:26:23.476,1.043139,0.2551292,0.93043804,1.0186048,0.9007033,0.09280326,0.45979702,1.0620517,0.96199,0.1334126,0.41848785,0.6707001,0.8128262,0.11379126,-0.16463774,0.659461,0.32423326,-0.41838935,-0.59538,0.0020752505,646.7033,814.7253,950.5128,74.54212,803.44324,0.09686279296875,-0.025390625,0.99078369140625,2.1533203125,-2.863616943359375,0.665435791015625,1.0,2.0,1.0,4.0,4.0,85.0,event
11:26:23.477,1.043139,0.2551292,0.93043804,1.0186048,0.9007033,0.09280326,0.45979702,1.0620517,0.96199,0.1334126,0.41848785,0.6707001,0.8128262,0.11379126,-0.16463774,0.659461,0.32423326,-0.41838935,-0.59538,0.0020752505,798.60803,816.337,906.1905,147.0696,819.15753,0.09686279296875,-0.025390625,0.99078369140625,2.1533203125,-2.863616943359375,0.665435791015625,1.0,2.0,1.0,4.0,4.0,85.0,event
11:26:23.478,1.043139,0.2551292,0.93043804,1.0186048,0.9007033,0.09280326,0.45979702,1.0620517,0.96199,0.1334126,0.41848785,0.6707001,0.8128262,0.11379126,-0.16463774,0.659461,0.32423326,-0.41838935,-0.59538,0.0020752505,974.68866,817.1429,898.5348,246.19048,873.95605,0.09686279296875,-0.025390625,0.99078369140625,2.1533203125,-2.863616943359375,0.665435791015625,1.0,2.0,1.0,4.0,4.0,85.0,event
11:26:23.480,1.043139,0.2551292,0.93043804,1.0186048,0.9007033,0.09280326,0.45979702,1.0620517,0.96199,0.1334126,0.41848785,0.6707001,0.8128262,0.11379126,-0.16463774,0.659461,0.32423326,-0.41838935,-0.59538,0.0020752505,937.2161,813.91943,994.43225,332.41757,836.08057,0.09686279296875,-0.025390625,0.99078369140625,2.1533203125,-2.863616943359375,0.665435791015625,1.0,2.0,1.0,4.0,4.0,85.0,event
11:26:23.481,1.043139,0.2551292,0.93043804,1.0186048,0.9007033,0.09280326,0.45979702,1.0620517,0.96199,0.1334126,0.41848785,0.6707001,0.8128262,0.11379126,-0.16463774,0.659461,0.32423326,-0.41838935,-0.59538,0.0020752505,699.0842,809.0842,510.1099,406.95972,959.7802,0.09686279296875,-0.025390625,0.99078369140625,2.1533203125,-2.863616943359375,0.665435791015625,1.0,2.0,1.0,4.0,4.0,85.0,event
11:26:23.482,1.043139,0.2551292,0.93043804,1.0186048,0.9007033,0.09280326,0.45979702,1.0620517,0.96199,0.1334126,0.41848785,0.6707001,0.8128262,0.11379126,-0.16463774,0.659461,0.32423326,-0.41838935,-0.59538,0.0020752505,621.7216,813.91943,503.663,512.52747,921.0989,0.09686279296875,-0.025390625,0.99078369140625,2.1533203125,-2.863616943359375,0.665435791015625,1.0,2.0,1.0,4.0,4.0,85.0,event
11:26:23.484,1.043139,0.2551292,0.93043804,1.0186048,0.9007033,0.09280326,0.45979702,1.0620517,0.96199,0.1334126,0.41848785,0.6707001,0.8128262,0.11379126,-0.16463774,0.659461,0.32423326,-0.41838935,-0.59538,0.0020752505,966.2271,815.12823,1081.0623,448.86447,810.696,0.09686279296875,-0.025390625,0.99078369140625,2.1533203125,-2.863616943359375,0.665435791015625,1.0,2.0,1.0,4.0,4.0,85.0,event
11:26:23.484,1.043139,0.2551292,0.93043804,1.0186048,0.9007033,0.09280326,0.45979702,1.0620517,0.96199,0.1334126,0.41848785,0.6707001,0.8128262,0.11379126,-0.16463774,0.659461,0.32423326,-0.41838935,-0.59538,0.0020752505,766.77655,815.5311,1177.3627,547.5824,715.2015,0.09686279296875,-0.025390625,0.99078369140625,2.1533203125,-2.863616943359375,0.665435791015625,1.0,2.0,1.0,4.0,4.0,85.0,event
11:26:23.510,1.043139,0.2551292,0.93043804,1.0186048,0.9007033,0.09280326,0.45979702,1.0620517,0.96199,0.1334126,0.41848785,0.6707001,0.8128262,0.11379126,-0.16463774,0.659461,0.32423326,-0.41838935,-0.59538,0.0020752505,968.6447,819.9634,819.9634,350.1465,911.4286,0.0985107421875,-0.02691650390625,0.97491455078125,1.74957275390625,-2.325286865234375,0.58319091796875,1.0,2.0,1.0,4.0,4.0,85.0,event
11:26:23.511,1.043139,0.2551292,0.93043804,1.0186048,0.9007033,0.09280326,0.45979702,1.0620517,0.96199,0.1334126,0.41848785,0.6707001,0.8128262,0.11379126,-0.16463774,0.659461,0.32423326,-0.41838935,-0.59538,0.0020752505,729.707,817.9487,907.8022,264.32236,792.5641,0.0985107421875,-0.02691650390625,0.97491455078125,1.74957275390625,-2.325286865234375,0.58319091796875,1.0,2.0,1.0,4.0,4.0,85.0,event
11:26:23.512,1.043139,0.2551292,0.93043804,1.0186048,0.9007033,0.09280326,0.45979702,1.0620517,0.96199,0.1334126,0.41848785,0.6707001,0.8128262,0.11379126,-0.16463774,0.659461,0.32423326,-0.41838935,-0.59538,0.0020752505,605.2015,818.7546,1098.7913,226.04396,689.41394,0.0985107421875,-0.02691650390625,0.97491455078125,1.74957275390625,-2.325286865234375,0.58319091796875,1.0,2.0,1.0,4.0,4.0,85.0,event
11:26:23.512,1.043139,0.2551292,0.93043804,1.0186048,0.9007033,0.09280326,0.45979702,1.0620517,0.96199,0.1334126,0.41848785,0.6707001,0.8128262,0.11379126,-0.16463774,0.659461,0.32423326,-0.41838935,-0.59538,0.0020752505,722.8571,822.7839,939.2308,242.16118,809.89014,0.0985107421875,-0.02691650390625,0.97491455078125,1.74957275390625,-2.325286865234375,0.58319091796875,1.0,2.0,1.0,4.0,4.0,85.0,event
11:26:23.513,1.043139,0.2551292,0.93043804,1.0186048,0.9007033,0.09280326,0.45979702,1.0620517,0.96199,0.1334126,0.41848785,0.6707001,0.8128262,0.11379126,-0.16463774,0.659461,0.32423326,-0.41838935,-0.59538,0.0020752505,944.0659,823.5897,741.79486,247.8022,870.32965,0.0985107421875,-0.02691650390625,0.97491455078125,1.74957275390625,-2.325286865234375,0.58319091796875,1.0,2.0,1.0,4.0,4.0,85.0,event
11:26:23.514,1.043139,0.2551292,0.93043804,1.0186048,0.9007033,0.09280326,0.45979702,1.0620517,0.96199,0.1334126,0.41848785,0.6707001,0.8128262,0.11379126,-0.16463774,0.659461,0.32423326,-0.41838935,-0.59538,0.0020752505,976.30035,827.619,862.674,260.69598,828.4249,0.0985107421875,-0.02691650390625,0.97491455078125,1.74957275390625,-2.325286865234375,0.58319091796875,1.0,2.0,1.0,4.0,4.0,85.0,event
11:26:23.515,1.043139,0.2551292,0.93043804,1.0186048,0.9007033,0.09280326,0.45979702,1.0620517,0.96199,0.1334126,0.41848785,0.6707001,0.8128262,0.11379126,-0.16463774,0.659461,0.32423326,-0.41838935,-0.59538,0.0020752505,745.82416,828.8278,829.2308,253.44322,869.5238,0.0985107421875,-0.02691650390625,0.97491455078125,1.74957275390625,-2.325286865234375,0.58319091796875,1.0,2.0,1.0,4.0,4.0,85.0,event
11:26:23.515,1.043139,0.2551292,0.93043804,1.0186048,0.9007033,0.09280326,0.45979702,1.0620517,0.96199,0.1334126,0.41848785,0.6707001,0.8128262,0.11379126,-0.16463774,0.659461,0.32423326,-0.41838935,-0.59538,0.0020752505,591.9048,830.4396,592.71063,180.91576,946.4835,0.0985107421875,-0.02691650390625,0.97491455078125,1.74957275390625,-2.325286865234375,0.58319091796875,1.0,2.0,1.0,4.0,4.0,85.0,event
11:26:23.516,1.043139,0.2551292,0.93043804,1.0186048,0.9007033,0.09280326,0.45979702,1.0620517,0.96199,0.1334126,0.41848785,0.6707001,0.8128262,0.11379126,-0.16463774,0.659461,0.32423326,-0.41838935,-0.59538,0.0020752505,686.5934,837.28937,519.7802,121.68498,1020.6227,0.0985107421875,-0.02691650390625,0.97491455078125,1.74957275390625,-2.325286865234375,0.58319091796875,1.0,2.0,1.0,4.0,4.0,85.0,event
11:26:23.516,1.043139,0.2551292,0.93043804,1.0186048,0.9007033,0.09280326,0.45979702,1.0620517,0.96199,0.1334126,0.41848785,0.6707001,0.8128262,0.11379126,-0.16463774,0.659461,0.32423326,-0.41838935,-0.59538,0.0020752505,940.4396,842.9304,1007.326,115.2381,807.0696,0.0985107421875,-0.02691650390625,0.97491455078125,1.74957275390625,-2.325286865234375,0.58319091796875,1.0,2.0,1.0,4.0,4.0,85.0,event
11:26:23.517,1.043139,0.2551292,0.93043804,1.0186048,0.9007033,0.09280326,0.45979702,1.0620517,0.96199,0.1334126,0.41848785,0.6707001,0.8128262,0.11379126,-0.16463774,0.659461,0.32423326,-0.41838935,-0.59538,0.0020752505,1021.4286,829.6337,1123.37,127.728935,701.0989,0.0985107421875,-0.02691650390625,0.97491455078125,1.74957275390625,-2.325286865234375,0.58319091796875,1.0,2.0,1.0,4.0,4.0,85.0,event
11:26:23.518,1.043139,0.2551292,0.93043804,1.0186048,0.9007033,0.09280326,0.45979702,1.0620517,0.96199,0.1334126,0.41848785,0.6707001,0.8128262,0.11379126,-0.16463774,0.659461,0.32423326,-0.41838935,-0.59538,0.0020752505,786.52014,844.1392,817.9487,172.05128,781.685,0.0985107421875,-0.02691650390625,0.97491455078125,1.74957275390625,-2.325286865234375,0.58319091796875,1.0,2.0,1.0,4.0,4.0,85.0,event
11:26:23.542,1.043139,0.2551292,0.93043804,1.0186048,0.9007033,0.09280326,0.45979702,1.0620517,0.96199,0.1334126,0.41848785,0.6707001,0.8128262,0.11379126,-0.16463774,0.659461,0.32423326,-0.41838935,-0.59538,0.0020752505,538.315,853.4066,852.1978,207.10623,722.4542,0.0985107421875,-0.02691650390625,0.97491455078125,1.74957275390625,-2.325286865234375,0.58319091796875,1.0,2.0,1.0,4.0,4.0,85.0,event
11:26:23.543,1.043139,0.2551292,0.93043804,1.0186048,0.9007033,0.09280326,0.45979702,1.0620517,0.96199,0.1334126,0.41848785,0.6707001,0.8128262,0.11379126,-0.16463774,0.659461,0.32423326,-0.41838935,-0.59538,0.0020752505,585.8608,829.2308,1133.0403,210.32967,657.98535,0.0985107421875,-0.02691650390625,0.97491455078125,1.74957275390625,-2.325286865234375,0.58319091796875,1.0,2.0,1.0,4.0,4.0,85.0,event
11:26:23.544,1.043139,0.2551292,0.93043804,1.0186048,0.9007033,0.09280326,0.45979702,1.0620517,0.96199,0.1334126,0.41848785,0.6707001,0.8128262,0.11379126,-0.16463774,0.659461,0.32423326,-0.41838935,-0.59538,0.0020752505,819.5604,836.8865,1123.773,240.95238,686.99634,0.0985107421875,-0.02691650390625,0.97491455078125,1.74957275390625,-2.325286865234375,0.58319091796875,1.0,2.0,1.0,4.0,4.0,85.0,event
11:26:23.545,1.043139,0.2551292,0.93043804,1.0186048,0.9007033,0.09280326,0.45979702,1.0620517,0.96199,0.1334126,0.41848785,0.6707001,0.8128262,0.11379126,-0.16463774,0.659461,0.32423326,-0.41838935,-0.59538,0.0020752505,896.52014,861.4652,883.22345,214.7619,759.12085,0.0985107421875,-0.02691650390625,0.97491455078125,1.74957275390625,-2.325286865234375,0.58319091796875,1.0,2.0,1.0,4.0,4.0,85.0,event
11:26:23.545,1.043139,0.2551292,0.93043804,1.0186048,0.9007033,0.09280326,0.45979702,1.0620517,0.96199,0.1334126,0.41848785,0.6707001,0.8128262,0.11379126,-0.16463774,0.659461,0.32423326,-0.41838935,-0.59538,0.0020752505,709.5604,872.3443,879.59705,141.42857,744.21246,0.0985107421875,-0.02691650390625,0.97491455078125,1.74957275390625,-2.325286865234375,0.58319091796875,1.0,2.0,1.0,4.0,4.0,85.0,event
11:26:23.546,1.043139,0.2551292,0.93043804,1.0186048,0.9007033,0.09280326,0.45979702,1.0620517,0.96199,0.1334126,0.41848785,0.6707001,0.8128262,0.11379126,-0.16463774,0.659461,0.32423326,-0.41838935,-0.59538,0.0020752505,500.03662,871.53845,823.1868,114.029305,725.2747,0.0985107421875,-0.02691650390625,0.97491455078125,1.74957275390625,-2.325286865234375,0.58319091796875,1.0,2.0,1.0,4.0,4.0,85.0,event
11:26:23.547,1.043139,0.2551292,0.93043804,1.0186048,0.9007033,0.09280326,0.45979702,1.0620517,0.96199,0.1334126,0.41848785,0.6707001,0.8128262,0.11379126,-0.16463774,0.659461,0.32423326,-0.41838935,-0.59538,0.0020752505,486.73993,890.07324,842.9304,83.809525,769.59705,0.0985107421875,-0.02691650390625,0.97491455078125,1.74957275390625,-2.325286865234375,0.58319091796875,1.0,2.0,1.0,4.0,4.0,85.0,event
11:26:23.548,1.043139,0.2551292,0.93043804,1.0186048,0.9007033,0.09280326,0.45979702,1.0620517,0.96199,0.1334126,0.41848785,0.6707001,0.8128262,0.11379126,-0.16463774,0.659461,0.32423326,-0.41838935,-0.59538,0.0020752505,654.7619,913.8461,547.5824,51.17216,979.12085,0.0985107421875,-0.02691650390625,0.97491455078125,1.74957275390625,-2.325286865234375,0.58319091796875,1.0,2.0,1.0,4.0,4.0,85.0,event
11:26:23.548,1.043139,0.2551292,0.93043804,1.0186048,0.9007033,0.09280326,0.45979702,1.0620517,0.96199,0.1334126,0.41848785,0.6707001,0.8128262,0.11379126,-0.16463774,0.659461,0.32423326,-0.41838935,-0.59538,0.0020752505,726.4835,934.7985,481.90475,16.117216,979.12085,0.0985107421875,-0.02691650390625,0.97491455078125,1.74957275390625,-2.325286865234375,0.58319091796875,1.0,2.0,1.0,4.0,4.0,85.0,event
11:26:23.549,1.043139,0.2551292,0.93043804,1.0186048,0.9007033,0.09280326,0.45979702,1.0620517,0.96199,0.1334126,0.41848785,0.6707001,0.8128262,0.11379126,-0.16463774,0.659461,0.32423326,-0.41838935,-0.59538,0.0020752505,558.0586,952.52747,1052.8572,0.0,693.0403,0.0985107421875,-0.02691650390625,0.97491455078125,1.74957275390625,-2.325286865234375,0.58319091796875,1.0,2.0,1.0,4.0,4.0,85.0,event
11:26:23.550,1.043139,0.2551292,0.93043804,1.0186048,0.9007033,0.09280326,0.45979702,1.0620517,0.96199,0.1334126,0.41848785,0.6707001,0.8128262,0.11379126,-0.16463774,0.659461,0.32423326,-0.41838935,-0.59538,0.0020752505,284.8718,955.7509,882.8205,0.0,743.00366,0.0985107421875,-0.02691650390625,0.97491455078125,1.74957275390625,-2.325286865234375,0.58319091796875,1.0,2.0,1.0,4.0,4.0,85.0,event
11:26:23.550,1.043139,0.2551292,0.93043804,1.0186048,0.9007033,0.09280326,0.45979702,1.0620517,0.96199,0.1334126,0.41848785,0.6707001,0.8128262,0.11379126,-0.16463774,0.659461,0.32423326,-0.41838935,-0.59538,0.0020752505,329.19415,949.304,972.674,0.4029304,709.9634,0.0985107421875,-0.02691650390625,0.97491455078125,1.74957275390625,-2.325286865234375,0.58319091796875,1.0,2.0,1.0,4.0,4.0,85.0,event
11:26:23.577,1.043139,0.2551292,0.93043804,1.0186048,0.9007033,0.09280326,0.45979702,1.0620517,0.96199,0.1334126,0.41848785,0.6707001,0.8128262,0.11379126,-0.16463774,0.659461,0.32423326,-0.41838935,-0.59538,0.0020752505,491.5751,965.82416,1108.4615,2.014652,722.4542,0.09649658203125,-0.033203125,0.98583984375,2.0037841796875,-3.357086181640625,0.695343017578125,1.0,2.0,1.0,4.0,4.0,85.0,event
11:26:23.578,1.043139,0.2551292,0.93043804,1.0186048,0.9007033,0.09280326,0.45979702,1.0620517,0.96199,0.1334126,0.41848785,0.6707001,0.8128262,0.11379126,-0.16463774,0.659461,0.32423326,-0.41838935,-0.59538,0.0020752505,669.2674,967.8388,1186.227,0.0,703.91943,0.09649658203125,-0.033203125,0.98583984375,2.0037841796875,-3.357086181640625,0.695343017578125,1.0,2.0,1.0,4.0,4.0,85.0,event
11:26:23.583,1.043139,0.2551292,0.93043804,1.0186048,0.9007033,0.09280326,0.45979702,1.0620517,0.96199,0.1334126,0.41848785,0.6707001,0.8128262,0.11379126,-0.16463774,0.659461,0.32423326,-0.41838935,-0.59538,0.0020752505,552.4176,963.4066,929.5604,47.142857,740.58606,0.09649658203125,-0.033203125,0.98583984375,2.0037841796875,-3.357086181640625,0.695343017578125,1.0,2.0,1.0,4.0,4.0,85.0,event
11:26:23.583,1.043139,0.2551292,0.93043804,1.0186048,0.9007033,0.09280326,0.45979702,1.0620517,0.96199,0.1334126,0.41848785,0.6707001,0.8128262,0.11379126,-0.16463774,0.659461,0.32423326,-0.41838935,-0.59538,0.0020752505,325.56778,962.1978,814.3223,147.47253,774.0293,0.09649658203125,-0.033203125,0.98583984375,2.0037841796875,-3.357086181640625,0.695343017578125,1.0,2.0,1.0,4.0,4.0,85.0,event
11:26:23.584,1.043139,0.2551292,0.93043804,1.0186048,0.9007033,0.09280326,0.45979702,1.0620517,0.96199,0.1334126,0.41848785,0.6707001,0.8128262,0.11379126,-0.16463774,0.659461,0.32423326,-0.41838935,-0.59538,0.0020752505,318.31503,952.1245,1008.1319,203.07692,708.7546,0.09649658203125,-0.033203125,0.98583984375,2.0037841796875,-3.357086181640625,0.695343017578125,1.0,2.0,1.0,4.0,4.0,85.0,event
11:26:23.585,1.043139,0.2551292,0.93043804,1.0186048,0.9007033,0.09280326,0.45979702,1.0620517,0.96199,0.1334126,0.41848785,0.6707001,0.8128262,0.11379126,-0.16463774,0.659461,0.32423326,-0.41838935,-0.59538,0.0020752505,533.47986,931.978,964.21246,253.84616,790.14655,0.09649658203125,-0.033203125,0.98583984375,2.0037841796875,-3.357086181640625,0.695343017578125,1.0,2.0,1.0,4.0,4.0,85.0,event
11:26:23.586,1.043139,0.2551292,0.93043804,1.0186048,0.9007033,0.09280326,0.45979702,1.0620517,0.96199,0.1334126,0.41848785,0.6707001,0.8128262,0.11379126,-0.16463774,0.659461,0.32423326,-0.41838935,-0.59538,0.0020752505,734.1392,917.0696,711.978,330.80585,1007.72894,0.09649658203125,-0.033203125,0.98583984375,2.0037841796875,-3.357086181640625,0.695343017578125,1.0,2.0,1.0,4.0,4.0,85.0,event
11:26:23.586,1.043139,0.2551292,0.93043804,1.0186048,0.9007033,0.09280326,0.45979702,1.0620517,0.96199,0.1334126,0.41848785,0.6707001,0.8128262,0.11379126,-0.16463774,0.659461,0.32423326,-0.41838935,-0.59538,0.0020752505,680.54944,911.8315,356.99634,356.5934,1167.6923,0.09649658203125,-0.033203125,0.98583984375,2.0037841796875,-3.357086181640625,0.695343017578125,1.0,2.0,1.0,4.0,4.0,85.0,event
11:26:23.587,1.043139,0.2551292,0.93043804,1.0186048,0.9007033,0.09280326,0.45979702,1.0620517,0.96199,0.1334126,0.41848785,0.6707001,0.8128262,0.11379126,-0.16463774,0.659461,0.32423326,-0.41838935,-0.59538,0.0020752505,483.51648,906.99634,697.8755,267.54578,895.31134,0.09649658203125,-0.033203125,0.98583984375,2.0037841796875,-3.357086181640625,0.695343017578125,1.0,2.0,1.0,4.0,4.0,85.0,event
11:26:23.588,1.043139,0.2551292,0.93043804,1.0186048,0.9007033,0.09280326,0.45979702,1.0620517,0.96199,0.1334126,0.41848785,0.6707001,0.8128262,0.11379126,-0.16463774,0.659461,0.32423326,-0.41838935,-0.59538,0.0020752505,469.81686,892.0879,1129.011,193.80952,697.8755,0.09649658203125,-0.033203125,0.98583984375,2.0037841796875,-3.357086181640625,0.695343017578125,1.0,2.0,1.0,4.0,4.0,85.0,event
11:26:23.588,1.043139,0.2551292,0.93043804,1.0186048,0.9007033,0.09280326,0.45979702,1.0620517,0.96199,0.1334126,0.41848785,0.6707001,0.8128262,0.11379126,-0.16463774,0.659461,0.32423326,-0.41838935,-0.59538,0.0020752505,661.6117,882.8205,974.68866,178.49817,796.99634,0.09649658203125,-0.033203125,0.98583984375,2.0037841796875,-3.357086181640625,0.695343017578125,1.0,2.0,1.0,4.0,4.0,85.0,event
11:26:23.589,1.043139,0.2551292,0.93043804,1.0186048,0.9007033,0.09280326,0.45979702,1.0620517,0.96199,0.1334126,0.41848785,0.6707001,0.8128262,0.11379126,-0.16463774,0.659461,0.32423326,-0.41838935,-0.59538,0.0020752505,877.5824,870.32965,1036.7399,203.07692,843.73627,0.09649658203125,-0.033203125,0.98583984375,2.0037841796875,-3.357086181640625,0.695343017578125,1.0,2.0,1.0,4.0,4.0,85.0,event
11:26:23.671,1.043139,0.2551292,0.93043804,1.0186048,0.9007033,0.09280326,0.45979702,1.0620517,0.96199,0.1334126,0.41848785,0.6707001,0.8128262,0.11379126,-0.16463774,0.659461,0.32423326,-0.41838935,-0.59538,0.0020752505,873.95605,853.8095,1191.0623,237.326,790.9524,0.0894775390625,-0.02764892578125,0.98236083984375,3.3795166015625,-3.170166015625,0.500946044921875,1.0,2.0,1.0,4.0,4.0,85.0,event
11:26:23.673,1.043139,0.2551292,0.93043804,1.0186048,0.9007033,0.09280326,0.45979702,1.0620517,0.96199,0.1334126,0.41848785,0.6707001,0.8128262,0.11379126,-0.16463774,0.659461,0.32423326,-0.41838935,-0.59538,0.0020752505,695.8608,842.52747,1077.8389,277.21613,807.0696,0.0894775390625,-0.02764892578125,0.98236083984375,3.3795166015625,-3.170166015625,0.500946044921875,1.0,2.0,1.0,4.0,4.0,85.0,event
11:26:23.674,1.043139,0.2551292,0.93043804,1.0186048,0.9007033,0.09280326,0.45979702,1.0620517,0.96199,0.1334126,0.41848785,0.6707001,0.8128262,0.11379126,-0.16463774,0.659461,0.32423326,-0.41838935,-0.59538,0.0020752505,640.2564,831.2454,971.8681,414.21246,833.663,0.0894775390625,-0.02764892578125,0.98236083984375,3.3795166015625,-3.170166015625,0.500946044921875,1.0,2.0,1.0,4.0,4.0,85.0,event
11:26:23.675,1.043139,0.2551292,0.93043804,1.0186048,0.9007033,0.09280326,0.45979702,1.0620517,0.96199,0.1334126,0.41848785,0.6707001,0.8128262,0.11379126,-0.16463774,0.659461,0.32423326,-0.41838935,-0.59538,0.0020752505,790.14655,813.1135,1080.2565,537.9121,842.1245,0.0894775390625,-0.02764892578125,0.98236083984375,3.3795166015625,-3.170166015625,0.500946044921875,1.0,2.0,1.0,4.0,4.0,85.0,event
11:26:23.677,1.043139,0.2551292,0.93043804,1.0186048,0.9007033,0.09280326,0.45979702,1.0620517,0.96199,0.1334126,0.41848785,0.6707001,0.8128262,0.11379126,-0.16463774,0.659461,0.32423326,-0.41838935,-0.59538,0.0020752505,1047.619,801.02563,1203.956,608.4249,886.04395,0.0894775390625,-0.02764892578125,0.98236083984375,3.3795166015625,-3.170166015625,0.500946044921875,1.0,2.0,1.0,4.0,4.0,85.0,event
11:26:23.678,1.043139,0.2551292,0.93043804,1.0186048,0.9007033,0.09280326,0.45979702,1.0620517,0.96199,0.1334126,0.41848785,0.6707001,0.8128262,0.11379126,-0.16463774,0.659461,0.32423326,-0.41838935,-0.59538,0.0020752505,1052.4542,796.1905,1028.2784,665.2381,910.2198,0.0894775390625,-0.02764892578125,0.98236083984375,3.3795166015625,-3.170166015625,0.500946044921875,1.0,2.0,1.0,4.0,4.0,85.0,event
11:26:23.680,1.043139,0.2551292,0.93043804,1.0186048,0.9007033,0.09280326,0.45979702,1.0620517,0.96199,0.1334126,0.41848785,0.6707001,0.8128262,0.11379126,-0.16463774,0.659461,0.32423326,-0.41838935,-0.59538,0.0020752505,778.46155,788.1319,432.74725,693.44324,1068.1685,0.0894775390625,-0.02764892578125,0.98236083984375,3.3795166015625,-3.170166015625,0.500946044921875,1.0,2.0,1.0,4.0,4.0,85.0,event
11:26:23.682,1.043139,0.2551292,0.93043804,1.0186048,0.9007033,0.09280326,0.45979702,1.0620517,0.96199,0.1334126,0.41848785,0.6707001,0.8128262,0.11379126,-0.16463774,0.659461,0.32423326,-0.41838935,-0.59538,0.0020752505,687.3993,781.685,459.7436,703.1135,994.43225,0.0894775390625,-0.02764892578125,0.98236083984375,3.3795166015625,-3.170166015625,0.500946044921875,1.0,2.0,1.0,4.0,4.0,85.0,event
11:26:23.683,1.043139,0.2551292,0.93043804,1.0186048,0.9007033,0.09280326,0.45979702,1.0620517,0.96199,0.1334126,0.41848785,0.6707001,0.8128262,0.11379126,-0.16463774,0.659461,0.32423326,-0.41838935,-0.59538,0.0020752505,839.707,775.2381,1088.7179,724.87177,704.7253,0.0894775390625,-0.02764892578125,0.98236083984375,3.3795166015625,-3.170166015625,0.500946044921875,1.0,2.0,1.0,4.0,4.0,85.0,event
11:26:23.685,1.043139,0.2551292,0.93043804,1.0186048,0.9007033,0.09280326,0.45979702,1.0620517,0.96199,0.1334126,0.41848785,0.6707001,0.8128262,0.11379126,-0.16463774,0.659461,0.32423326,-0.41838935,-0.59538,0.0020752505,1064.5421,765.56775,1024.249,721.2454,847.3626,0.0894775390625,-0.02764892578125,0.98236083984375,3.3795166015625,-3.170166015625,0.500946044921875,1.0,2.0,1.0,4.0,4.0,85.0,event
11:26:23.687,1.043139,0.2551292,0.93043804,1.0186048,0.9007033,0.09280326,0.45979702,1.0620517,0.96199,0.1334126,0.41848785,0.6707001,0.8128262,0.11379126,-0.16463774,0.659461,0.32423326,-0.41838935,-0.59538,0.0020752505,1106.4469,764.7619,835.2747,649.5238,977.9121,0.0894775390625,-0.02764892578125,0.98236083984375,3.3795166015625,-3.170166015625,0.500946044921875,1.0,2.0,1.0,4.0,4.0,85.0,event
11:26:23.688,1.043139,0.2551292,0.93043804,1.0186048,0.9007033,0.09280326,0.45979702,1.0620517,0.96199,0.1334126,0.41848785,0.6707001,0.8128262,0.11379126,-0.16463774,0.659461,0.32423326,-0.41838935,-0.59538,0.0020752505,880.40295,763.95605,921.9048,617.6923,776.04395,0.0894775390625,-0.02764892578125,0.98236083984375,3.3795166015625,-3.170166015625,0.500946044921875,1.0,2.0,1.0,4.0,4.0,85.0,event
11:26:23.739,1.043139,0.2551292,0.93043804,1.0186048,0.9007033,0.09280326,0.45979702,1.0620517,0.96199,0.1334126,0.41848785,0.6707001,0.8128262,0.11379126,-0.16463774,0.659461,0.32423326,-0.41838935,-0.59538,0.0020752505,735.7509,755.4945,1082.674,668.46155,703.1135,0.110595703125,-0.02020263671875,0.9908447265625,3.6187744140625,-3.9776611328125,1.1663818359375,1.0,2.0,1.0,4.0,4.0,85.0,event
11:26:23.740,1.043139,0.2551292,0.93043804,1.0186048,0.9007033,0.09280326,0.45979702,1.0620517,0.96199,0.1334126,0.41848785,0.6707001,0.8128262,0.11379126,-0.16463774,0.659461,0.32423326,-0.41838935,-0.59538,0.0020752505,838.9011,753.8828,975.4945,687.8022,848.5714,0.110595703125,-0.02020263671875,0.9908447265625,3.6187744140625,-3.9776611328125,1.1663818359375,1.0,2.0,1.0,4.0,4.0,85.0,event
11:26:23.742,1.043139,0.2551292,0.93043804,1.0186048,0.9007033,0.09280326,0.45979702,1.0620517,0.96199,0.1334126,0.41848785,0.6707001,0.8128262,0.11379126,-0.16463774,0.659461,0.32423326,-0.41838935,-0.59538,0.0020752505,1059.7069,755.09155,764.7619,645.09155,890.4762,0.110595703125,-0.02020263671875,0.9908447265625,3.6187744140625,-3.9776611328125,1.1663818359375,1.0,2.0,1.0,4.0,4.0,85.0,event
11:26:23.743,1.043139,0.2551292,0.93043804,1.0186048,0.9007033,0.09280326,0.45979702,1.0620517,0.96199,0.1334126,0.41848785,0.6707001,0.8128262,0.11379126,-0.16463774,0.659461,0.32423326,-0.41838935,-0.59538,0.0020752505,1139.4872,755.4945,1032.7106,637.03296,795.38464,0.110595703125,-0.02020263671875,0.9908447265625,3.6187744140625,-3.9776611328125,1.1663818359375,1.0,2.0,1.0,4.0,4.0,85.0,event
11:26:23.745,,,,,,,,,,,,,,,,,,,,,,,,,,,,,,,,,,,,,,blink
11:26:23.746,1.043139,0.2551292,0.93043804,1.0186048,0.9007033,0.09280326,0.45979702,1.0620517,0.96199,0.1334126,0.41848785,0.6707001,0.8128262,0.11379126,-0.16463774,0.659461,0.32423326,-0.41838935,-0.59538,0.0020752505,942.0513,762.3443,1116.1172,615.2747,757.50916,0.110595703125,-0.02020263671875,0.9908447265625,3.6187744140625,-3.9776611328125,1.1663818359375,1.0,2.0,1.0,4.0,4.0,85.0,event
11:26:23.747,1.043139,0.2551292,0.93043804,1.0186048,0.9007033,0.09280326,0.45979702,1.0620517,0.96199,0.1334126,0.41848785,0.6707001,0.8128262,0.11379126,-0.16463774,0.659461,0.32423326,-0.41838935,-0.59538,0.0020752505,747.4359,765.9707,718.022,552.01465,898.1319,0.110595703125,-0.02020263671875,0.9908447265625,3.6187744140625,-3.9776611328125,1.1663818359375,1.0,2.0,1.0,4.0,4.0,85.0,event
11:26:23.747,1.043139,0.2551292,0.93043804,1.0186048,0.9007033,0.09280326,0.45979702,1.0620517,0.96199,0.1334126,0.41848785,0.6707001,0.8128262,0.11379126,-0.16463774,0.659461,0.32423326,-0.41838935,-0.59538,0.0020752505,817.9487,769.19415,514.94507,562.0879,978.71796,0.110595703125,-0.02020263671875,0.9908447265625,3.6187744140625,-3.9776611328125,1.1663818359375,1.0,2.0,1.0,4.0,4.0,85.0,event
11:26:23.748,1.043139,0.2551292,0.93043804,1.0186048,0.9007033,0.09280326,0.45979702,1.0620517,0.96199,0.1334126,0.41848785,0.6707001,0.8128262,0.11379126,-0.16463774,0.659461,0.32423326,-0.41838935,-0.59538,0.0020752505,1062.1245,777.25275,898.5348,601.5751,756.7033,0.110595703125,-0.02020263671875,0.9908447265625,3.6187744140625,-3.9776611328125,1.1663818359375,1.0,2.0,1.0,4.0,4.0,85.0,event
11:26:23.749,1.043139,0.2551292,0.93043804,1.0186048,0.9007033,0.09280326,0.45979702,1.0620517,0.96199,0.1334126,0.41848785,0.6707001,0.8128262,0.11379126,-0.16463774,0.659461,0.32423326,-0.41838935,-0.59538,0.0020752505,1150.7693,780.07324,1151.5751,552.4176,656.3736,0.110595703125,-0.02020263671875,0.9908447265625,3.6187744140625,-3.9776611328125,1.1663818359375,1.0,2.0,1.0,4.0,4.0,85.0,event
11:26:23.749,1.043139,0.2551292,0.93043804,1.0186048,0.9007033,0.09280326,0.45979702,1.0620517,0.96199,0.1334126,0.41848785,0.6707001,0.8128262,0.11379126,-0.16463774,0.659461,0.32423326,-0.41838935,-0.59538,0.0020752505,954.5421,777.25275,637.03296,481.90475,750.65936,0.110595703125,-0.02020263671875,0.9908447265625,3.6187744140625,-3.9776611328125,1.1663818359375,1.0,2.0,1.0,4.0,4.0,85.0,event
11:26:23.750,1.043139,0.2551292,0.93043804,1.0186048,0.9007033,0.09280326,0.45979702,1.0620517,0.96199,0.1334126,0.41848785,0.6707001,0.8128262,0.11379126,-0.16463774,0.659461,0.32423326,-0.41838935,-0.59538,0.0020752505,843.3333,785.31134,1002.0879,470.2198,668.0586,0.110595703125,-0.02020263671875,0.9908447265625,3.6187744140625,-3.9776611328125,1.1663818359375,1.0,2.0,1.0,4.0,4.0,85.0,event
11:26:23.750,1.043139,0.2551292,0.93043804,1.0186048,0.9007033,0.09280326,0.45979702,1.0620517,0.96199,0.1334126,0.41848785,0.6707001,0.8128262,0.11379126,-0.16463774,0.659461,0.32423326,-0.41838935,-0.59538,0.0020752505,777.25275,782.49084,451.68497,485.93405,795.38464,0.110595703125,-0.02020263671875,0.9908447265625,3.6187744140625,-3.9776611328125,1.1663818359375,1.0,2.0,1.0,4.0,4.0,85.0,event
11:26:23.751,1.043139,0.2551292,0.93043804,1.0186048,0.9007033,0.09280326,0.45979702,1.0620517,0.96199,0.1334126,0.41848785,0.6707001,0.8128262,0.11379126,-0.16463774,0.659461,0.32423326,-0.41838935,-0.59538,0.0020752505,1027.4725,783.2967,1038.7546,427.10623,723.663,0.091064453125,-0.02044677734375,0.98431396484375,3.12530517578125,-2.99072265625,0.5084228515625,1.0,2.0,1.0,4.0,4.0,85.0,event
11:26:23.751,1.043139,0.2551292,0.93043804,1.0186048,0.9007033,0.09280326,0.45979702,1.0620517,0.96199,0.1334126,0.41848785,0.6707001,0.8128262,0.11379126,-0.16463774,0.659461,0.32423326,-0.41838935,-0.59538,0.0020752505,1108.8645,785.7143,766.3736,511.3187,884.83514,0.091064453125,-0.02044677734375,0.98431396484375,3.12530517578125,-2.99072265625,0.5084228515625,1.0,2.0,1.0,4.0,4.0,85.0,event
11:26:23.752,1.043139,0.2551292,0.93043804,1.0186048,0.9007033,0.09280326,0.45979702,1.0620517,0.96199,0.1334126,0.41848785,0.6707001,0.8128262,0.11379126,-0.16463774,0.659461,0.32423326,-0.41838935,-0.59538,0.0020752505,962.6007,787.72894,812.71063,593.91943,867.1062,0.091064453125,-0.02044677734375,0.98431396484375,3.12530517578125,-2.99072265625,0.5084228515625,1.0,2.0,1.0,4.0,4.0,85.0,event
11:26:23.752,1.043139,0.2551292,0.93043804,1.0186048,0.9007033,0.09280326,0.45979702,1.0620517,0.96199,0.1334126,0.41848785,0.6707001,0.8128262,0.11379126,-0.16463774,0.659461,0.32423326,-0.41838935,-0.59538,0.0020752505,788.1319,786.52014,1043.9927,585.4579,726.4835,0.091064453125,-0.02044677734375,0.98431396484375,3.12530517578125,-2.99072265625,0.5084228515625,1.0,2.0,1.0,4.0,4.0,85.0,event
11:26:23.753,1.043139,0.2551292,0.93043804,1.0186048,0.9007033,0.09280326,0.45979702,1.0620517,0.96199,0.1334126,0.41848785,0.6707001,0.8128262,0.11379126,-0.16463774,0.659461,0.32423326,-0.41838935,-0.59538,0.0020752505,815.9341,786.52014,982.3443,577.8022,702.3077,0.091064453125,-0.02044677734375,0.98431396484375,3.12530517578125,-2.99072265625,0.5084228515625,1.0,2.0,1.0,4.0,4.0,85.0,event
11:26:23.753,1.043139,0.2551292,0.93043804,1.0186048,0.9007033,0.09280326,0.45979702,1.0620517,0.96199,0.1334126,0.41848785,0.6707001,0.8128262,0.11379126,-0.16463774,0.659461,0.32423326,-0.41838935,-0.59538,0.0020752505,969.85345,787.326,823.9927,569.7436,870.32965,0.091064453125,-0.02044677734375,0.98431396484375,3.12530517578125,-2.99072265625,0.5084228515625,1.0,2.0,1.0,4.0,4.0,85.0,event
11:26:23.754,1.043139,0.2551292,0.93043804,1.0186048,0.9007033,0.09280326,0.45979702,1.0620517,0.96199,0.1334126,0.41848785,0.6707001,0.8128262,0.11379126,-0.16463774,0.659461,0.32423326,-0.41838935,-0.59538,0.0020752505,1071.392,785.7143,794.17584,552.01465,904.57874,0.091064453125,-0.02044677734375,0.98431396484375,3.12530517578125,-2.99072265625,0.5084228515625,1.0,2.0,1.0,4.0,4.0,85.0,event
11:26:23.754,1.043139,0.2551292,0.93043804,1.0186048,0.9007033,0.09280326,0.45979702,1.0620517,0.96199,0.1334126,0.41848785,0.6707001,0.8128262,0.11379126,-0.16463774,0.659461,0.32423326,-0.41838935,-0.59538,0.0020752505,969.45056,787.326,832.4542,494.3956,778.86444,0.091064453125,-0.02044677734375,0.98431396484375,3.12530517578125,-2.99072265625,0.5084228515625,1.0,2.0,1.0,4.0,4.0,85.0,event
11:26:23.755,1.043139,0.2551292,0.93043804,1.0186048,0.9007033,0.09280326,0.45979702,1.0620517,0.96199,0.1334126,0.41848785,0.6707001,0.8128262,0.11379126,-0.16463774,0.659461,0.32423326,-0.41838935,-0.59538,0.0020752505,754.68866,788.1319,917.0696,425.09158,696.6667,0.091064453125,-0.02044677734375,0.98431396484375,3.12530517578125,-2.99072265625,0.5084228515625,1.0,2.0,1.0,4.0,4.0,85.0,event
11:26:23.756,1.043139,0.2551292,0.93043804,1.0186048,0.9007033,0.09280326,0.45979702,1.0620517,0.96199,0.1334126,0.41848785,0.6707001,0.8128262,0.11379126,-0.16463774,0.659461,0.32423326,-0.41838935,-0.59538,0.0020752505,696.6667,787.326,483.51648,442.41757,886.8498,0.091064453125,-0.02044677734375,0.98431396484375,3.12530517578125,-2.99072265625,0.5084228515625,1.0,2.0,1.0,4.0,4.0,85.0,event
11:26:23.756,1.043139,0.2551292,0.93043804,1.0186048,0.9007033,0.09280326,0.45979702,1.0620517,0.96199,0.1334126,0.41848785,0.6707001,0.8128262,0.11379126,-0.16463774,0.659461,0.32423326,-0.41838935,-0.59538,0.0020752505,892.49084,792.1612,606.4103,540.32965,919.89014,0.091064453125,-0.02044677734375,0.98431396484375,3.12530517578125,-2.99072265625,0.5084228515625,1.0,2.0,1.0,4.0,4.0,85.0,event
11:26:23.757,1.043139,0.2551292,0.93043804,1.0186048,0.9007033,0.09280326,0.45979702,1.0620517,0.96199,0.1334126,0.41848785,0.6707001,0.8128262,0.11379126,-0.16463774,0.659461,0.32423326,-0.41838935,-0.59538,0.0020752505,1088.7179,794.17584,1242.2344,626.1539,763.1502,0.091064453125,-0.02044677734375,0.98431396484375,3.12530517578125,-2.99072265625,0.5084228515625,1.0,2.0,1.0,4.0,4.0,85.0,event
11:26:23.787,1.043139,0.2551292,0.93043804,1.0186048,0.9007033,0.09280326,0.45979702,1.0620517,0.96199,0.1334126,0.41848785,0.6707001,0.8128262,0.11379126,-0.16463774,0.659461,0.32423326,-0.41838935,-0.59538,0.0020752505,977.1062,791.3553,1033.9194,629.7802,834.4689,0.091064453125,-0.02044677734375,0.98431396484375,3.12530517578125,-2.99072265625,0.5084228515625,1.0,2.0,1.0,4.0,4.0,85.0,event
11:26:23.788,1.043139,0.2551292,0.93043804,1.0186048,0.9007033,0.09280326,0.45979702,1.0620517,0.96199,0.1334126,0.41848785,0.6707001,0.8128262,0.11379126,-0.16463774,0.659461,0.32423326,-0.41838935,-0.59538,0.0020752505,748.24176,786.1172,852.1978,581.02563,837.6923,0.091064453125,-0.02044677734375,0.98431396484375,3.12530517578125,-2.99072265625,0.5084228515625,1.0,2.0,1.0,4.0,4.0,85.0,event
11:26:23.789,1.043139,0.2551292,0.93043804,1.0186048,0.9007033,0.09280326,0.45979702,1.0620517,0.96199,0.1334126,0.41848785,0.6707001,0.8128262,0.11379126,-0.16463774,0.659461,0.32423326,-0.41838935,-0.59538,0.0020752505,714.3956,786.9231,1091.1355,585.8608,779.67035,0.091064453125,-0.02044677734375,0.98431396484375,3.12530517578125,-2.99072265625,0.5084228515625,1.0,2.0,1.0,4.0,4.0,85.0,event
11:26:23.790,1.043139,0.2551292,0.93043804,1.0186048,0.9007033,0.09280326,0.45979702,1.0620517,0.96199,0.1334126,0.41848785,0.6707001,0.8128262,0.11379126,-0.16463774,0.659461,0.32423326,-0.41838935,-0.59538,0.0020752505,874.7619,792.1612,1102.4176,641.8681,788.5348,0.091064453125,-0.02044677734375,0.98431396484375,3.12530517578125,-2.99072265625,0.5084228515625,1.0,2.0,1.0,4.0,4.0,85.0,event
11:26:23.790,1.043139,0.2551292,0.93043804,1.0186048,0.9007033,0.09280326,0.45979702,1.0620517,0.96199,0.1334126,0.41848785,0.6707001,0.8128262,0.11379126,-0.16463774,0.659461,0.32423326,-0.41838935,-0.59538,0.0020752505,1042.381,791.75824,790.14655,705.12823,904.9817,0.091064453125,-0.02044677734375,0.98431396484375,3.12530517578125,-2.99072265625,0.5084228515625,1.0,2.0,1.0,4.0,4.0,85.0,event
11:26:23.791,1.043139,0.2551292,0.93043804,1.0186048,0.9007033,0.09280326,0.45979702,1.0620517,0.96199,0.1334126,0.41848785,0.6707001,0.8128262,0.11379126,-0.16463774,0.659461,0.32423326,-0.41838935,-0.59538,0.0020752505,988.7912,789.7436,602.7839,742.1978,1001.28204,0.091064453125,-0.02044677734375,0.98431396484375,3.12530517578125,-2.99072265625,0.5084228515625,1.0,2.0,1.0,4.0,4.0,85.0,event
11:26:23.796,1.043139,0.2551292,0.93043804,1.0186048,0.9007033,0.09280326,0.45979702,1.0620517,0.96199,0.1334126,0.41848785,0.6707001,0.8128262,0.11379126,-0.16463774,0.659461,0.32423326,-0.41838935,-0.59538,0.0020752505,747.4359,791.75824,706.7399,734.94507,871.13556,0.091064453125,-0.02044677734375,0.98431396484375,3.12530517578125,-2.99072265625,0.5084228515625,1.0,2.0,1.0,4.0,4.0,85.0,event
11:26:23.796,1.043139,0.2551292,0.93043804,1.0186048,0.9007033,0.09280326,0.45979702,1.0620517,0.96199,0.1334126,0.41848785,0.6707001,0.8128262,0.11379126,-0.16463774,0.659461,0.32423326,-0.41838935,-0.59538,0.0020752505,699.4872,792.1612,972.27106,774.83514,695.8608,0.091064453125,-0.02044677734375,0.98431396484375,3.12530517578125,-2.99072265625,0.5084228515625,1.0,2.0,1.0,4.0,4.0,85.0,event
11:26:23.797,1.043139,0.2551292,0.93043804,1.0186048,0.9007033,0.09280326,0.45979702,1.0620517,0.96199,0.1334126,0.41848785,0.6707001,0.8128262,0.11379126,-0.16463774,0.659461,0.32423326,-0.41838935,-0.59538,0.0020752505,856.2271,786.52014,828.022,859.85345,854.61536,0.091064453125,-0.02044677734375,0.98431396484375,3.12530517578125,-2.99072265625,0.5084228515625,1.0,2.0,1.0,4.0,4.0,85.0,event
11:26:23.798,1.043139,0.2551292,0.93043804,1.0186048,0.9007033,0.09280326,0.45979702,1.0620517,0.96199,0.1334126,0.41848785,0.6707001,0.8128262,0.11379126,-0.16463774,0.659461,0.32423326,-0.41838935,-0.59538,0.0020752505,1015.78754,789.34064,583.44324,938.8278,1053.663,0.091064453125,-0.02044677734375,0.98431396484375,3.12530517578125,-2.99072265625,0.5084228515625,1.0,2.0,1.0,4.0,4.0,85.0,event
11:26:23.798,1.043139,0.2551292,0.93043804,1.0186048,0.9007033,0.09280326,0.45979702,1.0620517,0.96199,0.1334126,0.41848785,0.6707001,0.8128262,0.11379126,-0.16463774,0.659461,0.32423326,-0.41838935,-0.59538,0.0020752505,1014.57874,792.1612,1024.249,1000.07324,853.00366,0.091064453125,-0.02044677734375,0.98431396484375,3.12530517578125,-2.99072265625,0.5084228515625,1.0,2.0,1.0,4.0,4.0,85.0,event
11:26:23.799,1.043139,0.2551292,0.93043804,1.0186048,0.9007033,0.09280326,0.45979702,1.0620517,0.96199,0.1334126,0.41848785,0.6707001,0.8128262,0.11379126,-0.16463774,0.659461,0.32423326,-0.41838935,-0.59538,0.0020752505,785.31134,792.96704,1075.8242,1016.5934,707.5458,0.091064453125,-0.02044677734375,0.98431396484375,3.12530517578125,-2.99072265625,0.5084228515625,1.0,2.0,1.0,4.0,4.0,85.0,event
11:26:23.822,1.043139,0.2551292,0.93043804,1.0186048,0.9007033,0.09280326,0.45979702,1.0620517,0.96199,0.1334126,0.41848785,0.6707001,0.8128262,0.11379126,-0.16463774,0.659461,0.32423326,-0.41838935,-0.59538,0.0020752505,645.09155,796.1905,880.40295,986.3736,740.58606,0.10394287109375,-0.0233154296875,0.9798583984375,2.332763671875,-2.684173583984375,-0.485992431640625,1.0,2.0,1.0,4.0,4.0,85.0,event
11:26:23.823,1.043139,0.2551292,0.93043804,1.0186048,0.9007033,0.09280326,0.45979702,1.0620517,0.96199,0.1334126,0.41848785,0.6707001,0.8128262,0.11379126,-0.16463774,0.659461,0.32423326,-0.41838935,-0.59538,0.0020752505,743.4066,796.99634,991.2088,942.0513,765.16486,0.10394287109375,-0.0233154296875,0.9798583984375,2.332763671875,-2.684173583984375,-0.485992431640625,1.0,2.0,1.0,4.0,4.0,85.0,event
11:26:23.824,1.043139,0.2551292,0.93043804,1.0186048,0.9007033,0.09280326,0.45979702,1.0620517,0.96199,0.1334126,0.41848785,0.6707001,0.8128262,0.11379126,-0.16463774,0.659461,0.32423326,-0.41838935,-0.59538,0.0020752505,979.92676,803.44324,1214.4323,930.3663,764.7619,0.10394287109375,-0.0233154296875,0.9798583984375,2.332763671875,-2.684173583984375,-0.485992431640625,1.0,2.0,1.0,4.0,4.0,85.0,event
11:26:23.825,1.043139,0.2551292,0.93043804,1.0186048,0.9007033,0.09280326,0.45979702,1.0620517,0.96199,0.1334126,0.41848785,0.6707001,0.8128262,0.11379126,-0.16463774,0.659461,0.32423326,-0.41838935,-0.59538,0.0020752505,975.89746,806.26373,1191.8682,909.011,836.4835,0.10394287109375,-0.0233154296875,0.9798583984375,2.332763671875,-2.684173583984375,-0.485992431640625,1.0,2.0,1.0,4.0,4.0,85.0,event
11:26:23.825,1.043139,0.2551292,0.93043804,1.0186048,0.9007033,0.09280326,0.45979702,1.0620517,0.96199,0.1334126,0.41848785,0.6707001,0.8128262,0.11379126,-0.16463774,0.659461,0.32423326,-0.41838935,-0.59538,0.0020752505,697.47253,801.4286,919.89014,856.63007,883.6264,0.10394287109375,-0.0233154296875,0.9798583984375,2.332763671875,-2.684173583984375,-0.485992431640625,1.0,2.0,1.0,4.0,4.0,85.0,event
11:26:23.826,1.043139,0.2551292,0.93043804,1.0186048,0.9007033,0.09280326,0.45979702,1.0620517,0.96199,0.1334126,0.41848785,0.6707001,0.8128262,0.11379126,-0.16463774,0.659461,0.32423326,-0.41838935,-0.59538,0.0020752505,574.57874,801.02563,785.7143,824.3956,934.7985,0.10394287109375,-0.0233154296875,0.9798583984375,2.332763671875,-2.684173583984375,-0.485992431640625,1.0,2.0,1.0,4.0,4.0,85.0,event
11:26:23.827,1.043139,0.2551292,0.93043804,1.0186048,0.9007033,0.09280326,0.45979702,1.0620517,0.96199,0.1334126,0.41848785,0.6707001,0.8128262,0.11379126,-0.16463774,0.659461,0.32423326,-0.41838935,-0.59538,0.0020752505,684.9817,807.8755,828.022,842.1245,896.9231,0.10394287109375,-0.0233154296875,0.9798583984375,2.332763671875,-2.684173583984375,-0.485992431640625,1.0,2.0,1.0,4.0,4.0,85.0,event
11:26:23.827,1.043139,0.2551292,0.93043804,1.0186048,0.9007033,0.09280326,0.45979702,1.0620517,0.96199,0.1334126,0.41848785,0.6707001,0.8128262,0.11379126,-0.16463774,0.659461,0.32423326,-0.41838935,-0.59538,0.0020752505,924.7253,813.1135,908.20514,866.7033,777.25275,0.10394287109375,-0.0233154296875,0.9798583984375,2.332763671875,-2.684173583984375,-0.485992431640625,1.0,2.0,1.0,4.0,4.0,85.0,event
11:26:23.828,1.043139,0.2551292,0.93043804,1.0186048,0.9007033,0.09280326,0.45979702,1.0620517,0.96199,0.1334126,0.41848785,0.6707001,0.8128262,0.11379126,-0.16463774,0.659461,0.32423326,-0.41838935,-0.59538,0.0020752505,968.6447,804.65204,514.1392,840.9158,1027.8755,0.10394287109375,-0.0233154296875,0.9798583984375,2.332763671875,-2.684173583984375,-0.485992431640625,1.0,2.0,1.0,4.0,4.0,85.0,event
11:26:23.828,1.043139,0.2551292,0.93043804,1.0186048,0.9007033,0.09280326,0.45979702,1.0620517,0.96199,0.1334126,0.41848785,0.6707001,0.8128262,0.11379126,-0.16463774,0.659461,0.32423326,-0.41838935,-0.59538,0.0020752505,738.1685,802.6374,326.77655,798.20514,1051.2454,0.10394287109375,-0.0233154296875,0.9798583984375,2.332763671875,-2.684173583984375,-0.485992431640625,1.0,2.0,1.0,4.0,4.0,85.0,event
11:26:23.829,1.043139,0.2551292,0.93043804,1.0186048,0.9007033,0.09280326,0.45979702,1.0620517,0.96199,0.1334126,0.41848785,0.6707001,0.8128262,0.11379126,-0.16463774,0.659461,0.32423326,-0.41838935,-0.59538,0.0020752505,608.8278,805.8608,922.3077,747.03296,679.34064,0.10394287109375,-0.0233154296875,0.9798583984375,2.332763671875,-2.684173583984375,-0.485992431640625,1.0,2.0,1.0,4.0,4.0,85.0,event
11:26:23.830,1.043139,0.2551292,0.93043804,1.0186048,0.9007033,0.09280326,0.45979702,1.0620517,0.96199,0.1334126,0.41848785,0.6707001,0.8128262,0.11379126,-0.16463774,0.659461,0.32423326,-0.41838935,-0.59538,0.0020752505,693.8461,804.65204,960.58606,713.1868,666.04395,0.10394287109375,-0.0233154296875,0.9798583984375,2.332763671875,-2.684173583984375,-0.485992431640625,1.0,2.0,1.0,4.0,4.0,85.0,event
11:26:23.857,1.043139,0.2551292,0.93043804,1.0186048,0.9007033,0.09280326,0.45979702,1.0620517,0.96199,0.1334126,0.41848785,0.6707001,0.8128262,0.11379126,-0.16463774,0.659461,0.32423326,-0.41838935,-0.59538,0.0020752505,901.3553,808.2784,936.8132,704.7253,761.53845,0.09100341796875,-0.02447509765625,0.9833984375,1.966400146484375,-1.06170654296875,1.757049560546875,1.0,2.0,1.0,4.0,4.0,85.0,event
11:26:23.859,1.043139,0.2551292,0.93043804,1.0186048,0.9007033,0.09280326,0.45979702,1.0620517,0.96199,0.1334126,0.41848785,0.6707001,0.8128262,0.11379126,-0.16463774,0.659461,0.32423326,-0.41838935,-0.59538,0.0020752505,991.2088,807.8755,1141.5018,702.3077,725.6777,0.09100341796875,-0.02447509765625,0.9833984375,1.966400146484375,-1.06170654296875,1.757049560546875,1.0,2.0,1.0,4.0,4.0,85.0,event
11:26:23.860,1.043139,0.2551292,0.93043804,1.0186048,0.9007033,0.09280326,0.45979702,1.0620517,0.96199,0.1334126,0.41848785,0.6707001,0.8128262,0.11379126,-0.16463774,0.659461,0.32423326,-0.41838935,-0.59538,0.0020752505,801.02563,802.23444,1097.5824,676.52014,694.65204,0.09100341796875,-0.02447509765625,0.9833984375,1.966400146484375,-1.06170654296875,1.757049560546875,1.0,2.0,1.0,4.0,4.0,85.0,event
11:26:23.861,1.043139,0.2551292,0.93043804,1.0186048,0.9007033,0.09280326,0.45979702,1.0620517,0.96199,0.1334126,0.41848785,0.6707001,0.8128262,0.11379126,-0.16463774,0.659461,0.32423326,-0.41838935,-0.59538,0.0020752505,606.0073,799.81683,889.2674,651.9414,748.6447,0.09100341796875,-0.02447509765625,0.9833984375,1.966400146484375,-1.06170654296875,1.757049560546875,1.0,2.0,1.0,4.0,4.0,85.0,event
11:26:23.862,1.043139,0.2551292,0.93043804,1.0186048,0.9007033,0.09280326,0.45979702,1.0620517,0.96199,0.1334126,0.41848785,0.6707001,0.8128262,0.11379126,-0.16463774,0.659461,0.32423326,-0.41838935,-0.59538,0.0020752505,662.4176,799.81683,874.7619,671.28204,793.36993,0.09100341796875,-0.02447509765625,0.9833984375,1.966400146484375,-1.06170654296875,1.757049560546875,1.0,2.0,1.0,4.0,4.0,85.0,event
11:26:23.863,1.043139,0.2551292,0.93043804,1.0186048,0.9007033,0.09280326,0.45979702,1.0620517,0.96199,0.1334126,0.41848785,0.6707001,0.8128262,0.11379126,-0.16463774,0.659461,0.32423326,-0.41838935,-0.59538,0.0020752505,886.8498,801.4286,987.1795,648.315,789.7436,0.09100341796875,-0.02447509765625,0.9833984375,1.966400146484375,-1.06170654296875,1.757049560546875,1.0,2.0,1.0,4.0,4.0,85.0,event
11:26:23.864,1.043139,0.2551292,0.93043804,1.0186048,0.9007033,0.09280326,0.45979702,1.0620517,0.96199,0.1334126,0.41848785,0.6707001,0.8128262,0.11379126,-0.16463774,0.659461,0.32423326,-0.41838935,-0.59538,0.0020752505,1001.685,804.65204,933.5897,597.9487,834.4689,0.09100341796875,-0.02447509765625,0.9833984375,1.966400146484375,-1.06170654296875,1.757049560546875,1.0,2.0,1.0,4.0,4.0,85.0,event
11:26:23.865,1.043139,0.2551292,0.93043804,1.0186048,0.9007033,0.09280326,0.45979702,1.0620517,0.96199,0.1334126,0.41848785,0.6707001,0.8128262,0.11379126,-0.16463774,0.659461,0.32423326,-0.41838935,-0.59538,0.0020752505,835.2747,797.8022,621.31866,573.36993,962.6007,0.09100341796875,-0.02447509765625,0.9833984375,1.966400146484375,-1.06170654296875,1.757049560546875,1.0,2.0,1.0,4.0,4.0,85.0,event
11:26:23.869,1.043139,0.2551292,0.93043804,1.0186048,0.9007033,0.09280326,0.45979702,1.0620517,0.96199,0.1334126,0.41848785,0.6707001,0.8128262,0.11379126,-0.16463774,0.659461,0.32423326,-0.41838935,-0.59538,0.0020752505,626.1539,795.78754,416.63004,551.6117,1000.4762,0.09100341796875,-0.02447509765625,0.9833984375,1.966400146484375,-1.06170654296875,1.757049560546875,1.0,2.0,1.0,4.0,4.0,85.0,event
11:26:23.870,1.043139,0.2551292,0.93043804,1.0186048,0.9007033,0.09280326,0.45979702,1.0620517,0.96199,0.1334126,0.41848785,0.6707001,0.8128262,0.11379126,-0.16463774,0.659461,0.32423326,-0.41838935,-0.59538,0.0020752505,658.3883,802.23444,869.5238,533.0769,832.8571,0.09100341796875,-0.02447509765625,0.9833984375,1.966400146484375,-1.06170654296875,1.757049560546875,1.0,2.0,1.0,4.0,4.0,85.0,event
11:26:23.871,1.043139,0.2551292,0.93043804,1.0186048,0.9007033,0.09280326,0.45979702,1.0620517,0.96199,0.1334126,0.41848785,0.6707001,0.8128262,0.11379126,-0.16463774,0.659461,0.32423326,-0.41838935,-0.59538,0.0020752505,873.1502,801.8315,1036.337,502.45422,819.9634,0.09100341796875,-0.02447509765625,0.9833984375,1.966400146484375,-1.06170654296875,1.757049560546875,1.0,2.0,1.0,4.0,4.0,85.0,event
11:26:23.872,1.043139,0.2551292,0.93043804,1.0186048,0.9007033,0.09280326,0.45979702,1.0620517,0.96199,0.1334126,0.41848785,0.6707001,0.8128262,0.11379126,-0.16463774,0.659461,0.32423326,-0.41838935,-0.59538,0.0020752505,1000.4762,800.6227,812.3077,445.2381,920.696,0.09100341796875,-0.02447509765625,0.9833984375,1.966400146484375,-1.06170654296875,1.757049560546875,1.0,2.0,1.0,4.0,4.0,85.0,event
11:26:23.936,1.043139,0.2551292,0.93043804,1.0186048,0.9007033,0.09280326,0.45979702,1.0620517,0.96199,0.1334126,0.41848785,0.6707001,0.8128262,0.11379126,-0.16463774,0.659461,0.32423326,-0.41838935,-0.59538,0.0020752505,867.50916,793.36993,847.76556,366.66666,857.4359,0.08782958984375,-0.0313720703125,0.9779052734375,2.49725341796875,-3.656158447265625,1.128997802734375,1.0,2.0,1.0,4.0,4.0,85.0,event
11:26:23.937,1.043139,0.2551292,0.93043804,1.0186048,0.9007033,0.09280326,0.45979702,1.0620517,0.96199,0.1334126,0.41848785,0.6707001,0.8128262,0.11379126,-0.16463774,0.659461,0.32423326,-0.41838935,-0.59538,0.0020752505,659.19415,793.36993,1046.8132,310.2564,668.0586,0.08782958984375,-0.0313720703125,0.9779052734375,2.49725341796875,-3.656158447265625,1.128997802734375,1.0,2.0,1.0,4.0,4.0,85.0,event
11:26:23.937,1.043139,0.2551292,0.93043804,1.0186048,0.9007033,0.09280326,0.45979702,1.0620517,0.96199,0.1334126,0.41848785,0.6707001,0.8128262,0.11379126,-0.16463774,0.659461,0.32423326,-0.41838935,-0.59538,0.0020752505,654.35895,794.9817,1023.44324,291.72162,655.9707,0.08782958984375,-0.0313720703125,0.9779052734375,2.49725341796875,-3.656158447265625,1.128997802734375,1.0,2.0,1.0,4.0,4.0,85.0,event
11:26:23.938,1.043139,0.2551292,0.93043804,1.0186048,0.9007033,0.09280326,0.45979702,1.0620517,0.96199,0.1334126,0.41848785,0.6707001,0.8128262,0.11379126,-0.16463774,0.659461,0.32423326,-0.41838935,-0.59538,0.0020752505,869.92676,795.78754,998.86444,292.9304,720.84247,0.08782958984375,-0.0313720703125,0.9779052734375,2.49725341796875,-3.656158447265625,1.128997802734375,1.0,2.0,1.0,4.0,4.0,85.0,event
11:26:23.939,1.043139,0.2551292,0.93043804,1.0186048,0.9007033,0.09280326,0.45979702,1.0620517,0.96199,0.1334126,0.41848785,0.6707001,0.8128262,0.11379126,-0.16463774,0.659461,0.32423326,-0.41838935,-0.59538,0.0020752505,1052.8572,800.6227,1093.956,319.92673,738.5714,0.08782958984375,-0.0313720703125,0.9779052734375,2.49725341796875,-3.656158447265625,1.128997802734375,1.0,2.0,1.0,4.0,4.0,85.0,event
11:26:23.940,1.043139,0.2551292,0.93043804,1.0186048,0.9007033,0.09280326,0.45979702,1.0620517,0.96199,0.1334126,0.41848785,0.6707001,0.8128262,0.11379126,-0.16463774,0.659461,0.32423326,-0.41838935,-0.59538,0.0020752505,924.3223,794.57874,915.05493,319.5238,761.9414,0.08782958984375,-0.0313720703125,0.9779052734375,2.49725341796875,-3.656158447265625,1.128997802734375,1.0,2.0,1.0,4.0,4.0,85.0,event
11:26:23.940,1.043139,0.2551292,0.93043804,1.0186048,0.9007033,0.09280326,0.45979702,1.0620517,0.96199,0.1334126,0.41848785,0.6707001,0.8128262,0.11379126,-0.16463774,0.659461,0.32423326,-0.41838935,-0.59538,0.0020752505,672.0879,791.3553,751.06226,316.7033,794.9817,0.08782958984375,-0.0313720703125,0.9779052734375,2.49725341796875,-3.656158447265625,1.128997802734375,1.0,2.0,1.0,4.0,4.0,85.0,event
11:26:23.941,1.043139,0.2551292,0.93043804,1.0186048,0.9007033,0.09280326,0.45979702,1.0620517,0.96199,0.1334126,0.41848785,0.6707001,0.8128262,0.11379126,-0.16463774,0.659461,0.32423326,-0.41838935,-0.59538,0.0020752505,642.27106,790.54944,475.4579,423.07693,983.5531,0.08782958984375,-0.0313720703125,0.9779052734375,2.49725341796875,-3.656158447265625,1.128997802734375,1.0,2.0,1.0,4.0,4.0,85.0,event
11:26:23.942,1.043139,0.2551292,0.93043804,1.0186048,0.9007033,0.09280326,0.45979702,1.0620517,0.96199,0.1334126,0.41848785,0.6707001,0.8128262,0.11379126,-0.16463774,0.659461,0.32423326,-0.41838935,-0.59538,0.0020752505,834.87177,792.5641,645.09155,556.04395,979.12085,0.08782958984375,-0.0313720703125,0.9779052734375,2.49725341796875,-3.656158447265625,1.128997802734375,1.0,2.0,1.0,4.0,4.0,85.0,event
11:26:23.942,1.043139,0.2551292,0.93043804,1.0186048,0.9007033,0.09280326,0.45979702,1.0620517,0.96199,0.1334126,0.41848785,0.6707001,0.8128262,0.11379126,-0.16463774,0.659461,0.32423326,-0.41838935,-0.59538,0.0020752505,1041.5751,794.57874,1282.1245,641.4652,763.5531,0.08782958984375,-0.0313720703125,0.9779052734375,2.49725341796875,-3.656158447265625,1.128997802734375,1.0,2.0,1.0,4.0,4.0,85.0,event
11:26:23.943,1.043139,0.2551292,0.93043804,1.0186048,0.9007033,0.09280326,0.45979702,1.0620517,0.96199,0.1334126,0.41848785,0.6707001,0.8128262,0.11379126,-0.16463774,0.659461,0.32423326,-0.41838935,-0.59538,0.0020752505,985.56775,793.7729,1091.1355,683.36993,808.2784,0.08782958984375,-0.0313720703125,0.9779052734375,2.49725341796875,-3.656158447265625,1.128997802734375,1.0,2.0,1.0,4.0,4.0,85.0,event
11:26:23.944,1.043139,0.2551292,0.93043804,1.0186048,0.9007033,0.09280326,0.45979702,1.0620517,0.96199,0.1334126,0.41848785,0.6707001,0.8128262,0.11379126,-0.16463774,0.659461,0.32423326,-0.41838935,-0.59538,0.0020752505,727.28937,792.96704,801.02563,678.1319,802.6374,0.08782958984375,-0.0313720703125,0.9779052734375,2.49725341796875,-3.656158447265625,1.128997802734375,1.0,2.0,1.0,4.0,4.0,85.0,event
11:26:23.990,1.043139,0.2551292,0.93043804,1.0186048,0.9007033,0.09280326,0.45979702,1.0620517,0.96199,0.1334126,0.41848785,0.6707001,0.8128262,0.11379126,-0.16463774,0.659461,0.32423326,-0.41838935,-0.59538,0.0020752505,633.00366,792.5641,965.0183,677.72894,711.1722,0.09832763671875,-0.0250244140625,0.9853515625,2.863616943359375,-2.968292236328125,-0.396270751953125,1.0,2.0,1.0,4.0,4.0,85.0,event
11:26:23.991,1.043139,0.2551292,0.93043804,1.0186048,0.9007033,0.09280326,0.45979702,1.0620517,0.96199,0.1334126,0.41848785,0.6707001,0.8128262,0.11379126,-0.16463774,0.659461,0.32423326,-0.41838935,-0.59538,0.0020752505,792.5641,786.1172,1043.5897,716.8132,765.9707,0.09832763671875,-0.0250244140625,0.9853515625,2.863616943359375,-2.968292236328125,-0.396270751953125,1.0,2.0,1.0,4.0,4.0,85.0,event
11:26:23.993,1.043139,0.2551292,0.93043804,1.0186048,0.9007033,0.09280326,0.45979702,1.0620517,0.96199,0.1334126,0.41848785,0.6707001,0.8128262,0.11379126,-0.16463774,0.659461,0.32423326,-0.41838935,-0.59538,0.0020752505,1003.69965,782.49084,895.31134,790.9524,929.9634,0.09832763671875,-0.0250244140625,0.9853515625,2.863616943359375,-2.968292236328125,-0.396270751953125,1.0,2.0,1.0,4.0,4.0,85.0,event
11:26:23.994,1.043139,0.2551292,0.93043804,1.0186048,0.9007033,0.09280326,0.45979702,1.0620517,0.96199,0.1334126,0.41848785,0.6707001,0.8128262,0.11379126,-0.16463774,0.659461,0.32423326,-0.41838935,-0.59538,0.0020752505,962.6007,790.9524,829.6337,836.8865,963.00366,0.09832763671875,-0.0250244140625,0.9853515625,2.863616943359375,-2.968292236328125,-0.396270751953125,1.0,2.0,1.0,4.0,4.0,85.0,event
11:26:23.996,1.043139,0.2551292,0.93043804,1.0186048,0.9007033,0.09280326,0.45979702,1.0620517,0.96199,0.1334126,0.41848785,0.6707001,0.8128262,0.11379126,-0.16463774,0.659461,0.32423326,-0.41838935,-0.59538,0.0020752505,716.8132,794.17584,1003.69965,823.5897,782.0879,0.09832763671875,-0.0250244140625,0.9853515625,2.863616943359375,-2.968292236328125,-0.396270751953125,1.0,2.0,1.0,4.0,4.0,85.0,event
11:26:23.997,1.043139,0.2551292,0.93043804,1.0186048,0.9007033,0.09280326,0.45979702,1.0620517,0.96199,0.1334126,0.41848785,0.6707001,0.8128262,0.11379126,-0.16463774,0.659461,0.32423326,-0.41838935,-0.59538,0.0020752505,634.21246,787.72894,925.9341,859.0476,736.1539,0.09832763671875,-0.0250244140625,0.9853515625,2.863616943359375,-2.968292236328125,-0.396270751953125,1.0,2.0,1.0,4.0,4.0,85.0,event
11:26:23.999,1.043139,0.2551292,0.93043804,1.0186048,0.9007033,0.09280326,0.45979702,1.0620517,0.96199,0.1334126,0.41848785,0.6707001,0.8128262,0.11379126,-0.16463774,0.659461,0.32423326,-0.41838935,-0.59538,0.0020752505,777.6557,784.5055,649.92676,889.67035,869.12085,0.09832763671875,-0.0250244140625,0.9853515625,2.863616943359375,-2.968292236328125,-0.396270751953125,1.0,2.0,1.0,4.0,4.0,85.0,event
11:26:24.000,1.043139,0.2551292,0.93043804,1.0186048,0.9007033,0.09280326,0.45979702,1.0620517,0.96199,0.1334126,0.41848785,0.6707001,0.8128262,0.11379126,-0.16463774,0.659461,0.32423326,-0.41838935,-0.59538,0.0020752505,955.7509,789.34064,558.86444,876.3736,936.8132,0.09832763671875,-0.0250244140625,0.9853515625,2.863616943359375,-2.968292236328125,-0.396270751953125,1.0,2.0,1.0,4.0,4.0,85.0,event
11:26:24.001,1.043139,0.2551292,0.93043804,1.0186048,0.9007033,0.09280326,0.45979702,1.0620517,0.96199,0.1334126,0.41848785,0.6707001,0.8128262,0.11379126,-0.16463774,0.659461,0.32423326,-0.41838935,-0.59538,0.0020752505,948.9011,792.96704,997.25275,855.42126,782.49084,0.09832763671875,-0.0250244140625,0.9853515625,2.863616943359375,-2.968292236328125,-0.396270751953125,1.0,2.0,1.0,4.0,4.0,85.0,event
11:26:24.001,1.043139,0.2551292,0.93043804,1.0186048,0.9007033,0.09280326,0.45979702,1.0620517,0.96199,0.1334126,0.41848785,0.6707001,0.8128262,0.11379126,-0.16463774,0.659461,0.32423326,-0.41838935,-0.59538,0.0020752505,722.8571,789.7436,1181.392,797.8022,734.1392,0.09832763671875,-0.0250244140625,0.9853515625,2.863616943359375,-2.968292236328125,-0.396270751953125,1.0,2.0,1.0,4.0,4.0,85.0,event
11:26:24.003,,,,,,,,,,,,,,,,,,,,,,,,,,,,,,,,,,,,,,blink
11:26:24.003,,,,,,,,,,,,,,,,,,,,,,,,,,,,,,,,,,,,,,jaw_clench
11:26:24.005,1.043139,0.2551292,0.93043804,1.0186048,0.9007033,0.09280326,0.45979702,1.0620517,0.96199,0.1334126,0.41848785,0.6707001,0.8128262,0.11379126,-0.16463774,0.659461,0.32423326,-0.41838935,-0.59538,0.0020752505,599.9634,791.3553,851.79486,784.5055,861.4652,0.09832763671875,-0.0250244140625,0.9853515625,2.863616943359375,-2.968292236328125,-0.396270751953125,1.0,2.0,1.0,4.0,4.0,85.0,event
11:26:24.006,1.043139,0.2551292,0.93043804,1.0186048,0.9007033,0.09280326,0.45979702,1.0620517,0.96199,0.1334126,0.41848785,0.6707001,0.8128262,0.11379126,-0.16463774,0.659461,0.32423326,-0.41838935,-0.59538,0.0020752505,717.619,793.7729,914.65204,817.9487,889.67035,0.09832763671875,-0.0250244140625,0.9853515625,2.863616943359375,-2.968292236328125,-0.396270751953125,1.0,2.0,1.0,4.0,4.0,85.0,event
11:26:24.055,1.043139,0.2551292,0.93043804,1.0186048,0.9007033,0.09280326,0.45979702,1.0620517,0.96199,0.1334126,0.41848785,0.6707001,0.8128262,0.11379126,-0.16463774,0.659461,0.32423326,-0.41838935,-0.59538,0.0020752505,967.8388,791.3553,1290.989,829.6337,770.40295,0.09832763671875,-0.0250244140625,0.9853515625,2.863616943359375,-2.968292236328125,-0.396270751953125,1.0,2.0,1.0,4.0,4.0,85.0,event
11:26:24.056,1.043139,0.2551292,0.93043804,1.0186048,0.9007033,0.09280326,0.45979702,1.0620517,0.96199,0.1334126,0.41848785,0.6707001,0.8128262,0.11379126,-0.16463774,0.659461,0.32423326,-0.41838935,-0.59538,0.0020752505,1020.2198,788.1319,1202.7472,820.3663,750.2564,0.09832763671875,-0.0250244140625,0.9853515625,2.863616943359375,-2.968292236328125,-0.396270751953125,1.0,2.0,1.0,4.0,4.0,85.0,event
11:26:24.057,1.043139,0.2551292,0.93043804,1.0186048,0.9007033,0.09280326,0.45979702,1.0620517,0.96199,0.1334126,0.41848785,0.6707001,0.8128262,0.11379126,-0.16463774,0.659461,0.32423326,-0.41838935,-0.59538,0.0020752505,763.95605,782.8938,936.0073,822.7839,748.24176,0.09832763671875,-0.0250244140625,0.9853515625,2.863616943359375,-2.968292236328125,-0.396270751953125,1.0,2.0,1.0,4.0,4.0,85.0,event
11:26:24.058,1.043139,0.2551292,0.93043804,1.0186048,0.9007033,0.09280326,0.45979702,1.0620517,0.96199,0.1334126,0.41848785,0.6707001,0.8128262,0.11379126,-0.16463774,0.659461,0.32423326,-0.41838935,-0.59538,0.0020752505,612.8571,780.4762,902.5641,821.5751,672.8938,0.09832763671875,-0.0250244140625,0.9853515625,2.863616943359375,-2.968292236328125,-0.396270751953125,1.0,2.0,1.0,4.0,4.0,85.0,event
11:26:24.060,1.043139,0.2551292,0.93043804,1.0186048,0.9007033,0.09280326,0.45979702,1.0620517,0.96199,0.1334126,0.41848785,0.6707001,0.8128262,0.11379126,-0.16463774,0.659461,0.32423326,-0.41838935,-0.59538,0.0020752505,702.71063,783.2967,933.9927,832.0513,720.4396,0.09832763671875,-0.0250244140625,0.9853515625,2.863616943359375,-2.968292236328125,-0.396270751953125,1.0,2.0,1.0,4.0,4.0,85.0,event
11:26:24.061,1.043139,0.2551292,0.93043804,1.0186048,0.9007033,0.09280326,0.45979702,1.0620517,0.96199,0.1334126,0.41848785,0.6707001,0.8128262,0.11379126,-0.16463774,0.659461,0.32423326,-0.41838935,-0.59538,0.0020752505,917.0696,785.31134,984.35895,878.7912,807.8755,0.09832763671875,-0.0250244140625,0.9853515625,2.863616943359375,-2.968292236328125,-0.396270751953125,1.0,2.0,1.0,4.0,4.0,85.0,event
11:26:24.063,1.043139,0.2551292,0.93043804,1.0186048,0.9007033,0.09280326,0.45979702,1.0620517,0.96199,0.1334126,0.41848785,0.6707001,0.8128262,0.11379126,-0.16463774,0.659461,0.32423326,-0.41838935,-0.59538,0.0020752505,989.59705,784.10254,608.8278,931.978,1046.8132,0.09832763671875,-0.0250244140625,0.9853515625,2.863616943359375,-2.968292236328125,-0.396270751953125,1.0,2.0,1.0,4.0,4.0,85.0,event
11:26:24.064,1.043139,0.2551292,0.93043804,1.0186048,0.9007033,0.09280326,0.45979702,1.0620517,0.96199,0.1334126,0.41848785,0.6707001,0.8128262,0.11379126,-0.16463774,0.659461,0.32423326,-0.41838935,-0.59538,0.0020752505,791.3553,789.7436,365.8608,946.8865,1082.2711,0.09832763671875,-0.0250244140625,0.9853515625,2.863616943359375,-2.968292236328125,-0.396270751953125,1.0,2.0,1.0,4.0,4.0,85.0,event
11:26:24.064,1.043139,0.2551292,0.93043804,1.0186048,0.9007033,0.09280326,0.45979702,1.0620517,0.96199,0.1334126,0.41848785,0.6707001,0.8128262,0.11379126,-0.16463774,0.659461,0.32423326,-0.41838935,-0.59538,0.0020752505,651.53845,795.38464,938.022,955.34796,747.03296,0.09832763671875,-0.0250244140625,0.9853515625,2.863616943359375,-2.968292236328125,-0.396270751953125,1.0,2.0,1.0,4.0,4.0,85.0,event
11:26:24.065,1.043139,0.2551292,0.93043804,1.0186048,0.9007033,0.09280326,0.45979702,1.0620517,0.96199,0.1334126,0.41848785,0.6707001,0.8128262,0.11379126,-0.16463774,0.659461,0.32423326,-0.41838935,-0.59538,0.0020752505,700.696,790.9524,1089.1208,997.25275,726.4835,0.09832763671875,-0.0250244140625,0.9853515625,2.863616943359375,-2.968292236328125,-0.396270751953125,1.0,2.0,1.0,4.0,4.0,85.0,event
11:26:24.066,1.043139,0.2551292,0.93043804,1.0186048,0.9007033,0.09280326,0.45979702,1.0620517,0.96199,0.1334126,0.41848785,0.6707001,0.8128262,0.11379126,-0.16463774,0.659461,0.32423326,-0.41838935,-0.59538,0.0020752505,1039.5604,788.1319,1178.1685,1054.4689,739.7802,0.09832763671875,-0.0250244140625,0.9853515625,2.863616943359375,-2.968292236328125,-0.396270751953125,1.0,2.0,1.0,4.0,4.0,85.0,event
11:26:24.066,1.043139,0.2551292,0.93043804,1.0186048,0.9007033,0.09280326,0.45979702,1.0620517,0.96199,0.1334126,0.41848785,0.6707001,0.8128262,0.11379126,-0.16463774,0.659461,0.32423326,-0.41838935,-0.59538,0.0020752505,909.81683,786.9231,1055.2748,1026.2638,784.90845,0.09832763671875,-0.0250244140625,0.9853515625,2.863616943359375,-2.968292236328125,-0.396270751953125,1.0,2.0,1.0,4.0,4.0,85.0,event
11:26:24.095,1.043139,0.2551292,0.93043804,1.0186048,0.9007033,0.09280326,0.45979702,1.0620517,0.96199,0.1334126,0.41848785,0.6707001,0.8128262,0.11379126,-0.16463774,0.659461,0.32423326,-0.41838935,-0.59538,0.0020752505,860.65936,792.96704,1218.4615,1076.227,768.3883,0.090576171875,-0.0208740234375,0.9815673828125,2.01873779296875,-3.33465576171875,1.099090576171875,1.0,2.0,1.0,4.0,4.0,85.0,event
11:26:24.096,1.043139,0.2551292,0.93043804,1.0186048,0.9007033,0.09280326,0.45979702,1.0620517,0.96199,0.1334126,0.41848785,0.6707001,0.8128262,0.11379126,-0.16463774,0.659461,0.32423326,-0.41838935,-0.59538,0.0020752505,651.53845,794.57874,974.2857,1074.6154,768.3883,0.090576171875,-0.0208740234375,0.9815673828125,2.01873779296875,-3.33465576171875,1.099090576171875,1.0,2.0,1.0,4.0,4.0,85.0,event
11:26:24.097,1.043139,0.2551292,0.93043804,1.0186048,0.9007033,0.09280326,0.45979702,1.0620517,0.96199,0.1334126,0.41848785,0.6707001,0.8128262,0.11379126,-0.16463774,0.659461,0.32423326,-0.41838935,-0.59538,0.0020752505,674.90845,792.1612,895.7143,1109.2675,740.18317,0.090576171875,-0.0208740234375,0.9815673828125,2.01873779296875,-3.33465576171875,1.099090576171875,1.0,2.0,1.0,4.0,4.0,85.0,event
11:26:24.098,1.043139,0.2551292,0.93043804,1.0186048,0.9007033,0.09280326,0.45979702,1.0620517,0.96199,0.1334126,0.41848785,0.6707001,0.8128262,0.11379126,-0.16463774,0.659461,0.32423326,-0.41838935,-0.59538,0.0020752505,884.83514,789.34064,1224.9084,1126.9963,776.8498,0.090576171875,-0.0208740234375,0.9815673828125,2.01873779296875,-3.33465576171875,1.099090576171875,1.0,2.0,1.0,4.0,4.0,85.0,event
11:26:24.099,1.043139,0.2551292,0.93043804,1.0186048,0.9007033,0.09280326,0.45979702,1.0620517,0.96199,0.1334126,0.41848785,0.6707001,0.8128262,0.11379126,-0.16463774,0.659461,0.32423326,-0.41838935,-0.59538,0.0020752505,1021.8315,787.326,1270.4396,1073.4066,737.76556,0.090576171875,-0.0208740234375,0.9815673828125,2.01873779296875,-3.33465576171875,1.099090576171875,1.0,2.0,1.0,4.0,4.0,85.0,event
11:26:24.099,1.043139,0.2551292,0.93043804,1.0186048,0.9007033,0.09280326,0.45979702,1.0620517,0.96199,0.1334126,0.41848785,0.6707001,0.8128262,0.11379126,-0.16463774,0.659461,0.32423326,-0.41838935,-0.59538,0.0020752505,880.0,777.6557,819.15753,1002.49084,854.21246,0.090576171875,-0.0208740234375,0.9815673828125,2.01873779296875,-3.33465576171875,1.099090576171875,1.0,2.0,1.0,4.0,4.0,85.0,event
11:26:24.100,1.043139,0.2551292,0.93043804,1.0186048,0.9007033,0.09280326,0.45979702,1.0620517,0.96199,0.1334126,0.41848785,0.6707001,0.8128262,0.11379126,-0.16463774,0.659461,0.32423326,-0.41838935,-0.59538,0.0020752505,672.8938,774.43225,523.8095,994.0293,950.9158,0.090576171875,-0.0208740234375,0.9815673828125,2.01873779296875,-3.33465576171875,1.099090576171875,1.0,2.0,1.0,4.0,4.0,85.0,event
11:26:24.101,1.043139,0.2551292,0.93043804,1.0186048,0.9007033,0.09280326,0.45979702,1.0620517,0.96199,0.1334126,0.41848785,0.6707001,0.8128262,0.11379126,-0.16463774,0.659461,0.32423326,-0.41838935,-0.59538,0.0020752505,676.1172,778.86444,743.4066,969.0476,784.10254,0.090576171875,-0.0208740234375,0.9815673828125,2.01873779296875,-3.33465576171875,1.099090576171875,1.0,2.0,1.0,4.0,4.0,85.0,event
11:26:24.101,1.043139,0.2551292,0.93043804,1.0186048,0.9007033,0.09280326,0.45979702,1.0620517,0.96199,0.1334126,0.41848785,0.6707001,0.8128262,0.11379126,-0.16463774,0.659461,0.32423326,-0.41838935,-0.59538,0.0020752505,877.98535,774.43225,1084.6886,913.0403,673.2967,0.090576171875,-0.0208740234375,0.9815673828125,2.01873779296875,-3.33465576171875,1.099090576171875,1.0,2.0,1.0,4.0,4.0,85.0,event
11:26:24.102,1.043139,0.2551292,0.93043804,1.0186048,0.9007033,0.09280326,0.45979702,1.0620517,0.96199,0.1334126,0.41848785,0.6707001,0.8128262,0.11379126,-0.16463774,0.659461,0.32423326,-0.41838935,-0.59538,0.0020752505,1048.8279,770.80585,923.1135,905.38464,859.45056,0.090576171875,-0.0208740234375,0.9815673828125,2.01873779296875,-3.33465576171875,1.099090576171875,1.0,2.0,1.0,4.0,4.0,85.0,event
11:26:24.103,1.043139,0.2551292,0.93043804,1.0186048,0.9007033,0.09280326,0.45979702,1.0620517,0.96199,0.1334126,0.41848785,0.6707001,0.8128262,0.11379126,-0.16463774,0.659461,0.32423326,-0.41838935,-0.59538,0.0020752505,923.91943,774.83514,514.5421,875.16486,989.19415,0.090576171875,-0.0208740234375,0.9815673828125,2.01873779296875,-3.33465576171875,1.099090576171875,1.0,2.0,1.0,4.0,4.0,85.0,event
11:26:24.104,1.043139,0.2551292,0.93043804,1.0186048,0.9007033,0.09280326,0.45979702,1.0620517,0.96199,0.1334126,0.41848785,0.6707001,0.8128262,0.11379126,-0.16463774,0.659461,0.32423326,-0.41838935,-0.59538,0.0020752505,713.9927,774.0293,888.0586,826.0073,748.6447,0.090576171875,-0.0208740234375,0.9815673828125,2.01873779296875,-3.33465576171875,1.099090576171875,1.0,2.0,1.0,4.0,4.0,85.0,event
11:26:24.108,1.043139,0.2551292,0.93043804,1.0186048,0.9007033,0.09280326,0.45979702,1.0620517,0.96199,0.1334126,0.41848785,0.6707001,0.8128262,0.11379126,-0.16463774,0.659461,0.32423326,-0.41838935,-0.59538,0.0020752505,701.50183,774.43225,1133.8462,804.2491,712.7839,0.09344482421875,-0.01470947265625,0.99334716796875,1.981353759765625,-3.566436767578125,0.478515625,1.0,2.0,1.0,4.0,4.0,85.0,event
11:26:24.109,1.043139,0.2551292,0.93043804,1.0186048,0.9007033,0.09280326,0.45979702,1.0620517,0.96199,0.1334126,0.41848785,0.6707001,0.8128262,0.11379126,-0.16463774,0.659461,0.32423326,-0.41838935,-0.59538,0.0020752505,873.1502,775.2381,1085.4945,792.1612,784.5055,0.09344482421875,-0.01470947265625,0.99334716796875,1.981353759765625,-3.566436767578125,0.478515625,1.0,2.0,1.0,4.0,4.0,85.0,event
11:26:24.110,1.043139,0.2551292,0.93043804,1.0186048,0.9007033,0.09280326,0.45979702,1.0620517,0.96199,0.1334126,0.41848785,0.6707001,0.8128262,0.11379126,-0.16463774,0.659461,0.32423326,-0.41838935,-0.59538,0.0020752505,1027.8755,776.8498,1146.7399,807.8755,794.17584,0.09344482421875,-0.01470947265625,0.99334716796875,1.981353759765625,-3.566436767578125,0.478515625,1.0,2.0,1.0,4.0,4.0,85.0,event
11:26:24.111,1.043139,0.2551292,0.93043804,1.0186048,0.9007033,0.09280326,0.45979702,1.0620517,0.96199,0.1334126,0.41848785,0.6707001,0.8128262,0.11379126,-0.16463774,0.659461,0.32423326,-0.41838935,-0.59538,0.0020752505,929.9634,789.34064,1215.238,813.1135,765.9707,0.09344482421875,-0.01470947265625,0.99334716796875,1.981353759765625,-3.566436767578125,0.478515625,1.0,2.0,1.0,4.0,4.0,85.0,event
11:26:24.112,1.043139,0.2551292,0.93043804,1.0186048,0.9007033,0.09280326,0.45979702,1.0620517,0.96199,0.1334126,0.41848785,0.6707001,0.8128262,0.11379126,-0.16463774,0.659461,0.32423326,-0.41838935,-0.59538,0.0020752505,708.3516,788.1319,1060.9158,780.4762,771.2088,0.09344482421875,-0.01470947265625,0.99334716796875,1.981353759765625,-3.566436767578125,0.478515625,1.0,2.0,1.0,4.0,4.0,85.0,event
11:26:24.112,1.043139,0.2551292,0.93043804,1.0186048,0.9007033,0.09280326,0.45979702,1.0620517,0.96199,0.1334126,0.41848785,0.6707001,0.8128262,0.11379126,-0.16463774,0.659461,0.32423326,-0.41838935,-0.59538,0.0020752505,648.71796,784.90845,812.71063,777.6557,824.7985,0.09344482421875,-0.01470947265625,0.99334716796875,1.981353759765625,-3.566436767578125,0.478515625,1.0,2.0,1.0,4.0,4.0,85.0,event
11:26:24.113,1.043139,0.2551292,0.93043804,1.0186048,0.9007033,0.09280326,0.45979702,1.0620517,0.96199,0.1334126,0.41848785,0.6707001,0.8128262,0.11379126,-0.16463774,0.659461,0.32423326,-0.41838935,-0.59538,0.0020752505,813.1135,790.54944,838.9011,803.0403,890.87915,0.09344482421875,-0.01470947265625,0.99334716796875,1.981353759765625,-3.566436767578125,0.478515625,1.0,2.0,1.0,4.0,4.0,85.0,event
11:26:24.114,1.043139,0.2551292,0.93043804,1.0186048,0.9007033,0.09280326,0.45979702,1.0620517,0.96199,0.1334126,0.41848785,0.6707001,0.8128262,0.11379126,-0.16463774,0.659461,0.32423326,-0.41838935,-0.59538,0.0020752505,1016.1905,786.1172,1154.7986,784.10254,872.3443,0.09344482421875,-0.01470947265625,0.99334716796875,1.981353759765625,-3.566436767578125,0.478515625,1.0,2.0,1.0,4.0,4.0,85.0,event
11:26:24.119,1.043139,0.2551292,0.93043804,1.0186048,0.9007033,0.09280326,0.45979702,1.0620517,0.96199,0.1334126,0.41848785,0.6707001,0.8128262,0.11379126,-0.16463774,0.659461,0.32423326,-0.41838935,-0.59538,0.0020752505,972.674,782.8938,1177.3627,736.55676,796.1905,0.09344482421875,-0.01470947265625,0.99334716796875,1.981353759765625,-3.566436767578125,0.478515625,1.0,2.0,1.0,4.0,4.0,85.0,event
11:26:24.120,1.043139,0.2551292,0.93043804,1.0186048,0.9007033,0.09280326,0.45979702,1.0620517,0.96199,0.1334126,0.41848785,0.6707001,0.8128262,0.11379126,-0.16463774,0.659461,0.32423326,-0.41838935,-0.59538,0.0020752505,728.49817,786.52014,665.2381,709.9634,920.293,0.09344482421875,-0.01470947265625,0.99334716796875,1.981353759765625,-3.566436767578125,0.478515625,1.0,2.0,1.0,4.0,4.0,85.0,event
11:26:24.121,1.043139,0.2551292,0.93043804,1.0186048,0.9007033,0.09280326,0.45979702,1.0620517,0.96199,0.1334126,0.41848785,0.6707001,0.8128262,0.11379126,-0.16463774,0.659461,0.32423326,-0.41838935,-0.59538,0.0020752505,645.4945,789.34064,672.8938,703.91943,971.06226,0.09344482421875,-0.01470947265625,0.99334716796875,1.981353759765625,-3.566436767578125,0.478515625,1.0,2.0,1.0,4.0,4.0,85.0,event
11:26:24.122,1.043139,0.2551292,0.93043804,1.0186048,0.9007033,0.09280326,0.45979702,1.0620517,0.96199,0.1334126,0.41848785,0.6707001,0.8128262,0.11379126,-0.16463774,0.659461,0.32423326,-0.41838935,-0.59538,0.0020752505,801.4286,788.93774,1135.8608,728.9011,782.8938,0.09344482421875,-0.01470947265625,0.99334716796875,1.981353759765625,-3.566436767578125,0.478515625,1.0,2.0,1.0,4.0,4.0,85.0,event
11:26:24.195,1.043139,0.2551292,0.93043804,1.0186048,0.9007033,0.09280326,0.45979702,1.0620517,0.96199,0.1334126,0.41848785,0.6707001,0.8128262,0.11379126,-0.16463774,0.659461,0.32423326,-0.41838935,-0.59538,0.0020752505,1025.8608,783.2967,1102.8206,749.85345,749.0476,0.08758544921875,-0.02215576171875,0.97601318359375,1.757049560546875,-2.43743896484375,-0.725250244140625,1.0,2.0,1.0,4.0,4.0,85.0,event
11:26:24.197,1.043139,0.2551292,0.93043804,1.0186048,0.9007033,0.09280326,0.45979702,1.0620517,0.96199,0.1334126,0.41848785,0.6707001,0.8128262,0.11379126,-0.16463774,0.659461,0.32423326,-0.41838935,-0.59538,0.0020752505,988.3883,781.685,837.6923,720.0366,823.9927,0.08758544921875,-0.02215576171875,0.97601318359375,1.757049560546875,-2.43743896484375,-0.725250244140625,1.0,2.0,1.0,4.0,4.0,85.0,event
11:26:24.198,1.043139,0.2551292,0.93043804,1.0186048,0.9007033,0.09280326,0.45979702,1.0620517,0.96199,0.1334126,0.41848785,0.6707001,0.8128262,0.11379126,-0.16463774,0.659461,0.32423326,-0.41838935,-0.59538,0.0020752505,726.8865,786.9231,967.03296,686.5934,740.18317,0.08758544921875,-0.02215576171875,0.97601318359375,1.757049560546875,-2.43743896484375,-0.725250244140625,1.0,2.0,1.0,4.0,4.0,85.0,event
11:26:24.200,1.043139,0.2551292,0.93043804,1.0186048,0.9007033,0.09280326,0.45979702,1.0620517,0.96199,0.1334126,0.41848785,0.6707001,0.8128262,0.11379126,-0.16463774,0.659461,0.32423326,-0.41838935,-0.59538,0.0020752505,631.39197,784.90845,1120.9524,676.1172,685.78754,0.08758544921875,-0.02215576171875,0.97601318359375,1.757049560546875,-2.43743896484375,-0.725250244140625,1.0,2.0,1.0,4.0,4.0,85.0,event
11:26:24.201,1.043139,0.2551292,0.93043804,1.0186048,0.9007033,0.09280326,0.45979702,1.0620517,0.96199,0.1334126,0.41848785,0.6707001,0.8128262,0.11379126,-0.16463774,0.659461,0.32423326,-0.41838935,-0.59538,0.0020752505,752.27106,788.5348,1031.5018,673.69965,754.68866,0.08758544921875,-0.02215576171875,0.97601318359375,1.757049560546875,-2.43743896484375,-0.725250244140625,1.0,2.0,1.0,4.0,4.0,85.0,event
11:26:24.203,1.043139,0.2551292,0.93043804,1.0186048,0.9007033,0.09280326,0.45979702,1.0620517,0.96199,0.1334126,0.41848785,0.6707001,0.8128262,0.11379126,-0.16463774,0.659461,0.32423326,-0.41838935,-0.59538,0.0020752505,977.9121,799.011,863.47986,673.2967,870.7326,0.08758544921875,-0.02215576171875,0.97601318359375,1.757049560546875,-2.43743896484375,-0.725250244140625,1.0,2.0,1.0,4.0,4.0,85.0,event
11:26:24.204,1.043139,0.2551292,0.93043804,1.0186048,0.9007033,0.09280326,0.45979702,1.0620517,0.96199,0.1334126,0.41848785,0.6707001,0.8128262,0.11379126,-0.16463774,0.659461,0.32423326,-0.41838935,-0.59538,0.0020752505,1021.4286,801.4286,888.0586,678.1319,922.3077,0.08758544921875,-0.02215576171875,0.97601318359375,1.757049560546875,-2.43743896484375,-0.725250244140625,1.0,2.0,1.0,4.0,4.0,85.0,event
11:26:24.205,1.043139,0.2551292,0.93043804,1.0186048,0.9007033,0.09280326,0.45979702,1.0620517,0.96199,0.1334126,0.41848785,0.6707001,0.8128262,0.11379126,-0.16463774,0.659461,0.32423326,-0.41838935,-0.59538,0.0020752505,773.6264,803.8461,940.4396,664.83514,815.5311,0.08758544921875,-0.02215576171875,0.97601318359375,1.757049560546875,-2.43743896484375,-0.725250244140625,1.0,2.0,1.0,4.0,4.0,85.0,event
11:26:24.205,1.043139,0.2551292,0.93043804,1.0186048,0.9007033,0.09280326,0.45979702,1.0620517,0.96199,0.1334126,0.41848785,0.6707001,0.8128262,0.11379126,-0.16463774,0.659461,0.32423326,-0.41838935,-0.59538,0.0020752505,622.1245,802.6374,713.1868,644.68866,790.54944,0.08758544921875,-0.02215576171875,0.97601318359375,1.757049560546875,-2.43743896484375,-0.725250244140625,1.0,2.0,1.0,4.0,4.0,85.0,event
11:26:24.206,1.043139,0.2551292,0.93043804,1.0186048,0.9007033,0.09280326,0.45979702,1.0620517,0.96199,0.1334126,0.41848785,0.6707001,0.8128262,0.11379126,-0.16463774,0.659461,0.32423326,-0.41838935,-0.59538,0.0020752505,715.2015,801.02563,429.92673,677.72894,932.7839,0.08758544921875,-0.02215576171875,0.97601318359375,1.757049560546875,-2.43743896484375,-0.725250244140625,1.0,2.0,1.0,4.0,4.0,85.0,event
11:26:24.207,1.043139,0.2551292,0.93043804,1.0186048,0.9007033,0.09280326,0.45979702,1.0620517,0.96199,0.1334126,0.41848785,0.6707001,0.8128262,0.11379126,-0.16463774,0.659461,0.32423326,-0.41838935,-0.59538,0.0020752505,940.4396,798.60803,1003.2967,723.663,842.52747,0.08758544921875,-0.02215576171875,0.97601318359375,1.757049560546875,-2.43743896484375,-0.725250244140625,1.0,2.0,1.0,4.0,4.0,85.0,event
11:26:24.208,1.043139,0.2551292,0.93043804,1.0186048,0.9007033,0.09280326,0.45979702,1.0620517,0.96199,0.1334126,0.41848785,0.6707001,0.8128262,0.11379126,-0.16463774,0.659461,0.32423326,-0.41838935,-0.59538,0.0020752505,1010.14655,795.38464,1328.0586,721.2454,801.4286,0.08758544921875,-0.02215576171875,0.97601318359375,1.757049560546875,-2.43743896484375,-0.725250244140625,1.0,2.0,1.0,4.0,4.0,85.0,event
11:26:24.209,1.043139,0.2551292,0.93043804,1.0186048,0.9007033,0.09280326,0.45979702,1.0620517,0.96199,0.1334126,0.41848785,0.6707001,0.8128262,0.11379126,-0.16463774,0.659461,0.32423326,-0.41838935,-0.59538,0.0020752505,796.99634,792.5641,1057.2894,713.1868,830.4396,0.09429931640625,-0.02093505859375,0.987060546875,1.443023681640625,-3.955230712890625,-0.964508056640625,1.0,2.0,1.0,4.0,4.0,85.0,event
11:26:24.210,1.043139,0.2551292,0.93043804,1.0186048,0.9007033,0.09280326,0.45979702,1.0620517,0.96199,0.1334126,0.41848785,0.6707001,0.8128262,0.11379126,-0.16463774,0.659461,0.32423326,-0.41838935,-0.59538,0.0020752505,626.55676,794.57874,893.2967,714.7985,871.53845,0.09429931640625,-0.02093505859375,0.987060546875,1.443023681640625,-3.955230712890625,-0.964508056640625,1.0,2.0,1.0,4.0,4.0,85.0,event
11:26:24.215,1.043139,0.2551292,0.93043804,1.0186048,0.9007033,0.09280326,0.45979702,1.0620517,0.96199,0.1334126,0.41848785,0.6707001,0.8128262,0.11379126,-0.16463774,0.659461,0.32423326,-0.41838935,-0.59538,0.0020752505,708.3516,800.2198,1056.0806,709.15753,821.1722,0.09429931640625,-0.02093505859375,0.987060546875,1.443023681640625,-3.955230712890625,-0.964508056640625,1.0,2.0,1.0,4.0,4.0,85.0,event
11:26:24.215,1.043139,0.2551292,0.93043804,1.0186048,0.9007033,0.09280326,0.45979702,1.0620517,0.96199,0.1334126,0.41848785,0.6707001,0.8128262,0.11379126,-0.16463774,0.659461,0.32423326,-0.41838935,-0.59538,0.0020752505,937.2161,799.011,1259.9634,712.7839,732.9304,0.09429931640625,-0.02093505859375,0.987060546875,1.443023681640625,-3.955230712890625,-0.964508056640625,1.0,2.0,1.0,4.0,4.0,85.0,event
11:26:24.216,1.043139,0.2551292,0.93043804,1.0186048,0.9007033,0.09280326,0.45979702,1.0620517,0.96199,0.1334126,0.41848785,0.6707001,0.8128262,0.11379126,-0.16463774,0.659461,0.32423326,-0.41838935,-0.59538,0.0020752505,1010.9524,797.8022,946.4835,745.82416,797.8022,0.09429931640625,-0.02093505859375,0.987060546875,1.443023681640625,-3.955230712890625,-0.964508056640625,1.0,2.0,1.0,4.0,4.0,85.0,event
11:26:24.217,1.043139,0.2551292,0.93043804,1.0186048,0.9007033,0.09280326,0.45979702,1.0620517,0.96199,0.1334126,0.41848785,0.6707001,0.8128262,0.11379126,-0.16463774,0.659461,0.32423326,-0.41838935,-0.59538,0.0020752505,817.5458,797.8022,710.7692,757.9121,865.4945,0.09429931640625,-0.02093505859375,0.987060546875,1.443023681640625,-3.955230712890625,-0.964508056640625,1.0,2.0,1.0,4.0,4.0,85.0,event
11:26:24.218,1.043139,0.2551292,0.93043804,1.0186048,0.9007033,0.09280326,0.45979702,1.0620517,0.96199,0.1334126,0.41848785,0.6707001,0.8128262,0.11379126,-0.16463774,0.659461,0.32423326,-0.41838935,-0.59538,0.0020752505,623.73627,797.8022,796.5934,765.16486,828.022,0.09429931640625,-0.02093505859375,0.987060546875,1.443023681640625,-3.955230712890625,-0.964508056640625,1.0,2.0,1.0,4.0,4.0,85.0,event
11:26:24.219,1.043139,0.2551292,0.93043804,1.0186048,0.9007033,0.09280326,0.45979702,1.0620517,0.96199,0.1334126,0.41848785,0.6707001,0.8128262,0.11379126,-0.16463774,0.659461,0.32423326,-0.41838935,-0.59538,0.0020752505,670.4762,796.99634,965.42126,826.0073,807.8755,0.09429931640625,-0.02093505859375,0.987060546875,1.443023681640625,-3.955230712890625,-0.964508056640625,1.0,2.0,1.0,4.0,4.0,85.0,event
11:26:24.219,1.043139,0.2551292,0.93043804,1.0186048,0.9007033,0.09280326,0.45979702,1.0620517,0.96199,0.1334126,0.41848785,0.6707001,0.8128262,0.11379126,-0.16463774,0.659461,0.32423326,-0.41838935,-0.59538,0.0020752505,886.8498,794.9817,1015.38464,893.2967,829.2308,0.09429931640625,-0.02093505859375,0.987060546875,1.443023681640625,-3.955230712890625,-0.964508056640625,1.0,2.0,1.0,4.0,4.0,85.0,event
11:26:24.220,1.043139,0.2551292,0.93043804,1.0186048,0.9007033,0.09280326,0.45979702,1.0620517,0.96199,0.1334126,0.41848785,0.6707001,0.8128262,0.11379126,-0.16463774,0.659461,0.32423326,-0.41838935,-0.59538,0.0020752505,1019.81683,791.75824,1130.6227,933.5897,796.99634,0.09429931640625,-0.02093505859375,0.987060546875,1.443023681640625,-3.955230712890625,-0.964508056640625,1.0,2.0,1.0,4.0,4.0,85.0,event
11:26:24.221,1.043139,0.2551292,0.93043804,1.0186048,0.9007033,0.09280326,0.45979702,1.0620517,0.96199,0.1334126,0.41848785,0.6707001,0.8128262,0.11379126,-0.16463774,0.659461,0.32423326,-0.41838935,-0.59538,0.0020752505,872.74725,790.54944,1197.1062,945.6777,756.7033,0.09429931640625,-0.02093505859375,0.987060546875,1.443023681640625,-3.955230712890625,-0.964508056640625,1.0,2.0,1.0,4.0,4.0,85.0,event
11:26:24.222,1.043139,0.2551292,0.93043804,1.0186048,0.9007033,0.09280326,0.45979702,1.0620517,0.96199,0.1334126,0.41848785,0.6707001,0.8128262,0.11379126,-0.16463774,0.659461,0.32423326,-0.41838935,-0.59538,0.0020752505,651.53845,788.1319,1014.17584,954.5421,783.2967,0.09429931640625,-0.02093505859375,0.987060546875,1.443023681640625,-3.955230712890625,-0.964508056640625,1.0,2.0,1.0,4.0,4.0,85.0,event
11:26:24.244,1.043139,0.2551292,0.93043804,1.0186048,0.9007033,0.09280326,0.45979702,1.0620517,0.96199,0.1334126,0.41848785,0.6707001,0.8128262,0.11379126,-0.16463774,0.659461,0.32423326,-0.41838935,-0.59538,0.0020752505,644.2857,788.93774,576.1905,987.5824,937.619,0.09429931640625,-0.02093505859375,0.987060546875,1.443023681640625,-3.955230712890625,-0.964508056640625,1.0,2.0,1.0,4.0,4.0,85.0,event
11:26:24.245,1.043139,0.2551292,0.93043804,1.0186048,0.9007033,0.09280326,0.45979702,1.0620517,0.96199,0.1334126,0.41848785,0.6707001,0.8128262,0.11379126,-0.16463774,0.659461,0.32423326,-0.41838935,-0.59538,0.0020752505,851.39197,792.96704,782.8938,1027.8755,847.3626,0.09429931640625,-0.02093505859375,0.987060546875,1.443023681640625,-3.955230712890625,-0.964508056640625,1.0,2.0,1.0,4.0,4.0,85.0,event
11:26:24.246,1.043139,0.2551292,0.93043804,1.0186048,0.9007033,0.09280326,0.45979702,1.0620517,0.96199,0.1334126,0.41848785,0.6707001,0.8128262,0.11379126,-0.16463774,0.659461,0.32423326,-0.41838935,-0.59538,0.0020752505,1010.9524,788.1319,1312.3444,1043.1868,749.45056,0.09429931640625,-0.02093505859375,0.987060546875,1.443023681640625,-3.955230712890625,-0.964508056640625,1.0,2.0,1.0,4.0,4.0,85.0,event
11:26:24.247,1.043139,0.2551292,0.93043804,1.0186048,0.9007033,0.09280326,0.45979702,1.0620517,0.96199,0.1334126,0.41848785,0.6707001,0.8128262,0.11379126,-0.16463774,0.659461,0.32423326,-0.41838935,-0.59538,0.0020752505,875.9707,786.52014,1075.0183,1035.5311,840.5128,0.09429931640625,-0.02093505859375,0.987060546875,1.443023681640625,-3.955230712890625,-0.964508056640625,1.0,2.0,1.0,4.0,4.0,85.0,event
11:26:24.247,1.043139,0.2551292,0.93043804,1.0186048,0.9007033,0.09280326,0.45979702,1.0620517,0.96199,0.1334126,0.41848785,0.6707001,0.8128262,0.11379126,-0.16463774,0.659461,0.32423326,-0.41838935,-0.59538,0.0020752505,650.7326,794.17584,790.14655,1031.5018,821.5751,0.09429931640625,-0.02093505859375,0.987060546875,1.443023681640625,-3.955230712890625,-0.964508056640625,1.0,2.0,1.0,4.0,4.0,85.0,event
11:26:24.248,1.043139,0.2551292,0.93043804,1.0186048,0.9007033,0.09280326,0.45979702,1.0620517,0.96199,0.1334126,0.41848785,0.6707001,0.8128262,0.11379126,-0.16463774,0.659461,0.32423326,-0.41838935,-0.59538,0.0020752505,624.94507,792.96704,880.0,1061.7216,855.42126,0.09429931640625,-0.02093505859375,0.987060546875,1.443023681640625,-3.955230712890625,-0.964508056640625,1.0,2.0,1.0,4.0,4.0,85.0,event
11:26:24.249,1.043139,0.2551292,0.93043804,1.0186048,0.9007033,0.09280326,0.45979702,1.0620517,0.96199,0.1334126,0.41848785,0.6707001,0.8128262,0.11379126,-0.16463774,0.659461,0.32423326,-0.41838935,-0.59538,0.0020752505,834.4689,792.96704,1016.5934,1146.337,896.52014,0.09429931640625,-0.02093505859375,0.987060546875,1.443023681640625,-3.955230712890625,-0.964508056640625,1.0,2.0,1.0,4.0,4.0,85.0,event
11:26:24.249,1.043139,0.2551292,0.93043804,1.0186048,0.9007033,0.09280326,0.45979702,1.0620517,0.96199,0.1334126,0.41848785,0.6707001,0.8128262,0.11379126,-0.16463774,0.659461,0.32423326,-0.41838935,-0.59538,0.0020752505,1008.93774,792.1612,865.89746,1226.1172,929.15753,0.09429931640625,-0.02093505859375,0.987060546875,1.443023681640625,-3.955230712890625,-0.964508056640625,1.0,2.0,1.0,4.0,4.0,85.0,event
11:26:24.250,1.043139,0.2551292,0.93043804,1.0186048,0.9007033,0.09280326,0.45979702,1.0620517,0.96199,0.1334126,0.41848785,0.6707001,0.8128262,0.11379126,-0.16463774,0.659461,0.32423326,-0.41838935,-0.59538,0.0020752505,869.12085,788.5348,336.04395,1259.5604,1046.8132,0.09429931640625,-0.02093505859375,0.987060546875,1.443023681640625,-3.955230712890625,-0.964508056640625,1.0,2.0,1.0,4.0,4.0,85.0,event
11:26:24.251,1.043139,0.2551292,0.93043804,1.0186048,0.9007033,0.09280326,0.45979702,1.0620517,0.96199,0.1334126,0.41848785,0.6707001,0.8128262,0.11379126,-0.16463774,0.659461,0.32423326,-0.41838935,-0.59538,0.0020752505,636.63007,792.96704,615.6777,1275.2748,846.55676,0.09429931640625,-0.02093505859375,0.987060546875,1.443023681640625,-3.955230712890625,-0.964508056640625,1.0,2.0,1.0,4.0,4.0,85.0,event
11:26:24.251,1.043139,0.2551292,0.93043804,1.0186048,0.9007033,0.09280326,0.45979702,1.0620517,0.96199,0.1334126,0.41848785,0.6707001,0.8128262,0.11379126,-0.16463774,0.659461,0.32423326,-0.41838935,-0.59538,0.0020752505,598.3516,791.3553,1170.5128,1333.6996,674.5055,0.09429931640625,-0.02093505859375,0.987060546875,1.443023681640625,-3.955230712890625,-0.964508056640625,1.0,2.0,1.0,4.0,4.0,85.0,event
11:26:24.252,1.043139,0.2551292,0.93043804,1.0186048,0.9007033,0.09280326,0.45979702,1.0620517,0.96199,0.1334126,0.41848785,0.6707001,0.8128262,0.11379126,-0.16463774,0.659461,0.32423326,-0.41838935,-0.59538,0.0020752505,760.7326,788.1319,1149.9634,1388.0952,778.0586,0.09429931640625,-0.02093505859375,0.987060546875,1.443023681640625,-3.955230712890625,-0.964508056640625,1.0,2.0,1.0,4.0,4.0,85.0,event
11:26:24.300,1.043139,0.2551292,0.93043804,1.0186048,0.9007033,0.09280326,0.45979702,1.0620517,0.96199,0.1334126,0.41848785,0.6707001,0.8128262,0.11379126,-0.16463774,0.659461,0.32423326,-0.41838935,-0.59538,0.0020752505,959.7802,785.31134,1192.674,1421.1355,771.2088,0.0850830078125,-0.0218505859375,0.97711181640625,0.964508056640625,-1.786956787109375,-0.740203857421875,1.0,2.0,1.0,4.0,4.0,85.0,event
11:26:24.303,1.043139,0.2551292,0.93043804,1.0186048,0.9007033,0.09280326,0.45979702,1.0620517,0.96199,0.1334126,0.41848785,0.6707001,0.8128262,0.11379126,-0.16463774,0.659461,0.32423326,-0.41838935,-0.59538,0.0020752505,923.5165,786.1172,1232.967,1434.8352,742.6007,0.0850830078125,-0.0218505859375,0.97711181640625,0.964508056640625,-1.786956787109375,-0.740203857421875,1.0,2.0,1.0,4.0,4.0,85.0,event
11:26:24.305,1.043139,0.2551292,0.93043804,1.0186048,0.9007033,0.09280326,0.45979702,1.0620517,0.96199,0.1334126,0.41848785,0.6707001,0.8128262,0.11379126,-0.16463774,0.659461,0.32423326,-0.41838935,-0.59538,0.0020752505,707.5458,786.52014,1101.2087,1427.9854,782.8938,0.0850830078125,-0.0218505859375,0.97711181640625,0.964508056640625,-1.786956787109375,-0.740203857421875,1.0,2.0,1.0,4.0,4.0,85.0,event
11:26:24.306,1.043139,0.2551292,0.93043804,1.0186048,0.9007033,0.09280326,0.45979702,1.0620517,0.96199,0.1334126,0.41848785,0.6707001,0.8128262,0.11379126,-0.16463774,0.659461,0.32423326,-0.41838935,-0.59538,0.0020752505,591.0989,787.72894,997.25275,1438.4615,763.1502,0.0850830078125,-0.0218505859375,0.97711181640625,0.964508056640625,-1.786956787109375,-0.740203857421875,1.0,2.0,1.0,4.0,4.0,85.0,event
11:26:24.310,,,,,,,,,,,,,,,,,,,,,,,,,,,,,,,,,,,,,,blink
11:26:24.313,1.043139,0.2551292,0.93043804,1.0186048,0.9007033,0.09280326,0.45979702,1.0620517,0.96199,0.1334126,0.41848785,0.6707001,0.8128262,0.11379126,-0.16463774,0.659461,0.32423326,-0.41838935,-0.59538,0.0020752505,722.4542,790.54944,1106.4469,1454.1758,721.2454,0.0850830078125,-0.0218505859375,0.97711181640625,0.964508056640625,-1.786956787109375,-0.740203857421875,1.0,2.0,1.0,4.0,4.0,85.0,event
11:26:24.314,1.043139,0.2551292,0.93043804,1.0186048,0.9007033,0.09280326,0.45979702,1.0620517,0.96199,0.1334126,0.41848785,0.6707001,0.8128262,0.11379126,-0.16463774,0.659461,0.32423326,-0.41838935,-0.59538,0.0020752505,949.304,789.34064,1054.8718,1449.3407,776.4469,0.0850830078125,-0.0218505859375,0.97711181640625,0.964508056640625,-1.786956787109375,-0.740203857421875,1.0,2.0,1.0,4.0,4.0,85.0,event
11:26:24.316,1.043139,0.2551292,0.93043804,1.0186048,0.9007033,0.09280326,0.45979702,1.0620517,0.96199,0.1334126,0.41848785,0.6707001,0.8128262,0.11379126,-0.16463774,0.659461,0.32423326,-0.41838935,-0.59538,0.0020752505,924.3223,794.17584,946.08057,1415.4945,830.4396,0.0850830078125,-0.0218505859375,0.97711181640625,0.964508056640625,-1.786956787109375,-0.740203857421875,1.0,2.0,1.0,4.0,4.0,85.0,event
11:26:24.317,1.043139,0.2551292,0.93043804,1.0186048,0.9007033,0.09280326,0.45979702,1.0620517,0.96199,0.1334126,0.41848785,0.6707001,0.8128262,0.11379126,-0.16463774,0.659461,0.32423326,-0.41838935,-0.59538,0.0020752505,690.6227,797.3993,518.97437,1399.7803,1121.3553,0.0850830078125,-0.0218505859375,0.97711181640625,0.964508056640625,-1.786956787109375,-0.740203857421875,1.0,2.0,1.0,4.0,4.0,85.0,event
11:26:24.319,1.043139,0.2551292,0.93043804,1.0186048,0.9007033,0.09280326,0.45979702,1.0620517,0.96199,0.1334126,0.41848785,0.6707001,0.8128262,0.11379126,-0.16463774,0.659461,0.32423326,-0.41838935,-0.59538,0.0020752505,603.9927,802.23444,490.76923,1392.9304,1162.0513,0.0850830078125,-0.0218505859375,0.97711181640625,0.964508056640625,-1.786956787109375,-0.740203857421875,1.0,2.0,1.0,4.0,4.0,85.0,event
11:26:24.320,1.043139,0.2551292,0.93043804,1.0186048,0.9007033,0.09280326,0.45979702,1.0620517,0.96199,0.1334126,0.41848785,0.6707001,0.8128262,0.11379126,-0.16463774,0.659461,0.32423326,-0.41838935,-0.59538,0.0020752505,742.1978,803.44324,1230.1465,1365.5311,792.5641,0.0850830078125,-0.0218505859375,0.97711181640625,0.964508056640625,-1.786956787109375,-0.740203857421875,1.0,2.0,1.0,4.0,4.0,85.0,event
11:26:24.321,1.043139,0.2551292,0.93043804,1.0186048,0.9007033,0.09280326,0.45979702,1.0620517,0.96199,0.1334126,0.41848785,0.6707001,0.8128262,0.11379126,-0.16463774,0.659461,0.32423326,-0.41838935,-0.59538,0.0020752505,965.82416,792.5641,994.83514,1388.0952,833.663,0.0850830078125,-0.0218505859375,0.97711181640625,0.964508056640625,-1.786956787109375,-0.740203857421875,1.0,2.0,1.0,4.0,4.0,85.0,event
11:26:24.321,1.043139,0.2551292,0.93043804,1.0186048,0.9007033,0.09280326,0.45979702,1.0620517,0.96199,0.1334126,0.41848785,0.6707001,0.8128262,0.11379126,-0.16463774,0.659461,0.32423326,-0.41838935,-0.59538,0.0020752505,944.87177,793.7729,1258.7546,1371.5751,810.293,0.0850830078125,-0.0218505859375,0.97711181640625,0.964508056640625,-1.786956787109375,-0.740203857421875,1.0,2.0,1.0,4.0,4.0,85.0,event
11:26:24.366,1.043139,0.2551292,0.93043804,1.0186048,0.9007033,0.09280326,0.45979702,1.0620517,0.96199,0.1334126,0.41848785,0.6707001,0.8128262,0.11379126,-0.16463774,0.659461,0.32423326,-0.41838935,-0.59538,0.0020752505,747.8388,797.3993,1019.81683,1384.4689,701.50183,0.08721923828125,-0.02606201171875,0.9888916015625,1.80938720703125,-3.521575927734375,-0.5084228515625,1.0,2.0,1.0,4.0,4.0,85.0,event
11:26:24.368,1.043139,0.2551292,0.93043804,1.0186048,0.9007033,0.09280326,0.45979702,1.0620517,0.96199,0.1334126,0.41848785,0.6707001,0.8128262,0.11379126,-0.16463774,0.659461,0.32423326,-0.41838935,-0.59538,0.0020752505,597.9487,794.57874,1158.8279,1400.586,672.0879,0.08721923828125,-0.02606201171875,0.9888916015625,1.80938720703125,-3.521575927734375,-0.5084228515625,1.0,2.0,1.0,4.0,4.0,85.0,event
11:26:24.369,1.043139,0.2551292,0.93043804,1.0186048,0.9007033,0.09280326,0.45979702,1.0620517,0.96199,0.1334126,0.41848785,0.6707001,0.8128262,0.11379126,-0.16463774,0.659461,0.32423326,-0.41838935,-0.59538,0.0020752505,684.17584,796.1905,1076.227,1418.3151,743.00366,0.08721923828125,-0.02606201171875,0.9888916015625,1.80938720703125,-3.521575927734375,-0.5084228515625,1.0,2.0,1.0,4.0,4.0,85.0,event
11:26:24.371,1.043139,0.2551292,0.93043804,1.0186048,0.9007033,0.09280326,0.45979702,1.0620517,0.96199,0.1334126,0.41848785,0.6707001,0.8128262,0.11379126,-0.16463774,0.659461,0.32423326,-0.41838935,-0.59538,0.0020752505,917.47253,799.81683,1062.5275,1398.9744,785.31134,0.08721923828125,-0.02606201171875,0.9888916015625,1.80938720703125,-3.521575927734375,-0.5084228515625,1.0,2.0,1.0,4.0,4.0,85.0,event
11:26:24.372,1.043139,0.2551292,0.93043804,1.0186048,0.9007033,0.09280326,0.45979702,1.0620517,0.96199,0.1334126,0.41848785,0.6707001,0.8128262,0.11379126,-0.16463774,0.659461,0.32423326,-0.41838935,-0.59538,0.0020752505,978.315,796.1905,1172.9304,1358.2784,767.1795,0.08721923828125,-0.02606201171875,0.9888916015625,1.80938720703125,-3.521575927734375,-0.5084228515625,1.0,2.0,1.0,4.0,4.0,85.0,event
11:26:24.373,1.043139,0.2551292,0.93043804,1.0186048,0.9007033,0.09280326,0.45979702,1.0620517,0.96199,0.1334126,0.41848785,0.6707001,0.8128262,0.11379126,-0.16463774,0.659461,0.32423326,-0.41838935,-0.59538,0.0020752505,762.3443,792.96704,954.94507,1333.6996,801.8315,0.08721923828125,-0.02606201171875,0.9888916015625,1.80938720703125,-3.521575927734375,-0.5084228515625,1.0,2.0,1.0,4.0,4.0,85.0,event
11:26:24.373,1.043139,0.2551292,0.93043804,1.0186048,0.9007033,0.09280326,0.45979702,1.0620517,0.96199,0.1334126,0.41848785,0.6707001,0.8128262,0.11379126,-0.16463774,0.659461,0.32423326,-0.41838935,-0.59538,0.0020752505,594.3223,793.7729,670.4762,1354.652,1008.1319,0.08721923828125,-0.02606201171875,0.9888916015625,1.80938720703125,-3.521575927734375,-0.5084228515625,1.0,2.0,1.0,4.0,4.0,85.0,event
11:26:24.374,1.043139,0.2551292,0.93043804,1.0186048,0.9007033,0.09280326,0.45979702,1.0620517,0.96199,0.1334126,0.41848785,0.6707001,0.8128262,0.11379126,-0.16463774,0.659461,0.32423326,-0.41838935,-0.59538,0.0020752505,664.43225,794.9817,563.69965,1386.4835,1101.6117,0.08721923828125,-0.02606201171875,0.9888916015625,1.80938720703125,-3.521575927734375,-0.5084228515625,1.0,2.0,1.0,4.0,4.0,85.0,event
11:26:24.375,1.043139,0.2551292,0.93043804,1.0186048,0.9007033,0.09280326,0.45979702,1.0620517,0.96199,0.1334126,0.41848785,0.6707001,0.8128262,0.11379126,-0.16463774,0.659461,0.32423326,-0.41838935,-0.59538,0.0020752505,910.2198,798.60803,1046.0073,1398.1685,823.1868,0.08721923828125,-0.02606201171875,0.9888916015625,1.80938720703125,-3.521575927734375,-0.5084228515625,1.0,2.0,1.0,4.0,4.0,85.0,event
11:26:24.376,1.043139,0.2551292,0.93043804,1.0186048,0.9007033,0.09280326,0.45979702,1.0620517,0.96199,0.1334126,0.41848785,0.6707001,0.8128262,0.11379126,-0.16463774,0.659461,0.32423326,-0.41838935,-0.59538,0.0020752505,804.2491,792.96704,1012.1612,1360.6959,857.03296,0.08721923828125,-0.02606201171875,0.9888916015625,1.80938720703125,-3.521575927734375,-0.5084228515625,1.0,2.0,1.0,4.0,4.0,85.0,event
11:26:24.376,1.043139,0.2551292,0.93043804,1.0186048,0.9007033,0.09280326,0.45979702,1.0620517,0.96199,0.1334126,0.41848785,0.6707001,0.8128262,0.11379126,-0.16463774,0.659461,0.32423326,-0.41838935,-0.59538,0.0020752505,1002.49084,797.3993,1320.403,1395.348,765.56775,0.08721923828125,-0.02606201171875,0.9888916015625,1.80938720703125,-3.521575927734375,-0.5084228515625,1.0,2.0,1.0,4.0,4.0,85.0,event
11:26:24.377,1.043139,0.2551292,0.93043804,1.0186048,0.9007033,0.09280326,0.45979702,1.0620517,0.96199,0.1334126,0.41848785,0.6707001,0.8128262,0.11379126,-0.16463774,0.659461,0.32423326,-0.41838935,-0.59538,0.0020752505,595.12823,790.54944,813.91943,1337.7289,881.6117,0.08721923828125,-0.02606201171875,0.9888916015625,1.80938720703125,-3.521575927734375,-0.5084228515625,1.0,2.0,1.0,4.0,4.0,85.0,event
11:26:24.399,1.043139,0.2551292,0.93043804,1.0186048,0.9007033,0.09280326,0.45979702,1.0620517,0.96199,0.1334126,0.41848785,0.6707001,0.8128262,0.11379126,-0.16463774,0.659461,0.32423326,-0.41838935,-0.59538,0.0020752505,627.76556,792.1612,1099.1941,1329.6703,834.0659,0.08245849609375,-0.028564453125,0.9810791015625,1.487884521484375,-2.79632568359375,-0.34393310546875,1.0,2.0,1.0,4.0,4.0,85.0,event
11:26:24.400,1.043139,0.2551292,0.93043804,1.0186048,0.9007033,0.09280326,0.45979702,1.0620517,0.96199,0.1334126,0.41848785,0.6707001,0.8128262,0.11379126,-0.16463774,0.659461,0.32423326,-0.41838935,-0.59538,0.0020752505,859.85345,792.96704,1362.3077,1309.5238,764.35895,0.08245849609375,-0.028564453125,0.9810791015625,1.487884521484375,-2.79632568359375,-0.34393310546875,1.0,2.0,1.0,4.0,4.0,85.0,event
11:26:24.401,1.043139,0.2551292,0.93043804,1.0186048,0.9007033,0.09280326,0.45979702,1.0620517,0.96199,0.1334126,0.41848785,0.6707001,0.8128262,0.11379126,-0.16463774,0.659461,0.32423326,-0.41838935,-0.59538,0.0020752505,961.79486,792.5641,918.68134,1303.4799,876.77655,0.08245849609375,-0.028564453125,0.9810791015625,1.487884521484375,-2.79632568359375,-0.34393310546875,1.0,2.0,1.0,4.0,4.0,85.0,event
11:26:24.402,1.043139,0.2551292,0.93043804,1.0186048,0.9007033,0.09280326,0.45979702,1.0620517,0.96199,0.1334126,0.41848785,0.6707001,0.8128262,0.11379126,-0.16463774,0.659461,0.32423326,-0.41838935,-0.59538,0.0020752505,803.0403,792.5641,710.7692,1274.4689,834.0659,0.08245849609375,-0.028564453125,0.9810791015625,1.487884521484375,-2.79632568359375,-0.34393310546875,1.0,2.0,1.0,4.0,4.0,85.0,event
11:26:24.403,1.043139,0.2551292,0.93043804,1.0186048,0.9007033,0.09280326,0.45979702,1.0620517,0.96199,0.1334126,0.41848785,0.6707001,0.8128262,0.11379126,-0.16463774,0.659461,0.32423326,-0.41838935,-0.59538,0.0020752505,606.4103,786.9231,1032.7106,1208.7913,669.2674,0.08245849609375,-0.028564453125,0.9810791015625,1.487884521484375,-2.79632568359375,-0.34393310546875,1.0,2.0,1.0,4.0,4.0,85.0,event
11:26:24.403,1.043139,0.2551292,0.93043804,1.0186048,0.9007033,0.09280326,0.45979702,1.0620517,0.96199,0.1334126,0.41848785,0.6707001,0.8128262,0.11379126,-0.16463774,0.659461,0.32423326,-0.41838935,-0.59538,0.0020752505,618.49817,787.326,1052.8572,1158.4249,761.53845,0.08245849609375,-0.028564453125,0.9810791015625,1.487884521484375,-2.79632568359375,-0.34393310546875,1.0,2.0,1.0,4.0,4.0,85.0,event
11:26:24.408,1.043139,0.2551292,0.93043804,1.0186048,0.9007033,0.09280326,0.45979702,1.0620517,0.96199,0.1334126,0.41848785,0.6707001,0.8128262,0.11379126,-0.16463774,0.659461,0.32423326,-0.41838935,-0.59538,0.0020752505,822.381,790.14655,661.2088,1144.3224,1010.54944,0.08245849609375,-0.028564453125,0.9810791015625,1.487884521484375,-2.79632568359375,-0.34393310546875,1.0,2.0,1.0,4.0,4.0,85.0,event
11:26:24.409,1.043139,0.2551292,0.93043804,1.0186048,0.9007033,0.09280326,0.45979702,1.0620517,0.96199,0.1334126,0.41848785,0.6707001,0.8128262,0.11379126,-0.16463774,0.659461,0.32423326,-0.41838935,-0.59538,0.0020752505,975.09155,795.38464,691.4286,1115.3114,996.4469,0.08245849609375,-0.028564453125,0.9810791015625,1.487884521484375,-2.79632568359375,-0.34393310546875,1.0,2.0,1.0,4.0,4.0,85.0,event
11:26:24.409,1.043139,0.2551292,0.93043804,1.0186048,0.9007033,0.09280326,0.45979702,1.0620517,0.96199,0.1334126,0.41848785,0.6707001,0.8128262,0.11379126,-0.16463774,0.659461,0.32423326,-0.41838935,-0.59538,0.0020752505,857.8388,799.011,1139.8901,1092.3444,721.2454,0.08245849609375,-0.028564453125,0.9810791015625,1.487884521484375,-2.79632568359375,-0.34393310546875,1.0,2.0,1.0,4.0,4.0,85.0,event
11:26:24.410,1.043139,0.2551292,0.93043804,1.0186048,0.9007033,0.09280326,0.45979702,1.0620517,0.96199,0.1334126,0.41848785,0.6707001,0.8128262,0.11379126,-0.16463774,0.659461,0.32423326,-0.41838935,-0.59538,0.0020752505,618.9011,792.1612,1012.1612,1100.8059,699.89014,0.08245849609375,-0.028564453125,0.9810791015625,1.487884521484375,-2.79632568359375,-0.34393310546875,1.0,2.0,1.0,4.0,4.0,85.0,event
11:26:24.411,1.043139,0.2551292,0.93043804,1.0186048,0.9007033,0.09280326,0.45979702,1.0620517,0.96199,0.1334126,0.41848785,0.6707001,0.8128262,0.11379126,-0.16463774,0.659461,0.32423326,-0.41838935,-0.59538,0.0020752505,590.293,794.17584,1019.81683,1104.0293,804.2491,0.08245849609375,-0.028564453125,0.9810791015625,1.487884521484375,-2.79632568359375,-0.34393310546875,1.0,2.0,1.0,4.0,4.0,85.0,event
11:26:24.412,1.043139,0.2551292,0.93043804,1.0186048,0.9007033,0.09280326,0.45979702,1.0620517,0.96199,0.1334126,0.41848785,0.6707001,0.8128262,0.11379126,-0.16463774,0.659461,0.32423326,-0.41838935,-0.59538,0.0020752505,794.57874,794.57874,1272.0513,1114.9084,798.60803,0.08245849609375,-0.028564453125,0.9810791015625,1.487884521484375,-2.79632568359375,-0.34393310546875,1.0,2.0,1.0,4.0,4.0,85.0,event
11:26:24.452,1.043139,0.2551292,0.93043804,1.0186048,0.9007033,0.09280326,0.45979702,1.0620517,0.96199,0.1334126,0.41848785,0.6707001,0.8128262,0.11379126,-0.16463774,0.659461,0.32423326,-0.41838935,-0.59538,0.0020752505,976.30035,790.54944,1337.326,1112.0879,743.4066,0.0859375,-0.02850341796875,0.9820556640625,1.495361328125,-3.865509033203125,-1.83929443359375,1.0,2.0,1.0,4.0,4.0,85.0,event
11:26:24.454,1.043139,0.2551292,0.93043804,1.0186048,0.9007033,0.09280326,0.45979702,1.0620517,0.96199,0.1334126,0.41848785,0.6707001,0.8128262,0.11379126,-0.16463774,0.659461,0.32423326,-0.41838935,-0.59538,0.0020752505,871.53845,798.60803,1000.4762,1072.1978,738.97437,0.0859375,-0.02850341796875,0.9820556640625,1.495361328125,-3.865509033203125,-1.83929443359375,1.0,2.0,1.0,4.0,4.0,85.0,event
11:26:24.455,1.043139,0.2551292,0.93043804,1.0186048,0.9007033,0.09280326,0.45979702,1.0620517,0.96199,0.1334126,0.41848785,0.6707001,0.8128262,0.11379126,-0.16463774,0.659461,0.32423326,-0.41838935,-0.59538,0.0020752505,624.1392,801.4286,757.1062,1041.1721,743.8095,0.0859375,-0.02850341796875,0.9820556640625,1.495361328125,-3.865509033203125,-1.83929443359375,1.0,2.0,1.0,4.0,4.0,85.0,event
11:26:24.456,1.043139,0.2551292,0.93043804,1.0186048,0.9007033,0.09280326,0.45979702,1.0620517,0.96199,0.1334126,0.41848785,0.6707001,0.8128262,0.11379126,-0.16463774,0.659461,0.32423326,-0.41838935,-0.59538,0.0020752505,587.0696,799.41394,1024.249,1032.3077,680.54944,0.0859375,-0.02850341796875,0.9820556640625,1.495361328125,-3.865509033203125,-1.83929443359375,1.0,2.0,1.0,4.0,4.0,85.0,event
11:26:24.457,1.043139,0.2551292,0.93043804,1.0186048,0.9007033,0.09280326,0.45979702,1.0620517,0.96199,0.1334126,0.41848785,0.6707001,0.8128262,0.11379126,-0.16463774,0.659461,0.32423326,-0.41838935,-0.59538,0.0020752505,778.46155,799.81683,1230.1465,1036.337,653.5531,0.0859375,-0.02850341796875,0.9820556640625,1.495361328125,-3.865509033203125,-1.83929443359375,1.0,2.0,1.0,4.0,4.0,85.0,event
11:26:24.459,1.043139,0.2551292,0.93043804,1.0186048,0.9007033,0.09280326,0.45979702,1.0620517,0.96199,0.1334126,0.41848785,0.6707001,0.8128262,0.11379126,-0.16463774,0.659461,0.32423326,-0.41838935,-0.59538,0.0020752505,956.55676,792.96704,958.97437,1052.0513,900.54944,0.0859375,-0.02850341796875,0.9820556640625,1.495361328125,-3.865509033203125,-1.83929443359375,1.0,2.0,1.0,4.0,4.0,85.0,event
11:26:24.460,1.043139,0.2551292,0.93043804,1.0186048,0.9007033,0.09280326,0.45979702,1.0620517,0.96199,0.1334126,0.41848785,0.6707001,0.8128262,0.11379126,-0.16463774,0.659461,0.32423326,-0.41838935,-0.59538,0.0020752505,880.40295,792.5641,367.47253,1066.5568,1116.1172,0.0859375,-0.02850341796875,0.9820556640625,1.495361328125,-3.865509033203125,-1.83929443359375,1.0,2.0,1.0,4.0,4.0,85.0,event
11:26:24.461,1.043139,0.2551292,0.93043804,1.0186048,0.9007033,0.09280326,0.45979702,1.0620517,0.96199,0.1334126,0.41848785,0.6707001,0.8128262,0.11379126,-0.16463774,0.659461,0.32423326,-0.41838935,-0.59538,0.0020752505,664.43225,796.99634,637.4359,1054.8718,809.89014,0.0859375,-0.02850341796875,0.9820556640625,1.495361328125,-3.865509033203125,-1.83929443359375,1.0,2.0,1.0,4.0,4.0,85.0,event
11:26:24.462,1.043139,0.2551292,0.93043804,1.0186048,0.9007033,0.09280326,0.45979702,1.0620517,0.96199,0.1334126,0.41848785,0.6707001,0.8128262,0.11379126,-0.16463774,0.659461,0.32423326,-0.41838935,-0.59538,0.0020752505,595.5311,794.17584,1133.4432,1067.7656,627.3626,0.0859375,-0.02850341796875,0.9820556640625,1.495361328125,-3.865509033203125,-1.83929443359375,1.0,2.0,1.0,4.0,4.0,85.0,event
11:26:24.463,1.043139,0.2551292,0.93043804,1.0186048,0.9007033,0.09280326,0.45979702,1.0620517,0.96199,0.1334126,0.41848785,0.6707001,0.8128262,0.11379126,-0.16463774,0.659461,0.32423326,-0.41838935,-0.59538,0.0020752505,739.7802,796.1905,1020.6227,1135.8608,737.76556,0.0859375,-0.02850341796875,0.9820556640625,1.495361328125,-3.865509033203125,-1.83929443359375,1.0,2.0,1.0,4.0,4.0,85.0,event
11:26:24.464,1.043139,0.2551292,0.93043804,1.0186048,0.9007033,0.09280326,0.45979702,1.0620517,0.96199,0.1334126,0.41848785,0.6707001,0.8128262,0.11379126,-0.16463774,0.659461,0.32423326,-0.41838935,-0.59538,0.0020752505,949.304,804.2491,1076.227,1193.4799,764.7619,0.0859375,-0.02850341796875,0.9820556640625,1.495361328125,-3.865509033203125,-1.83929443359375,1.0,2.0,1.0,4.0,4.0,85.0,event
11:26:24.465,1.043139,0.2551292,0.93043804,1.0186048,0.9007033,0.09280326,0.45979702,1.0620517,0.96199,0.1334126,0.41848785,0.6707001,0.8128262,0.11379126,-0.16463774,0.659461,0.32423326,-0.41838935,-0.59538,0.0020752505,922.71063,804.2491,1214.0293,1218.0586,757.9121,0.0859375,-0.02850341796875,0.9820556640625,1.495361328125,-3.865509033203125,-1.83929443359375,1.0,2.0,1.0,4.0,4.0,85.0,event
11:26:24.515,1.043139,0.2551292,0.93043804,1.0186048,0.9007033,0.09280326,0.45979702,1.0620517,0.96199,0.1334126,0.41848785,0.6707001,0.8128262,0.11379126,-0.16463774,0.659461,0.32423326,-0.41838935,-0.59538,0.0020752505,692.23444,797.8022,1057.2894,1225.3114,667.25275,0.0859375,-0.02850341796875,0.9820556640625,1.495361328125,-3.865509033203125,-1.83929443359375,1.0,2.0,1.0,4.0,4.0,85.0,event
11:26:24.517,1.043139,0.2551292,0.93043804,1.0186048,0.9007033,0.09280326,0.45979702,1.0620517,0.96199,0.1334126,0.41848785,0.6707001,0.8128262,0.11379126,-0.16463774,0.659461,0.32423326,-0.41838935,-0.59538,0.0020752505,594.7253,795.38464,927.5458,1259.5604,654.7619,0.0859375,-0.02850341796875,0.9820556640625,1.495361328125,-3.865509033203125,-1.83929443359375,1.0,2.0,1.0,4.0,4.0,85.0,event
11:26:24.519,1.043139,0.2551292,0.93043804,1.0186048,0.9007033,0.09280326,0.45979702,1.0620517,0.96199,0.1334126,0.41848785,0.6707001,0.8128262,0.11379126,-0.16463774,0.659461,0.32423326,-0.41838935,-0.59538,0.0020752505,738.1685,795.78754,1085.0916,1304.2858,753.8828,0.0859375,-0.02850341796875,0.9820556640625,1.495361328125,-3.865509033203125,-1.83929443359375,1.0,2.0,1.0,4.0,4.0,85.0,event
11:26:24.521,1.043139,0.2551292,0.93043804,1.0186048,0.9007033,0.09280326,0.45979702,1.0620517,0.96199,0.1334126,0.41848785,0.6707001,0.8128262,0.11379126,-0.16463774,0.659461,0.32423326,-0.41838935,-0.59538,0.0020752505,943.2601,799.41394,1299.4506,1336.5201,811.0989,0.0859375,-0.02850341796875,0.9820556640625,1.495361328125,-3.865509033203125,-1.83929443359375,1.0,2.0,1.0,4.0,4.0,85.0,event
11:26:24.522,1.043139,0.2551292,0.93043804,1.0186048,0.9007033,0.09280326,0.45979702,1.0620517,0.96199,0.1334126,0.41848785,0.6707001,0.8128262,0.11379126,-0.16463774,0.659461,0.32423326,-0.41838935,-0.59538,0.0020752505,909.81683,798.20514,1162.0513,1359.8901,798.60803,0.0859375,-0.02850341796875,0.9820556640625,1.495361328125,-3.865509033203125,-1.83929443359375,1.0,2.0,1.0,4.0,4.0,85.0,event
11:26:24.524,1.043139,0.2551292,0.93043804,1.0186048,0.9007033,0.09280326,0.45979702,1.0620517,0.96199,0.1334126,0.41848785,0.6707001,0.8128262,0.11379126,-0.16463774,0.659461,0.32423326,-0.41838935,-0.59538,0.0020752505,685.38464,794.9817,775.2381,1355.8608,841.31866,0.0859375,-0.02850341796875,0.9820556640625,1.495361328125,-3.865509033203125,-1.83929443359375,1.0,2.0,1.0,4.0,4.0,85.0,event
11:26:24.525,1.043139,0.2551292,0.93043804,1.0186048,0.9007033,0.09280326,0.45979702,1.0620517,0.96199,0.1334126,0.41848785,0.6707001,0.8128262,0.11379126,-0.16463774,0.659461,0.32423326,-0.41838935,-0.59538,0.0020752505,580.2198,797.8022,697.8755,1360.6959,871.13556,0.0859375,-0.02850341796875,0.9820556640625,1.495361328125,-3.865509033203125,-1.83929443359375,1.0,2.0,1.0,4.0,4.0,85.0,event
11:26:24.527,1.043139,0.2551292,0.93043804,1.0186048,0.9007033,0.09280326,0.45979702,1.0620517,0.96199,0.1334126,0.41848785,0.6707001,0.8128262,0.11379126,-0.16463774,0.659461,0.32423326,-0.41838935,-0.59538,0.0020752505,696.6667,802.23444,885.64105,1382.4542,811.0989,0.0859375,-0.02850341796875,0.9820556640625,1.495361328125,-3.865509033203125,-1.83929443359375,1.0,2.0,1.0,4.0,4.0,85.0,event
11:26:24.531,1.043139,0.2551292,0.93043804,1.0186048,0.9007033,0.09280326,0.45979702,1.0620517,0.96199,0.1334126,0.41848785,0.6707001,0.8128262,0.11379126,-0.16463774,0.659461,0.32423326,-0.41838935,-0.59538,0.0020752505,923.1135,805.4579,1133.4432,1392.9304,786.1172,0.0859375,-0.02850341796875,0.9820556640625,1.495361328125,-3.865509033203125,-1.83929443359375,1.0,2.0,1.0,4.0,4.0,85.0,event
11:26:24.532,1.043139,0.2551292,0.93043804,1.0186048,0.9007033,0.09280326,0.45979702,1.0620517,0.96199,0.1334126,0.41848785,0.6707001,0.8128262,0.11379126,-0.16463774,0.659461,0.32423326,-0.41838935,-0.59538,0.0020752505,952.52747,801.02563,628.97437,1366.7399,999.67035,0.0859375,-0.02850341796875,0.9820556640625,1.495361328125,-3.865509033203125,-1.83929443359375,1.0,2.0,1.0,4.0,4.0,85.0,event
11:26:24.533,1.043139,0.2551292,0.93043804,1.0186048,0.9007033,0.09280326,0.45979702,1.0620517,0.96199,0.1334126,0.41848785,0.6707001,0.8128262,0.11379126,-0.16463774,0.659461,0.32423326,-0.41838935,-0.59538,0.0020752505,728.49817,802.6374,439.19415,1304.2858,989.59705,0.0859375,-0.02850341796875,0.9820556640625,1.495361328125,-3.865509033203125,-1.83929443359375,1.0,2.0,1.0,4.0,4.0,85.0,event
11:26:24.533,1.043139,0.2551292,0.93043804,1.0186048,0.9007033,0.09280326,0.45979702,1.0620517,0.96199,0.1334126,0.41848785,0.6707001,0.8128262,0.11379126,-0.16463774,0.659461,0.32423326,-0.41838935,-0.59538,0.0020752505,592.3077,802.23444,1104.0293,1269.6337,715.6044,0.0859375,-0.02850341796875,0.9820556640625,1.495361328125,-3.865509033203125,-1.83929443359375,1.0,2.0,1.0,4.0,4.0,85.0,event
