TimeStamp,Delta_TP9,Delta_AF7,Delta_AF8,Delta_TP10,Theta_TP9,Theta_AF7,Theta_AF8,Theta_TP10,Alpha_TP9,Alpha_AF7,Alpha_AF8,Alpha_TP10,Beta_TP9,Beta_AF7,Beta_AF8,Beta_TP10,Gamma_TP9,Gamma_AF7,Gamma_AF8,Gamma_TP10,RAW_TP9,RAW_AF7,RAW_AF8,RAW_TP10,AUX_RIGHT,Accelerometer_X,Accelerometer_Y,Accelerometer_Z,Gyro_X,Gyro_Y,Gyro_Z,HeadBandOn,HSI_TP9,HSI_AF7,HSI_AF8,HSI_TP10,Battery,Elements
15:31:38.027,0.48491028,1.0311383,1.1112019,1.4538548,0.37220395,0.85851246,0.73612374,1.4575531,0.4595859,0.7763578,0.5144394,1.1706022,0.8206115,0.2606524,0.50542265,0.9229004,0.49224395,0.013384227,0.20948087,0.9872295,838.0952,794.17584,396.88644,793.7729,1018.20514,-0.23016357421875,0.0733642578125,0.93707275390625,-0.067291259765625,-4.66552734375,1.786956787109375,1.0,2.0,1.0,4.0,2.0,100.0,event
15:31:38.028,0.48491028,1.0311383,1.1112019,1.4538548,0.37220395,0.85851246,0.73612374,1.4575531,0.4595859,0.7763578,0.5144394,1.1706022,0.8206115,0.2606524,0.50542265,0.9229004,0.49224395,0.013384227,0.20948087,0.9872295,833.663,818.7546,423.88278,793.36993,846.9597,-0.23016357421875,0.0733642578125,0.93707275390625,-0.067291259765625,-4.66552734375,1.786956787109375,1.0,2.0,1.0,4.0,2.0,100.0,event
15:31:38.030,,,,,,,,,,,,,,,,,,,,,,,,,,,,,,,,,,,,,,blink
15:31:38.032,0.48491028,1.0311383,1.1112019,1.4538548,0.37220395,0.85851246,0.73612374,1.4575531,0.4595859,0.7763578,0.5144394,1.1706022,0.8206115,0.2606524,0.50542265,0.9229004,0.49224395,0.013384227,0.20948087,0.9872295,826.4103,869.92676,417.03296,796.1905,652.74725,-0.23016357421875,0.0733642578125,0.93707275390625,-0.067291259765625,-4.66552734375,1.786956787109375,1.0,2.0,1.0,4.0,2.0,100.0,event
15:31:38.033,0.48491028,1.0311383,1.1112019,1.4538548,0.37220395,0.85851246,0.73612374,1.4575531,0.4595859,0.7763578,0.5144394,1.1706022,0.8206115,0.2606524,0.50542265,0.9229004,0.49224395,0.013384227,0.20948087,0.9872295,803.8461,901.75824,407.36264,798.60803,732.52747,-0.23016357421875,0.0733642578125,0.93707275390625,-0.067291259765625,-4.66552734375,1.786956787109375,1.0,2.0,1.0,4.0,2.0,100.0,event
15:31:38.033,0.48491028,1.0311383,1.1112019,1.4538548,0.37220395,0.85851246,0.73612374,1.4575531,0.4595859,0.7763578,0.5144394,1.1706022,0.8206115,0.2606524,0.50542265,0.9229004,0.49224395,0.013384227,0.20948087,0.9872295,807.47253,918.2784,426.30035,797.3993,793.7729,-0.23016357421875,0.0733642578125,0.93707275390625,-0.067291259765625,-4.66552734375,1.786956787109375,1.0,2.0,1.0,4.0,2.0,100.0,event
15:31:38.034,0.48491028,1.0311383,1.1112019,1.4538548,0.37220395,0.85851246,0.73612374,1.4575531,0.4595859,0.7763578,0.5144394,1.1706022,0.8206115,0.2606524,0.50542265,0.9229004,0.49224395,0.013384227,0.20948087,0.9872295,835.2747,982.3443,466.1905,796.99634,700.696,-0.23016357421875,0.0733642578125,0.93707275390625,-0.067291259765625,-4.66552734375,1.786956787109375,1.0,2.0,1.0,4.0,2.0,100.0,event
15:31:38.057,0.48491028,1.0311383,1.1112019,1.4538548,0.37220395,0.85851246,0.73612374,1.4575531,0.4595859,0.7763578,0.5144394,1.1706022,0.8206115,0.2606524,0.50542265,0.9229004,0.49224395,0.013384227,0.20948087,0.9872295,825.2015,1087.5092,487.54578,792.96704,703.91943,-0.23016357421875,0.0733642578125,0.93707275390625,-0.067291259765625,-4.66552734375,1.786956787109375,1.0,2.0,1.0,4.0,2.0,100.0,event
15:31:38.058,0.48491028,1.0311383,1.1112019,1.4538548,0.37220395,0.85851246,0.73612374,1.4575531,0.4595859,0.7763578,0.5144394,1.1706022,0.8206115,0.2606524,0.50542265,0.9229004,0.49224395,0.013384227,0.20948087,0.9872295,815.5311,1133.8462,464.1758,786.9231,759.12085,-0.23016357421875,0.0733642578125,0.93707275390625,-0.067291259765625,-4.66552734375,1.786956787109375,1.0,2.0,1.0,4.0,2.0,100.0,event
15:31:38.059,0.48491028,1.0311383,1.1112019,1.4538548,0.37220395,0.85851246,0.73612374,1.4575531,0.4595859,0.7763578,0.5144394,1.1706022,0.8206115,0.2606524,0.50542265,0.9229004,0.49224395,0.013384227,0.20948087,0.9872295,829.6337,1132.2344,420.2564,793.36993,828.4249,-0.23016357421875,0.0733642578125,0.93707275390625,-0.067291259765625,-4.66552734375,1.786956787109375,1.0,2.0,1.0,4.0,2.0,100.0,event
15:31:38.060,0.48491028,1.0311383,1.1112019,1.4538548,0.37220395,0.85851246,0.73612374,1.4575531,0.4595859,0.7763578,0.5144394,1.1706022,0.8206115,0.2606524,0.50542265,0.9229004,0.49224395,0.013384227,0.20948087,0.9872295,821.5751,1129.011,413.00366,786.52014,877.5824,-0.23016357421875,0.0733642578125,0.93707275390625,-0.067291259765625,-4.66552734375,1.786956787109375,1.0,2.0,1.0,4.0,2.0,100.0,event
15:31:38.061,0.48491028,1.0311383,1.1112019,1.4538548,0.37220395,0.85851246,0.73612374,1.4575531,0.4595859,0.7763578,0.5144394,1.1706022,0.8206115,0.2606524,0.50542265,0.9229004,0.49224395,0.013384227,0.20948087,0.9872295,823.1868,1117.326,431.13553,779.2674,768.7912,-0.23016357421875,0.0733642578125,0.93707275390625,-0.067291259765625,-4.66552734375,1.786956787109375,1.0,2.0,1.0,4.0,2.0,100.0,event
15:31:38.062,0.48491028,1.0311383,1.1112019,1.4538548,0.37220395,0.85851246,0.73612374,1.4575531,0.4595859,0.7763578,0.5144394,1.1706022,0.8206115,0.2606524,0.50542265,0.9229004,0.49224395,0.013384227,0.20948087,0.9872295,816.7399,1096.3737,433.95605,791.75824,930.7692,-0.23016357421875,0.0733642578125,0.93707275390625,-0.067291259765625,-4.66552734375,1.786956787109375,1.0,2.0,1.0,4.0,2.0,100.0,event
15:31:38.062,0.48491028,1.0311383,1.1112019,1.4538548,0.37220395,0.85851246,0.73612374,1.4575531,0.4595859,0.7763578,0.5144394,1.1706022,0.8206115,0.2606524,0.50542265,0.9229004,0.49224395,0.013384227,0.20948087,0.9872295,807.47253,1083.0769,455.31134,794.17584,1101.6117,-0.23016357421875,0.0733642578125,0.93707275390625,-0.067291259765625,-4.66552734375,1.786956787109375,1.0,2.0,1.0,4.0,2.0,100.0,event
15:31:38.063,0.48491028,1.0311383,1.1112019,1.4538548,0.37220395,0.85851246,0.73612374,1.4575531,0.4595859,0.7763578,0.5144394,1.1706022,0.8206115,0.2606524,0.50542265,0.9229004,0.49224395,0.013384227,0.20948087,0.9872295,819.15753,1077.4359,494.3956,786.1172,782.0879,-0.23016357421875,0.0733642578125,0.93707275390625,-0.067291259765625,-4.66552734375,1.786956787109375,1.0,2.0,1.0,4.0,2.0,100.0,event
15:31:38.064,0.48491028,1.0311383,1.1112019,1.4538548,0.37220395,0.85851246,0.73612374,1.4575531,0.4595859,0.7763578,0.5144394,1.1706022,0.8206115,0.2606524,0.50542265,0.9229004,0.49224395,0.013384227,0.20948087,0.9872295,848.1685,1066.9597,490.3663,793.7729,675.7143,-0.23016357421875,0.0733642578125,0.93707275390625,-0.067291259765625,-4.66552734375,1.786956787109375,1.0,2.0,1.0,4.0,2.0,100.0,event
15:31:38.065,0.48491028,1.0311383,1.1112019,1.4538548,0.37220395,0.85851246,0.73612374,1.4575531,0.4595859,0.7763578,0.5144394,1.1706022,0.8206115,0.2606524,0.50542265,0.9229004,0.49224395,0.013384227,0.20948087,0.9872295,846.1539,1060.5128,485.1282,785.7143,780.4762,-0.23016357421875,0.0733642578125,0.93707275390625,-0.067291259765625,-4.66552734375,1.786956787109375,1.0,2.0,1.0,4.0,2.0,100.0,event
15:31:38.066,0.48491028,1.0311383,1.1112019,1.4538548,0.37220395,0.85851246,0.73612374,1.4575531,0.4595859,0.7763578,0.5144394,1.1706022,0.8206115,0.2606524,0.50542265,0.9229004,0.49224395,0.013384227,0.20948087,0.9872295,787.72894,1053.2601,511.3187,771.2088,753.8828,-0.23016357421875,0.0733642578125,0.93707275390625,-0.067291259765625,-4.66552734375,1.786956787109375,1.0,2.0,1.0,4.0,2.0,100.0,event
15:31:38.067,0.48491028,1.0311383,1.1112019,1.4538548,0.37220395,0.85851246,0.73612374,1.4575531,0.4595859,0.7763578,0.5144394,1.1706022,0.8206115,0.2606524,0.50542265,0.9229004,0.49224395,0.013384227,0.20948087,0.9872295,797.3993,1040.7693,545.56775,778.0586,655.56775,-0.23016357421875,0.0733642578125,0.93707275390625,-0.067291259765625,-4.66552734375,1.786956787109375,1.0,2.0,1.0,4.0,2.0,100.0,event
15:31:38.107,0.48491028,1.0311383,1.1112019,1.4538548,0.37220395,0.85851246,0.73612374,1.4575531,0.4595859,0.7763578,0.5144394,1.1706022,0.8206115,0.2606524,0.50542265,0.9229004,0.49224395,0.013384227,0.20948087,0.9872295,814.7253,1032.3077,580.6227,787.326,651.9414,-0.24810791015625,0.06829833984375,0.9462890625,-0.34393310546875,-5.7122802734375,0.58319091796875,1.0,2.0,1.0,4.0,2.0,100.0,event
15:31:38.109,0.48491028,1.0311383,1.1112019,1.4538548,0.37220395,0.85851246,0.73612374,1.4575531,0.4595859,0.7763578,0.5144394,1.1706022,0.8206115,0.2606524,0.50542265,0.9229004,0.49224395,0.013384227,0.20948087,0.9872295,805.8608,1025.0549,613.663,790.54944,716.0073,-0.24810791015625,0.06829833984375,0.9462890625,-0.34393310546875,-5.7122802734375,0.58319091796875,1.0,2.0,1.0,4.0,2.0,100.0,event
15:31:38.110,0.48491028,1.0311383,1.1112019,1.4538548,0.37220395,0.85851246,0.73612374,1.4575531,0.4595859,0.7763578,0.5144394,1.1706022,0.8206115,0.2606524,0.50542265,0.9229004,0.49224395,0.013384227,0.20948087,0.9872295,822.381,1024.249,645.09155,787.326,770.40295,-0.24810791015625,0.06829833984375,0.9462890625,-0.34393310546875,-5.7122802734375,0.58319091796875,1.0,2.0,1.0,4.0,2.0,100.0,event
15:31:38.111,0.48491028,1.0311383,1.1112019,1.4538548,0.37220395,0.85851246,0.73612374,1.4575531,0.4595859,0.7763578,0.5144394,1.1706022,0.8206115,0.2606524,0.50542265,0.9229004,0.49224395,0.013384227,0.20948087,0.9872295,829.6337,1025.8608,676.1172,791.75824,745.82416,-0.24810791015625,0.06829833984375,0.9462890625,-0.34393310546875,-5.7122802734375,0.58319091796875,1.0,2.0,1.0,4.0,2.0,100.0,event
15:31:38.111,0.48491028,1.0311383,1.1112019,1.4538548,0.37220395,0.85851246,0.73612374,1.4575531,0.4595859,0.7763578,0.5144394,1.1706022,0.8206115,0.2606524,0.50542265,0.9229004,0.49224395,0.013384227,0.20948087,0.9872295,823.1868,1023.8461,699.89014,791.3553,788.1319,-0.24810791015625,0.06829833984375,0.9462890625,-0.34393310546875,-5.7122802734375,0.58319091796875,1.0,2.0,1.0,4.0,2.0,100.0,event
15:31:38.112,0.48491028,1.0311383,1.1112019,1.4538548,0.37220395,0.85851246,0.73612374,1.4575531,0.4595859,0.7763578,0.5144394,1.1706022,0.8206115,0.2606524,0.50542265,0.9229004,0.49224395,0.013384227,0.20948087,0.9872295,833.663,1027.8755,718.4249,784.90845,943.2601,-0.24810791015625,0.06829833984375,0.9462890625,-0.34393310546875,-5.7122802734375,0.58319091796875,1.0,2.0,1.0,4.0,2.0,100.0,event
15:31:38.113,0.48491028,1.0311383,1.1112019,1.4538548,0.37220395,0.85851246,0.73612374,1.4575531,0.4595859,0.7763578,0.5144394,1.1706022,0.8206115,0.2606524,0.50542265,0.9229004,0.49224395,0.013384227,0.20948087,0.9872295,835.6777,1035.5311,741.79486,782.8938,927.5458,-0.24810791015625,0.06829833984375,0.9462890625,-0.34393310546875,-5.7122802734375,0.58319091796875,1.0,2.0,1.0,4.0,2.0,100.0,event
15:31:38.113,0.48491028,1.0311383,1.1112019,1.4538548,0.37220395,0.85851246,0.73612374,1.4575531,0.4595859,0.7763578,0.5144394,1.1706022,0.8206115,0.2606524,0.50542265,0.9229004,0.49224395,0.013384227,0.20948087,0.9872295,828.022,1038.3517,757.9121,776.4469,830.0366,-0.24810791015625,0.06829833984375,0.9462890625,-0.34393310546875,-5.7122802734375,0.58319091796875,1.0,2.0,1.0,4.0,2.0,100.0,event
15:31:38.114,0.48491028,1.0311383,1.1112019,1.4538548,0.37220395,0.85851246,0.73612374,1.4575531,0.4595859,0.7763578,0.5144394,1.1706022,0.8206115,0.2606524,0.50542265,0.9229004,0.49224395,0.013384227,0.20948087,0.9872295,831.6484,1035.5311,767.98535,781.28204,786.9231,-0.24810791015625,0.06829833984375,0.9462890625,-0.34393310546875,-5.7122802734375,0.58319091796875,1.0,2.0,1.0,4.0,2.0,100.0,event
15:31:38.115,0.48491028,1.0311383,1.1112019,1.4538548,0.37220395,0.85851246,0.73612374,1.4575531,0.4595859,0.7763578,0.5144394,1.1706022,0.8206115,0.2606524,0.50542265,0.9229004,0.49224395,0.013384227,0.20948087,0.9872295,830.0366,1021.02563,779.67035,795.78754,972.27106,-0.24810791015625,0.06829833984375,0.9462890625,-0.34393310546875,-5.7122802734375,0.58319091796875,1.0,2.0,1.0,4.0,2.0,100.0,event
15:31:38.120,0.48491028,1.0311383,1.1112019,1.4538548,0.37220395,0.85851246,0.73612374,1.4575531,0.4595859,0.7763578,0.5144394,1.1706022,0.8206115,0.2606524,0.50542265,0.9229004,0.49224395,0.013384227,0.20948087,0.9872295,816.337,1047.2161,809.89014,783.69965,603.9927,-0.24810791015625,0.06829833984375,0.9462890625,-0.34393310546875,-5.7122802734375,0.58319091796875,1.0,2.0,1.0,4.0,2.0,100.0,event
15:31:38.120,0.48491028,1.0311383,1.1112019,1.4538548,0.37220395,0.85851246,0.73612374,1.4575531,0.4595859,0.7763578,0.5144394,1.1706022,0.8206115,0.2606524,0.50542265,0.9229004,0.49224395,0.013384227,0.20948087,0.9872295,819.15753,1020.6227,803.8461,793.36993,861.8681,-0.24810791015625,0.06829833984375,0.9462890625,-0.34393310546875,-5.7122802734375,0.58319091796875,1.0,2.0,1.0,4.0,2.0,100.0,event
15:31:38.169,0.48491028,1.0311383,1.1112019,1.4538548,0.37220395,0.85851246,0.73612374,1.4575531,0.4595859,0.7763578,0.5144394,1.1706022,0.8206115,0.2606524,0.50542265,0.9229004,0.49224395,0.013384227,0.20948087,0.9872295,812.3077,1065.348,805.4579,783.69965,761.53845,-0.23577880859375,0.07196044921875,0.95550537109375,1.697235107421875,-5.585174560546875,-1.383209228515625,1.0,2.0,1.0,4.0,2.0,100.0,event
15:31:38.170,0.48491028,1.0311383,1.1112019,1.4538548,0.37220395,0.85851246,0.73612374,1.4575531,0.4595859,0.7763578,0.5144394,1.1706022,0.8206115,0.2606524,0.50542265,0.9229004,0.49224395,0.013384227,0.20948087,0.9872295,801.8315,1064.9451,808.2784,786.52014,803.0403,-0.23577880859375,0.07196044921875,0.95550537109375,1.697235107421875,-5.585174560546875,-1.383209228515625,1.0,2.0,1.0,4.0,2.0,100.0,event
15:31:38.171,0.48491028,1.0311383,1.1112019,1.4538548,0.37220395,0.85851246,0.73612374,1.4575531,0.4595859,0.7763578,0.5144394,1.1706022,0.8206115,0.2606524,0.50542265,0.9229004,0.49224395,0.013384227,0.20948087,0.9872295,813.1135,1050.8425,806.6667,779.2674,743.00366,-0.23577880859375,0.07196044921875,0.95550537109375,1.697235107421875,-5.585174560546875,-1.383209228515625,1.0,2.0,1.0,4.0,2.0,100.0,event
15:31:38.172,0.48491028,1.0311383,1.1112019,1.4538548,0.37220395,0.85851246,0.73612374,1.4575531,0.4595859,0.7763578,0.5144394,1.1706022,0.8206115,0.2606524,0.50542265,0.9229004,0.49224395,0.013384227,0.20948087,0.9872295,792.5641,1025.8608,801.02563,778.46155,750.2564,-0.23577880859375,0.07196044921875,0.95550537109375,1.697235107421875,-5.585174560546875,-1.383209228515625,1.0,2.0,1.0,4.0,2.0,100.0,event
15:31:38.172,0.48491028,1.0311383,1.1112019,1.4538548,0.37220395,0.85851246,0.73612374,1.4575531,0.4595859,0.7763578,0.5144394,1.1706022,0.8206115,0.2606524,0.50542265,0.9229004,0.49224395,0.013384227,0.20948087,0.9872295,778.46155,1016.1905,800.6227,779.67035,763.5531,-0.23577880859375,0.07196044921875,0.95550537109375,1.697235107421875,-5.585174560546875,-1.383209228515625,1.0,2.0,1.0,4.0,2.0,100.0,event
15:31:38.173,0.48491028,1.0311383,1.1112019,1.4538548,0.37220395,0.85851246,0.73612374,1.4575531,0.4595859,0.7763578,0.5144394,1.1706022,0.8206115,0.2606524,0.50542265,0.9229004,0.49224395,0.013384227,0.20948087,0.9872295,805.05493,1010.54944,801.02563,775.64105,861.8681,-0.23577880859375,0.07196044921875,0.95550537109375,1.697235107421875,-5.585174560546875,-1.383209228515625,1.0,2.0,1.0,4.0,2.0,100.0,event
15:31:38.174,0.48491028,1.0311383,1.1112019,1.4538548,0.37220395,0.85851246,0.73612374,1.4575531,0.4595859,0.7763578,0.5144394,1.1706022,0.8206115,0.2606524,0.50542265,0.9229004,0.49224395,0.013384227,0.20948087,0.9872295,803.44324,993.6264,792.96704,777.6557,898.93774,-0.23577880859375,0.07196044921875,0.95550537109375,1.697235107421875,-5.585174560546875,-1.383209228515625,1.0,2.0,1.0,4.0,2.0,100.0,event
15:31:38.175,0.48491028,1.0311383,1.1112019,1.4538548,0.37220395,0.85851246,0.73612374,1.4575531,0.4595859,0.7763578,0.5144394,1.1706022,0.8206115,0.2606524,0.50542265,0.9229004,0.49224395,0.013384227,0.20948087,0.9872295,795.38464,981.53845,786.52014,779.2674,817.1429,-0.23577880859375,0.07196044921875,0.95550537109375,1.697235107421875,-5.585174560546875,-1.383209228515625,1.0,2.0,1.0,4.0,2.0,100.0,event
15:31:38.176,0.48491028,1.0311383,1.1112019,1.4538548,0.37220395,0.85851246,0.73612374,1.4575531,0.4595859,0.7763578,0.5144394,1.1706022,0.8206115,0.2606524,0.50542265,0.9229004,0.49224395,0.013384227,0.20948087,0.9872295,809.89014,942.4542,780.07324,780.87915,1214.0293,-0.23577880859375,0.07196044921875,0.95550537109375,1.697235107421875,-5.585174560546875,-1.383209228515625,1.0,2.0,1.0,4.0,2.0,100.0,event
15:31:38.176,0.48491028,1.0311383,1.1112019,1.4538548,0.37220395,0.85851246,0.73612374,1.4575531,0.4595859,0.7763578,0.5144394,1.1706022,0.8206115,0.2606524,0.50542265,0.9229004,0.49224395,0.013384227,0.20948087,0.9872295,803.44324,961.39197,774.83514,780.07324,967.4359,-0.23577880859375,0.07196044921875,0.95550537109375,1.697235107421875,-5.585174560546875,-1.383209228515625,1.0,2.0,1.0,4.0,2.0,100.0,event
15:31:38.177,0.48491028,1.0311383,1.1112019,1.4538548,0.37220395,0.85851246,0.73612374,1.4575531,0.4595859,0.7763578,0.5144394,1.1706022,0.8206115,0.2606524,0.50542265,0.9229004,0.49224395,0.013384227,0.20948087,0.9872295,806.26373,939.6337,794.57874,781.28204,886.4469,-0.23577880859375,0.07196044921875,0.95550537109375,1.697235107421875,-5.585174560546875,-1.383209228515625,1.0,2.0,1.0,4.0,2.0,100.0,event
15:31:38.178,0.48491028,1.0311383,1.1112019,1.4538548,0.37220395,0.85851246,0.73612374,1.4575531,0.4595859,0.7763578,0.5144394,1.1706022,0.8206115,0.2606524,0.50542265,0.9229004,0.49224395,0.013384227,0.20948087,0.9872295,788.1319,923.91943,774.0293,772.8205,691.4286,-0.23577880859375,0.07196044921875,0.95550537109375,1.697235107421875,-5.585174560546875,-1.383209228515625,1.0,2.0,1.0,4.0,2.0,100.0,event
15:31:38.203,0.48491028,1.0311383,1.1112019,1.4538548,0.37220395,0.85851246,0.73612374,1.4575531,0.4595859,0.7763578,0.5144394,1.1706022,0.8206115,0.2606524,0.50542265,0.9229004,0.49224395,0.013384227,0.20948087,0.9872295,780.07324,911.8315,764.35895,769.59705,741.79486,-0.21759033203125,0.06903076171875,0.954345703125,3.72344970703125,-9.01702880859375,-2.13836669921875,1.0,2.0,1.0,4.0,2.0,100.0,event
15:31:38.204,0.48491028,1.0311383,1.1112019,1.4538548,0.37220395,0.85851246,0.73612374,1.4575531,0.4595859,0.7763578,0.5144394,1.1706022,0.8206115,0.2606524,0.50542265,0.9229004,0.49224395,0.013384227,0.20948087,0.9872295,803.8461,911.4286,767.1795,783.69965,667.6557,-0.21759033203125,0.06903076171875,0.954345703125,3.72344970703125,-9.01702880859375,-2.13836669921875,1.0,2.0,1.0,4.0,2.0,100.0,event
15:31:38.205,0.48491028,1.0311383,1.1112019,1.4538548,0.37220395,0.85851246,0.73612374,1.4575531,0.4595859,0.7763578,0.5144394,1.1706022,0.8206115,0.2606524,0.50542265,0.9229004,0.49224395,0.013384227,0.20948087,0.9872295,813.5165,907.3993,767.1795,784.90845,635.0183,-0.21759033203125,0.06903076171875,0.954345703125,3.72344970703125,-9.01702880859375,-2.13836669921875,1.0,2.0,1.0,4.0,2.0,100.0,event
15:31:38.206,0.48491028,1.0311383,1.1112019,1.4538548,0.37220395,0.85851246,0.73612374,1.4575531,0.4595859,0.7763578,0.5144394,1.1706022,0.8206115,0.2606524,0.50542265,0.9229004,0.49224395,0.013384227,0.20948087,0.9872295,814.3223,894.90845,759.5238,786.9231,729.707,-0.21759033203125,0.06903076171875,0.954345703125,3.72344970703125,-9.01702880859375,-2.13836669921875,1.0,2.0,1.0,4.0,2.0,100.0,event
15:31:38.207,0.48491028,1.0311383,1.1112019,1.4538548,0.37220395,0.85851246,0.73612374,1.4575531,0.4595859,0.7763578,0.5144394,1.1706022,0.8206115,0.2606524,0.50542265,0.9229004,0.49224395,0.013384227,0.20948087,0.9872295,810.696,880.0,759.5238,786.9231,776.04395,-0.21759033203125,0.06903076171875,0.954345703125,3.72344970703125,-9.01702880859375,-2.13836669921875,1.0,2.0,1.0,4.0,2.0,100.0,event
15:31:38.208,0.48491028,1.0311383,1.1112019,1.4538548,0.37220395,0.85851246,0.73612374,1.4575531,0.4595859,0.7763578,0.5144394,1.1706022,0.8206115,0.2606524,0.50542265,0.9229004,0.49224395,0.013384227,0.20948087,0.9872295,803.0403,874.7619,761.53845,775.64105,800.6227,-0.21759033203125,0.06903076171875,0.954345703125,3.72344970703125,-9.01702880859375,-2.13836669921875,1.0,2.0,1.0,4.0,2.0,100.0,event
15:31:38.209,0.48491028,1.0311383,1.1112019,1.4538548,0.37220395,0.85851246,0.73612374,1.4575531,0.4595859,0.7763578,0.5144394,1.1706022,0.8206115,0.2606524,0.50542265,0.9229004,0.49224395,0.013384227,0.20948087,0.9872295,816.7399,859.85345,743.00366,794.57874,832.0513,-0.21759033203125,0.06903076171875,0.954345703125,3.72344970703125,-9.01702880859375,-2.13836669921875,1.0,2.0,1.0,4.0,2.0,100.0,event
15:31:38.209,0.48491028,1.0311383,1.1112019,1.4538548,0.37220395,0.85851246,0.73612374,1.4575531,0.4595859,0.7763578,0.5144394,1.1706022,0.8206115,0.2606524,0.50542265,0.9229004,0.49224395,0.013384227,0.20948087,0.9872295,806.6667,872.3443,755.4945,785.31134,844.1392,-0.21759033203125,0.06903076171875,0.954345703125,3.72344970703125,-9.01702880859375,-2.13836669921875,1.0,2.0,1.0,4.0,2.0,100.0,event
15:31:38.210,0.48491028,1.0311383,1.1112019,1.4538548,0.37220395,0.85851246,0.73612374,1.4575531,0.4595859,0.7763578,0.5144394,1.1706022,0.8206115,0.2606524,0.50542265,0.9229004,0.49224395,0.013384227,0.20948087,0.9872295,814.7253,851.39197,728.49817,808.68134,977.9121,-0.21759033203125,0.06903076171875,0.954345703125,3.72344970703125,-9.01702880859375,-2.13836669921875,1.0,2.0,1.0,4.0,2.0,100.0,event
15:31:38.211,0.48491028,1.0311383,1.1112019,1.4538548,0.37220395,0.85851246,0.73612374,1.4575531,0.4595859,0.7763578,0.5144394,1.1706022,0.8206115,0.2606524,0.50542265,0.9229004,0.49224395,0.013384227,0.20948087,0.9872295,799.41394,873.1502,720.0366,792.96704,877.5824,-0.21759033203125,0.06903076171875,0.954345703125,3.72344970703125,-9.01702880859375,-2.13836669921875,1.0,2.0,1.0,4.0,2.0,100.0,event
15:31:38.212,0.48491028,1.0311383,1.1112019,1.4538548,0.37220395,0.85851246,0.73612374,1.4575531,0.4595859,0.7763578,0.5144394,1.1706022,0.8206115,0.2606524,0.50542265,0.9229004,0.49224395,0.013384227,0.20948087,0.9872295,763.95605,884.0293,697.47253,754.2857,662.01465,-0.21759033203125,0.06903076171875,0.954345703125,3.72344970703125,-9.01702880859375,-2.13836669921875,1.0,2.0,1.0,4.0,2.0,100.0,event
15:31:38.212,0.48491028,1.0311383,1.1112019,1.4538548,0.37220395,0.85851246,0.73612374,1.4575531,0.4595859,0.7763578,0.5144394,1.1706022,0.8206115,0.2606524,0.50542265,0.9229004,0.49224395,0.013384227,0.20948087,0.9872295,768.3883,874.35895,676.9231,758.315,748.24176,-0.21759033203125,0.06903076171875,0.954345703125,3.72344970703125,-9.01702880859375,-2.13836669921875,1.0,2.0,1.0,4.0,2.0,100.0,event
15:31:38.267,0.48491028,1.0311383,1.1112019,1.4538548,0.37220395,0.85851246,0.73612374,1.4575531,0.4595859,0.7763578,0.5144394,1.1706022,0.8206115,0.2606524,0.50542265,0.9229004,0.49224395,0.013384227,0.20948087,0.9872295,800.6227,872.74725,660.80585,768.3883,814.3223,-0.2021484375,0.07379150390625,0.9703369140625,4.14215087890625,-6.587066650390625,-0.059814453125,1.0,2.0,1.0,4.0,2.0,100.0,event
15:31:38.268,0.48491028,1.0311383,1.1112019,1.4538548,0.37220395,0.85851246,0.73612374,1.4575531,0.4595859,0.7763578,0.5144394,1.1706022,0.8206115,0.2606524,0.50542265,0.9229004,0.49224395,0.013384227,0.20948087,0.9872295,820.3663,876.3736,643.8828,759.92676,709.5604,-0.2021484375,0.07379150390625,0.9703369140625,4.14215087890625,-6.587066650390625,-0.059814453125,1.0,2.0,1.0,4.0,2.0,100.0,event
15:31:38.269,0.48491028,1.0311383,1.1112019,1.4538548,0.37220395,0.85851246,0.73612374,1.4575531,0.4595859,0.7763578,0.5144394,1.1706022,0.8206115,0.2606524,0.50542265,0.9229004,0.49224395,0.013384227,0.20948087,0.9872295,802.23444,871.13556,631.39197,763.5531,691.4286,-0.2021484375,0.07379150390625,0.9703369140625,4.14215087890625,-6.587066650390625,-0.059814453125,1.0,2.0,1.0,4.0,2.0,100.0,event
15:31:38.271,0.48491028,1.0311383,1.1112019,1.4538548,0.37220395,0.85851246,0.73612374,1.4575531,0.4595859,0.7763578,0.5144394,1.1706022,0.8206115,0.2606524,0.50542265,0.9229004,0.49224395,0.013384227,0.20948087,0.9872295,768.7912,859.45056,628.1685,776.8498,885.2381,-0.2021484375,0.07379150390625,0.9703369140625,4.14215087890625,-6.587066650390625,-0.059814453125,1.0,2.0,1.0,4.0,2.0,100.0,event
15:31:38.272,0.48491028,1.0311383,1.1112019,1.4538548,0.37220395,0.85851246,0.73612374,1.4575531,0.4595859,0.7763578,0.5144394,1.1706022,0.8206115,0.2606524,0.50542265,0.9229004,0.49224395,0.013384227,0.20948087,0.9872295,770.40295,853.8095,633.00366,774.83514,890.87915,-0.2021484375,0.07379150390625,0.9703369140625,4.14215087890625,-6.587066650390625,-0.059814453125,1.0,2.0,1.0,4.0,2.0,100.0,event
15:31:38.273,0.48491028,1.0311383,1.1112019,1.4538548,0.37220395,0.85851246,0.73612374,1.4575531,0.4595859,0.7763578,0.5144394,1.1706022,0.8206115,0.2606524,0.50542265,0.9229004,0.49224395,0.013384227,0.20948087,0.9872295,787.326,852.6007,635.0183,771.2088,747.4359,-0.2021484375,0.07379150390625,0.9703369140625,4.14215087890625,-6.587066650390625,-0.059814453125,1.0,2.0,1.0,4.0,2.0,100.0,event
15:31:38.275,0.48491028,1.0311383,1.1112019,1.4538548,0.37220395,0.85851246,0.73612374,1.4575531,0.4595859,0.7763578,0.5144394,1.1706022,0.8206115,0.2606524,0.50542265,0.9229004,0.49224395,0.013384227,0.20948087,0.9872295,786.1172,852.6007,633.00366,772.01465,757.9121,-0.2021484375,0.07379150390625,0.9703369140625,4.14215087890625,-6.587066650390625,-0.059814453125,1.0,2.0,1.0,4.0,2.0,100.0,event
15:31:38.276,0.48491028,1.0311383,1.1112019,1.4538548,0.37220395,0.85851246,0.73612374,1.4575531,0.4595859,0.7763578,0.5144394,1.1706022,0.8206115,0.2606524,0.50542265,0.9229004,0.49224395,0.013384227,0.20948087,0.9872295,798.20514,844.1392,623.3333,784.90845,998.86444,-0.2021484375,0.07379150390625,0.9703369140625,4.14215087890625,-6.587066650390625,-0.059814453125,1.0,2.0,1.0,4.0,2.0,100.0,event
15:31:38.276,0.48491028,1.0311383,1.1112019,1.4538548,0.37220395,0.85851246,0.73612374,1.4575531,0.4595859,0.7763578,0.5144394,1.1706022,0.8206115,0.2606524,0.50542265,0.9229004,0.49224395,0.013384227,0.20948087,0.9872295,808.68134,838.0952,616.8865,790.54944,1110.0732,-0.2021484375,0.07379150390625,0.9703369140625,4.14215087890625,-6.587066650390625,-0.059814453125,1.0,2.0,1.0,4.0,2.0,100.0,event
15:31:38.277,0.48491028,1.0311383,1.1112019,1.4538548,0.37220395,0.85851246,0.73612374,1.4575531,0.4595859,0.7763578,0.5144394,1.1706022,0.8206115,0.2606524,0.50542265,0.9229004,0.49224395,0.013384227,0.20948087,0.9872295,812.71063,835.2747,615.6777,780.87915,797.3993,-0.2021484375,0.07379150390625,0.9703369140625,4.14215087890625,-6.587066650390625,-0.059814453125,1.0,2.0,1.0,4.0,2.0,100.0,event
15:31:38.278,0.48491028,1.0311383,1.1112019,1.4538548,0.37220395,0.85851246,0.73612374,1.4575531,0.4595859,0.7763578,0.5144394,1.1706022,0.8206115,0.2606524,0.50542265,0.9229004,0.49224395,0.013384227,0.20948087,0.9872295,826.0073,821.978,606.4103,777.6557,697.0696,-0.2021484375,0.07379150390625,0.9703369140625,4.14215087890625,-6.587066650390625,-0.059814453125,1.0,2.0,1.0,4.0,2.0,100.0,event
15:31:38.279,0.48491028,1.0311383,1.1112019,1.4538548,0.37220395,0.85851246,0.73612374,1.4575531,0.4595859,0.7763578,0.5144394,1.1706022,0.8206115,0.2606524,0.50542265,0.9229004,0.49224395,0.013384227,0.20948087,0.9872295,805.8608,812.3077,614.0659,792.5641,755.4945,-0.2021484375,0.07379150390625,0.9703369140625,4.14215087890625,-6.587066650390625,-0.059814453125,1.0,2.0,1.0,4.0,2.0,100.0,event
15:31:38.313,0.48491028,1.0311383,1.1112019,1.4538548,0.37220395,0.85851246,0.73612374,1.4575531,0.4595859,0.7763578,0.5144394,1.1706022,0.8206115,0.2606524,0.50542265,0.9229004,0.49224395,0.013384227,0.20948087,0.9872295,785.31134,809.4872,634.61536,794.9817,722.4542,-0.2021484375,0.07379150390625,0.9703369140625,4.14215087890625,-6.587066650390625,-0.059814453125,1.0,2.0,1.0,4.0,2.0,100.0,event
15:31:38.314,0.48491028,1.0311383,1.1112019,1.4538548,0.37220395,0.85851246,0.73612374,1.4575531,0.4595859,0.7763578,0.5144394,1.1706022,0.8206115,0.2606524,0.50542265,0.9229004,0.49224395,0.013384227,0.20948087,0.9872295,799.41394,807.8755,646.30035,789.34064,650.32965,-0.2021484375,0.07379150390625,0.9703369140625,4.14215087890625,-6.587066650390625,-0.059814453125,1.0,2.0,1.0,4.0,2.0,100.0,event
15:31:38.315,0.48491028,1.0311383,1.1112019,1.4538548,0.37220395,0.85851246,0.73612374,1.4575531,0.4595859,0.7763578,0.5144394,1.1706022,0.8206115,0.2606524,0.50542265,0.9229004,0.49224395,0.013384227,0.20948087,0.9872295,814.7253,810.696,664.0293,792.96704,787.326,-0.2021484375,0.07379150390625,0.9703369140625,4.14215087890625,-6.587066650390625,-0.059814453125,1.0,2.0,1.0,4.0,2.0,100.0,event
15:31:38.315,0.48491028,1.0311383,1.1112019,1.4538548,0.37220395,0.85851246,0.73612374,1.4575531,0.4595859,0.7763578,0.5144394,1.1706022,0.8206115,0.2606524,0.50542265,0.9229004,0.49224395,0.013384227,0.20948087,0.9872295,810.293,803.44324,647.1062,793.7729,684.17584,-0.2021484375,0.07379150390625,0.9703369140625,4.14215087890625,-6.587066650390625,-0.059814453125,1.0,2.0,1.0,4.0,2.0,100.0,event
15:31:38.316,0.48491028,1.0311383,1.1112019,1.4538548,0.37220395,0.85851246,0.73612374,1.4575531,0.4595859,0.7763578,0.5144394,1.1706022,0.8206115,0.2606524,0.50542265,0.9229004,0.49224395,0.013384227,0.20948087,0.9872295,810.293,816.7399,672.0879,794.17584,796.99634,-0.2021484375,0.07379150390625,0.9703369140625,4.14215087890625,-6.587066650390625,-0.059814453125,1.0,2.0,1.0,4.0,2.0,100.0,event
15:31:38.317,0.48491028,1.0311383,1.1112019,1.4538548,0.37220395,0.85851246,0.73612374,1.4575531,0.4595859,0.7763578,0.5144394,1.1706022,0.8206115,0.2606524,0.50542265,0.9229004,0.49224395,0.013384227,0.20948087,0.9872295,809.89014,807.8755,676.1172,788.1319,794.57874,-0.2021484375,0.07379150390625,0.9703369140625,4.14215087890625,-6.587066650390625,-0.059814453125,1.0,2.0,1.0,4.0,2.0,100.0,event
15:31:38.317,0.48491028,1.0311383,1.1112019,1.4538548,0.37220395,0.85851246,0.73612374,1.4575531,0.4595859,0.7763578,0.5144394,1.1706022,0.8206115,0.2606524,0.50542265,0.9229004,0.49224395,0.013384227,0.20948087,0.9872295,813.91943,805.4579,698.2784,791.3553,821.5751,-0.2021484375,0.07379150390625,0.9703369140625,4.14215087890625,-6.587066650390625,-0.059814453125,1.0,2.0,1.0,4.0,2.0,100.0,event
15:31:38.318,0.48491028,1.0311383,1.1112019,1.4538548,0.37220395,0.85851246,0.73612374,1.4575531,0.4595859,0.7763578,0.5144394,1.1706022,0.8206115,0.2606524,0.50542265,0.9229004,0.49224395,0.013384227,0.20948087,0.9872295,803.0403,795.78754,704.7253,794.17584,1031.9048,-0.2021484375,0.07379150390625,0.9703369140625,4.14215087890625,-6.587066650390625,-0.059814453125,1.0,2.0,1.0,4.0,2.0,100.0,event
15:31:38.319,0.48491028,1.0311383,1.1112019,1.4538548,0.37220395,0.85851246,0.73612374,1.4575531,0.4595859,0.7763578,0.5144394,1.1706022,0.8206115,0.2606524,0.50542265,0.9229004,0.49224395,0.013384227,0.20948087,0.9872295,799.81683,797.3993,747.4359,784.5055,921.50183,-0.2021484375,0.07379150390625,0.9703369140625,4.14215087890625,-6.587066650390625,-0.059814453125,1.0,2.0,1.0,4.0,2.0,100.0,event
15:31:38.320,0.48491028,1.0311383,1.1112019,1.4538548,0.37220395,0.85851246,0.73612374,1.4575531,0.4595859,0.7763578,0.5144394,1.1706022,0.8206115,0.2606524,0.50542265,0.9229004,0.49224395,0.013384227,0.20948087,0.9872295,808.68134,803.8461,780.07324,781.28204,682.5641,-0.2021484375,0.07379150390625,0.9703369140625,4.14215087890625,-6.587066650390625,-0.059814453125,1.0,2.0,1.0,4.0,2.0,100.0,event
15:31:38.320,0.48491028,1.0311383,1.1112019,1.4538548,0.37220395,0.85851246,0.73612374,1.4575531,0.4595859,0.7763578,0.5144394,1.1706022,0.8206115,0.2606524,0.50542265,0.9229004,0.49224395,0.013384227,0.20948087,0.9872295,819.9634,799.011,792.1612,786.9231,775.2381,-0.2021484375,0.07379150390625,0.9703369140625,4.14215087890625,-6.587066650390625,-0.059814453125,1.0,2.0,1.0,4.0,2.0,100.0,event
15:31:38.321,0.48491028,1.0311383,1.1112019,1.4538548,0.37220395,0.85851246,0.73612374,1.4575531,0.4595859,0.7763578,0.5144394,1.1706022,0.8206115,0.2606524,0.50542265,0.9229004,0.49224395,0.013384227,0.20948087,0.9872295,812.71063,797.3993,811.9048,783.69965,761.13556,-0.2021484375,0.07379150390625,0.9703369140625,4.14215087890625,-6.587066650390625,-0.059814453125,1.0,2.0,1.0,4.0,2.0,100.0,event
15:31:38.323,0.48491028,1.0311383,1.1112019,1.4538548,0.37220395,0.85851246,0.73612374,1.4575531,0.4595859,0.7763578,0.5144394,1.1706022,0.8206115,0.2606524,0.50542265,0.9229004,0.49224395,0.013384227,0.20948087,0.9872295,842.52747,797.3993,785.31134,795.38464,757.9121,-0.20849609375,0.07427978515625,0.96044921875,3.99261474609375,-6.287994384765625,0.949554443359375,1.0,2.0,1.0,4.0,2.0,100.0,event
15:31:38.323,0.48491028,1.0311383,1.1112019,1.4538548,0.37220395,0.85851246,0.73612374,1.4575531,0.4595859,0.7763578,0.5144394,1.1706022,0.8206115,0.2606524,0.50542265,0.9229004,0.49224395,0.013384227,0.20948087,0.9872295,813.91943,794.57874,806.6667,786.1172,697.8755,-0.20849609375,0.07427978515625,0.96044921875,3.99261474609375,-6.287994384765625,0.949554443359375,1.0,2.0,1.0,4.0,2.0,100.0,event
15:31:38.327,0.48491028,1.0311383,1.1112019,1.4538548,0.37220395,0.85851246,0.73612374,1.4575531,0.4595859,0.7763578,0.5144394,1.1706022,0.8206115,0.2606524,0.50542265,0.9229004,0.49224395,0.013384227,0.20948087,0.9872295,850.58606,795.38464,751.8681,794.9817,825.6044,-0.20849609375,0.07427978515625,0.96044921875,3.99261474609375,-6.287994384765625,0.949554443359375,1.0,2.0,1.0,4.0,2.0,100.0,event
15:31:38.328,0.48491028,1.0311383,1.1112019,1.4538548,0.37220395,0.85851246,0.73612374,1.4575531,0.4595859,0.7763578,0.5144394,1.1706022,0.8206115,0.2606524,0.50542265,0.9229004,0.49224395,0.013384227,0.20948087,0.9872295,805.4579,790.9524,735.34796,802.6374,788.93774,-0.20849609375,0.07427978515625,0.96044921875,3.99261474609375,-6.287994384765625,0.949554443359375,1.0,2.0,1.0,4.0,2.0,100.0,event
15:31:38.328,0.48491028,1.0311383,1.1112019,1.4538548,0.37220395,0.85851246,0.73612374,1.4575531,0.4595859,0.7763578,0.5144394,1.1706022,0.8206115,0.2606524,0.50542265,0.9229004,0.49224395,0.013384227,0.20948087,0.9872295,793.36993,790.9524,732.52747,797.8022,761.53845,-0.20849609375,0.07427978515625,0.96044921875,3.99261474609375,-6.287994384765625,0.949554443359375,1.0,2.0,1.0,4.0,2.0,100.0,event
15:31:38.329,0.48491028,1.0311383,1.1112019,1.4538548,0.37220395,0.85851246,0.73612374,1.4575531,0.4595859,0.7763578,0.5144394,1.1706022,0.8206115,0.2606524,0.50542265,0.9229004,0.49224395,0.013384227,0.20948087,0.9872295,810.293,789.34064,732.1245,784.10254,844.5421,-0.20849609375,0.07427978515625,0.96044921875,3.99261474609375,-6.287994384765625,0.949554443359375,1.0,2.0,1.0,4.0,2.0,100.0,event
15:31:38.330,0.48491028,1.0311383,1.1112019,1.4538548,0.37220395,0.85851246,0.73612374,1.4575531,0.4595859,0.7763578,0.5144394,1.1706022,0.8206115,0.2606524,0.50542265,0.9229004,0.49224395,0.013384227,0.20948087,0.9872295,807.8755,786.1172,737.76556,788.5348,1032.7106,-0.20849609375,0.07427978515625,0.96044921875,3.99261474609375,-6.287994384765625,0.949554443359375,1.0,2.0,1.0,4.0,2.0,100.0,event
15:31:38.330,0.48491028,1.0311383,1.1112019,1.4538548,0.37220395,0.85851246,0.73612374,1.4575531,0.4595859,0.7763578,0.5144394,1.1706022,0.8206115,0.2606524,0.50542265,0.9229004,0.49224395,0.013384227,0.20948087,0.9872295,812.3077,792.5641,752.674,788.5348,1048.4249,-0.20849609375,0.07427978515625,0.96044921875,3.99261474609375,-6.287994384765625,0.949554443359375,1.0,2.0,1.0,4.0,2.0,100.0,event
15:31:38.331,0.48491028,1.0311383,1.1112019,1.4538548,0.37220395,0.85851246,0.73612374,1.4575531,0.4595859,0.7763578,0.5144394,1.1706022,0.8206115,0.2606524,0.50542265,0.9229004,0.49224395,0.013384227,0.20948087,0.9872295,807.0696,807.47253,775.2381,784.5055,751.8681,-0.20849609375,0.07427978515625,0.96044921875,3.99261474609375,-6.287994384765625,0.949554443359375,1.0,2.0,1.0,4.0,2.0,100.0,event
15:31:38.332,0.48491028,1.0311383,1.1112019,1.4538548,0.37220395,0.85851246,0.73612374,1.4575531,0.4595859,0.7763578,0.5144394,1.1706022,0.8206115,0.2606524,0.50542265,0.9229004,0.49224395,0.013384227,0.20948087,0.9872295,802.6374,805.05493,771.6117,788.93774,698.2784,-0.20849609375,0.07427978515625,0.96044921875,3.99261474609375,-6.287994384765625,0.949554443359375,1.0,2.0,1.0,4.0,2.0,100.0,event
15:31:38.332,0.48491028,1.0311383,1.1112019,1.4538548,0.37220395,0.85851246,0.73612374,1.4575531,0.4595859,0.7763578,0.5144394,1.1706022,0.8206115,0.2606524,0.50542265,0.9229004,0.49224395,0.013384227,0.20948087,0.9872295,812.71063,799.011,777.6557,784.90845,852.6007,-0.20849609375,0.07427978515625,0.96044921875,3.99261474609375,-6.287994384765625,0.949554443359375,1.0,2.0,1.0,4.0,2.0,100.0,event
15:31:38.333,0.48491028,1.0311383,1.1112019,1.4538548,0.37220395,0.85851246,0.73612374,1.4575531,0.4595859,0.7763578,0.5144394,1.1706022,0.8206115,0.2606524,0.50542265,0.9229004,0.49224395,0.013384227,0.20948087,0.9872295,808.68134,797.8022,802.6374,784.5055,879.19415,-0.20849609375,0.07427978515625,0.96044921875,3.99261474609375,-6.287994384765625,0.949554443359375,1.0,2.0,1.0,4.0,2.0,100.0,event
15:31:38.384,0.48491028,1.0311383,1.1112019,1.4538548,0.37220395,0.85851246,0.73612374,1.4575531,0.4595859,0.7763578,0.5144394,1.1706022,0.8206115,0.2606524,0.50542265,0.9229004,0.49224395,0.013384227,0.20948087,0.9872295,798.60803,795.78754,803.8461,785.31134,687.3993,-0.19549560546875,0.0831298828125,0.9727783203125,3.028106689453125,-5.562744140625,0.740203857421875,1.0,2.0,1.0,4.0,2.0,100.0,event
15:31:38.386,0.48491028,1.0311383,1.1112019,1.4538548,0.37220395,0.85851246,0.73612374,1.4575531,0.4595859,0.7763578,0.5144394,1.1706022,0.8206115,0.2606524,0.50542265,0.9229004,0.49224395,0.013384227,0.20948087,0.9872295,794.17584,791.3553,788.93774,788.5348,708.3516,-0.19549560546875,0.0831298828125,0.9727783203125,3.028106689453125,-5.562744140625,0.740203857421875,1.0,2.0,1.0,4.0,2.0,100.0,event
15:31:38.387,0.48491028,1.0311383,1.1112019,1.4538548,0.37220395,0.85851246,0.73612374,1.4575531,0.4595859,0.7763578,0.5144394,1.1706022,0.8206115,0.2606524,0.50542265,0.9229004,0.49224395,0.013384227,0.20948087,0.9872295,813.1135,784.90845,784.5055,794.9817,839.304,-0.19549560546875,0.0831298828125,0.9727783203125,3.028106689453125,-5.562744140625,0.740203857421875,1.0,2.0,1.0,4.0,2.0,100.0,event
15:31:38.388,0.48491028,1.0311383,1.1112019,1.4538548,0.37220395,0.85851246,0.73612374,1.4575531,0.4595859,0.7763578,0.5144394,1.1706022,0.8206115,0.2606524,0.50542265,0.9229004,0.49224395,0.013384227,0.20948087,0.9872295,813.5165,778.0586,783.2967,792.1612,753.47986,-0.19549560546875,0.0831298828125,0.9727783203125,3.028106689453125,-5.562744140625,0.740203857421875,1.0,2.0,1.0,4.0,2.0,100.0,event
15:31:38.390,0.48491028,1.0311383,1.1112019,1.4538548,0.37220395,0.85851246,0.73612374,1.4575531,0.4595859,0.7763578,0.5144394,1.1706022,0.8206115,0.2606524,0.50542265,0.9229004,0.49224395,0.013384227,0.20948087,0.9872295,804.2491,776.04395,794.57874,786.9231,660.80585,-0.19549560546875,0.0831298828125,0.9727783203125,3.028106689453125,-5.562744140625,0.740203857421875,1.0,2.0,1.0,4.0,2.0,100.0,event
15:31:38.391,0.48491028,1.0311383,1.1112019,1.4538548,0.37220395,0.85851246,0.73612374,1.4575531,0.4595859,0.7763578,0.5144394,1.1706022,0.8206115,0.2606524,0.50542265,0.9229004,0.49224395,0.013384227,0.20948087,0.9872295,811.0989,771.6117,825.6044,796.99634,773.22345,-0.19549560546875,0.0831298828125,0.9727783203125,3.028106689453125,-5.562744140625,0.740203857421875,1.0,2.0,1.0,4.0,2.0,100.0,event
15:31:38.392,0.48491028,1.0311383,1.1112019,1.4538548,0.37220395,0.85851246,0.73612374,1.4575531,0.4595859,0.7763578,0.5144394,1.1706022,0.8206115,0.2606524,0.50542265,0.9229004,0.49224395,0.013384227,0.20948087,0.9872295,802.23444,763.5531,830.84247,809.89014,983.1502,-0.19549560546875,0.0831298828125,0.9727783203125,3.028106689453125,-5.562744140625,0.740203857421875,1.0,2.0,1.0,4.0,2.0,100.0,event
15:31:38.393,0.48491028,1.0311383,1.1112019,1.4538548,0.37220395,0.85851246,0.73612374,1.4575531,0.4595859,0.7763578,0.5144394,1.1706022,0.8206115,0.2606524,0.50542265,0.9229004,0.49224395,0.013384227,0.20948087,0.9872295,813.5165,758.71796,798.60803,808.2784,843.73627,-0.19549560546875,0.0831298828125,0.9727783203125,3.028106689453125,-5.562744140625,0.740203857421875,1.0,2.0,1.0,4.0,2.0,100.0,event
15:31:38.393,0.48491028,1.0311383,1.1112019,1.4538548,0.37220395,0.85851246,0.73612374,1.4575531,0.4595859,0.7763578,0.5144394,1.1706022,0.8206115,0.2606524,0.50542265,0.9229004,0.49224395,0.013384227,0.20948087,0.9872295,806.26373,720.84247,759.5238,802.23444,631.39197,-0.19549560546875,0.0831298828125,0.9727783203125,3.028106689453125,-5.562744140625,0.740203857421875,1.0,2.0,1.0,4.0,2.0,100.0,event
15:31:38.394,0.48491028,1.0311383,1.1112019,1.4538548,0.37220395,0.85851246,0.73612374,1.4575531,0.4595859,0.7763578,0.5144394,1.1706022,0.8206115,0.2606524,0.50542265,0.9229004,0.49224395,0.013384227,0.20948087,0.9872295,794.57874,680.54944,769.19415,796.1905,809.4872,-0.19549560546875,0.0831298828125,0.9727783203125,3.028106689453125,-5.562744140625,0.740203857421875,1.0,2.0,1.0,4.0,2.0,100.0,event
15:31:38.395,0.48491028,1.0311383,1.1112019,1.4538548,0.37220395,0.85851246,0.73612374,1.4575531,0.4595859,0.7763578,0.5144394,1.1706022,0.8206115,0.2606524,0.50542265,0.9229004,0.49224395,0.013384227,0.20948087,0.9872295,811.0989,672.8938,796.1905,794.57874,885.64105,-0.19549560546875,0.0831298828125,0.9727783203125,3.028106689453125,-5.562744140625,0.740203857421875,1.0,2.0,1.0,4.0,2.0,100.0,event
15:31:38.395,0.48491028,1.0311383,1.1112019,1.4538548,0.37220395,0.85851246,0.73612374,1.4575531,0.4595859,0.7763578,0.5144394,1.1706022,0.8206115,0.2606524,0.50542265,0.9229004,0.49224395,0.013384227,0.20948087,0.9872295,812.3077,676.52014,815.5311,794.17584,701.50183,-0.19549560546875,0.0831298828125,0.9727783203125,3.028106689453125,-5.562744140625,0.740203857421875,1.0,2.0,1.0,4.0,2.0,100.0,event
15:31:38.435,0.48491028,1.0311383,1.1112019,1.4538548,0.37220395,0.85851246,0.73612374,1.4575531,0.4595859,0.7763578,0.5144394,1.1706022,0.8206115,0.2606524,0.50542265,0.9229004,0.49224395,0.013384227,0.20948087,0.9872295,804.2491,675.31134,821.1722,796.99634,707.1429,-0.19964599609375,0.07415771484375,0.9556884765625,1.80938720703125,-7.0880126953125,1.652374267578125,1.0,2.0,1.0,4.0,2.0,100.0,event
15:31:38.436,0.48491028,1.0311383,1.1112019,1.4538548,0.37220395,0.85851246,0.73612374,1.4575531,0.4595859,0.7763578,0.5144394,1.1706022,0.8206115,0.2606524,0.50542265,0.9229004,0.49224395,0.013384227,0.20948087,0.9872295,801.4286,666.8498,813.5165,793.36993,785.7143,-0.19964599609375,0.07415771484375,0.9556884765625,1.80938720703125,-7.0880126953125,1.652374267578125,1.0,2.0,1.0,4.0,2.0,100.0,event
15:31:38.437,0.48491028,1.0311383,1.1112019,1.4538548,0.37220395,0.85851246,0.73612374,1.4575531,0.4595859,0.7763578,0.5144394,1.1706022,0.8206115,0.2606524,0.50542265,0.9229004,0.49224395,0.013384227,0.20948087,0.9872295,800.6227,670.07324,812.71063,796.5934,800.2198,-0.19964599609375,0.07415771484375,0.9556884765625,1.80938720703125,-7.0880126953125,1.652374267578125,1.0,2.0,1.0,4.0,2.0,100.0,event
15:31:38.438,0.48491028,1.0311383,1.1112019,1.4538548,0.37220395,0.85851246,0.73612374,1.4575531,0.4595859,0.7763578,0.5144394,1.1706022,0.8206115,0.2606524,0.50542265,0.9229004,0.49224395,0.013384227,0.20948087,0.9872295,814.3223,681.3553,815.5311,793.7729,709.9634,-0.19964599609375,0.07415771484375,0.9556884765625,1.80938720703125,-7.0880126953125,1.652374267578125,1.0,2.0,1.0,4.0,2.0,100.0,event
15:31:38.442,0.48491028,1.0311383,1.1112019,1.4538548,0.37220395,0.85851246,0.73612374,1.4575531,0.4595859,0.7763578,0.5144394,1.1706022,0.8206115,0.2606524,0.50542265,0.9229004,0.49224395,0.013384227,0.20948087,0.9872295,804.2491,682.1612,804.65204,787.72894,673.69965,-0.19964599609375,0.07415771484375,0.9556884765625,1.80938720703125,-7.0880126953125,1.652374267578125,1.0,2.0,1.0,4.0,2.0,100.0,event
15:31:38.443,0.48491028,1.0311383,1.1112019,1.4538548,0.37220395,0.85851246,0.73612374,1.4575531,0.4595859,0.7763578,0.5144394,1.1706022,0.8206115,0.2606524,0.50542265,0.9229004,0.49224395,0.013384227,0.20948087,0.9872295,791.75824,682.96704,787.72894,790.54944,844.94507,-0.19964599609375,0.07415771484375,0.9556884765625,1.80938720703125,-7.0880126953125,1.652374267578125,1.0,2.0,1.0,4.0,2.0,100.0,event
15:31:38.444,0.48491028,1.0311383,1.1112019,1.4538548,0.37220395,0.85851246,0.73612374,1.4575531,0.4595859,0.7763578,0.5144394,1.1706022,0.8206115,0.2606524,0.50542265,0.9229004,0.49224395,0.013384227,0.20948087,0.9872295,800.2198,688.60803,790.14655,779.67035,963.8095,-0.19964599609375,0.07415771484375,0.9556884765625,1.80938720703125,-7.0880126953125,1.652374267578125,1.0,2.0,1.0,4.0,2.0,100.0,event
15:31:38.445,0.48491028,1.0311383,1.1112019,1.4538548,0.37220395,0.85851246,0.73612374,1.4575531,0.4595859,0.7763578,0.5144394,1.1706022,0.8206115,0.2606524,0.50542265,0.9229004,0.49224395,0.013384227,0.20948087,0.9872295,790.9524,691.8315,798.60803,779.67035,811.50183,-0.19964599609375,0.07415771484375,0.9556884765625,1.80938720703125,-7.0880126953125,1.652374267578125,1.0,2.0,1.0,4.0,2.0,100.0,event
15:31:38.446,0.48491028,1.0311383,1.1112019,1.4538548,0.37220395,0.85851246,0.73612374,1.4575531,0.4595859,0.7763578,0.5144394,1.1706022,0.8206115,0.2606524,0.50542265,0.9229004,0.49224395,0.013384227,0.20948087,0.9872295,794.9817,697.0696,804.2491,782.0879,696.6667,-0.19964599609375,0.07415771484375,0.9556884765625,1.80938720703125,-7.0880126953125,1.652374267578125,1.0,2.0,1.0,4.0,2.0,100.0,event
15:31:38.447,0.48491028,1.0311383,1.1112019,1.4538548,0.37220395,0.85851246,0.73612374,1.4575531,0.4595859,0.7763578,0.5144394,1.1706022,0.8206115,0.2606524,0.50542265,0.9229004,0.49224395,0.013384227,0.20948087,0.9872295,787.326,703.5165,811.9048,787.72894,835.2747,-0.19964599609375,0.07415771484375,0.9556884765625,1.80938720703125,-7.0880126953125,1.652374267578125,1.0,2.0,1.0,4.0,2.0,100.0,event
15:31:38.448,0.48491028,1.0311383,1.1112019,1.4538548,0.37220395,0.85851246,0.73612374,1.4575531,0.4595859,0.7763578,0.5144394,1.1706022,0.8206115,0.2606524,0.50542265,0.9229004,0.49224395,0.013384227,0.20948087,0.9872295,801.8315,720.0366,826.4103,791.75824,821.1722,-0.19964599609375,0.07415771484375,0.9556884765625,1.80938720703125,-7.0880126953125,1.652374267578125,1.0,2.0,1.0,4.0,2.0,100.0,event
15:31:38.449,0.48491028,1.0311383,1.1112019,1.4538548,0.37220395,0.85851246,0.73612374,1.4575531,0.4595859,0.7763578,0.5144394,1.1706022,0.8206115,0.2606524,0.50542265,0.9229004,0.49224395,0.013384227,0.20948087,0.9872295,830.84247,735.7509,829.6337,789.34064,633.00366,-0.19964599609375,0.07415771484375,0.9556884765625,1.80938720703125,-7.0880126953125,1.652374267578125,1.0,2.0,1.0,4.0,2.0,100.0,event
15:31:38.491,0.48491028,1.0311383,1.1112019,1.4538548,0.37220395,0.85851246,0.73612374,1.4575531,0.4595859,0.7763578,0.5144394,1.1706022,0.8206115,0.2606524,0.50542265,0.9229004,0.49224395,0.013384227,0.20948087,0.9872295,819.5604,732.9304,815.12823,787.326,719.6337,-0.19537353515625,0.071533203125,0.962158203125,2.4822998046875,-4.80010986328125,0.73272705078125,1.0,2.0,1.0,4.0,2.0,100.0,event
15:31:38.493,0.48491028,1.0311383,1.1112019,1.4538548,0.37220395,0.85851246,0.73612374,1.4575531,0.4595859,0.7763578,0.5144394,1.1706022,0.8206115,0.2606524,0.50542265,0.9229004,0.49224395,0.013384227,0.20948087,0.9872295,816.337,734.1392,808.68134,780.07324,873.1502,-0.19537353515625,0.071533203125,0.962158203125,2.4822998046875,-4.80010986328125,0.73272705078125,1.0,2.0,1.0,4.0,2.0,100.0,event
15:31:38.493,0.48491028,1.0311383,1.1112019,1.4538548,0.37220395,0.85851246,0.73612374,1.4575531,0.4595859,0.7763578,0.5144394,1.1706022,0.8206115,0.2606524,0.50542265,0.9229004,0.49224395,0.013384227,0.20948087,0.9872295,807.47253,745.42126,812.71063,777.6557,865.89746,-0.19537353515625,0.071533203125,0.962158203125,2.4822998046875,-4.80010986328125,0.73272705078125,1.0,2.0,1.0,4.0,2.0,100.0,event
15:31:38.494,0.48491028,1.0311383,1.1112019,1.4538548,0.37220395,0.85851246,0.73612374,1.4575531,0.4595859,0.7763578,0.5144394,1.1706022,0.8206115,0.2606524,0.50542265,0.9229004,0.49224395,0.013384227,0.20948087,0.9872295,794.9817,749.0476,805.05493,776.8498,815.5311,-0.19537353515625,0.071533203125,0.962158203125,2.4822998046875,-4.80010986328125,0.73272705078125,1.0,2.0,1.0,4.0,2.0,100.0,event
15:31:38.495,0.48491028,1.0311383,1.1112019,1.4538548,0.37220395,0.85851246,0.73612374,1.4575531,0.4595859,0.7763578,0.5144394,1.1706022,0.8206115,0.2606524,0.50542265,0.9229004,0.49224395,0.013384227,0.20948087,0.9872295,799.81683,744.21246,785.31134,782.49084,872.74725,-0.19537353515625,0.071533203125,0.962158203125,2.4822998046875,-4.80010986328125,0.73272705078125,1.0,2.0,1.0,4.0,2.0,100.0,event
15:31:38.496,0.48491028,1.0311383,1.1112019,1.4538548,0.37220395,0.85851246,0.73612374,1.4575531,0.4595859,0.7763578,0.5144394,1.1706022,0.8206115,0.2606524,0.50542265,0.9229004,0.49224395,0.013384227,0.20948087,0.9872295,807.0696,736.9597,773.22345,781.685,977.9121,-0.19537353515625,0.071533203125,0.962158203125,2.4822998046875,-4.80010986328125,0.73272705078125,1.0,2.0,1.0,4.0,2.0,100.0,event
15:31:38.496,0.48491028,1.0311383,1.1112019,1.4538548,0.37220395,0.85851246,0.73612374,1.4575531,0.4595859,0.7763578,0.5144394,1.1706022,0.8206115,0.2606524,0.50542265,0.9229004,0.49224395,0.013384227,0.20948087,0.9872295,806.6667,741.79486,782.0879,778.46155,889.2674,-0.19537353515625,0.071533203125,0.962158203125,2.4822998046875,-4.80010986328125,0.73272705078125,1.0,2.0,1.0,4.0,2.0,100.0,event
15:31:38.497,0.48491028,1.0311383,1.1112019,1.4538548,0.37220395,0.85851246,0.73612374,1.4575531,0.4595859,0.7763578,0.5144394,1.1706022,0.8206115,0.2606524,0.50542265,0.9229004,0.49224395,0.013384227,0.20948087,0.9872295,799.41394,750.2564,789.34064,785.31134,714.7985,-0.19537353515625,0.071533203125,0.962158203125,2.4822998046875,-4.80010986328125,0.73272705078125,1.0,2.0,1.0,4.0,2.0,100.0,event
15:31:38.497,0.48491028,1.0311383,1.1112019,1.4538548,0.37220395,0.85851246,0.73612374,1.4575531,0.4595859,0.7763578,0.5144394,1.1706022,0.8206115,0.2606524,0.50542265,0.9229004,0.49224395,0.013384227,0.20948087,0.9872295,810.293,749.45056,780.87915,785.31134,754.68866,-0.19537353515625,0.071533203125,0.962158203125,2.4822998046875,-4.80010986328125,0.73272705078125,1.0,2.0,1.0,4.0,2.0,100.0,event
15:31:38.499,0.48491028,1.0311383,1.1112019,1.4538548,0.37220395,0.85851246,0.73612374,1.4575531,0.4595859,0.7763578,0.5144394,1.1706022,0.8206115,0.2606524,0.50542265,0.9229004,0.49224395,0.013384227,0.20948087,0.9872295,815.9341,748.6447,782.49084,780.87915,979.92676,-0.19537353515625,0.071533203125,0.962158203125,2.4822998046875,-4.80010986328125,0.73272705078125,1.0,2.0,1.0,4.0,2.0,100.0,event
15:31:38.503,0.48491028,1.0311383,1.1112019,1.4538548,0.37220395,0.85851246,0.73612374,1.4575531,0.4595859,0.7763578,0.5144394,1.1706022,0.8206115,0.2606524,0.50542265,0.9229004,0.49224395,0.013384227,0.20948087,0.9872295,802.23444,755.89746,794.9817,777.6557,852.6007,-0.19537353515625,0.071533203125,0.962158203125,2.4822998046875,-4.80010986328125,0.73272705078125,1.0,2.0,1.0,4.0,2.0,100.0,event
15:31:38.504,0.48491028,1.0311383,1.1112019,1.4538548,0.37220395,0.85851246,0.73612374,1.4575531,0.4595859,0.7763578,0.5144394,1.1706022,0.8206115,0.2606524,0.50542265,0.9229004,0.49224395,0.013384227,0.20948087,0.9872295,796.1905,746.63007,775.64105,765.16486,693.44324,-0.19537353515625,0.071533203125,0.962158203125,2.4822998046875,-4.80010986328125,0.73272705078125,1.0,2.0,1.0,4.0,2.0,100.0,event
15:31:38.533,0.48491028,1.0311383,1.1112019,1.4538548,0.37220395,0.85851246,0.73612374,1.4575531,0.4595859,0.7763578,0.5144394,1.1706022,0.8206115,0.2606524,0.50542265,0.9229004,0.49224395,0.013384227,0.20948087,0.9872295,802.23444,742.1978,753.8828,760.32965,753.47986,-0.19537353515625,0.071533203125,0.962158203125,2.4822998046875,-4.80010986328125,0.73272705078125,1.0,2.0,1.0,4.0,2.0,100.0,event
15:31:38.533,0.48491028,1.0311383,1.1112019,1.4538548,0.37220395,0.85851246,0.73612374,1.4575531,0.4595859,0.7763578,0.5144394,1.1706022,0.8206115,0.2606524,0.50542265,0.9229004,0.49224395,0.013384227,0.20948087,0.9872295,795.78754,751.06226,729.707,771.6117,776.8498,-0.19537353515625,0.071533203125,0.962158203125,2.4822998046875,-4.80010986328125,0.73272705078125,1.0,2.0,1.0,4.0,2.0,100.0,event
15:31:38.534,0.48491028,1.0311383,1.1112019,1.4538548,0.37220395,0.85851246,0.73612374,1.4575531,0.4595859,0.7763578,0.5144394,1.1706022,0.8206115,0.2606524,0.50542265,0.9229004,0.49224395,0.013384227,0.20948087,0.9872295,783.69965,754.2857,690.6227,774.43225,757.9121,-0.19537353515625,0.071533203125,0.962158203125,2.4822998046875,-4.80010986328125,0.73272705078125,1.0,2.0,1.0,4.0,2.0,100.0,event
15:31:38.535,0.48491028,1.0311383,1.1112019,1.4538548,0.37220395,0.85851246,0.73612374,1.4575531,0.4595859,0.7763578,0.5144394,1.1706022,0.8206115,0.2606524,0.50542265,0.9229004,0.49224395,0.013384227,0.20948087,0.9872295,792.96704,751.8681,681.75824,778.0586,823.1868,-0.19537353515625,0.071533203125,0.962158203125,2.4822998046875,-4.80010986328125,0.73272705078125,1.0,2.0,1.0,4.0,2.0,100.0,event
15:31:38.535,0.48491028,1.0311383,1.1112019,1.4538548,0.37220395,0.85851246,0.73612374,1.4575531,0.4595859,0.7763578,0.5144394,1.1706022,0.8206115,0.2606524,0.50542265,0.9229004,0.49224395,0.013384227,0.20948087,0.9872295,798.60803,751.8681,694.65204,774.43225,982.3443,-0.19537353515625,0.071533203125,0.962158203125,2.4822998046875,-4.80010986328125,0.73272705078125,1.0,2.0,1.0,4.0,2.0,100.0,event
15:31:38.536,0.48491028,1.0311383,1.1112019,1.4538548,0.37220395,0.85851246,0.73612374,1.4575531,0.4595859,0.7763578,0.5144394,1.1706022,0.8206115,0.2606524,0.50542265,0.9229004,0.49224395,0.013384227,0.20948087,0.9872295,797.3993,763.1502,709.9634,767.98535,1024.249,-0.19537353515625,0.071533203125,0.962158203125,2.4822998046875,-4.80010986328125,0.73272705078125,1.0,2.0,1.0,4.0,2.0,100.0,event
15:31:38.538,0.48491028,1.0311383,1.1112019,1.4538548,0.37220395,0.85851246,0.73612374,1.4575531,0.4595859,0.7763578,0.5144394,1.1706022,0.8206115,0.2606524,0.50542265,0.9229004,0.49224395,0.013384227,0.20948087,0.9872295,803.8461,774.0293,723.663,772.01465,903.7729,-0.19537353515625,0.071533203125,0.962158203125,2.4822998046875,-4.80010986328125,0.73272705078125,1.0,2.0,1.0,4.0,2.0,100.0,event
15:31:38.538,0.48491028,1.0311383,1.1112019,1.4538548,0.37220395,0.85851246,0.73612374,1.4575531,0.4595859,0.7763578,0.5144394,1.1706022,0.8206115,0.2606524,0.50542265,0.9229004,0.49224395,0.013384227,0.20948087,0.9872295,801.4286,774.83514,720.84247,772.8205,796.99634,-0.19537353515625,0.071533203125,0.962158203125,2.4822998046875,-4.80010986328125,0.73272705078125,1.0,2.0,1.0,4.0,2.0,100.0,event
15:31:38.539,0.48491028,1.0311383,1.1112019,1.4538548,0.37220395,0.85851246,0.73612374,1.4575531,0.4595859,0.7763578,0.5144394,1.1706022,0.8206115,0.2606524,0.50542265,0.9229004,0.49224395,0.013384227,0.20948087,0.9872295,817.5458,790.9524,757.1062,776.04395,696.6667,-0.19537353515625,0.071533203125,0.962158203125,2.4822998046875,-4.80010986328125,0.73272705078125,1.0,2.0,1.0,4.0,2.0,100.0,event
15:31:38.539,0.48491028,1.0311383,1.1112019,1.4538548,0.37220395,0.85851246,0.73612374,1.4575531,0.4595859,0.7763578,0.5144394,1.1706022,0.8206115,0.2606524,0.50542265,0.9229004,0.49224395,0.013384227,0.20948087,0.9872295,800.6227,771.2088,712.381,778.86444,945.6777,-0.19537353515625,0.071533203125,0.962158203125,2.4822998046875,-4.80010986328125,0.73272705078125,1.0,2.0,1.0,4.0,2.0,100.0,event
15:31:38.539,0.48491028,1.0311383,1.1112019,1.4538548,0.37220395,0.85851246,0.73612374,1.4575531,0.4595859,0.7763578,0.5144394,1.1706022,0.8206115,0.2606524,0.50542265,0.9229004,0.49224395,0.013384227,0.20948087,0.9872295,805.05493,776.04395,726.4835,780.07324,975.89746,-0.19537353515625,0.071533203125,0.962158203125,2.4822998046875,-4.80010986328125,0.73272705078125,1.0,2.0,1.0,4.0,2.0,100.0,event
15:31:38.540,0.48491028,1.0311383,1.1112019,1.4538548,0.37220395,0.85851246,0.73612374,1.4575531,0.4595859,0.7763578,0.5144394,1.1706022,0.8206115,0.2606524,0.50542265,0.9229004,0.49224395,0.013384227,0.20948087,0.9872295,812.3077,788.1319,776.4469,779.2674,720.0366,-0.19537353515625,0.071533203125,0.962158203125,2.4822998046875,-4.80010986328125,0.73272705078125,1.0,2.0,1.0,4.0,2.0,100.0,event
15:31:38.540,0.48491028,1.0311383,1.1112019,1.4538548,0.37220395,0.85851246,0.73612374,1.4575531,0.4595859,0.7763578,0.5144394,1.1706022,0.8206115,0.2606524,0.50542265,0.9229004,0.49224395,0.013384227,0.20948087,0.9872295,798.20514,785.31134,794.57874,780.4762,778.86444,-0.19769287109375,0.07684326171875,0.96893310546875,3.18511962890625,-3.36456298828125,0.19439697265625,1.0,2.0,1.0,4.0,2.0,100.0,event
15:31:38.541,0.48491028,1.0311383,1.1112019,1.4538548,0.37220395,0.85851246,0.73612374,1.4575531,0.4595859,0.7763578,0.5144394,1.1706022,0.8206115,0.2606524,0.50542265,0.9229004,0.49224395,0.013384227,0.20948087,0.9872295,821.1722,788.93774,828.8278,777.25275,716.4103,-0.19769287109375,0.07684326171875,0.96893310546875,3.18511962890625,-3.36456298828125,0.19439697265625,1.0,2.0,1.0,4.0,2.0,100.0,event
15:31:38.541,0.48491028,1.0311383,1.1112019,1.4538548,0.37220395,0.85851246,0.73612374,1.4575531,0.4595859,0.7763578,0.5144394,1.1706022,0.8206115,0.2606524,0.50542265,0.9229004,0.49224395,0.013384227,0.20948087,0.9872295,792.5641,790.9524,853.8095,774.43225,646.30035,-0.19769287109375,0.07684326171875,0.96893310546875,3.18511962890625,-3.36456298828125,0.19439697265625,1.0,2.0,1.0,4.0,2.0,100.0,event
15:31:38.542,0.48491028,1.0311383,1.1112019,1.4538548,0.37220395,0.85851246,0.73612374,1.4575531,0.4595859,0.7763578,0.5144394,1.1706022,0.8206115,0.2606524,0.50542265,0.9229004,0.49224395,0.013384227,0.20948087,0.9872295,774.0293,789.34064,855.42126,775.2381,671.28204,-0.19769287109375,0.07684326171875,0.96893310546875,3.18511962890625,-3.36456298828125,0.19439697265625,1.0,2.0,1.0,4.0,2.0,100.0,event
15:31:38.542,0.48491028,1.0311383,1.1112019,1.4538548,0.37220395,0.85851246,0.73612374,1.4575531,0.4595859,0.7763578,0.5144394,1.1706022,0.8206115,0.2606524,0.50542265,0.9229004,0.49224395,0.013384227,0.20948087,0.9872295,801.02563,794.17584,841.7216,776.4469,713.5897,-0.19769287109375,0.07684326171875,0.96893310546875,3.18511962890625,-3.36456298828125,0.19439697265625,1.0,2.0,1.0,4.0,2.0,100.0,event
15:31:38.542,0.48491028,1.0311383,1.1112019,1.4538548,0.37220395,0.85851246,0.73612374,1.4575531,0.4595859,0.7763578,0.5144394,1.1706022,0.8206115,0.2606524,0.50542265,0.9229004,0.49224395,0.013384227,0.20948087,0.9872295,810.293,796.1905,830.84247,777.6557,763.1502,-0.19769287109375,0.07684326171875,0.96893310546875,3.18511962890625,-3.36456298828125,0.19439697265625,1.0,2.0,1.0,4.0,2.0,100.0,event
15:31:38.543,0.48491028,1.0311383,1.1112019,1.4538548,0.37220395,0.85851246,0.73612374,1.4575531,0.4595859,0.7763578,0.5144394,1.1706022,0.8206115,0.2606524,0.50542265,0.9229004,0.49224395,0.013384227,0.20948087,0.9872295,794.17584,787.326,799.011,777.6557,1094.762,-0.19769287109375,0.07684326171875,0.96893310546875,3.18511962890625,-3.36456298828125,0.19439697265625,1.0,2.0,1.0,4.0,2.0,100.0,event
15:31:38.543,0.48491028,1.0311383,1.1112019,1.4538548,0.37220395,0.85851246,0.73612374,1.4575531,0.4595859,0.7763578,0.5144394,1.1706022,0.8206115,0.2606524,0.50542265,0.9229004,0.49224395,0.013384227,0.20948087,0.9872295,806.6667,794.17584,817.5458,782.49084,854.61536,-0.19769287109375,0.07684326171875,0.96893310546875,3.18511962890625,-3.36456298828125,0.19439697265625,1.0,2.0,1.0,4.0,2.0,100.0,event
15:31:38.543,0.48491028,1.0311383,1.1112019,1.4538548,0.37220395,0.85851246,0.73612374,1.4575531,0.4595859,0.7763578,0.5144394,1.1706022,0.8206115,0.2606524,0.50542265,0.9229004,0.49224395,0.013384227,0.20948087,0.9872295,815.5311,792.96704,827.619,782.49084,826.8132,-0.19769287109375,0.07684326171875,0.96893310546875,3.18511962890625,-3.36456298828125,0.19439697265625,1.0,2.0,1.0,4.0,2.0,100.0,event
15:31:38.544,0.48491028,1.0311383,1.1112019,1.4538548,0.37220395,0.85851246,0.73612374,1.4575531,0.4595859,0.7763578,0.5144394,1.1706022,0.8206115,0.2606524,0.50542265,0.9229004,0.49224395,0.013384227,0.20948087,0.9872295,790.14655,799.81683,810.696,783.2967,1066.5568,-0.19769287109375,0.07684326171875,0.96893310546875,3.18511962890625,-3.36456298828125,0.19439697265625,1.0,2.0,1.0,4.0,2.0,100.0,event
15:31:38.544,0.48491028,1.0311383,1.1112019,1.4538548,0.37220395,0.85851246,0.73612374,1.4575531,0.4595859,0.7763578,0.5144394,1.1706022,0.8206115,0.2606524,0.50542265,0.9229004,0.49224395,0.013384227,0.20948087,0.9872295,800.6227,809.0842,818.3516,782.49084,747.8388,-0.19769287109375,0.07684326171875,0.96893310546875,3.18511962890625,-3.36456298828125,0.19439697265625,1.0,2.0,1.0,4.0,2.0,100.0,event
15:31:38.545,0.48491028,1.0311383,1.1112019,1.4538548,0.37220395,0.85851246,0.73612374,1.4575531,0.4595859,0.7763578,0.5144394,1.1706022,0.8206115,0.2606524,0.50542265,0.9229004,0.49224395,0.013384227,0.20948087,0.9872295,800.6227,795.38464,802.6374,778.86444,712.381,-0.19769287109375,0.07684326171875,0.96893310546875,3.18511962890625,-3.36456298828125,0.19439697265625,1.0,2.0,1.0,4.0,2.0,100.0,event
15:31:38.594,0.48491028,1.0311383,1.1112019,1.4538548,0.37220395,0.85851246,0.73612374,1.4575531,0.4595859,0.7763578,0.5144394,1.1706022,0.8206115,0.2606524,0.50542265,0.9229004,0.49224395,0.013384227,0.20948087,0.9872295,804.2491,792.5641,798.20514,780.07324,682.1612,-0.20294189453125,0.0755615234375,0.9564208984375,3.1103515625,-4.418792724609375,1.39068603515625,1.0,2.0,1.0,4.0,2.0,100.0,event
15:31:38.595,0.48491028,1.0311383,1.1112019,1.4538548,0.37220395,0.85851246,0.73612374,1.4575531,0.4595859,0.7763578,0.5144394,1.1706022,0.8206115,0.2606524,0.50542265,0.9229004,0.49224395,0.013384227,0.20948087,0.9872295,810.696,792.5641,798.20514,781.28204,618.0952,-0.20294189453125,0.0755615234375,0.9564208984375,3.1103515625,-4.418792724609375,1.39068603515625,1.0,2.0,1.0,4.0,2.0,100.0,event
15:31:38.596,0.48491028,1.0311383,1.1112019,1.4538548,0.37220395,0.85851246,0.73612374,1.4575531,0.4595859,0.7763578,0.5144394,1.1706022,0.8206115,0.2606524,0.50542265,0.9229004,0.49224395,0.013384227,0.20948087,0.9872295,791.75824,788.93774,790.14655,781.28204,623.73627,-0.20294189453125,0.0755615234375,0.9564208984375,3.1103515625,-4.418792724609375,1.39068603515625,1.0,2.0,1.0,4.0,2.0,100.0,event
15:31:38.597,0.48491028,1.0311383,1.1112019,1.4538548,0.37220395,0.85851246,0.73612374,1.4575531,0.4595859,0.7763578,0.5144394,1.1706022,0.8206115,0.2606524,0.50542265,0.9229004,0.49224395,0.013384227,0.20948087,0.9872295,801.4286,789.7436,782.0879,788.1319,703.1135,-0.20294189453125,0.0755615234375,0.9564208984375,3.1103515625,-4.418792724609375,1.39068603515625,1.0,2.0,1.0,4.0,2.0,100.0,event
15:31:38.598,0.48491028,1.0311383,1.1112019,1.4538548,0.37220395,0.85851246,0.73612374,1.4575531,0.4595859,0.7763578,0.5144394,1.1706022,0.8206115,0.2606524,0.50542265,0.9229004,0.49224395,0.013384227,0.20948087,0.9872295,803.0403,785.31134,786.9231,784.5055,751.4652,-0.20294189453125,0.0755615234375,0.9564208984375,3.1103515625,-4.418792724609375,1.39068603515625,1.0,2.0,1.0,4.0,2.0,100.0,event
15:31:38.598,0.48491028,1.0311383,1.1112019,1.4538548,0.37220395,0.85851246,0.73612374,1.4575531,0.4595859,0.7763578,0.5144394,1.1706022,0.8206115,0.2606524,0.50542265,0.9229004,0.49224395,0.013384227,0.20948087,0.9872295,803.8461,789.7436,785.31134,791.3553,738.5714,-0.20294189453125,0.0755615234375,0.9564208984375,3.1103515625,-4.418792724609375,1.39068603515625,1.0,2.0,1.0,4.0,2.0,100.0,event
15:31:38.599,0.48491028,1.0311383,1.1112019,1.4538548,0.37220395,0.85851246,0.73612374,1.4575531,0.4595859,0.7763578,0.5144394,1.1706022,0.8206115,0.2606524,0.50542265,0.9229004,0.49224395,0.013384227,0.20948087,0.9872295,806.26373,788.5348,786.52014,781.28204,771.2088,-0.20294189453125,0.0755615234375,0.9564208984375,3.1103515625,-4.418792724609375,1.39068603515625,1.0,2.0,1.0,4.0,2.0,100.0,event
15:31:38.600,0.48491028,1.0311383,1.1112019,1.4538548,0.37220395,0.85851246,0.73612374,1.4575531,0.4595859,0.7763578,0.5144394,1.1706022,0.8206115,0.2606524,0.50542265,0.9229004,0.49224395,0.013384227,0.20948087,0.9872295,805.05493,783.69965,781.685,779.2674,912.23444,-0.20294189453125,0.0755615234375,0.9564208984375,3.1103515625,-4.418792724609375,1.39068603515625,1.0,2.0,1.0,2.0,2.0,100.0,event
15:31:38.603,0.48491028,1.0311383,1.1112019,1.4538548,0.37220395,0.85851246,0.73612374,1.4575531,0.4595859,0.7763578,0.5144394,1.1706022,0.8206115,0.2606524,0.50542265,0.9229004,0.49224395,0.013384227,0.20948087,0.9872295,811.9048,781.685,793.36993,776.8498,1021.8315,-0.20294189453125,0.0755615234375,0.9564208984375,3.1103515625,-4.418792724609375,1.39068603515625,1.0,2.0,1.0,2.0,2.0,100.0,event
15:31:38.603,0.48491028,1.0311383,1.1112019,1.4538548,0.37220395,0.85851246,0.73612374,1.4575531,0.4595859,0.7763578,0.5144394,1.1706022,0.8206115,0.2606524,0.50542265,0.9229004,0.49224395,0.013384227,0.20948087,0.9872295,806.26373,782.49084,803.44324,777.6557,842.52747,-0.20294189453125,0.0755615234375,0.9564208984375,3.1103515625,-4.418792724609375,1.39068603515625,1.0,2.0,1.0,2.0,2.0,100.0,event
15:31:38.604,0.48491028,1.0311383,1.1112019,1.4538548,0.37220395,0.85851246,0.73612374,1.4575531,0.4595859,0.7763578,0.5144394,1.1706022,0.8206115,0.2606524,0.50542265,0.9229004,0.49224395,0.013384227,0.20948087,0.9872295,798.60803,777.25275,796.99634,768.7912,819.15753,-0.20294189453125,0.0755615234375,0.9564208984375,3.1103515625,-4.418792724609375,1.39068603515625,1.0,2.0,1.0,2.0,2.0,100.0,event
15:31:38.604,0.48491028,1.0311383,1.1112019,1.4538548,0.37220395,0.85851246,0.73612374,1.4575531,0.4595859,0.7763578,0.5144394,1.1706022,0.8206115,0.2606524,0.50542265,0.9229004,0.49224395,0.013384227,0.20948087,0.9872295,800.2198,780.07324,804.2491,772.01465,846.55676,-0.20294189453125,0.0755615234375,0.9564208984375,3.1103515625,-4.418792724609375,1.39068603515625,1.0,2.0,1.0,2.0,2.0,100.0,event
15:31:38.645,0.48491028,1.0311383,1.1112019,1.4538548,0.37220395,0.85851246,0.73612374,1.4575531,0.4595859,0.7763578,0.5144394,1.1706022,0.8206115,0.2606524,0.50542265,0.9229004,0.49224395,0.013384227,0.20948087,0.9872295,801.02563,783.2967,813.91943,782.0879,759.12085,-0.2054443359375,0.08056640625,0.9539794921875,3.880462646484375,-4.17205810546875,1.308441162109375,1.0,2.0,1.0,2.0,2.0,100.0,event
15:31:38.646,0.48491028,1.0311383,1.1112019,1.4538548,0.37220395,0.85851246,0.73612374,1.4575531,0.4595859,0.7763578,0.5144394,1.1706022,0.8206115,0.2606524,0.50542265,0.9229004,0.49224395,0.013384227,0.20948087,0.9872295,802.23444,776.8498,806.26373,776.4469,719.2308,-0.2054443359375,0.08056640625,0.9539794921875,3.880462646484375,-4.17205810546875,1.308441162109375,1.0,2.0,1.0,2.0,2.0,100.0,event
15:31:38.647,0.48491028,1.0311383,1.1112019,1.4538548,0.37220395,0.85851246,0.73612374,1.4575531,0.4595859,0.7763578,0.5144394,1.1706022,0.8206115,0.2606524,0.50542265,0.9229004,0.49224395,0.013384227,0.20948087,0.9872295,811.9048,774.43225,795.38464,777.25275,779.2674,-0.2054443359375,0.08056640625,0.9539794921875,3.880462646484375,-4.17205810546875,1.308441162109375,1.0,2.0,1.0,2.0,2.0,100.0,event
15:31:38.647,0.48491028,1.0311383,1.1112019,1.4538548,0.37220395,0.85851246,0.73612374,1.4575531,0.4595859,0.7763578,0.5144394,1.1706022,0.8206115,0.2606524,0.50542265,0.9229004,0.49224395,0.013384227,0.20948087,0.9872295,811.50183,769.19415,793.36993,775.2381,773.22345,-0.2054443359375,0.08056640625,0.9539794921875,3.880462646484375,-4.17205810546875,1.308441162109375,1.0,2.0,1.0,2.0,2.0,100.0,event
15:31:38.648,0.48491028,1.0311383,1.1112019,1.4538548,0.37220395,0.85851246,0.73612374,1.4575531,0.4595859,0.7763578,0.5144394,1.1706022,0.8206115,0.2606524,0.50542265,0.9229004,0.49224395,0.013384227,0.20948087,0.9872295,797.3993,778.0586,792.5641,779.67035,720.4396,-0.2054443359375,0.08056640625,0.9539794921875,3.880462646484375,-4.17205810546875,1.308441162109375,1.0,2.0,1.0,2.0,2.0,100.0,event
15:31:38.648,0.48491028,1.0311383,1.1112019,1.4538548,0.37220395,0.85851246,0.73612374,1.4575531,0.4595859,0.7763578,0.5144394,1.1706022,0.8206115,0.2606524,0.50542265,0.9229004,0.49224395,0.013384227,0.20948087,0.9872295,792.5641,777.25275,805.4579,778.86444,716.8132,-0.2054443359375,0.08056640625,0.9539794921875,3.880462646484375,-4.17205810546875,1.308441162109375,1.0,2.0,1.0,2.0,2.0,100.0,event
15:31:38.649,0.48491028,1.0311383,1.1112019,1.4538548,0.37220395,0.85851246,0.73612374,1.4575531,0.4595859,0.7763578,0.5144394,1.1706022,0.8206115,0.2606524,0.50542265,0.9229004,0.49224395,0.013384227,0.20948087,0.9872295,793.36993,772.01465,822.381,774.43225,869.5238,-0.2054443359375,0.08056640625,0.9539794921875,3.880462646484375,-4.17205810546875,1.308441162109375,1.0,2.0,1.0,2.0,2.0,100.0,event
15:31:38.649,0.48491028,1.0311383,1.1112019,1.4538548,0.37220395,0.85851246,0.73612374,1.4575531,0.4595859,0.7763578,0.5144394,1.1706022,0.8206115,0.2606524,0.50542265,0.9229004,0.49224395,0.013384227,0.20948087,0.9872295,804.2491,757.9121,822.381,777.6557,1060.5128,-0.2054443359375,0.08056640625,0.9539794921875,3.880462646484375,-4.17205810546875,1.308441162109375,1.0,2.0,1.0,2.0,2.0,100.0,event
15:31:38.650,0.48491028,1.0311383,1.1112019,1.4538548,0.37220395,0.85851246,0.73612374,1.4575531,0.4595859,0.7763578,0.5144394,1.1706022,0.8206115,0.2606524,0.50542265,0.9229004,0.49224395,0.013384227,0.20948087,0.9872295,795.38464,755.89746,834.0659,782.8938,874.7619,-0.2054443359375,0.08056640625,0.9539794921875,3.880462646484375,-4.17205810546875,1.308441162109375,1.0,2.0,1.0,2.0,2.0,100.0,event
15:31:38.650,0.48491028,1.0311383,1.1112019,1.4538548,0.37220395,0.85851246,0.73612374,1.4575531,0.4595859,0.7763578,0.5144394,1.1706022,0.8206115,0.2606524,0.50542265,0.9229004,0.49224395,0.013384227,0.20948087,0.9872295,791.75824,756.7033,821.978,782.0879,659.19415,-0.2054443359375,0.08056640625,0.9539794921875,3.880462646484375,-4.17205810546875,1.308441162109375,1.0,2.0,1.0,2.0,2.0,100.0,event
15:31:38.651,0.48491028,1.0311383,1.1112019,1.4538548,0.37220395,0.85851246,0.73612374,1.4575531,0.4595859,0.7763578,0.5144394,1.1706022,0.8206115,0.2606524,0.50542265,0.9229004,0.49224395,0.013384227,0.20948087,0.9872295,798.60803,755.89746,811.0989,779.2674,746.63007,-0.2054443359375,0.08056640625,0.9539794921875,3.880462646484375,-4.17205810546875,1.308441162109375,1.0,2.0,1.0,2.0,2.0,100.0,event
15:31:38.651,0.48491028,1.0311383,1.1112019,1.4538548,0.37220395,0.85851246,0.73612374,1.4575531,0.4595859,0.7763578,0.5144394,1.1706022,0.8206115,0.2606524,0.50542265,0.9229004,0.49224395,0.013384227,0.20948087,0.9872295,801.02563,761.9414,815.5311,779.67035,775.64105,-0.2054443359375,0.08056640625,0.9539794921875,3.880462646484375,-4.17205810546875,1.308441162109375,1.0,2.0,1.0,2.0,2.0,100.0,event
15:31:38.696,0.48491028,1.0311383,1.1112019,1.4538548,0.37220395,0.85851246,0.73612374,1.4575531,0.4595859,0.7763578,0.5144394,1.1706022,0.8206115,0.2606524,0.50542265,0.9229004,0.49224395,0.013384227,0.20948087,0.9872295,806.26373,763.1502,817.1429,784.5055,753.0769,-0.20440673828125,0.0899658203125,0.96685791015625,4.478607177734375,-4.8748779296875,-0.171966552734375,1.0,2.0,1.0,2.0,2.0,100.0,event
15:31:38.697,0.48491028,1.0311383,1.1112019,1.4538548,0.37220395,0.85851246,0.73612374,1.4575531,0.4595859,0.7763578,0.5144394,1.1706022,0.8206115,0.2606524,0.50542265,0.9229004,0.49224395,0.013384227,0.20948087,0.9872295,805.8608,759.5238,805.8608,782.8938,766.3736,-0.20440673828125,0.0899658203125,0.96685791015625,4.478607177734375,-4.8748779296875,-0.171966552734375,1.0,2.0,1.0,2.0,2.0,100.0,event
15:31:38.698,0.48491028,1.0311383,1.1112019,1.4538548,0.37220395,0.85851246,0.73612374,1.4575531,0.4595859,0.7763578,0.5144394,1.1706022,0.8206115,0.2606524,0.50542265,0.9229004,0.49224395,0.013384227,0.20948087,0.9872295,806.6667,757.9121,793.36993,779.67035,815.9341,-0.20440673828125,0.0899658203125,0.96685791015625,4.478607177734375,-4.8748779296875,-0.171966552734375,1.0,2.0,1.0,2.0,2.0,100.0,event
15:31:38.699,0.48491028,1.0311383,1.1112019,1.4538548,0.37220395,0.85851246,0.73612374,1.4575531,0.4595859,0.7763578,0.5144394,1.1706022,0.8206115,0.2606524,0.50542265,0.9229004,0.49224395,0.013384227,0.20948087,0.9872295,815.5311,761.53845,798.20514,775.64105,828.8278,-0.20440673828125,0.0899658203125,0.96685791015625,4.478607177734375,-4.8748779296875,-0.171966552734375,1.0,2.0,1.0,2.0,2.0,100.0,event
15:31:38.699,0.48491028,1.0311383,1.1112019,1.4538548,0.37220395,0.85851246,0.73612374,1.4575531,0.4595859,0.7763578,0.5144394,1.1706022,0.8206115,0.2606524,0.50542265,0.9229004,0.49224395,0.013384227,0.20948087,0.9872295,803.8461,767.5824,780.87915,772.01465,749.0476,-0.20440673828125,0.0899658203125,0.96685791015625,4.478607177734375,-4.8748779296875,-0.171966552734375,1.0,2.0,1.0,2.0,2.0,100.0,event
15:31:38.700,0.48491028,1.0311383,1.1112019,1.4538548,0.37220395,0.85851246,0.73612374,1.4575531,0.4595859,0.7763578,0.5144394,1.1706022,0.8206115,0.2606524,0.50542265,0.9229004,0.49224395,0.013384227,0.20948087,0.9872295,797.8022,766.3736,751.8681,778.86444,772.8205,-0.20440673828125,0.0899658203125,0.96685791015625,4.478607177734375,-4.8748779296875,-0.171966552734375,1.0,2.0,1.0,2.0,2.0,100.0,event
15:31:38.701,0.48491028,1.0311383,1.1112019,1.4538548,0.37220395,0.85851246,0.73612374,1.4575531,0.4595859,0.7763578,0.5144394,1.1706022,0.8206115,0.2606524,0.50542265,0.9229004,0.49224395,0.013384227,0.20948087,0.9872295,800.6227,759.5238,743.8095,783.2967,1031.0989,-0.20440673828125,0.0899658203125,0.96685791015625,4.478607177734375,-4.8748779296875,-0.171966552734375,1.0,2.0,1.0,2.0,2.0,100.0,event
15:31:38.701,0.48491028,1.0311383,1.1112019,1.4538548,0.37220395,0.85851246,0.73612374,1.4575531,0.4595859,0.7763578,0.5144394,1.1706022,0.8206115,0.2606524,0.50542265,0.9229004,0.49224395,0.013384227,0.20948087,0.9872295,796.99634,766.77655,745.42126,781.28204,1087.9121,-0.20440673828125,0.0899658203125,0.96685791015625,4.478607177734375,-4.8748779296875,-0.171966552734375,1.0,2.0,1.0,2.0,2.0,100.0,event
15:31:38.702,0.48491028,1.0311383,1.1112019,1.4538548,0.37220395,0.85851246,0.73612374,1.4575531,0.4595859,0.7763578,0.5144394,1.1706022,0.8206115,0.2606524,0.50542265,0.9229004,0.49224395,0.013384227,0.20948087,0.9872295,806.6667,779.2674,751.06226,780.07324,705.12823,-0.20440673828125,0.0899658203125,0.96685791015625,4.478607177734375,-4.8748779296875,-0.171966552734375,1.0,2.0,1.0,2.0,2.0,100.0,event
15:31:38.703,0.48491028,1.0311383,1.1112019,1.4538548,0.37220395,0.85851246,0.73612374,1.4575531,0.4595859,0.7763578,0.5144394,1.1706022,0.8206115,0.2606524,0.50542265,0.9229004,0.49224395,0.013384227,0.20948087,0.9872295,807.0696,773.6264,728.49817,782.49084,648.315,-0.20440673828125,0.0899658203125,0.96685791015625,4.478607177734375,-4.8748779296875,-0.171966552734375,1.0,2.0,1.0,4.0,2.0,100.0,event
15:31:38.706,0.48491028,1.0311383,1.1112019,1.4538548,0.37220395,0.85851246,0.73612374,1.4575531,0.4595859,0.7763578,0.5144394,1.1706022,0.8206115,0.2606524,0.50542265,0.9229004,0.49224395,0.013384227,0.20948087,0.9872295,791.3553,772.01465,707.5458,781.685,761.53845,-0.20440673828125,0.0899658203125,0.96685791015625,4.478607177734375,-4.8748779296875,-0.171966552734375,1.0,2.0,1.0,4.0,2.0,100.0,event
15:31:38.707,0.48491028,1.0311383,1.1112019,1.4538548,0.37220395,0.85851246,0.73612374,1.4575531,0.4595859,0.7763578,0.5144394,1.1706022,0.8206115,0.2606524,0.50542265,0.9229004,0.49224395,0.013384227,0.20948087,0.9872295,798.60803,773.22345,715.6044,782.49084,786.9231,-0.20440673828125,0.0899658203125,0.96685791015625,4.478607177734375,-4.8748779296875,-0.171966552734375,1.0,2.0,1.0,4.0,2.0,100.0,event
15:31:38.747,0.48491028,1.0311383,1.1112019,1.4538548,0.37220395,0.85851246,0.73612374,1.4575531,0.4595859,0.7763578,0.5144394,1.1706022,0.8206115,0.2606524,0.50542265,0.9229004,0.49224395,0.013384227,0.20948087,0.9872295,795.38464,767.5824,738.97437,779.2674,745.82416,-0.20440673828125,0.0899658203125,0.96685791015625,4.478607177734375,-4.8748779296875,-0.171966552734375,1.0,2.0,1.0,4.0,2.0,100.0,event
15:31:38.748,0.48491028,1.0311383,1.1112019,1.4538548,0.37220395,0.85851246,0.73612374,1.4575531,0.4595859,0.7763578,0.5144394,1.1706022,0.8206115,0.2606524,0.50542265,0.9229004,0.49224395,0.013384227,0.20948087,0.9872295,788.5348,756.7033,741.39197,776.04395,741.39197,-0.20440673828125,0.0899658203125,0.96685791015625,4.478607177734375,-4.8748779296875,-0.171966552734375,1.0,2.0,1.0,4.0,2.0,100.0,event
15:31:38.749,0.48491028,1.0311383,1.1112019,1.4538548,0.37220395,0.85851246,0.73612374,1.4575531,0.4595859,0.7763578,0.5144394,1.1706022,0.8206115,0.2606524,0.50542265,0.9229004,0.49224395,0.013384227,0.20948087,0.9872295,793.7729,752.27106,714.7985,773.6264,797.8022,-0.20440673828125,0.0899658203125,0.96685791015625,4.478607177734375,-4.8748779296875,-0.171966552734375,1.0,2.0,1.0,4.0,2.0,100.0,event
15:31:38.749,0.48491028,1.0311383,1.1112019,1.4538548,0.37220395,0.85851246,0.73612374,1.4575531,0.4595859,0.7763578,0.5144394,1.1706022,0.8206115,0.2606524,0.50542265,0.9229004,0.49224395,0.013384227,0.20948087,0.9872295,788.5348,752.674,693.0403,774.83514,736.9597,-0.20440673828125,0.0899658203125,0.96685791015625,4.478607177734375,-4.8748779296875,-0.171966552734375,1.0,2.0,1.0,4.0,2.0,100.0,event
15:31:38.750,0.48491028,1.0311383,1.1112019,1.4538548,0.37220395,0.85851246,0.73612374,1.4575531,0.4595859,0.7763578,0.5144394,1.1706022,0.8206115,0.2606524,0.50542265,0.9229004,0.49224395,0.013384227,0.20948087,0.9872295,794.9817,711.1722,676.52014,779.67035,759.12085,-0.20440673828125,0.0899658203125,0.96685791015625,4.478607177734375,-4.8748779296875,-0.171966552734375,1.0,2.0,1.0,4.0,2.0,100.0,event
15:31:38.751,0.48491028,1.0311383,1.1112019,1.4538548,0.37220395,0.85851246,0.73612374,1.4575531,0.4595859,0.7763578,0.5144394,1.1706022,0.8206115,0.2606524,0.50542265,0.9229004,0.49224395,0.013384227,0.20948087,0.9872295,815.12823,662.01465,669.2674,780.4762,807.47253,-0.20440673828125,0.0899658203125,0.96685791015625,4.478607177734375,-4.8748779296875,-0.171966552734375,1.0,2.0,1.0,4.0,2.0,100.0,event
15:31:38.752,0.48491028,1.0311383,1.1112019,1.4538548,0.37220395,0.85851246,0.73612374,1.4575531,0.4595859,0.7763578,0.5144394,1.1706022,0.8206115,0.2606524,0.50542265,0.9229004,0.49224395,0.013384227,0.20948087,0.9872295,810.696,635.42126,643.0769,776.4469,1050.8425,-0.20440673828125,0.0899658203125,0.96685791015625,4.478607177734375,-4.8748779296875,-0.171966552734375,1.0,2.0,1.0,4.0,2.0,100.0,event
15:31:38.752,0.48491028,1.0311383,1.1112019,1.4538548,0.37220395,0.85851246,0.73612374,1.4575531,0.4595859,0.7763578,0.5144394,1.1706022,0.8206115,0.2606524,0.50542265,0.9229004,0.49224395,0.013384227,0.20948087,0.9872295,802.23444,629.7802,648.71796,779.67035,1009.7436,-0.20440673828125,0.0899658203125,0.96685791015625,4.478607177734375,-4.8748779296875,-0.171966552734375,1.0,2.0,1.0,4.0,2.0,100.0,event
15:31:38.753,0.48491028,1.0311383,1.1112019,1.4538548,0.37220395,0.85851246,0.73612374,1.4575531,0.4595859,0.7763578,0.5144394,1.1706022,0.8206115,0.2606524,0.50542265,0.9229004,0.49224395,0.013384227,0.20948087,0.9872295,799.81683,637.4359,672.0879,783.2967,683.36993,-0.20440673828125,0.0899658203125,0.96685791015625,4.478607177734375,-4.8748779296875,-0.171966552734375,1.0,2.0,1.0,4.0,2.0,100.0,event
15:31:38.754,0.48491028,1.0311383,1.1112019,1.4538548,0.37220395,0.85851246,0.73612374,1.4575531,0.4595859,0.7763578,0.5144394,1.1706022,0.8206115,0.2606524,0.50542265,0.9229004,0.49224395,0.013384227,0.20948087,0.9872295,800.6227,636.63007,597.1429,777.6557,800.2198,-0.20440673828125,0.0899658203125,0.96685791015625,4.478607177734375,-4.8748779296875,-0.171966552734375,1.0,2.0,1.0,4.0,2.0,100.0,event
15:31:38.754,0.48491028,1.0311383,1.1112019,1.4538548,0.37220395,0.85851246,0.73612374,1.4575531,0.4595859,0.7763578,0.5144394,1.1706022,0.8206115,0.2606524,0.50542265,0.9229004,0.49224395,0.013384227,0.20948087,0.9872295,797.8022,634.21246,648.71796,780.4762,739.7802,-0.20440673828125,0.0899658203125,0.96685791015625,4.478607177734375,-4.8748779296875,-0.171966552734375,1.0,2.0,1.0,4.0,2.0,100.0,event
15:31:38.755,0.48491028,1.0311383,1.1112019,1.4538548,0.37220395,0.85851246,0.73612374,1.4575531,0.4595859,0.7763578,0.5144394,1.1706022,0.8206115,0.2606524,0.50542265,0.9229004,0.49224395,0.013384227,0.20948087,0.9872295,804.2491,647.50916,567.72894,781.685,747.4359,-0.20440673828125,0.0899658203125,0.96685791015625,4.478607177734375,-4.8748779296875,-0.171966552734375,1.0,2.0,1.0,4.0,2.0,100.0,event
15:31:38.796,0.48491028,1.0311383,1.1112019,1.4538548,0.37220395,0.85851246,0.73612374,1.4575531,0.4595859,0.7763578,0.5144394,1.1706022,0.8206115,0.2606524,0.50542265,0.9229004,0.49224395,0.013384227,0.20948087,0.9872295,814.3223,661.2088,568.93774,789.7436,727.28937,-0.18792724609375,0.0958251953125,0.9713134765625,3.386993408203125,-5.0244140625,-1.024322509765625,1.0,2.0,1.0,4.0,2.0,100.0,event
15:31:38.798,0.48491028,1.0311383,1.1112019,1.4538548,0.37220395,0.85851246,0.73612374,1.4575531,0.4595859,0.7763578,0.5144394,1.1706022,0.8206115,0.2606524,0.50542265,0.9229004,0.49224395,0.013384227,0.20948087,0.9872295,811.9048,666.4469,565.31134,794.57874,791.75824,-0.18792724609375,0.0958251953125,0.9713134765625,3.386993408203125,-5.0244140625,-1.024322509765625,1.0,2.0,1.0,4.0,2.0,100.0,event
15:31:38.799,0.48491028,1.0311383,1.1112019,1.4538548,0.37220395,0.85851246,0.73612374,1.4575531,0.4595859,0.7763578,0.5144394,1.1706022,0.8206115,0.2606524,0.50542265,0.9229004,0.49224395,0.013384227,0.20948087,0.9872295,809.0842,676.1172,574.57874,795.78754,781.685,-0.18792724609375,0.0958251953125,0.9713134765625,3.386993408203125,-5.0244140625,-1.024322509765625,1.0,2.0,1.0,4.0,2.0,100.0,event
15:31:38.800,0.48491028,1.0311383,1.1112019,1.4538548,0.37220395,0.85851246,0.73612374,1.4575531,0.4595859,0.7763578,0.5144394,1.1706022,0.8206115,0.2606524,0.50542265,0.9229004,0.49224395,0.013384227,0.20948087,0.9872295,811.50183,690.6227,572.5641,792.1612,720.84247,-0.18792724609375,0.0958251953125,0.9713134765625,3.386993408203125,-5.0244140625,-1.024322509765625,1.0,2.0,1.0,4.0,2.0,100.0,event
15:31:38.801,0.48491028,1.0311383,1.1112019,1.4538548,0.37220395,0.85851246,0.73612374,1.4575531,0.4595859,0.7763578,0.5144394,1.1706022,0.8206115,0.2606524,0.50542265,0.9229004,0.49224395,0.013384227,0.20948087,0.9872295,807.47253,701.0989,557.25275,785.31134,667.25275,-0.18792724609375,0.0958251953125,0.9713134765625,3.386993408203125,-5.0244140625,-1.024322509765625,1.0,2.0,1.0,4.0,2.0,100.0,event
15:31:38.802,0.48491028,1.0311383,1.1112019,1.4538548,0.37220395,0.85851246,0.73612374,1.4575531,0.4595859,0.7763578,0.5144394,1.1706022,0.8206115,0.2606524,0.50542265,0.9229004,0.49224395,0.013384227,0.20948087,0.9872295,810.696,736.55676,558.86444,789.34064,775.64105,-0.18792724609375,0.0958251953125,0.9713134765625,3.386993408203125,-5.0244140625,-1.024322509765625,1.0,2.0,1.0,4.0,2.0,100.0,event
15:31:38.803,0.48491028,1.0311383,1.1112019,1.4538548,0.37220395,0.85851246,0.73612374,1.4575531,0.4595859,0.7763578,0.5144394,1.1706022,0.8206115,0.2606524,0.50542265,0.9229004,0.49224395,0.013384227,0.20948087,0.9872295,816.7399,776.4469,570.54944,801.8315,912.23444,-0.18792724609375,0.0958251953125,0.9713134765625,3.386993408203125,-5.0244140625,-1.024322509765625,1.0,2.0,1.0,4.0,2.0,100.0,event
15:31:38.804,0.48491028,1.0311383,1.1112019,1.4538548,0.37220395,0.85851246,0.73612374,1.4575531,0.4595859,0.7763578,0.5144394,1.1706022,0.8206115,0.2606524,0.50542265,0.9229004,0.49224395,0.013384227,0.20948087,0.9872295,809.89014,803.8461,585.8608,793.7729,743.8095,-0.18792724609375,0.0958251953125,0.9713134765625,3.386993408203125,-5.0244140625,-1.024322509765625,1.0,2.0,1.0,4.0,2.0,100.0,event
15:31:38.804,0.48491028,1.0311383,1.1112019,1.4538548,0.37220395,0.85851246,0.73612374,1.4575531,0.4595859,0.7763578,0.5144394,1.1706022,0.8206115,0.2606524,0.50542265,0.9229004,0.49224395,0.013384227,0.20948087,0.9872295,816.337,795.38464,580.2198,801.8315,869.12085,-0.18792724609375,0.0958251953125,0.9713134765625,3.386993408203125,-5.0244140625,-1.024322509765625,1.0,2.0,1.0,4.0,2.0,100.0,event
15:31:38.805,0.48491028,1.0311383,1.1112019,1.4538548,0.37220395,0.85851246,0.73612374,1.4575531,0.4595859,0.7763578,0.5144394,1.1706022,0.8206115,0.2606524,0.50542265,0.9229004,0.49224395,0.013384227,0.20948087,0.9872295,819.5604,788.93774,583.0403,803.44324,907.3993,-0.18792724609375,0.0958251953125,0.9713134765625,3.386993408203125,-5.0244140625,-1.024322509765625,1.0,2.0,1.0,4.0,2.0,100.0,event
15:31:38.806,0.48491028,1.0311383,1.1112019,1.4538548,0.37220395,0.85851246,0.73612374,1.4575531,0.4595859,0.7763578,0.5144394,1.1706022,0.8206115,0.2606524,0.50542265,0.9229004,0.49224395,0.013384227,0.20948087,0.9872295,835.2747,788.1319,593.1135,818.7546,1031.9048,-0.18792724609375,0.0958251953125,0.9713134765625,3.386993408203125,-5.0244140625,-1.024322509765625,1.0,2.0,1.0,4.0,2.0,100.0,event
15:31:38.807,0.48491028,1.0311383,1.1112019,1.4538548,0.37220395,0.85851246,0.73612374,1.4575531,0.4595859,0.7763578,0.5144394,1.1706022,0.8206115,0.2606524,0.50542265,0.9229004,0.49224395,0.013384227,0.20948087,0.9872295,815.9341,812.71063,608.4249,782.8938,743.8095,-0.18792724609375,0.0958251953125,0.9713134765625,3.386993408203125,-5.0244140625,-1.024322509765625,1.0,2.0,1.0,2.0,2.0,100.0,event
15:31:38.845,0.48491028,1.0311383,1.1112019,1.4538548,0.37220395,0.85851246,0.73612374,1.4575531,0.4595859,0.7763578,0.5144394,1.1706022,0.8206115,0.2606524,0.50542265,0.9229004,0.49224395,0.013384227,0.20948087,0.9872295,799.41394,816.7399,606.0073,747.4359,725.2747,-0.18695068359375,0.0968017578125,0.966064453125,2.893524169921875,-3.013153076171875,-1.4056396484375,1.0,2.0,1.0,2.0,2.0,100.0,event
15:31:38.846,0.48491028,1.0311383,1.1112019,1.4538548,0.37220395,0.85851246,0.73612374,1.4575531,0.4595859,0.7763578,0.5144394,1.1706022,0.8206115,0.2606524,0.50542265,0.9229004,0.49224395,0.013384227,0.20948087,0.9872295,805.8608,810.696,602.7839,762.3443,811.9048,-0.18695068359375,0.0968017578125,0.966064453125,2.893524169921875,-3.013153076171875,-1.4056396484375,1.0,2.0,1.0,2.0,2.0,100.0,event
15:31:38.847,0.48491028,1.0311383,1.1112019,1.4538548,0.37220395,0.85851246,0.73612374,1.4575531,0.4595859,0.7763578,0.5144394,1.1706022,0.8206115,0.2606524,0.50542265,0.9229004,0.49224395,0.013384227,0.20948087,0.9872295,809.0842,809.0842,602.7839,765.56775,707.9487,-0.18695068359375,0.0968017578125,0.966064453125,2.893524169921875,-3.013153076171875,-1.4056396484375,1.0,2.0,1.0,2.0,2.0,100.0,event
15:31:38.847,0.48491028,1.0311383,1.1112019,1.4538548,0.37220395,0.85851246,0.73612374,1.4575531,0.4595859,0.7763578,0.5144394,1.1706022,0.8206115,0.2606524,0.50542265,0.9229004,0.49224395,0.013384227,0.20948087,0.9872295,807.47253,810.293,611.2454,761.53845,655.56775,-0.18695068359375,0.0968017578125,0.966064453125,2.893524169921875,-3.013153076171875,-1.4056396484375,1.0,2.0,1.0,2.0,2.0,100.0,event
15:31:38.848,0.48491028,1.0311383,1.1112019,1.4538548,0.37220395,0.85851246,0.73612374,1.4575531,0.4595859,0.7763578,0.5144394,1.1706022,0.8206115,0.2606524,0.50542265,0.9229004,0.49224395,0.013384227,0.20948087,0.9872295,793.36993,805.4579,629.3773,771.2088,762.74725,-0.18695068359375,0.0968017578125,0.966064453125,2.893524169921875,-3.013153076171875,-1.4056396484375,1.0,2.0,1.0,2.0,2.0,100.0,event
15:31:38.848,0.48491028,1.0311383,1.1112019,1.4538548,0.37220395,0.85851246,0.73612374,1.4575531,0.4595859,0.7763578,0.5144394,1.1706022,0.8206115,0.2606524,0.50542265,0.9229004,0.49224395,0.013384227,0.20948087,0.9872295,785.31134,793.36993,635.82416,776.8498,943.663,-0.18695068359375,0.0968017578125,0.966064453125,2.893524169921875,-3.013153076171875,-1.4056396484375,1.0,2.0,1.0,2.0,2.0,100.0,event
15:31:38.849,0.48491028,1.0311383,1.1112019,1.4538548,0.37220395,0.85851246,0.73612374,1.4575531,0.4595859,0.7763578,0.5144394,1.1706022,0.8206115,0.2606524,0.50542265,0.9229004,0.49224395,0.013384227,0.20948087,0.9872295,794.57874,800.2198,639.45056,772.8205,690.2198,-0.18695068359375,0.0968017578125,0.966064453125,2.893524169921875,-3.013153076171875,-1.4056396484375,1.0,2.0,1.0,2.0,2.0,100.0,event
15:31:38.849,0.48491028,1.0311383,1.1112019,1.4538548,0.37220395,0.85851246,0.73612374,1.4575531,0.4595859,0.7763578,0.5144394,1.1706022,0.8206115,0.2606524,0.50542265,0.9229004,0.49224395,0.013384227,0.20948087,0.9872295,785.7143,793.7729,636.63007,778.0586,908.20514,-0.18695068359375,0.0968017578125,0.966064453125,2.893524169921875,-3.013153076171875,-1.4056396484375,1.0,2.0,1.0,2.0,2.0,100.0,event
15:31:38.850,0.48491028,1.0311383,1.1112019,1.4538548,0.37220395,0.85851246,0.73612374,1.4575531,0.4595859,0.7763578,0.5144394,1.1706022,0.8206115,0.2606524,0.50542265,0.9229004,0.49224395,0.013384227,0.20948087,0.9872295,797.8022,799.41394,634.61536,772.01465,713.9927,-0.18695068359375,0.0968017578125,0.966064453125,2.893524169921875,-3.013153076171875,-1.4056396484375,1.0,2.0,1.0,2.0,2.0,100.0,event
15:31:38.851,0.48491028,1.0311383,1.1112019,1.4538548,0.37220395,0.85851246,0.73612374,1.4575531,0.4595859,0.7763578,0.5144394,1.1706022,0.8206115,0.2606524,0.50542265,0.9229004,0.49224395,0.013384227,0.20948087,0.9872295,793.36993,796.99634,633.8095,776.04395,868.71796,-0.18695068359375,0.0968017578125,0.966064453125,2.893524169921875,-3.013153076171875,-1.4056396484375,1.0,2.0,1.0,2.0,2.0,100.0,event
15:31:38.852,0.48491028,1.0311383,1.1112019,1.4538548,0.37220395,0.85851246,0.73612374,1.4575531,0.4595859,0.7763578,0.5144394,1.1706022,0.8206115,0.2606524,0.50542265,0.9229004,0.49224395,0.013384227,0.20948087,0.9872295,800.6227,792.96704,634.61536,775.2381,822.381,-0.18695068359375,0.0968017578125,0.966064453125,2.893524169921875,-3.013153076171875,-1.4056396484375,1.0,2.0,1.0,2.0,2.0,100.0,event
15:31:38.853,0.48491028,1.0311383,1.1112019,1.4538548,0.37220395,0.85851246,0.73612374,1.4575531,0.4595859,0.7763578,0.5144394,1.1706022,0.8206115,0.2606524,0.50542265,0.9229004,0.49224395,0.013384227,0.20948087,0.9872295,803.0403,791.3553,637.4359,771.6117,772.4176,-0.18695068359375,0.0968017578125,0.966064453125,2.893524169921875,-3.013153076171875,-1.4056396484375,1.0,2.0,1.0,2.0,2.0,100.0,event
15:31:38.897,0.48491028,1.0311383,1.1112019,1.4538548,0.37220395,0.85851246,0.73612374,1.4575531,0.4595859,0.7763578,0.5144394,1.1706022,0.8206115,0.2606524,0.50542265,0.9229004,0.49224395,0.013384227,0.20948087,0.9872295,792.96704,784.10254,632.6007,765.56775,857.03296,-0.19744873046875,0.08868408203125,0.97454833984375,1.74957275390625,-2.908477783203125,-0.396270751953125,1.0,2.0,1.0,2.0,2.0,100.0,event
15:31:38.898,0.48491028,1.0311383,1.1112019,1.4538548,0.37220395,0.85851246,0.73612374,1.4575531,0.4595859,0.7763578,0.5144394,1.1706022,0.8206115,0.2606524,0.50542265,0.9229004,0.49224395,0.013384227,0.20948087,0.9872295,791.75824,777.6557,639.45056,767.1795,975.89746,-0.19744873046875,0.08868408203125,0.97454833984375,1.74957275390625,-2.908477783203125,-0.396270751953125,1.0,2.0,1.0,2.0,2.0,100.0,event
15:31:38.899,0.48491028,1.0311383,1.1112019,1.4538548,0.37220395,0.85851246,0.73612374,1.4575531,0.4595859,0.7763578,0.5144394,1.1706022,0.8206115,0.2606524,0.50542265,0.9229004,0.49224395,0.013384227,0.20948087,0.9872295,794.57874,784.5055,663.6264,771.2088,826.0073,-0.19744873046875,0.08868408203125,0.97454833984375,1.74957275390625,-2.908477783203125,-0.396270751953125,1.0,2.0,1.0,2.0,2.0,100.0,event
15:31:38.900,0.48491028,1.0311383,1.1112019,1.4538548,0.37220395,0.85851246,0.73612374,1.4575531,0.4595859,0.7763578,0.5144394,1.1706022,0.8206115,0.2606524,0.50542265,0.9229004,0.49224395,0.013384227,0.20948087,0.9872295,796.5934,786.9231,659.19415,770.0,765.16486,-0.19744873046875,0.08868408203125,0.97454833984375,1.74957275390625,-2.908477783203125,-0.396270751953125,1.0,2.0,1.0,2.0,2.0,100.0,event
15:31:38.901,0.48491028,1.0311383,1.1112019,1.4538548,0.37220395,0.85851246,0.73612374,1.4575531,0.4595859,0.7763578,0.5144394,1.1706022,0.8206115,0.2606524,0.50542265,0.9229004,0.49224395,0.013384227,0.20948087,0.9872295,801.4286,776.04395,657.98535,765.16486,849.3773,-0.19744873046875,0.08868408203125,0.97454833984375,1.74957275390625,-2.908477783203125,-0.396270751953125,1.0,2.0,1.0,2.0,2.0,100.0,event
15:31:38.901,0.48491028,1.0311383,1.1112019,1.4538548,0.37220395,0.85851246,0.73612374,1.4575531,0.4595859,0.7763578,0.5144394,1.1706022,0.8206115,0.2606524,0.50542265,0.9229004,0.49224395,0.013384227,0.20948087,0.9872295,803.0403,782.49084,652.3443,768.3883,793.7729,-0.19744873046875,0.08868408203125,0.97454833984375,1.74957275390625,-2.908477783203125,-0.396270751953125,1.0,2.0,1.0,2.0,2.0,100.0,event
15:31:38.902,0.48491028,1.0311383,1.1112019,1.4538548,0.37220395,0.85851246,0.73612374,1.4575531,0.4595859,0.7763578,0.5144394,1.1706022,0.8206115,0.2606524,0.50542265,0.9229004,0.49224395,0.013384227,0.20948087,0.9872295,802.23444,782.0879,664.83514,772.4176,869.12085,-0.19744873046875,0.08868408203125,0.97454833984375,1.74957275390625,-2.908477783203125,-0.396270751953125,1.0,2.0,1.0,2.0,2.0,100.0,event
15:31:38.903,0.48491028,1.0311383,1.1112019,1.4538548,0.37220395,0.85851246,0.73612374,1.4575531,0.4595859,0.7763578,0.5144394,1.1706022,0.8206115,0.2606524,0.50542265,0.9229004,0.49224395,0.013384227,0.20948087,0.9872295,803.8461,786.1172,668.46155,780.87915,726.08057,-0.19744873046875,0.08868408203125,0.97454833984375,1.74957275390625,-2.908477783203125,-0.396270751953125,1.0,2.0,1.0,2.0,2.0,100.0,event
15:31:38.903,0.48491028,1.0311383,1.1112019,1.4538548,0.37220395,0.85851246,0.73612374,1.4575531,0.4595859,0.7763578,0.5144394,1.1706022,0.8206115,0.2606524,0.50542265,0.9229004,0.49224395,0.013384227,0.20948087,0.9872295,796.1905,774.83514,657.1795,778.86444,873.5531,-0.19744873046875,0.08868408203125,0.97454833984375,1.74957275390625,-2.908477783203125,-0.396270751953125,1.0,2.0,1.0,2.0,2.0,100.0,event
15:31:38.904,0.48491028,1.0311383,1.1112019,1.4538548,0.37220395,0.85851246,0.73612374,1.4575531,0.4595859,0.7763578,0.5144394,1.1706022,0.8206115,0.2606524,0.50542265,0.9229004,0.49224395,0.013384227,0.20948087,0.9872295,791.3553,776.8498,643.8828,776.4469,977.50916,-0.19744873046875,0.08868408203125,0.97454833984375,1.74957275390625,-2.908477783203125,-0.396270751953125,1.0,2.0,1.0,2.0,2.0,100.0,event
15:31:38.905,0.48491028,1.0311383,1.1112019,1.4538548,0.37220395,0.85851246,0.73612374,1.4575531,0.4595859,0.7763578,0.5144394,1.1706022,0.8206115,0.2606524,0.50542265,0.9229004,0.49224395,0.013384227,0.20948087,0.9872295,793.7729,783.69965,632.1978,770.40295,724.4689,-0.19744873046875,0.08868408203125,0.97454833984375,1.74957275390625,-2.908477783203125,-0.396270751953125,1.0,2.0,1.0,2.0,2.0,100.0,event
15:31:38.906,0.48491028,1.0311383,1.1112019,1.4538548,0.37220395,0.85851246,0.73612374,1.4575531,0.4595859,0.7763578,0.5144394,1.1706022,0.8206115,0.2606524,0.50542265,0.9229004,0.49224395,0.013384227,0.20948087,0.9872295,800.2198,776.8498,625.34796,767.98535,743.00366,-0.19744873046875,0.08868408203125,0.97454833984375,1.74957275390625,-2.908477783203125,-0.396270751953125,1.0,2.0,1.0,2.0,2.0,100.0,event
15:31:38.948,0.48491028,1.0311383,1.1112019,1.4538548,0.37220395,0.85851246,0.73612374,1.4575531,0.4595859,0.7763578,0.5144394,1.1706022,0.8206115,0.2606524,0.50542265,0.9229004,0.49224395,0.013384227,0.20948087,0.9872295,811.9048,776.8498,629.7802,779.2674,734.5421,-0.1767578125,0.0838623046875,0.9632568359375,1.614990234375,-0.844879150390625,1.48040771484375,1.0,2.0,1.0,2.0,2.0,100.0,event
15:31:38.949,0.48491028,1.0311383,1.1112019,1.4538548,0.37220395,0.85851246,0.73612374,1.4575531,0.4595859,0.7763578,0.5144394,1.1706022,0.8206115,0.2606524,0.50542265,0.9229004,0.49224395,0.013384227,0.20948087,0.9872295,816.7399,778.86444,638.24176,784.90845,787.72894,-0.1767578125,0.0838623046875,0.9632568359375,1.614990234375,-0.844879150390625,1.48040771484375,1.0,2.0,4.0,2.0,2.0,100.0,event
15:31:38.952,0.48491028,1.0311383,1.1112019,1.4538548,0.37220395,0.85851246,0.73612374,1.4575531,0.4595859,0.7763578,0.5144394,1.1706022,0.8206115,0.2606524,0.50542265,0.9229004,0.49224395,0.013384227,0.20948087,0.9872295,796.5934,780.07324,650.7326,772.8205,833.663,-0.1767578125,0.0838623046875,0.9632568359375,1.614990234375,-0.844879150390625,1.48040771484375,1.0,2.0,4.0,2.0,2.0,100.0,event
15:31:38.953,0.48491028,1.0311383,1.1112019,1.4538548,0.37220395,0.85851246,0.73612374,1.4575531,0.4595859,0.7763578,0.5144394,1.1706022,0.8206115,0.2606524,0.50542265,0.9229004,0.49224395,0.013384227,0.20948087,0.9872295,789.7436,774.83514,655.16486,772.4176,760.32965,-0.1767578125,0.0838623046875,0.9632568359375,1.614990234375,-0.844879150390625,1.48040771484375,1.0,2.0,4.0,2.0,2.0,100.0,event
15:31:38.954,0.48491028,1.0311383,1.1112019,1.4538548,0.37220395,0.85851246,0.73612374,1.4575531,0.4595859,0.7763578,0.5144394,1.1706022,0.8206115,0.2606524,0.50542265,0.9229004,0.49224395,0.013384227,0.20948087,0.9872295,792.96704,767.5824,649.12085,763.5531,869.5238,-0.1767578125,0.0838623046875,0.9632568359375,1.614990234375,-0.844879150390625,1.48040771484375,1.0,2.0,4.0,2.0,2.0,100.0,event
15:31:38.954,0.48491028,1.0311383,1.1112019,1.4538548,0.37220395,0.85851246,0.73612374,1.4575531,0.4595859,0.7763578,0.5144394,1.1706022,0.8206115,0.2606524,0.50542265,0.9229004,0.49224395,0.013384227,0.20948087,0.9872295,790.54944,763.5531,649.12085,772.8205,884.43225,-0.1767578125,0.0838623046875,0.9632568359375,1.614990234375,-0.844879150390625,1.48040771484375,1.0,2.0,4.0,2.0,2.0,100.0,event
15:31:38.955,0.48491028,1.0311383,1.1112019,1.4538548,0.37220395,0.85851246,0.73612374,1.4575531,0.4595859,0.7763578,0.5144394,1.1706022,0.8206115,0.2606524,0.50542265,0.9229004,0.49224395,0.013384227,0.20948087,0.9872295,803.0403,752.27106,658.7912,791.3553,816.7399,-0.1767578125,0.0838623046875,0.9632568359375,1.614990234375,-0.844879150390625,1.48040771484375,1.0,2.0,4.0,2.0,2.0,100.0,event
15:31:38.956,0.48491028,1.0311383,1.1112019,1.4538548,0.37220395,0.85851246,0.73612374,1.4575531,0.4595859,0.7763578,0.5144394,1.1706022,0.8206115,0.2606524,0.50542265,0.9229004,0.49224395,0.013384227,0.20948087,0.9872295,813.91943,723.2601,657.98535,784.5055,878.3883,-0.1767578125,0.0838623046875,0.9632568359375,1.614990234375,-0.844879150390625,1.48040771484375,1.0,2.0,4.0,2.0,2.0,100.0,event
15:31:38.957,0.48491028,1.0311383,1.1112019,1.4538548,0.37220395,0.85851246,0.73612374,1.4575531,0.4595859,0.7763578,0.5144394,1.1706022,0.8206115,0.2606524,0.50542265,0.9229004,0.49224395,0.013384227,0.20948087,0.9872295,817.9487,695.05493,674.10254,788.93774,987.98535,-0.1767578125,0.0838623046875,0.9632568359375,1.614990234375,-0.844879150390625,1.48040771484375,1.0,2.0,4.0,2.0,2.0,100.0,event
15:31:38.957,0.48491028,1.0311383,1.1112019,1.4538548,0.37220395,0.85851246,0.73612374,1.4575531,0.4595859,0.7763578,0.5144394,1.1706022,0.8206115,0.2606524,0.50542265,0.9229004,0.49224395,0.013384227,0.20948087,0.9872295,807.47253,689.41394,701.0989,794.17584,799.011,-0.1767578125,0.0838623046875,0.9632568359375,1.614990234375,-0.844879150390625,1.48040771484375,1.0,2.0,4.0,2.0,2.0,100.0,event
15:31:38.958,0.48491028,1.0311383,1.1112019,1.4538548,0.37220395,0.85851246,0.73612374,1.4575531,0.4595859,0.7763578,0.5144394,1.1706022,0.8206115,0.2606524,0.50542265,0.9229004,0.49224395,0.013384227,0.20948087,0.9872295,802.6374,684.17584,695.4579,780.4762,631.79486,-0.1767578125,0.0838623046875,0.9632568359375,1.614990234375,-0.844879150390625,1.48040771484375,1.0,2.0,4.0,2.0,2.0,100.0,event
15:31:38.959,0.48491028,1.0311383,1.1112019,1.4538548,0.37220395,0.85851246,0.73612374,1.4575531,0.4595859,0.7763578,0.5144394,1.1706022,0.8206115,0.2606524,0.50542265,0.9229004,0.49224395,0.013384227,0.20948087,0.9872295,809.4872,671.28204,689.81683,775.2381,755.09155,-0.1767578125,0.0838623046875,0.9632568359375,1.614990234375,-0.844879150390625,1.48040771484375,1.0,2.0,4.0,2.0,2.0,100.0,event
15:31:38.999,0.48491028,1.0311383,1.1112019,1.4538548,0.37220395,0.85851246,0.73612374,1.4575531,0.4595859,0.7763578,0.5144394,1.1706022,0.8206115,0.2606524,0.50542265,0.9229004,0.49224395,0.013384227,0.20948087,0.9872295,807.8755,671.28204,674.90845,778.0586,798.60803,-0.1767578125,0.0838623046875,0.9632568359375,1.614990234375,-0.844879150390625,1.48040771484375,1.0,2.0,4.0,2.0,2.0,100.0,event
15:31:39.000,0.48491028,1.0311383,1.1112019,1.4538548,0.37220395,0.85851246,0.73612374,1.4575531,0.4595859,0.7763578,0.5144394,1.1706022,0.8206115,0.2606524,0.50542265,0.9229004,0.49224395,0.013384227,0.20948087,0.9872295,812.3077,678.1319,655.56775,777.6557,702.71063,-0.1767578125,0.0838623046875,0.9632568359375,1.614990234375,-0.844879150390625,1.48040771484375,1.0,2.0,4.0,2.0,2.0,100.0,event
15:31:39.001,0.48491028,1.0311383,1.1112019,1.4538548,0.37220395,0.85851246,0.73612374,1.4575531,0.4595859,0.7763578,0.5144394,1.1706022,0.8206115,0.2606524,0.50542265,0.9229004,0.49224395,0.013384227,0.20948087,0.9872295,811.0989,678.1319,650.7326,784.5055,684.57874,-0.1767578125,0.0838623046875,0.9632568359375,1.614990234375,-0.844879150390625,1.48040771484375,1.0,2.0,4.0,2.0,2.0,100.0,event
15:31:39.001,0.48491028,1.0311383,1.1112019,1.4538548,0.37220395,0.85851246,0.73612374,1.4575531,0.4595859,0.7763578,0.5144394,1.1706022,0.8206115,0.2606524,0.50542265,0.9229004,0.49224395,0.013384227,0.20948087,0.9872295,803.0403,672.49084,648.315,777.6557,748.6447,-0.1767578125,0.0838623046875,0.9632568359375,1.614990234375,-0.844879150390625,1.48040771484375,1.0,2.0,4.0,2.0,2.0,100.0,event
15:31:39.002,0.48491028,1.0311383,1.1112019,1.4538548,0.37220395,0.85851246,0.73612374,1.4575531,0.4595859,0.7763578,0.5144394,1.1706022,0.8206115,0.2606524,0.50542265,0.9229004,0.49224395,0.013384227,0.20948087,0.9872295,805.05493,679.34064,647.50916,786.52014,802.6374,-0.1767578125,0.0838623046875,0.9632568359375,1.614990234375,-0.844879150390625,1.48040771484375,1.0,2.0,4.0,2.0,2.0,100.0,event
15:31:39.002,0.48491028,1.0311383,1.1112019,1.4538548,0.37220395,0.85851246,0.73612374,1.4575531,0.4595859,0.7763578,0.5144394,1.1706022,0.8206115,0.2606524,0.50542265,0.9229004,0.49224395,0.013384227,0.20948087,0.9872295,805.8608,678.5348,643.8828,782.0879,802.6374,-0.1767578125,0.0838623046875,0.9632568359375,1.614990234375,-0.844879150390625,1.48040771484375,1.0,2.0,4.0,2.0,2.0,100.0,event
15:31:39.003,0.48491028,1.0311383,1.1112019,1.4538548,0.37220395,0.85851246,0.73612374,1.4575531,0.4595859,0.7763578,0.5144394,1.1706022,0.8206115,0.2606524,0.50542265,0.9229004,0.49224395,0.013384227,0.20948087,0.9872295,805.05493,663.6264,639.45056,773.22345,803.44324,-0.1767578125,0.0838623046875,0.9632568359375,1.614990234375,-0.844879150390625,1.48040771484375,1.0,2.0,4.0,2.0,2.0,100.0,event
15:31:39.004,0.48491028,1.0311383,1.1112019,1.4538548,0.37220395,0.85851246,0.73612374,1.4575531,0.4595859,0.7763578,0.5144394,1.1706022,0.8206115,0.2606524,0.50542265,0.9229004,0.49224395,0.013384227,0.20948087,0.9872295,805.05493,640.2564,636.2271,784.90845,1009.7436,-0.1767578125,0.0838623046875,0.9632568359375,1.614990234375,-0.844879150390625,1.48040771484375,1.0,2.0,4.0,2.0,2.0,100.0,event
15:31:39.004,0.48491028,1.0311383,1.1112019,1.4538548,0.37220395,0.85851246,0.73612374,1.4575531,0.4595859,0.7763578,0.5144394,1.1706022,0.8206115,0.2606524,0.50542265,0.9229004,0.49224395,0.013384227,0.20948087,0.9872295,802.6374,623.3333,647.1062,788.93774,1189.0476,-0.1767578125,0.0838623046875,0.9632568359375,1.614990234375,-0.844879150390625,1.48040771484375,1.0,2.0,4.0,2.0,2.0,100.0,event
15:31:39.005,0.48491028,1.0311383,1.1112019,1.4538548,0.37220395,0.85851246,0.73612374,1.4575531,0.4595859,0.7763578,0.5144394,1.1706022,0.8206115,0.2606524,0.50542265,0.9229004,0.49224395,0.013384227,0.20948087,0.9872295,814.7253,627.76556,666.8498,784.5055,899.34064,-0.1767578125,0.0838623046875,0.9632568359375,1.614990234375,-0.844879150390625,1.48040771484375,1.0,2.0,4.0,2.0,2.0,100.0,event
15:31:39.006,0.48491028,1.0311383,1.1112019,1.4538548,0.37220395,0.85851246,0.73612374,1.4575531,0.4595859,0.7763578,0.5144394,1.1706022,0.8206115,0.2606524,0.50542265,0.9229004,0.49224395,0.013384227,0.20948087,0.9872295,807.8755,522.1978,650.32965,793.36993,751.06226,-0.1767578125,0.0838623046875,0.9632568359375,1.614990234375,-0.844879150390625,1.48040771484375,1.0,2.0,4.0,2.0,2.0,100.0,event
15:31:39.006,0.48491028,1.0311383,1.1112019,1.4538548,0.37220395,0.85851246,0.73612374,1.4575531,0.4595859,0.7763578,0.5144394,1.1706022,0.8206115,0.2606524,0.50542265,0.9229004,0.49224395,0.013384227,0.20948087,0.9872295,822.7839,585.8608,657.1795,793.36993,703.5165,-0.1767578125,0.0838623046875,0.9632568359375,1.614990234375,-0.844879150390625,1.48040771484375,1.0,2.0,4.0,2.0,2.0,100.0,event
15:31:39.033,0.48491028,1.0311383,1.1112019,1.4538548,0.37220395,0.85851246,0.73612374,1.4575531,0.4595859,0.7763578,0.5144394,1.1706022,0.8206115,0.2606524,0.50542265,0.9229004,0.49224395,0.013384227,0.20948087,0.9872295,800.6227,496.8132,659.59705,780.87915,727.28937,-0.1925048828125,0.07867431640625,0.96087646484375,2.340240478515625,-0.231781005859375,2.385101318359375,1.0,2.0,4.0,2.0,2.0,100.0,event
15:31:39.034,0.48491028,1.0311383,1.1112019,1.4538548,0.37220395,0.85851246,0.73612374,1.4575531,0.4595859,0.7763578,0.5144394,1.1706022,0.8206115,0.2606524,0.50542265,0.9229004,0.49224395,0.013384227,0.20948087,0.9872295,797.3993,484.72528,663.22345,765.16486,728.0952,-0.1925048828125,0.07867431640625,0.96087646484375,2.340240478515625,-0.231781005859375,2.385101318359375,1.0,2.0,4.0,2.0,2.0,100.0,event
15:31:39.035,0.48491028,1.0311383,1.1112019,1.4538548,0.37220395,0.85851246,0.73612374,1.4575531,0.4595859,0.7763578,0.5144394,1.1706022,0.8206115,0.2606524,0.50542265,0.9229004,0.49224395,0.013384227,0.20948087,0.9872295,800.2198,484.32236,670.07324,769.19415,763.1502,-0.1925048828125,0.07867431640625,0.96087646484375,2.340240478515625,-0.231781005859375,2.385101318359375,1.0,2.0,4.0,2.0,2.0,100.0,event
15:31:39.036,0.48491028,1.0311383,1.1112019,1.4538548,0.37220395,0.85851246,0.73612374,1.4575531,0.4595859,0.7763578,0.5144394,1.1706022,0.8206115,0.2606524,0.50542265,0.9229004,0.49224395,0.013384227,0.20948087,0.9872295,803.8461,487.94873,682.96704,784.5055,821.1722,-0.1925048828125,0.07867431640625,0.96087646484375,2.340240478515625,-0.231781005859375,2.385101318359375,1.0,2.0,2.0,2.0,2.0,100.0,event
15:31:39.040,0.48491028,1.0311383,1.1112019,1.4538548,0.37220395,0.85851246,0.73612374,1.4575531,0.4595859,0.7763578,0.5144394,1.1706022,0.8206115,0.2606524,0.50542265,0.9229004,0.49224395,0.013384227,0.20948087,0.9872295,804.2491,487.94873,683.36993,784.10254,793.7729,-0.1925048828125,0.07867431640625,0.96087646484375,2.340240478515625,-0.231781005859375,2.385101318359375,1.0,2.0,2.0,2.0,2.0,100.0,event
15:31:39.040,0.48491028,1.0311383,1.1112019,1.4538548,0.37220395,0.85851246,0.73612374,1.4575531,0.4595859,0.7763578,0.5144394,1.1706022,0.8206115,0.2606524,0.50542265,0.9229004,0.49224395,0.013384227,0.20948087,0.9872295,805.8608,481.0989,682.1612,781.28204,805.4579,-0.1925048828125,0.07867431640625,0.96087646484375,2.340240478515625,-0.231781005859375,2.385101318359375,1.0,2.0,2.0,2.0,2.0,100.0,event
15:31:39.041,0.48491028,1.0311383,1.1112019,1.4538548,0.37220395,0.85851246,0.73612374,1.4575531,0.4595859,0.7763578,0.5144394,1.1706022,0.8206115,0.2606524,0.50542265,0.9229004,0.49224395,0.013384227,0.20948087,0.9872295,819.15753,474.24908,681.3553,797.8022,894.5055,-0.1925048828125,0.07867431640625,0.96087646484375,2.340240478515625,-0.231781005859375,2.385101318359375,1.0,2.0,2.0,2.0,2.0,100.0,event
15:31:39.042,0.48491028,1.0311383,1.1112019,1.4538548,0.37220395,0.85851246,0.73612374,1.4575531,0.4595859,0.7763578,0.5144394,1.1706022,0.8206115,0.2606524,0.50542265,0.9229004,0.49224395,0.013384227,0.20948087,0.9872295,819.5604,482.71063,675.31134,805.05493,1001.685,-0.1925048828125,0.07867431640625,0.96087646484375,2.340240478515625,-0.231781005859375,2.385101318359375,1.0,2.0,2.0,2.0,2.0,100.0,event
15:31:39.043,0.48491028,1.0311383,1.1112019,1.4538548,0.37220395,0.85851246,0.73612374,1.4575531,0.4595859,0.7763578,0.5144394,1.1706022,0.8206115,0.2606524,0.50542265,0.9229004,0.49224395,0.013384227,0.20948087,0.9872295,809.0842,494.3956,690.6227,777.6557,904.57874,-0.1925048828125,0.07867431640625,0.96087646484375,2.340240478515625,-0.231781005859375,2.385101318359375,1.0,2.0,2.0,2.0,2.0,100.0,event
15:31:39.043,0.48491028,1.0311383,1.1112019,1.4538548,0.37220395,0.85851246,0.73612374,1.4575531,0.4595859,0.7763578,0.5144394,1.1706022,0.8206115,0.2606524,0.50542265,0.9229004,0.49224395,0.013384227,0.20948087,0.9872295,815.9341,494.3956,700.293,774.0293,654.35895,-0.1925048828125,0.07867431640625,0.96087646484375,2.340240478515625,-0.231781005859375,2.385101318359375,1.0,2.0,2.0,2.0,2.0,100.0,event
15:31:39.044,0.48491028,1.0311383,1.1112019,1.4538548,0.37220395,0.85851246,0.73612374,1.4575531,0.4595859,0.7763578,0.5144394,1.1706022,0.8206115,0.2606524,0.50542265,0.9229004,0.49224395,0.013384227,0.20948087,0.9872295,797.8022,488.35165,681.75824,782.49084,686.1905,-0.1925048828125,0.07867431640625,0.96087646484375,2.340240478515625,-0.231781005859375,2.385101318359375,1.0,2.0,2.0,2.0,2.0,100.0,event
15:31:39.045,0.48491028,1.0311383,1.1112019,1.4538548,0.37220395,0.85851246,0.73612374,1.4575531,0.4595859,0.7763578,0.5144394,1.1706022,0.8206115,0.2606524,0.50542265,0.9229004,0.49224395,0.013384227,0.20948087,0.9872295,782.49084,481.50183,674.5055,779.2674,902.5641,-0.1925048828125,0.07867431640625,0.96087646484375,2.340240478515625,-0.231781005859375,2.385101318359375,1.0,2.0,2.0,2.0,2.0,100.0,event
15:31:39.091,0.48491028,1.0311383,1.1112019,1.4538548,0.37220395,0.85851246,0.73612374,1.4575531,0.4595859,0.7763578,0.5144394,1.1706022,0.8206115,0.2606524,0.50542265,0.9229004,0.49224395,0.013384227,0.20948087,0.9872295,790.14655,492.78387,695.4579,772.4176,780.07324,-0.20513916015625,0.0814208984375,0.9532470703125,3.925323486328125,-2.654266357421875,2.549591064453125,1.0,2.0,2.0,2.0,2.0,100.0,event
15:31:39.095,0.48491028,1.0311383,1.1112019,1.4538548,0.37220395,0.85851246,0.73612374,1.4575531,0.4595859,0.7763578,0.5144394,1.1706022,0.8206115,0.2606524,0.50542265,0.9229004,0.49224395,0.013384227,0.20948087,0.9872295,791.75824,502.05127,696.26373,769.19415,643.47986,-0.20513916015625,0.0814208984375,0.9532470703125,3.925323486328125,-2.654266357421875,2.549591064453125,1.0,2.0,2.0,2.0,2.0,100.0,event
15:31:39.096,0.48491028,1.0311383,1.1112019,1.4538548,0.37220395,0.85851246,0.73612374,1.4575531,0.4595859,0.7763578,0.5144394,1.1706022,0.8206115,0.2606524,0.50542265,0.9229004,0.49224395,0.013384227,0.20948087,0.9872295,797.8022,497.21613,690.2198,779.2674,675.7143,-0.20513916015625,0.0814208984375,0.9532470703125,3.925323486328125,-2.654266357421875,2.549591064453125,1.0,2.0,2.0,2.0,2.0,100.0,event
15:31:39.098,0.48491028,1.0311383,1.1112019,1.4538548,0.37220395,0.85851246,0.73612374,1.4575531,0.4595859,0.7763578,0.5144394,1.1706022,0.8206115,0.2606524,0.50542265,0.9229004,0.49224395,0.013384227,0.20948087,0.9872295,797.8022,502.85715,698.2784,776.8498,699.0842,-0.20513916015625,0.0814208984375,0.9532470703125,3.925323486328125,-2.654266357421875,2.549591064453125,1.0,2.0,2.0,2.0,2.0,100.0,event
15:31:39.099,0.48491028,1.0311383,1.1112019,1.4538548,0.37220395,0.85851246,0.73612374,1.4575531,0.4595859,0.7763578,0.5144394,1.1706022,0.8206115,0.2606524,0.50542265,0.9229004,0.49224395,0.013384227,0.20948087,0.9872295,792.96704,502.85715,707.1429,774.43225,743.00366,-0.20513916015625,0.0814208984375,0.9532470703125,3.925323486328125,-2.654266357421875,2.549591064453125,1.0,2.0,2.0,2.0,2.0,100.0,event
15:31:39.101,0.48491028,1.0311383,1.1112019,1.4538548,0.37220395,0.85851246,0.73612374,1.4575531,0.4595859,0.7763578,0.5144394,1.1706022,0.8206115,0.2606524,0.50542265,0.9229004,0.49224395,0.013384227,0.20948087,0.9872295,794.57874,499.23077,720.84247,779.67035,780.4762,-0.20513916015625,0.0814208984375,0.9532470703125,3.925323486328125,-2.654266357421875,2.549591064453125,1.0,2.0,2.0,2.0,2.0,100.0,event
15:31:39.102,0.48491028,1.0311383,1.1112019,1.4538548,0.37220395,0.85851246,0.73612374,1.4575531,0.4595859,0.7763578,0.5144394,1.1706022,0.8206115,0.2606524,0.50542265,0.9229004,0.49224395,0.013384227,0.20948087,0.9872295,796.5934,504.46887,725.2747,784.90845,979.92676,-0.20513916015625,0.0814208984375,0.9532470703125,3.925323486328125,-2.654266357421875,2.549591064453125,1.0,2.0,2.0,2.0,2.0,100.0,event
15:31:39.104,0.48491028,1.0311383,1.1112019,1.4538548,0.37220395,0.85851246,0.73612374,1.4575531,0.4595859,0.7763578,0.5144394,1.1706022,0.8206115,0.2606524,0.50542265,0.9229004,0.49224395,0.013384227,0.20948087,0.9872295,788.5348,516.1539,738.1685,782.8938,1066.9597,-0.20513916015625,0.0814208984375,0.9532470703125,3.925323486328125,-2.654266357421875,2.549591064453125,1.0,2.0,2.0,2.0,2.0,100.0,event
15:31:39.105,0.48491028,1.0311383,1.1112019,1.4538548,0.37220395,0.85851246,0.73612374,1.4575531,0.4595859,0.7763578,0.5144394,1.1706022,0.8206115,0.2606524,0.50542265,0.9229004,0.49224395,0.013384227,0.20948087,0.9872295,792.96704,542.74725,760.7326,779.67035,817.1429,-0.20513916015625,0.0814208984375,0.9532470703125,3.925323486328125,-2.654266357421875,2.549591064453125,1.0,2.0,2.0,2.0,2.0,100.0,event
15:31:39.106,0.48491028,1.0311383,1.1112019,1.4538548,0.37220395,0.85851246,0.73612374,1.4575531,0.4595859,0.7763578,0.5144394,1.1706022,0.8206115,0.2606524,0.50542265,0.9229004,0.49224395,0.013384227,0.20948087,0.9872295,798.60803,554.0293,759.12085,774.43225,696.26373,-0.20513916015625,0.0814208984375,0.9532470703125,3.925323486328125,-2.654266357421875,2.549591064453125,1.0,2.0,2.0,2.0,2.0,100.0,event
15:31:39.108,0.48491028,1.0311383,1.1112019,1.4538548,0.37220395,0.85851246,0.73612374,1.4575531,0.4595859,0.7763578,0.5144394,1.1706022,0.8206115,0.2606524,0.50542265,0.9229004,0.49224395,0.013384227,0.20948087,0.9872295,786.9231,558.46155,755.09155,768.3883,744.21246,-0.20513916015625,0.0814208984375,0.9532470703125,3.925323486328125,-2.654266357421875,2.549591064453125,1.0,2.0,2.0,2.0,2.0,100.0,event
15:31:39.109,0.48491028,1.0311383,1.1112019,1.4538548,0.37220395,0.85851246,0.73612374,1.4575531,0.4595859,0.7763578,0.5144394,1.1706022,0.8206115,0.2606524,0.50542265,0.9229004,0.49224395,0.013384227,0.20948087,0.9872295,789.7436,566.1172,763.5531,767.98535,773.6264,-0.20513916015625,0.0814208984375,0.9532470703125,3.925323486328125,-2.654266357421875,2.549591064453125,1.0,2.0,2.0,2.0,2.0,100.0,event
15:31:39.156,0.48491028,1.0311383,1.1112019,1.4538548,0.37220395,0.85851246,0.73612374,1.4575531,0.4595859,0.7763578,0.5144394,1.1706022,0.8206115,0.2606524,0.50542265,0.9229004,0.49224395,0.013384227,0.20948087,0.9872295,792.96704,570.54944,770.80585,765.9707,778.86444,-0.189208984375,0.09661865234375,0.9766845703125,3.730926513671875,-2.579498291015625,2.4224853515625,1.0,2.0,2.0,2.0,2.0,100.0,event
15:31:39.157,0.48491028,1.0311383,1.1112019,1.4538548,0.37220395,0.85851246,0.73612374,1.4575531,0.4595859,0.7763578,0.5144394,1.1706022,0.8206115,0.2606524,0.50542265,0.9229004,0.49224395,0.013384227,0.20948087,0.9872295,795.38464,572.5641,765.16486,772.4176,797.8022,-0.189208984375,0.09661865234375,0.9766845703125,3.730926513671875,-2.579498291015625,2.4224853515625,1.0,2.0,2.0,2.0,2.0,100.0,event
15:31:39.159,0.48491028,1.0311383,1.1112019,1.4538548,0.37220395,0.85851246,0.73612374,1.4575531,0.4595859,0.7763578,0.5144394,1.1706022,0.8206115,0.2606524,0.50542265,0.9229004,0.49224395,0.013384227,0.20948087,0.9872295,774.0293,583.0403,764.7619,772.4176,820.3663,-0.189208984375,0.09661865234375,0.9766845703125,3.730926513671875,-2.579498291015625,2.4224853515625,1.0,2.0,2.0,2.0,2.0,100.0,event
15:31:39.160,0.48491028,1.0311383,1.1112019,1.4538548,0.37220395,0.85851246,0.73612374,1.4575531,0.4595859,0.7763578,0.5144394,1.1706022,0.8206115,0.2606524,0.50542265,0.9229004,0.49224395,0.013384227,0.20948087,0.9872295,763.95605,597.9487,779.2674,777.25275,826.0073,-0.189208984375,0.09661865234375,0.9766845703125,3.730926513671875,-2.579498291015625,2.4224853515625,1.0,2.0,2.0,2.0,2.0,100.0,event
15:31:39.162,0.48491028,1.0311383,1.1112019,1.4538548,0.37220395,0.85851246,0.73612374,1.4575531,0.4595859,0.7763578,0.5144394,1.1706022,0.8206115,0.2606524,0.50542265,0.9229004,0.49224395,0.013384227,0.20948087,0.9872295,788.93774,604.7985,773.6264,778.86444,764.35895,-0.189208984375,0.09661865234375,0.9766845703125,3.730926513671875,-2.579498291015625,2.4224853515625,1.0,2.0,2.0,2.0,2.0,100.0,event
15:31:39.163,0.21905836,1.0311383,1.1112019,1.4538548,0.52675706,0.85851246,0.73612374,1.4575531,0.85423714,0.7763578,0.5144394,1.1706022,0.9413489,0.2606524,0.50542265,0.9229004,1.0689256,0.013384227,0.20948087,0.9872295,787.326,597.9487,755.4945,772.01465,837.6923,-0.189208984375,0.09661865234375,0.9766845703125,3.730926513671875,-2.579498291015625,2.4224853515625,1.0,2.0,2.0,2.0,2.0,100.0,event
15:31:39.167,0.21905836,1.0311383,1.1112019,1.4538548,0.52675706,0.85851246,0.73612374,1.4575531,0.85423714,0.7763578,0.5144394,1.1706022,0.9413489,0.2606524,0.50542265,0.9229004,1.0689256,0.013384227,0.20948087,0.9872295,784.10254,586.6667,763.95605,778.86444,995.64105,-0.189208984375,0.09661865234375,0.9766845703125,3.730926513671875,-2.579498291015625,2.4224853515625,1.0,2.0,2.0,2.0,2.0,100.0,event
15:31:39.168,0.21905836,1.0311383,1.1112019,1.4538548,0.52675706,0.85851246,0.73612374,1.4575531,0.85423714,0.7763578,0.5144394,1.1706022,0.9413489,0.2606524,0.50542265,0.9229004,1.0689256,0.013384227,0.20948087,0.9872295,781.685,592.3077,778.0586,778.46155,862.674,-0.189208984375,0.09661865234375,0.9766845703125,3.730926513671875,-2.579498291015625,2.4224853515625,1.0,2.0,2.0,2.0,2.0,100.0,event
15:31:39.169,0.21905836,1.0311383,1.1112019,1.4538548,0.52675706,0.85851246,0.73612374,1.4575531,0.85423714,0.7763578,0.5144394,1.1706022,0.9413489,0.2606524,0.50542265,0.9229004,1.0689256,0.013384227,0.20948087,0.9872295,778.86444,598.3516,773.6264,777.25275,703.5165,-0.189208984375,0.09661865234375,0.9766845703125,3.730926513671875,-2.579498291015625,2.4224853515625,1.0,2.0,2.0,2.0,2.0,100.0,event
15:31:39.169,0.21905836,1.0311383,1.1112019,1.4538548,0.52675706,0.85851246,0.73612374,1.4575531,0.85423714,0.7763578,0.5144394,1.1706022,0.9413489,0.2606524,0.50542265,0.9229004,1.0689256,0.013384227,0.20948087,0.9872295,791.75824,594.7253,768.3883,781.28204,760.32965,-0.189208984375,0.09661865234375,0.9766845703125,3.730926513671875,-2.579498291015625,2.4224853515625,1.0,2.0,2.0,2.0,2.0,100.0,event
15:31:39.170,0.21905836,1.0311383,1.1112019,1.4538548,0.52675706,0.85851246,0.73612374,1.4575531,0.85423714,0.7763578,0.5144394,1.1706022,0.9413489,0.2606524,0.50542265,0.9229004,1.0689256,0.013384227,0.20948087,0.9872295,787.326,600.7692,766.77655,782.8938,797.3993,-0.189208984375,0.09661865234375,0.9766845703125,3.730926513671875,-2.579498291015625,2.4224853515625,1.0,2.0,2.0,2.0,2.0,100.0,event
15:31:39.171,0.21905836,1.0311383,1.1112019,1.4538548,0.52675706,0.85851246,0.73612374,1.4575531,0.85423714,0.7763578,0.5144394,1.1706022,0.9413489,0.2606524,0.50542265,0.9229004,1.0689256,0.013384227,0.20948087,0.9872295,794.17584,593.91943,767.98535,780.87915,730.9158,-0.189208984375,0.09661865234375,0.9766845703125,3.730926513671875,-2.579498291015625,2.4224853515625,1.0,2.0,2.0,2.0,2.0,100.0,event
15:31:39.207,0.21905836,1.0311383,1.1112019,1.4538548,0.52675706,0.85851246,0.73612374,1.4575531,0.85423714,0.7763578,0.5144394,1.1706022,0.9413489,0.2606524,0.50542265,0.9229004,1.0689256,0.013384227,0.20948087,0.9872295,801.02563,581.8315,765.56775,781.685,670.87915,-0.21405029296875,0.09906005859375,0.9658203125,2.27294921875,2.01873779296875,0.4486083984375,1.0,2.0,2.0,2.0,2.0,100.0,event
15:31:39.208,0.21905836,1.0311383,1.1112019,1.4538548,0.52675706,0.85851246,0.73612374,1.4575531,0.85423714,0.7763578,0.5144394,1.1706022,0.9413489,0.2606524,0.50542265,0.9229004,1.0689256,0.013384227,0.20948087,0.9872295,787.326,581.8315,758.315,782.0879,764.35895,-0.21405029296875,0.09906005859375,0.9658203125,2.27294921875,2.01873779296875,0.4486083984375,1.0,2.0,2.0,2.0,2.0,100.0,event
15:31:39.208,0.21905836,1.0311383,1.1112019,1.4538548,0.52675706,0.85851246,0.73612374,1.4575531,0.85423714,0.7763578,0.5144394,1.1706022,0.9413489,0.2606524,0.50542265,0.9229004,1.0689256,0.013384227,0.20948087,0.9872295,791.75824,574.17584,760.32965,776.8498,827.2161,-0.21405029296875,0.09906005859375,0.9658203125,2.27294921875,2.01873779296875,0.4486083984375,1.0,2.0,2.0,2.0,2.0,100.0,event
15:31:39.209,0.21905836,1.0311383,1.1112019,1.4538548,0.52675706,0.85851246,0.73612374,1.4575531,0.85423714,0.7763578,0.5144394,1.1706022,0.9413489,0.2606524,0.50542265,0.9229004,1.0689256,0.013384227,0.20948087,0.9872295,796.5934,581.02563,761.13556,778.86444,788.1319,-0.21405029296875,0.09906005859375,0.9658203125,2.27294921875,2.01873779296875,0.4486083984375,1.0,2.0,2.0,2.0,2.0,100.0,event
15:31:39.210,0.21905836,1.0311383,1.1112019,1.4538548,0.52675706,0.85851246,0.73612374,1.4575531,0.85423714,0.7763578,0.5144394,1.1706022,0.9413489,0.2606524,0.50542265,0.9229004,1.0689256,0.013384227,0.20948087,0.9872295,797.8022,594.3223,750.65936,782.8938,722.4542,-0.21405029296875,0.09906005859375,0.9658203125,2.27294921875,2.01873779296875,0.4486083984375,1.0,2.0,2.0,2.0,2.0,100.0,event
15:31:39.211,0.21905836,1.0311383,1.1112019,1.4538548,0.52675706,0.85851246,0.73612374,1.4575531,0.85423714,0.7763578,0.5144394,1.1706022,0.9413489,0.2606524,0.50542265,0.9229004,1.0689256,0.013384227,0.20948087,0.9872295,801.4286,602.381,745.82416,786.52014,1114.9084,-0.21405029296875,0.09906005859375,0.9658203125,2.27294921875,2.01873779296875,0.4486083984375,1.0,2.0,2.0,2.0,2.0,100.0,event
15:31:39.211,0.21905836,1.0311383,1.1112019,1.4538548,0.52675706,0.85851246,0.73612374,1.4575531,0.85423714,0.7763578,0.5144394,1.1706022,0.9413489,0.2606524,0.50542265,0.9229004,1.0689256,0.013384227,0.20948087,0.9872295,797.8022,595.9341,738.1685,784.10254,931.1722,-0.21405029296875,0.09906005859375,0.9658203125,2.27294921875,2.01873779296875,0.4486083984375,1.0,2.0,2.0,2.0,2.0,100.0,event
15:31:39.212,0.21905836,1.0311383,1.1112019,1.4538548,0.52675706,0.85851246,0.73612374,1.4575531,0.85423714,0.7763578,0.5144394,1.1706022,0.9413489,0.2606524,0.50542265,0.9229004,1.0689256,0.013384227,0.20948087,0.9872295,808.2784,619.304,765.9707,795.78754,850.58606,-0.21405029296875,0.09906005859375,0.9658203125,2.27294921875,2.01873779296875,0.4486083984375,1.0,2.0,2.0,2.0,2.0,100.0,event
15:31:39.213,0.21905836,1.0311383,1.1112019,1.4538548,0.52675706,0.85851246,0.73612374,1.4575531,0.85423714,0.7763578,0.5144394,1.1706022,0.9413489,0.2606524,0.50542265,0.9229004,1.0689256,0.013384227,0.20948087,0.9872295,807.0696,626.1539,748.6447,797.8022,839.707,-0.21405029296875,0.09906005859375,0.9658203125,2.27294921875,2.01873779296875,0.4486083984375,1.0,2.0,2.0,2.0,2.0,100.0,event
15:31:39.213,0.21905836,1.0311383,1.1112019,1.4538548,0.52675706,0.85851246,0.73612374,1.4575531,0.85423714,0.7763578,0.5144394,1.1706022,0.9413489,0.2606524,0.50542265,0.9229004,1.0689256,0.013384227,0.20948087,0.9872295,793.7729,627.3626,736.55676,785.7143,830.4396,-0.21405029296875,0.09906005859375,0.9658203125,2.27294921875,2.01873779296875,0.4486083984375,1.0,2.0,2.0,2.0,2.0,100.0,event
15:31:39.214,0.21905836,1.0311383,1.1112019,1.4538548,0.52675706,0.85851246,0.73612374,1.4575531,0.85423714,0.7763578,0.5144394,1.1706022,0.9413489,0.2606524,0.50542265,0.9229004,1.0689256,0.013384227,0.20948087,0.9872295,785.7143,629.7802,740.18317,781.28204,774.0293,-0.21405029296875,0.09906005859375,0.9658203125,2.27294921875,2.01873779296875,0.4486083984375,1.0,2.0,2.0,2.0,2.0,100.0,event
15:31:39.215,0.21905836,1.0311383,1.1112019,1.4538548,0.52675706,0.85851246,0.73612374,1.4575531,0.85423714,0.7763578,0.5144394,1.1706022,0.9413489,0.2606524,0.50542265,0.9229004,1.0689256,0.013384227,0.20948087,0.9872295,795.38464,636.63007,746.2271,785.7143,815.9341,-0.21405029296875,0.09906005859375,0.9658203125,2.27294921875,2.01873779296875,0.4486083984375,1.0,2.0,2.0,2.0,2.0,100.0,event
15:31:39.216,0.21905836,1.0311383,1.1112019,1.4538548,0.52675706,0.85851246,0.73612374,1.4575531,0.85423714,0.7763578,0.5144394,1.1706022,0.9413489,0.2606524,0.50542265,0.9229004,1.0689256,0.013384227,0.20948087,0.9872295,795.78754,641.8681,751.06226,792.1612,784.5055,-0.21405029296875,0.09906005859375,0.9658203125,2.27294921875,2.01873779296875,0.4486083984375,1.0,2.0,2.0,2.0,2.0,100.0,event
15:31:39.216,0.21905836,1.0311383,1.1112019,1.4538548,0.52675706,0.85851246,0.73612374,1.4575531,0.85423714,0.7763578,0.5144394,1.1706022,0.9413489,0.2606524,0.50542265,0.9229004,1.0689256,0.013384227,0.20948087,0.9872295,796.99634,645.4945,743.00366,794.57874,815.5311,-0.21405029296875,0.09906005859375,0.9658203125,2.27294921875,2.01873779296875,0.4486083984375,1.0,2.0,2.0,2.0,2.0,100.0,event
15:31:39.217,0.21905836,1.0311383,1.1112019,1.4538548,0.52675706,0.85851246,0.73612374,1.4575531,0.85423714,0.7763578,0.5144394,1.1706022,0.9413489,0.2606524,0.50542265,0.9229004,1.0689256,0.013384227,0.20948087,0.9872295,804.65204,654.7619,743.4066,797.3993,780.07324,-0.21405029296875,0.09906005859375,0.9658203125,2.27294921875,2.01873779296875,0.4486083984375,1.0,2.0,2.0,2.0,2.0,100.0,event
15:31:39.218,0.21905836,1.0311383,1.1112019,1.4538548,0.52675706,0.85851246,0.73612374,1.4575531,0.85423714,0.7763578,0.5144394,1.1706022,0.9413489,0.2606524,0.50542265,0.9229004,1.0689256,0.013384227,0.20948087,0.9872295,801.02563,666.4469,742.1978,796.5934,662.4176,-0.21405029296875,0.09906005859375,0.9658203125,2.27294921875,2.01873779296875,0.4486083984375,1.0,2.0,2.0,2.0,2.0,100.0,event
15:31:39.219,0.21905836,1.0311383,1.1112019,1.4538548,0.52675706,0.85851246,0.73612374,1.4575531,0.85423714,0.7763578,0.5144394,1.1706022,0.9413489,0.2606524,0.50542265,0.9229004,1.0689256,0.013384227,0.20948087,0.9872295,821.1722,683.7729,739.3773,807.0696,852.1978,-0.21405029296875,0.09906005859375,0.9658203125,2.27294921875,2.01873779296875,0.4486083984375,1.0,2.0,2.0,2.0,2.0,100.0,event
15:31:39.219,0.21905836,1.0311383,1.1112019,1.4538548,0.52675706,0.85851246,0.73612374,1.4575531,0.85423714,0.7763578,0.5144394,1.1706022,0.9413489,0.2606524,0.50542265,0.9229004,1.0689256,0.013384227,0.20948087,0.9872295,802.6374,678.1319,736.55676,797.3993,714.7985,-0.21405029296875,0.09906005859375,0.9658203125,2.27294921875,2.01873779296875,0.4486083984375,1.0,2.0,2.0,2.0,2.0,100.0,event
15:31:39.220,0.21905836,1.0311383,1.1112019,1.4538548,0.52675706,0.85851246,0.73612374,1.4575531,0.85423714,0.7763578,0.5144394,1.1706022,0.9413489,0.2606524,0.50542265,0.9229004,1.0689256,0.013384227,0.20948087,0.9872295,832.8571,689.41394,745.42126,810.293,806.26373,-0.21405029296875,0.09906005859375,0.9658203125,2.27294921875,2.01873779296875,0.4486083984375,1.0,2.0,2.0,2.0,2.0,100.0,event
15:31:39.221,0.18500301,1.0311383,1.1112019,1.4538548,0.57591873,0.85851246,0.73612374,1.4575531,0.85423714,0.7763578,0.5144394,1.1706022,0.8706771,0.2606524,0.50542265,0.9229004,0.95710444,0.013384227,0.20948087,0.9872295,828.8278,698.68134,747.8388,811.50183,814.3223,-0.21405029296875,0.09906005859375,0.9658203125,2.27294921875,2.01873779296875,0.4486083984375,1.0,1.0,2.0,2.0,1.0,100.0,event
15:31:39.225,0.18500301,1.0311383,1.1112019,1.4538548,0.57591873,0.85851246,0.73612374,1.4575531,0.85423714,0.7763578,0.5144394,1.1706022,0.8706771,0.2606524,0.50542265,0.9229004,0.95710444,0.013384227,0.20948087,0.9872295,816.337,702.3077,746.63007,805.8608,882.8205,-0.21405029296875,0.09906005859375,0.9658203125,2.27294921875,2.01873779296875,0.4486083984375,1.0,1.0,2.0,2.0,1.0,100.0,event
15:31:39.225,0.18500301,1.0311383,1.1112019,1.4538548,0.57591873,0.85851246,0.73612374,1.4575531,0.85423714,0.7763578,0.5144394,1.1706022,0.8706771,0.2606524,0.50542265,0.9229004,0.95710444,0.013384227,0.20948087,0.9872295,808.2784,694.65204,738.1685,804.2491,1068.5714,-0.21405029296875,0.09906005859375,0.9658203125,2.27294921875,2.01873779296875,0.4486083984375,1.0,1.0,2.0,2.0,1.0,100.0,event
15:31:39.226,0.18500301,1.0311383,1.1112019,1.4538548,0.57591873,0.85851246,0.73612374,1.4575531,0.85423714,0.7763578,0.5144394,1.1706022,0.8706771,0.2606524,0.50542265,0.9229004,0.95710444,0.013384227,0.20948087,0.9872295,804.65204,705.9341,757.50916,804.65204,964.61536,-0.21405029296875,0.09906005859375,0.9658203125,2.27294921875,2.01873779296875,0.4486083984375,1.0,1.0,2.0,2.0,1.0,100.0,event
15:31:39.227,0.18500301,1.0311383,1.1112019,1.4538548,0.57591873,0.85851246,0.73612374,1.4575531,0.85423714,0.7763578,0.5144394,1.1706022,0.8706771,0.2606524,0.50542265,0.9229004,0.95710444,0.013384227,0.20948087,0.9872295,803.0403,717.2161,762.74725,804.65204,665.64105,-0.21405029296875,0.09906005859375,0.9658203125,2.27294921875,2.01873779296875,0.4486083984375,1.0,1.0,2.0,2.0,1.0,100.0,event
15:31:39.266,0.18500301,1.0311383,1.1112019,1.4538548,0.57591873,0.85851246,0.73612374,1.4575531,0.85423714,0.7763578,0.5144394,1.1706022,0.8706771,0.2606524,0.50542265,0.9229004,0.95710444,0.013384227,0.20948087,0.9872295,809.4872,713.9927,741.79486,799.011,700.696,-0.2227783203125,0.09844970703125,0.9608154296875,1.98883056640625,-0.299072265625,0.157012939453125,1.0,1.0,2.0,2.0,1.0,100.0,event
15:31:39.267,0.18500301,1.0311383,1.1112019,1.4538548,0.57591873,0.85851246,0.73612374,1.4575531,0.85423714,0.7763578,0.5144394,1.1706022,0.8706771,0.2606524,0.50542265,0.9229004,0.95710444,0.013384227,0.20948087,0.9872295,813.91943,725.6777,753.0769,795.78754,693.8461,-0.2227783203125,0.09844970703125,0.9608154296875,1.98883056640625,-0.299072265625,0.157012939453125,1.0,1.0,2.0,2.0,1.0,100.0,event
15:31:39.268,0.18500301,1.0311383,1.1112019,1.4538548,0.57591873,0.85851246,0.73612374,1.4575531,0.85423714,0.7763578,0.5144394,1.1706022,0.8706771,0.2606524,0.50542265,0.9229004,0.95710444,0.013384227,0.20948087,0.9872295,809.89014,735.7509,766.77655,812.3077,655.9707,-0.2227783203125,0.09844970703125,0.9608154296875,1.98883056640625,-0.299072265625,0.157012939453125,1.0,1.0,2.0,2.0,1.0,100.0,event
15:31:39.268,0.18500301,1.0311383,1.1112019,1.4538548,0.57591873,0.85851246,0.73612374,1.4575531,0.85423714,0.7763578,0.5144394,1.1706022,0.8706771,0.2606524,0.50542265,0.9229004,0.95710444,0.013384227,0.20948087,0.9872295,809.89014,732.52747,767.1795,808.2784,650.7326,-0.2227783203125,0.09844970703125,0.9608154296875,1.98883056640625,-0.299072265625,0.157012939453125,1.0,1.0,2.0,2.0,1.0,100.0,event
15:31:39.269,0.18500301,1.0311383,1.1112019,1.4538548,0.57591873,0.85851246,0.73612374,1.4575531,0.85423714,0.7763578,0.5144394,1.1706022,0.8706771,0.2606524,0.50542265,0.9229004,0.95710444,0.013384227,0.20948087,0.9872295,815.12823,742.1978,762.74725,794.17584,741.39197,-0.2227783203125,0.09844970703125,0.9608154296875,1.98883056640625,-0.299072265625,0.157012939453125,1.0,1.0,2.0,2.0,1.0,100.0,event
15:31:39.270,0.18500301,1.0311383,1.1112019,1.4538548,0.57591873,0.85851246,0.73612374,1.4575531,0.85423714,0.7763578,0.5144394,1.1706022,0.8706771,0.2606524,0.50542265,0.9229004,0.95710444,0.013384227,0.20948087,0.9872295,812.3077,741.79486,761.9414,789.7436,921.9048,-0.2227783203125,0.09844970703125,0.9608154296875,1.98883056640625,-0.299072265625,0.157012939453125,1.0,1.0,2.0,2.0,1.0,100.0,event
15:31:39.271,0.18500301,1.0311383,1.1112019,1.4538548,0.57591873,0.85851246,0.73612374,1.4575531,0.85423714,0.7763578,0.5144394,1.1706022,0.8706771,0.2606524,0.50542265,0.9229004,0.95710444,0.013384227,0.20948087,0.9872295,809.0842,744.21246,768.7912,784.5055,893.2967,-0.2227783203125,0.09844970703125,0.9608154296875,1.98883056640625,-0.299072265625,0.157012939453125,1.0,1.0,2.0,2.0,1.0,100.0,event
15:31:39.271,0.18500301,1.0311383,1.1112019,1.4538548,0.57591873,0.85851246,0.73612374,1.4575531,0.85423714,0.7763578,0.5144394,1.1706022,0.8706771,0.2606524,0.50542265,0.9229004,0.95710444,0.013384227,0.20948087,0.9872295,813.91943,753.47986,773.22345,778.86444,683.7729,-0.2227783203125,0.09844970703125,0.9608154296875,1.98883056640625,-0.299072265625,0.157012939453125,1.0,1.0,2.0,2.0,1.0,100.0,event
15:31:39.272,0.18500301,1.0311383,1.1112019,1.4538548,0.57591873,0.85851246,0.73612374,1.4575531,0.85423714,0.7763578,0.5144394,1.1706022,0.8706771,0.2606524,0.50542265,0.9229004,0.95710444,0.013384227,0.20948087,0.9872295,815.5311,753.8828,766.77655,786.9231,855.82416,-0.2227783203125,0.09844970703125,0.9608154296875,1.98883056640625,-0.299072265625,0.157012939453125,1.0,1.0,2.0,2.0,1.0,100.0,event
15:31:39.273,0.18500301,1.0311383,1.1112019,1.4538548,0.57591873,0.85851246,0.73612374,1.4575531,0.85423714,0.7763578,0.5144394,1.1706022,0.8706771,0.2606524,0.50542265,0.9229004,0.95710444,0.013384227,0.20948087,0.9872295,805.4579,751.4652,778.46155,788.5348,1059.7069,-0.2227783203125,0.09844970703125,0.9608154296875,1.98883056640625,-0.299072265625,0.157012939453125,1.0,1.0,2.0,2.0,1.0,100.0,event
15:31:39.273,0.18500301,1.0311383,1.1112019,1.4538548,0.57591873,0.85851246,0.73612374,1.4575531,0.85423714,0.7763578,0.5144394,1.1706022,0.8706771,0.2606524,0.50542265,0.9229004,0.95710444,0.013384227,0.20948087,0.9872295,794.57874,757.1062,793.7729,788.5348,790.54944,-0.2227783203125,0.09844970703125,0.9608154296875,1.98883056640625,-0.299072265625,0.157012939453125,1.0,1.0,2.0,2.0,1.0,100.0,event
15:31:39.274,0.18500301,1.0311383,1.1112019,1.4538548,0.57591873,0.85851246,0.73612374,1.4575531,0.85423714,0.7763578,0.5144394,1.1706022,0.8706771,0.2606524,0.50542265,0.9229004,0.95710444,0.013384227,0.20948087,0.9872295,798.20514,756.30035,787.72894,788.1319,644.68866,-0.2227783203125,0.09844970703125,0.9608154296875,1.98883056640625,-0.299072265625,0.157012939453125,1.0,1.0,2.0,2.0,1.0,100.0,event
15:31:39.316,0.18500301,1.0311383,1.1112019,1.4538548,0.57591873,0.85851246,0.73612374,1.4575531,0.85423714,0.7763578,0.5144394,1.1706022,0.8706771,0.2606524,0.50542265,0.9229004,0.95710444,0.013384227,0.20948087,0.9872295,804.65204,753.8828,797.3993,791.3553,701.0989,-0.20880126953125,0.0936279296875,0.9617919921875,1.33087158203125,-1.188812255859375,-0.0897216796875,1.0,1.0,2.0,2.0,1.0,100.0,event
15:31:39.317,0.18500301,1.0311383,1.1112019,1.4538548,0.57591873,0.85851246,0.73612374,1.4575531,0.85423714,0.7763578,0.5144394,1.1706022,0.8706771,0.2606524,0.50542265,0.9229004,0.95710444,0.013384227,0.20948087,0.9872295,800.2198,755.4945,806.26373,796.1905,705.12823,-0.20880126953125,0.0936279296875,0.9617919921875,1.33087158203125,-1.188812255859375,-0.0897216796875,1.0,1.0,2.0,2.0,1.0,100.0,event
15:31:39.318,0.18500301,1.0311383,1.1112019,1.4538548,0.57591873,0.85851246,0.73612374,1.4575531,0.85423714,0.7763578,0.5144394,1.1706022,0.8706771,0.2606524,0.50542265,0.9229004,0.95710444,0.013384227,0.20948087,0.9872295,799.81683,755.89746,807.0696,786.1172,647.1062,-0.20880126953125,0.0936279296875,0.9617919921875,1.33087158203125,-1.188812255859375,-0.0897216796875,1.0,1.0,2.0,2.0,1.0,100.0,event
15:31:39.319,0.18500301,1.0311383,1.1112019,1.4538548,0.57591873,0.85851246,0.73612374,1.4575531,0.85423714,0.7763578,0.5144394,1.1706022,0.8706771,0.2606524,0.50542265,0.9229004,0.95710444,0.013384227,0.20948087,0.9872295,802.23444,762.3443,808.68134,780.87915,690.6227,-0.20880126953125,0.0936279296875,0.9617919921875,1.33087158203125,-1.188812255859375,-0.0897216796875,1.0,1.0,2.0,2.0,1.0,100.0,event
15:31:39.320,0.18500301,1.0311383,1.1112019,1.4538548,0.57591873,0.85851246,0.73612374,1.4575531,0.85423714,0.7763578,0.5144394,1.1706022,0.8706771,0.2606524,0.50542265,0.9229004,0.95710444,0.013384227,0.20948087,0.9872295,800.2198,764.35895,813.5165,786.9231,769.59705,-0.20880126953125,0.0936279296875,0.9617919921875,1.33087158203125,-1.188812255859375,-0.0897216796875,1.0,1.0,2.0,2.0,1.0,100.0,event
15:31:39.321,0.18500301,1.0311383,1.1112019,1.4538548,0.57591873,0.85851246,0.73612374,1.4575531,0.85423714,0.7763578,0.5144394,1.1706022,0.8706771,0.2606524,0.50542265,0.9229004,0.95710444,0.013384227,0.20948087,0.9872295,801.4286,760.32965,814.3223,782.49084,852.1978,-0.20880126953125,0.0936279296875,0.9617919921875,1.33087158203125,-1.188812255859375,-0.0897216796875,1.0,1.0,2.0,2.0,1.0,100.0,event
15:31:39.321,0.18500301,1.0311383,1.1112019,1.4538548,0.57591873,0.85851246,0.73612374,1.4575531,0.85423714,0.7763578,0.5144394,1.1706022,0.8706771,0.2606524,0.50542265,0.9229004,0.95710444,0.013384227,0.20948087,0.9872295,794.57874,761.13556,813.1135,770.80585,855.0183,-0.20880126953125,0.0936279296875,0.9617919921875,1.33087158203125,-1.188812255859375,-0.0897216796875,1.0,1.0,2.0,2.0,1.0,100.0,event
15:31:39.322,0.18500301,1.0311383,1.1112019,1.4538548,0.57591873,0.85851246,0.73612374,1.4575531,0.85423714,0.7763578,0.5144394,1.1706022,0.8706771,0.2606524,0.50542265,0.9229004,0.95710444,0.013384227,0.20948087,0.9872295,793.7729,763.95605,814.7253,774.43225,858.24176,-0.20880126953125,0.0936279296875,0.9617919921875,1.33087158203125,-1.188812255859375,-0.0897216796875,1.0,1.0,2.0,2.0,1.0,100.0,event
15:31:39.323,0.18500301,1.0311383,1.1112019,1.4538548,0.57591873,0.85851246,0.73612374,1.4575531,0.85423714,0.7763578,0.5144394,1.1706022,0.8706771,0.2606524,0.50542265,0.9229004,0.95710444,0.013384227,0.20948087,0.9872295,800.6227,770.40295,813.91943,780.87915,1090.7325,-0.20880126953125,0.0936279296875,0.9617919921875,1.33087158203125,-1.188812255859375,-0.0897216796875,1.0,1.0,2.0,2.0,1.0,100.0,event
15:31:39.324,0.21659097,1.0311383,1.1112019,1.4538548,0.6237375,0.85851246,0.73612374,1.4575531,0.8359319,0.7763578,0.5144394,1.1706022,0.74722475,0.2606524,0.50542265,0.9229004,0.79659355,0.013384227,0.20948087,0.9872295,801.8315,784.10254,810.293,772.4176,959.7802,-0.20880126953125,0.0936279296875,0.9617919921875,1.33087158203125,-1.188812255859375,-0.0897216796875,1.0,1.0,2.0,1.0,1.0,100.0,event
15:31:39.328,0.21659097,1.0311383,1.1112019,1.4538548,0.6237375,0.85851246,0.73612374,1.4575531,0.8359319,0.7763578,0.5144394,1.1706022,0.74722475,0.2606524,0.50542265,0.9229004,0.79659355,0.013384227,0.20948087,0.9872295,790.14655,781.28204,800.2198,771.2088,672.0879,-0.20880126953125,0.0936279296875,0.9617919921875,1.33087158203125,-1.188812255859375,-0.0897216796875,1.0,1.0,2.0,1.0,1.0,100.0,event
15:31:39.328,0.21659097,1.0311383,1.1112019,1.4538548,0.6237375,0.85851246,0.73612374,1.4575531,0.8359319,0.7763578,0.5144394,1.1706022,0.74722475,0.2606524,0.50542265,0.9229004,0.79659355,0.013384227,0.20948087,0.9872295,778.86444,770.0,789.7436,778.86444,781.28204,-0.20880126953125,0.0936279296875,0.9617919921875,1.33087158203125,-1.188812255859375,-0.0897216796875,1.0,1.0,2.0,1.0,1.0,100.0,event
15:31:39.351,0.21659097,1.0311383,1.1112019,1.4538548,0.6237375,0.85851246,0.73612374,1.4575531,0.8359319,0.7763578,0.5144394,1.1706022,0.74722475,0.2606524,0.50542265,0.9229004,0.79659355,0.013384227,0.20948087,0.9872295,790.9524,779.2674,799.41394,788.1319,864.68866,-0.20849609375,0.0919189453125,0.96240234375,1.727142333984375,1.547698974609375,-0.456085205078125,1.0,1.0,2.0,1.0,1.0,100.0,event
15:31:39.352,0.21659097,1.0311383,1.1112019,1.4538548,0.6237375,0.85851246,0.73612374,1.4575531,0.8359319,0.7763578,0.5144394,1.1706022,0.74722475,0.2606524,0.50542265,0.9229004,0.79659355,0.013384227,0.20948087,0.9872295,801.02563,792.1612,811.0989,780.87915,761.53845,-0.20849609375,0.0919189453125,0.96240234375,1.727142333984375,1.547698974609375,-0.456085205078125,1.0,1.0,2.0,1.0,1.0,100.0,event
15:31:39.353,0.21659097,1.0311383,1.1112019,1.4538548,0.6237375,0.85851246,0.73612374,1.4575531,0.8359319,0.7763578,0.5144394,1.1706022,0.74722475,0.2606524,0.50542265,0.9229004,0.79659355,0.013384227,0.20948087,0.9872295,794.9817,791.3553,797.8022,774.83514,753.47986,-0.20849609375,0.0919189453125,0.96240234375,1.727142333984375,1.547698974609375,-0.456085205078125,1.0,1.0,2.0,1.0,1.0,100.0,event
15:31:39.353,0.21659097,1.0311383,1.1112019,1.4538548,0.6237375,0.85851246,0.73612374,1.4575531,0.8359319,0.7763578,0.5144394,1.1706022,0.74722475,0.2606524,0.50542265,0.9229004,0.79659355,0.013384227,0.20948087,0.9872295,799.41394,787.72894,793.36993,774.83514,801.4286,-0.20849609375,0.0919189453125,0.96240234375,1.727142333984375,1.547698974609375,-0.456085205078125,1.0,1.0,2.0,1.0,1.0,100.0,event
15:31:39.354,0.21659097,1.0311383,1.1112019,1.4538548,0.6237375,0.85851246,0.73612374,1.4575531,0.8359319,0.7763578,0.5144394,1.1706022,0.74722475,0.2606524,0.50542265,0.9229004,0.79659355,0.013384227,0.20948087,0.9872295,805.05493,788.5348,796.5934,777.6557,757.50916,-0.20849609375,0.0919189453125,0.96240234375,1.727142333984375,1.547698974609375,-0.456085205078125,1.0,1.0,2.0,1.0,1.0,100.0,event
15:31:39.355,0.21659097,1.0311383,1.1112019,1.4538548,0.6237375,0.85851246,0.73612374,1.4575531,0.8359319,0.7763578,0.5144394,1.1706022,0.74722475,0.2606524,0.50542265,0.9229004,0.79659355,0.013384227,0.20948087,0.9872295,804.65204,782.8938,795.38464,777.6557,789.34064,-0.20849609375,0.0919189453125,0.96240234375,1.727142333984375,1.547698974609375,-0.456085205078125,1.0,1.0,2.0,1.0,1.0,100.0,event
15:31:39.356,0.21659097,1.0311383,1.1112019,1.4538548,0.6237375,0.85851246,0.73612374,1.4575531,0.8359319,0.7763578,0.5144394,1.1706022,0.74722475,0.2606524,0.50542265,0.9229004,0.79659355,0.013384227,0.20948087,0.9872295,808.68134,782.49084,805.05493,783.69965,864.2857,-0.20849609375,0.0919189453125,0.96240234375,1.727142333984375,1.547698974609375,-0.456085205078125,1.0,1.0,2.0,1.0,1.0,100.0,event
15:31:39.356,0.21659097,1.0311383,1.1112019,1.4538548,0.6237375,0.85851246,0.73612374,1.4575531,0.8359319,0.7763578,0.5144394,1.1706022,0.74722475,0.2606524,0.50542265,0.9229004,0.79659355,0.013384227,0.20948087,0.9872295,802.23444,780.07324,799.011,791.3553,941.6484,-0.20849609375,0.0919189453125,0.96240234375,1.727142333984375,1.547698974609375,-0.456085205078125,1.0,1.0,2.0,1.0,1.0,100.0,event
15:31:39.357,0.21659097,1.0311383,1.1112019,1.4538548,0.6237375,0.85851246,0.73612374,1.4575531,0.8359319,0.7763578,0.5144394,1.1706022,0.74722475,0.2606524,0.50542265,0.9229004,0.79659355,0.013384227,0.20948087,0.9872295,799.41394,777.25275,795.78754,783.69965,936.4103,-0.20849609375,0.0919189453125,0.96240234375,1.727142333984375,1.547698974609375,-0.456085205078125,1.0,1.0,2.0,1.0,1.0,100.0,event
15:31:39.358,0.21659097,1.0311383,1.1112019,1.4538548,0.6237375,0.85851246,0.73612374,1.4575531,0.8359319,0.7763578,0.5144394,1.1706022,0.74722475,0.2606524,0.50542265,0.9229004,0.79659355,0.013384227,0.20948087,0.9872295,792.1612,787.72894,805.8608,788.1319,693.0403,-0.20849609375,0.0919189453125,0.96240234375,1.727142333984375,1.547698974609375,-0.456085205078125,1.0,1.0,2.0,1.0,1.0,100.0,event
15:31:39.359,0.21659097,1.0311383,1.1112019,1.4538548,0.6237375,0.85851246,0.73612374,1.4575531,0.8359319,0.7763578,0.5144394,1.1706022,0.74722475,0.2606524,0.50542265,0.9229004,0.79659355,0.013384227,0.20948087,0.9872295,786.9231,767.98535,803.8461,773.22345,744.61536,-0.20849609375,0.0919189453125,0.96240234375,1.727142333984375,1.547698974609375,-0.456085205078125,1.0,1.0,2.0,1.0,1.0,100.0,event
15:31:39.359,0.21659097,1.0311383,1.1112019,1.4538548,0.6237375,0.85851246,0.73612374,1.4575531,0.8359319,0.7763578,0.5144394,1.1706022,0.74722475,0.2606524,0.50542265,0.9229004,0.79659355,0.013384227,0.20948087,0.9872295,788.5348,776.8498,802.23444,784.10254,682.5641,-0.20849609375,0.0919189453125,0.96240234375,1.727142333984375,1.547698974609375,-0.456085205078125,1.0,1.0,2.0,1.0,1.0,100.0,event
15:31:39.385,0.21659097,1.0311383,1.1112019,1.4538548,0.6237375,0.85851246,0.73612374,1.4575531,0.8359319,0.7763578,0.5144394,1.1706022,0.74722475,0.2606524,0.50542265,0.9229004,0.79659355,0.013384227,0.20948087,0.9872295,788.1319,770.80585,804.65204,770.0,725.2747,-0.20849609375,0.0919189453125,0.96240234375,1.727142333984375,1.547698974609375,-0.456085205078125,1.0,1.0,2.0,1.0,1.0,100.0,event
15:31:39.386,0.21659097,1.0311383,1.1112019,1.4538548,0.6237375,0.85851246,0.73612374,1.4575531,0.8359319,0.7763578,0.5144394,1.1706022,0.74722475,0.2606524,0.50542265,0.9229004,0.79659355,0.013384227,0.20948087,0.9872295,794.17584,779.67035,803.8461,765.16486,680.14655,-0.20849609375,0.0919189453125,0.96240234375,1.727142333984375,1.547698974609375,-0.456085205078125,1.0,1.0,2.0,1.0,1.0,100.0,event
15:31:39.388,0.21659097,1.0311383,1.1112019,1.4538548,0.6237375,0.85851246,0.73612374,1.4575531,0.8359319,0.7763578,0.5144394,1.1706022,0.74722475,0.2606524,0.50542265,0.9229004,0.79659355,0.013384227,0.20948087,0.9872295,788.1319,782.8938,800.6227,769.19415,748.6447,-0.20849609375,0.0919189453125,0.96240234375,1.727142333984375,1.547698974609375,-0.456085205078125,1.0,1.0,2.0,1.0,1.0,100.0,event
15:31:39.388,0.21659097,1.0311383,1.1112019,1.4538548,0.6237375,0.85851246,0.73612374,1.4575531,0.8359319,0.7763578,0.5144394,1.1706022,0.74722475,0.2606524,0.50542265,0.9229004,0.79659355,0.013384227,0.20948087,0.9872295,790.9524,781.28204,799.011,772.01465,863.0769,-0.20849609375,0.0919189453125,0.96240234375,1.727142333984375,1.547698974609375,-0.456085205078125,1.0,1.0,2.0,1.0,1.0,100.0,event
15:31:39.389,0.21659097,1.0311383,1.1112019,1.4538548,0.6237375,0.85851246,0.73612374,1.4575531,0.8359319,0.7763578,0.5144394,1.1706022,0.74722475,0.2606524,0.50542265,0.9229004,0.79659355,0.013384227,0.20948087,0.9872295,793.7729,787.326,803.0403,772.4176,832.8571,-0.20849609375,0.0919189453125,0.96240234375,1.727142333984375,1.547698974609375,-0.456085205078125,1.0,1.0,2.0,1.0,1.0,100.0,event
15:31:39.392,0.21659097,1.0311383,1.1112019,1.4538548,0.6237375,0.85851246,0.73612374,1.4575531,0.8359319,0.7763578,0.5144394,1.1706022,0.74722475,0.2606524,0.50542265,0.9229004,0.79659355,0.013384227,0.20948087,0.9872295,784.5055,783.69965,793.7729,770.40295,859.85345,-0.20849609375,0.0919189453125,0.96240234375,1.727142333984375,1.547698974609375,-0.456085205078125,1.0,1.0,2.0,1.0,1.0,100.0,event
15:31:39.394,0.21659097,1.0311383,1.1112019,1.4538548,0.6237375,0.85851246,0.73612374,1.4575531,0.8359319,0.7763578,0.5144394,1.1706022,0.74722475,0.2606524,0.50542265,0.9229004,0.79659355,0.013384227,0.20948087,0.9872295,786.52014,777.25275,784.5055,765.16486,871.9414,-0.20849609375,0.0919189453125,0.96240234375,1.727142333984375,1.547698974609375,-0.456085205078125,1.0,1.0,2.0,1.0,1.0,100.0,event
15:31:39.395,0.21659097,1.0311383,1.1112019,1.4538548,0.6237375,0.85851246,0.73612374,1.4575531,0.8359319,0.7763578,0.5144394,1.1706022,0.74722475,0.2606524,0.50542265,0.9229004,0.79659355,0.013384227,0.20948087,0.9872295,783.69965,772.01465,787.72894,764.7619,990.40295,-0.20849609375,0.0919189453125,0.96240234375,1.727142333984375,1.547698974609375,-0.456085205078125,1.0,1.0,2.0,1.0,1.0,100.0,event
15:31:39.395,0.21659097,1.0311383,1.1112019,1.4538548,0.6237375,0.85851246,0.73612374,1.4575531,0.8359319,0.7763578,0.5144394,1.1706022,0.74722475,0.2606524,0.50542265,0.9229004,0.79659355,0.013384227,0.20948087,0.9872295,782.0879,780.87915,805.05493,776.8498,919.0842,-0.20849609375,0.0919189453125,0.96240234375,1.727142333984375,1.547698974609375,-0.456085205078125,1.0,1.0,2.0,1.0,1.0,100.0,event
15:31:39.398,0.21659097,1.0311383,1.1112019,1.4538548,0.6237375,0.85851246,0.73612374,1.4575531,0.8359319,0.7763578,0.5144394,1.1706022,0.74722475,0.2606524,0.50542265,0.9229004,0.79659355,0.013384227,0.20948087,0.9872295,796.99634,798.60803,810.293,781.685,746.63007,-0.20849609375,0.0919189453125,0.96240234375,1.727142333984375,1.547698974609375,-0.456085205078125,1.0,1.0,2.0,1.0,1.0,100.0,event
15:31:39.399,0.21659097,1.0311383,1.1112019,1.4538548,0.6237375,0.85851246,0.73612374,1.4575531,0.8359319,0.7763578,0.5144394,1.1706022,0.74722475,0.2606524,0.50542265,0.9229004,0.79659355,0.013384227,0.20948087,0.9872295,803.44324,794.17584,803.0403,775.64105,783.69965,-0.20849609375,0.0919189453125,0.96240234375,1.727142333984375,1.547698974609375,-0.456085205078125,1.0,1.0,2.0,1.0,1.0,100.0,event
15:31:39.400,0.23513527,1.0311383,1.1112019,0.43747845,0.611772,0.85851246,0.73612374,0.6370691,0.44011316,0.7763578,0.5144394,0.4649939,0.5068812,0.2606524,0.50542265,0.6263118,0.51075983,0.013384227,0.20948087,0.35955906,790.9524,789.7436,799.81683,772.01465,756.30035,-0.20849609375,0.0919189453125,0.96240234375,1.727142333984375,1.547698974609375,-0.456085205078125,1.0,1.0,2.0,1.0,1.0,100.0,event
15:31:39.457,0.23513527,1.0311383,1.1112019,0.43747845,0.611772,0.85851246,0.73612374,0.6370691,0.44011316,0.7763578,0.5144394,0.4649939,0.5068812,0.2606524,0.50542265,0.6263118,0.51075983,0.013384227,0.20948087,0.35955906,780.4762,793.7729,810.293,776.8498,731.31866,-0.22381591796875,0.08953857421875,0.955810546875,1.547698974609375,1.622467041015625,-0.665435791015625,1.0,1.0,2.0,1.0,1.0,100.0,event
15:31:39.458,0.23513527,1.0311383,1.1112019,0.43747845,0.611772,0.85851246,0.73612374,0.6370691,0.44011316,0.7763578,0.5144394,0.4649939,0.5068812,0.2606524,0.50542265,0.6263118,0.51075983,0.013384227,0.20948087,0.35955906,785.7143,792.96704,810.696,767.5824,694.65204,-0.22381591796875,0.08953857421875,0.955810546875,1.547698974609375,1.622467041015625,-0.665435791015625,1.0,1.0,2.0,1.0,1.0,100.0,event
15:31:39.459,0.23513527,1.0311383,1.1112019,0.43747845,0.611772,0.85851246,0.73612374,0.6370691,0.44011316,0.7763578,0.5144394,0.4649939,0.5068812,0.2606524,0.50542265,0.6263118,0.51075983,0.013384227,0.20948087,0.35955906,786.1172,792.1612,805.05493,761.53845,726.08057,-0.22381591796875,0.08953857421875,0.955810546875,1.547698974609375,1.622467041015625,-0.665435791015625,1.0,1.0,2.0,1.0,1.0,100.0,event
15:31:39.459,0.23513527,1.0311383,1.1112019,0.43747845,0.611772,0.85851246,0.73612374,0.6370691,0.44011316,0.7763578,0.5144394,0.4649939,0.5068812,0.2606524,0.50542265,0.6263118,0.51075983,0.013384227,0.20948087,0.35955906,783.69965,797.3993,812.71063,772.8205,753.47986,-0.22381591796875,0.08953857421875,0.955810546875,1.547698974609375,1.622467041015625,-0.665435791015625,1.0,1.0,2.0,1.0,1.0,100.0,event
15:31:39.460,0.23513527,1.0311383,1.1112019,0.43747845,0.611772,0.85851246,0.73612374,0.6370691,0.44011316,0.7763578,0.5144394,0.4649939,0.5068812,0.2606524,0.50542265,0.6263118,0.51075983,0.013384227,0.20948087,0.35955906,788.5348,801.8315,809.4872,770.0,765.56775,-0.22381591796875,0.08953857421875,0.955810546875,1.547698974609375,1.622467041015625,-0.665435791015625,1.0,1.0,2.0,1.0,1.0,100.0,event
15:31:39.460,0.23513527,1.0311383,1.1112019,0.43747845,0.611772,0.85851246,0.73612374,0.6370691,0.44011316,0.7763578,0.5144394,0.4649939,0.5068812,0.2606524,0.50542265,0.6263118,0.51075983,0.013384227,0.20948087,0.35955906,783.2967,797.3993,808.2784,765.9707,813.5165,-0.22381591796875,0.08953857421875,0.955810546875,1.547698974609375,1.622467041015625,-0.665435791015625,1.0,1.0,2.0,1.0,1.0,100.0,event
15:31:39.461,0.23513527,1.0311383,1.1112019,0.43747845,0.611772,0.85851246,0.73612374,0.6370691,0.44011316,0.7763578,0.5144394,0.4649939,0.5068812,0.2606524,0.50542265,0.6263118,0.51075983,0.013384227,0.20948087,0.35955906,776.4469,798.20514,807.47253,773.6264,1147.1428,-0.22381591796875,0.08953857421875,0.955810546875,1.547698974609375,1.622467041015625,-0.665435791015625,1.0,1.0,2.0,1.0,1.0,100.0,event
15:31:39.461,0.23513527,1.0311383,1.1112019,0.43747845,0.611772,0.85851246,0.73612374,0.6370691,0.44011316,0.7763578,0.5144394,0.4649939,0.5068812,0.2606524,0.50542265,0.6263118,0.51075983,0.013384227,0.20948087,0.35955906,775.2381,790.14655,804.2491,765.56775,1021.02563,-0.22381591796875,0.08953857421875,0.955810546875,1.547698974609375,1.622467041015625,-0.665435791015625,1.0,1.0,2.0,1.0,1.0,100.0,event
15:31:39.462,0.23513527,1.0311383,1.1112019,0.43747845,0.611772,0.85851246,0.73612374,0.6370691,0.44011316,0.7763578,0.5144394,0.4649939,0.5068812,0.2606524,0.50542265,0.6263118,0.51075983,0.013384227,0.20948087,0.35955906,778.46155,810.293,821.978,774.83514,849.7802,-0.22381591796875,0.08953857421875,0.955810546875,1.547698974609375,1.622467041015625,-0.665435791015625,1.0,1.0,2.0,1.0,1.0,100.0,event
15:31:39.462,0.23513527,1.0311383,1.1112019,0.43747845,0.611772,0.85851246,0.73612374,0.6370691,0.44011316,0.7763578,0.5144394,0.4649939,0.5068812,0.2606524,0.50542265,0.6263118,0.51075983,0.013384227,0.20948087,0.35955906,777.6557,804.65204,816.337,768.7912,678.93774,-0.22381591796875,0.08953857421875,0.955810546875,1.547698974609375,1.622467041015625,-0.665435791015625,1.0,1.0,2.0,1.0,1.0,100.0,event
15:31:39.463,0.23513527,1.0311383,1.1112019,0.43747845,0.611772,0.85851246,0.73612374,0.6370691,0.44011316,0.7763578,0.5144394,0.4649939,0.5068812,0.2606524,0.50542265,0.6263118,0.51075983,0.013384227,0.20948087,0.35955906,773.6264,801.8315,820.3663,764.35895,768.7912,-0.22381591796875,0.08953857421875,0.955810546875,1.547698974609375,1.622467041015625,-0.665435791015625,1.0,1.0,2.0,1.0,1.0,100.0,event
15:31:39.463,0.23513527,1.0311383,1.1112019,0.43747845,0.611772,0.85851246,0.73612374,0.6370691,0.44011316,0.7763578,0.5144394,0.4649939,0.5068812,0.2606524,0.50542265,0.6263118,0.51075983,0.013384227,0.20948087,0.35955906,770.40295,808.68134,827.619,757.1062,765.9707,-0.22381591796875,0.08953857421875,0.955810546875,1.547698974609375,1.622467041015625,-0.665435791015625,1.0,1.0,2.0,1.0,1.0,100.0,event
15:31:39.485,0.23513527,1.0311383,1.1112019,0.43747845,0.611772,0.85851246,0.73612374,0.6370691,0.44011316,0.7763578,0.5144394,0.4649939,0.5068812,0.2606524,0.50542265,0.6263118,0.51075983,0.013384227,0.20948087,0.35955906,773.6264,807.8755,830.4396,756.7033,645.09155,-0.22900390625,0.09185791015625,0.96893310546875,1.532745361328125,0.590667724609375,0.11962890625,1.0,1.0,2.0,1.0,1.0,100.0,event
15:31:39.487,0.23513527,1.0311383,1.1112019,0.43747845,0.611772,0.85851246,0.73612374,0.6370691,0.44011316,0.7763578,0.5144394,0.4649939,0.5068812,0.2606524,0.50542265,0.6263118,0.51075983,0.013384227,0.20948087,0.35955906,768.7912,801.8315,826.8132,761.13556,662.4176,-0.22900390625,0.09185791015625,0.96893310546875,1.532745361328125,0.590667724609375,0.11962890625,1.0,1.0,2.0,1.0,1.0,100.0,event
15:31:39.487,0.23513527,1.0311383,1.1112019,0.43747845,0.611772,0.85851246,0.73612374,0.6370691,0.44011316,0.7763578,0.5144394,0.4649939,0.5068812,0.2606524,0.50542265,0.6263118,0.51075983,0.013384227,0.20948087,0.35955906,776.04395,799.011,814.3223,762.3443,732.1245,-0.22900390625,0.09185791015625,0.96893310546875,1.532745361328125,0.590667724609375,0.11962890625,1.0,1.0,2.0,1.0,1.0,100.0,event
15:31:39.488,0.23513527,1.0311383,1.1112019,0.43747845,0.611772,0.85851246,0.73612374,0.6370691,0.44011316,0.7763578,0.5144394,0.4649939,0.5068812,0.2606524,0.50542265,0.6263118,0.51075983,0.013384227,0.20948087,0.35955906,779.2674,804.65204,817.5458,770.40295,729.707,-0.22900390625,0.09185791015625,0.96893310546875,1.532745361328125,0.590667724609375,0.11962890625,1.0,1.0,2.0,1.0,1.0,100.0,event
15:31:39.489,0.23513527,1.0311383,1.1112019,0.43747845,0.611772,0.85851246,0.73612374,0.6370691,0.44011316,0.7763578,0.5144394,0.4649939,0.5068812,0.2606524,0.50542265,0.6263118,0.51075983,0.013384227,0.20948087,0.35955906,777.6557,804.2491,824.3956,776.4469,726.4835,-0.22900390625,0.09185791015625,0.96893310546875,1.532745361328125,0.590667724609375,0.11962890625,1.0,1.0,2.0,1.0,1.0,100.0,event
15:31:39.489,0.23513527,1.0311383,1.1112019,0.43747845,0.611772,0.85851246,0.73612374,0.6370691,0.44011316,0.7763578,0.5144394,0.4649939,0.5068812,0.2606524,0.50542265,0.6263118,0.51075983,0.013384227,0.20948087,0.35955906,771.6117,797.8022,826.8132,756.30035,853.8095,-0.22900390625,0.09185791015625,0.96893310546875,1.532745361328125,0.590667724609375,0.11962890625,1.0,1.0,2.0,1.0,1.0,100.0,event
15:31:39.490,0.23513527,1.0311383,1.1112019,0.43747845,0.611772,0.85851246,0.73612374,0.6370691,0.44011316,0.7763578,0.5144394,0.4649939,0.5068812,0.2606524,0.50542265,0.6263118,0.51075983,0.013384227,0.20948087,0.35955906,765.9707,802.6374,833.663,746.2271,1099.597,-0.22900390625,0.09185791015625,0.96893310546875,1.532745361328125,0.590667724609375,0.11962890625,1.0,1.0,2.0,1.0,1.0,100.0,event
15:31:39.491,0.23513527,1.0311383,1.1112019,0.43747845,0.611772,0.85851246,0.73612374,0.6370691,0.44011316,0.7763578,0.5144394,0.4649939,0.5068812,0.2606524,0.50542265,0.6263118,0.51075983,0.013384227,0.20948087,0.35955906,761.9414,805.4579,839.304,749.45056,971.06226,-0.22900390625,0.09185791015625,0.96893310546875,1.532745361328125,0.590667724609375,0.11962890625,1.0,1.0,2.0,1.0,1.0,100.0,event
15:31:39.491,0.23513527,1.0311383,1.1112019,0.43747845,0.611772,0.85851246,0.73612374,0.6370691,0.44011316,0.7763578,0.5144394,0.4649939,0.5068812,0.2606524,0.50542265,0.6263118,0.51075983,0.013384227,0.20948087,0.35955906,753.0769,798.60803,836.4835,746.63007,730.5128,-0.22900390625,0.09185791015625,0.96893310546875,1.532745361328125,0.590667724609375,0.11962890625,1.0,1.0,2.0,1.0,1.0,100.0,event
15:31:39.492,0.23513527,1.0311383,1.1112019,0.43747845,0.611772,0.85851246,0.73612374,0.6370691,0.44011316,0.7763578,0.5144394,0.4649939,0.5068812,0.2606524,0.50542265,0.6263118,0.51075983,0.013384227,0.20948087,0.35955906,757.50916,794.57874,826.4103,755.4945,860.2564,-0.22900390625,0.09185791015625,0.96893310546875,1.532745361328125,0.590667724609375,0.11962890625,1.0,1.0,2.0,1.0,1.0,100.0,event
15:31:39.493,0.23513527,1.0311383,1.1112019,0.43747845,0.611772,0.85851246,0.73612374,0.6370691,0.44011316,0.7763578,0.5144394,0.4649939,0.5068812,0.2606524,0.50542265,0.6263118,0.51075983,0.013384227,0.20948087,0.35955906,770.40295,799.81683,826.4103,754.2857,932.381,-0.22900390625,0.09185791015625,0.96893310546875,1.532745361328125,0.590667724609375,0.11962890625,1.0,1.0,2.0,1.0,1.0,100.0,event
15:31:39.493,0.23513527,1.0311383,1.1112019,0.43747845,0.611772,0.85851246,0.73612374,0.6370691,0.44011316,0.7763578,0.5144394,0.4649939,0.5068812,0.2606524,0.50542265,0.6263118,0.51075983,0.013384227,0.20948087,0.35955906,778.46155,817.1429,837.28937,754.2857,798.20514,-0.22900390625,0.09185791015625,0.96893310546875,1.532745361328125,0.590667724609375,0.11962890625,1.0,1.0,2.0,1.0,1.0,100.0,event
15:31:39.557,0.23513527,1.0311383,1.1112019,0.43747845,0.611772,0.85851246,0.73612374,0.6370691,0.44011316,0.7763578,0.5144394,0.4649939,0.5068812,0.2606524,0.50542265,0.6263118,0.51075983,0.013384227,0.20948087,0.35955906,776.04395,818.7546,824.3956,765.16486,694.2491,-0.24359130859375,0.07952880859375,0.953857421875,1.143951416015625,-0.8074951171875,-0.186920166015625,1.0,1.0,2.0,1.0,1.0,100.0,event
15:31:39.559,0.44395962,1.0311383,1.1112019,0.55593747,0.6673002,0.85851246,0.73612374,0.6736908,0.44011316,0.7763578,0.5144394,0.4649939,0.5366546,0.2606524,0.50542265,0.6278145,0.5022979,0.013384227,0.20948087,0.36393595,762.74725,804.2491,816.7399,745.82416,710.3663,-0.24359130859375,0.07952880859375,0.953857421875,1.143951416015625,-0.8074951171875,-0.186920166015625,1.0,1.0,2.0,1.0,1.0,100.0,event
15:31:39.564,0.44395962,1.0311383,1.1112019,0.55593747,0.6673002,0.85851246,0.73612374,0.6736908,0.44011316,0.7763578,0.5144394,0.4649939,0.5366546,0.2606524,0.50542265,0.6278145,0.5022979,0.013384227,0.20948087,0.36393595,763.5531,806.6667,825.2015,740.989,704.3223,-0.24359130859375,0.07952880859375,0.953857421875,1.143951416015625,-0.8074951171875,-0.186920166015625,1.0,1.0,2.0,1.0,1.0,100.0,event
15:31:39.565,0.44395962,1.0311383,1.1112019,0.55593747,0.6673002,0.85851246,0.73612374,0.6736908,0.44011316,0.7763578,0.5144394,0.4649939,0.5366546,0.2606524,0.50542265,0.6278145,0.5022979,0.013384227,0.20948087,0.36393595,772.8205,813.5165,830.0366,752.27106,656.77655,-0.24359130859375,0.07952880859375,0.953857421875,1.143951416015625,-0.8074951171875,-0.186920166015625,1.0,1.0,2.0,1.0,1.0,100.0,event
15:31:39.566,0.44395962,1.0311383,1.1112019,0.55593747,0.6673002,0.85851246,0.73612374,0.6736908,0.44011316,0.7763578,0.5144394,0.4649939,0.5366546,0.2606524,0.50542265,0.6278145,0.5022979,0.013384227,0.20948087,0.36393595,776.8498,817.1429,836.08057,760.7326,955.34796,-0.24359130859375,0.07952880859375,0.953857421875,1.143951416015625,-0.8074951171875,-0.186920166015625,1.0,1.0,2.0,1.0,1.0,100.0,event
15:31:39.566,0.44395962,1.0311383,1.1112019,0.55593747,0.6673002,0.85851246,0.73612374,0.6736908,0.44011316,0.7763578,0.5144394,0.4649939,0.5366546,0.2606524,0.50542265,0.6278145,0.5022979,0.013384227,0.20948087,0.36393595,775.64105,814.7253,836.4835,753.8828,734.94507,-0.24359130859375,0.07952880859375,0.953857421875,1.143951416015625,-0.8074951171875,-0.186920166015625,1.0,1.0,2.0,1.0,1.0,100.0,event
15:31:39.567,0.44395962,1.0311383,1.1112019,0.55593747,0.6673002,0.85851246,0.73612374,0.6736908,0.44011316,0.7763578,0.5144394,0.4649939,0.5366546,0.2606524,0.50542265,0.6278145,0.5022979,0.013384227,0.20948087,0.36393595,776.4469,811.9048,841.7216,763.95605,956.9597,-0.24359130859375,0.07952880859375,0.953857421875,1.143951416015625,-0.8074951171875,-0.186920166015625,1.0,1.0,2.0,1.0,1.0,100.0,event
15:31:39.568,0.44395962,1.0311383,1.1112019,0.55593747,0.6673002,0.85851246,0.73612374,0.6736908,0.44011316,0.7763578,0.5144394,0.4649939,0.5366546,0.2606524,0.50542265,0.6278145,0.5022979,0.013384227,0.20948087,0.36393595,776.4469,806.6667,839.304,752.27106,750.65936,-0.24359130859375,0.07952880859375,0.953857421875,1.143951416015625,-0.8074951171875,-0.186920166015625,1.0,1.0,2.0,1.0,1.0,100.0,event
15:31:39.569,0.44395962,1.0311383,1.1112019,0.55593747,0.6673002,0.85851246,0.73612374,0.6736908,0.44011316,0.7763578,0.5144394,0.4649939,0.5366546,0.2606524,0.50542265,0.6278145,0.5022979,0.013384227,0.20948087,0.36393595,766.3736,806.6667,840.9158,748.6447,635.82416,-0.24359130859375,0.07952880859375,0.953857421875,1.143951416015625,-0.8074951171875,-0.186920166015625,1.0,1.0,2.0,1.0,1.0,100.0,event
15:31:39.569,0.44395962,1.0311383,1.1112019,0.55593747,0.6673002,0.85851246,0.73612374,0.6736908,0.44011316,0.7763578,0.5144394,0.4649939,0.5366546,0.2606524,0.50542265,0.6278145,0.5022979,0.013384227,0.20948087,0.36393595,772.4176,796.99634,841.31866,780.87915,856.63007,-0.24359130859375,0.07952880859375,0.953857421875,1.143951416015625,-0.8074951171875,-0.186920166015625,1.0,1.0,2.0,1.0,1.0,100.0,event
15:31:39.570,0.44395962,1.0311383,1.1112019,0.55593747,0.6673002,0.85851246,0.73612374,0.6736908,0.44011316,0.7763578,0.5144394,0.4649939,0.5366546,0.2606524,0.50542265,0.6278145,0.5022979,0.013384227,0.20948087,0.36393595,770.40295,801.4286,844.5421,773.6264,978.71796,-0.24359130859375,0.07952880859375,0.953857421875,1.143951416015625,-0.8074951171875,-0.186920166015625,1.0,1.0,2.0,1.0,1.0,100.0,event
15:31:39.571,0.44395962,1.0311383,1.1112019,0.55593747,0.6673002,0.85851246,0.73612374,0.6736908,0.44011316,0.7763578,0.5144394,0.4649939,0.5366546,0.2606524,0.50542265,0.6278145,0.5022979,0.013384227,0.20948087,0.36393595,754.2857,805.8608,854.61536,748.24176,774.83514,-0.24359130859375,0.07952880859375,0.953857421875,1.143951416015625,-0.8074951171875,-0.186920166015625,1.0,1.0,2.0,1.0,1.0,100.0,event
15:31:39.595,0.44395962,1.0311383,1.1112019,0.55593747,0.6673002,0.85851246,0.73612374,0.6736908,0.44011316,0.7763578,0.5144394,0.4649939,0.5366546,0.2606524,0.50542265,0.6278145,0.5022979,0.013384227,0.20948087,0.36393595,753.0769,795.38464,853.00366,759.5238,774.43225,-0.24871826171875,0.08251953125,0.96063232421875,2.056121826171875,-0.874786376953125,-0.381317138671875,1.0,1.0,2.0,1.0,1.0,100.0,event
15:31:39.596,0.44395962,1.0311383,1.1112019,0.55593747,0.6673002,0.85851246,0.73612374,0.6736908,0.44011316,0.7763578,0.5144394,0.4649939,0.5366546,0.2606524,0.50542265,0.6278145,0.5022979,0.013384227,0.20948087,0.36393595,753.8828,796.1905,864.68866,766.3736,771.2088,-0.24871826171875,0.08251953125,0.96063232421875,2.056121826171875,-0.874786376953125,-0.381317138671875,1.0,1.0,2.0,1.0,1.0,100.0,event
15:31:39.597,0.44395962,1.0311383,1.1112019,0.55593747,0.6673002,0.85851246,0.73612374,0.6736908,0.44011316,0.7763578,0.5144394,0.4649939,0.5366546,0.2606524,0.50542265,0.6278145,0.5022979,0.013384227,0.20948087,0.36393595,765.9707,803.0403,892.49084,769.59705,722.8571,-0.24871826171875,0.08251953125,0.96063232421875,2.056121826171875,-0.874786376953125,-0.381317138671875,1.0,1.0,2.0,1.0,1.0,100.0,event
15:31:39.598,0.44395962,1.0311383,1.1112019,0.55593747,0.6673002,0.85851246,0.73612374,0.6736908,0.44011316,0.7763578,0.5144394,0.4649939,0.5366546,0.2606524,0.50542265,0.6278145,0.5022979,0.013384227,0.20948087,0.36393595,776.8498,808.2784,930.7692,757.1062,699.89014,-0.24871826171875,0.08251953125,0.96063232421875,2.056121826171875,-0.874786376953125,-0.381317138671875,1.0,1.0,2.0,1.0,1.0,100.0,event
15:31:39.599,0.44395962,1.0311383,1.1112019,0.55593747,0.6673002,0.85851246,0.73612374,0.6736908,0.44011316,0.7763578,0.5144394,0.4649939,0.5366546,0.2606524,0.50542265,0.6278145,0.5022979,0.013384227,0.20948087,0.36393595,776.8498,806.6667,955.7509,749.0476,736.9597,-0.24871826171875,0.08251953125,0.96063232421875,2.056121826171875,-0.874786376953125,-0.381317138671875,1.0,1.0,2.0,1.0,1.0,100.0,event
15:31:39.599,0.44395962,1.0311383,1.1112019,0.55593747,0.6673002,0.85851246,0.73612374,0.6736908,0.44011316,0.7763578,0.5144394,0.4649939,0.5366546,0.2606524,0.50542265,0.6278145,0.5022979,0.013384227,0.20948087,0.36393595,772.01465,811.50183,960.18317,744.61536,817.1429,-0.24871826171875,0.08251953125,0.96063232421875,2.056121826171875,-0.874786376953125,-0.381317138671875,1.0,1.0,2.0,1.0,1.0,100.0,event
15:31:39.600,0.44395962,1.0311383,1.1112019,0.55593747,0.6673002,0.85851246,0.73612374,0.6736908,0.44011316,0.7763578,0.5144394,0.4649939,0.5366546,0.2606524,0.50542265,0.6278145,0.5022979,0.013384227,0.20948087,0.36393595,782.0879,818.7546,969.85345,755.89746,841.31866,-0.24871826171875,0.08251953125,0.96063232421875,2.056121826171875,-0.874786376953125,-0.381317138671875,1.0,1.0,2.0,1.0,1.0,100.0,event
15:31:39.602,0.44395962,1.0311383,1.1112019,0.55593747,0.6673002,0.85851246,0.73612374,0.6736908,0.44011316,0.7763578,0.5144394,0.4649939,0.5366546,0.2606524,0.50542265,0.6278145,0.5022979,0.013384227,0.20948087,0.36393595,794.9817,820.7692,982.74725,768.7912,793.7729,-0.24871826171875,0.08251953125,0.96063232421875,2.056121826171875,-0.874786376953125,-0.381317138671875,1.0,1.0,2.0,1.0,1.0,100.0,event
15:31:39.603,0.44395962,1.0311383,1.1112019,0.55593747,0.6673002,0.85851246,0.73612374,0.6736908,0.44011316,0.7763578,0.5144394,0.4649939,0.5366546,0.2606524,0.50542265,0.6278145,0.5022979,0.013384227,0.20948087,0.36393595,792.1612,816.7399,956.1539,766.3736,800.6227,-0.24871826171875,0.08251953125,0.96063232421875,2.056121826171875,-0.874786376953125,-0.381317138671875,1.0,1.0,2.0,1.0,1.0,100.0,event
15:31:39.604,0.44395962,1.0311383,1.1112019,0.55593747,0.6673002,0.85851246,0.73612374,0.6736908,0.44011316,0.7763578,0.5144394,0.4649939,0.5366546,0.2606524,0.50542265,0.6278145,0.5022979,0.013384227,0.20948087,0.36393595,803.44324,807.8755,942.8571,795.78754,902.96704,-0.24871826171875,0.08251953125,0.96063232421875,2.056121826171875,-0.874786376953125,-0.381317138671875,1.0,1.0,2.0,1.0,1.0,100.0,event
15:31:39.605,0.44395962,1.0311383,1.1112019,0.55593747,0.6673002,0.85851246,0.73612374,0.6736908,0.44011316,0.7763578,0.5144394,0.4649939,0.5366546,0.2606524,0.50542265,0.6278145,0.5022979,0.013384227,0.20948087,0.36393595,792.96704,812.71063,962.6007,778.0586,838.49817,-0.24871826171875,0.08251953125,0.96063232421875,2.056121826171875,-0.874786376953125,-0.381317138671875,1.0,1.0,2.0,1.0,1.0,100.0,event
15:31:39.606,0.44395962,1.0311383,1.1112019,0.55593747,0.6673002,0.85851246,0.73612374,0.6736908,0.44011316,0.7763578,0.5144394,0.4649939,0.5366546,0.2606524,0.50542265,0.6278145,0.5022979,0.013384227,0.20948087,0.36393595,762.74725,814.7253,956.9597,750.2564,740.989,-0.24871826171875,0.08251953125,0.96063232421875,2.056121826171875,-0.874786376953125,-0.381317138671875,1.0,1.0,2.0,1.0,1.0,100.0,event
15:31:39.651,0.44395962,1.0311383,1.1112019,0.55593747,0.6673002,0.85851246,0.73612374,0.6736908,0.44011316,0.7763578,0.5144394,0.4649939,0.5366546,0.2606524,0.50542265,0.6278145,0.5022979,0.013384227,0.20948087,0.36393595,763.95605,804.65204,949.707,780.87915,763.5531,-0.24871826171875,0.08251953125,0.96063232421875,2.056121826171875,-0.874786376953125,-0.381317138671875,1.0,1.0,2.0,1.0,1.0,100.0,event
15:31:39.652,0.44395962,1.0311383,1.1112019,0.55593747,0.6673002,0.85851246,0.73612374,0.6736908,0.44011316,0.7763578,0.5144394,0.4649939,0.5366546,0.2606524,0.50542265,0.6278145,0.5022979,0.013384227,0.20948087,0.36393595,780.4762,797.3993,953.3333,792.1612,801.02563,-0.24871826171875,0.08251953125,0.96063232421875,2.056121826171875,-0.874786376953125,-0.381317138671875,1.0,1.0,2.0,1.0,1.0,100.0,event
15:31:39.653,0.44395962,1.0311383,1.1112019,0.55593747,0.6673002,0.85851246,0.73612374,0.6736908,0.44011316,0.7763578,0.5144394,0.4649939,0.5366546,0.2606524,0.50542265,0.6278145,0.5022979,0.013384227,0.20948087,0.36393595,778.0586,800.2198,953.73627,772.4176,834.4689,-0.24871826171875,0.08251953125,0.96063232421875,2.056121826171875,-0.874786376953125,-0.381317138671875,1.0,1.0,2.0,1.0,1.0,100.0,event
15:31:39.654,0.62188303,1.0311383,1.1112019,0.55593747,0.6970054,0.85851246,0.73612374,0.6736908,0.44011316,0.7763578,0.5144394,0.4649939,0.5660936,0.2606524,0.50542265,0.6278145,0.48651466,0.013384227,0.20948087,0.36393595,776.4469,804.65204,960.989,760.32965,877.5824,-0.24871826171875,0.08251953125,0.96063232421875,2.056121826171875,-0.874786376953125,-0.381317138671875,1.0,1.0,1.0,1.0,1.0,100.0,event
15:31:39.658,0.62188303,1.0311383,1.1112019,0.55593747,0.6970054,0.85851246,0.73612374,0.6736908,0.44011316,0.7763578,0.5144394,0.4649939,0.5660936,0.2606524,0.50542265,0.6278145,0.48651466,0.013384227,0.20948087,0.36393595,791.75824,802.23444,961.79486,763.95605,844.94507,-0.24871826171875,0.08251953125,0.96063232421875,2.056121826171875,-0.874786376953125,-0.381317138671875,1.0,1.0,1.0,1.0,1.0,100.0,event
15:31:39.659,0.62188303,1.0311383,1.1112019,0.55593747,0.6970054,0.85851246,0.73612374,0.6736908,0.44011316,0.7763578,0.5144394,0.4649939,0.5660936,0.2606524,0.50542265,0.6278145,0.48651466,0.013384227,0.20948087,0.36393595,786.52014,801.02563,957.3626,765.16486,911.02563,-0.24871826171875,0.08251953125,0.96063232421875,2.056121826171875,-0.874786376953125,-0.381317138671875,1.0,1.0,1.0,1.0,1.0,100.0,event
15:31:39.659,0.62188303,1.0311383,1.1112019,0.55593747,0.6970054,0.85851246,0.73612374,0.6736908,0.44011316,0.7763578,0.5144394,0.4649939,0.5660936,0.2606524,0.50542265,0.6278145,0.48651466,0.013384227,0.20948087,0.36393595,776.8498,800.6227,954.1392,780.4762,911.4286,-0.24871826171875,0.08251953125,0.96063232421875,2.056121826171875,-0.874786376953125,-0.381317138671875,1.0,1.0,1.0,1.0,1.0,100.0,event
15:31:39.660,0.62188303,1.0311383,1.1112019,0.55593747,0.6970054,0.85851246,0.73612374,0.6736908,0.44011316,0.7763578,0.5144394,0.4649939,0.5660936,0.2606524,0.50542265,0.6278145,0.48651466,0.013384227,0.20948087,0.36393595,788.1319,799.011,944.87177,771.6117,749.45056,-0.24871826171875,0.08251953125,0.96063232421875,2.056121826171875,-0.874786376953125,-0.381317138671875,1.0,1.0,1.0,1.0,1.0,100.0,event
15:31:39.661,0.62188303,1.0311383,1.1112019,0.55593747,0.6970054,0.85851246,0.73612374,0.6736908,0.44011316,0.7763578,0.5144394,0.4649939,0.5660936,0.2606524,0.50542265,0.6278145,0.48651466,0.013384227,0.20948087,0.36393595,789.7436,790.9524,926.7399,755.89746,801.02563,-0.24871826171875,0.08251953125,0.96063232421875,2.056121826171875,-0.874786376953125,-0.381317138671875,1.0,1.0,1.0,1.0,1.0,100.0,event
15:31:39.662,0.62188303,1.0311383,1.1112019,0.55593747,0.6970054,0.85851246,0.73612374,0.6736908,0.44011316,0.7763578,0.5144394,0.4649939,0.5660936,0.2606524,0.50542265,0.6278145,0.48651466,0.013384227,0.20948087,0.36393595,787.72894,798.60803,922.71063,775.2381,914.65204,-0.24871826171875,0.08251953125,0.96063232421875,2.056121826171875,-0.874786376953125,-0.381317138671875,1.0,1.0,1.0,1.0,1.0,100.0,event
15:31:39.663,0.62188303,1.0311383,1.1112019,0.55593747,0.6970054,0.85851246,0.73612374,0.6736908,0.44011316,0.7763578,0.5144394,0.4649939,0.5660936,0.2606524,0.50542265,0.6278145,0.48651466,0.013384227,0.20948087,0.36393595,797.3993,809.0842,923.5165,784.90845,731.7216,-0.24871826171875,0.08251953125,0.96063232421875,2.056121826171875,-0.874786376953125,-0.381317138671875,1.0,1.0,1.0,1.0,1.0,100.0,event
15:31:39.663,0.62188303,1.0311383,1.1112019,0.55593747,0.6970054,0.85851246,0.73612374,0.6736908,0.44011316,0.7763578,0.5144394,0.4649939,0.5660936,0.2606524,0.50542265,0.6278145,0.48651466,0.013384227,0.20948087,0.36393595,802.23444,797.8022,902.5641,789.34064,726.4835,-0.24871826171875,0.08251953125,0.96063232421875,2.056121826171875,-0.874786376953125,-0.381317138671875,1.0,1.0,1.0,1.0,1.0,100.0,event
15:31:39.709,0.62188303,1.0311383,1.1112019,0.55593747,0.6970054,0.85851246,0.73612374,0.6736908,0.44011316,0.7763578,0.5144394,0.4649939,0.5660936,0.2606524,0.50542265,0.6278145,0.48651466,0.013384227,0.20948087,0.36393595,800.2198,798.60803,892.0879,785.7143,812.3077,-0.2376708984375,0.09033203125,0.9534912109375,2.67669677734375,-3.54400634765625,0.58319091796875,1.0,1.0,1.0,1.0,1.0,100.0,event
15:31:39.710,0.62188303,1.0311383,1.1112019,0.55593747,0.6970054,0.85851246,0.73612374,0.6736908,0.44011316,0.7763578,0.5144394,0.4649939,0.5660936,0.2606524,0.50542265,0.6278145,0.48651466,0.013384227,0.20948087,0.36393595,793.36993,802.6374,888.86444,774.43225,750.2564,-0.2376708984375,0.09033203125,0.9534912109375,2.67669677734375,-3.54400634765625,0.58319091796875,1.0,1.0,1.0,1.0,1.0,100.0,event
15:31:39.712,0.62188303,1.0311383,1.1112019,0.55593747,0.6970054,0.85851246,0.73612374,0.6736908,0.44011316,0.7763578,0.5144394,0.4649939,0.5660936,0.2606524,0.50542265,0.6278145,0.48651466,0.013384227,0.20948087,0.36393595,797.3993,803.8461,880.0,767.5824,698.68134,-0.2376708984375,0.09033203125,0.9534912109375,2.67669677734375,-3.54400634765625,0.58319091796875,1.0,1.0,1.0,1.0,1.0,100.0,event
15:31:39.713,0.62188303,1.0311383,1.1112019,0.55593747,0.6970054,0.85851246,0.73612374,0.6736908,0.44011316,0.7763578,0.5144394,0.4649939,0.5660936,0.2606524,0.50542265,0.6278145,0.48651466,0.013384227,0.20948087,0.36393595,813.5165,805.8608,875.16486,788.1319,767.5824,-0.2376708984375,0.09033203125,0.9534912109375,2.67669677734375,-3.54400634765625,0.58319091796875,1.0,1.0,1.0,1.0,1.0,100.0,event
15:31:39.715,0.62188303,1.0311383,1.1112019,0.55593747,0.6970054,0.85851246,0.73612374,0.6736908,0.44011316,0.7763578,0.5144394,0.4649939,0.5660936,0.2606524,0.50542265,0.6278145,0.48651466,0.013384227,0.20948087,0.36393595,803.8461,803.0403,870.32965,793.36993,878.7912,-0.2376708984375,0.09033203125,0.9534912109375,2.67669677734375,-3.54400634765625,0.58319091796875,1.0,1.0,1.0,1.0,1.0,100.0,event
15:31:39.716,0.62188303,1.0311383,1.1112019,0.55593747,0.6970054,0.85851246,0.73612374,0.6736908,0.44011316,0.7763578,0.5144394,0.4649939,0.5660936,0.2606524,0.50542265,0.6278145,0.48651466,0.013384227,0.20948087,0.36393595,793.36993,798.60803,863.8828,767.5824,872.74725,-0.2376708984375,0.09033203125,0.9534912109375,2.67669677734375,-3.54400634765625,0.58319091796875,1.0,1.0,1.0,1.0,1.0,100.0,event
15:31:39.717,0.62188303,1.0311383,1.1112019,0.55593747,0.6970054,0.85851246,0.73612374,0.6736908,0.44011316,0.7763578,0.5144394,0.4649939,0.5660936,0.2606524,0.50542265,0.6278145,0.48651466,0.013384227,0.20948087,0.36393595,796.5934,802.6374,867.9121,767.1795,816.7399,-0.2376708984375,0.09033203125,0.9534912109375,2.67669677734375,-3.54400634765625,0.58319091796875,1.0,1.0,1.0,1.0,1.0,100.0,event
15:31:39.719,0.62188303,1.0311383,1.1112019,0.55593747,0.6970054,0.85851246,0.73612374,0.6736908,0.44011316,0.7763578,0.5144394,0.4649939,0.5660936,0.2606524,0.50542265,0.6278145,0.48651466,0.013384227,0.20948087,0.36393595,774.43225,803.8461,863.0769,762.3443,757.50916,-0.2376708984375,0.09033203125,0.9534912109375,2.67669677734375,-3.54400634765625,0.58319091796875,1.0,1.0,1.0,1.0,1.0,100.0,event
15:31:39.720,0.62188303,1.0311383,1.1112019,0.55593747,0.6970054,0.85851246,0.73612374,0.6736908,0.44011316,0.7763578,0.5144394,0.4649939,0.5660936,0.2606524,0.50542265,0.6278145,0.48651466,0.013384227,0.20948087,0.36393595,784.90845,792.5641,854.21246,776.4469,964.21246,-0.2376708984375,0.09033203125,0.9534912109375,2.67669677734375,-3.54400634765625,0.58319091796875,1.0,1.0,1.0,1.0,1.0,100.0,event
15:31:39.721,0.62188303,1.0311383,1.1112019,0.55593747,0.6970054,0.85851246,0.73612374,0.6736908,0.44011316,0.7763578,0.5144394,0.4649939,0.5660936,0.2606524,0.50542265,0.6278145,0.48651466,0.013384227,0.20948087,0.36393595,801.8315,798.60803,866.30035,784.5055,985.9707,-0.2376708984375,0.09033203125,0.9534912109375,2.67669677734375,-3.54400634765625,0.58319091796875,1.0,1.0,1.0,1.0,1.0,100.0,event
15:31:39.723,0.62188303,1.0311383,1.1112019,0.55593747,0.6970054,0.85851246,0.73612374,0.6736908,0.44011316,0.7763578,0.5144394,0.4649939,0.5660936,0.2606524,0.50542265,0.6278145,0.48651466,0.013384227,0.20948087,0.36393595,797.3993,808.68134,863.8828,776.4469,720.4396,-0.2376708984375,0.09033203125,0.9534912109375,2.67669677734375,-3.54400634765625,0.58319091796875,1.0,1.0,1.0,1.0,1.0,100.0,event
15:31:39.724,0.62188303,1.0311383,1.1112019,0.55593747,0.6970054,0.85851246,0.73612374,0.6736908,0.44011316,0.7763578,0.5144394,0.4649939,0.5660936,0.2606524,0.50542265,0.6278145,0.48651466,0.013384227,0.20948087,0.36393595,811.9048,803.0403,849.7802,784.5055,715.2015,-0.2376708984375,0.09033203125,0.9534912109375,2.67669677734375,-3.54400634765625,0.58319091796875,1.0,1.0,1.0,1.0,1.0,100.0,event
15:31:39.770,0.62188303,1.0311383,1.1112019,0.55593747,0.6970054,0.85851246,0.73612374,0.6736908,0.44011316,0.7763578,0.5144394,0.4649939,0.5660936,0.2606524,0.50542265,0.6278145,0.48651466,0.013384227,0.20948087,0.36393595,792.5641,793.36993,850.58606,787.72894,755.09155,-0.22601318359375,0.0899658203125,0.96014404296875,1.734619140625,-5.51788330078125,2.115936279296875,1.0,1.0,1.0,1.0,1.0,100.0,event
15:31:39.772,0.62188303,1.0311383,1.1112019,0.55593747,0.6970054,0.85851246,0.73612374,0.6736908,0.44011316,0.7763578,0.5144394,0.4649939,0.5660936,0.2606524,0.50542265,0.6278145,0.48651466,0.013384227,0.20948087,0.36393595,787.72894,794.9817,858.24176,811.9048,697.0696,-0.22601318359375,0.0899658203125,0.96014404296875,1.734619140625,-5.51788330078125,2.115936279296875,1.0,1.0,1.0,1.0,1.0,100.0,event
15:31:39.773,0.62188303,1.0311383,1.1112019,0.55593747,0.6970054,0.85851246,0.73612374,0.6736908,0.44011316,0.7763578,0.5144394,0.4649939,0.5660936,0.2606524,0.50542265,0.6278145,0.48651466,0.013384227,0.20948087,0.36393595,819.15753,790.14655,858.6447,829.2308,739.7802,-0.22601318359375,0.0899658203125,0.96014404296875,1.734619140625,-5.51788330078125,2.115936279296875,1.0,1.0,1.0,1.0,1.0,100.0,event
15:31:39.774,0.62188303,1.0311383,1.1112019,0.55593747,0.6970054,0.85851246,0.73612374,0.6736908,0.44011316,0.7763578,0.5144394,0.4649939,0.5660936,0.2606524,0.50542265,0.6278145,0.48651466,0.013384227,0.20948087,0.36393595,814.7253,779.2674,848.1685,798.60803,805.05493,-0.22601318359375,0.0899658203125,0.96014404296875,1.734619140625,-5.51788330078125,2.115936279296875,1.0,1.0,1.0,1.0,1.0,100.0,event
15:31:39.775,0.62188303,1.0311383,1.1112019,0.55593747,0.6970054,0.85851246,0.73612374,0.6736908,0.44011316,0.7763578,0.5144394,0.4649939,0.5660936,0.2606524,0.50542265,0.6278145,0.48651466,0.013384227,0.20948087,0.36393595,810.293,783.2967,847.76556,793.7729,756.7033,-0.22601318359375,0.0899658203125,0.96014404296875,1.734619140625,-5.51788330078125,2.115936279296875,1.0,1.0,1.0,1.0,1.0,100.0,event
15:31:39.776,0.62188303,1.0311383,1.1112019,0.55593747,0.6970054,0.85851246,0.73612374,0.6736908,0.44011316,0.7763578,0.5144394,0.4649939,0.5660936,0.2606524,0.50542265,0.6278145,0.48651466,0.013384227,0.20948087,0.36393595,788.5348,788.93774,842.9304,776.4469,855.42126,-0.22601318359375,0.0899658203125,0.96014404296875,1.734619140625,-5.51788330078125,2.115936279296875,1.0,1.0,1.0,4.0,1.0,100.0,event
15:31:39.781,0.62188303,1.0311383,1.1112019,0.55593747,0.6970054,0.85851246,0.73612374,0.6736908,0.44011316,0.7763578,0.5144394,0.4649939,0.5660936,0.2606524,0.50542265,0.6278145,0.48651466,0.013384227,0.20948087,0.36393595,778.46155,785.31134,824.3956,779.67035,907.3993,-0.22601318359375,0.0899658203125,0.96014404296875,1.734619140625,-5.51788330078125,2.115936279296875,1.0,1.0,1.0,4.0,1.0,100.0,event
15:31:39.781,0.62188303,1.0311383,1.1112019,0.55593747,0.6970054,0.85851246,0.73612374,0.6736908,0.44011316,0.7763578,0.5144394,0.4649939,0.5660936,0.2606524,0.50542265,0.6278145,0.48651466,0.013384227,0.20948087,0.36393595,794.17584,770.40295,809.89014,812.71063,947.6923,-0.22601318359375,0.0899658203125,0.96014404296875,1.734619140625,-5.51788330078125,2.115936279296875,1.0,1.0,1.0,4.0,1.0,100.0,event
15:31:39.782,0.62188303,1.0311383,1.1112019,0.55593747,0.6970054,0.85851246,0.73612374,0.6736908,0.44011316,0.7763578,0.5144394,0.4649939,0.5660936,0.2606524,0.50542265,0.6278145,0.48651466,0.013384227,0.20948087,0.36393595,797.3993,773.6264,807.8755,801.8315,995.2381,-0.22601318359375,0.0899658203125,0.96014404296875,1.734619140625,-5.51788330078125,2.115936279296875,1.0,1.0,1.0,4.0,1.0,100.0,event
15:31:39.783,0.62188303,1.0311383,1.1112019,0.55593747,0.6970054,0.85851246,0.73612374,0.6736908,0.44011316,0.7763578,0.5144394,0.4649939,0.5660936,0.2606524,0.50542265,0.6278145,0.48651466,0.013384227,0.20948087,0.36393595,795.38464,820.3663,806.26373,796.99634,843.73627,-0.22601318359375,0.0899658203125,0.96014404296875,1.734619140625,-5.51788330078125,2.115936279296875,1.0,1.0,1.0,4.0,1.0,100.0,event
15:31:39.784,0.62188303,1.0311383,1.1112019,0.55593747,0.6970054,0.85851246,0.73612374,0.6736908,0.44011316,0.7763578,0.5144394,0.4649939,0.5660936,0.2606524,0.50542265,0.6278145,0.48651466,0.013384227,0.20948087,0.36393595,778.86444,851.79486,780.07324,799.011,759.5238,-0.22601318359375,0.0899658203125,0.96014404296875,1.734619140625,-5.51788330078125,2.115936279296875,1.0,1.0,1.0,4.0,1.0,100.0,event
15:31:39.784,0.62188303,1.0311383,1.1112019,0.55593747,0.6970054,0.85851246,0.73612374,0.6736908,0.44011316,0.7763578,0.5144394,0.4649939,0.5660936,0.2606524,0.50542265,0.6278145,0.48651466,0.013384227,0.20948087,0.36393595,776.8498,846.1539,765.56775,798.20514,829.2308,-0.22601318359375,0.0899658203125,0.96014404296875,1.734619140625,-5.51788330078125,2.115936279296875,1.0,1.0,1.0,4.0,1.0,100.0,event
15:31:39.785,0.62188303,1.0311383,1.1112019,0.55593747,0.6970054,0.85851246,0.73612374,0.6736908,0.44011316,0.7763578,0.5144394,0.4649939,0.5660936,0.2606524,0.50542265,0.6278145,0.48651466,0.013384227,0.20948087,0.36393595,795.38464,843.3333,768.7912,795.38464,809.4872,-0.2099609375,0.107421875,0.9622802734375,2.27294921875,-3.828125,-0.171966552734375,1.0,1.0,1.0,4.0,1.0,100.0,event
15:31:39.786,0.62188303,1.0311383,1.1112019,0.55593747,0.6970054,0.85851246,0.73612374,0.6736908,0.44011316,0.7763578,0.5144394,0.4649939,0.5660936,0.2606524,0.50542265,0.6278145,0.48651466,0.013384227,0.20948087,0.36393595,797.3993,845.34796,746.2271,784.90845,735.34796,-0.2099609375,0.107421875,0.9622802734375,2.27294921875,-3.828125,-0.171966552734375,1.0,1.0,1.0,4.0,1.0,100.0,event
15:31:39.787,0.62188303,1.0311383,1.1112019,0.55593747,0.6970054,0.85851246,0.73612374,0.6736908,0.44011316,0.7763578,0.5144394,0.4649939,0.5660936,0.2606524,0.50542265,0.6278145,0.48651466,0.013384227,0.20948087,0.36393595,810.696,823.5897,665.2381,804.2491,785.31134,-0.2099609375,0.107421875,0.9622802734375,2.27294921875,-3.828125,-0.171966552734375,1.0,1.0,1.0,4.0,1.0,100.0,event
15:31:39.788,0.62188303,1.0311383,1.1112019,0.55593747,0.6970054,0.85851246,0.73612374,0.6736908,0.44011316,0.7763578,0.5144394,0.4649939,0.5660936,0.2606524,0.50542265,0.6278145,0.48651466,0.013384227,0.20948087,0.36393595,801.4286,818.7546,615.2747,803.0403,787.326,-0.2099609375,0.107421875,0.9622802734375,2.27294921875,-3.828125,-0.171966552734375,1.0,1.0,1.0,4.0,1.0,100.0,event
15:31:39.788,0.62188303,1.0311383,1.1112019,0.55593747,0.6970054,0.85851246,0.73612374,0.6736908,0.44011316,0.7763578,0.5144394,0.4649939,0.5660936,0.2606524,0.50542265,0.6278145,0.48651466,0.013384227,0.20948087,0.36393595,789.34064,740.989,603.9927,786.9231,722.4542,-0.2099609375,0.107421875,0.9622802734375,2.27294921875,-3.828125,-0.171966552734375,1.0,1.0,1.0,4.0,1.0,100.0,event
15:31:39.789,0.62188303,1.0311383,1.1112019,0.55593747,0.6970054,0.85851246,0.73612374,0.6736908,0.44011316,0.7763578,0.5144394,0.4649939,0.5660936,0.2606524,0.50542265,0.6278145,0.48651466,0.013384227,0.20948087,0.36393595,811.9048,491.17215,562.0879,784.5055,832.0513,-0.2099609375,0.107421875,0.9622802734375,2.27294921875,-3.828125,-0.171966552734375,1.0,1.0,1.0,4.0,1.0,100.0,event
15:31:39.790,0.62188303,1.0311383,1.1112019,0.55593747,0.6970054,0.85851246,0.73612374,0.6736908,0.44011316,0.7763578,0.5144394,0.4649939,0.5660936,0.2606524,0.50542265,0.6278145,0.48651466,0.013384227,0.20948087,0.36393595,774.83514,359.81686,510.91574,786.9231,1052.8572,-0.2099609375,0.107421875,0.9622802734375,2.27294921875,-3.828125,-0.171966552734375,1.0,1.0,1.0,4.0,1.0,100.0,event
15:31:39.790,0.62188303,1.0311383,1.1112019,0.55593747,0.6970054,0.85851246,0.73612374,0.6736908,0.44011316,0.7763578,0.5144394,0.4649939,0.5660936,0.2606524,0.50542265,0.6278145,0.48651466,0.013384227,0.20948087,0.36393595,790.54944,361.42856,528.24176,785.31134,925.9341,-0.2099609375,0.107421875,0.9622802734375,2.27294921875,-3.828125,-0.171966552734375,1.0,1.0,1.0,4.0,1.0,100.0,event
15:31:39.791,0.62188303,1.0311383,1.1112019,0.55593747,0.6970054,0.85851246,0.73612374,0.6736908,0.44011316,0.7763578,0.5144394,0.4649939,0.5660936,0.2606524,0.50542265,0.6278145,0.48651466,0.013384227,0.20948087,0.36393595,794.9817,377.94873,523.4066,787.72894,942.0513,-0.2099609375,0.107421875,0.9622802734375,2.27294921875,-3.828125,-0.171966552734375,1.0,1.0,1.0,4.0,1.0,100.0,event
15:31:39.792,0.62188303,1.0311383,1.1112019,0.55593747,0.6970054,0.85851246,0.73612374,0.6736908,0.44011316,0.7763578,0.5144394,0.4649939,0.5660936,0.2606524,0.50542265,0.6278145,0.48651466,0.013384227,0.20948087,0.36393595,786.1172,360.6227,517.3626,767.98535,719.6337,-0.2099609375,0.107421875,0.9622802734375,2.27294921875,-3.828125,-0.171966552734375,1.0,1.0,1.0,4.0,1.0,100.0,event
15:31:39.793,0.62188303,1.0311383,1.1112019,0.55593747,0.6970054,0.85851246,0.73612374,0.6736908,0.44011316,0.7763578,0.5144394,0.4649939,0.5660936,0.2606524,0.50542265,0.6278145,0.48651466,0.013384227,0.20948087,0.36393595,780.87915,452.08792,488.75458,765.56775,815.12823,-0.2099609375,0.107421875,0.9622802734375,2.27294921875,-3.828125,-0.171966552734375,1.0,1.0,1.0,4.0,1.0,100.0,event
15:31:39.793,0.62188303,1.0311383,1.1112019,0.55593747,0.6970054,0.85851246,0.73612374,0.6736908,0.44011316,0.7763578,0.5144394,0.4649939,0.5660936,0.2606524,0.50542265,0.6278145,0.48651466,0.013384227,0.20948087,0.36393595,796.5934,736.1539,465.3846,782.49084,791.75824,-0.2099609375,0.107421875,0.9622802734375,2.27294921875,-3.828125,-0.171966552734375,1.0,1.0,1.0,4.0,1.0,100.0,event
15:31:39.818,0.62188303,1.0311383,1.1112019,0.55593747,0.6970054,0.85851246,0.73612374,0.6736908,0.44011316,0.7763578,0.5144394,0.4649939,0.5660936,0.2606524,0.50542265,0.6278145,0.48651466,0.013384227,0.20948087,0.36393595,805.4579,875.56775,458.13187,798.60803,756.7033,-0.19952392578125,0.0928955078125,0.98101806640625,0.9271240234375,1.42059326171875,0.665435791015625,1.0,1.0,1.0,4.0,1.0,100.0,event
15:31:39.820,0.62188303,1.0311383,1.1112019,0.55593747,0.6970054,0.85851246,0.73612374,0.6736908,0.44011316,0.7763578,0.5144394,0.4649939,0.5660936,0.2606524,0.50542265,0.6278145,0.48651466,0.013384227,0.20948087,0.36393595,786.9231,885.2381,454.5055,793.7729,656.77655,-0.19952392578125,0.0928955078125,0.98101806640625,0.9271240234375,1.42059326171875,0.665435791015625,1.0,1.0,1.0,4.0,1.0,100.0,event
15:31:39.821,0.62188303,1.0311383,1.1112019,0.55593747,0.6970054,0.85851246,0.73612374,0.6736908,0.44011316,0.7763578,0.5144394,0.4649939,0.5660936,0.2606524,0.50542265,0.6278145,0.48651466,0.013384227,0.20948087,0.36393595,783.69965,884.83514,430.7326,792.5641,670.4762,-0.19952392578125,0.0928955078125,0.98101806640625,0.9271240234375,1.42059326171875,0.665435791015625,1.0,1.0,1.0,4.0,1.0,100.0,event
15:31:39.823,0.62188303,1.0311383,1.1112019,0.55593747,0.6970054,0.85851246,0.73612374,0.6736908,0.44011316,0.7763578,0.5144394,0.4649939,0.5660936,0.2606524,0.50542265,0.6278145,0.48651466,0.013384227,0.20948087,0.36393595,803.44324,877.1795,414.6154,816.7399,730.10986,-0.19952392578125,0.0928955078125,0.98101806640625,0.9271240234375,1.42059326171875,0.665435791015625,1.0,1.0,1.0,4.0,1.0,100.0,event
15:31:39.824,0.62188303,1.0311383,1.1112019,0.55593747,0.6970054,0.85851246,0.73612374,0.6736908,0.44011316,0.7763578,0.5144394,0.4649939,0.5660936,0.2606524,0.50542265,0.6278145,0.48651466,0.013384227,0.20948087,0.36393595,793.36993,880.0,398.49817,788.93774,651.9414,-0.19952392578125,0.0928955078125,0.98101806640625,0.9271240234375,1.42059326171875,0.665435791015625,1.0,1.0,1.0,4.0,1.0,100.0,event
15:31:39.825,0.62188303,1.0311383,1.1112019,0.55593747,0.6970054,0.85851246,0.73612374,0.6736908,0.44011316,0.7763578,0.5144394,0.4649939,0.5660936,0.2606524,0.50542265,0.6278145,0.48651466,0.013384227,0.20948087,0.36393595,784.5055,892.0879,398.09525,764.35895,727.6923,-0.19952392578125,0.0928955078125,0.98101806640625,0.9271240234375,1.42059326171875,0.665435791015625,1.0,1.0,1.0,4.0,1.0,100.0,event
15:31:39.826,0.62188303,1.0311383,1.1112019,0.55593747,0.6970054,0.85851246,0.73612374,0.6736908,0.44011316,0.7763578,0.5144394,0.4649939,0.5660936,0.2606524,0.50542265,0.6278145,0.48651466,0.013384227,0.20948087,0.36393595,762.74725,884.0293,404.1392,770.80585,1004.90845,-0.19952392578125,0.0928955078125,0.98101806640625,0.9271240234375,1.42059326171875,0.665435791015625,1.0,1.0,1.0,4.0,1.0,100.0,event
15:31:39.827,0.62188303,1.0311383,1.1112019,0.55593747,0.6970054,0.85851246,0.73612374,0.6736908,0.44011316,0.7763578,0.5144394,0.4649939,0.5660936,0.2606524,0.50542265,0.6278145,0.48651466,0.013384227,0.20948087,0.36393595,757.1062,856.2271,419.45056,759.12085,1058.9011,-0.19952392578125,0.0928955078125,0.98101806640625,0.9271240234375,1.42059326171875,0.665435791015625,1.0,1.0,2.0,2.0,1.0,100.0,event
15:31:39.832,0.62188303,1.0311383,1.1112019,0.55593747,0.6970054,0.85851246,0.73612374,0.6736908,0.44011316,0.7763578,0.5144394,0.4649939,0.5660936,0.2606524,0.50542265,0.6278145,0.48651466,0.013384227,0.20948087,0.36393595,770.40295,842.9304,430.7326,776.8498,710.7692,-0.19952392578125,0.0928955078125,0.98101806640625,0.9271240234375,1.42059326171875,0.665435791015625,1.0,1.0,2.0,2.0,1.0,100.0,event
15:31:39.833,0.62188303,1.0311383,1.1112019,0.55593747,0.6970054,0.85851246,0.73612374,0.6736908,0.44011316,0.7763578,0.5144394,0.4649939,0.5660936,0.2606524,0.50542265,0.6278145,0.48651466,0.013384227,0.20948087,0.36393595,790.14655,823.9927,428.31503,813.91943,658.7912,-0.19952392578125,0.0928955078125,0.98101806640625,0.9271240234375,1.42059326171875,0.665435791015625,1.0,1.0,2.0,2.0,1.0,100.0,event
15:31:39.834,0.62188303,1.0311383,1.1112019,0.55593747,0.6970054,0.85851246,0.73612374,0.6736908,0.44011316,0.7763578,0.5144394,0.4649939,0.5660936,0.2606524,0.50542265,0.6278145,0.48651466,0.013384227,0.20948087,0.36393595,793.7729,799.011,438.38828,793.7729,727.28937,-0.19952392578125,0.0928955078125,0.98101806640625,0.9271240234375,1.42059326171875,0.665435791015625,1.0,1.0,2.0,2.0,1.0,100.0,event
15:31:39.834,0.62188303,1.0311383,1.1112019,0.55593747,0.6970054,0.85851246,0.73612374,0.6736908,0.44011316,0.7763578,0.5144394,0.4649939,0.5660936,0.2606524,0.50542265,0.6278145,0.48651466,0.013384227,0.20948087,0.36393595,774.43225,770.0,460.54944,761.13556,702.71063,-0.19952392578125,0.0928955078125,0.98101806640625,0.9271240234375,1.42059326171875,0.665435791015625,1.0,1.0,2.0,2.0,1.0,100.0,event
15:31:39.857,0.62188303,1.0311383,1.1112019,0.55593747,0.6970054,0.85851246,0.73612374,0.6736908,0.44011316,0.7763578,0.5144394,0.4649939,0.5660936,0.2606524,0.50542265,0.6278145,0.48651466,0.013384227,0.20948087,0.36393595,770.40295,755.4945,476.66666,764.7619,653.95605,-0.19952392578125,0.0928955078125,0.98101806640625,0.9271240234375,1.42059326171875,0.665435791015625,1.0,1.0,2.0,2.0,1.0,100.0,event
15:31:39.858,0.62188303,1.0311383,1.1112019,0.55593747,0.6970054,0.85851246,0.73612374,0.6736908,0.44011316,0.7763578,0.5144394,0.4649939,0.5660936,0.2606524,0.50542265,0.6278145,0.48651466,0.013384227,0.20948087,0.36393595,781.685,760.32965,483.11356,774.83514,691.4286,-0.19952392578125,0.0928955078125,0.98101806640625,0.9271240234375,1.42059326171875,0.665435791015625,1.0,1.0,2.0,2.0,1.0,100.0,event
15:31:39.859,0.62188303,1.0311383,1.1112019,0.55593747,0.6970054,0.85851246,0.73612374,0.6736908,0.44011316,0.7763578,0.5144394,0.4649939,0.5660936,0.2606524,0.50542265,0.6278145,0.48651466,0.013384227,0.20948087,0.36393595,771.2088,742.1978,506.88644,780.87915,798.20514,-0.19952392578125,0.0928955078125,0.98101806640625,0.9271240234375,1.42059326171875,0.665435791015625,1.0,1.0,2.0,2.0,1.0,100.0,event
15:31:39.860,0.62188303,1.0311383,1.1112019,0.55593747,0.6970054,0.85851246,0.73612374,0.6736908,0.44011316,0.7763578,0.5144394,0.4649939,0.5660936,0.2606524,0.50542265,0.6278145,0.48651466,0.013384227,0.20948087,0.36393595,772.4176,730.10986,528.6447,772.4176,822.381,-0.19952392578125,0.0928955078125,0.98101806640625,0.9271240234375,1.42059326171875,0.665435791015625,1.0,1.0,2.0,2.0,1.0,100.0,event
15:31:39.860,0.62188303,1.0311383,1.1112019,0.55593747,0.6970054,0.85851246,0.73612374,0.6736908,0.44011316,0.7763578,0.5144394,0.4649939,0.5660936,0.2606524,0.50542265,0.6278145,0.48651466,0.013384227,0.20948087,0.36393595,761.9414,722.8571,525.42126,765.16486,884.83514,-0.19952392578125,0.0928955078125,0.98101806640625,0.9271240234375,1.42059326171875,0.665435791015625,1.0,1.0,2.0,2.0,1.0,100.0,event
15:31:39.861,0.62188303,1.0311383,1.1112019,0.55593747,0.6970054,0.85851246,0.73612374,0.6736908,0.44011316,0.7763578,0.5144394,0.4649939,0.5660936,0.2606524,0.50542265,0.6278145,0.48651466,0.013384227,0.20948087,0.36393595,772.4176,727.28937,528.24176,767.98535,794.17584,-0.19952392578125,0.0928955078125,0.98101806640625,0.9271240234375,1.42059326171875,0.665435791015625,1.0,1.0,2.0,2.0,1.0,100.0,event
15:31:39.862,0.62188303,1.0311383,1.1112019,0.55593747,0.6970054,0.85851246,0.73612374,0.6736908,0.44011316,0.7763578,0.5144394,0.4649939,0.5660936,0.2606524,0.50542265,0.6278145,0.48651466,0.013384227,0.20948087,0.36393595,776.4469,706.7399,539.92676,765.16486,1123.37,-0.19952392578125,0.0928955078125,0.98101806640625,0.9271240234375,1.42059326171875,0.665435791015625,1.0,1.0,2.0,2.0,1.0,100.0,event
15:31:39.863,0.62188303,1.0311383,1.1112019,0.55593747,0.6970054,0.85851246,0.73612374,0.6736908,0.44011316,0.7763578,0.5144394,0.4649939,0.5660936,0.2606524,0.50542265,0.6278145,0.48651466,0.013384227,0.20948087,0.36393595,775.2381,702.3077,603.1868,791.75824,1111.6849,-0.19952392578125,0.0928955078125,0.98101806640625,0.9271240234375,1.42059326171875,0.665435791015625,1.0,1.0,2.0,2.0,1.0,100.0,event
15:31:39.863,0.62188303,1.0311383,1.1112019,0.55593747,0.6970054,0.85851246,0.73612374,0.6736908,0.44011316,0.7763578,0.5144394,0.4649939,0.5660936,0.2606524,0.50542265,0.6278145,0.48651466,0.013384227,0.20948087,0.36393595,781.685,714.7985,663.22345,796.99634,740.58606,-0.19952392578125,0.0928955078125,0.98101806640625,0.9271240234375,1.42059326171875,0.665435791015625,1.0,1.0,2.0,2.0,1.0,100.0,event
15:31:39.864,0.62188303,1.0311383,1.1112019,0.55593747,0.6970054,0.85851246,0.73612374,0.6736908,0.44011316,0.7763578,0.5144394,0.4649939,0.5660936,0.2606524,0.50542265,0.6278145,0.48651466,0.013384227,0.20948087,0.36393595,785.31134,721.2454,681.3553,797.3993,725.6777,-0.19952392578125,0.0928955078125,0.98101806640625,0.9271240234375,1.42059326171875,0.665435791015625,1.0,1.0,2.0,2.0,1.0,100.0,event
15:31:39.865,0.62188303,1.0311383,1.1112019,0.55593747,0.6970054,0.85851246,0.73612374,0.6736908,0.44011316,0.7763578,0.5144394,0.4649939,0.5660936,0.2606524,0.50542265,0.6278145,0.48651466,0.013384227,0.20948087,0.36393595,775.2381,728.9011,751.06226,800.2198,714.7985,-0.19952392578125,0.0928955078125,0.98101806640625,0.9271240234375,1.42059326171875,0.665435791015625,1.0,1.0,2.0,2.0,1.0,100.0,event
15:31:39.865,0.62188303,1.0311383,1.1112019,0.55593747,0.6970054,0.85851246,0.73612374,0.6736908,0.44011316,0.7763578,0.5144394,0.4649939,0.5660936,0.2606524,0.50542265,0.6278145,0.48651466,0.013384227,0.20948087,0.36393595,802.6374,742.6007,859.85345,795.78754,660.0,-0.19952392578125,0.0928955078125,0.98101806640625,0.9271240234375,1.42059326171875,0.665435791015625,1.0,1.0,2.0,2.0,1.0,100.0,event
15:31:39.921,0.62188303,1.0311383,1.1112019,0.55593747,0.6970054,0.85851246,0.73612374,0.6736908,0.44011316,0.7763578,0.5144394,0.4649939,0.5660936,0.2606524,0.50542265,0.6278145,0.48651466,0.013384227,0.20948087,0.36393595,820.7692,731.7216,863.47986,788.1319,719.2308,-0.252197265625,0.07965087890625,0.95050048828125,0.411224365234375,6.26556396484375,2.415008544921875,1.0,1.0,2.0,2.0,1.0,100.0,event
15:31:39.923,0.62188303,1.0311383,1.1112019,0.55593747,0.6970054,0.85851246,0.73612374,0.6736908,0.44011316,0.7763578,0.5144394,0.4649939,0.5660936,0.2606524,0.50542265,0.6278145,0.48651466,0.013384227,0.20948087,0.36393595,780.87915,725.2747,920.293,798.20514,790.54944,-0.252197265625,0.07965087890625,0.95050048828125,0.411224365234375,6.26556396484375,2.415008544921875,1.0,1.0,2.0,2.0,1.0,100.0,event
15:31:39.923,0.62188303,1.0311383,1.1112019,0.55593747,0.6970054,0.85851246,0.73612374,0.6736908,0.44011316,0.7763578,0.5144394,0.4649939,0.5660936,0.2606524,0.50542265,0.6278145,0.48651466,0.013384227,0.20948087,0.36393595,802.23444,720.0366,864.2857,801.02563,775.2381,-0.252197265625,0.07965087890625,0.95050048828125,0.411224365234375,6.26556396484375,2.415008544921875,1.0,1.0,2.0,2.0,1.0,100.0,event
15:31:39.924,0.62188303,1.0311383,1.1112019,0.55593747,0.6970054,0.85851246,0.73612374,0.6736908,0.44011316,0.7763578,0.5144394,0.4649939,0.5660936,0.2606524,0.50542265,0.6278145,0.48651466,0.013384227,0.20948087,0.36393595,788.5348,729.707,1010.9524,792.5641,737.76556,-0.252197265625,0.07965087890625,0.95050048828125,0.411224365234375,6.26556396484375,2.415008544921875,1.0,1.0,2.0,2.0,1.0,100.0,event
15:31:39.925,0.62188303,1.0311383,1.1112019,0.55593747,0.6970054,0.85851246,0.73612374,0.6736908,0.44011316,0.7763578,0.5144394,0.4649939,0.5660936,0.2606524,0.50542265,0.6278145,0.48651466,0.013384227,0.20948087,0.36393595,790.54944,732.52747,1174.1392,796.1905,734.94507,-0.252197265625,0.07965087890625,0.95050048828125,0.411224365234375,6.26556396484375,2.415008544921875,1.0,1.0,2.0,2.0,1.0,100.0,event
15:31:39.925,0.62188303,1.0311383,1.1112019,0.55593747,0.6970054,0.85851246,0.73612374,0.6736908,0.44011316,0.7763578,0.5144394,0.4649939,0.5660936,0.2606524,0.50542265,0.6278145,0.48651466,0.013384227,0.20948087,0.36393595,795.78754,729.707,1273.663,808.68134,823.5897,-0.252197265625,0.07965087890625,0.95050048828125,0.411224365234375,6.26556396484375,2.415008544921875,1.0,1.0,2.0,2.0,1.0,100.0,event
15:31:39.926,0.62188303,1.0311383,1.1112019,0.55593747,0.6970054,0.85851246,0.73612374,0.6736908,0.44011316,0.7763578,0.5144394,0.4649939,0.5660936,0.2606524,0.50542265,0.6278145,0.48651466,0.013384227,0.20948087,0.36393595,810.696,734.1392,1289.7803,836.08057,874.7619,-0.252197265625,0.07965087890625,0.95050048828125,0.411224365234375,6.26556396484375,2.415008544921875,1.0,1.0,2.0,2.0,1.0,100.0,event
15:31:39.927,0.62188303,1.0311383,1.1112019,0.55593747,0.6970054,0.85851246,0.73612374,0.6736908,0.44011316,0.7763578,0.5144394,0.4649939,0.5660936,0.2606524,0.50542265,0.6278145,0.48651466,0.013384227,0.20948087,0.36393595,800.2198,738.97437,1248.2784,811.0989,880.80585,-0.252197265625,0.07965087890625,0.95050048828125,0.411224365234375,6.26556396484375,2.415008544921875,1.0,1.0,2.0,2.0,1.0,100.0,event
15:31:39.927,0.62188303,1.0311383,1.1112019,0.55593747,0.6970054,0.85851246,0.73612374,0.6736908,0.44011316,0.7763578,0.5144394,0.4649939,0.5660936,0.2606524,0.50542265,0.6278145,0.48651466,0.013384227,0.20948087,0.36393595,810.696,749.0476,1243.0403,819.9634,751.8681,-0.252197265625,0.07965087890625,0.95050048828125,0.411224365234375,6.26556396484375,2.415008544921875,1.0,1.0,2.0,2.0,1.0,100.0,event
15:31:39.928,0.62188303,1.0311383,1.1112019,0.55593747,0.6970054,0.85851246,0.73612374,0.6736908,0.44011316,0.7763578,0.5144394,0.4649939,0.5660936,0.2606524,0.50542265,0.6278145,0.48651466,0.013384227,0.20948087,0.36393595,819.5604,756.30035,1261.978,851.79486,837.6923,-0.252197265625,0.07965087890625,0.95050048828125,0.411224365234375,6.26556396484375,2.415008544921875,1.0,1.0,2.0,2.0,1.0,100.0,event
15:31:39.933,0.62188303,1.0311383,1.1112019,0.55593747,0.6970054,0.85851246,0.73612374,0.6736908,0.44011316,0.7763578,0.5144394,0.4649939,0.5660936,0.2606524,0.50542265,0.6278145,0.48651466,0.013384227,0.20948087,0.36393595,817.1429,755.09155,1278.4982,837.28937,1053.2601,-0.252197265625,0.07965087890625,0.95050048828125,0.411224365234375,6.26556396484375,2.415008544921875,1.0,1.0,2.0,2.0,1.0,100.0,event
15:31:39.934,0.62188303,1.0311383,1.1112019,0.55593747,0.6970054,0.85851246,0.73612374,0.6736908,0.44011316,0.7763578,0.5144394,0.4649939,0.5660936,0.2606524,0.50542265,0.6278145,0.48651466,0.013384227,0.20948087,0.36393595,831.6484,769.59705,1324.4323,866.30035,821.1722,-0.252197265625,0.07965087890625,0.95050048828125,0.411224365234375,6.26556396484375,2.415008544921875,1.0,1.0,2.0,2.0,1.0,100.0,event
15:31:39.958,0.62188303,1.0311383,1.1112019,0.55593747,0.6970054,0.85851246,0.73612374,0.6736908,0.44011316,0.7763578,0.5144394,0.4649939,0.5660936,0.2606524,0.50542265,0.6278145,0.48651466,0.013384227,0.20948087,0.36393595,838.49817,778.46155,1280.1099,879.59705,705.9341,-0.30279541015625,0.093994140625,0.92828369140625,3.790740966796875,0.059814453125,-1.60003662109375,1.0,1.0,2.0,2.0,1.0,100.0,event
15:31:39.959,0.62188303,1.0311383,1.1112019,0.55593747,0.6970054,0.85851246,0.73612374,0.6736908,0.44011316,0.7763578,0.5144394,0.4649939,0.5660936,0.2606524,0.50542265,0.6278145,0.48651466,0.013384227,0.20948087,0.36393595,826.8132,790.9524,1206.7766,838.0952,770.40295,-0.30279541015625,0.093994140625,0.92828369140625,3.790740966796875,0.059814453125,-1.60003662109375,1.0,1.0,2.0,2.0,1.0,100.0,event
15:31:39.960,0.62188303,1.0311383,1.1112019,0.55593747,0.6970054,0.85851246,0.73612374,0.6736908,0.44011316,0.7763578,0.5144394,0.4649939,0.5660936,0.2606524,0.50542265,0.6278145,0.48651466,0.013384227,0.20948087,0.36393595,835.2747,793.36993,1213.6263,835.6777,780.07324,-0.30279541015625,0.093994140625,0.92828369140625,3.790740966796875,0.059814453125,-1.60003662109375,1.0,1.0,2.0,2.0,1.0,100.0,event
15:31:39.960,0.62188303,1.0311383,1.1112019,0.55593747,0.6970054,0.85851246,0.73612374,0.6736908,0.44011316,0.7763578,0.5144394,0.4649939,0.5660936,0.2606524,0.50542265,0.6278145,0.48651466,0.013384227,0.20948087,0.36393595,840.9158,816.337,1253.5165,836.4835,747.03296,-0.30279541015625,0.093994140625,0.92828369140625,3.790740966796875,0.059814453125,-1.60003662109375,1.0,1.0,2.0,2.0,1.0,100.0,event
15:31:39.961,0.62188303,1.0311383,1.1112019,0.55593747,0.6970054,0.85851246,0.73612374,0.6736908,0.44011316,0.7763578,0.5144394,0.4649939,0.5660936,0.2606524,0.50542265,0.6278145,0.48651466,0.013384227,0.20948087,0.36393595,846.1539,729.707,1274.8718,847.3626,796.5934,-0.30279541015625,0.093994140625,0.92828369140625,3.790740966796875,0.059814453125,-1.60003662109375,1.0,1.0,2.0,2.0,1.0,100.0,event
15:31:39.962,0.62188303,1.0311383,1.1112019,0.55593747,0.6970054,0.85851246,0.73612374,0.6736908,0.44011316,0.7763578,0.5144394,0.4649939,0.5660936,0.2606524,0.50542265,0.6278145,0.48651466,0.013384227,0.20948087,0.36393595,867.9121,428.31503,1270.0366,862.27106,916.26373,-0.30279541015625,0.093994140625,0.92828369140625,3.790740966796875,0.059814453125,-1.60003662109375,1.0,1.0,2.0,2.0,1.0,100.0,event
15:31:39.962,0.62188303,1.0311383,1.1112019,0.55593747,0.6970054,0.85851246,0.73612374,0.6736908,0.44011316,0.7763578,0.5144394,0.4649939,0.5660936,0.2606524,0.50542265,0.6278145,0.48651466,0.013384227,0.20948087,0.36393595,851.39197,276.00732,1251.5018,871.13556,853.8095,-0.30279541015625,0.093994140625,0.92828369140625,3.790740966796875,0.059814453125,-1.60003662109375,1.0,1.0,2.0,2.0,1.0,100.0,event
15:31:39.963,0.62188303,1.0311383,1.1112019,0.55593747,0.6970054,0.85851246,0.73612374,0.6736908,0.44011316,0.7763578,0.5144394,0.4649939,0.5660936,0.2606524,0.50542265,0.6278145,0.48651466,0.013384227,0.20948087,0.36393595,851.39197,290.51282,1253.9194,884.0293,728.49817,-0.30279541015625,0.093994140625,0.92828369140625,3.790740966796875,0.059814453125,-1.60003662109375,1.0,1.0,2.0,2.0,1.0,100.0,event
15:31:39.964,0.62188303,1.0311383,1.1112019,0.55593747,0.6970054,0.85851246,0.73612374,0.6736908,0.44011316,0.7763578,0.5144394,0.4649939,0.5660936,0.2606524,0.50542265,0.6278145,0.48651466,0.013384227,0.20948087,0.36393595,842.1245,297.36264,1257.9487,869.92676,737.76556,-0.30279541015625,0.093994140625,0.92828369140625,3.790740966796875,0.059814453125,-1.60003662109375,1.0,1.0,2.0,2.0,1.0,100.0,event
15:31:39.964,0.62188303,1.0311383,1.1112019,0.55593747,0.6970054,0.85851246,0.73612374,0.6736908,0.44011316,0.7763578,0.5144394,0.4649939,0.5660936,0.2606524,0.50542265,0.6278145,0.48651466,0.013384227,0.20948087,0.36393595,830.84247,313.07693,1210.403,848.5714,879.59705,-0.30279541015625,0.093994140625,0.92828369140625,3.790740966796875,0.059814453125,-1.60003662109375,1.0,1.0,2.0,2.0,1.0,100.0,event
15:31:39.965,0.62188303,1.0311383,1.1112019,0.55593747,0.6970054,0.85851246,0.73612374,0.6736908,0.44011316,0.7763578,0.5144394,0.4649939,0.5660936,0.2606524,0.50542265,0.6278145,0.48651466,0.013384227,0.20948087,0.36393595,861.8681,364.652,1189.8535,854.21246,670.07324,-0.30279541015625,0.093994140625,0.92828369140625,3.790740966796875,0.059814453125,-1.60003662109375,1.0,1.0,2.0,2.0,1.0,100.0,event
15:31:39.965,0.62188303,1.0311383,1.1112019,0.55593747,0.6970054,0.85851246,0.73612374,0.6736908,0.44011316,0.7763578,0.5144394,0.4649939,0.5660936,0.2606524,0.50542265,0.6278145,0.48651466,0.013384227,0.20948087,0.36393595,845.34796,339.2674,1180.1831,849.3773,804.2491,-0.30279541015625,0.093994140625,0.92828369140625,3.790740966796875,0.059814453125,-1.60003662109375,1.0,1.0,2.0,2.0,1.0,100.0,event
15:31:39.991,0.62188303,1.0311383,1.1112019,0.55593747,0.6970054,0.85851246,0.73612374,0.6736908,0.44011316,0.7763578,0.5144394,0.4649939,0.5660936,0.2606524,0.50542265,0.6278145,0.48651466,0.013384227,0.20948087,0.36393595,854.21246,382.38095,1234.1758,868.315,898.1319,-0.27044677734375,0.10357666015625,0.949951171875,3.536529541015625,-7.82073974609375,-0.934600830078125,1.0,1.0,2.0,2.0,1.0,100.0,event
15:31:39.992,0.62188303,1.0311383,1.1112019,0.55593747,0.6970054,0.85851246,0.73612374,0.6736908,0.44011316,0.7763578,0.5144394,0.4649939,0.5660936,0.2606524,0.50542265,0.6278145,0.48651466,0.013384227,0.20948087,0.36393595,856.2271,398.49817,1249.8901,860.65936,1178.5714,-0.27044677734375,0.10357666015625,0.949951171875,3.536529541015625,-7.82073974609375,-0.934600830078125,1.0,1.0,2.0,2.0,1.0,100.0,event
15:31:39.992,0.62188303,1.0311383,1.1112019,0.55593747,0.6970054,0.85851246,0.73612374,0.6736908,0.44011316,0.7763578,0.5144394,0.4649939,0.5660936,0.2606524,0.50542265,0.6278145,0.48651466,0.013384227,0.20948087,0.36393595,855.0183,428.31503,1234.1758,867.1062,948.0952,-0.27044677734375,0.10357666015625,0.949951171875,3.536529541015625,-7.82073974609375,-0.934600830078125,1.0,1.0,2.0,2.0,1.0,100.0,event
15:31:39.993,0.62188303,1.0311383,1.1112019,0.55593747,0.6970054,0.85851246,0.73612374,0.6736908,0.44011316,0.7763578,0.5144394,0.4649939,0.5660936,0.2606524,0.50542265,0.6278145,0.48651466,0.013384227,0.20948087,0.36393595,843.73627,455.31134,1223.6996,875.16486,653.1502,-0.27044677734375,0.10357666015625,0.949951171875,3.536529541015625,-7.82073974609375,-0.934600830078125,1.0,1.0,2.0,2.0,1.0,100.0,event
15:31:39.994,0.62188303,1.0311383,1.1112019,0.55593747,0.6970054,0.85851246,0.73612374,0.6736908,0.44011316,0.7763578,0.5144394,0.4649939,0.5660936,0.2606524,0.50542265,0.6278145,0.48651466,0.013384227,0.20948087,0.36393595,849.7802,474.24908,1219.2675,853.4066,643.0769,-0.27044677734375,0.10357666015625,0.949951171875,3.536529541015625,-7.82073974609375,-0.934600830078125,1.0,1.0,2.0,2.0,1.0,100.0,event
15:31:39.995,0.62188303,1.0311383,1.1112019,0.55593747,0.6970054,0.85851246,0.73612374,0.6736908,0.44011316,0.7763578,0.5144394,0.4649939,0.5660936,0.2606524,0.50542265,0.6278145,0.48651466,0.013384227,0.20948087,0.36393595,852.6007,493.58975,1229.7435,842.1245,733.73627,-0.27044677734375,0.10357666015625,0.949951171875,3.536529541015625,-7.82073974609375,-0.934600830078125,1.0,1.0,2.0,2.0,1.0,100.0,event
15:31:39.995,0.62188303,1.0311383,1.1112019,0.55593747,0.6970054,0.85851246,0.73612374,0.6736908,0.44011316,0.7763578,0.5144394,0.4649939,0.5660936,0.2606524,0.50542265,0.6278145,0.48651466,0.013384227,0.20948087,0.36393595,848.1685,510.51282,1238.2051,839.304,828.8278,-0.27044677734375,0.10357666015625,0.949951171875,3.536529541015625,-7.82073974609375,-0.934600830078125,1.0,1.0,2.0,2.0,1.0,100.0,event
15:31:39.996,0.62188303,1.0311383,1.1112019,0.55593747,0.6970054,0.85851246,0.73612374,0.6736908,0.44011316,0.7763578,0.5144394,0.4649939,0.5660936,0.2606524,0.50542265,0.6278145,0.48651466,0.013384227,0.20948087,0.36393595,838.49817,520.989,1241.0256,845.34796,782.8938,-0.27044677734375,0.10357666015625,0.949951171875,3.536529541015625,-7.82073974609375,-0.934600830078125,1.0,1.0,2.0,2.0,1.0,100.0,event
15:31:39.997,0.62188303,1.0311383,1.1112019,0.55593747,0.6970054,0.85851246,0.73612374,0.6736908,0.44011316,0.7763578,0.5144394,0.4649939,0.5660936,0.2606524,0.50542265,0.6278145,0.48651466,0.013384227,0.20948087,0.36393595,826.0073,546.77655,1179.7803,843.73627,898.5348,-0.27044677734375,0.10357666015625,0.949951171875,3.536529541015625,-7.82073974609375,-0.934600830078125,1.0,1.0,2.0,2.0,1.0,100.0,event
15:31:39.997,0.62188303,1.0311383,1.1112019,0.55593747,0.6970054,0.85851246,0.73612374,0.6736908,0.44011316,0.7763578,0.5144394,0.4649939,0.5660936,0.2606524,0.50542265,0.6278145,0.48651466,0.013384227,0.20948087,0.36393595,829.2308,525.82416,1213.2234,850.989,836.4835,-0.27044677734375,0.10357666015625,0.949951171875,3.536529541015625,-7.82073974609375,-0.934600830078125,1.0,1.0,2.0,2.0,1.0,100.0,event
15:31:39.998,0.62188303,1.0311383,1.1112019,0.55593747,0.6970054,0.85851246,0.73612374,0.6736908,0.44011316,0.7763578,0.5144394,0.4649939,0.5660936,0.2606524,0.50542265,0.6278145,0.48651466,0.013384227,0.20948087,0.36393595,824.7985,565.31134,1174.9451,830.0366,707.1429,-0.27044677734375,0.10357666015625,0.949951171875,3.536529541015625,-7.82073974609375,-0.934600830078125,1.0,1.0,2.0,2.0,1.0,100.0,event
15:31:39.999,0.62188303,1.0311383,1.1112019,0.55593747,0.6970054,0.85851246,0.73612374,0.6736908,0.44011316,0.7763578,0.5144394,0.4649939,0.5660936,0.2606524,0.50542265,0.6278145,0.48651466,0.013384227,0.20948087,0.36393595,832.0513,570.9524,1174.5421,857.03296,695.8608,-0.27044677734375,0.10357666015625,0.949951171875,3.536529541015625,-7.82073974609375,-0.934600830078125,1.0,1.0,2.0,2.0,1.0,100.0,event
15:31:40.090,0.62188303,1.0311383,1.1112019,0.55593747,0.6970054,0.85851246,0.73612374,0.6736908,0.44011316,0.7763578,0.5144394,0.4649939,0.5660936,0.2606524,0.50542265,0.6278145,0.48651466,0.013384227,0.20948087,0.36393595,853.8095,591.0989,1167.6923,854.21246,833.2601,-0.2503662109375,0.08612060546875,0.9532470703125,2.190704345703125,-5.4730224609375,-0.889739990234375,1.0,1.0,2.0,2.0,1.0,100.0,event
15:31:40.091,0.62188303,1.0311383,1.1112019,0.55593747,0.6970054,0.85851246,0.73612374,0.6736908,0.44011316,0.7763578,0.5144394,0.4649939,0.5660936,0.2606524,0.50542265,0.6278145,0.48651466,0.013384227,0.20948087,0.36393595,856.2271,608.8278,1159.2307,832.4542,862.27106,-0.2503662109375,0.08612060546875,0.9532470703125,2.190704345703125,-5.4730224609375,-0.889739990234375,1.0,1.0,2.0,2.0,1.0,100.0,event
15:31:40.092,0.62188303,1.0311383,1.1112019,0.55593747,0.6970054,0.85851246,0.73612374,0.6736908,0.44011316,0.7763578,0.5144394,0.4649939,0.5660936,0.2606524,0.50542265,0.6278145,0.48651466,0.013384227,0.20948087,0.36393595,840.10986,615.6777,1143.9194,840.5128,741.79486,-0.2503662109375,0.08612060546875,0.9532470703125,2.190704345703125,-5.4730224609375,-0.889739990234375,1.0,1.0,2.0,2.0,1.0,100.0,event
15:31:40.092,0.62188303,1.0311383,1.1112019,0.55593747,0.6970054,0.85851246,0.73612374,0.6736908,0.44011316,0.7763578,0.5144394,0.4649939,0.5660936,0.2606524,0.50542265,0.6278145,0.48651466,0.013384227,0.20948087,0.36393595,834.87177,620.10986,1099.1941,828.8278,693.0403,-0.2503662109375,0.08612060546875,0.9532470703125,2.190704345703125,-5.4730224609375,-0.889739990234375,1.0,1.0,2.0,2.0,1.0,100.0,event
15:31:40.093,0.62188303,1.0311383,1.1112019,0.55593747,0.6970054,0.85851246,0.73612374,0.6736908,0.44011316,0.7763578,0.5144394,0.4649939,0.5660936,0.2606524,0.50542265,0.6278145,0.48651466,0.013384227,0.20948087,0.36393595,834.87177,634.21246,1066.5568,821.5751,794.57874,-0.2503662109375,0.08612060546875,0.9532470703125,2.190704345703125,-5.4730224609375,-0.889739990234375,1.0,1.0,2.0,2.0,1.0,100.0,event
15:31:40.094,0.62188303,1.0311383,1.1112019,0.55593747,0.6970054,0.85851246,0.73612374,0.6736908,0.44011316,0.7763578,0.5144394,0.4649939,0.5660936,0.2606524,0.50542265,0.6278145,0.48651466,0.013384227,0.20948087,0.36393595,832.8571,649.12085,1058.0952,822.7839,860.2564,-0.2503662109375,0.08612060546875,0.9532470703125,2.190704345703125,-5.4730224609375,-0.889739990234375,1.0,1.0,2.0,2.0,1.0,100.0,event
15:31:40.095,0.62188303,1.0311383,1.1112019,0.55593747,0.6970054,0.85851246,0.73612374,0.6736908,0.44011316,0.7763578,0.5144394,0.4649939,0.5660936,0.2606524,0.50542265,0.6278145,0.48651466,0.013384227,0.20948087,0.36393595,826.8132,662.4176,1048.4249,828.8278,865.09155,-0.2503662109375,0.08612060546875,0.9532470703125,2.190704345703125,-5.4730224609375,-0.889739990234375,1.0,1.0,2.0,2.0,1.0,100.0,event
15:31:40.095,0.62188303,1.0311383,1.1112019,0.55593747,0.6970054,0.85851246,0.73612374,0.6736908,0.44011316,0.7763578,0.5144394,0.4649939,0.5660936,0.2606524,0.50542265,0.6278145,0.48651466,0.013384227,0.20948087,0.36393595,826.8132,655.56775,1062.1245,828.8278,859.0476,-0.2503662109375,0.08612060546875,0.9532470703125,2.190704345703125,-5.4730224609375,-0.889739990234375,1.0,1.0,2.0,2.0,1.0,100.0,event
15:31:40.096,0.62188303,1.0311383,1.1112019,0.55593747,0.6970054,0.85851246,0.73612374,0.6736908,0.44011316,0.7763578,0.5144394,0.4649939,0.5660936,0.2606524,0.50542265,0.6278145,0.48651466,0.013384227,0.20948087,0.36393595,823.1868,666.04395,1039.9634,834.87177,1016.1905,-0.2503662109375,0.08612060546875,0.9532470703125,2.190704345703125,-5.4730224609375,-0.889739990234375,1.0,1.0,2.0,2.0,1.0,100.0,event
15:31:40.097,0.62188303,1.0311383,1.1112019,0.55593747,0.6970054,0.85851246,0.73612374,0.6736908,0.44011316,0.7763578,0.5144394,0.4649939,0.5660936,0.2606524,0.50542265,0.6278145,0.48651466,0.013384227,0.20948087,0.36393595,822.381,677.72894,1048.022,846.55676,925.9341,-0.2503662109375,0.08612060546875,0.9532470703125,2.190704345703125,-5.4730224609375,-0.889739990234375,1.0,1.0,2.0,2.0,1.0,100.0,event
15:31:40.097,0.62188303,1.0311383,1.1112019,0.55593747,0.6970054,0.85851246,0.73612374,0.6736908,0.44011316,0.7763578,0.5144394,0.4649939,0.5660936,0.2606524,0.50542265,0.6278145,0.48651466,0.013384227,0.20948087,0.36393595,826.0073,686.5934,1033.5165,830.4396,694.2491,-0.2503662109375,0.08612060546875,0.9532470703125,2.190704345703125,-5.4730224609375,-0.889739990234375,1.0,1.0,2.0,2.0,1.0,100.0,event
15:31:40.098,0.62188303,1.0311383,1.1112019,0.55593747,0.6970054,0.85851246,0.73612374,0.6736908,0.44011316,0.7763578,0.5144394,0.4649939,0.5660936,0.2606524,0.50542265,0.6278145,0.48651466,0.013384227,0.20948087,0.36393595,822.7839,688.60803,1015.78754,817.1429,761.13556,-0.2503662109375,0.08612060546875,0.9532470703125,2.190704345703125,-5.4730224609375,-0.889739990234375,1.0,1.0,2.0,2.0,1.0,100.0,event
15:31:40.124,0.62188303,1.0311383,1.1112019,0.55593747,0.6970054,0.85851246,0.73612374,0.6736908,0.44011316,0.7763578,0.5144394,0.4649939,0.5660936,0.2606524,0.50542265,0.6278145,0.48651466,0.013384227,0.20948087,0.36393595,820.3663,690.2198,1012.5641,809.4872,771.6117,-0.2503662109375,0.08612060546875,0.9532470703125,2.190704345703125,-5.4730224609375,-0.889739990234375,1.0,1.0,2.0,2.0,1.0,100.0,event
15:31:40.126,0.62188303,1.0311383,1.1112019,0.55593747,0.6970054,0.85851246,0.73612374,0.6736908,0.44011316,0.7763578,0.5144394,0.4649939,0.5660936,0.2606524,0.50542265,0.6278145,0.48651466,0.013384227,0.20948087,0.36393595,806.6667,692.23444,1013.36993,796.1905,703.1135,-0.2503662109375,0.08612060546875,0.9532470703125,2.190704345703125,-5.4730224609375,-0.889739990234375,1.0,1.0,2.0,2.0,1.0,100.0,event
15:31:40.127,0.62188303,1.0311383,1.1112019,0.55593747,0.6970054,0.85851246,0.73612374,0.6736908,0.44011316,0.7763578,0.5144394,0.4649939,0.5660936,0.2606524,0.50542265,0.6278145,0.48651466,0.013384227,0.20948087,0.36393595,800.2198,700.293,1004.90845,800.6227,716.4103,-0.2503662109375,0.08612060546875,0.9532470703125,2.190704345703125,-5.4730224609375,-0.889739990234375,1.0,1.0,2.0,2.0,1.0,100.0,event
15:31:40.127,0.62188303,1.0311383,1.1112019,0.55593747,0.6970054,0.85851246,0.73612374,0.6736908,0.44011316,0.7763578,0.5144394,0.4649939,0.5660936,0.2606524,0.50542265,0.6278145,0.48651466,0.013384227,0.20948087,0.36393595,803.0403,705.5311,989.59705,803.44324,840.10986,-0.2503662109375,0.08612060546875,0.9532470703125,2.190704345703125,-5.4730224609375,-0.889739990234375,1.0,1.0,2.0,2.0,1.0,100.0,event
15:31:40.128,0.62188303,1.0311383,1.1112019,0.55593747,0.6970054,0.85851246,0.73612374,0.6736908,0.44011316,0.7763578,0.5144394,0.4649939,0.5660936,0.2606524,0.50542265,0.6278145,0.48651466,0.013384227,0.20948087,0.36393595,806.6667,705.12823,977.50916,801.4286,828.022,-0.2503662109375,0.08612060546875,0.9532470703125,2.190704345703125,-5.4730224609375,-0.889739990234375,1.0,1.0,2.0,2.0,1.0,100.0,event
15:31:40.129,0.62188303,1.0311383,1.1112019,0.55593747,0.6970054,0.85851246,0.73612374,0.6736908,0.44011316,0.7763578,0.5144394,0.4649939,0.5660936,0.2606524,0.50542265,0.6278145,0.48651466,0.013384227,0.20948087,0.36393595,801.8315,705.12823,964.21246,804.2491,771.6117,-0.2503662109375,0.08612060546875,0.9532470703125,2.190704345703125,-5.4730224609375,-0.889739990234375,1.0,1.0,2.0,2.0,1.0,100.0,event
15:31:40.129,0.62188303,1.0311383,1.1112019,0.55593747,0.6970054,0.85851246,0.73612374,0.6736908,0.44011316,0.7763578,0.5144394,0.4649939,0.5660936,0.2606524,0.50542265,0.6278145,0.48651466,0.013384227,0.20948087,0.36393595,812.71063,709.5604,971.06226,802.23444,780.4762,-0.2503662109375,0.08612060546875,0.9532470703125,2.190704345703125,-5.4730224609375,-0.889739990234375,1.0,1.0,2.0,2.0,1.0,100.0,event
15:31:40.130,0.62188303,1.0311383,1.1112019,0.55593747,0.6970054,0.85851246,0.73612374,0.6736908,0.44011316,0.7763578,0.5144394,0.4649939,0.5660936,0.2606524,0.50542265,0.6278145,0.48651466,0.013384227,0.20948087,0.36393595,800.6227,691.4286,942.8571,815.5311,866.30035,-0.2503662109375,0.08612060546875,0.9532470703125,2.190704345703125,-5.4730224609375,-0.889739990234375,1.0,1.0,2.0,2.0,1.0,100.0,event
15:31:40.131,0.62188303,1.0311383,1.1112019,0.55593747,0.6970054,0.85851246,0.73612374,0.6736908,0.44011316,0.7763578,0.5144394,0.4649939,0.5660936,0.2606524,0.50542265,0.6278145,0.48651466,0.013384227,0.20948087,0.36393595,804.65204,709.9634,925.5311,797.8022,999.67035,-0.2503662109375,0.08612060546875,0.9532470703125,2.190704345703125,-5.4730224609375,-0.889739990234375,1.0,1.0,2.0,2.0,1.0,100.0,event
15:31:40.132,0.62188303,1.0311383,1.1112019,0.55593747,0.6970054,0.85851246,0.73612374,0.6736908,0.44011316,0.7763578,0.5144394,0.4649939,0.5660936,0.2606524,0.50542265,0.6278145,0.48651466,0.013384227,0.20948087,0.36393595,807.0696,736.55676,917.47253,771.6117,762.74725,-0.2503662109375,0.08612060546875,0.9532470703125,2.190704345703125,-5.4730224609375,-0.889739990234375,1.0,1.0,2.0,2.0,1.0,100.0,event
15:31:40.132,0.62188303,1.0311383,1.1112019,0.55593747,0.6970054,0.85851246,0.73612374,0.6736908,0.44011316,0.7763578,0.5144394,0.4649939,0.5660936,0.2606524,0.50542265,0.6278145,0.48651466,0.013384227,0.20948087,0.36393595,815.9341,735.7509,897.326,785.7143,679.7436,-0.2503662109375,0.08612060546875,0.9532470703125,2.190704345703125,-5.4730224609375,-0.889739990234375,1.0,1.0,2.0,2.0,1.0,100.0,event
15:31:40.133,0.62188303,1.0311383,1.1112019,0.55593747,0.6970054,0.85851246,0.73612374,0.6736908,0.44011316,0.7763578,0.5144394,0.4649939,0.5660936,0.2606524,0.50542265,0.6278145,0.48651466,0.013384227,0.20948087,0.36393595,787.326,740.989,888.0586,780.4762,761.13556,-0.2503662109375,0.08612060546875,0.9532470703125,2.190704345703125,-5.4730224609375,-0.889739990234375,1.0,1.0,2.0,2.0,1.0,100.0,event
15:31:40.134,0.62188303,1.0311383,1.1112019,0.55593747,0.6970054,0.85851246,0.73612374,0.6736908,0.44011316,0.7763578,0.5144394,0.4649939,0.5660936,0.2606524,0.50542265,0.6278145,0.48651466,0.013384227,0.20948087,0.36393595,774.0293,750.2564,879.59705,758.71796,707.9487,-0.248046875,0.09039306640625,0.95806884765625,1.457977294921875,-1.4056396484375,-0.8074951171875,1.0,1.0,2.0,2.0,1.0,100.0,event
15:31:40.135,0.62188303,1.0311383,1.1112019,0.55593747,0.6970054,0.85851246,0.73612374,0.6736908,0.44011316,0.7763578,0.5144394,0.4649939,0.5660936,0.2606524,0.50542265,0.6278145,0.48651466,0.013384227,0.20948087,0.36393595,794.57874,755.09155,865.89746,756.7033,682.5641,-0.248046875,0.09039306640625,0.95806884765625,1.457977294921875,-1.4056396484375,-0.8074951171875,1.0,1.0,2.0,2.0,1.0,100.0,event
15:31:40.140,0.62188303,1.0311383,1.1112019,0.55593747,0.6970054,0.85851246,0.73612374,0.6736908,0.44011316,0.7763578,0.5144394,0.4649939,0.5660936,0.2606524,0.50542265,0.6278145,0.48651466,0.013384227,0.20948087,0.36393595,809.4872,755.89746,848.1685,779.67035,727.28937,-0.248046875,0.09039306640625,0.95806884765625,1.457977294921875,-1.4056396484375,-0.8074951171875,1.0,1.0,2.0,2.0,1.0,100.0,event
15:31:40.141,0.62188303,1.0311383,1.1112019,0.55593747,0.6970054,0.85851246,0.73612374,0.6736908,0.44011316,0.7763578,0.5144394,0.4649939,0.5660936,0.2606524,0.50542265,0.6278145,0.48651466,0.013384227,0.20948087,0.36393595,808.2784,759.12085,857.03296,791.3553,795.38464,-0.248046875,0.09039306640625,0.95806884765625,1.457977294921875,-1.4056396484375,-0.8074951171875,1.0,1.0,2.0,2.0,1.0,100.0,event
15:31:40.142,0.62188303,1.0311383,1.1112019,0.55593747,0.6970054,0.85851246,0.73612374,0.6736908,0.44011316,0.7763578,0.5144394,0.4649939,0.5660936,0.2606524,0.50542265,0.6278145,0.48651466,0.013384227,0.20948087,0.36393595,778.46155,779.2674,876.77655,770.0,810.293,-0.248046875,0.09039306640625,0.95806884765625,1.457977294921875,-1.4056396484375,-0.8074951171875,1.0,1.0,2.0,2.0,1.0,100.0,event
15:31:40.142,0.62188303,1.0311383,1.1112019,0.55593747,0.6970054,0.85851246,0.73612374,0.6736908,0.44011316,0.7763578,0.5144394,0.4649939,0.5660936,0.2606524,0.50542265,0.6278145,0.48651466,0.013384227,0.20948087,0.36393595,774.83514,767.98535,879.59705,772.01465,800.2198,-0.248046875,0.09039306640625,0.95806884765625,1.457977294921875,-1.4056396484375,-0.8074951171875,1.0,1.0,2.0,2.0,1.0,100.0,event
15:31:40.143,0.62188303,1.0311383,1.1112019,0.55593747,0.6970054,0.85851246,0.73612374,0.6736908,0.44011316,0.7763578,0.5144394,0.4649939,0.5660936,0.2606524,0.50542265,0.6278145,0.48651466,0.013384227,0.20948087,0.36393595,788.1319,781.28204,877.5824,781.685,859.0476,-0.248046875,0.09039306640625,0.95806884765625,1.457977294921875,-1.4056396484375,-0.8074951171875,1.0,1.0,2.0,2.0,1.0,100.0,event
15:31:40.144,0.62188303,1.0311383,1.1112019,0.55593747,0.6970054,0.85851246,0.73612374,0.6736908,0.44011316,0.7763578,0.5144394,0.4649939,0.5660936,0.2606524,0.50542265,0.6278145,0.48651466,0.013384227,0.20948087,0.36393595,790.54944,772.8205,874.7619,785.7143,1172.9304,-0.248046875,0.09039306640625,0.95806884765625,1.457977294921875,-1.4056396484375,-0.8074951171875,1.0,1.0,2.0,2.0,1.0,100.0,event
15:31:40.144,0.62188303,1.0311383,1.1112019,0.55593747,0.6970054,0.85851246,0.73612374,0.6736908,0.44011316,0.7763578,0.5144394,0.4649939,0.5660936,0.2606524,0.50542265,0.6278145,0.48651466,0.013384227,0.20948087,0.36393595,790.14655,782.8938,891.685,784.90845,1105.238,-0.248046875,0.09039306640625,0.95806884765625,1.457977294921875,-1.4056396484375,-0.8074951171875,1.0,1.0,2.0,2.0,1.0,100.0,event
15:31:40.145,0.62188303,1.0311383,1.1112019,0.55593747,0.6970054,0.85851246,0.73612374,0.6736908,0.44011316,0.7763578,0.5144394,0.4649939,0.5660936,0.2606524,0.50542265,0.6278145,0.48651466,0.013384227,0.20948087,0.36393595,782.49084,792.5641,902.1612,784.5055,680.54944,-0.248046875,0.09039306640625,0.95806884765625,1.457977294921875,-1.4056396484375,-0.8074951171875,1.0,1.0,2.0,2.0,1.0,100.0,event
15:31:40.146,0.62188303,1.0311383,1.1112019,0.55593747,0.6970054,0.85851246,0.73612374,0.6736908,0.44011316,0.7763578,0.5144394,0.4649939,0.5660936,0.2606524,0.50542265,0.6278145,0.48651466,0.013384227,0.20948087,0.36393595,779.2674,787.326,909.011,769.19415,696.26373,-0.248046875,0.09039306640625,0.95806884765625,1.457977294921875,-1.4056396484375,-0.8074951171875,1.0,1.0,2.0,2.0,1.0,100.0,event
15:31:40.147,0.62188303,1.0311383,1.1112019,0.55593747,0.6970054,0.85851246,0.73612374,0.6736908,0.44011316,0.7763578,0.5144394,0.4649939,0.5660936,0.2606524,0.50542265,0.6278145,0.48651466,0.013384227,0.20948087,0.36393595,779.67035,788.5348,952.1245,772.8205,716.0073,-0.248046875,0.09039306640625,0.95806884765625,1.457977294921875,-1.4056396484375,-0.8074951171875,1.0,1.0,2.0,2.0,1.0,100.0,event
15:31:40.209,0.62188303,1.0311383,1.1112019,0.55593747,0.6970054,0.85851246,0.73612374,0.6736908,0.44011316,0.7763578,0.5144394,0.4649939,0.5660936,0.2606524,0.50542265,0.6278145,0.48651466,0.013384227,0.20948087,0.36393595,792.5641,794.9817,985.16486,780.87915,675.31134,-0.2625732421875,0.086181640625,0.9375,1.495361328125,-4.97955322265625,-1.89910888671875,1.0,1.0,2.0,2.0,1.0,100.0,event
15:31:40.210,0.62188303,1.0311383,1.1112019,0.55593747,0.6970054,0.85851246,0.73612374,0.6736908,0.44011316,0.7763578,0.5144394,0.4649939,0.5660936,0.2606524,0.50542265,0.6278145,0.48651466,0.013384227,0.20948087,0.36393595,796.1905,797.8022,994.83514,776.8498,712.7839,-0.2625732421875,0.086181640625,0.9375,1.495361328125,-4.97955322265625,-1.89910888671875,1.0,1.0,2.0,2.0,1.0,100.0,event
15:31:40.211,0.62188303,1.0311383,1.1112019,0.55593747,0.6970054,0.85851246,0.73612374,0.6736908,0.44011316,0.7763578,0.5144394,0.4649939,0.5660936,0.2606524,0.50542265,0.6278145,0.48651466,0.013384227,0.20948087,0.36393595,786.52014,798.60803,994.83514,774.83514,785.7143,-0.2625732421875,0.086181640625,0.9375,1.495361328125,-4.97955322265625,-1.89910888671875,1.0,1.0,2.0,2.0,1.0,100.0,event
15:31:40.212,0.62188303,1.0311383,1.1112019,0.55593747,0.6970054,0.85851246,0.73612374,0.6736908,0.44011316,0.7763578,0.5144394,0.4649939,0.5660936,0.2606524,0.50542265,0.6278145,0.48651466,0.013384227,0.20948087,0.36393595,796.99634,795.38464,995.2381,782.8938,773.22345,-0.2625732421875,0.086181640625,0.9375,1.495361328125,-4.97955322265625,-1.89910888671875,1.0,1.0,2.0,2.0,1.0,100.0,event
15:31:40.213,0.62188303,1.0311383,1.1112019,0.55593747,0.6970054,0.85851246,0.73612374,0.6736908,0.44011316,0.7763578,0.5144394,0.4649939,0.5660936,0.2606524,0.50542265,0.6278145,0.48651466,0.013384227,0.20948087,0.36393595,794.17584,793.7729,989.59705,780.4762,670.4762,-0.2625732421875,0.086181640625,0.9375,1.495361328125,-4.97955322265625,-1.89910888671875,1.0,1.0,2.0,2.0,1.0,100.0,event
15:31:40.213,0.62188303,1.0311383,1.1112019,0.55593747,0.6970054,0.85851246,0.73612374,0.6736908,0.44011316,0.7763578,0.5144394,0.4649939,0.5660936,0.2606524,0.50542265,0.6278145,0.48651466,0.013384227,0.20948087,0.36393595,786.52014,796.1905,990.80585,781.28204,757.1062,-0.2625732421875,0.086181640625,0.9375,1.495361328125,-4.97955322265625,-1.89910888671875,1.0,1.0,2.0,2.0,1.0,100.0,event
15:31:40.214,0.62188303,1.0311383,1.1112019,0.55593747,0.6970054,0.85851246,0.73612374,0.6736908,0.44011316,0.7763578,0.5144394,0.4649939,0.5660936,0.2606524,0.50542265,0.6278145,0.48651466,0.013384227,0.20948087,0.36393595,801.8315,790.14655,987.98535,792.5641,1031.5018,-0.2625732421875,0.086181640625,0.9375,1.495361328125,-4.97955322265625,-1.89910888671875,1.0,1.0,2.0,2.0,1.0,100.0,event
15:31:40.215,0.62188303,1.0311383,1.1112019,0.55593747,0.6970054,0.85851246,0.73612374,0.6736908,0.44011316,0.7763578,0.5144394,0.4649939,0.5660936,0.2606524,0.50542265,0.6278145,0.48651466,0.013384227,0.20948087,0.36393595,800.6227,791.75824,1012.1612,784.10254,1025.0549,-0.2625732421875,0.086181640625,0.9375,1.495361328125,-4.97955322265625,-1.89910888671875,1.0,1.0,2.0,2.0,1.0,100.0,event
15:31:40.216,0.62188303,1.0311383,1.1112019,0.55593747,0.6970054,0.85851246,0.73612374,0.6736908,0.44011316,0.7763578,0.5144394,0.4649939,0.5660936,0.2606524,0.50542265,0.6278145,0.48651466,0.013384227,0.20948087,0.36393595,781.28204,800.6227,1040.3663,765.9707,725.2747,-0.2625732421875,0.086181640625,0.9375,1.495361328125,-4.97955322265625,-1.89910888671875,1.0,1.0,2.0,2.0,1.0,100.0,event
15:31:40.216,0.62188303,1.0311383,1.1112019,0.55593747,0.6970054,0.85851246,0.73612374,0.6736908,0.44011316,0.7763578,0.5144394,0.4649939,0.5660936,0.2606524,0.50542265,0.6278145,0.48651466,0.013384227,0.20948087,0.36393595,780.87915,796.99634,1019.011,765.9707,686.5934,-0.2625732421875,0.086181640625,0.9375,1.495361328125,-4.97955322265625,-1.89910888671875,1.0,1.0,2.0,2.0,1.0,100.0,event
15:31:40.217,0.62188303,1.0311383,1.1112019,0.55593747,0.6970054,0.85851246,0.73612374,0.6736908,0.44011316,0.7763578,0.5144394,0.4649939,0.5660936,0.2606524,0.50542265,0.6278145,0.48651466,0.013384227,0.20948087,0.36393595,794.57874,798.20514,1004.90845,784.10254,774.83514,-0.2625732421875,0.086181640625,0.9375,1.495361328125,-4.97955322265625,-1.89910888671875,1.0,1.0,2.0,2.0,1.0,100.0,event
15:31:40.218,0.62188303,1.0311383,1.1112019,0.55593747,0.6970054,0.85851246,0.73612374,0.6736908,0.44011316,0.7763578,0.5144394,0.4649939,0.5660936,0.2606524,0.50542265,0.6278145,0.48651466,0.013384227,0.20948087,0.36393595,799.41394,799.81683,996.4469,789.7436,751.4652,-0.2625732421875,0.086181640625,0.9375,1.495361328125,-4.97955322265625,-1.89910888671875,1.0,1.0,2.0,2.0,1.0,100.0,event
15:31:40.241,0.62188303,1.0311383,1.1112019,0.55593747,0.6970054,0.85851246,0.73612374,0.6736908,0.44011316,0.7763578,0.5144394,0.4649939,0.5660936,0.2606524,0.50542265,0.6278145,0.48651466,0.013384227,0.20948087,0.36393595,790.9524,800.2198,987.5824,771.2088,691.02563,-0.2410888671875,0.07928466796875,0.94744873046875,2.51220703125,-7.76092529296875,-0.426177978515625,1.0,1.0,2.0,2.0,1.0,100.0,event
15:31:40.242,0.62188303,1.0311383,1.1112019,0.55593747,0.6970054,0.85851246,0.73612374,0.6736908,0.44011316,0.7763578,0.5144394,0.4649939,0.5660936,0.2606524,0.50542265,0.6278145,0.48651466,0.013384227,0.20948087,0.36393595,797.8022,801.02563,983.95605,795.78754,706.7399,-0.2410888671875,0.07928466796875,0.94744873046875,2.51220703125,-7.76092529296875,-0.426177978515625,1.0,1.0,2.0,2.0,1.0,100.0,event
15:31:40.243,0.62188303,1.0311383,1.1112019,0.55593747,0.6970054,0.85851246,0.73612374,0.6736908,0.44011316,0.7763578,0.5144394,0.4649939,0.5660936,0.2606524,0.50542265,0.6278145,0.48651466,0.013384227,0.20948087,0.36393595,807.8755,797.3993,972.674,804.2491,749.85345,-0.2410888671875,0.07928466796875,0.94744873046875,2.51220703125,-7.76092529296875,-0.426177978515625,1.0,1.0,2.0,2.0,1.0,100.0,event
15:31:40.244,0.62188303,1.0311383,1.1112019,0.55593747,0.6970054,0.85851246,0.73612374,0.6736908,0.44011316,0.7763578,0.5144394,0.4649939,0.5660936,0.2606524,0.50542265,0.6278145,0.48651466,0.013384227,0.20948087,0.36393595,808.2784,803.0403,965.82416,779.2674,718.022,-0.2410888671875,0.07928466796875,0.94744873046875,2.51220703125,-7.76092529296875,-0.426177978515625,1.0,1.0,2.0,2.0,1.0,100.0,event
15:31:40.249,0.62188303,1.0311383,1.1112019,0.55593747,0.6970054,0.85851246,0.73612374,0.6736908,0.44011316,0.7763578,0.5144394,0.4649939,0.5660936,0.2606524,0.50542265,0.6278145,0.48651466,0.013384227,0.20948087,0.36393595,799.011,805.05493,954.5421,779.2674,708.7546,-0.2410888671875,0.07928466796875,0.94744873046875,2.51220703125,-7.76092529296875,-0.426177978515625,1.0,1.0,2.0,2.0,1.0,100.0,event
15:31:40.250,0.62188303,1.0311383,1.1112019,0.55593747,0.6970054,0.85851246,0.73612374,0.6736908,0.44011316,0.7763578,0.5144394,0.4649939,0.5660936,0.2606524,0.50542265,0.6278145,0.48651466,0.013384227,0.20948087,0.36393595,787.326,797.8022,925.5311,770.0,778.46155,-0.2410888671875,0.07928466796875,0.94744873046875,2.51220703125,-7.76092529296875,-0.426177978515625,1.0,1.0,2.0,2.0,1.0,100.0,event
15:31:40.251,0.62188303,1.0311383,1.1112019,0.55593747,0.6970054,0.85851246,0.73612374,0.6736908,0.44011316,0.7763578,0.5144394,0.4649939,0.5660936,0.2606524,0.50542265,0.6278145,0.48651466,0.013384227,0.20948087,0.36393595,789.7436,797.3993,916.26373,776.04395,982.74725,-0.2410888671875,0.07928466796875,0.94744873046875,2.51220703125,-7.76092529296875,-0.426177978515625,1.0,1.0,2.0,2.0,1.0,100.0,event
15:31:40.252,0.62188303,1.0311383,1.1112019,0.55593747,0.6970054,0.85851246,0.73612374,0.6736908,0.44011316,0.7763578,0.5144394,0.4649939,0.5660936,0.2606524,0.50542265,0.6278145,0.48651466,0.013384227,0.20948087,0.36393595,799.81683,803.0403,940.0366,794.17584,940.84247,-0.2410888671875,0.07928466796875,0.94744873046875,2.51220703125,-7.76092529296875,-0.426177978515625,1.0,1.0,2.0,2.0,1.0,100.0,event
15:31:40.253,0.62188303,1.0311383,1.1112019,0.55593747,0.6970054,0.85851246,0.73612374,0.6736908,0.44011316,0.7763578,0.5144394,0.4649939,0.5660936,0.2606524,0.50542265,0.6278145,0.48651466,0.013384227,0.20948087,0.36393595,798.20514,805.4579,936.0073,791.75824,668.0586,-0.2410888671875,0.07928466796875,0.94744873046875,2.51220703125,-7.76092529296875,-0.426177978515625,1.0,1.0,2.0,2.0,1.0,100.0,event
15:31:40.253,0.62188303,1.0311383,1.1112019,0.55593747,0.6970054,0.85851246,0.73612374,0.6736908,0.44011316,0.7763578,0.5144394,0.4649939,0.5660936,0.2606524,0.50542265,0.6278145,0.48651466,0.013384227,0.20948087,0.36393595,801.02563,796.1905,914.2491,791.3553,743.8095,-0.2410888671875,0.07928466796875,0.94744873046875,2.51220703125,-7.76092529296875,-0.426177978515625,1.0,1.0,2.0,2.0,1.0,100.0,event
15:31:40.254,0.62188303,1.0311383,1.1112019,0.55593747,0.6970054,0.85851246,0.73612374,0.6736908,0.44011316,0.7763578,0.5144394,0.4649939,0.5660936,0.2606524,0.50542265,0.6278145,0.48651466,0.013384227,0.20948087,0.36393595,793.36993,785.7143,911.8315,786.1172,853.4066,-0.2410888671875,0.07928466796875,0.94744873046875,2.51220703125,-7.76092529296875,-0.426177978515625,1.0,1.0,2.0,2.0,1.0,100.0,event
15:31:40.255,0.62188303,1.0311383,1.1112019,0.55593747,0.6970054,0.85851246,0.73612374,0.6736908,0.44011316,0.7763578,0.5144394,0.4649939,0.5660936,0.2606524,0.50542265,0.6278145,0.48651466,0.013384227,0.20948087,0.36393595,776.8498,783.69965,934.3956,772.8205,715.6044,-0.2410888671875,0.07928466796875,0.94744873046875,2.51220703125,-7.76092529296875,-0.426177978515625,1.0,1.0,2.0,2.0,1.0,100.0,event
15:31:40.279,0.62188303,1.0311383,1.1112019,0.55593747,0.6970054,0.85851246,0.73612374,0.6736908,0.44011316,0.7763578,0.5144394,0.4649939,0.5660936,0.2606524,0.50542265,0.6278145,0.48651466,0.013384227,0.20948087,0.36393595,792.5641,780.4762,962.6007,776.04395,686.1905,-0.229248046875,0.09124755859375,0.96563720703125,2.549591064453125,-8.1048583984375,0.725250244140625,1.0,1.0,2.0,2.0,1.0,100.0,event
15:31:40.280,0.62188303,1.0311383,1.1112019,0.55593747,0.6970054,0.85851246,0.73612374,0.6736908,0.44011316,0.7763578,0.5144394,0.4649939,0.5660936,0.2606524,0.50542265,0.6278145,0.48651466,0.013384227,0.20948087,0.36393595,799.011,776.8498,983.1502,782.0879,894.10254,-0.229248046875,0.09124755859375,0.96563720703125,2.549591064453125,-8.1048583984375,0.725250244140625,1.0,1.0,2.0,2.0,1.0,100.0,event
15:31:40.281,0.62188303,1.0311383,1.1112019,0.55593747,0.6970054,0.85851246,0.73612374,0.6736908,0.44011316,0.7763578,0.5144394,0.4649939,0.5660936,0.2606524,0.50542265,0.6278145,0.48651466,0.013384227,0.20948087,0.36393595,783.69965,776.04395,965.82416,782.49084,939.6337,-0.229248046875,0.09124755859375,0.96563720703125,2.549591064453125,-8.1048583984375,0.725250244140625,1.0,1.0,2.0,2.0,1.0,100.0,event
15:31:40.282,0.62188303,1.0311383,1.1112019,0.55593747,0.6970054,0.85851246,0.73612374,0.6736908,0.44011316,0.7763578,0.5144394,0.4649939,0.5660936,0.2606524,0.50542265,0.6278145,0.48651466,0.013384227,0.20948087,0.36393595,774.83514,776.4469,921.9048,784.10254,777.25275,-0.229248046875,0.09124755859375,0.96563720703125,2.549591064453125,-8.1048583984375,0.725250244140625,1.0,1.0,2.0,2.0,1.0,100.0,event
15:31:40.283,0.62188303,1.0311383,1.1112019,0.55593747,0.6970054,0.85851246,0.73612374,0.6736908,0.44011316,0.7763578,0.5144394,0.4649939,0.5660936,0.2606524,0.50542265,0.6278145,0.48651466,0.013384227,0.20948087,0.36393595,784.90845,778.46155,880.40295,783.2967,713.5897,-0.229248046875,0.09124755859375,0.96563720703125,2.549591064453125,-8.1048583984375,0.725250244140625,1.0,1.0,2.0,2.0,1.0,100.0,event
15:31:40.283,0.62188303,1.0311383,1.1112019,0.55593747,0.6970054,0.85851246,0.73612374,0.6736908,0.44011316,0.7763578,0.5144394,0.4649939,0.5660936,0.2606524,0.50542265,0.6278145,0.48651466,0.013384227,0.20948087,0.36393595,792.96704,775.64105,830.84247,776.04395,835.6777,-0.229248046875,0.09124755859375,0.96563720703125,2.549591064453125,-8.1048583984375,0.725250244140625,1.0,1.0,2.0,2.0,1.0,100.0,event
15:31:40.284,0.62188303,1.0311383,1.1112019,0.55593747,0.6970054,0.85851246,0.73612374,0.6736908,0.44011316,0.7763578,0.5144394,0.4649939,0.5660936,0.2606524,0.50542265,0.6278145,0.48651466,0.013384227,0.20948087,0.36393595,783.69965,773.6264,814.7253,766.3736,884.43225,-0.229248046875,0.09124755859375,0.96563720703125,2.549591064453125,-8.1048583984375,0.725250244140625,1.0,1.0,2.0,2.0,1.0,100.0,event
15:31:40.284,0.62188303,1.0311383,1.1112019,0.55593747,0.6970054,0.85851246,0.73612374,0.6736908,0.44011316,0.7763578,0.5144394,0.4649939,0.5660936,0.2606524,0.50542265,0.6278145,0.48651466,0.013384227,0.20948087,0.36393595,770.40295,775.2381,828.022,773.6264,795.78754,-0.229248046875,0.09124755859375,0.96563720703125,2.549591064453125,-8.1048583984375,0.725250244140625,1.0,1.0,2.0,2.0,1.0,100.0,event
15:31:40.285,0.62188303,1.0311383,1.1112019,0.55593747,0.6970054,0.85851246,0.73612374,0.6736908,0.44011316,0.7763578,0.5144394,0.4649939,0.5660936,0.2606524,0.50542265,0.6278145,0.48651466,0.013384227,0.20948087,0.36393595,776.04395,778.86444,827.619,762.74725,732.9304,-0.229248046875,0.09124755859375,0.96563720703125,2.549591064453125,-8.1048583984375,0.725250244140625,1.0,1.0,2.0,2.0,1.0,100.0,event
15:31:40.286,0.62188303,1.0311383,1.1112019,0.55593747,0.6970054,0.85851246,0.73612374,0.6736908,0.44011316,0.7763578,0.5144394,0.4649939,0.5660936,0.2606524,0.50542265,0.6278145,0.48651466,0.013384227,0.20948087,0.36393595,794.17584,770.40295,841.31866,759.5238,824.3956,-0.229248046875,0.09124755859375,0.96563720703125,2.549591064453125,-8.1048583984375,0.725250244140625,1.0,1.0,2.0,2.0,1.0,100.0,event
15:31:40.287,0.62188303,1.0311383,1.1112019,0.55593747,0.6970054,0.85851246,0.73612374,0.6736908,0.44011316,0.7763578,0.5144394,0.4649939,0.5660936,0.2606524,0.50542265,0.6278145,0.48651466,0.013384227,0.20948087,0.36393595,800.2198,775.64105,880.80585,772.8205,710.3663,-0.229248046875,0.09124755859375,0.96563720703125,2.549591064453125,-8.1048583984375,0.725250244140625,1.0,1.0,2.0,2.0,1.0,100.0,event
15:31:40.287,0.62188303,1.0311383,1.1112019,0.55593747,0.6970054,0.85851246,0.73612374,0.6736908,0.44011316,0.7763578,0.5144394,0.4649939,0.5660936,0.2606524,0.50542265,0.6278145,0.48651466,0.013384227,0.20948087,0.36393595,789.7436,772.8205,875.16486,763.1502,869.92676,-0.229248046875,0.09124755859375,0.96563720703125,2.549591064453125,-8.1048583984375,0.725250244140625,1.0,1.0,2.0,2.0,1.0,100.0,event
15:31:40.346,0.62188303,1.0311383,1.1112019,0.55593747,0.6970054,0.85851246,0.73612374,0.6736908,0.44011316,0.7763578,0.5144394,0.4649939,0.5660936,0.2606524,0.50542265,0.6278145,0.48651466,0.013384227,0.20948087,0.36393595,805.4579,771.2088,891.685,782.0879,710.3663,-0.229248046875,0.09124755859375,0.96563720703125,2.549591064453125,-8.1048583984375,0.725250244140625,1.0,1.0,2.0,2.0,1.0,100.0,event
15:31:40.347,0.62188303,1.0311383,1.1112019,0.55593747,0.6970054,0.85851246,0.73612374,0.6736908,0.44011316,0.7763578,0.5144394,0.4649939,0.5660936,0.2606524,0.50542265,0.6278145,0.48651466,0.013384227,0.20948087,0.36393595,798.60803,785.7143,914.2491,769.19415,716.0073,-0.229248046875,0.09124755859375,0.96563720703125,2.549591064453125,-8.1048583984375,0.725250244140625,1.0,1.0,2.0,2.0,1.0,100.0,event
15:31:40.348,0.62188303,1.0311383,1.1112019,0.55593747,0.6970054,0.85851246,0.73612374,0.6736908,0.44011316,0.7763578,0.5144394,0.4649939,0.5660936,0.2606524,0.50542265,0.6278145,0.48651466,0.013384227,0.20948087,0.36393595,799.81683,799.41394,917.47253,763.5531,686.1905,-0.229248046875,0.09124755859375,0.96563720703125,2.549591064453125,-8.1048583984375,0.725250244140625,1.0,1.0,2.0,2.0,1.0,100.0,event
15:31:40.349,0.62188303,1.0311383,1.1112019,0.55593747,0.6970054,0.85851246,0.73612374,0.6736908,0.44011316,0.7763578,0.5144394,0.4649939,0.5660936,0.2606524,0.50542265,0.6278145,0.48651466,0.013384227,0.20948087,0.36393595,788.93774,791.75824,917.0696,779.2674,675.7143,-0.229248046875,0.09124755859375,0.96563720703125,2.549591064453125,-8.1048583984375,0.725250244140625,1.0,1.0,2.0,2.0,1.0,100.0,event
15:31:40.350,0.62188303,1.0311383,1.1112019,0.55593747,0.6970054,0.85851246,0.73612374,0.6736908,0.44011316,0.7763578,0.5144394,0.4649939,0.5660936,0.2606524,0.50542265,0.6278145,0.48651466,0.013384227,0.20948087,0.36393595,789.34064,776.4469,909.41394,790.9524,799.41394,-0.229248046875,0.09124755859375,0.96563720703125,2.549591064453125,-8.1048583984375,0.725250244140625,1.0,1.0,2.0,2.0,1.0,100.0,event
15:31:40.351,0.62188303,1.0311383,1.1112019,0.55593747,0.6970054,0.85851246,0.73612374,0.6736908,0.44011316,0.7763578,0.5144394,0.4649939,0.5660936,0.2606524,0.50542265,0.6278145,0.48651466,0.013384227,0.20948087,0.36393595,772.4176,769.19415,907.3993,776.8498,991.2088,-0.229248046875,0.09124755859375,0.96563720703125,2.549591064453125,-8.1048583984375,0.725250244140625,1.0,1.0,2.0,2.0,1.0,100.0,event
15:31:40.356,0.62188303,1.0311383,1.1112019,0.55593747,0.6970054,0.85851246,0.73612374,0.6736908,0.44011316,0.7763578,0.5144394,0.4649939,0.5660936,0.2606524,0.50542265,0.6278145,0.48651466,0.013384227,0.20948087,0.36393595,772.01465,774.43225,919.4872,761.13556,982.3443,-0.229248046875,0.09124755859375,0.96563720703125,2.549591064453125,-8.1048583984375,0.725250244140625,1.0,1.0,2.0,2.0,1.0,100.0,event
15:31:40.357,0.62188303,1.0311383,1.1112019,0.55593747,0.6970054,0.85851246,0.73612374,0.6736908,0.44011316,0.7763578,0.5144394,0.4649939,0.5660936,0.2606524,0.50542265,0.6278145,0.48651466,0.013384227,0.20948087,0.36393595,792.5641,781.685,943.663,742.1978,788.1319,-0.229248046875,0.09124755859375,0.96563720703125,2.549591064453125,-8.1048583984375,0.725250244140625,1.0,1.0,2.0,2.0,1.0,100.0,event
15:31:40.358,0.62188303,1.0311383,1.1112019,0.55593747,0.6970054,0.85851246,0.73612374,0.6736908,0.44011316,0.7763578,0.5144394,0.4649939,0.5660936,0.2606524,0.50542265,0.6278145,0.48651466,0.013384227,0.20948087,0.36393595,799.011,782.8938,985.56775,763.95605,750.65936,-0.229248046875,0.09124755859375,0.96563720703125,2.549591064453125,-8.1048583984375,0.725250244140625,1.0,1.0,2.0,2.0,1.0,100.0,event
15:31:40.359,0.62188303,1.0311383,1.1112019,0.55593747,0.6970054,0.85851246,0.73612374,0.6736908,0.44011316,0.7763578,0.5144394,0.4649939,0.5660936,0.2606524,0.50542265,0.6278145,0.48651466,0.013384227,0.20948087,0.36393595,794.9817,783.69965,1025.0549,774.83514,931.978,-0.229248046875,0.09124755859375,0.96563720703125,2.549591064453125,-8.1048583984375,0.725250244140625,1.0,1.0,2.0,2.0,1.0,100.0,event
15:31:40.362,0.62188303,1.0311383,1.1112019,0.55593747,0.6970054,0.85851246,0.73612374,0.6736908,0.44011316,0.7763578,0.5144394,0.4649939,0.5660936,0.2606524,0.50542265,0.6278145,0.48651466,0.013384227,0.20948087,0.36393595,779.67035,787.72894,1044.7986,774.0293,821.5751,-0.229248046875,0.09124755859375,0.96563720703125,2.549591064453125,-8.1048583984375,0.725250244140625,1.0,1.0,2.0,2.0,1.0,100.0,event
15:31:40.364,0.62188303,1.0311383,1.1112019,0.55593747,0.6970054,0.85851246,0.73612374,0.6736908,0.44011316,0.7763578,0.5144394,0.4649939,0.5660936,0.2606524,0.50542265,0.6278145,0.48651466,0.013384227,0.20948087,0.36393595,778.86444,792.5641,1027.0696,792.1612,660.80585,-0.229248046875,0.09124755859375,0.96563720703125,2.549591064453125,-8.1048583984375,0.725250244140625,1.0,1.0,2.0,2.0,1.0,100.0,event
15:31:40.387,0.62188303,1.0311383,1.1112019,0.55593747,0.6970054,0.85851246,0.73612374,0.6736908,0.44011316,0.7763578,0.5144394,0.4649939,0.5660936,0.2606524,0.50542265,0.6278145,0.48651466,0.013384227,0.20948087,0.36393595,782.49084,801.4286,1008.5348,780.4762,761.13556,-0.24609375,0.09515380859375,0.9356689453125,2.370147705078125,-8.44879150390625,1.054229736328125,1.0,1.0,2.0,2.0,1.0,100.0,event
15:31:40.388,0.62188303,1.0311383,1.1112019,0.55593747,0.6970054,0.85851246,0.73612374,0.6736908,0.44011316,0.7763578,0.5144394,0.4649939,0.5660936,0.2606524,0.50542265,0.6278145,0.48651466,0.013384227,0.20948087,0.36393595,790.9524,809.89014,994.43225,761.53845,816.7399,-0.24609375,0.09515380859375,0.9356689453125,2.370147705078125,-8.44879150390625,1.054229736328125,1.0,1.0,2.0,2.0,1.0,100.0,event
15:31:40.389,0.62188303,1.0311383,1.1112019,0.55593747,0.6970054,0.85851246,0.73612374,0.6736908,0.44011316,0.7763578,0.5144394,0.4649939,0.5660936,0.2606524,0.50542265,0.6278145,0.48651466,0.013384227,0.20948087,0.36393595,794.17584,819.15753,985.9707,761.9414,744.21246,-0.24609375,0.09515380859375,0.9356689453125,2.370147705078125,-8.44879150390625,1.054229736328125,1.0,1.0,2.0,2.0,1.0,100.0,event
15:31:40.390,0.62188303,1.0311383,1.1112019,0.55593747,0.6970054,0.85851246,0.73612374,0.6736908,0.44011316,0.7763578,0.5144394,0.4649939,0.5660936,0.2606524,0.50542265,0.6278145,0.48651466,0.013384227,0.20948087,0.36393595,800.2198,830.4396,975.09155,767.98535,782.49084,-0.24609375,0.09515380859375,0.9356689453125,2.370147705078125,-8.44879150390625,1.054229736328125,1.0,1.0,2.0,2.0,1.0,100.0,event
15:31:40.391,0.62188303,1.0311383,1.1112019,0.55593747,0.6970054,0.85851246,0.73612374,0.6736908,0.44011316,0.7763578,0.5144394,0.4649939,0.5660936,0.2606524,0.50542265,0.6278145,0.48651466,0.013384227,0.20948087,0.36393595,811.50183,836.8865,956.1539,775.2381,832.4542,-0.24609375,0.09515380859375,0.9356689453125,2.370147705078125,-8.44879150390625,1.054229736328125,1.0,1.0,2.0,2.0,1.0,100.0,event
15:31:40.392,0.62188303,1.0311383,1.1112019,0.55593747,0.6970054,0.85851246,0.73612374,0.6736908,0.44011316,0.7763578,0.5144394,0.4649939,0.5660936,0.2606524,0.50542265,0.6278145,0.48651466,0.013384227,0.20948087,0.36393595,796.1905,836.4835,958.1685,773.22345,911.02563,-0.24609375,0.09515380859375,0.9356689453125,2.370147705078125,-8.44879150390625,1.054229736328125,1.0,1.0,2.0,2.0,1.0,100.0,event
15:31:40.393,0.62188303,1.0311383,1.1112019,0.55593747,0.6970054,0.85851246,0.73612374,0.6736908,0.44011316,0.7763578,0.5144394,0.4649939,0.5660936,0.2606524,0.50542265,0.6278145,0.48651466,0.013384227,0.20948087,0.36393595,780.87915,837.6923,961.79486,756.30035,905.78754,-0.24609375,0.09515380859375,0.9356689453125,2.370147705078125,-8.44879150390625,1.054229736328125,1.0,1.0,2.0,2.0,1.0,100.0,event
15:31:40.394,0.62188303,1.0311383,1.1112019,0.55593747,0.6970054,0.85851246,0.73612374,0.6736908,0.44011316,0.7763578,0.5144394,0.4649939,0.5660936,0.2606524,0.50542265,0.6278145,0.48651466,0.013384227,0.20948087,0.36393595,784.5055,832.0513,946.4835,762.74725,811.0989,-0.24609375,0.09515380859375,0.9356689453125,2.370147705078125,-8.44879150390625,1.054229736328125,1.0,1.0,2.0,2.0,1.0,100.0,event
15:31:40.395,0.62188303,1.0311383,1.1112019,0.55593747,0.6970054,0.85851246,0.73612374,0.6736908,0.44011316,0.7763578,0.5144394,0.4649939,0.5660936,0.2606524,0.50542265,0.6278145,0.48651466,0.013384227,0.20948087,0.36393595,776.4469,816.7399,941.2454,764.7619,844.94507,-0.24609375,0.09515380859375,0.9356689453125,2.370147705078125,-8.44879150390625,1.054229736328125,1.0,1.0,2.0,2.0,1.0,100.0,event
15:31:40.396,0.62188303,1.0311383,1.1112019,0.55593747,0.6970054,0.85851246,0.73612374,0.6736908,0.44011316,0.7763578,0.5144394,0.4649939,0.5660936,0.2606524,0.50542265,0.6278145,0.48651466,0.013384227,0.20948087,0.36393595,786.9231,813.5165,948.9011,772.01465,807.8755,-0.24609375,0.09515380859375,0.9356689453125,2.370147705078125,-8.44879150390625,1.054229736328125,1.0,1.0,2.0,2.0,1.0,100.0,event
15:31:40.397,0.62188303,1.0311383,1.1112019,0.55593747,0.6970054,0.85851246,0.73612374,0.6736908,0.44011316,0.7763578,0.5144394,0.4649939,0.5660936,0.2606524,0.50542265,0.6278145,0.48651466,0.013384227,0.20948087,0.36393595,796.5934,825.6044,944.4689,772.8205,712.7839,-0.24609375,0.09515380859375,0.9356689453125,2.370147705078125,-8.44879150390625,1.054229736328125,1.0,1.0,2.0,2.0,1.0,100.0,event
15:31:40.398,0.62188303,1.0311383,1.1112019,0.55593747,0.6970054,0.85851246,0.73612374,0.6736908,0.44011316,0.7763578,0.5144394,0.4649939,0.5660936,0.2606524,0.50542265,0.6278145,0.48651466,0.013384227,0.20948087,0.36393595,781.28204,827.619,947.6923,759.12085,660.0,-0.24609375,0.09515380859375,0.9356689453125,2.370147705078125,-8.44879150390625,1.054229736328125,1.0,1.0,2.0,2.0,1.0,100.0,event
15:31:40.426,0.62188303,1.0311383,1.1112019,0.55593747,0.6970054,0.85851246,0.73612374,0.6736908,0.44011316,0.7763578,0.5144394,0.4649939,0.5660936,0.2606524,0.50542265,0.6278145,0.48651466,0.013384227,0.20948087,0.36393595,780.07324,823.1868,953.73627,772.8205,850.989,-0.22802734375,0.08917236328125,0.9630126953125,2.773895263671875,-9.869384765625,1.45050048828125,1.0,1.0,2.0,2.0,1.0,100.0,event
15:31:40.427,0.62188303,1.0311383,1.1112019,0.55593747,0.6970054,0.85851246,0.73612374,0.6736908,0.44011316,0.7763578,0.5144394,0.4649939,0.5660936,0.2606524,0.50542265,0.6278145,0.48651466,0.013384227,0.20948087,0.36393595,773.6264,844.1392,979.92676,771.6117,1021.8315,-0.22802734375,0.08917236328125,0.9630126953125,2.773895263671875,-9.869384765625,1.45050048828125,1.0,1.0,2.0,2.0,1.0,100.0,event
15:31:40.428,0.62188303,1.0311383,1.1112019,0.55593747,0.6970054,0.85851246,0.73612374,0.6736908,0.44011316,0.7763578,0.5144394,0.4649939,0.5660936,0.2606524,0.50542265,0.6278145,0.48651466,0.013384227,0.20948087,0.36393595,779.67035,855.82416,1015.38464,778.46155,785.7143,-0.22802734375,0.08917236328125,0.9630126953125,2.773895263671875,-9.869384765625,1.45050048828125,1.0,1.0,2.0,2.0,1.0,100.0,event
15:31:40.429,0.62188303,1.0311383,1.1112019,0.55593747,0.6970054,0.85851246,0.73612374,0.6736908,0.44011316,0.7763578,0.5144394,0.4649939,0.5660936,0.2606524,0.50542265,0.6278145,0.48651466,0.013384227,0.20948087,0.36393595,793.36993,847.3626,1003.69965,782.0879,736.1539,-0.22802734375,0.08917236328125,0.9630126953125,2.773895263671875,-9.869384765625,1.45050048828125,1.0,1.0,2.0,2.0,1.0,100.0,event
15:31:40.430,0.62188303,1.0311383,1.1112019,0.55593747,0.6970054,0.85851246,0.73612374,0.6736908,0.44011316,0.7763578,0.5144394,0.4649939,0.5660936,0.2606524,0.50542265,0.6278145,0.48651466,0.013384227,0.20948087,0.36393595,805.05493,838.9011,942.0513,803.0403,832.8571,-0.22802734375,0.08917236328125,0.9630126953125,2.773895263671875,-9.869384765625,1.45050048828125,1.0,1.0,2.0,2.0,1.0,100.0,event
15:31:40.430,0.62188303,1.0311383,1.1112019,0.55593747,0.6970054,0.85851246,0.73612374,0.6736908,0.44011316,0.7763578,0.5144394,0.4649939,0.5660936,0.2606524,0.50542265,0.6278145,0.48651466,0.013384227,0.20948087,0.36393595,799.011,844.1392,977.9121,791.3553,811.0989,-0.22802734375,0.08917236328125,0.9630126953125,2.773895263671875,-9.869384765625,1.45050048828125,1.0,1.0,2.0,2.0,1.0,100.0,event
15:31:40.431,0.62188303,1.0311383,1.1112019,0.55593747,0.6970054,0.85851246,0.73612374,0.6736908,0.44011316,0.7763578,0.5144394,0.4649939,0.5660936,0.2606524,0.50542265,0.6278145,0.48651466,0.013384227,0.20948087,0.36393595,812.3077,845.34796,891.685,790.14655,865.4945,-0.22802734375,0.08917236328125,0.9630126953125,2.773895263671875,-9.869384765625,1.45050048828125,1.0,1.0,2.0,2.0,1.0,100.0,event
15:31:40.432,0.62188303,1.0311383,1.1112019,0.55593747,0.6970054,0.85851246,0.73612374,0.6736908,0.44011316,0.7763578,0.5144394,0.4649939,0.5660936,0.2606524,0.50542265,0.6278145,0.48651466,0.013384227,0.20948087,0.36393595,803.0403,844.1392,921.50183,782.0879,888.46155,-0.22802734375,0.08917236328125,0.9630126953125,2.773895263671875,-9.869384765625,1.45050048828125,1.0,1.0,2.0,2.0,1.0,100.0,event
15:31:40.436,0.62188303,1.0311383,1.1112019,0.55593747,0.6970054,0.85851246,0.73612374,0.6736908,0.44011316,0.7763578,0.5144394,0.4649939,0.5660936,0.2606524,0.50542265,0.6278145,0.48651466,0.013384227,0.20948087,0.36393595,792.5641,836.08057,959.3773,783.2967,1008.93774,-0.22802734375,0.08917236328125,0.9630126953125,2.773895263671875,-9.869384765625,1.45050048828125,1.0,1.0,2.0,2.0,1.0,100.0,event
15:31:40.436,0.62188303,1.0311383,1.1112019,0.55593747,0.6970054,0.85851246,0.73612374,0.6736908,0.44011316,0.7763578,0.5144394,0.4649939,0.5660936,0.2606524,0.50542265,0.6278145,0.48651466,0.013384227,0.20948087,0.36393595,794.17584,841.31866,978.71796,791.3553,860.65936,-0.22802734375,0.08917236328125,0.9630126953125,2.773895263671875,-9.869384765625,1.45050048828125,1.0,1.0,2.0,2.0,1.0,100.0,event
15:31:40.437,0.62188303,1.0311383,1.1112019,0.55593747,0.6970054,0.85851246,0.73612374,0.6736908,0.44011316,0.7763578,0.5144394,0.4649939,0.5660936,0.2606524,0.50542265,0.6278145,0.48651466,0.013384227,0.20948087,0.36393595,776.04395,843.73627,992.4176,780.4762,668.0586,-0.22802734375,0.08917236328125,0.9630126953125,2.773895263671875,-9.869384765625,1.45050048828125,1.0,1.0,2.0,2.0,1.0,100.0,event
15:31:40.439,0.62188303,1.0311383,1.1112019,0.55593747,0.6970054,0.85851246,0.73612374,0.6736908,0.44011316,0.7763578,0.5144394,0.4649939,0.5660936,0.2606524,0.50542265,0.6278145,0.48651466,0.013384227,0.20948087,0.36393595,785.7143,834.87177,990.0,792.1612,807.8755,-0.22802734375,0.08917236328125,0.9630126953125,2.773895263671875,-9.869384765625,1.45050048828125,1.0,1.0,2.0,2.0,1.0,100.0,event
15:31:40.488,0.62188303,1.0311383,1.1112019,0.55593747,0.6970054,0.85851246,0.73612374,0.6736908,0.44011316,0.7763578,0.5144394,0.4649939,0.5660936,0.2606524,0.50542265,0.6278145,0.48651466,0.013384227,0.20948087,0.36393595,812.71063,837.6923,1002.49084,797.8022,848.1685,-0.21124267578125,0.0965576171875,0.97955322265625,2.026214599609375,-4.792633056640625,0.70281982421875,1.0,1.0,2.0,2.0,1.0,100.0,event
15:31:40.489,0.62188303,1.0311383,1.1112019,0.55593747,0.6970054,0.85851246,0.73612374,0.6736908,0.44011316,0.7763578,0.5144394,0.4649939,0.5660936,0.2606524,0.50542265,0.6278145,0.48651466,0.013384227,0.20948087,0.36393595,805.4579,840.10986,1023.0403,776.04395,676.52014,-0.21124267578125,0.0965576171875,0.97955322265625,2.026214599609375,-4.792633056640625,0.70281982421875,1.0,1.0,2.0,2.0,1.0,100.0,event
15:31:40.490,0.62188303,1.0311383,1.1112019,0.55593747,0.6970054,0.85851246,0.73612374,0.6736908,0.44011316,0.7763578,0.5144394,0.4649939,0.5660936,0.2606524,0.50542265,0.6278145,0.48651466,0.013384227,0.20948087,0.36393595,794.17584,831.2454,1013.7729,776.4469,593.5165,-0.21124267578125,0.0965576171875,0.97955322265625,2.026214599609375,-4.792633056640625,0.70281982421875,1.0,1.0,2.0,2.0,1.0,100.0,event
15:31:40.491,0.62188303,1.0311383,1.1112019,0.55593747,0.6970054,0.85851246,0.73612374,0.6736908,0.44011316,0.7763578,0.5144394,0.4649939,0.5660936,0.2606524,0.50542265,0.6278145,0.48651466,0.013384227,0.20948087,0.36393595,806.26373,847.76556,998.86444,778.86444,699.0842,-0.21124267578125,0.0965576171875,0.97955322265625,2.026214599609375,-4.792633056640625,0.70281982421875,1.0,1.0,2.0,2.0,1.0,100.0,event
15:31:40.491,0.62188303,1.0311383,1.1112019,0.55593747,0.6970054,0.85851246,0.73612374,0.6736908,0.44011316,0.7763578,0.5144394,0.4649939,0.5660936,0.2606524,0.50542265,0.6278145,0.48651466,0.013384227,0.20948087,0.36393595,799.41394,832.0513,1000.4762,791.3553,664.0293,-0.21124267578125,0.0965576171875,0.97955322265625,2.026214599609375,-4.792633056640625,0.70281982421875,1.0,1.0,2.0,2.0,1.0,100.0,event
15:31:40.492,0.62188303,1.0311383,1.1112019,0.55593747,0.6970054,0.85851246,0.73612374,0.6736908,0.44011316,0.7763578,0.5144394,0.4649939,0.5660936,0.2606524,0.50542265,0.6278145,0.48651466,0.013384227,0.20948087,0.36393595,794.57874,845.34796,980.7326,777.25275,781.28204,-0.21124267578125,0.0965576171875,0.97955322265625,2.026214599609375,-4.792633056640625,0.70281982421875,1.0,1.0,2.0,2.0,1.0,100.0,event
15:31:40.493,0.62188303,1.0311383,1.1112019,0.55593747,0.6970054,0.85851246,0.73612374,0.6736908,0.44011316,0.7763578,0.5144394,0.4649939,0.5660936,0.2606524,0.50542265,0.6278145,0.48651466,0.013384227,0.20948087,0.36393595,786.52014,827.2161,956.1539,777.25275,806.6667,-0.21124267578125,0.0965576171875,0.97955322265625,2.026214599609375,-4.792633056640625,0.70281982421875,1.0,1.0,2.0,2.0,1.0,100.0,event
15:31:40.493,0.62188303,1.0311383,1.1112019,0.55593747,0.6970054,0.85851246,0.73612374,0.6736908,0.44011316,0.7763578,0.5144394,0.4649939,0.5660936,0.2606524,0.50542265,0.6278145,0.48651466,0.013384227,0.20948087,0.36393595,791.75824,819.5604,940.0366,761.13556,894.10254,-0.21124267578125,0.0965576171875,0.97955322265625,2.026214599609375,-4.792633056640625,0.70281982421875,1.0,1.0,2.0,2.0,1.0,100.0,event
15:31:40.494,0.62188303,1.0311383,1.1112019,0.55593747,0.6970054,0.85851246,0.73612374,0.6736908,0.44011316,0.7763578,0.5144394,0.4649939,0.5660936,0.2606524,0.50542265,0.6278145,0.48651466,0.013384227,0.20948087,0.36393595,799.41394,828.8278,939.6337,766.3736,985.16486,-0.21124267578125,0.0965576171875,0.97955322265625,2.026214599609375,-4.792633056640625,0.70281982421875,1.0,1.0,2.0,2.0,1.0,100.0,event
15:31:40.495,0.62188303,1.0311383,1.1112019,0.55593747,0.6970054,0.85851246,0.73612374,0.6736908,0.44011316,0.7763578,0.5144394,0.4649939,0.5660936,0.2606524,0.50542265,0.6278145,0.48651466,0.013384227,0.20948087,0.36393595,795.38464,836.08057,966.2271,783.2967,700.696,-0.21124267578125,0.0965576171875,0.97955322265625,2.026214599609375,-4.792633056640625,0.70281982421875,1.0,1.0,2.0,2.0,1.0,100.0,event
15:31:40.495,0.62188303,1.0311383,1.1112019,0.55593747,0.6970054,0.85851246,0.73612374,0.6736908,0.44011316,0.7763578,0.5144394,0.4649939,0.5660936,0.2606524,0.50542265,0.6278145,0.48651466,0.013384227,0.20948087,0.36393595,787.326,825.2015,978.71796,797.3993,646.7033,-0.21124267578125,0.0965576171875,0.97955322265625,2.026214599609375,-4.792633056640625,0.70281982421875,1.0,1.0,2.0,2.0,1.0,100.0,event
15:31:40.496,0.62188303,1.0311383,1.1112019,0.55593747,0.6970054,0.85851246,0.73612374,0.6736908,0.44011316,0.7763578,0.5144394,0.4649939,0.5660936,0.2606524,0.50542265,0.6278145,0.48651466,0.013384227,0.20948087,0.36393595,782.8938,831.6484,977.50916,768.3883,728.49817,-0.21124267578125,0.0965576171875,0.97955322265625,2.026214599609375,-4.792633056640625,0.70281982421875,1.0,1.0,2.0,2.0,1.0,100.0,event
15:31:40.527,0.62188303,1.0311383,1.1112019,0.55593747,0.6970054,0.85851246,0.73612374,0.6736908,0.44011316,0.7763578,0.5144394,0.4649939,0.5660936,0.2606524,0.50542265,0.6278145,0.48651466,0.013384227,0.20948087,0.36393595,777.6557,844.94507,992.4176,726.8865,714.3956,-0.1922607421875,0.0902099609375,0.970458984375,0.515899658203125,1.652374267578125,1.3458251953125,1.0,1.0,2.0,2.0,1.0,100.0,event
15:31:40.528,0.62188303,1.0311383,1.1112019,0.55593747,0.6970054,0.85851246,0.73612374,0.6736908,0.44011316,0.7763578,0.5144394,0.4649939,0.5660936,0.2606524,0.50542265,0.6278145,0.48651466,0.013384227,0.20948087,0.36393595,781.28204,835.6777,996.04395,744.61536,748.24176,-0.1922607421875,0.0902099609375,0.970458984375,0.515899658203125,1.652374267578125,1.3458251953125,1.0,1.0,2.0,2.0,1.0,100.0,event
15:31:40.529,0.62188303,1.0311383,1.1112019,0.55593747,0.6970054,0.85851246,0.73612374,0.6736908,0.44011316,0.7763578,0.5144394,0.4649939,0.5660936,0.2606524,0.50542265,0.6278145,0.48651466,0.013384227,0.20948087,0.36393595,790.54944,832.4542,984.35895,785.31134,803.44324,-0.1922607421875,0.0902099609375,0.970458984375,0.515899658203125,1.652374267578125,1.3458251953125,1.0,1.0,2.0,2.0,1.0,100.0,event
15:31:40.529,0.62188303,1.0311383,1.1112019,0.55593747,0.6970054,0.85851246,0.73612374,0.6736908,0.44011316,0.7763578,0.5144394,0.4649939,0.5660936,0.2606524,0.50542265,0.6278145,0.48651466,0.013384227,0.20948087,0.36393595,786.9231,838.0952,967.8388,764.7619,865.89746,-0.1922607421875,0.0902099609375,0.970458984375,0.515899658203125,1.652374267578125,1.3458251953125,1.0,1.0,2.0,2.0,1.0,100.0,event
15:31:40.530,0.62188303,1.0311383,1.1112019,0.55593747,0.6970054,0.85851246,0.73612374,0.6736908,0.44011316,0.7763578,0.5144394,0.4649939,0.5660936,0.2606524,0.50542265,0.6278145,0.48651466,0.013384227,0.20948087,0.36393595,790.14655,836.8865,940.4396,740.989,860.2564,-0.1922607421875,0.0902099609375,0.970458984375,0.515899658203125,1.652374267578125,1.3458251953125,1.0,1.0,2.0,2.0,1.0,100.0,event
15:31:40.531,0.62188303,1.0311383,1.1112019,0.55593747,0.6970054,0.85851246,0.73612374,0.6736908,0.44011316,0.7763578,0.5144394,0.4649939,0.5660936,0.2606524,0.50542265,0.6278145,0.48651466,0.013384227,0.20948087,0.36393595,792.1612,829.2308,917.47253,781.685,865.89746,-0.1922607421875,0.0902099609375,0.970458984375,0.515899658203125,1.652374267578125,1.3458251953125,1.0,1.0,2.0,2.0,1.0,100.0,event
15:31:40.531,0.62188303,1.0311383,1.1112019,0.55593747,0.6970054,0.85851246,0.73612374,0.6736908,0.44011316,0.7763578,0.5144394,0.4649939,0.5660936,0.2606524,0.50542265,0.6278145,0.48651466,0.013384227,0.20948087,0.36393595,786.52014,829.6337,914.65204,745.42126,891.28204,-0.1922607421875,0.0902099609375,0.970458984375,0.515899658203125,1.652374267578125,1.3458251953125,1.0,1.0,2.0,2.0,1.0,100.0,event
15:31:40.532,0.62188303,1.0311383,1.1112019,0.55593747,0.6970054,0.85851246,0.73612374,0.6736908,0.44011316,0.7763578,0.5144394,0.4649939,0.5660936,0.2606524,0.50542265,0.6278145,0.48651466,0.013384227,0.20948087,0.36393595,780.87915,834.87177,896.9231,717.619,1025.8608,-0.1922607421875,0.0902099609375,0.970458984375,0.515899658203125,1.652374267578125,1.3458251953125,1.0,1.0,2.0,2.0,1.0,100.0,event
15:31:40.533,0.62188303,1.0311383,1.1112019,0.55593747,0.6970054,0.85851246,0.73612374,0.6736908,0.44011316,0.7763578,0.5144394,0.4649939,0.5660936,0.2606524,0.50542265,0.6278145,0.48651466,0.013384227,0.20948087,0.36393595,794.17584,839.304,869.5238,746.2271,966.2271,-0.1922607421875,0.0902099609375,0.970458984375,0.515899658203125,1.652374267578125,1.3458251953125,1.0,1.0,2.0,2.0,1.0,100.0,event
15:31:40.533,0.62188303,1.0311383,1.1112019,0.55593747,0.6970054,0.85851246,0.73612374,0.6736908,0.44011316,0.7763578,0.5144394,0.4649939,0.5660936,0.2606524,0.50542265,0.6278145,0.48651466,0.013384227,0.20948087,0.36393595,784.5055,839.707,823.9927,759.12085,734.1392,-0.1922607421875,0.0902099609375,0.970458984375,0.515899658203125,1.652374267578125,1.3458251953125,1.0,1.0,2.0,2.0,1.0,100.0,event
15:31:40.538,0.62188303,1.0311383,1.1112019,0.55593747,0.6970054,0.85851246,0.73612374,0.6736908,0.44011316,0.7763578,0.5144394,0.4649939,0.5660936,0.2606524,0.50542265,0.6278145,0.48651466,0.013384227,0.20948087,0.36393595,765.9707,829.6337,785.7143,772.4176,758.71796,-0.1922607421875,0.0902099609375,0.970458984375,0.515899658203125,1.652374267578125,1.3458251953125,1.0,1.0,2.0,2.0,1.0,100.0,event
15:31:40.539,0.62188303,1.0311383,1.1112019,0.55593747,0.6970054,0.85851246,0.73612374,0.6736908,0.44011316,0.7763578,0.5144394,0.4649939,0.5660936,0.2606524,0.50542265,0.6278145,0.48651466,0.013384227,0.20948087,0.36393595,771.2088,822.381,767.5824,784.5055,856.2271,-0.1922607421875,0.0902099609375,0.970458984375,0.515899658203125,1.652374267578125,1.3458251953125,1.0,1.0,2.0,2.0,1.0,100.0,event
15:31:40.565,0.62188303,1.0311383,1.1112019,0.55593747,0.6970054,0.85851246,0.73612374,0.6736908,0.44011316,0.7763578,0.5144394,0.4649939,0.5660936,0.2606524,0.50542265,0.6278145,0.48651466,0.013384227,0.20948087,0.36393595,789.7436,832.0513,744.61536,752.674,790.9524,-0.1922607421875,0.0902099609375,0.970458984375,0.515899658203125,1.652374267578125,1.3458251953125,1.0,1.0,2.0,2.0,1.0,100.0,event
15:31:40.566,0.62188303,1.0311383,1.1112019,0.55593747,0.6970054,0.85851246,0.73612374,0.6736908,0.44011316,0.7763578,0.5144394,0.4649939,0.5660936,0.2606524,0.50542265,0.6278145,0.48651466,0.013384227,0.20948087,0.36393595,795.78754,838.0952,726.08057,749.45056,747.8388,-0.1922607421875,0.0902099609375,0.970458984375,0.515899658203125,1.652374267578125,1.3458251953125,1.0,1.0,2.0,2.0,1.0,100.0,event
15:31:40.567,0.62188303,1.0311383,1.1112019,0.55593747,0.6970054,0.85851246,0.73612374,0.6736908,0.44011316,0.7763578,0.5144394,0.4649939,0.5660936,0.2606524,0.50542265,0.6278145,0.48651466,0.013384227,0.20948087,0.36393595,793.7729,832.8571,716.0073,773.22345,874.7619,-0.1922607421875,0.0902099609375,0.970458984375,0.515899658203125,1.652374267578125,1.3458251953125,1.0,1.0,2.0,2.0,1.0,100.0,event
15:31:40.568,0.62188303,1.0311383,1.1112019,0.55593747,0.6970054,0.85851246,0.73612374,0.6736908,0.44011316,0.7763578,0.5144394,0.4649939,0.5660936,0.2606524,0.50542265,0.6278145,0.48651466,0.013384227,0.20948087,0.36393595,803.44324,839.707,701.50183,763.95605,865.09155,-0.1922607421875,0.0902099609375,0.970458984375,0.515899658203125,1.652374267578125,1.3458251953125,1.0,1.0,2.0,2.0,1.0,100.0,event
15:31:40.568,0.62188303,1.0311383,1.1112019,0.55593747,0.6970054,0.85851246,0.73612374,0.6736908,0.44011316,0.7763578,0.5144394,0.4649939,0.5660936,0.2606524,0.50542265,0.6278145,0.48651466,0.013384227,0.20948087,0.36393595,794.17584,842.1245,684.17584,764.35895,804.65204,-0.1922607421875,0.0902099609375,0.970458984375,0.515899658203125,1.652374267578125,1.3458251953125,1.0,1.0,2.0,2.0,1.0,100.0,event
15:31:40.569,0.62188303,1.0311383,1.1112019,0.55593747,0.6970054,0.85851246,0.73612374,0.6736908,0.44011316,0.7763578,0.5144394,0.4649939,0.5660936,0.2606524,0.50542265,0.6278145,0.48651466,0.013384227,0.20948087,0.36393595,785.7143,836.08057,636.2271,760.32965,785.31134,-0.1922607421875,0.0902099609375,0.970458984375,0.515899658203125,1.652374267578125,1.3458251953125,1.0,1.0,2.0,2.0,1.0,100.0,event
15:31:40.570,0.62188303,1.0311383,1.1112019,0.55593747,0.6970054,0.85851246,0.73612374,0.6736908,0.44011316,0.7763578,0.5144394,0.4649939,0.5660936,0.2606524,0.50542265,0.6278145,0.48651466,0.013384227,0.20948087,0.36393595,794.57874,832.0513,646.7033,776.04395,963.00366,-0.1922607421875,0.0902099609375,0.970458984375,0.515899658203125,1.652374267578125,1.3458251953125,1.0,1.0,2.0,2.0,1.0,100.0,event
15:31:40.571,0.62188303,1.0311383,1.1112019,0.55593747,0.6970054,0.85851246,0.73612374,0.6736908,0.44011316,0.7763578,0.5144394,0.4649939,0.5660936,0.2606524,0.50542265,0.6278145,0.48651466,0.013384227,0.20948087,0.36393595,799.011,833.663,776.8498,792.5641,1136.6666,-0.1922607421875,0.0902099609375,0.970458984375,0.515899658203125,1.652374267578125,1.3458251953125,1.0,1.0,2.0,2.0,1.0,100.0,event
15:31:40.571,0.62188303,1.0311383,1.1112019,0.55593747,0.6970054,0.85851246,0.73612374,0.6736908,0.44011316,0.7763578,0.5144394,0.4649939,0.5660936,0.2606524,0.50542265,0.6278145,0.48651466,0.013384227,0.20948087,0.36393595,807.47253,847.76556,819.5604,789.34064,865.4945,-0.1922607421875,0.0902099609375,0.970458984375,0.515899658203125,1.652374267578125,1.3458251953125,1.0,1.0,2.0,2.0,1.0,100.0,event
15:31:40.572,0.62188303,1.0311383,1.1112019,0.55593747,0.6970054,0.85851246,0.73612374,0.6736908,0.44011316,0.7763578,0.5144394,0.4649939,0.5660936,0.2606524,0.50542265,0.6278145,0.48651466,0.013384227,0.20948087,0.36393595,803.44324,842.52747,779.67035,782.49084,717.619,-0.1922607421875,0.0902099609375,0.970458984375,0.515899658203125,1.652374267578125,1.3458251953125,1.0,1.0,2.0,2.0,1.0,100.0,event
15:31:40.573,0.62188303,1.0311383,1.1112019,0.55593747,0.6970054,0.85851246,0.73612374,0.6736908,0.44011316,0.7763578,0.5144394,0.4649939,0.5660936,0.2606524,0.50542265,0.6278145,0.48651466,0.013384227,0.20948087,0.36393595,811.0989,836.4835,747.03296,796.5934,755.89746,-0.1922607421875,0.0902099609375,0.970458984375,0.515899658203125,1.652374267578125,1.3458251953125,1.0,1.0,2.0,2.0,1.0,100.0,event
15:31:40.573,0.62188303,1.0311383,1.1112019,0.55593747,0.6970054,0.85851246,0.73612374,0.6736908,0.44011316,0.7763578,0.5144394,0.4649939,0.5660936,0.2606524,0.50542265,0.6278145,0.48651466,0.013384227,0.20948087,0.36393595,797.3993,833.2601,750.2564,788.5348,774.0293,-0.1922607421875,0.0902099609375,0.970458984375,0.515899658203125,1.652374267578125,1.3458251953125,1.0,1.0,2.0,2.0,1.0,100.0,event
15:31:40.623,0.62188303,1.0311383,1.1112019,0.55593747,0.6970054,0.85851246,0.73612374,0.6736908,0.44011316,0.7763578,0.5144394,0.4649939,0.5660936,0.2606524,0.50542265,0.6278145,0.48651466,0.013384227,0.20948087,0.36393595,810.696,834.4689,679.34064,768.3883,726.8865,-0.23468017578125,0.0748291015625,0.95819091796875,1.158905029296875,5.211334228515625,1.435546875,1.0,1.0,2.0,2.0,1.0,100.0,event
15:31:40.624,0.62188303,1.0311383,1.1112019,0.55593747,0.6970054,0.85851246,0.73612374,0.6736908,0.44011316,0.7763578,0.5144394,0.4649939,0.5660936,0.2606524,0.50542265,0.6278145,0.48651466,0.013384227,0.20948087,0.36393595,796.99634,830.84247,567.326,766.3736,761.9414,-0.23468017578125,0.0748291015625,0.95819091796875,1.158905029296875,5.211334228515625,1.435546875,1.0,1.0,2.0,2.0,1.0,100.0,event
15:31:40.625,0.62188303,1.0311383,1.1112019,0.55593747,0.6970054,0.85851246,0.73612374,0.6736908,0.44011316,0.7763578,0.5144394,0.4649939,0.5660936,0.2606524,0.50542265,0.6278145,0.48651466,0.013384227,0.20948087,0.36393595,811.0989,832.0513,552.4176,782.49084,779.67035,-0.23468017578125,0.0748291015625,0.95819091796875,1.158905029296875,5.211334228515625,1.435546875,1.0,1.0,2.0,2.0,1.0,100.0,event
15:31:40.626,0.62188303,1.0311383,1.1112019,0.55593747,0.6970054,0.85851246,0.73612374,0.6736908,0.44011316,0.7763578,0.5144394,0.4649939,0.5660936,0.2606524,0.50542265,0.6278145,0.48651466,0.013384227,0.20948087,0.36393595,840.9158,829.2308,566.52014,785.31134,713.9927,-0.23468017578125,0.0748291015625,0.95819091796875,1.158905029296875,5.211334228515625,1.435546875,1.0,1.0,2.0,2.0,1.0,100.0,event
15:31:40.626,0.62188303,1.0311383,1.1112019,0.55593747,0.6970054,0.85851246,0.73612374,0.6736908,0.44011316,0.7763578,0.5144394,0.4649939,0.5660936,0.2606524,0.50542265,0.6278145,0.48651466,0.013384227,0.20948087,0.36393595,818.7546,826.4103,528.24176,782.49084,713.1868,-0.23468017578125,0.0748291015625,0.95819091796875,1.158905029296875,5.211334228515625,1.435546875,1.0,1.0,2.0,2.0,1.0,100.0,event
15:31:40.627,0.62188303,1.0311383,1.1112019,0.55593747,0.6970054,0.85851246,0.73612374,0.6736908,0.44011316,0.7763578,0.5144394,0.4649939,0.5660936,0.2606524,0.50542265,0.6278145,0.48651466,0.013384227,0.20948087,0.36393595,792.96704,828.022,487.54578,779.67035,871.53845,-0.23468017578125,0.0748291015625,0.95819091796875,1.158905029296875,5.211334228515625,1.435546875,1.0,1.0,2.0,2.0,1.0,100.0,event
15:31:40.628,0.62188303,1.0311383,1.1112019,0.55593747,0.6970054,0.85851246,0.73612374,0.6736908,0.44011316,0.7763578,0.5144394,0.4649939,0.5660936,0.2606524,0.50542265,0.6278145,0.48651466,0.013384227,0.20948087,0.36393595,797.3993,828.022,494.79852,782.49084,1000.4762,-0.23468017578125,0.0748291015625,0.95819091796875,1.158905029296875,5.211334228515625,1.435546875,1.0,1.0,2.0,2.0,1.0,100.0,event
15:31:40.628,0.62188303,1.0311383,1.1112019,0.55593747,0.6970054,0.85851246,0.73612374,0.6736908,0.44011316,0.7763578,0.5144394,0.4649939,0.5660936,0.2606524,0.50542265,0.6278145,0.48651466,0.013384227,0.20948087,0.36393595,810.293,832.4542,529.45056,779.2674,895.7143,-0.23468017578125,0.0748291015625,0.95819091796875,1.158905029296875,5.211334228515625,1.435546875,1.0,1.0,2.0,2.0,1.0,100.0,event
15:31:40.629,0.62188303,1.0311383,1.1112019,0.55593747,0.6970054,0.85851246,0.73612374,0.6736908,0.44011316,0.7763578,0.5144394,0.4649939,0.5660936,0.2606524,0.50542265,0.6278145,0.48651466,0.013384227,0.20948087,0.36393595,813.5165,834.87177,558.46155,777.25275,750.65936,-0.23468017578125,0.0748291015625,0.95819091796875,1.158905029296875,5.211334228515625,1.435546875,1.0,1.0,2.0,2.0,1.0,100.0,event
15:31:40.630,0.62188303,1.0311383,1.1112019,0.55593747,0.6970054,0.85851246,0.73612374,0.6736908,0.44011316,0.7763578,0.5144394,0.4649939,0.5660936,0.2606524,0.50542265,0.6278145,0.48651466,0.013384227,0.20948087,0.36393595,809.4872,837.6923,578.60803,782.49084,728.49817,-0.23468017578125,0.0748291015625,0.95819091796875,1.158905029296875,5.211334228515625,1.435546875,1.0,1.0,2.0,2.0,1.0,100.0,event
15:31:40.631,0.62188303,1.0311383,1.1112019,0.55593747,0.6970054,0.85851246,0.73612374,0.6736908,0.44011316,0.7763578,0.5144394,0.4649939,0.5660936,0.2606524,0.50542265,0.6278145,0.48651466,0.013384227,0.20948087,0.36393595,815.12823,846.55676,620.10986,780.4762,848.1685,-0.23468017578125,0.0748291015625,0.95819091796875,1.158905029296875,5.211334228515625,1.435546875,1.0,1.0,2.0,2.0,1.0,100.0,event
15:31:40.632,0.6903438,1.0311383,1.1112019,0.5724969,0.7458161,0.85851246,0.73612374,0.71252525,0.40694696,0.7763578,0.5144394,0.46269038,0.5717478,0.2606524,0.50542265,0.65828586,0.47230968,0.013384227,0.20948087,0.39570087,815.5311,854.21246,662.4176,782.0879,798.20514,-0.23468017578125,0.0748291015625,0.95819091796875,1.158905029296875,5.211334228515625,1.435546875,1.0,1.0,1.0,2.0,1.0,100.0,event
15:31:40.660,0.6903438,1.0311383,1.1112019,0.5724969,0.7458161,0.85851246,0.73612374,0.71252525,0.40694696,0.7763578,0.5144394,0.46269038,0.5717478,0.2606524,0.50542265,0.65828586,0.47230968,0.013384227,0.20948087,0.39570087,803.0403,854.61536,671.685,782.49084,701.0989,-0.28033447265625,0.0777587890625,0.92572021484375,3.42437744140625,-2.73651123046875,-0.082244873046875,1.0,1.0,1.0,2.0,1.0,100.0,event
15:31:40.661,0.6903438,1.0311383,1.1112019,0.5724969,0.7458161,0.85851246,0.73612374,0.71252525,0.40694696,0.7763578,0.5144394,0.46269038,0.5717478,0.2606524,0.50542265,0.65828586,0.47230968,0.013384227,0.20948087,0.39570087,823.9927,850.58606,671.28204,775.2381,700.696,-0.28033447265625,0.0777587890625,0.92572021484375,3.42437744140625,-2.73651123046875,-0.082244873046875,1.0,1.0,1.0,2.0,1.0,100.0,event
15:31:40.662,0.6903438,1.0311383,1.1112019,0.5724969,0.7458161,0.85851246,0.73612374,0.71252525,0.40694696,0.7763578,0.5144394,0.46269038,0.5717478,0.2606524,0.50542265,0.65828586,0.47230968,0.013384227,0.20948087,0.39570087,834.4689,844.5421,676.9231,797.3993,696.6667,-0.28033447265625,0.0777587890625,0.92572021484375,3.42437744140625,-2.73651123046875,-0.082244873046875,1.0,1.0,1.0,2.0,1.0,100.0,event
15:31:40.663,0.6903438,1.0311383,1.1112019,0.5724969,0.7458161,0.85851246,0.73612374,0.71252525,0.40694696,0.7763578,0.5144394,0.46269038,0.5717478,0.2606524,0.50542265,0.65828586,0.47230968,0.013384227,0.20948087,0.39570087,799.011,838.0952,681.3553,789.34064,662.4176,-0.28033447265625,0.0777587890625,0.92572021484375,3.42437744140625,-2.73651123046875,-0.082244873046875,1.0,1.0,1.0,2.0,1.0,100.0,event
15:31:40.663,0.6903438,1.0311383,1.1112019,0.5724969,0.7458161,0.85851246,0.73612374,0.71252525,0.40694696,0.7763578,0.5144394,0.46269038,0.5717478,0.2606524,0.50542265,0.65828586,0.47230968,0.013384227,0.20948087,0.39570087,787.72894,831.2454,676.1172,768.3883,712.7839,-0.28033447265625,0.0777587890625,0.92572021484375,3.42437744140625,-2.73651123046875,-0.082244873046875,1.0,1.0,1.0,2.0,1.0,100.0,event
15:31:40.664,0.6903438,1.0311383,1.1112019,0.5724969,0.7458161,0.85851246,0.73612374,0.71252525,0.40694696,0.7763578,0.5144394,0.46269038,0.5717478,0.2606524,0.50542265,0.65828586,0.47230968,0.013384227,0.20948087,0.39570087,820.7692,826.0073,672.8938,793.7729,895.31134,-0.28033447265625,0.0777587890625,0.92572021484375,3.42437744140625,-2.73651123046875,-0.082244873046875,1.0,1.0,1.0,2.0,1.0,100.0,event
15:31:40.665,0.6903438,1.0311383,1.1112019,0.5724969,0.7458161,0.85851246,0.73612374,0.71252525,0.40694696,0.7763578,0.5144394,0.46269038,0.5717478,0.2606524,0.50542265,0.65828586,0.47230968,0.013384227,0.20948087,0.39570087,821.1722,831.6484,686.5934,790.9524,855.82416,-0.28033447265625,0.0777587890625,0.92572021484375,3.42437744140625,-2.73651123046875,-0.082244873046875,1.0,1.0,1.0,2.0,1.0,100.0,event
15:31:40.665,0.6903438,1.0311383,1.1112019,0.5724969,0.7458161,0.85851246,0.73612374,0.71252525,0.40694696,0.7763578,0.5144394,0.46269038,0.5717478,0.2606524,0.50542265,0.65828586,0.47230968,0.013384227,0.20948087,0.39570087,834.0659,823.9927,676.52014,804.65204,910.6227,-0.28033447265625,0.0777587890625,0.92572021484375,3.42437744140625,-2.73651123046875,-0.082244873046875,1.0,1.0,1.0,2.0,1.0,100.0,event
15:31:40.666,0.6903438,1.0311383,1.1112019,0.5724969,0.7458161,0.85851246,0.73612374,0.71252525,0.40694696,0.7763578,0.5144394,0.46269038,0.5717478,0.2606524,0.50542265,0.65828586,0.47230968,0.013384227,0.20948087,0.39570087,811.0989,830.4396,687.8022,778.86444,765.16486,-0.28033447265625,0.0777587890625,0.92572021484375,3.42437744140625,-2.73651123046875,-0.082244873046875,1.0,1.0,1.0,2.0,1.0,100.0,event
15:31:40.667,0.6903438,1.0311383,1.1112019,0.5724969,0.7458161,0.85851246,0.73612374,0.71252525,0.40694696,0.7763578,0.5144394,0.46269038,0.5717478,0.2606524,0.50542265,0.65828586,0.47230968,0.013384227,0.20948087,0.39570087,806.26373,805.8608,665.2381,788.1319,866.7033,-0.28033447265625,0.0777587890625,0.92572021484375,3.42437744140625,-2.73651123046875,-0.082244873046875,1.0,1.0,1.0,2.0,1.0,100.0,event
15:31:40.667,0.6903438,1.0311383,1.1112019,0.5724969,0.7458161,0.85851246,0.73612374,0.71252525,0.40694696,0.7763578,0.5144394,0.46269038,0.5717478,0.2606524,0.50542265,0.65828586,0.47230968,0.013384227,0.20948087,0.39570087,809.89014,804.65204,678.93774,795.78754,1004.90845,-0.28033447265625,0.0777587890625,0.92572021484375,3.42437744140625,-2.73651123046875,-0.082244873046875,1.0,1.0,1.0,2.0,1.0,100.0,event
15:31:40.668,0.6903438,1.0311383,1.1112019,0.5724969,0.7458161,0.85851246,0.73612374,0.71252525,0.40694696,0.7763578,0.5144394,0.46269038,0.5717478,0.2606524,0.50542265,0.65828586,0.47230968,0.013384227,0.20948087,0.39570087,802.23444,815.9341,705.9341,775.64105,849.7802,-0.28033447265625,0.0777587890625,0.92572021484375,3.42437744140625,-2.73651123046875,-0.082244873046875,1.0,1.0,1.0,2.0,1.0,100.0,event
15:31:40.725,0.6903438,1.0311383,1.1112019,0.5724969,0.7458161,0.85851246,0.73612374,0.71252525,0.40694696,0.7763578,0.5144394,0.46269038,0.5717478,0.2606524,0.50542265,0.65828586,0.47230968,0.013384227,0.20948087,0.39570087,791.3553,814.3223,713.1868,769.19415,739.3773,-0.24798583984375,0.0997314453125,0.9605712890625,2.355194091796875,-5.38330078125,-0.067291259765625,1.0,1.0,1.0,2.0,1.0,100.0,event
15:31:40.726,0.6903438,1.0311383,1.1112019,0.5724969,0.7458161,0.85851246,0.73612374,0.71252525,0.40694696,0.7763578,0.5144394,0.46269038,0.5717478,0.2606524,0.50542265,0.65828586,0.47230968,0.013384227,0.20948087,0.39570087,788.1319,811.9048,730.10986,779.67035,772.01465,-0.24798583984375,0.0997314453125,0.9605712890625,2.355194091796875,-5.38330078125,-0.067291259765625,1.0,1.0,1.0,2.0,1.0,100.0,event
15:31:40.728,0.6903438,1.0311383,1.1112019,0.5724969,0.7458161,0.85851246,0.73612374,0.71252525,0.40694696,0.7763578,0.5144394,0.46269038,0.5717478,0.2606524,0.50542265,0.65828586,0.47230968,0.013384227,0.20948087,0.39570087,782.8938,805.05493,755.09155,784.5055,770.80585,-0.24798583984375,0.0997314453125,0.9605712890625,2.355194091796875,-5.38330078125,-0.067291259765625,1.0,1.0,1.0,2.0,1.0,100.0,event
15:31:40.729,0.6903438,1.0311383,1.1112019,0.5724969,0.7458161,0.85851246,0.73612374,0.71252525,0.40694696,0.7763578,0.5144394,0.46269038,0.5717478,0.2606524,0.50542265,0.65828586,0.47230968,0.013384227,0.20948087,0.39570087,776.04395,798.20514,768.3883,768.7912,666.8498,-0.24798583984375,0.0997314453125,0.9605712890625,2.355194091796875,-5.38330078125,-0.067291259765625,1.0,1.0,1.0,2.0,1.0,100.0,event
15:31:40.730,0.6903438,1.0311383,1.1112019,0.5724969,0.7458161,0.85851246,0.73612374,0.71252525,0.40694696,0.7763578,0.5144394,0.46269038,0.5717478,0.2606524,0.50542265,0.65828586,0.47230968,0.013384227,0.20948087,0.39570087,776.8498,792.1612,778.86444,749.0476,707.1429,-0.24798583984375,0.0997314453125,0.9605712890625,2.355194091796875,-5.38330078125,-0.067291259765625,1.0,1.0,1.0,2.0,1.0,100.0,event
15:31:40.731,0.6903438,1.0311383,1.1112019,0.5724969,0.7458161,0.85851246,0.73612374,0.71252525,0.40694696,0.7763578,0.5144394,0.46269038,0.5717478,0.2606524,0.50542265,0.65828586,0.47230968,0.013384227,0.20948087,0.39570087,776.8498,785.7143,788.1319,752.674,848.97437,-0.24798583984375,0.0997314453125,0.9605712890625,2.355194091796875,-5.38330078125,-0.067291259765625,1.0,1.0,1.0,2.0,1.0,100.0,event
15:31:40.731,0.6903438,1.0311383,1.1112019,0.5724969,0.7458161,0.85851246,0.73612374,0.71252525,0.40694696,0.7763578,0.5144394,0.46269038,0.5717478,0.2606524,0.50542265,0.65828586,0.47230968,0.013384227,0.20948087,0.39570087,770.0,786.9231,783.69965,748.6447,850.989,-0.24798583984375,0.0997314453125,0.9605712890625,2.355194091796875,-5.38330078125,-0.067291259765625,1.0,1.0,1.0,2.0,1.0,100.0,event
15:31:40.732,0.6903438,1.0311383,1.1112019,0.5724969,0.7458161,0.85851246,0.73612374,0.71252525,0.40694696,0.7763578,0.5144394,0.46269038,0.5717478,0.2606524,0.50542265,0.65828586,0.47230968,0.013384227,0.20948087,0.39570087,785.31134,786.1172,790.14655,761.53845,731.7216,-0.24798583984375,0.0997314453125,0.9605712890625,2.355194091796875,-5.38330078125,-0.067291259765625,1.0,1.0,1.0,2.0,1.0,100.0,event
15:31:40.733,0.6903438,1.0311383,1.1112019,0.5724969,0.7458161,0.85851246,0.73612374,0.71252525,0.40694696,0.7763578,0.5144394,0.46269038,0.5717478,0.2606524,0.50542265,0.65828586,0.47230968,0.013384227,0.20948087,0.39570087,779.2674,776.04395,770.80585,748.6447,734.94507,-0.24798583984375,0.0997314453125,0.9605712890625,2.355194091796875,-5.38330078125,-0.067291259765625,1.0,1.0,1.0,2.0,1.0,100.0,event
15:31:40.734,0.6903438,1.0311383,1.1112019,0.5724969,0.7458161,0.85851246,0.73612374,0.71252525,0.40694696,0.7763578,0.5144394,0.46269038,0.5717478,0.2606524,0.50542265,0.65828586,0.47230968,0.013384227,0.20948087,0.39570087,782.8938,774.43225,764.7619,729.304,861.06226,-0.24798583984375,0.0997314453125,0.9605712890625,2.355194091796875,-5.38330078125,-0.067291259765625,1.0,1.0,1.0,2.0,1.0,100.0,event
15:31:40.734,0.6903438,1.0311383,1.1112019,0.5724969,0.7458161,0.85851246,0.73612374,0.71252525,0.40694696,0.7763578,0.5144394,0.46269038,0.5717478,0.2606524,0.50542265,0.65828586,0.47230968,0.013384227,0.20948087,0.39570087,773.6264,777.6557,788.1319,738.1685,773.6264,-0.24798583984375,0.0997314453125,0.9605712890625,2.355194091796875,-5.38330078125,-0.067291259765625,1.0,1.0,1.0,2.0,1.0,100.0,event
15:31:40.735,0.6903438,1.0311383,1.1112019,0.5724969,0.7458161,0.85851246,0.73612374,0.71252525,0.40694696,0.7763578,0.5144394,0.46269038,0.5717478,0.2606524,0.50542265,0.65828586,0.47230968,0.013384227,0.20948087,0.39570087,763.1502,771.2088,785.31134,744.21246,679.34064,-0.24798583984375,0.0997314453125,0.9605712890625,2.355194091796875,-5.38330078125,-0.067291259765625,1.0,1.0,1.0,2.0,1.0,100.0,event
15:31:40.758,0.6903438,1.0311383,1.1112019,0.5724969,0.7458161,0.85851246,0.73612374,0.71252525,0.40694696,0.7763578,0.5144394,0.46269038,0.5717478,0.2606524,0.50542265,0.65828586,0.47230968,0.013384227,0.20948087,0.39570087,770.80585,774.0293,776.8498,729.304,738.1685,-0.24798583984375,0.0997314453125,0.9605712890625,2.355194091796875,-5.38330078125,-0.067291259765625,1.0,1.0,1.0,2.0,1.0,100.0,event
15:31:40.759,0.77679336,1.0311383,1.1112019,0.5724969,0.7879191,0.85851246,0.73612374,0.71252525,0.3567839,0.7763578,0.5144394,0.46269038,0.59565514,0.2606524,0.50542265,0.65828586,0.4657311,0.013384227,0.20948087,0.39570087,763.1502,773.22345,793.7729,723.2601,786.9231,-0.24798583984375,0.0997314453125,0.9605712890625,2.355194091796875,-5.38330078125,-0.067291259765625,1.0,1.0,1.0,2.0,1.0,100.0,event
15:31:40.764,0.77679336,1.0311383,1.1112019,0.5724969,0.7879191,0.85851246,0.73612374,0.71252525,0.3567839,0.7763578,0.5144394,0.46269038,0.59565514,0.2606524,0.50542265,0.65828586,0.4657311,0.013384227,0.20948087,0.39570087,747.03296,768.7912,814.3223,726.08057,792.5641,-0.24798583984375,0.0997314453125,0.9605712890625,2.355194091796875,-5.38330078125,-0.067291259765625,1.0,1.0,1.0,2.0,1.0,100.0,event
15:31:40.765,0.77679336,1.0311383,1.1112019,0.5724969,0.7879191,0.85851246,0.73612374,0.71252525,0.3567839,0.7763578,0.5144394,0.46269038,0.59565514,0.2606524,0.50542265,0.65828586,0.4657311,0.013384227,0.20948087,0.39570087,742.6007,765.9707,807.8755,717.619,734.1392,-0.24798583984375,0.0997314453125,0.9605712890625,2.355194091796875,-5.38330078125,-0.067291259765625,1.0,1.0,1.0,2.0,1.0,100.0,event
15:31:40.766,0.77679336,1.0311383,1.1112019,0.5724969,0.7879191,0.85851246,0.73612374,0.71252525,0.3567839,0.7763578,0.5144394,0.46269038,0.59565514,0.2606524,0.50542265,0.65828586,0.4657311,0.013384227,0.20948087,0.39570087,743.4066,763.5531,783.2967,713.5897,855.82416,-0.24798583984375,0.0997314453125,0.9605712890625,2.355194091796875,-5.38330078125,-0.067291259765625,1.0,1.0,1.0,2.0,1.0,100.0,event
15:31:40.767,0.77679336,1.0311383,1.1112019,0.5724969,0.7879191,0.85851246,0.73612374,0.71252525,0.3567839,0.7763578,0.5144394,0.46269038,0.59565514,0.2606524,0.50542265,0.65828586,0.4657311,0.013384227,0.20948087,0.39570087,732.1245,765.56775,767.1795,704.7253,923.1135,-0.24798583984375,0.0997314453125,0.9605712890625,2.355194091796875,-5.38330078125,-0.067291259765625,1.0,1.0,1.0,2.0,1.0,100.0,event
15:31:40.767,0.77679336,1.0311383,1.1112019,0.5724969,0.7879191,0.85851246,0.73612374,0.71252525,0.3567839,0.7763578,0.5144394,0.46269038,0.59565514,0.2606524,0.50542265,0.65828586,0.4657311,0.013384227,0.20948087,0.39570087,722.4542,769.59705,755.4945,706.337,728.49817,-0.24798583984375,0.0997314453125,0.9605712890625,2.355194091796875,-5.38330078125,-0.067291259765625,1.0,1.0,1.0,2.0,1.0,100.0,event
15:31:40.768,0.77679336,1.0311383,1.1112019,0.5724969,0.7879191,0.85851246,0.73612374,0.71252525,0.3567839,0.7763578,0.5144394,0.46269038,0.59565514,0.2606524,0.50542265,0.65828586,0.4657311,0.013384227,0.20948087,0.39570087,713.1868,772.4176,756.30035,701.9048,651.13556,-0.24798583984375,0.0997314453125,0.9605712890625,2.355194091796875,-5.38330078125,-0.067291259765625,1.0,1.0,1.0,2.0,1.0,100.0,event
15:31:40.769,0.77679336,1.0311383,1.1112019,0.5724969,0.7879191,0.85851246,0.73612374,0.71252525,0.3567839,0.7763578,0.5144394,0.46269038,0.59565514,0.2606524,0.50542265,0.65828586,0.4657311,0.013384227,0.20948087,0.39570087,730.10986,775.64105,749.45056,707.1429,884.0293,-0.24798583984375,0.0997314453125,0.9605712890625,2.355194091796875,-5.38330078125,-0.067291259765625,1.0,1.0,1.0,2.0,1.0,100.0,event
15:31:40.769,0.77679336,1.0311383,1.1112019,0.5724969,0.7879191,0.85851246,0.73612374,0.71252525,0.3567839,0.7763578,0.5144394,0.46269038,0.59565514,0.2606524,0.50542265,0.65828586,0.4657311,0.013384227,0.20948087,0.39570087,733.73627,782.0879,763.95605,703.1135,1025.8608,-0.24798583984375,0.0997314453125,0.9605712890625,2.355194091796875,-5.38330078125,-0.067291259765625,1.0,1.0,1.0,2.0,1.0,100.0,event
15:31:40.770,0.77679336,1.0311383,1.1112019,0.5724969,0.7879191,0.85851246,0.73612374,0.71252525,0.3567839,0.7763578,0.5144394,0.46269038,0.59565514,0.2606524,0.50542265,0.65828586,0.4657311,0.013384227,0.20948087,0.39570087,723.663,784.5055,762.74725,696.26373,752.674,-0.24798583984375,0.0997314453125,0.9605712890625,2.355194091796875,-5.38330078125,-0.067291259765625,1.0,1.0,1.0,2.0,1.0,100.0,event
15:31:40.771,0.77679336,1.0311383,1.1112019,0.5724969,0.7879191,0.85851246,0.73612374,0.71252525,0.3567839,0.7763578,0.5144394,0.46269038,0.59565514,0.2606524,0.50542265,0.65828586,0.4657311,0.013384227,0.20948087,0.39570087,726.08057,776.4469,744.21246,704.3223,688.60803,-0.24798583984375,0.0997314453125,0.9605712890625,2.355194091796875,-5.38330078125,-0.067291259765625,1.0,1.0,1.0,2.0,1.0,100.0,event
15:31:40.796,0.77679336,1.0311383,1.1112019,0.5724969,0.7879191,0.85851246,0.73612374,0.71252525,0.3567839,0.7763578,0.5144394,0.46269038,0.59565514,0.2606524,0.50542265,0.65828586,0.4657311,0.013384227,0.20948087,0.39570087,716.0073,769.19415,753.8828,705.12823,787.72894,-0.2374267578125,0.09136962890625,0.958740234375,2.332763671875,-6.781463623046875,-0.097198486328125,1.0,1.0,1.0,2.0,1.0,100.0,event
15:31:40.797,0.77679336,1.0311383,1.1112019,0.5724969,0.7879191,0.85851246,0.73612374,0.71252525,0.3567839,0.7763578,0.5144394,0.46269038,0.59565514,0.2606524,0.50542265,0.65828586,0.4657311,0.013384227,0.20948087,0.39570087,721.2454,767.1795,767.1795,709.15753,752.674,-0.2374267578125,0.09136962890625,0.958740234375,2.332763671875,-6.781463623046875,-0.097198486328125,1.0,1.0,1.0,2.0,1.0,100.0,event
15:31:40.798,0.77679336,1.0311383,1.1112019,0.5724969,0.7879191,0.85851246,0.73612374,0.71252525,0.3567839,0.7763578,0.5144394,0.46269038,0.59565514,0.2606524,0.50542265,0.65828586,0.4657311,0.013384227,0.20948087,0.39570087,724.0659,764.7619,777.25275,721.6484,718.022,-0.2374267578125,0.09136962890625,0.958740234375,2.332763671875,-6.781463623046875,-0.097198486328125,1.0,1.0,1.0,2.0,1.0,100.0,event
15:31:40.799,0.77679336,1.0311383,1.1112019,0.5724969,0.7879191,0.85851246,0.73612374,0.71252525,0.3567839,0.7763578,0.5144394,0.46269038,0.59565514,0.2606524,0.50542265,0.65828586,0.4657311,0.013384227,0.20948087,0.39570087,724.87177,760.7326,782.49084,717.619,769.19415,-0.2374267578125,0.09136962890625,0.958740234375,2.332763671875,-6.781463623046875,-0.097198486328125,1.0,1.0,1.0,2.0,1.0,100.0,event
15:31:40.800,0.77679336,1.0311383,1.1112019,0.5724969,0.7879191,0.85851246,0.73612374,0.71252525,0.3567839,0.7763578,0.5144394,0.46269038,0.59565514,0.2606524,0.50542265,0.65828586,0.4657311,0.013384227,0.20948087,0.39570087,744.21246,765.56775,778.46155,716.0073,809.4872,-0.2374267578125,0.09136962890625,0.958740234375,2.332763671875,-6.781463623046875,-0.097198486328125,1.0,1.0,1.0,2.0,1.0,100.0,event
15:31:40.801,0.77679336,1.0311383,1.1112019,0.5724969,0.7879191,0.85851246,0.73612374,0.71252525,0.3567839,0.7763578,0.5144394,0.46269038,0.59565514,0.2606524,0.50542265,0.65828586,0.4657311,0.013384227,0.20948087,0.39570087,764.35895,771.2088,782.0879,745.0183,841.7216,-0.2374267578125,0.09136962890625,0.958740234375,2.332763671875,-6.781463623046875,-0.097198486328125,1.0,1.0,1.0,2.0,1.0,100.0,event
15:31:40.802,0.77679336,1.0311383,1.1112019,0.5724969,0.7879191,0.85851246,0.73612374,0.71252525,0.3567839,0.7763578,0.5144394,0.46269038,0.59565514,0.2606524,0.50542265,0.65828586,0.4657311,0.013384227,0.20948087,0.39570087,746.2271,766.77655,800.6227,734.94507,886.4469,-0.2374267578125,0.09136962890625,0.958740234375,2.332763671875,-6.781463623046875,-0.097198486328125,1.0,1.0,1.0,2.0,1.0,100.0,event
15:31:40.803,0.77679336,1.0311383,1.1112019,0.5724969,0.7879191,0.85851246,0.73612374,0.71252525,0.3567839,0.7763578,0.5144394,0.46269038,0.59565514,0.2606524,0.50542265,0.65828586,0.4657311,0.013384227,0.20948087,0.39570087,728.49817,762.74725,801.02563,707.9487,918.68134,-0.2374267578125,0.09136962890625,0.958740234375,2.332763671875,-6.781463623046875,-0.097198486328125,1.0,1.0,1.0,2.0,1.0,100.0,event
15:31:40.806,0.77679336,1.0311383,1.1112019,0.5724969,0.7879191,0.85851246,0.73612374,0.71252525,0.3567839,0.7763578,0.5144394,0.46269038,0.59565514,0.2606524,0.50542265,0.65828586,0.4657311,0.013384227,0.20948087,0.39570087,743.8095,751.4652,784.90845,724.4689,1061.3187,-0.2374267578125,0.09136962890625,0.958740234375,2.332763671875,-6.781463623046875,-0.097198486328125,1.0,1.0,1.0,2.0,1.0,100.0,event
15:31:40.807,0.77679336,1.0311383,1.1112019,0.5724969,0.7879191,0.85851246,0.73612374,0.71252525,0.3567839,0.7763578,0.5144394,0.46269038,0.59565514,0.2606524,0.50542265,0.65828586,0.4657311,0.013384227,0.20948087,0.39570087,746.2271,749.0476,802.6374,735.7509,1015.78754,-0.2374267578125,0.09136962890625,0.958740234375,2.332763671875,-6.781463623046875,-0.097198486328125,1.0,1.0,1.0,2.0,1.0,100.0,event
15:31:40.808,0.77679336,1.0311383,1.1112019,0.5724969,0.7879191,0.85851246,0.73612374,0.71252525,0.3567839,0.7763578,0.5144394,0.46269038,0.59565514,0.2606524,0.50542265,0.65828586,0.4657311,0.013384227,0.20948087,0.39570087,745.0183,757.9121,809.89014,738.5714,729.707,-0.2374267578125,0.09136962890625,0.958740234375,2.332763671875,-6.781463623046875,-0.097198486328125,1.0,1.0,1.0,2.0,1.0,100.0,event
15:31:40.809,0.77679336,1.0311383,1.1112019,0.5724969,0.7879191,0.85851246,0.73612374,0.71252525,0.3567839,0.7763578,0.5144394,0.46269038,0.59565514,0.2606524,0.50542265,0.65828586,0.4657311,0.013384227,0.20948087,0.39570087,753.0769,754.2857,799.81683,730.5128,743.4066,-0.2374267578125,0.09136962890625,0.958740234375,2.332763671875,-6.781463623046875,-0.097198486328125,1.0,1.0,1.0,2.0,1.0,100.0,event
15:31:40.835,0.77679336,1.0311383,1.1112019,0.5724969,0.7879191,0.85851246,0.73612374,0.71252525,0.3567839,0.7763578,0.5144394,0.46269038,0.59565514,0.2606524,0.50542265,0.65828586,0.4657311,0.013384227,0.20948087,0.39570087,764.35895,753.8828,807.47253,731.7216,812.71063,-0.23712158203125,0.0947265625,0.96356201171875,1.973876953125,-2.699127197265625,0.3289794921875,1.0,1.0,1.0,2.0,1.0,100.0,event
15:31:40.836,0.77679336,1.0311383,1.1112019,0.5724969,0.7879191,0.85851246,0.73612374,0.71252525,0.3567839,0.7763578,0.5144394,0.46269038,0.59565514,0.2606524,0.50542265,0.65828586,0.4657311,0.013384227,0.20948087,0.39570087,764.7619,758.71796,823.5897,735.34796,755.09155,-0.23712158203125,0.0947265625,0.96356201171875,1.973876953125,-2.699127197265625,0.3289794921875,1.0,1.0,1.0,2.0,1.0,100.0,event
15:31:40.837,0.77679336,1.0311383,1.1112019,0.5724969,0.7879191,0.85851246,0.73612374,0.71252525,0.3567839,0.7763578,0.5144394,0.46269038,0.59565514,0.2606524,0.50542265,0.65828586,0.4657311,0.013384227,0.20948087,0.39570087,766.3736,759.5238,846.9597,750.2564,733.73627,-0.23712158203125,0.0947265625,0.96356201171875,1.973876953125,-2.699127197265625,0.3289794921875,1.0,1.0,1.0,2.0,1.0,100.0,event
15:31:40.838,0.77679336,1.0311383,1.1112019,0.5724969,0.7879191,0.85851246,0.73612374,0.71252525,0.3567839,0.7763578,0.5144394,0.46269038,0.59565514,0.2606524,0.50542265,0.65828586,0.4657311,0.013384227,0.20948087,0.39570087,765.16486,765.16486,855.0183,764.7619,785.31134,-0.23712158203125,0.0947265625,0.96356201171875,1.973876953125,-2.699127197265625,0.3289794921875,1.0,1.0,1.0,2.0,1.0,100.0,event
15:31:40.841,0.77679336,1.0311383,1.1112019,0.5724969,0.7879191,0.85851246,0.73612374,0.71252525,0.3567839,0.7763578,0.5144394,0.46269038,0.59565514,0.2606524,0.50542265,0.65828586,0.4657311,0.013384227,0.20948087,0.39570087,778.46155,782.0879,853.8095,760.7326,773.6264,-0.23712158203125,0.0947265625,0.96356201171875,1.973876953125,-2.699127197265625,0.3289794921875,1.0,1.0,1.0,2.0,1.0,100.0,event
15:31:40.842,0.77679336,1.0311383,1.1112019,0.5724969,0.7879191,0.85851246,0.73612374,0.71252525,0.3567839,0.7763578,0.5144394,0.46269038,0.59565514,0.2606524,0.50542265,0.65828586,0.4657311,0.013384227,0.20948087,0.39570087,796.99634,791.3553,885.2381,770.40295,828.022,-0.23712158203125,0.0947265625,0.96356201171875,1.973876953125,-2.699127197265625,0.3289794921875,1.0,1.0,1.0,2.0,1.0,100.0,event
15:31:40.843,0.77679336,1.0311383,1.1112019,0.5724969,0.7879191,0.85851246,0.73612374,0.71252525,0.3567839,0.7763578,0.5144394,0.46269038,0.59565514,0.2606524,0.50542265,0.65828586,0.4657311,0.013384227,0.20948087,0.39570087,807.0696,782.49084,909.81683,788.1319,850.18317,-0.23712158203125,0.0947265625,0.96356201171875,1.973876953125,-2.699127197265625,0.3289794921875,1.0,1.0,1.0,2.0,1.0,100.0,event
15:31:40.843,0.77679336,1.0311383,1.1112019,0.5724969,0.7879191,0.85851246,0.73612374,0.71252525,0.3567839,0.7763578,0.5144394,0.46269038,0.59565514,0.2606524,0.50542265,0.65828586,0.4657311,0.013384227,0.20948087,0.39570087,801.4286,763.95605,912.6374,796.99634,901.75824,-0.23712158203125,0.0947265625,0.96356201171875,1.973876953125,-2.699127197265625,0.3289794921875,1.0,1.0,1.0,2.0,1.0,100.0,event
15:31:40.844,0.77679336,1.0311383,1.1112019,0.5724969,0.7879191,0.85851246,0.73612374,0.71252525,0.3567839,0.7763578,0.5144394,0.46269038,0.59565514,0.2606524,0.50542265,0.65828586,0.4657311,0.013384227,0.20948087,0.39570087,797.3993,764.35895,931.5751,792.96704,1054.0659,-0.23712158203125,0.0947265625,0.96356201171875,1.973876953125,-2.699127197265625,0.3289794921875,1.0,1.0,1.0,2.0,1.0,100.0,event
15:31:40.844,0.77679336,1.0311383,1.1112019,0.5724969,0.7879191,0.85851246,0.73612374,0.71252525,0.3567839,0.7763578,0.5144394,0.46269038,0.59565514,0.2606524,0.50542265,0.65828586,0.4657311,0.013384227,0.20948087,0.39570087,810.696,778.46155,960.989,785.31134,814.3223,-0.23712158203125,0.0947265625,0.96356201171875,1.973876953125,-2.699127197265625,0.3289794921875,1.0,1.0,1.0,2.0,1.0,100.0,event
15:31:40.845,0.77679336,1.0311383,1.1112019,0.5724969,0.7879191,0.85851246,0.73612374,0.71252525,0.3567839,0.7763578,0.5144394,0.46269038,0.59565514,0.2606524,0.50542265,0.65828586,0.4657311,0.013384227,0.20948087,0.39570087,821.1722,781.28204,983.5531,774.0293,663.22345,-0.23712158203125,0.0947265625,0.96356201171875,1.973876953125,-2.699127197265625,0.3289794921875,1.0,1.0,1.0,2.0,1.0,100.0,event
15:31:40.845,0.77679336,1.0311383,1.1112019,0.5724969,0.7879191,0.85851246,0.73612374,0.71252525,0.3567839,0.7763578,0.5144394,0.46269038,0.59565514,0.2606524,0.50542265,0.65828586,0.4657311,0.013384227,0.20948087,0.39570087,819.5604,784.10254,984.7619,778.86444,898.1319,-0.23712158203125,0.0947265625,0.96356201171875,1.973876953125,-2.699127197265625,0.3289794921875,1.0,1.0,1.0,2.0,1.0,100.0,event
15:31:40.887,0.77679336,1.0311383,1.1112019,0.5724969,0.7879191,0.85851246,0.73612374,0.71252525,0.3567839,0.7763578,0.5144394,0.46269038,0.59565514,0.2606524,0.50542265,0.65828586,0.4657311,0.013384227,0.20948087,0.39570087,812.71063,793.7729,983.5531,806.26373,890.4762,-0.23468017578125,0.09271240234375,0.95458984375,0.695343017578125,-1.652374267578125,2.100982666015625,1.0,1.0,1.0,2.0,1.0,100.0,event
15:31:40.888,0.77679336,1.0311383,1.1112019,0.5724969,0.7879191,0.85851246,0.73612374,0.71252525,0.3567839,0.7763578,0.5144394,0.46269038,0.59565514,0.2606524,0.50542265,0.65828586,0.4657311,0.013384227,0.20948087,0.39570087,815.12823,800.6227,975.4945,810.293,699.4872,-0.23468017578125,0.09271240234375,0.95458984375,0.695343017578125,-1.652374267578125,2.100982666015625,1.0,1.0,1.0,2.0,1.0,100.0,event
15:31:40.888,0.77679336,1.0311383,1.1112019,0.5724969,0.7879191,0.85851246,0.73612374,0.71252525,0.3567839,0.7763578,0.5144394,0.46269038,0.59565514,0.2606524,0.50542265,0.65828586,0.4657311,0.013384227,0.20948087,0.39570087,813.1135,799.011,956.55676,792.96704,695.05493,-0.23468017578125,0.09271240234375,0.95458984375,0.695343017578125,-1.652374267578125,2.100982666015625,1.0,1.0,1.0,2.0,1.0,100.0,event
15:31:40.889,0.77679336,1.0311383,1.1112019,0.5724969,0.7879191,0.85851246,0.73612374,0.71252525,0.3567839,0.7763578,0.5144394,0.46269038,0.59565514,0.2606524,0.50542265,0.65828586,0.4657311,0.013384227,0.20948087,0.39570087,808.68134,801.4286,955.7509,788.93774,709.9634,-0.23468017578125,0.09271240234375,0.95458984375,0.695343017578125,-1.652374267578125,2.100982666015625,1.0,1.0,1.0,2.0,1.0,100.0,event
15:31:40.890,0.77679336,1.0311383,1.1112019,0.5724969,0.7879191,0.85851246,0.73612374,0.71252525,0.3567839,0.7763578,0.5144394,0.46269038,0.59565514,0.2606524,0.50542265,0.65828586,0.4657311,0.013384227,0.20948087,0.39570087,808.68134,801.8315,954.5421,795.78754,773.6264,-0.23468017578125,0.09271240234375,0.95458984375,0.695343017578125,-1.652374267578125,2.100982666015625,1.0,1.0,1.0,2.0,1.0,100.0,event
15:31:40.891,0.77679336,1.0311383,1.1112019,0.5724969,0.7879191,0.85851246,0.73612374,0.71252525,0.3567839,0.7763578,0.5144394,0.46269038,0.59565514,0.2606524,0.50542265,0.65828586,0.4657311,0.013384227,0.20948087,0.39570087,829.2308,796.5934,955.7509,788.5348,851.39197,-0.23468017578125,0.09271240234375,0.95458984375,0.695343017578125,-1.652374267578125,2.100982666015625,1.0,1.0,1.0,2.0,1.0,100.0,event
15:31:40.891,0.77679336,1.0311383,1.1112019,0.5724969,0.7879191,0.85851246,0.73612374,0.71252525,0.3567839,0.7763578,0.5144394,0.46269038,0.59565514,0.2606524,0.50542265,0.65828586,0.4657311,0.013384227,0.20948087,0.39570087,823.9927,798.60803,969.0476,778.46155,842.9304,-0.23468017578125,0.09271240234375,0.95458984375,0.695343017578125,-1.652374267578125,2.100982666015625,1.0,1.0,1.0,2.0,1.0,100.0,event
15:31:40.892,0.77679336,1.0311383,1.1112019,0.5724969,0.7879191,0.85851246,0.73612374,0.71252525,0.3567839,0.7763578,0.5144394,0.46269038,0.59565514,0.2606524,0.50542265,0.65828586,0.4657311,0.013384227,0.20948087,0.39570087,808.2784,798.20514,963.00366,785.7143,1020.2198,-0.23468017578125,0.09271240234375,0.95458984375,0.695343017578125,-1.652374267578125,2.100982666015625,1.0,1.0,1.0,2.0,1.0,100.0,event
15:31:40.893,0.77679336,1.0311383,1.1112019,0.5724969,0.7879191,0.85851246,0.73612374,0.71252525,0.3567839,0.7763578,0.5144394,0.46269038,0.59565514,0.2606524,0.50542265,0.65828586,0.4657311,0.013384227,0.20948087,0.39570087,803.8461,806.26373,963.4066,798.20514,902.5641,-0.23468017578125,0.09271240234375,0.95458984375,0.695343017578125,-1.652374267578125,2.100982666015625,1.0,1.0,1.0,2.0,1.0,100.0,event
15:31:40.893,0.77679336,1.0311383,1.1112019,0.5724969,0.7879191,0.85851246,0.73612374,0.71252525,0.3567839,0.7763578,0.5144394,0.46269038,0.59565514,0.2606524,0.50542265,0.65828586,0.4657311,0.013384227,0.20948087,0.39570087,805.8608,813.1135,953.3333,795.78754,671.28204,-0.23468017578125,0.09271240234375,0.95458984375,0.695343017578125,-1.652374267578125,2.100982666015625,1.0,1.0,1.0,2.0,1.0,100.0,event
15:31:40.894,0.77679336,1.0311383,1.1112019,0.5724969,0.7879191,0.85851246,0.73612374,0.71252525,0.3567839,0.7763578,0.5144394,0.46269038,0.59565514,0.2606524,0.50542265,0.65828586,0.4657311,0.013384227,0.20948087,0.39570087,822.381,811.50183,935.6044,792.5641,746.2271,-0.23468017578125,0.09271240234375,0.95458984375,0.695343017578125,-1.652374267578125,2.100982666015625,1.0,1.0,1.0,2.0,1.0,100.0,event
15:31:40.895,0.77679336,1.0311383,1.1112019,0.5724969,0.7879191,0.85851246,0.73612374,0.71252525,0.3567839,0.7763578,0.5144394,0.46269038,0.59565514,0.2606524,0.50542265,0.65828586,0.4657311,0.013384227,0.20948087,0.39570087,823.1868,800.6227,931.5751,793.36993,803.8461,-0.23468017578125,0.09271240234375,0.95458984375,0.695343017578125,-1.652374267578125,2.100982666015625,1.0,1.0,1.0,2.0,1.0,100.0,event
15:31:40.937,0.77679336,1.0311383,1.1112019,0.5724969,0.7879191,0.85851246,0.73612374,0.71252525,0.3567839,0.7763578,0.5144394,0.46269038,0.59565514,0.2606524,0.50542265,0.65828586,0.4657311,0.013384227,0.20948087,0.39570087,817.9487,800.2198,935.2015,792.5641,738.1685,-0.23773193359375,0.09051513671875,0.96044921875,1.667327880859375,-3.09539794921875,0.575714111328125,1.0,1.0,1.0,2.0,1.0,100.0,event
15:31:40.938,0.77679336,1.0311383,1.1112019,0.5724969,0.7879191,0.85851246,0.73612374,0.71252525,0.3567839,0.7763578,0.5144394,0.46269038,0.59565514,0.2606524,0.50542265,0.65828586,0.4657311,0.013384227,0.20948087,0.39570087,821.978,809.4872,929.15753,786.9231,630.989,-0.23773193359375,0.09051513671875,0.96044921875,1.667327880859375,-3.09539794921875,0.575714111328125,1.0,1.0,1.0,2.0,1.0,100.0,event
15:31:40.938,0.77679336,1.0311383,1.1112019,0.5724969,0.7879191,0.85851246,0.73612374,0.71252525,0.3567839,0.7763578,0.5144394,0.46269038,0.59565514,0.2606524,0.50542265,0.65828586,0.4657311,0.013384227,0.20948087,0.39570087,832.0513,808.2784,924.7253,813.1135,780.07324,-0.23773193359375,0.09051513671875,0.96044921875,1.667327880859375,-3.09539794921875,0.575714111328125,1.0,1.0,1.0,2.0,1.0,100.0,event
15:31:40.939,0.77679336,1.0311383,1.1112019,0.5724969,0.7879191,0.85851246,0.73612374,0.71252525,0.3567839,0.7763578,0.5144394,0.46269038,0.59565514,0.2606524,0.50542265,0.65828586,0.4657311,0.013384227,0.20948087,0.39570087,830.84247,805.05493,921.0989,811.0989,861.4652,-0.23773193359375,0.09051513671875,0.96044921875,1.667327880859375,-3.09539794921875,0.575714111328125,1.0,1.0,1.0,2.0,1.0,100.0,event
15:31:40.940,0.77679336,1.0311383,1.1112019,0.5724969,0.7879191,0.85851246,0.73612374,0.71252525,0.3567839,0.7763578,0.5144394,0.46269038,0.59565514,0.2606524,0.50542265,0.65828586,0.4657311,0.013384227,0.20948087,0.39570087,838.0952,812.3077,917.0696,787.72894,736.1539,-0.23773193359375,0.09051513671875,0.96044921875,1.667327880859375,-3.09539794921875,0.575714111328125,1.0,1.0,1.0,2.0,1.0,100.0,event
15:31:40.941,0.77679336,1.0311383,1.1112019,0.5724969,0.7879191,0.85851246,0.73612374,0.71252525,0.3567839,0.7763578,0.5144394,0.46269038,0.59565514,0.2606524,0.50542265,0.65828586,0.4657311,0.013384227,0.20948087,0.39570087,849.3773,814.7253,925.5311,811.50183,791.75824,-0.23773193359375,0.09051513671875,0.96044921875,1.667327880859375,-3.09539794921875,0.575714111328125,1.0,1.0,1.0,2.0,1.0,100.0,event
15:31:40.943,,,,,,,,,,,,,,,,,,,,,,,,,,,,,,,,,,,,,,blink
15:31:40.945,0.77679336,1.0311383,1.1112019,0.5724969,0.7879191,0.85851246,0.73612374,0.71252525,0.3567839,0.7763578,0.5144394,0.46269038,0.59565514,0.2606524,0.50542265,0.65828586,0.4657311,0.013384227,0.20948087,0.39570087,846.9597,806.26373,934.7985,831.2454,969.45056,-0.23773193359375,0.09051513671875,0.96044921875,1.667327880859375,-3.09539794921875,0.575714111328125,1.0,1.0,1.0,2.0,1.0,100.0,event
15:31:40.945,0.77679336,1.0311383,1.1112019,0.5724969,0.7879191,0.85851246,0.73612374,0.71252525,0.3567839,0.7763578,0.5144394,0.46269038,0.59565514,0.2606524,0.50542265,0.65828586,0.4657311,0.013384227,0.20948087,0.39570087,840.9158,807.47253,925.5311,826.0073,992.4176,-0.23773193359375,0.09051513671875,0.96044921875,1.667327880859375,-3.09539794921875,0.575714111328125,1.0,1.0,1.0,2.0,1.0,100.0,event
15:31:40.946,0.77679336,1.0311383,1.1112019,0.5724969,0.7879191,0.85851246,0.73612374,0.71252525,0.3567839,0.7763578,0.5144394,0.46269038,0.59565514,0.2606524,0.50542265,0.65828586,0.4657311,0.013384227,0.20948087,0.39570087,852.1978,811.50183,913.0403,805.4579,725.6777,-0.23773193359375,0.09051513671875,0.96044921875,1.667327880859375,-3.09539794921875,0.575714111328125,1.0,1.0,1.0,2.0,1.0,100.0,event
15:31:40.947,0.77679336,1.0311383,1.1112019,0.5724969,0.7879191,0.85851246,0.73612374,0.71252525,0.3567839,0.7763578,0.5144394,0.46269038,0.59565514,0.2606524,0.50542265,0.65828586,0.4657311,0.013384227,0.20948087,0.39570087,854.61536,809.4872,890.4762,803.44324,681.75824,-0.23773193359375,0.09051513671875,0.96044921875,1.667327880859375,-3.09539794921875,0.575714111328125,1.0,1.0,1.0,2.0,1.0,100.0,event
15:31:40.948,0.77679336,1.0311383,1.1112019,0.5724969,0.7879191,0.85851246,0.73612374,0.71252525,0.3567839,0.7763578,0.5144394,0.46269038,0.59565514,0.2606524,0.50542265,0.65828586,0.4657311,0.013384227,0.20948087,0.39570087,835.2747,813.5165,871.13556,805.4579,792.5641,-0.23773193359375,0.09051513671875,0.96044921875,1.667327880859375,-3.09539794921875,0.575714111328125,1.0,1.0,1.0,2.0,1.0,100.0,event
15:31:40.948,0.77679336,1.0311383,1.1112019,0.5724969,0.7879191,0.85851246,0.73612374,0.71252525,0.3567839,0.7763578,0.5144394,0.46269038,0.59565514,0.2606524,0.50542265,0.65828586,0.4657311,0.013384227,0.20948087,0.39570087,817.5458,813.5165,888.0586,799.011,791.3553,-0.23773193359375,0.09051513671875,0.96044921875,1.667327880859375,-3.09539794921875,0.575714111328125,1.0,1.0,1.0,2.0,1.0,100.0,event
15:31:40.987,0.77679336,1.0311383,1.1112019,0.5724969,0.7879191,0.85851246,0.73612374,0.71252525,0.3567839,0.7763578,0.5144394,0.46269038,0.59565514,0.2606524,0.50542265,0.65828586,0.4657311,0.013384227,0.20948087,0.39570087,814.7253,817.5458,914.2491,806.26373,711.1722,-0.23773193359375,0.09051513671875,0.96044921875,1.667327880859375,-3.09539794921875,0.575714111328125,1.0,1.0,1.0,2.0,1.0,100.0,event
15:31:40.988,0.77679336,1.0311383,1.1112019,0.5724969,0.7879191,0.85851246,0.73612374,0.71252525,0.3567839,0.7763578,0.5144394,0.46269038,0.59565514,0.2606524,0.50542265,0.65828586,0.4657311,0.013384227,0.20948087,0.39570087,830.0366,818.3516,913.8461,811.0989,701.0989,-0.23773193359375,0.09051513671875,0.96044921875,1.667327880859375,-3.09539794921875,0.575714111328125,1.0,1.0,1.0,2.0,1.0,100.0,event
15:31:40.989,0.77679336,1.0311383,1.1112019,0.5724969,0.7879191,0.85851246,0.73612374,0.71252525,0.3567839,0.7763578,0.5144394,0.46269038,0.59565514,0.2606524,0.50542265,0.65828586,0.4657311,0.013384227,0.20948087,0.39570087,823.1868,809.0842,904.17584,811.0989,814.7253,-0.23773193359375,0.09051513671875,0.96044921875,1.667327880859375,-3.09539794921875,0.575714111328125,1.0,1.0,1.0,2.0,1.0,100.0,event
15:31:40.990,0.77679336,1.0311383,1.1112019,0.5724969,0.7879191,0.85851246,0.73612374,0.71252525,0.3567839,0.7763578,0.5144394,0.46269038,0.59565514,0.2606524,0.50542265,0.65828586,0.4657311,0.013384227,0.20948087,0.39570087,813.1135,808.68134,902.1612,800.6227,762.3443,-0.23773193359375,0.09051513671875,0.96044921875,1.667327880859375,-3.09539794921875,0.575714111328125,1.0,1.0,1.0,2.0,1.0,100.0,event
15:31:40.991,0.77679336,1.0311383,1.1112019,0.5724969,0.7879191,0.85851246,0.73612374,0.71252525,0.3567839,0.7763578,0.5144394,0.46269038,0.59565514,0.2606524,0.50542265,0.65828586,0.4657311,0.013384227,0.20948087,0.39570087,818.7546,810.293,899.7436,784.90845,646.30035,-0.23773193359375,0.09051513671875,0.96044921875,1.667327880859375,-3.09539794921875,0.575714111328125,1.0,1.0,1.0,2.0,1.0,100.0,event
15:31:40.991,0.77679336,1.0311383,1.1112019,0.5724969,0.7879191,0.85851246,0.73612374,0.71252525,0.3567839,0.7763578,0.5144394,0.46269038,0.59565514,0.2606524,0.50542265,0.65828586,0.4657311,0.013384227,0.20948087,0.39570087,811.9048,809.4872,894.90845,784.90845,820.7692,-0.23773193359375,0.09051513671875,0.96044921875,1.667327880859375,-3.09539794921875,0.575714111328125,1.0,1.0,1.0,2.0,1.0,100.0,event
15:31:40.992,0.77679336,1.0311383,1.1112019,0.5724969,0.7879191,0.85851246,0.73612374,0.71252525,0.3567839,0.7763578,0.5144394,0.46269038,0.59565514,0.2606524,0.50542265,0.65828586,0.4657311,0.013384227,0.20948087,0.39570087,824.7985,809.0842,879.19415,796.99634,1156.8132,-0.23773193359375,0.09051513671875,0.96044921875,1.667327880859375,-3.09539794921875,0.575714111328125,1.0,1.0,1.0,2.0,1.0,100.0,event
15:31:40.993,0.77679336,1.0311383,1.1112019,0.5724969,0.7879191,0.85851246,0.73612374,0.71252525,0.3567839,0.7763578,0.5144394,0.46269038,0.59565514,0.2606524,0.50542265,0.65828586,0.4657311,0.013384227,0.20948087,0.39570087,830.0366,817.5458,879.19415,790.14655,1087.1062,-0.23773193359375,0.09051513671875,0.96044921875,1.667327880859375,-3.09539794921875,0.575714111328125,1.0,1.0,1.0,2.0,1.0,100.0,event
15:31:40.994,0.77679336,1.0311383,1.1112019,0.5724969,0.7879191,0.85851246,0.73612374,0.71252525,0.3567839,0.7763578,0.5144394,0.46269038,0.59565514,0.2606524,0.50542265,0.65828586,0.4657311,0.013384227,0.20948087,0.39570087,820.3663,828.8278,883.6264,783.2967,704.7253,-0.23773193359375,0.09051513671875,0.96044921875,1.667327880859375,-3.09539794921875,0.575714111328125,1.0,1.0,1.0,2.0,1.0,100.0,event
15:31:40.994,0.77679336,1.0311383,1.1112019,0.5724969,0.7879191,0.85851246,0.73612374,0.71252525,0.3567839,0.7763578,0.5144394,0.46269038,0.59565514,0.2606524,0.50542265,0.65828586,0.4657311,0.013384227,0.20948087,0.39570087,828.022,822.7839,864.68866,805.4579,682.96704,-0.23773193359375,0.09051513671875,0.96044921875,1.667327880859375,-3.09539794921875,0.575714111328125,1.0,1.0,1.0,2.0,1.0,100.0,event
15:31:40.996,0.77679336,1.0311383,1.1112019,0.5724969,0.7879191,0.85851246,0.73612374,0.71252525,0.3567839,0.7763578,0.5144394,0.46269038,0.59565514,0.2606524,0.50542265,0.65828586,0.4657311,0.013384227,0.20948087,0.39570087,822.7839,820.7692,860.2564,814.7253,705.9341,-0.23773193359375,0.09051513671875,0.96044921875,1.667327880859375,-3.09539794921875,0.575714111328125,1.0,1.0,1.0,2.0,1.0,100.0,event
15:31:40.997,0.77679336,1.0311383,1.1112019,0.5724969,0.7879191,0.85851246,0.73612374,0.71252525,0.3567839,0.7763578,0.5144394,0.46269038,0.59565514,0.2606524,0.50542265,0.65828586,0.4657311,0.013384227,0.20948087,0.39570087,823.5897,829.2308,855.82416,818.7546,696.26373,-0.23773193359375,0.09051513671875,0.96044921875,1.667327880859375,-3.09539794921875,0.575714111328125,1.0,1.0,1.0,2.0,1.0,100.0,event
15:31:41.023,0.77679336,1.0311383,1.1112019,0.5724969,0.7879191,0.85851246,0.73612374,0.71252525,0.3567839,0.7763578,0.5144394,0.46269038,0.59565514,0.2606524,0.50542265,0.65828586,0.4657311,0.013384227,0.20948087,0.39570087,830.84247,825.6044,848.5714,812.71063,740.989,-0.2418212890625,0.09332275390625,0.94921875,2.13836669921875,-7.020721435546875,0.76263427734375,1.0,1.0,1.0,2.0,1.0,100.0,event
15:31:41.024,0.77679336,1.0311383,1.1112019,0.5724969,0.7879191,0.85851246,0.73612374,0.71252525,0.3567839,0.7763578,0.5144394,0.46269038,0.59565514,0.2606524,0.50542265,0.65828586,0.4657311,0.013384227,0.20948087,0.39570087,817.1429,810.293,837.6923,800.2198,742.6007,-0.2418212890625,0.09332275390625,0.94921875,2.13836669921875,-7.020721435546875,0.76263427734375,1.0,1.0,1.0,2.0,1.0,100.0,event
15:31:41.026,0.77679336,1.0311383,1.1112019,0.5724969,0.7879191,0.85851246,0.73612374,0.71252525,0.3567839,0.7763578,0.5144394,0.46269038,0.59565514,0.2606524,0.50542265,0.65828586,0.4657311,0.013384227,0.20948087,0.39570087,805.4579,805.8608,840.9158,801.4286,803.44324,-0.2418212890625,0.09332275390625,0.94921875,2.13836669921875,-7.020721435546875,0.76263427734375,1.0,1.0,1.0,2.0,1.0,100.0,event
15:31:41.027,0.77679336,1.0311383,1.1112019,0.5724969,0.7879191,0.85851246,0.73612374,0.71252525,0.3567839,0.7763578,0.5144394,0.46269038,0.59565514,0.2606524,0.50542265,0.65828586,0.4657311,0.013384227,0.20948087,0.39570087,810.696,814.7253,846.55676,790.54944,803.8461,-0.2418212890625,0.09332275390625,0.94921875,2.13836669921875,-7.020721435546875,0.76263427734375,1.0,1.0,1.0,2.0,1.0,100.0,event
15:31:41.028,0.77679336,1.0311383,1.1112019,0.5724969,0.7879191,0.85851246,0.73612374,0.71252525,0.3567839,0.7763578,0.5144394,0.46269038,0.59565514,0.2606524,0.50542265,0.65828586,0.4657311,0.013384227,0.20948087,0.39570087,829.2308,823.1868,834.87177,799.011,926.7399,-0.2418212890625,0.09332275390625,0.94921875,2.13836669921875,-7.020721435546875,0.76263427734375,1.0,1.0,1.0,2.0,1.0,100.0,event
15:31:41.028,0.77679336,1.0311383,1.1112019,0.5724969,0.7879191,0.85851246,0.73612374,0.71252525,0.3567839,0.7763578,0.5144394,0.46269038,0.59565514,0.2606524,0.50542265,0.65828586,0.4657311,0.013384227,0.20948087,0.39570087,823.1868,820.7692,834.4689,798.60803,794.9817,-0.2418212890625,0.09332275390625,0.94921875,2.13836669921875,-7.020721435546875,0.76263427734375,1.0,1.0,1.0,2.0,1.0,100.0,event
15:31:41.029,0.77679336,1.0311383,1.1112019,0.5724969,0.7879191,0.85851246,0.73612374,0.71252525,0.3567839,0.7763578,0.5144394,0.46269038,0.59565514,0.2606524,0.50542265,0.65828586,0.4657311,0.013384227,0.20948087,0.39570087,822.381,818.7546,835.2747,781.685,912.6374,-0.2418212890625,0.09332275390625,0.94921875,2.13836669921875,-7.020721435546875,0.76263427734375,1.0,1.0,1.0,2.0,1.0,100.0,event
15:31:41.030,0.77679336,1.0311383,1.1112019,0.5724969,0.7879191,0.85851246,0.73612374,0.71252525,0.3567839,0.7763578,0.5144394,0.46269038,0.59565514,0.2606524,0.50542265,0.65828586,0.4657311,0.013384227,0.20948087,0.39570087,814.7253,821.978,830.84247,767.98535,799.41394,-0.2418212890625,0.09332275390625,0.94921875,2.13836669921875,-7.020721435546875,0.76263427734375,1.0,1.0,1.0,2.0,1.0,100.0,event
15:31:41.034,0.77679336,1.0311383,1.1112019,0.5724969,0.7879191,0.85851246,0.73612374,0.71252525,0.3567839,0.7763578,0.5144394,0.46269038,0.59565514,0.2606524,0.50542265,0.65828586,0.4657311,0.013384227,0.20948087,0.39570087,810.293,834.0659,832.0513,761.9414,765.9707,-0.2418212890625,0.09332275390625,0.94921875,2.13836669921875,-7.020721435546875,0.76263427734375,1.0,1.0,1.0,2.0,1.0,100.0,event
15:31:41.035,0.77679336,1.0311383,1.1112019,0.5724969,0.7879191,0.85851246,0.73612374,0.71252525,0.3567839,0.7763578,0.5144394,0.46269038,0.59565514,0.2606524,0.50542265,0.65828586,0.4657311,0.013384227,0.20948087,0.39570087,816.7399,830.0366,817.5458,786.52014,989.19415,-0.2418212890625,0.09332275390625,0.94921875,2.13836669921875,-7.020721435546875,0.76263427734375,1.0,1.0,1.0,2.0,1.0,100.0,event
15:31:41.036,0.77679336,1.0311383,1.1112019,0.5724969,0.7879191,0.85851246,0.73612374,0.71252525,0.3567839,0.7763578,0.5144394,0.46269038,0.59565514,0.2606524,0.50542265,0.65828586,0.4657311,0.013384227,0.20948087,0.39570087,816.7399,828.8278,814.3223,806.6667,1108.4615,-0.2418212890625,0.09332275390625,0.94921875,2.13836669921875,-7.020721435546875,0.76263427734375,1.0,1.0,1.0,2.0,1.0,100.0,event
15:31:41.036,0.77679336,1.0311383,1.1112019,0.5724969,0.7879191,0.85851246,0.73612374,0.71252525,0.3567839,0.7763578,0.5144394,0.46269038,0.59565514,0.2606524,0.50542265,0.65828586,0.4657311,0.013384227,0.20948087,0.39570087,815.12823,838.9011,821.5751,805.05493,796.5934,-0.2418212890625,0.09332275390625,0.94921875,2.13836669921875,-7.020721435546875,0.76263427734375,1.0,1.0,1.0,2.0,1.0,100.0,event
15:31:41.093,0.77679336,1.0311383,1.1112019,0.5724969,0.7879191,0.85851246,0.73612374,0.71252525,0.3567839,0.7763578,0.5144394,0.46269038,0.59565514,0.2606524,0.50542265,0.65828586,0.4657311,0.013384227,0.20948087,0.39570087,813.5165,834.87177,811.9048,801.8315,759.5238,-0.234619140625,0.083251953125,0.95452880859375,2.235565185546875,-8.314208984375,0.7177734375,1.0,1.0,1.0,2.0,1.0,100.0,event
15:31:41.094,0.77679336,1.0311383,1.1112019,0.5724969,0.7879191,0.85851246,0.73612374,0.71252525,0.3567839,0.7763578,0.5144394,0.46269038,0.59565514,0.2606524,0.50542265,0.65828586,0.4657311,0.013384227,0.20948087,0.39570087,812.71063,830.4396,819.9634,801.02563,802.23444,-0.234619140625,0.083251953125,0.95452880859375,2.235565185546875,-8.314208984375,0.7177734375,1.0,1.0,1.0,2.0,1.0,100.0,event
15:31:41.095,0.77679336,1.0311383,1.1112019,0.5724969,0.7879191,0.85851246,0.73612374,0.71252525,0.3567839,0.7763578,0.5144394,0.46269038,0.59565514,0.2606524,0.50542265,0.65828586,0.4657311,0.013384227,0.20948087,0.39570087,817.5458,834.87177,831.6484,794.57874,805.4579,-0.234619140625,0.083251953125,0.95452880859375,2.235565185546875,-8.314208984375,0.7177734375,1.0,1.0,1.0,2.0,1.0,100.0,event
15:31:41.096,0.77679336,1.0311383,1.1112019,0.5724969,0.7879191,0.85851246,0.73612374,0.71252525,0.3567839,0.7763578,0.5144394,0.46269038,0.59565514,0.2606524,0.50542265,0.65828586,0.4657311,0.013384227,0.20948087,0.39570087,821.1722,840.9158,844.94507,791.3553,788.1319,-0.234619140625,0.083251953125,0.95452880859375,2.235565185546875,-8.314208984375,0.7177734375,1.0,1.0,1.0,2.0,1.0,100.0,event
15:31:41.097,0.77679336,1.0311383,1.1112019,0.5724969,0.7879191,0.85851246,0.73612374,0.71252525,0.3567839,0.7763578,0.5144394,0.46269038,0.59565514,0.2606524,0.50542265,0.65828586,0.4657311,0.013384227,0.20948087,0.39570087,809.4872,828.4249,864.68866,787.72894,776.4469,-0.234619140625,0.083251953125,0.95452880859375,2.235565185546875,-8.314208984375,0.7177734375,1.0,1.0,1.0,2.0,1.0,100.0,event
15:31:41.097,0.77679336,1.0311383,1.1112019,0.5724969,0.7879191,0.85851246,0.73612374,0.71252525,0.3567839,0.7763578,0.5144394,0.46269038,0.59565514,0.2606524,0.50542265,0.65828586,0.4657311,0.013384227,0.20948087,0.39570087,799.81683,821.1722,869.12085,779.2674,884.83514,-0.234619140625,0.083251953125,0.95452880859375,2.235565185546875,-8.314208984375,0.7177734375,1.0,1.0,1.0,2.0,1.0,100.0,event
15:31:41.098,0.77679336,1.0311383,1.1112019,0.5724969,0.7879191,0.85851246,0.73612374,0.71252525,0.3567839,0.7763578,0.5144394,0.46269038,0.59565514,0.2606524,0.50542265,0.65828586,0.4657311,0.013384227,0.20948087,0.39570087,800.2198,826.4103,873.1502,778.46155,927.9487,-0.234619140625,0.083251953125,0.95452880859375,2.235565185546875,-8.314208984375,0.7177734375,1.0,1.0,1.0,2.0,1.0,100.0,event
15:31:41.099,0.77679336,1.0311383,1.1112019,0.5724969,0.7879191,0.85851246,0.73612374,0.71252525,0.3567839,0.7763578,0.5144394,0.46269038,0.59565514,0.2606524,0.50542265,0.65828586,0.4657311,0.013384227,0.20948087,0.39570087,809.89014,826.8132,869.92676,790.14655,842.1245,-0.234619140625,0.083251953125,0.95452880859375,2.235565185546875,-8.314208984375,0.7177734375,1.0,1.0,1.0,2.0,1.0,100.0,event
15:31:41.099,0.77679336,1.0311383,1.1112019,0.5724969,0.7879191,0.85851246,0.73612374,0.71252525,0.3567839,0.7763578,0.5144394,0.46269038,0.59565514,0.2606524,0.50542265,0.65828586,0.4657311,0.013384227,0.20948087,0.39570087,809.4872,822.7839,853.8095,784.90845,815.5311,-0.234619140625,0.083251953125,0.95452880859375,2.235565185546875,-8.314208984375,0.7177734375,1.0,1.0,1.0,2.0,1.0,100.0,event
15:31:41.100,0.77679336,1.0311383,1.1112019,0.5724969,0.7879191,0.85851246,0.73612374,0.71252525,0.3567839,0.7763578,0.5144394,0.46269038,0.59565514,0.2606524,0.50542265,0.65828586,0.4657311,0.013384227,0.20948087,0.39570087,807.0696,810.696,832.4542,786.52014,1084.6886,-0.234619140625,0.083251953125,0.95452880859375,2.235565185546875,-8.314208984375,0.7177734375,1.0,1.0,1.0,2.0,1.0,100.0,event
15:31:41.101,0.77679336,1.0311383,1.1112019,0.5724969,0.7879191,0.85851246,0.73612374,0.71252525,0.3567839,0.7763578,0.5144394,0.46269038,0.59565514,0.2606524,0.50542265,0.65828586,0.4657311,0.013384227,0.20948087,0.39570087,804.65204,820.7692,841.31866,785.7143,1029.4872,-0.234619140625,0.083251953125,0.95452880859375,2.235565185546875,-8.314208984375,0.7177734375,1.0,1.0,1.0,2.0,1.0,100.0,event
15:31:41.102,0.77679336,1.0311383,1.1112019,0.5724969,0.7879191,0.85851246,0.73612374,0.71252525,0.3567839,0.7763578,0.5144394,0.46269038,0.59565514,0.2606524,0.50542265,0.65828586,0.4657311,0.013384227,0.20948087,0.39570087,805.8608,829.2308,842.1245,770.40295,741.39197,-0.234619140625,0.083251953125,0.95452880859375,2.235565185546875,-8.314208984375,0.7177734375,1.0,1.0,1.0,2.0,1.0,100.0,event
15:31:41.125,0.77679336,1.0311383,1.1112019,0.5724969,0.7879191,0.85851246,0.73612374,0.71252525,0.3567839,0.7763578,0.5144394,0.46269038,0.59565514,0.2606524,0.50542265,0.65828586,0.4657311,0.013384227,0.20948087,0.39570087,802.23444,816.7399,826.4103,774.83514,764.7619,-0.216064453125,0.09295654296875,0.98016357421875,2.624359130859375,-6.23565673828125,-1.136474609375,1.0,1.0,1.0,2.0,1.0,100.0,event
15:31:41.127,0.77679336,1.0311383,1.1112019,0.5724969,0.7879191,0.85851246,0.73612374,0.71252525,0.3567839,0.7763578,0.5144394,0.46269038,0.59565514,0.2606524,0.50542265,0.65828586,0.4657311,0.013384227,0.20948087,0.39570087,793.36993,815.5311,820.7692,771.6117,760.32965,-0.216064453125,0.09295654296875,0.98016357421875,2.624359130859375,-6.23565673828125,-1.136474609375,1.0,1.0,1.0,2.0,1.0,100.0,event
15:31:41.128,0.77679336,1.0311383,1.1112019,0.5724969,0.7879191,0.85851246,0.73612374,0.71252525,0.3567839,0.7763578,0.5144394,0.46269038,0.59565514,0.2606524,0.50542265,0.65828586,0.4657311,0.013384227,0.20948087,0.39570087,795.38464,815.9341,813.91943,761.13556,717.2161,-0.216064453125,0.09295654296875,0.98016357421875,2.624359130859375,-6.23565673828125,-1.136474609375,1.0,1.0,1.0,2.0,1.0,100.0,event
15:31:41.129,0.77679336,1.0311383,1.1112019,0.5724969,0.7879191,0.85851246,0.73612374,0.71252525,0.3567839,0.7763578,0.5144394,0.46269038,0.59565514,0.2606524,0.50542265,0.65828586,0.4657311,0.013384227,0.20948087,0.39570087,794.17584,812.3077,808.2784,763.95605,705.5311,-0.216064453125,0.09295654296875,0.98016357421875,2.624359130859375,-6.23565673828125,-1.136474609375,1.0,1.0,1.0,2.0,1.0,100.0,event
15:31:41.129,0.77679336,1.0311383,1.1112019,0.5724969,0.7879191,0.85851246,0.73612374,0.71252525,0.3567839,0.7763578,0.5144394,0.46269038,0.59565514,0.2606524,0.50542265,0.65828586,0.4657311,0.013384227,0.20948087,0.39570087,791.3553,804.65204,804.2491,773.6264,772.4176,-0.216064453125,0.09295654296875,0.98016357421875,2.624359130859375,-6.23565673828125,-1.136474609375,1.0,1.0,1.0,2.0,1.0,100.0,event
15:31:41.130,0.77679336,1.0311383,1.1112019,0.5724969,0.7879191,0.85851246,0.73612374,0.71252525,0.3567839,0.7763578,0.5144394,0.46269038,0.59565514,0.2606524,0.50542265,0.65828586,0.4657311,0.013384227,0.20948087,0.39570087,784.90845,798.20514,796.5934,772.8205,825.2015,-0.216064453125,0.09295654296875,0.98016357421875,2.624359130859375,-6.23565673828125,-1.136474609375,1.0,1.0,1.0,2.0,1.0,100.0,event
15:31:41.130,0.77679336,1.0311383,1.1112019,0.5724969,0.7879191,0.85851246,0.73612374,0.71252525,0.3567839,0.7763578,0.5144394,0.46269038,0.59565514,0.2606524,0.50542265,0.65828586,0.4657311,0.013384227,0.20948087,0.39570087,788.1319,793.36993,786.52014,770.80585,791.75824,-0.216064453125,0.09295654296875,0.98016357421875,2.624359130859375,-6.23565673828125,-1.136474609375,1.0,1.0,1.0,2.0,1.0,100.0,event
15:31:41.131,0.77679336,1.0311383,1.1112019,0.5724969,0.7879191,0.85851246,0.73612374,0.71252525,0.3567839,0.7763578,0.5144394,0.46269038,0.59565514,0.2606524,0.50542265,0.65828586,0.4657311,0.013384227,0.20948087,0.39570087,789.34064,794.17584,787.326,771.6117,738.5714,-0.216064453125,0.09295654296875,0.98016357421875,2.624359130859375,-6.23565673828125,-1.136474609375,1.0,1.0,1.0,2.0,1.0,100.0,event
15:31:41.131,0.77679336,1.0311383,1.1112019,0.5724969,0.7879191,0.85851246,0.73612374,0.71252525,0.3567839,0.7763578,0.5144394,0.46269038,0.59565514,0.2606524,0.50542265,0.65828586,0.4657311,0.013384227,0.20948087,0.39570087,775.2381,784.90845,782.8938,766.3736,888.0586,-0.216064453125,0.09295654296875,0.98016357421875,2.624359130859375,-6.23565673828125,-1.136474609375,1.0,1.0,1.0,2.0,1.0,100.0,event
15:31:41.132,0.77679336,1.0311383,1.1112019,0.5724969,0.7879191,0.85851246,0.73612374,0.71252525,0.3567839,0.7763578,0.5144394,0.46269038,0.59565514,0.2606524,0.50542265,0.65828586,0.4657311,0.013384227,0.20948087,0.39570087,780.4762,776.8498,785.7143,766.3736,931.978,-0.216064453125,0.09295654296875,0.98016357421875,2.624359130859375,-6.23565673828125,-1.136474609375,1.0,1.0,1.0,2.0,1.0,100.0,event
15:31:41.134,0.77679336,1.0311383,1.1112019,0.5724969,0.7879191,0.85851246,0.73612374,0.71252525,0.3567839,0.7763578,0.5144394,0.46269038,0.59565514,0.2606524,0.50542265,0.65828586,0.4657311,0.013384227,0.20948087,0.39570087,794.17584,788.93774,805.4579,771.6117,681.75824,-0.216064453125,0.09295654296875,0.98016357421875,2.624359130859375,-6.23565673828125,-1.136474609375,1.0,1.0,1.0,2.0,1.0,100.0,event
15:31:41.135,0.77679336,1.0311383,1.1112019,0.5724969,0.7879191,0.85851246,0.73612374,0.71252525,0.3567839,0.7763578,0.5144394,0.46269038,0.59565514,0.2606524,0.50542265,0.65828586,0.4657311,0.013384227,0.20948087,0.39570087,796.1905,790.9524,792.5641,777.6557,737.76556,-0.216064453125,0.09295654296875,0.98016357421875,2.624359130859375,-6.23565673828125,-1.136474609375,1.0,1.0,1.0,2.0,1.0,100.0,event
15:31:41.158,0.77679336,1.0311383,1.1112019,0.5724969,0.7879191,0.85851246,0.73612374,0.71252525,0.3567839,0.7763578,0.5144394,0.46269038,0.59565514,0.2606524,0.50542265,0.65828586,0.4657311,0.013384227,0.20948087,0.39570087,796.1905,782.0879,784.10254,778.46155,915.4579,-0.21856689453125,0.0863037109375,0.9691162109375,0.829925537109375,-3.342132568359375,-0.456085205078125,1.0,1.0,1.0,2.0,1.0,100.0,event
15:31:41.159,0.77679336,1.0311383,1.1112019,0.5724969,0.7879191,0.85851246,0.73612374,0.71252525,0.3567839,0.7763578,0.5144394,0.46269038,0.59565514,0.2606524,0.50542265,0.65828586,0.4657311,0.013384227,0.20948087,0.39570087,795.38464,782.8938,789.34064,772.4176,821.978,-0.21856689453125,0.0863037109375,0.9691162109375,0.829925537109375,-3.342132568359375,-0.456085205078125,1.0,1.0,1.0,2.0,1.0,100.0,event
15:31:41.160,0.77679336,1.0311383,1.1112019,0.5724969,0.7879191,0.85851246,0.73612374,0.71252525,0.3567839,0.7763578,0.5144394,0.46269038,0.59565514,0.2606524,0.50542265,0.65828586,0.4657311,0.013384227,0.20948087,0.39570087,798.60803,777.25275,777.25275,767.5824,701.9048,-0.21856689453125,0.0863037109375,0.9691162109375,0.829925537109375,-3.342132568359375,-0.456085205078125,1.0,1.0,1.0,2.0,1.0,100.0,event
15:31:41.161,0.77679336,1.0311383,1.1112019,0.5724969,0.7879191,0.85851246,0.73612374,0.71252525,0.3567839,0.7763578,0.5144394,0.46269038,0.59565514,0.2606524,0.50542265,0.65828586,0.4657311,0.013384227,0.20948087,0.39570087,786.1172,757.1062,768.7912,763.1502,764.7619,-0.21856689453125,0.0863037109375,0.9691162109375,0.829925537109375,-3.342132568359375,-0.456085205078125,1.0,1.0,1.0,2.0,1.0,100.0,event
15:31:41.161,0.77679336,1.0311383,1.1112019,0.5724969,0.7879191,0.85851246,0.73612374,0.71252525,0.3567839,0.7763578,0.5144394,0.46269038,0.59565514,0.2606524,0.50542265,0.65828586,0.4657311,0.013384227,0.20948087,0.39570087,795.38464,759.92676,767.98535,773.6264,839.304,-0.21856689453125,0.0863037109375,0.9691162109375,0.829925537109375,-3.342132568359375,-0.456085205078125,1.0,1.0,1.0,2.0,1.0,100.0,event
15:31:41.162,0.77679336,1.0311383,1.1112019,0.5724969,0.7879191,0.85851246,0.73612374,0.71252525,0.3567839,0.7763578,0.5144394,0.46269038,0.59565514,0.2606524,0.50542265,0.65828586,0.4657311,0.013384227,0.20948087,0.39570087,811.9048,763.95605,757.50916,777.6557,845.7509,-0.21856689453125,0.0863037109375,0.9691162109375,0.829925537109375,-3.342132568359375,-0.456085205078125,1.0,1.0,1.0,2.0,1.0,100.0,event
15:31:41.163,0.77679336,1.0311383,1.1112019,0.5724969,0.7879191,0.85851246,0.73612374,0.71252525,0.3567839,0.7763578,0.5144394,0.46269038,0.59565514,0.2606524,0.50542265,0.65828586,0.4657311,0.013384227,0.20948087,0.39570087,784.5055,758.315,758.315,771.2088,841.7216,-0.21856689453125,0.0863037109375,0.9691162109375,0.829925537109375,-3.342132568359375,-0.456085205078125,1.0,1.0,1.0,2.0,1.0,100.0,event
15:31:41.163,0.77679336,1.0311383,1.1112019,0.5724969,0.7879191,0.85851246,0.73612374,0.71252525,0.3567839,0.7763578,0.5144394,0.46269038,0.59565514,0.2606524,0.50542265,0.65828586,0.4657311,0.013384227,0.20948087,0.39570087,788.5348,758.71796,763.1502,770.40295,778.0586,-0.21856689453125,0.0863037109375,0.9691162109375,0.829925537109375,-3.342132568359375,-0.456085205078125,1.0,1.0,1.0,2.0,1.0,100.0,event
15:31:41.164,0.77679336,1.0311383,1.1112019,0.5724969,0.7879191,0.85851246,0.73612374,0.71252525,0.3567839,0.7763578,0.5144394,0.46269038,0.59565514,0.2606524,0.50542265,0.65828586,0.4657311,0.013384227,0.20948087,0.39570087,808.68134,754.68866,757.9121,768.3883,946.08057,-0.21856689453125,0.0863037109375,0.9691162109375,0.829925537109375,-3.342132568359375,-0.456085205078125,1.0,1.0,1.0,2.0,1.0,100.0,event
15:31:41.165,0.77679336,1.0311383,1.1112019,0.5724969,0.7879191,0.85851246,0.73612374,0.71252525,0.3567839,0.7763578,0.5144394,0.46269038,0.59565514,0.2606524,0.50542265,0.65828586,0.4657311,0.013384227,0.20948087,0.39570087,814.7253,759.5238,773.6264,784.90845,923.1135,-0.21856689453125,0.0863037109375,0.9691162109375,0.829925537109375,-3.342132568359375,-0.456085205078125,1.0,1.0,1.0,2.0,1.0,100.0,event
15:31:41.165,0.77679336,1.0311383,1.1112019,0.5724969,0.7879191,0.85851246,0.73612374,0.71252525,0.3567839,0.7763578,0.5144394,0.46269038,0.59565514,0.2606524,0.50542265,0.65828586,0.4657311,0.013384227,0.20948087,0.39570087,816.337,765.9707,765.56775,786.9231,720.4396,-0.21856689453125,0.0863037109375,0.9691162109375,0.829925537109375,-3.342132568359375,-0.456085205078125,1.0,1.0,1.0,2.0,1.0,100.0,event
15:31:41.166,0.77679336,1.0311383,1.1112019,0.5724969,0.7879191,0.85851246,0.73612374,0.71252525,0.3567839,0.7763578,0.5144394,0.46269038,0.59565514,0.2606524,0.50542265,0.65828586,0.4657311,0.013384227,0.20948087,0.39570087,789.7436,774.43225,749.0476,761.9414,802.23444,-0.21856689453125,0.0863037109375,0.9691162109375,0.829925537109375,-3.342132568359375,-0.456085205078125,1.0,1.0,1.0,2.0,1.0,100.0,event
15:31:41.221,0.77679336,1.0311383,1.1112019,0.5724969,0.7879191,0.85851246,0.73612374,0.71252525,0.3567839,0.7763578,0.5144394,0.46269038,0.59565514,0.2606524,0.50542265,0.65828586,0.4657311,0.013384227,0.20948087,0.39570087,794.57874,784.10254,754.68866,753.8828,782.0879,-0.21856689453125,0.0863037109375,0.9691162109375,0.829925537109375,-3.342132568359375,-0.456085205078125,1.0,1.0,1.0,2.0,1.0,100.0,event
15:31:41.222,0.77679336,1.0311383,1.1112019,0.5724969,0.7879191,0.85851246,0.73612374,0.71252525,0.3567839,0.7763578,0.5144394,0.46269038,0.59565514,0.2606524,0.50542265,0.65828586,0.4657311,0.013384227,0.20948087,0.39570087,800.6227,781.685,758.71796,758.315,660.40295,-0.21856689453125,0.0863037109375,0.9691162109375,0.829925537109375,-3.342132568359375,-0.456085205078125,1.0,1.0,1.0,2.0,1.0,100.0,event
15:31:41.223,0.77679336,1.0311383,1.1112019,0.5724969,0.7879191,0.85851246,0.73612374,0.71252525,0.3567839,0.7763578,0.5144394,0.46269038,0.59565514,0.2606524,0.50542265,0.65828586,0.4657311,0.013384227,0.20948087,0.39570087,802.23444,773.6264,765.16486,763.5531,655.9707,-0.21856689453125,0.0863037109375,0.9691162109375,0.829925537109375,-3.342132568359375,-0.456085205078125,1.0,1.0,1.0,2.0,1.0,100.0,event
15:31:41.224,0.77679336,1.0311383,1.1112019,0.5724969,0.7879191,0.85851246,0.73612374,0.71252525,0.3567839,0.7763578,0.5144394,0.46269038,0.59565514,0.2606524,0.50542265,0.65828586,0.4657311,0.013384227,0.20948087,0.39570087,805.05493,757.9121,769.19415,772.01465,902.1612,-0.21856689453125,0.0863037109375,0.9691162109375,0.829925537109375,-3.342132568359375,-0.456085205078125,1.0,1.0,1.0,2.0,1.0,100.0,event
15:31:41.225,0.77679336,1.0311383,1.1112019,0.5724969,0.7879191,0.85851246,0.73612374,0.71252525,0.3567839,0.7763578,0.5144394,0.46269038,0.59565514,0.2606524,0.50542265,0.65828586,0.4657311,0.013384227,0.20948087,0.39570087,786.1172,755.09155,782.49084,770.0,928.3516,-0.21856689453125,0.0863037109375,0.9691162109375,0.829925537109375,-3.342132568359375,-0.456085205078125,1.0,1.0,1.0,2.0,1.0,100.0,event
15:31:41.225,0.77679336,1.0311383,1.1112019,0.5724969,0.7879191,0.85851246,0.73612374,0.71252525,0.3567839,0.7763578,0.5144394,0.46269038,0.59565514,0.2606524,0.50542265,0.65828586,0.4657311,0.013384227,0.20948087,0.39570087,790.14655,763.5531,785.7143,763.1502,815.9341,-0.21856689453125,0.0863037109375,0.9691162109375,0.829925537109375,-3.342132568359375,-0.456085205078125,1.0,1.0,1.0,2.0,1.0,100.0,event
15:31:41.226,0.77679336,1.0311383,1.1112019,0.5724969,0.7879191,0.85851246,0.73612374,0.71252525,0.3567839,0.7763578,0.5144394,0.46269038,0.59565514,0.2606524,0.50542265,0.65828586,0.4657311,0.013384227,0.20948087,0.39570087,792.96704,766.3736,786.9231,772.4176,770.80585,-0.21856689453125,0.0863037109375,0.9691162109375,0.829925537109375,-3.342132568359375,-0.456085205078125,1.0,1.0,1.0,2.0,1.0,100.0,event
15:31:41.227,0.77679336,1.0311383,1.1112019,0.5724969,0.7879191,0.85851246,0.73612374,0.71252525,0.3567839,0.7763578,0.5144394,0.46269038,0.59565514,0.2606524,0.50542265,0.65828586,0.4657311,0.013384227,0.20948087,0.39570087,798.60803,760.7326,780.4762,796.5934,881.6117,-0.21856689453125,0.0863037109375,0.9691162109375,0.829925537109375,-3.342132568359375,-0.456085205078125,1.0,1.0,1.0,2.0,1.0,100.0,event
15:31:41.228,0.77679336,1.0311383,1.1112019,0.5724969,0.7879191,0.85851246,0.73612374,0.71252525,0.3567839,0.7763578,0.5144394,0.46269038,0.59565514,0.2606524,0.50542265,0.65828586,0.4657311,0.013384227,0.20948087,0.39570087,796.99634,770.40295,781.28204,788.5348,1003.2967,-0.21856689453125,0.0863037109375,0.9691162109375,0.829925537109375,-3.342132568359375,-0.456085205078125,1.0,1.0,1.0,2.0,1.0,100.0,event
15:31:41.228,0.77679336,1.0311383,1.1112019,0.5724969,0.7879191,0.85851246,0.73612374,0.71252525,0.3567839,0.7763578,0.5144394,0.46269038,0.59565514,0.2606524,0.50542265,0.65828586,0.4657311,0.013384227,0.20948087,0.39570087,792.1612,786.52014,791.75824,775.64105,745.42126,-0.21856689453125,0.0863037109375,0.9691162109375,0.829925537109375,-3.342132568359375,-0.456085205078125,1.0,1.0,1.0,2.0,1.0,100.0,event
15:31:41.229,0.77679336,1.0311383,1.1112019,0.5724969,0.7879191,0.85851246,0.73612374,0.71252525,0.3567839,0.7763578,0.5144394,0.46269038,0.59565514,0.2606524,0.50542265,0.65828586,0.4657311,0.013384227,0.20948087,0.39570087,807.47253,782.8938,775.2381,766.3736,633.00366,-0.21856689453125,0.0863037109375,0.9691162109375,0.829925537109375,-3.342132568359375,-0.456085205078125,1.0,1.0,1.0,2.0,1.0,100.0,event
15:31:41.230,0.77679336,1.0311383,1.1112019,0.5724969,0.7879191,0.85851246,0.73612374,0.71252525,0.3567839,0.7763578,0.5144394,0.46269038,0.59565514,0.2606524,0.50542265,0.65828586,0.4657311,0.013384227,0.20948087,0.39570087,813.91943,781.28204,778.86444,765.56775,700.696,-0.21856689453125,0.0863037109375,0.9691162109375,0.829925537109375,-3.342132568359375,-0.456085205078125,1.0,1.0,1.0,2.0,1.0,100.0,event
15:31:41.254,0.77679336,1.0311383,1.1112019,0.5724969,0.7879191,0.85851246,0.73612374,0.71252525,0.3567839,0.7763578,0.5144394,0.46269038,0.59565514,0.2606524,0.50542265,0.65828586,0.4657311,0.013384227,0.20948087,0.39570087,805.4579,778.0586,796.1905,780.4762,760.32965,-0.2205810546875,0.080078125,0.94677734375,0.82244873046875,-2.145843505859375,0.471038818359375,1.0,1.0,1.0,2.0,1.0,100.0,event
15:31:41.255,0.77679336,1.0311383,1.1112019,0.5724969,0.7879191,0.85851246,0.73612374,0.71252525,0.3567839,0.7763578,0.5144394,0.46269038,0.59565514,0.2606524,0.50542265,0.65828586,0.4657311,0.013384227,0.20948087,0.39570087,790.14655,776.4469,799.41394,788.1319,718.022,-0.2205810546875,0.080078125,0.94677734375,0.82244873046875,-2.145843505859375,0.471038818359375,1.0,1.0,1.0,2.0,1.0,100.0,event
15:31:41.256,0.77679336,1.0311383,1.1112019,0.5724969,0.7879191,0.85851246,0.73612374,0.71252525,0.3567839,0.7763578,0.5144394,0.46269038,0.59565514,0.2606524,0.50542265,0.65828586,0.4657311,0.013384227,0.20948087,0.39570087,796.1905,778.0586,786.9231,785.31134,673.69965,-0.2205810546875,0.080078125,0.94677734375,0.82244873046875,-2.145843505859375,0.471038818359375,1.0,1.0,1.0,2.0,1.0,100.0,event
15:31:41.258,0.77679336,1.0311383,1.1112019,0.5724969,0.7879191,0.85851246,0.73612374,0.71252525,0.3567839,0.7763578,0.5144394,0.46269038,0.59565514,0.2606524,0.50542265,0.65828586,0.4657311,0.013384227,0.20948087,0.39570087,797.8022,779.2674,780.87915,772.8205,688.60803,-0.2205810546875,0.080078125,0.94677734375,0.82244873046875,-2.145843505859375,0.471038818359375,1.0,1.0,1.0,2.0,1.0,100.0,event
15:31:41.259,0.77679336,1.0311383,1.1112019,0.5724969,0.7879191,0.85851246,0.73612374,0.71252525,0.3567839,0.7763578,0.5144394,0.46269038,0.59565514,0.2606524,0.50542265,0.65828586,0.4657311,0.013384227,0.20948087,0.39570087,804.2491,783.2967,790.14655,766.3736,696.26373,-0.2205810546875,0.080078125,0.94677734375,0.82244873046875,-2.145843505859375,0.471038818359375,1.0,1.0,1.0,2.0,1.0,100.0,event
15:31:41.260,0.77679336,1.0311383,1.1112019,0.5724969,0.7879191,0.85851246,0.73612374,0.71252525,0.3567839,0.7763578,0.5144394,0.46269038,0.59565514,0.2606524,0.50542265,0.65828586,0.4657311,0.013384227,0.20948087,0.39570087,782.49084,782.0879,791.3553,768.3883,871.9414,-0.2205810546875,0.080078125,0.94677734375,0.82244873046875,-2.145843505859375,0.471038818359375,1.0,1.0,1.0,2.0,1.0,100.0,event
15:31:41.260,0.77679336,1.0311383,1.1112019,0.5724969,0.7879191,0.85851246,0.73612374,0.71252525,0.3567839,0.7763578,0.5144394,0.46269038,0.59565514,0.2606524,0.50542265,0.65828586,0.4657311,0.013384227,0.20948087,0.39570087,809.0842,783.2967,792.1612,767.5824,753.47986,-0.2205810546875,0.080078125,0.94677734375,0.82244873046875,-2.145843505859375,0.471038818359375,1.0,1.0,1.0,2.0,1.0,100.0,event
15:31:41.261,0.77679336,1.0311383,1.1112019,0.5724969,0.7879191,0.85851246,0.73612374,0.71252525,0.3567839,0.7763578,0.5144394,0.46269038,0.59565514,0.2606524,0.50542265,0.65828586,0.4657311,0.013384227,0.20948087,0.39570087,780.07324,780.87915,783.2967,763.5531,1150.7693,-0.2205810546875,0.080078125,0.94677734375,0.82244873046875,-2.145843505859375,0.471038818359375,1.0,1.0,1.0,2.0,1.0,100.0,event
15:31:41.262,0.77679336,1.0311383,1.1112019,0.5724969,0.7879191,0.85851246,0.73612374,0.71252525,0.3567839,0.7763578,0.5144394,0.46269038,0.59565514,0.2606524,0.50542265,0.65828586,0.4657311,0.013384227,0.20948087,0.39570087,778.46155,789.34064,792.1612,791.75824,1060.5128,-0.2205810546875,0.080078125,0.94677734375,0.82244873046875,-2.145843505859375,0.471038818359375,1.0,1.0,1.0,2.0,1.0,100.0,event
15:31:41.263,0.77679336,1.0311383,1.1112019,0.5724969,0.7879191,0.85851246,0.73612374,0.71252525,0.3567839,0.7763578,0.5144394,0.46269038,0.59565514,0.2606524,0.50542265,0.65828586,0.4657311,0.013384227,0.20948087,0.39570087,768.7912,804.2491,794.9817,776.8498,680.9524,-0.2205810546875,0.080078125,0.94677734375,0.82244873046875,-2.145843505859375,0.471038818359375,1.0,1.0,1.0,2.0,1.0,100.0,event
15:31:41.264,0.77679336,1.0311383,1.1112019,0.5724969,0.7879191,0.85851246,0.73612374,0.71252525,0.3567839,0.7763578,0.5144394,0.46269038,0.59565514,0.2606524,0.50542265,0.65828586,0.4657311,0.013384227,0.20948087,0.39570087,785.31134,788.93774,784.10254,776.04395,714.3956,-0.2205810546875,0.080078125,0.94677734375,0.82244873046875,-2.145843505859375,0.471038818359375,1.0,1.0,1.0,2.0,1.0,100.0,event
15:31:41.265,0.77679336,1.0311383,1.1112019,0.5724969,0.7879191,0.85851246,0.73612374,0.71252525,0.3567839,0.7763578,0.5144394,0.46269038,0.59565514,0.2606524,0.50542265,0.65828586,0.4657311,0.013384227,0.20948087,0.39570087,785.31134,776.4469,782.8938,807.47253,769.19415,-0.2205810546875,0.080078125,0.94677734375,0.82244873046875,-2.145843505859375,0.471038818359375,1.0,1.0,1.0,2.0,1.0,100.0,event
15:31:41.326,0.77679336,1.0311383,1.1112019,0.5724969,0.7879191,0.85851246,0.73612374,0.71252525,0.3567839,0.7763578,0.5144394,0.46269038,0.59565514,0.2606524,0.50542265,0.65828586,0.4657311,0.013384227,0.20948087,0.39570087,794.57874,787.72894,786.9231,787.72894,683.36993,-0.23651123046875,0.0726318359375,0.94952392578125,1.248626708984375,-2.833709716796875,0.3887939453125,1.0,1.0,1.0,2.0,1.0,100.0,event
15:31:41.327,0.77679336,1.0311383,1.1112019,0.5724969,0.7879191,0.85851246,0.73612374,0.71252525,0.3567839,0.7763578,0.5144394,0.46269038,0.59565514,0.2606524,0.50542265,0.65828586,0.4657311,0.013384227,0.20948087,0.39570087,822.7839,790.54944,786.9231,782.0879,652.74725,-0.23651123046875,0.0726318359375,0.94952392578125,1.248626708984375,-2.833709716796875,0.3887939453125,1.0,1.0,1.0,2.0,1.0,100.0,event
15:31:41.329,0.77679336,1.0311383,1.1112019,0.5724969,0.7879191,0.85851246,0.73612374,0.71252525,0.3567839,0.7763578,0.5144394,0.46269038,0.59565514,0.2606524,0.50542265,0.65828586,0.4657311,0.013384227,0.20948087,0.39570087,799.41394,787.326,775.2381,788.93774,744.61536,-0.23651123046875,0.0726318359375,0.94952392578125,1.248626708984375,-2.833709716796875,0.3887939453125,1.0,1.0,1.0,2.0,1.0,100.0,event
15:31:41.331,0.77679336,1.0311383,1.1112019,0.5724969,0.7879191,0.85851246,0.73612374,0.71252525,0.3567839,0.7763578,0.5144394,0.46269038,0.59565514,0.2606524,0.50542265,0.65828586,0.4657311,0.013384227,0.20948087,0.39570087,772.01465,792.96704,778.0586,766.77655,832.0513,-0.23651123046875,0.0726318359375,0.94952392578125,1.248626708984375,-2.833709716796875,0.3887939453125,1.0,1.0,1.0,2.0,1.0,100.0,event
15:31:41.332,0.77679336,1.0311383,1.1112019,0.5724969,0.7879191,0.85851246,0.73612374,0.71252525,0.3567839,0.7763578,0.5144394,0.46269038,0.59565514,0.2606524,0.50542265,0.65828586,0.4657311,0.013384227,0.20948087,0.39570087,759.92676,791.3553,786.9231,761.13556,822.381,-0.23651123046875,0.0726318359375,0.94952392578125,1.248626708984375,-2.833709716796875,0.3887939453125,1.0,1.0,1.0,2.0,1.0,100.0,event
15:31:41.332,0.77679336,1.0311383,1.1112019,0.5724969,0.7879191,0.85851246,0.73612374,0.71252525,0.3567839,0.7763578,0.5144394,0.46269038,0.59565514,0.2606524,0.50542265,0.65828586,0.4657311,0.013384227,0.20948087,0.39570087,795.78754,792.96704,788.1319,755.89746,775.64105,-0.23651123046875,0.0726318359375,0.94952392578125,1.248626708984375,-2.833709716796875,0.3887939453125,1.0,1.0,1.0,2.0,1.0,100.0,event
15:31:41.333,0.77679336,1.0311383,1.1112019,0.5724969,0.7879191,0.85851246,0.73612374,0.71252525,0.3567839,0.7763578,0.5144394,0.46269038,0.59565514,0.2606524,0.50542265,0.65828586,0.4657311,0.013384227,0.20948087,0.39570087,753.47986,789.34064,784.5055,768.3883,1086.3004,-0.23651123046875,0.0726318359375,0.94952392578125,1.248626708984375,-2.833709716796875,0.3887939453125,1.0,1.0,1.0,2.0,1.0,100.0,event
15:31:41.334,0.77679336,1.0311383,1.1112019,0.5724969,0.7879191,0.85851246,0.73612374,0.71252525,0.3567839,0.7763578,0.5144394,0.46269038,0.59565514,0.2606524,0.50542265,0.65828586,0.4657311,0.013384227,0.20948087,0.39570087,827.619,795.38464,799.011,794.9817,1105.238,-0.23651123046875,0.0726318359375,0.94952392578125,1.248626708984375,-2.833709716796875,0.3887939453125,1.0,1.0,1.0,2.0,1.0,100.0,event
15:31:41.335,0.77679336,1.0311383,1.1112019,0.5724969,0.7879191,0.85851246,0.73612374,0.71252525,0.3567839,0.7763578,0.5144394,0.46269038,0.59565514,0.2606524,0.50542265,0.65828586,0.4657311,0.013384227,0.20948087,0.39570087,809.89014,807.8755,811.0989,776.8498,761.9414,-0.23651123046875,0.0726318359375,0.94952392578125,1.248626708984375,-2.833709716796875,0.3887939453125,1.0,1.0,1.0,2.0,1.0,100.0,event
15:31:41.335,0.77679336,1.0311383,1.1112019,0.5724969,0.7879191,0.85851246,0.73612374,0.71252525,0.3567839,0.7763578,0.5144394,0.46269038,0.59565514,0.2606524,0.50542265,0.65828586,0.4657311,0.013384227,0.20948087,0.39570087,800.6227,793.36993,803.44324,786.52014,754.68866,-0.23651123046875,0.0726318359375,0.94952392578125,1.248626708984375,-2.833709716796875,0.3887939453125,1.0,1.0,1.0,2.0,1.0,100.0,event
15:31:41.336,0.77679336,1.0311383,1.1112019,0.5724969,0.7879191,0.85851246,0.73612374,0.71252525,0.3567839,0.7763578,0.5144394,0.46269038,0.59565514,0.2606524,0.50542265,0.65828586,0.4657311,0.013384227,0.20948087,0.39570087,794.57874,778.46155,823.9927,780.87915,861.8681,-0.23651123046875,0.0726318359375,0.94952392578125,1.248626708984375,-2.833709716796875,0.3887939453125,1.0,1.0,1.0,2.0,1.0,100.0,event
15:31:41.337,0.77679336,1.0311383,1.1112019,0.5724969,0.7879191,0.85851246,0.73612374,0.71252525,0.3567839,0.7763578,0.5144394,0.46269038,0.59565514,0.2606524,0.50542265,0.65828586,0.4657311,0.013384227,0.20948087,0.39570087,782.49084,782.0879,827.619,757.1062,791.75824,-0.23651123046875,0.0726318359375,0.94952392578125,1.248626708984375,-2.833709716796875,0.3887939453125,1.0,1.0,1.0,2.0,1.0,100.0,event
15:31:41.370,0.77679336,1.0311383,1.1112019,0.5724969,0.7879191,0.85851246,0.73612374,0.71252525,0.3567839,0.7763578,0.5144394,0.46269038,0.59565514,0.2606524,0.50542265,0.65828586,0.4657311,0.013384227,0.20948087,0.39570087,815.12823,796.1905,819.5604,805.4579,646.30035,-0.2230224609375,0.0841064453125,0.952392578125,4.837493896484375,-4.53094482421875,0.0299072265625,1.0,1.0,1.0,2.0,1.0,100.0,event
15:31:41.371,0.77679336,1.0311383,1.1112019,0.5724969,0.7879191,0.85851246,0.73612374,0.71252525,0.3567839,0.7763578,0.5144394,0.46269038,0.59565514,0.2606524,0.50542265,0.65828586,0.4657311,0.013384227,0.20948087,0.39570087,832.8571,795.38464,826.8132,816.337,667.6557,-0.2230224609375,0.0841064453125,0.952392578125,4.837493896484375,-4.53094482421875,0.0299072265625,1.0,1.0,1.0,2.0,1.0,100.0,event
15:31:41.375,0.77679336,1.0311383,1.1112019,0.5724969,0.7879191,0.85851246,0.73612374,0.71252525,0.3567839,0.7763578,0.5144394,0.46269038,0.59565514,0.2606524,0.50542265,0.65828586,0.4657311,0.013384227,0.20948087,0.39570087,755.09155,783.2967,829.2308,768.7912,731.7216,-0.2230224609375,0.0841064453125,0.952392578125,4.837493896484375,-4.53094482421875,0.0299072265625,1.0,1.0,1.0,2.0,1.0,100.0,event
15:31:41.375,0.77679336,1.0311383,1.1112019,0.5724969,0.7879191,0.85851246,0.73612374,0.71252525,0.3567839,0.7763578,0.5144394,0.46269038,0.59565514,0.2606524,0.50542265,0.65828586,0.4657311,0.013384227,0.20948087,0.39570087,777.25275,787.72894,818.3516,786.1172,765.9707,-0.2230224609375,0.0841064453125,0.952392578125,4.837493896484375,-4.53094482421875,0.0299072265625,1.0,1.0,1.0,2.0,1.0,100.0,event
15:31:41.376,0.77679336,1.0311383,1.1112019,0.5724969,0.7879191,0.85851246,0.73612374,0.71252525,0.3567839,0.7763578,0.5144394,0.46269038,0.59565514,0.2606524,0.50542265,0.65828586,0.4657311,0.013384227,0.20948087,0.39570087,804.65204,794.17584,832.8571,786.1172,721.6484,-0.2230224609375,0.0841064453125,0.952392578125,4.837493896484375,-4.53094482421875,0.0299072265625,1.0,1.0,1.0,2.0,1.0,100.0,event
15:31:41.377,0.77679336,1.0311383,1.1112019,0.5724969,0.7879191,0.85851246,0.73612374,0.71252525,0.3567839,0.7763578,0.5144394,0.46269038,0.59565514,0.2606524,0.50542265,0.65828586,0.4657311,0.013384227,0.20948087,0.39570087,805.8608,803.8461,821.1722,774.83514,834.0659,-0.2230224609375,0.0841064453125,0.952392578125,4.837493896484375,-4.53094482421875,0.0299072265625,1.0,1.0,1.0,2.0,1.0,100.0,event
15:31:41.377,0.77679336,1.0311383,1.1112019,0.5724969,0.7879191,0.85851246,0.73612374,0.71252525,0.3567839,0.7763578,0.5144394,0.46269038,0.59565514,0.2606524,0.50542265,0.65828586,0.4657311,0.013384227,0.20948087,0.39570087,807.47253,801.02563,830.0366,744.61536,979.5238,-0.2230224609375,0.0841064453125,0.952392578125,4.837493896484375,-4.53094482421875,0.0299072265625,1.0,1.0,1.0,2.0,1.0,100.0,event
15:31:41.378,0.77679336,1.0311383,1.1112019,0.5724969,0.7879191,0.85851246,0.73612374,0.71252525,0.3567839,0.7763578,0.5144394,0.46269038,0.59565514,0.2606524,0.50542265,0.65828586,0.4657311,0.013384227,0.20948087,0.39570087,821.978,802.6374,839.707,795.38464,882.4176,-0.2230224609375,0.0841064453125,0.952392578125,4.837493896484375,-4.53094482421875,0.0299072265625,1.0,1.0,1.0,2.0,1.0,100.0,event
15:31:41.379,0.77679336,1.0311383,1.1112019,0.5724969,0.7879191,0.85851246,0.73612374,0.71252525,0.3567839,0.7763578,0.5144394,0.46269038,0.59565514,0.2606524,0.50542265,0.65828586,0.4657311,0.013384227,0.20948087,0.39570087,806.26373,803.0403,854.21246,826.0073,755.4945,-0.2230224609375,0.0841064453125,0.952392578125,4.837493896484375,-4.53094482421875,0.0299072265625,1.0,1.0,1.0,2.0,1.0,100.0,event
15:31:41.379,0.77679336,1.0311383,1.1112019,0.5724969,0.7879191,0.85851246,0.73612374,0.71252525,0.3567839,0.7763578,0.5144394,0.46269038,0.59565514,0.2606524,0.50542265,0.65828586,0.4657311,0.013384227,0.20948087,0.39570087,793.7729,790.54944,855.82416,805.05493,877.1795,-0.2230224609375,0.0841064453125,0.952392578125,4.837493896484375,-4.53094482421875,0.0299072265625,1.0,1.0,1.0,2.0,1.0,100.0,event
15:31:41.380,0.77679336,1.0311383,1.1112019,0.5724969,0.7879191,0.85851246,0.73612374,0.71252525,0.3567839,0.7763578,0.5144394,0.46269038,0.59565514,0.2606524,0.50542265,0.65828586,0.4657311,0.013384227,0.20948087,0.39570087,815.12823,791.75824,857.4359,811.0989,917.8755,-0.2230224609375,0.0841064453125,0.952392578125,4.837493896484375,-4.53094482421875,0.0299072265625,1.0,1.0,1.0,2.0,1.0,100.0,event
15:31:41.381,0.77679336,1.0311383,1.1112019,0.5724969,0.7879191,0.85851246,0.73612374,0.71252525,0.3567839,0.7763578,0.5144394,0.46269038,0.59565514,0.2606524,0.50542265,0.65828586,0.4657311,0.013384227,0.20948087,0.39570087,819.5604,801.4286,882.4176,813.91943,810.696,-0.2230224609375,0.0841064453125,0.952392578125,4.837493896484375,-4.53094482421875,0.0299072265625,1.0,1.0,1.0,2.0,1.0,100.0,event
15:31:41.426,0.77679336,1.0311383,1.1112019,0.5724969,0.7879191,0.85851246,0.73612374,0.71252525,0.3567839,0.7763578,0.5144394,0.46269038,0.59565514,0.2606524,0.50542265,0.65828586,0.4657311,0.013384227,0.20948087,0.39570087,782.8938,797.8022,863.8828,766.77655,794.9817,-0.23040771484375,0.09014892578125,0.955322265625,2.594451904296875,-4.822540283203125,0.665435791015625,1.0,1.0,1.0,2.0,1.0,100.0,event
15:31:41.427,0.77679336,1.0311383,1.1112019,0.5724969,0.7879191,0.85851246,0.73612374,0.71252525,0.3567839,0.7763578,0.5144394,0.46269038,0.59565514,0.2606524,0.50542265,0.65828586,0.4657311,0.013384227,0.20948087,0.39570087,792.96704,788.5348,836.8865,782.8938,872.3443,-0.23040771484375,0.09014892578125,0.955322265625,2.594451904296875,-4.822540283203125,0.665435791015625,1.0,1.0,1.0,2.0,1.0,100.0,event
15:31:41.428,0.77679336,1.0311383,1.1112019,0.5724969,0.7879191,0.85851246,0.73612374,0.71252525,0.3567839,0.7763578,0.5144394,0.46269038,0.59565514,0.2606524,0.50542265,0.65828586,0.4657311,0.013384227,0.20948087,0.39570087,814.3223,782.49084,859.45056,811.50183,853.8095,-0.23040771484375,0.09014892578125,0.955322265625,2.594451904296875,-4.822540283203125,0.665435791015625,1.0,1.0,1.0,2.0,1.0,100.0,event
15:31:41.429,0.77679336,1.0311383,1.1112019,0.5724969,0.7879191,0.85851246,0.73612374,0.71252525,0.3567839,0.7763578,0.5144394,0.46269038,0.59565514,0.2606524,0.50542265,0.65828586,0.4657311,0.013384227,0.20948087,0.39570087,789.34064,790.14655,884.83514,797.8022,707.9487,-0.23040771484375,0.09014892578125,0.955322265625,2.594451904296875,-4.822540283203125,0.665435791015625,1.0,1.0,1.0,2.0,1.0,100.0,event
15:31:41.430,0.77679336,1.0311383,1.1112019,0.5724969,0.7879191,0.85851246,0.73612374,0.71252525,0.3567839,0.7763578,0.5144394,0.46269038,0.59565514,0.2606524,0.50542265,0.65828586,0.4657311,0.013384227,0.20948087,0.39570087,751.4652,781.28204,885.2381,770.0,730.10986,-0.23040771484375,0.09014892578125,0.955322265625,2.594451904296875,-4.822540283203125,0.665435791015625,1.0,1.0,1.0,2.0,1.0,100.0,event
15:31:41.431,0.77679336,1.0311383,1.1112019,0.5724969,0.7879191,0.85851246,0.73612374,0.71252525,0.3567839,0.7763578,0.5144394,0.46269038,0.59565514,0.2606524,0.50542265,0.65828586,0.4657311,0.013384227,0.20948087,0.39570087,779.67035,782.49084,869.12085,779.67035,914.65204,-0.23040771484375,0.09014892578125,0.955322265625,2.594451904296875,-4.822540283203125,0.665435791015625,1.0,1.0,1.0,2.0,1.0,100.0,event
15:31:41.431,0.77679336,1.0311383,1.1112019,0.5724969,0.7879191,0.85851246,0.73612374,0.71252525,0.3567839,0.7763578,0.5144394,0.46269038,0.59565514,0.2606524,0.50542265,0.65828586,0.4657311,0.013384227,0.20948087,0.39570087,815.12823,793.7729,873.5531,821.1722,950.5128,-0.23040771484375,0.09014892578125,0.955322265625,2.594451904296875,-4.822540283203125,0.665435791015625,1.0,1.0,1.0,2.0,1.0,100.0,event
15:31:41.432,0.77679336,1.0311383,1.1112019,0.5724969,0.7879191,0.85851246,0.73612374,0.71252525,0.3567839,0.7763578,0.5144394,0.46269038,0.59565514,0.2606524,0.50542265,0.65828586,0.4657311,0.013384227,0.20948087,0.39570087,798.60803,787.72894,876.3736,818.7546,769.59705,-0.23040771484375,0.09014892578125,0.955322265625,2.594451904296875,-4.822540283203125,0.665435791015625,1.0,1.0,1.0,2.0,1.0,100.0,event
15:31:41.433,0.77679336,1.0311383,1.1112019,0.5724969,0.7879191,0.85851246,0.73612374,0.71252525,0.3567839,0.7763578,0.5144394,0.46269038,0.59565514,0.2606524,0.50542265,0.65828586,0.4657311,0.013384227,0.20948087,0.39570087,802.6374,780.87915,852.1978,807.8755,839.304,-0.23040771484375,0.09014892578125,0.955322265625,2.594451904296875,-4.822540283203125,0.665435791015625,1.0,1.0,1.0,2.0,1.0,100.0,event
15:31:41.433,0.77679336,1.0311383,1.1112019,0.5724969,0.7879191,0.85851246,0.73612374,0.71252525,0.3567839,0.7763578,0.5144394,0.46269038,0.59565514,0.2606524,0.50542265,0.65828586,0.4657311,0.013384227,0.20948087,0.39570087,803.44324,785.7143,861.8681,799.41394,695.8608,-0.23040771484375,0.09014892578125,0.955322265625,2.594451904296875,-4.822540283203125,0.665435791015625,1.0,1.0,1.0,2.0,1.0,100.0,event
15:31:41.434,0.77679336,1.0311383,1.1112019,0.5724969,0.7879191,0.85851246,0.73612374,0.71252525,0.3567839,0.7763578,0.5144394,0.46269038,0.59565514,0.2606524,0.50542265,0.65828586,0.4657311,0.013384227,0.20948087,0.39570087,786.1172,791.3553,850.58606,819.5604,911.8315,-0.23040771484375,0.09014892578125,0.955322265625,2.594451904296875,-4.822540283203125,0.665435791015625,1.0,1.0,1.0,2.0,1.0,100.0,event
15:31:41.435,0.77679336,1.0311383,1.1112019,0.5724969,0.7879191,0.85851246,0.73612374,0.71252525,0.3567839,0.7763578,0.5144394,0.46269038,0.59565514,0.2606524,0.50542265,0.65828586,0.4657311,0.013384227,0.20948087,0.39570087,792.96704,810.696,845.34796,812.71063,775.64105,-0.23040771484375,0.09014892578125,0.955322265625,2.594451904296875,-4.822540283203125,0.665435791015625,1.0,1.0,1.0,2.0,1.0,100.0,event
15:31:41.459,0.77679336,1.0311383,1.1112019,0.5724969,0.7879191,0.85851246,0.73612374,0.71252525,0.3567839,0.7763578,0.5144394,0.46269038,0.59565514,0.2606524,0.50542265,0.65828586,0.4657311,0.013384227,0.20948087,0.39570087,800.6227,807.8755,839.304,799.81683,779.2674,-0.23040771484375,0.09014892578125,0.955322265625,2.594451904296875,-4.822540283203125,0.665435791015625,1.0,1.0,1.0,2.0,1.0,100.0,event
15:31:41.460,0.77679336,1.0311383,1.1112019,0.5724969,0.7879191,0.85851246,0.73612374,0.71252525,0.3567839,0.7763578,0.5144394,0.46269038,0.59565514,0.2606524,0.50542265,0.65828586,0.4657311,0.013384227,0.20948087,0.39570087,804.2491,811.0989,838.0952,785.31134,782.8938,-0.23040771484375,0.09014892578125,0.955322265625,2.594451904296875,-4.822540283203125,0.665435791015625,1.0,1.0,1.0,2.0,1.0,100.0,event
15:31:41.461,0.77679336,1.0311383,1.1112019,0.5724969,0.7879191,0.85851246,0.73612374,0.71252525,0.3567839,0.7763578,0.5144394,0.46269038,0.59565514,0.2606524,0.50542265,0.65828586,0.4657311,0.013384227,0.20948087,0.39570087,805.8608,810.696,840.10986,800.6227,743.8095,-0.23040771484375,0.09014892578125,0.955322265625,2.594451904296875,-4.822540283203125,0.665435791015625,1.0,1.0,1.0,2.0,1.0,100.0,event
15:31:41.461,0.77679336,1.0311383,1.1112019,0.5724969,0.7879191,0.85851246,0.73612374,0.71252525,0.3567839,0.7763578,0.5144394,0.46269038,0.59565514,0.2606524,0.50542265,0.65828586,0.4657311,0.013384227,0.20948087,0.39570087,795.38464,806.6667,842.1245,813.1135,811.9048,-0.23040771484375,0.09014892578125,0.955322265625,2.594451904296875,-4.822540283203125,0.665435791015625,1.0,1.0,1.0,1.0,1.0,100.0,event
15:31:41.465,0.77679336,1.0311383,1.1112019,0.5724969,0.7879191,0.85851246,0.73612374,0.71252525,0.3567839,0.7763578,0.5144394,0.46269038,0.59565514,0.2606524,0.50542265,0.65828586,0.4657311,0.013384227,0.20948087,0.39570087,798.60803,807.8755,836.4835,804.2491,892.8938,-0.23040771484375,0.09014892578125,0.955322265625,2.594451904296875,-4.822540283203125,0.665435791015625,1.0,1.0,1.0,1.0,1.0,100.0,event
15:31:41.466,0.77679336,1.0311383,1.1112019,0.5724969,0.7879191,0.85851246,0.73612374,0.71252525,0.3567839,0.7763578,0.5144394,0.46269038,0.59565514,0.2606524,0.50542265,0.65828586,0.4657311,0.013384227,0.20948087,0.39570087,803.0403,801.4286,830.84247,801.02563,1091.1355,-0.23040771484375,0.09014892578125,0.955322265625,2.594451904296875,-4.822540283203125,0.665435791015625,1.0,1.0,1.0,1.0,1.0,100.0,event
15:31:41.466,0.77679336,1.0311383,1.1112019,0.5724969,0.7879191,0.85851246,0.73612374,0.71252525,0.3567839,0.7763578,0.5144394,0.46269038,0.59565514,0.2606524,0.50542265,0.65828586,0.4657311,0.013384227,0.20948087,0.39570087,801.02563,796.99634,832.4542,802.23444,1068.1685,-0.23040771484375,0.09014892578125,0.955322265625,2.594451904296875,-4.822540283203125,0.665435791015625,1.0,1.0,1.0,1.0,1.0,100.0,event
15:31:41.467,0.77679336,1.0311383,1.1112019,0.5724969,0.7879191,0.85851246,0.73612374,0.71252525,0.3567839,0.7763578,0.5144394,0.46269038,0.59565514,0.2606524,0.50542265,0.65828586,0.4657311,0.013384227,0.20948087,0.39570087,796.99634,792.96704,823.9927,811.50183,803.0403,-0.23040771484375,0.09014892578125,0.955322265625,2.594451904296875,-4.822540283203125,0.665435791015625,1.0,1.0,1.0,1.0,1.0,100.0,event
15:31:41.468,0.77679336,1.0311383,1.1112019,0.5724969,0.7879191,0.85851246,0.73612374,0.71252525,0.3567839,0.7763578,0.5144394,0.46269038,0.59565514,0.2606524,0.50542265,0.65828586,0.4657311,0.013384227,0.20948087,0.39570087,788.5348,786.9231,820.3663,804.2491,751.8681,-0.23040771484375,0.09014892578125,0.955322265625,2.594451904296875,-4.822540283203125,0.665435791015625,1.0,1.0,1.0,1.0,1.0,100.0,event
15:31:41.470,0.77679336,1.0311383,1.1112019,0.5724969,0.7879191,0.85851246,0.73612374,0.71252525,0.3567839,0.7763578,0.5144394,0.46269038,0.59565514,0.2606524,0.50542265,0.65828586,0.4657311,0.013384227,0.20948087,0.39570087,792.96704,794.17584,830.84247,786.9231,820.7692,-0.23040771484375,0.09014892578125,0.955322265625,2.594451904296875,-4.822540283203125,0.665435791015625,1.0,1.0,1.0,1.0,1.0,100.0,event
15:31:41.470,0.77679336,1.0311383,1.1112019,0.5724969,0.7879191,0.85851246,0.73612374,0.71252525,0.3567839,0.7763578,0.5144394,0.46269038,0.59565514,0.2606524,0.50542265,0.65828586,0.4657311,0.013384227,0.20948087,0.39570087,810.293,812.71063,838.9011,783.2967,777.25275,-0.23040771484375,0.09014892578125,0.955322265625,2.594451904296875,-4.822540283203125,0.665435791015625,1.0,1.0,1.0,1.0,1.0,100.0,event
15:31:41.471,0.77679336,1.0311383,1.1112019,0.5724969,0.7879191,0.85851246,0.73612374,0.71252525,0.3567839,0.7763578,0.5144394,0.46269038,0.59565514,0.2606524,0.50542265,0.65828586,0.4657311,0.013384227,0.20948087,0.39570087,800.2198,809.89014,833.2601,777.25275,667.6557,-0.23040771484375,0.09014892578125,0.955322265625,2.594451904296875,-4.822540283203125,0.665435791015625,1.0,1.0,1.0,1.0,1.0,100.0,event
15:31:41.514,0.77679336,1.0311383,1.1112019,0.5724969,0.7879191,0.85851246,0.73612374,0.71252525,0.3567839,0.7763578,0.5144394,0.46269038,0.59565514,0.2606524,0.50542265,0.65828586,0.4657311,0.013384227,0.20948087,0.39570087,796.99634,799.41394,831.6484,774.83514,726.08057,-0.22137451171875,0.09112548828125,0.94976806640625,2.1533203125,-4.119720458984375,1.772003173828125,1.0,1.0,1.0,1.0,1.0,100.0,event
15:31:41.516,0.77679336,1.0311383,1.1112019,0.5724969,0.7879191,0.85851246,0.73612374,0.71252525,0.3567839,0.7763578,0.5144394,0.46269038,0.59565514,0.2606524,0.50542265,0.65828586,0.4657311,0.013384227,0.20948087,0.39570087,797.3993,799.41394,832.8571,779.67035,768.7912,-0.22137451171875,0.09112548828125,0.94976806640625,2.1533203125,-4.119720458984375,1.772003173828125,1.0,1.0,1.0,1.0,1.0,100.0,event
15:31:41.517,0.77679336,1.0311383,1.1112019,0.5724969,0.7879191,0.85851246,0.73612374,0.71252525,0.3567839,0.7763578,0.5144394,0.46269038,0.59565514,0.2606524,0.50542265,0.65828586,0.4657311,0.013384227,0.20948087,0.39570087,786.52014,796.5934,832.4542,798.20514,676.1172,-0.22137451171875,0.09112548828125,0.94976806640625,2.1533203125,-4.119720458984375,1.772003173828125,1.0,1.0,1.0,1.0,1.0,100.0,event
15:31:41.517,0.77679336,1.0311383,1.1112019,0.5724969,0.7879191,0.85851246,0.73612374,0.71252525,0.3567839,0.7763578,0.5144394,0.46269038,0.59565514,0.2606524,0.50542265,0.65828586,0.4657311,0.013384227,0.20948087,0.39570087,780.4762,792.5641,828.8278,790.9524,703.91943,-0.22137451171875,0.09112548828125,0.94976806640625,2.1533203125,-4.119720458984375,1.772003173828125,1.0,1.0,1.0,1.0,1.0,100.0,event
15:31:41.518,0.77679336,1.0311383,1.1112019,0.5724969,0.7879191,0.85851246,0.73612374,0.71252525,0.3567839,0.7763578,0.5144394,0.46269038,0.59565514,0.2606524,0.50542265,0.65828586,0.4657311,0.013384227,0.20948087,0.39570087,787.326,798.60803,835.6777,780.4762,779.2674,-0.22137451171875,0.09112548828125,0.94976806640625,2.1533203125,-4.119720458984375,1.772003173828125,1.0,1.0,1.0,1.0,1.0,100.0,event
15:31:41.519,0.77679336,1.0311383,1.1112019,0.5724969,0.7879191,0.85851246,0.73612374,0.71252525,0.3567839,0.7763578,0.5144394,0.46269038,0.59565514,0.2606524,0.50542265,0.65828586,0.4657311,0.013384227,0.20948087,0.39570087,801.8315,796.5934,857.03296,793.36993,888.86444,-0.22137451171875,0.09112548828125,0.94976806640625,2.1533203125,-4.119720458984375,1.772003173828125,1.0,1.0,1.0,1.0,1.0,100.0,event
15:31:41.519,0.77679336,1.0311383,1.1112019,0.5724969,0.7879191,0.85851246,0.73612374,0.71252525,0.3567839,0.7763578,0.5144394,0.46269038,0.59565514,0.2606524,0.50542265,0.65828586,0.4657311,0.013384227,0.20948087,0.39570087,792.96704,801.8315,850.989,794.9817,855.0183,-0.22137451171875,0.09112548828125,0.94976806640625,2.1533203125,-4.119720458984375,1.772003173828125,1.0,1.0,1.0,1.0,1.0,100.0,event
15:31:41.520,0.77679336,1.0311383,1.1112019,0.5724969,0.7879191,0.85851246,0.73612374,0.71252525,0.3567839,0.7763578,0.5144394,0.46269038,0.59565514,0.2606524,0.50542265,0.65828586,0.4657311,0.013384227,0.20948087,0.39570087,803.0403,797.3993,853.8095,787.72894,863.0769,-0.22137451171875,0.09112548828125,0.94976806640625,2.1533203125,-4.119720458984375,1.772003173828125,1.0,1.0,1.0,1.0,1.0,100.0,event
15:31:41.521,0.77679336,1.0311383,1.1112019,0.5724969,0.7879191,0.85851246,0.73612374,0.71252525,0.3567839,0.7763578,0.5144394,0.46269038,0.59565514,0.2606524,0.50542265,0.65828586,0.4657311,0.013384227,0.20948087,0.39570087,796.1905,794.9817,840.5128,797.8022,980.32965,-0.22137451171875,0.09112548828125,0.94976806640625,2.1533203125,-4.119720458984375,1.772003173828125,1.0,1.0,1.0,1.0,1.0,100.0,event
15:31:41.522,0.77679336,1.0311383,1.1112019,0.5724969,0.7879191,0.85851246,0.73612374,0.71252525,0.3567839,0.7763578,0.5144394,0.46269038,0.59565514,0.2606524,0.50542265,0.65828586,0.4657311,0.013384227,0.20948087,0.39570087,801.8315,794.9817,836.8865,789.7436,1070.586,-0.22137451171875,0.09112548828125,0.94976806640625,2.1533203125,-4.119720458984375,1.772003173828125,1.0,1.0,1.0,1.0,1.0,100.0,event
15:31:41.523,0.77679336,1.0311383,1.1112019,0.5724969,0.7879191,0.85851246,0.73612374,0.71252525,0.3567839,0.7763578,0.5144394,0.46269038,0.59565514,0.2606524,0.50542265,0.65828586,0.4657311,0.013384227,0.20948087,0.39570087,804.65204,805.4579,848.5714,778.46155,837.28937,-0.22137451171875,0.09112548828125,0.94976806640625,2.1533203125,-4.119720458984375,1.772003173828125,1.0,1.0,1.0,1.0,1.0,100.0,event
15:31:41.523,0.77679336,1.0311383,1.1112019,0.5724969,0.7879191,0.85851246,0.73612374,0.71252525,0.3567839,0.7763578,0.5144394,0.46269038,0.59565514,0.2606524,0.50542265,0.65828586,0.4657311,0.013384227,0.20948087,0.39570087,799.41394,806.26373,836.4835,772.4176,675.31134,-0.22137451171875,0.09112548828125,0.94976806640625,2.1533203125,-4.119720458984375,1.772003173828125,1.0,1.0,1.0,1.0,1.0,100.0,event
15:31:41.562,0.77679336,1.0311383,1.1112019,0.5724969,0.7879191,0.85851246,0.73612374,0.71252525,0.3567839,0.7763578,0.5144394,0.46269038,0.59565514,0.2606524,0.50542265,0.65828586,0.4657311,0.013384227,0.20948087,0.39570087,797.3993,797.8022,832.8571,764.35895,775.2381,-0.23089599609375,0.0948486328125,0.95928955078125,1.256103515625,-3.5888671875,2.056121826171875,1.0,1.0,1.0,1.0,1.0,100.0,event
15:31:41.563,0.77679336,1.0311383,1.1112019,0.5724969,0.7879191,0.85851246,0.73612374,0.71252525,0.3567839,0.7763578,0.5144394,0.46269038,0.59565514,0.2606524,0.50542265,0.65828586,0.4657311,0.013384227,0.20948087,0.39570087,796.1905,792.5641,837.28937,769.19415,754.68866,-0.23089599609375,0.0948486328125,0.95928955078125,1.256103515625,-3.5888671875,2.056121826171875,1.0,1.0,1.0,1.0,1.0,100.0,event
15:31:41.564,0.77679336,1.0311383,1.1112019,0.5724969,0.7879191,0.85851246,0.73612374,0.71252525,0.3567839,0.7763578,0.5144394,0.46269038,0.59565514,0.2606524,0.50542265,0.65828586,0.4657311,0.013384227,0.20948087,0.39570087,799.81683,790.54944,834.4689,776.8498,690.2198,-0.23089599609375,0.0948486328125,0.95928955078125,1.256103515625,-3.5888671875,2.056121826171875,1.0,1.0,1.0,1.0,1.0,100.0,event
15:31:41.565,0.77679336,1.0311383,1.1112019,0.5724969,0.7879191,0.85851246,0.73612374,0.71252525,0.3567839,0.7763578,0.5144394,0.46269038,0.59565514,0.2606524,0.50542265,0.65828586,0.4657311,0.013384227,0.20948087,0.39570087,777.6557,776.4469,836.8865,787.72894,724.87177,-0.23089599609375,0.0948486328125,0.95928955078125,1.256103515625,-3.5888671875,2.056121826171875,1.0,1.0,1.0,1.0,1.0,100.0,event
15:31:41.565,0.77679336,1.0311383,1.1112019,0.5724969,0.7879191,0.85851246,0.73612374,0.71252525,0.3567839,0.7763578,0.5144394,0.46269038,0.59565514,0.2606524,0.50542265,0.65828586,0.4657311,0.013384227,0.20948087,0.39570087,807.47253,784.90845,836.08057,781.685,716.8132,-0.23089599609375,0.0948486328125,0.95928955078125,1.256103515625,-3.5888671875,2.056121826171875,1.0,1.0,1.0,1.0,1.0,100.0,event
15:31:41.566,0.77679336,1.0311383,1.1112019,0.5724969,0.7879191,0.85851246,0.73612374,0.71252525,0.3567839,0.7763578,0.5144394,0.46269038,0.59565514,0.2606524,0.50542265,0.65828586,0.4657311,0.013384227,0.20948087,0.39570087,775.2381,778.0586,837.6923,768.7912,752.27106,-0.23089599609375,0.0948486328125,0.95928955078125,1.256103515625,-3.5888671875,2.056121826171875,1.0,1.0,1.0,1.0,1.0,100.0,event
15:31:41.571,0.77679336,1.0311383,1.1112019,0.5724969,0.7879191,0.85851246,0.73612374,0.71252525,0.3567839,0.7763578,0.5144394,0.46269038,0.59565514,0.2606524,0.50542265,0.65828586,0.4657311,0.013384227,0.20948087,0.39570087,791.75824,789.34064,837.6923,759.12085,802.6374,-0.23089599609375,0.0948486328125,0.95928955078125,1.256103515625,-3.5888671875,2.056121826171875,1.0,1.0,1.0,1.0,1.0,100.0,event
15:31:41.572,0.77679336,1.0311383,1.1112019,0.5724969,0.7879191,0.85851246,0.73612374,0.71252525,0.3567839,0.7763578,0.5144394,0.46269038,0.59565514,0.2606524,0.50542265,0.65828586,0.4657311,0.013384227,0.20948087,0.39570087,788.1319,795.78754,829.6337,775.64105,782.49084,-0.23089599609375,0.0948486328125,0.95928955078125,1.256103515625,-3.5888671875,2.056121826171875,1.0,1.0,1.0,1.0,1.0,100.0,event
15:31:41.572,0.77679336,1.0311383,1.1112019,0.5724969,0.7879191,0.85851246,0.73612374,0.71252525,0.3567839,0.7763578,0.5144394,0.46269038,0.59565514,0.2606524,0.50542265,0.65828586,0.4657311,0.013384227,0.20948087,0.39570087,780.4762,790.14655,825.2015,782.49084,894.5055,-0.23089599609375,0.0948486328125,0.95928955078125,1.256103515625,-3.5888671875,2.056121826171875,1.0,1.0,1.0,1.0,1.0,100.0,event
15:31:41.573,0.77679336,1.0311383,1.1112019,0.5724969,0.7879191,0.85851246,0.73612374,0.71252525,0.3567839,0.7763578,0.5144394,0.46269038,0.59565514,0.2606524,0.50542265,0.65828586,0.4657311,0.013384227,0.20948087,0.39570087,788.1319,789.7436,834.4689,777.25275,955.34796,-0.23089599609375,0.0948486328125,0.95928955078125,1.256103515625,-3.5888671875,2.056121826171875,1.0,1.0,1.0,1.0,1.0,100.0,event
15:31:41.574,0.77679336,1.0311383,1.1112019,0.5724969,0.7879191,0.85851246,0.73612374,0.71252525,0.3567839,0.7763578,0.5144394,0.46269038,0.59565514,0.2606524,0.50542265,0.65828586,0.4657311,0.013384227,0.20948087,0.39570087,793.36993,792.1612,834.4689,776.04395,811.0989,-0.23089599609375,0.0948486328125,0.95928955078125,1.256103515625,-3.5888671875,2.056121826171875,1.0,1.0,1.0,1.0,1.0,100.0,event
15:31:41.575,0.77679336,1.0311383,1.1112019,0.5724969,0.7879191,0.85851246,0.73612374,0.71252525,0.3567839,0.7763578,0.5144394,0.46269038,0.59565514,0.2606524,0.50542265,0.65828586,0.4657311,0.013384227,0.20948087,0.39570087,802.6374,787.72894,824.3956,784.10254,813.5165,-0.23089599609375,0.0948486328125,0.95928955078125,1.256103515625,-3.5888671875,2.056121826171875,1.0,1.0,1.0,1.0,1.0,100.0,event
15:31:41.602,0.77679336,1.0311383,1.1112019,0.5724969,0.7879191,0.85851246,0.73612374,0.71252525,0.3567839,0.7763578,0.5144394,0.46269038,0.59565514,0.2606524,0.50542265,0.65828586,0.4657311,0.013384227,0.20948087,0.39570087,815.9341,781.685,822.381,772.8205,869.5238,-0.21160888671875,0.09112548828125,0.972900390625,1.65985107421875,-3.551483154296875,0.770111083984375,1.0,1.0,1.0,1.0,1.0,100.0,event
15:31:41.603,0.77679336,1.0311383,1.1112019,0.5724969,0.7879191,0.85851246,0.73612374,0.71252525,0.3567839,0.7763578,0.5144394,0.46269038,0.59565514,0.2606524,0.50542265,0.65828586,0.4657311,0.013384227,0.20948087,0.39570087,801.02563,776.4469,821.1722,751.06226,699.4872,-0.21160888671875,0.09112548828125,0.972900390625,1.65985107421875,-3.551483154296875,0.770111083984375,1.0,1.0,1.0,1.0,1.0,100.0,event
15:31:41.604,0.77679336,1.0311383,1.1112019,0.5724969,0.7879191,0.85851246,0.73612374,0.71252525,0.3567839,0.7763578,0.5144394,0.46269038,0.59565514,0.2606524,0.50542265,0.65828586,0.4657311,0.013384227,0.20948087,0.39570087,782.8938,778.86444,827.619,772.01465,774.0293,-0.21160888671875,0.09112548828125,0.972900390625,1.65985107421875,-3.551483154296875,0.770111083984375,1.0,1.0,1.0,1.0,1.0,100.0,event
15:31:41.604,0.77679336,1.0311383,1.1112019,0.5724969,0.7879191,0.85851246,0.73612374,0.71252525,0.3567839,0.7763578,0.5144394,0.46269038,0.59565514,0.2606524,0.50542265,0.65828586,0.4657311,0.013384227,0.20948087,0.39570087,790.54944,775.64105,821.5751,755.89746,675.31134,-0.21160888671875,0.09112548828125,0.972900390625,1.65985107421875,-3.551483154296875,0.770111083984375,1.0,1.0,1.0,1.0,1.0,100.0,event
15:31:41.605,0.77679336,1.0311383,1.1112019,0.5724969,0.7879191,0.85851246,0.73612374,0.71252525,0.3567839,0.7763578,0.5144394,0.46269038,0.59565514,0.2606524,0.50542265,0.65828586,0.4657311,0.013384227,0.20948087,0.39570087,772.01465,781.685,824.3956,766.77655,817.1429,-0.21160888671875,0.09112548828125,0.972900390625,1.65985107421875,-3.551483154296875,0.770111083984375,1.0,1.0,1.0,1.0,1.0,100.0,event
15:31:41.606,0.77679336,1.0311383,1.1112019,0.5724969,0.7879191,0.85851246,0.73612374,0.71252525,0.3567839,0.7763578,0.5144394,0.46269038,0.59565514,0.2606524,0.50542265,0.65828586,0.4657311,0.013384227,0.20948087,0.39570087,757.1062,783.69965,817.5458,753.47986,819.15753,-0.21160888671875,0.09112548828125,0.972900390625,1.65985107421875,-3.551483154296875,0.770111083984375,1.0,1.0,1.0,1.0,1.0,100.0,event
15:31:41.606,0.77679336,1.0311383,1.1112019,0.5724969,0.7879191,0.85851246,0.73612374,0.71252525,0.3567839,0.7763578,0.5144394,0.46269038,0.59565514,0.2606524,0.50542265,0.65828586,0.4657311,0.013384227,0.20948087,0.39570087,755.4945,781.28204,816.7399,756.30035,846.55676,-0.21160888671875,0.09112548828125,0.972900390625,1.65985107421875,-3.551483154296875,0.770111083984375,1.0,1.0,1.0,1.0,1.0,100.0,event
15:31:41.607,0.77679336,1.0311383,1.1112019,0.5724969,0.7879191,0.85851246,0.73612374,0.71252525,0.3567839,0.7763578,0.5144394,0.46269038,0.59565514,0.2606524,0.50542265,0.65828586,0.4657311,0.013384227,0.20948087,0.39570087,771.2088,778.86444,810.293,745.82416,900.9524,-0.21160888671875,0.09112548828125,0.972900390625,1.65985107421875,-3.551483154296875,0.770111083984375,1.0,1.0,1.0,1.0,1.0,100.0,event
15:31:41.608,0.77679336,1.0311383,1.1112019,0.5724969,0.7879191,0.85851246,0.73612374,0.71252525,0.3567839,0.7763578,0.5144394,0.46269038,0.59565514,0.2606524,0.50542265,0.65828586,0.4657311,0.013384227,0.20948087,0.39570087,767.1795,778.0586,809.0842,750.2564,977.50916,-0.21160888671875,0.09112548828125,0.972900390625,1.65985107421875,-3.551483154296875,0.770111083984375,1.0,1.0,1.0,1.0,1.0,100.0,event
15:31:41.608,0.77679336,1.0311383,1.1112019,0.5724969,0.7879191,0.85851246,0.73612374,0.71252525,0.3567839,0.7763578,0.5144394,0.46269038,0.59565514,0.2606524,0.50542265,0.65828586,0.4657311,0.013384227,0.20948087,0.39570087,761.53845,794.17584,818.7546,755.89746,789.7436,-0.21160888671875,0.09112548828125,0.972900390625,1.65985107421875,-3.551483154296875,0.770111083984375,1.0,1.0,1.0,1.0,1.0,100.0,event
15:31:41.609,0.77679336,1.0311383,1.1112019,0.5724969,0.7879191,0.85851246,0.73612374,0.71252525,0.3567839,0.7763578,0.5144394,0.46269038,0.59565514,0.2606524,0.50542265,0.65828586,0.4657311,0.013384227,0.20948087,0.39570087,770.40295,797.8022,805.4579,759.92676,731.7216,-0.21160888671875,0.09112548828125,0.972900390625,1.65985107421875,-3.551483154296875,0.770111083984375,1.0,1.0,1.0,1.0,1.0,100.0,event
15:31:41.609,0.77679336,1.0311383,1.1112019,0.5724969,0.7879191,0.85851246,0.73612374,0.71252525,0.3567839,0.7763578,0.5144394,0.46269038,0.59565514,0.2606524,0.50542265,0.65828586,0.4657311,0.013384227,0.20948087,0.39570087,767.5824,794.17584,803.44324,756.7033,777.25275,-0.21160888671875,0.09112548828125,0.972900390625,1.65985107421875,-3.551483154296875,0.770111083984375,1.0,1.0,1.0,1.0,1.0,100.0,event
15:31:41.655,0.77679336,1.0311383,1.1112019,0.5724969,0.7879191,0.85851246,0.73612374,0.71252525,0.3567839,0.7763578,0.5144394,0.46269038,0.59565514,0.2606524,0.50542265,0.65828586,0.4657311,0.013384227,0.20948087,0.39570087,761.13556,794.57874,803.0403,744.61536,780.4762,-0.22149658203125,0.091064453125,0.9578857421875,1.727142333984375,-0.620574951171875,0.635528564453125,1.0,1.0,1.0,1.0,1.0,100.0,event
15:31:41.656,0.77679336,1.0311383,1.1112019,0.5724969,0.7879191,0.85851246,0.73612374,0.71252525,0.3567839,0.7763578,0.5144394,0.46269038,0.59565514,0.2606524,0.50542265,0.65828586,0.4657311,0.013384227,0.20948087,0.39570087,772.01465,795.38464,807.0696,759.5238,725.6777,-0.22149658203125,0.091064453125,0.9578857421875,1.727142333984375,-0.620574951171875,0.635528564453125,1.0,1.0,1.0,1.0,1.0,100.0,event
15:31:41.657,0.77679336,1.0311383,1.1112019,0.5724969,0.7879191,0.85851246,0.73612374,0.71252525,0.3567839,0.7763578,0.5144394,0.46269038,0.59565514,0.2606524,0.50542265,0.65828586,0.4657311,0.013384227,0.20948087,0.39570087,768.7912,789.7436,806.6667,759.12085,756.7033,-0.22149658203125,0.091064453125,0.9578857421875,1.727142333984375,-0.620574951171875,0.635528564453125,1.0,1.0,1.0,1.0,1.0,100.0,event
15:31:41.658,0.77679336,1.0311383,1.1112019,0.5724969,0.7879191,0.85851246,0.73612374,0.71252525,0.3567839,0.7763578,0.5144394,0.46269038,0.59565514,0.2606524,0.50542265,0.65828586,0.4657311,0.013384227,0.20948087,0.39570087,777.25275,787.72894,801.8315,743.00366,776.4469,-0.22149658203125,0.091064453125,0.9578857421875,1.727142333984375,-0.620574951171875,0.635528564453125,1.0,1.0,1.0,1.0,1.0,100.0,event
15:31:41.658,0.77679336,1.0311383,1.1112019,0.5724969,0.7879191,0.85851246,0.73612374,0.71252525,0.3567839,0.7763578,0.5144394,0.46269038,0.59565514,0.2606524,0.50542265,0.65828586,0.4657311,0.013384227,0.20948087,0.39570087,763.1502,782.8938,798.60803,743.4066,875.9707,-0.22149658203125,0.091064453125,0.9578857421875,1.727142333984375,-0.620574951171875,0.635528564453125,1.0,1.0,1.0,1.0,1.0,100.0,event
15:31:41.659,0.77679336,1.0311383,1.1112019,0.5724969,0.7879191,0.85851246,0.73612374,0.71252525,0.3567839,0.7763578,0.5144394,0.46269038,0.59565514,0.2606524,0.50542265,0.65828586,0.4657311,0.013384227,0.20948087,0.39570087,789.34064,792.1612,800.6227,739.3773,704.3223,-0.22149658203125,0.091064453125,0.9578857421875,1.727142333984375,-0.620574951171875,0.635528564453125,1.0,1.0,1.0,1.0,1.0,100.0,event
15:31:41.660,0.77679336,1.0311383,1.1112019,0.5724969,0.7879191,0.85851246,0.73612374,0.71252525,0.3567839,0.7763578,0.5144394,0.46269038,0.59565514,0.2606524,0.50542265,0.65828586,0.4657311,0.013384227,0.20948087,0.39570087,786.52014,790.54944,794.57874,750.2564,796.5934,-0.22149658203125,0.091064453125,0.9578857421875,1.727142333984375,-0.620574951171875,0.635528564453125,1.0,1.0,1.0,1.0,1.0,100.0,event
15:31:41.660,0.77679336,1.0311383,1.1112019,0.5724969,0.7879191,0.85851246,0.73612374,0.71252525,0.3567839,0.7763578,0.5144394,0.46269038,0.59565514,0.2606524,0.50542265,0.65828586,0.4657311,0.013384227,0.20948087,0.39570087,780.87915,786.1172,795.78754,772.01465,956.9597,-0.22149658203125,0.091064453125,0.9578857421875,1.727142333984375,-0.620574951171875,0.635528564453125,1.0,1.0,1.0,1.0,1.0,100.0,event
15:31:41.664,0.77679336,1.0311383,1.1112019,0.5724969,0.7879191,0.85851246,0.73612374,0.71252525,0.3567839,0.7763578,0.5144394,0.46269038,0.59565514,0.2606524,0.50542265,0.65828586,0.4657311,0.013384227,0.20948087,0.39570087,792.96704,799.41394,813.91943,779.67035,862.674,-0.22149658203125,0.091064453125,0.9578857421875,1.727142333984375,-0.620574951171875,0.635528564453125,1.0,1.0,1.0,1.0,1.0,100.0,event
15:31:41.665,0.77679336,1.0311383,1.1112019,0.5724969,0.7879191,0.85851246,0.73612374,0.71252525,0.3567839,0.7763578,0.5144394,0.46269038,0.59565514,0.2606524,0.50542265,0.65828586,0.4657311,0.013384227,0.20948087,0.39570087,792.5641,811.0989,809.89014,773.6264,684.17584,-0.22149658203125,0.091064453125,0.9578857421875,1.727142333984375,-0.620574951171875,0.635528564453125,1.0,1.0,1.0,1.0,1.0,100.0,event
15:31:41.666,0.77679336,1.0311383,1.1112019,0.5724969,0.7879191,0.85851246,0.73612374,0.71252525,0.3567839,0.7763578,0.5144394,0.46269038,0.59565514,0.2606524,0.50542265,0.65828586,0.4657311,0.013384227,0.20948087,0.39570087,778.46155,799.81683,796.99634,772.4176,774.0293,-0.22149658203125,0.091064453125,0.9578857421875,1.727142333984375,-0.620574951171875,0.635528564453125,1.0,1.0,1.0,1.0,1.0,100.0,event
15:31:41.666,0.77679336,1.0311383,1.1112019,0.5724969,0.7879191,0.85851246,0.73612374,0.71252525,0.3567839,0.7763578,0.5144394,0.46269038,0.59565514,0.2606524,0.50542265,0.65828586,0.4657311,0.013384227,0.20948087,0.39570087,778.46155,791.3553,798.60803,772.8205,766.3736,-0.22149658203125,0.091064453125,0.9578857421875,1.727142333984375,-0.620574951171875,0.635528564453125,1.0,1.0,1.0,1.0,1.0,100.0,event
15:31:41.688,0.77679336,1.0311383,1.1112019,0.5724969,0.7879191,0.85851246,0.73612374,0.71252525,0.3567839,0.7763578,0.5144394,0.46269038,0.59565514,0.2606524,0.50542265,0.65828586,0.4657311,0.013384227,0.20948087,0.39570087,789.7436,796.1905,801.8315,763.95605,649.12085,-0.22149658203125,0.091064453125,0.9578857421875,1.727142333984375,-0.620574951171875,0.635528564453125,1.0,1.0,1.0,1.0,1.0,100.0,event
15:31:41.689,0.77679336,1.0311383,1.1112019,0.5724969,0.7879191,0.85851246,0.73612374,0.71252525,0.3567839,0.7763578,0.5144394,0.46269038,0.59565514,0.2606524,0.50542265,0.65828586,0.4657311,0.013384227,0.20948087,0.39570087,791.75824,792.96704,794.57874,746.63007,669.2674,-0.22149658203125,0.091064453125,0.9578857421875,1.727142333984375,-0.620574951171875,0.635528564453125,1.0,1.0,1.0,1.0,1.0,100.0,event
15:31:41.690,0.77679336,1.0311383,1.1112019,0.5724969,0.7879191,0.85851246,0.73612374,0.71252525,0.3567839,0.7763578,0.5144394,0.46269038,0.59565514,0.2606524,0.50542265,0.65828586,0.4657311,0.013384227,0.20948087,0.39570087,780.07324,786.52014,782.8938,734.1392,732.1245,-0.22149658203125,0.091064453125,0.9578857421875,1.727142333984375,-0.620574951171875,0.635528564453125,1.0,1.0,1.0,1.0,1.0,100.0,event
15:31:41.691,0.77679336,1.0311383,1.1112019,0.5724969,0.7879191,0.85851246,0.73612374,0.71252525,0.3567839,0.7763578,0.5144394,0.46269038,0.59565514,0.2606524,0.50542265,0.65828586,0.4657311,0.013384227,0.20948087,0.39570087,766.3736,784.5055,785.31134,732.9304,764.35895,-0.22149658203125,0.091064453125,0.9578857421875,1.727142333984375,-0.620574951171875,0.635528564453125,1.0,1.0,1.0,1.0,1.0,100.0,event
15:31:41.692,0.77679336,1.0311383,1.1112019,0.5724969,0.7879191,0.85851246,0.73612374,0.71252525,0.3567839,0.7763578,0.5144394,0.46269038,0.59565514,0.2606524,0.50542265,0.65828586,0.4657311,0.013384227,0.20948087,0.39570087,771.6117,786.52014,790.14655,740.58606,796.99634,-0.22149658203125,0.091064453125,0.9578857421875,1.727142333984375,-0.620574951171875,0.635528564453125,1.0,1.0,1.0,1.0,1.0,100.0,event
15:31:41.693,0.77679336,1.0311383,1.1112019,0.5724969,0.7879191,0.85851246,0.73612374,0.71252525,0.3567839,0.7763578,0.5144394,0.46269038,0.59565514,0.2606524,0.50542265,0.65828586,0.4657311,0.013384227,0.20948087,0.39570087,782.0879,795.78754,794.57874,762.3443,794.17584,-0.22149658203125,0.091064453125,0.9578857421875,1.727142333984375,-0.620574951171875,0.635528564453125,1.0,1.0,1.0,1.0,1.0,100.0,event
15:31:41.694,0.77679336,1.0311383,1.1112019,0.5724969,0.7879191,0.85851246,0.73612374,0.71252525,0.3567839,0.7763578,0.5144394,0.46269038,0.59565514,0.2606524,0.50542265,0.65828586,0.4657311,0.013384227,0.20948087,0.39570087,795.78754,793.7729,793.7729,781.28204,990.40295,-0.22149658203125,0.091064453125,0.9578857421875,1.727142333984375,-0.620574951171875,0.635528564453125,1.0,1.0,1.0,1.0,1.0,100.0,event
15:31:41.695,0.77679336,1.0311383,1.1112019,0.5724969,0.7879191,0.85851246,0.73612374,0.71252525,0.3567839,0.7763578,0.5144394,0.46269038,0.59565514,0.2606524,0.50542265,0.65828586,0.4657311,0.013384227,0.20948087,0.39570087,793.36993,790.54944,800.6227,779.67035,1143.9194,-0.22149658203125,0.091064453125,0.9578857421875,1.727142333984375,-0.620574951171875,0.635528564453125,1.0,1.0,1.0,1.0,1.0,100.0,event
15:31:41.695,0.77679336,1.0311383,1.1112019,0.5724969,0.7879191,0.85851246,0.73612374,0.71252525,0.3567839,0.7763578,0.5144394,0.46269038,0.59565514,0.2606524,0.50542265,0.65828586,0.4657311,0.013384227,0.20948087,0.39570087,773.6264,801.4286,822.7839,772.4176,863.47986,-0.22149658203125,0.091064453125,0.9578857421875,1.727142333984375,-0.620574951171875,0.635528564453125,1.0,1.0,1.0,1.0,1.0,100.0,event
15:31:41.696,0.77679336,1.0311383,1.1112019,0.5724969,0.7879191,0.85851246,0.73612374,0.71252525,0.3567839,0.7763578,0.5144394,0.46269038,0.59565514,0.2606524,0.50542265,0.65828586,0.4657311,0.013384227,0.20948087,0.39570087,784.90845,803.8461,819.9634,767.1795,646.7033,-0.22149658203125,0.091064453125,0.9578857421875,1.727142333984375,-0.620574951171875,0.635528564453125,1.0,1.0,1.0,1.0,1.0,100.0,event
15:31:41.697,0.77679336,1.0311383,1.1112019,0.5724969,0.7879191,0.85851246,0.73612374,0.71252525,0.3567839,0.7763578,0.5144394,0.46269038,0.59565514,0.2606524,0.50542265,0.65828586,0.4657311,0.013384227,0.20948087,0.39570087,798.60803,806.26373,810.293,776.04395,892.0879,-0.22149658203125,0.091064453125,0.9578857421875,1.727142333984375,-0.620574951171875,0.635528564453125,1.0,1.0,1.0,1.0,1.0,100.0,event
15:31:41.697,0.77679336,1.0311383,1.1112019,0.5724969,0.7879191,0.85851246,0.73612374,0.71252525,0.3567839,0.7763578,0.5144394,0.46269038,0.59565514,0.2606524,0.50542265,0.65828586,0.4657311,0.013384227,0.20948087,0.39570087,794.57874,803.8461,809.0842,769.19415,742.6007,-0.22149658203125,0.091064453125,0.9578857421875,1.727142333984375,-0.620574951171875,0.635528564453125,1.0,1.0,1.0,1.0,1.0,100.0,event
15:31:41.740,0.77679336,1.0311383,1.1112019,0.5724969,0.7879191,0.85851246,0.73612374,0.71252525,0.3567839,0.7763578,0.5144394,0.46269038,0.59565514,0.2606524,0.50542265,0.65828586,0.4657311,0.013384227,0.20948087,0.39570087,804.2491,815.5311,818.3516,788.1319,790.14655,-0.23797607421875,0.0958251953125,0.9561767578125,2.265472412109375,-6.063690185546875,0.22430419921875,1.0,1.0,1.0,1.0,1.0,100.0,event
15:31:41.741,0.77679336,1.0311383,1.1112019,0.5724969,0.7879191,0.85851246,0.73612374,0.71252525,0.3567839,0.7763578,0.5144394,0.46269038,0.59565514,0.2606524,0.50542265,0.65828586,0.4657311,0.013384227,0.20948087,0.39570087,795.78754,811.50183,813.1135,787.326,722.4542,-0.23797607421875,0.0958251953125,0.9561767578125,2.265472412109375,-6.063690185546875,0.22430419921875,1.0,1.0,1.0,1.0,1.0,100.0,event
15:31:41.742,0.77679336,1.0311383,1.1112019,0.5724969,0.7879191,0.85851246,0.73612374,0.71252525,0.3567839,0.7763578,0.5144394,0.46269038,0.59565514,0.2606524,0.50542265,0.65828586,0.4657311,0.013384227,0.20948087,0.39570087,802.6374,804.65204,806.6667,785.31134,765.16486,-0.23797607421875,0.0958251953125,0.9561767578125,2.265472412109375,-6.063690185546875,0.22430419921875,1.0,1.0,1.0,1.0,1.0,100.0,event
15:31:41.743,0.77679336,1.0311383,1.1112019,0.5724969,0.7879191,0.85851246,0.73612374,0.71252525,0.3567839,0.7763578,0.5144394,0.46269038,0.59565514,0.2606524,0.50542265,0.65828586,0.4657311,0.013384227,0.20948087,0.39570087,822.381,809.4872,823.9927,817.1429,765.16486,-0.23797607421875,0.0958251953125,0.9561767578125,2.265472412109375,-6.063690185546875,0.22430419921875,1.0,1.0,1.0,1.0,1.0,100.0,event
15:31:41.744,0.77679336,1.0311383,1.1112019,0.5724969,0.7879191,0.85851246,0.73612374,0.71252525,0.3567839,0.7763578,0.5144394,0.46269038,0.59565514,0.2606524,0.50542265,0.65828586,0.4657311,0.013384227,0.20948087,0.39570087,817.5458,805.8608,826.8132,817.9487,757.50916,-0.23797607421875,0.0958251953125,0.9561767578125,2.265472412109375,-6.063690185546875,0.22430419921875,1.0,1.0,1.0,1.0,1.0,100.0,event
15:31:41.744,0.77679336,1.0311383,1.1112019,0.5724969,0.7879191,0.85851246,0.73612374,0.71252525,0.3567839,0.7763578,0.5144394,0.46269038,0.59565514,0.2606524,0.50542265,0.65828586,0.4657311,0.013384227,0.20948087,0.39570087,821.5751,799.011,810.696,806.26373,807.8755,-0.23797607421875,0.0958251953125,0.9561767578125,2.265472412109375,-6.063690185546875,0.22430419921875,1.0,1.0,1.0,1.0,1.0,100.0,event
15:31:41.745,0.77679336,1.0311383,1.1112019,0.5724969,0.7879191,0.85851246,0.73612374,0.71252525,0.3567839,0.7763578,0.5144394,0.46269038,0.59565514,0.2606524,0.50542265,0.65828586,0.4657311,0.013384227,0.20948087,0.39570087,841.7216,794.9817,813.91943,816.7399,988.7912,-0.23797607421875,0.0958251953125,0.9561767578125,2.265472412109375,-6.063690185546875,0.22430419921875,1.0,1.0,1.0,1.0,1.0,100.0,event
15:31:41.746,0.77679336,1.0311383,1.1112019,0.5724969,0.7879191,0.85851246,0.73612374,0.71252525,0.3567839,0.7763578,0.5144394,0.46269038,0.59565514,0.2606524,0.50542265,0.65828586,0.4657311,0.013384227,0.20948087,0.39570087,847.3626,799.011,843.73627,830.4396,720.4396,-0.23797607421875,0.0958251953125,0.9561767578125,2.265472412109375,-6.063690185546875,0.22430419921875,1.0,1.0,1.0,1.0,1.0,100.0,event
15:31:41.746,0.77679336,1.0311383,1.1112019,0.5724969,0.7879191,0.85851246,0.73612374,0.71252525,0.3567839,0.7763578,0.5144394,0.46269038,0.59565514,0.2606524,0.50542265,0.65828586,0.4657311,0.013384227,0.20948087,0.39570087,842.52747,794.17584,840.10986,822.7839,927.9487,-0.23797607421875,0.0958251953125,0.9561767578125,2.265472412109375,-6.063690185546875,0.22430419921875,1.0,1.0,1.0,1.0,1.0,100.0,event
15:31:41.747,0.77679336,1.0311383,1.1112019,0.5724969,0.7879191,0.85851246,0.73612374,0.71252525,0.3567839,0.7763578,0.5144394,0.46269038,0.59565514,0.2606524,0.50542265,0.65828586,0.4657311,0.013384227,0.20948087,0.39570087,859.45056,792.1612,820.3663,844.5421,765.56775,-0.23797607421875,0.0958251953125,0.9561767578125,2.265472412109375,-6.063690185546875,0.22430419921875,1.0,1.0,1.0,1.0,1.0,100.0,event
15:31:41.750,0.77679336,1.0311383,1.1112019,0.5724969,0.7879191,0.85851246,0.73612374,0.71252525,0.3567839,0.7763578,0.5144394,0.46269038,0.59565514,0.2606524,0.50542265,0.65828586,0.4657311,0.013384227,0.20948087,0.39570087,859.45056,783.2967,818.7546,832.4542,887.25275,-0.23797607421875,0.0958251953125,0.9561767578125,2.265472412109375,-6.063690185546875,0.22430419921875,1.0,1.0,1.0,1.0,1.0,100.0,event
15:31:41.751,0.77679336,1.0311383,1.1112019,0.5724969,0.7879191,0.85851246,0.73612374,0.71252525,0.3567839,0.7763578,0.5144394,0.46269038,0.59565514,0.2606524,0.50542265,0.65828586,0.4657311,0.013384227,0.20948087,0.39570087,844.5421,787.326,836.4835,813.91943,754.68866,-0.23797607421875,0.0958251953125,0.9561767578125,2.265472412109375,-6.063690185546875,0.22430419921875,1.0,1.0,1.0,1.0,1.0,100.0,event
15:31:41.773,0.77679336,1.0311383,1.1112019,0.5724969,0.7879191,0.85851246,0.73612374,0.71252525,0.3567839,0.7763578,0.5144394,0.46269038,0.59565514,0.2606524,0.50542265,0.65828586,0.4657311,0.013384227,0.20948087,0.39570087,847.76556,783.2967,828.4249,828.8278,656.77655,-0.2198486328125,0.0948486328125,0.9686279296875,2.235565185546875,-3.596343994140625,0.276641845703125,1.0,1.0,1.0,1.0,1.0,100.0,event
15:31:41.774,0.77679336,1.0311383,1.1112019,0.5724969,0.7879191,0.85851246,0.73612374,0.71252525,0.3567839,0.7763578,0.5144394,0.46269038,0.59565514,0.2606524,0.50542265,0.65828586,0.4657311,0.013384227,0.20948087,0.39570087,853.4066,787.326,813.5165,833.663,713.9927,-0.2198486328125,0.0948486328125,0.9686279296875,2.235565185546875,-3.596343994140625,0.276641845703125,1.0,1.0,1.0,1.0,1.0,100.0,event
15:31:41.775,0.77679336,1.0311383,1.1112019,0.5724969,0.7879191,0.85851246,0.73612374,0.71252525,0.3567839,0.7763578,0.5144394,0.46269038,0.59565514,0.2606524,0.50542265,0.65828586,0.4657311,0.013384227,0.20948087,0.39570087,846.1539,794.17584,812.3077,843.73627,776.04395,-0.2198486328125,0.0948486328125,0.9686279296875,2.235565185546875,-3.596343994140625,0.276641845703125,1.0,1.0,1.0,1.0,1.0,100.0,event
15:31:41.776,0.77679336,1.0311383,1.1112019,0.5724969,0.7879191,0.85851246,0.73612374,0.71252525,0.3567839,0.7763578,0.5144394,0.46269038,0.59565514,0.2606524,0.50542265,0.65828586,0.4657311,0.013384227,0.20948087,0.39570087,844.5421,790.54944,810.293,838.0952,769.59705,-0.2198486328125,0.0948486328125,0.9686279296875,2.235565185546875,-3.596343994140625,0.276641845703125,1.0,1.0,1.0,1.0,1.0,100.0,event
15:31:41.776,0.77679336,1.0311383,1.1112019,0.5724969,0.7879191,0.85851246,0.73612374,0.71252525,0.3567839,0.7763578,0.5144394,0.46269038,0.59565514,0.2606524,0.50542265,0.65828586,0.4657311,0.013384227,0.20948087,0.39570087,851.39197,786.52014,799.011,837.28937,718.8278,-0.2198486328125,0.0948486328125,0.9686279296875,2.235565185546875,-3.596343994140625,0.276641845703125,1.0,1.0,1.0,1.0,1.0,100.0,event
15:31:41.777,0.77679336,1.0311383,1.1112019,0.5724969,0.7879191,0.85851246,0.73612374,0.71252525,0.3567839,0.7763578,0.5144394,0.46269038,0.59565514,0.2606524,0.50542265,0.65828586,0.4657311,0.013384227,0.20948087,0.39570087,850.18317,782.0879,784.10254,834.0659,841.31866,-0.2198486328125,0.0948486328125,0.9686279296875,2.235565185546875,-3.596343994140625,0.276641845703125,1.0,1.0,1.0,1.0,1.0,100.0,event
15:31:41.778,0.77679336,1.0311383,1.1112019,0.5724969,0.7879191,0.85851246,0.73612374,0.71252525,0.3567839,0.7763578,0.5144394,0.46269038,0.59565514,0.2606524,0.50542265,0.65828586,0.4657311,0.013384227,0.20948087,0.39570087,854.61536,790.14655,789.34064,828.8278,958.97437,-0.2198486328125,0.0948486328125,0.9686279296875,2.235565185546875,-3.596343994140625,0.276641845703125,1.0,1.0,1.0,1.0,1.0,100.0,event
15:31:41.779,0.77679336,1.0311383,1.1112019,0.5724969,0.7879191,0.85851246,0.73612374,0.71252525,0.3567839,0.7763578,0.5144394,0.46269038,0.59565514,0.2606524,0.50542265,0.65828586,0.4657311,0.013384227,0.20948087,0.39570087,846.55676,797.8022,780.07324,833.663,625.34796,-0.2198486328125,0.0948486328125,0.9686279296875,2.235565185546875,-3.596343994140625,0.276641845703125,1.0,1.0,1.0,1.0,1.0,100.0,event
15:31:41.779,0.77679336,1.0311383,1.1112019,0.5724969,0.7879191,0.85851246,0.73612374,0.71252525,0.3567839,0.7763578,0.5144394,0.46269038,0.59565514,0.2606524,0.50542265,0.65828586,0.4657311,0.013384227,0.20948087,0.39570087,860.65936,801.8315,793.7729,830.4396,757.50916,-0.2198486328125,0.0948486328125,0.9686279296875,2.235565185546875,-3.596343994140625,0.276641845703125,1.0,1.0,1.0,1.0,1.0,100.0,event
15:31:41.780,0.77679336,1.0311383,1.1112019,0.5724969,0.7879191,0.85851246,0.73612374,0.71252525,0.3567839,0.7763578,0.5144394,0.46269038,0.59565514,0.2606524,0.50542265,0.65828586,0.4657311,0.013384227,0.20948087,0.39570087,840.9158,791.3553,759.92676,838.9011,863.8828,-0.2198486328125,0.0948486328125,0.9686279296875,2.235565185546875,-3.596343994140625,0.276641845703125,1.0,1.0,1.0,1.0,1.0,100.0,event
15:31:41.781,0.77679336,1.0311383,1.1112019,0.5724969,0.7879191,0.85851246,0.73612374,0.71252525,0.3567839,0.7763578,0.5144394,0.46269038,0.59565514,0.2606524,0.50542265,0.65828586,0.4657311,0.013384227,0.20948087,0.39570087,851.79486,796.5934,750.2564,836.4835,920.696,-0.2198486328125,0.0948486328125,0.9686279296875,2.235565185546875,-3.596343994140625,0.276641845703125,1.0,1.0,1.0,1.0,1.0,100.0,event
15:31:41.781,0.77679336,1.0311383,1.1112019,0.5724969,0.7879191,0.85851246,0.73612374,0.71252525,0.3567839,0.7763578,0.5144394,0.46269038,0.59565514,0.2606524,0.50542265,0.65828586,0.4657311,0.013384227,0.20948087,0.39570087,850.18317,805.4579,748.6447,830.84247,682.96704,-0.2198486328125,0.0948486328125,0.9686279296875,2.235565185546875,-3.596343994140625,0.276641845703125,1.0,1.0,1.0,1.0,1.0,100.0,event
15:31:41.848,0.77679336,1.0311383,1.1112019,0.5724969,0.7879191,0.85851246,0.73612374,0.71252525,0.3567839,0.7763578,0.5144394,0.46269038,0.59565514,0.2606524,0.50542265,0.65828586,0.4657311,0.013384227,0.20948087,0.39570087,840.10986,797.8022,737.3626,822.381,755.89746,-0.2142333984375,0.093994140625,0.9661865234375,1.981353759765625,-4.26177978515625,0.46356201171875,1.0,1.0,1.0,1.0,1.0,100.0,event
15:31:41.849,0.77679336,1.0311383,1.1112019,0.5724969,0.7879191,0.85851246,0.73612374,0.71252525,0.3567839,0.7763578,0.5144394,0.46269038,0.59565514,0.2606524,0.50542265,0.65828586,0.4657311,0.013384227,0.20948087,0.39570087,840.9158,792.5641,726.8865,810.696,890.07324,-0.2142333984375,0.093994140625,0.9661865234375,1.981353759765625,-4.26177978515625,0.46356201171875,1.0,1.0,1.0,1.0,1.0,100.0,event
15:31:41.851,0.77679336,1.0311383,1.1112019,0.5724969,0.7879191,0.85851246,0.73612374,0.71252525,0.3567839,0.7763578,0.5144394,0.46269038,0.59565514,0.2606524,0.50542265,0.65828586,0.4657311,0.013384227,0.20948087,0.39570087,849.3773,800.2198,728.9011,803.44324,877.5824,-0.2142333984375,0.093994140625,0.9661865234375,1.981353759765625,-4.26177978515625,0.46356201171875,1.0,1.0,1.0,1.0,1.0,100.0,event
15:31:41.853,0.77679336,1.0311383,1.1112019,0.5724969,0.7879191,0.85851246,0.73612374,0.71252525,0.3567839,0.7763578,0.5144394,0.46269038,0.59565514,0.2606524,0.50542265,0.65828586,0.4657311,0.013384227,0.20948087,0.39570087,850.18317,804.2491,740.18317,814.3223,811.9048,-0.2142333984375,0.093994140625,0.9661865234375,1.981353759765625,-4.26177978515625,0.46356201171875,1.0,1.0,1.0,1.0,1.0,100.0,event
15:31:41.854,0.77679336,1.0311383,1.1112019,0.5724969,0.7879191,0.85851246,0.73612374,0.71252525,0.3567839,0.7763578,0.5144394,0.46269038,0.59565514,0.2606524,0.50542265,0.65828586,0.4657311,0.013384227,0.20948087,0.39570087,839.707,798.60803,742.1978,815.12823,774.43225,-0.2142333984375,0.093994140625,0.9661865234375,1.981353759765625,-4.26177978515625,0.46356201171875,1.0,1.0,1.0,1.0,1.0,100.0,event
15:31:41.856,0.77679336,1.0311383,1.1112019,0.5724969,0.7879191,0.85851246,0.73612374,0.71252525,0.3567839,0.7763578,0.5144394,0.46269038,0.59565514,0.2606524,0.50542265,0.65828586,0.4657311,0.013384227,0.20948087,0.39570087,833.663,790.54944,743.4066,803.44324,830.4396,-0.2142333984375,0.093994140625,0.9661865234375,1.981353759765625,-4.26177978515625,0.46356201171875,1.0,1.0,1.0,1.0,1.0,100.0,event
15:31:41.856,0.77679336,1.0311383,1.1112019,0.5724969,0.7879191,0.85851246,0.73612374,0.71252525,0.3567839,0.7763578,0.5144394,0.46269038,0.59565514,0.2606524,0.50542265,0.65828586,0.4657311,0.013384227,0.20948087,0.39570087,830.0366,790.9524,751.8681,803.44324,909.011,-0.2142333984375,0.093994140625,0.9661865234375,1.981353759765625,-4.26177978515625,0.46356201171875,1.0,1.0,1.0,1.0,1.0,100.0,event
15:31:41.857,0.77679336,1.0311383,1.1112019,0.5724969,0.7879191,0.85851246,0.73612374,0.71252525,0.3567839,0.7763578,0.5144394,0.46269038,0.59565514,0.2606524,0.50542265,0.65828586,0.4657311,0.013384227,0.20948087,0.39570087,838.0952,799.41394,759.12085,805.8608,804.65204,-0.2142333984375,0.093994140625,0.9661865234375,1.981353759765625,-4.26177978515625,0.46356201171875,1.0,1.0,1.0,1.0,1.0,100.0,event
15:31:41.858,0.77679336,1.0311383,1.1112019,0.5724969,0.7879191,0.85851246,0.73612374,0.71252525,0.3567839,0.7763578,0.5144394,0.46269038,0.59565514,0.2606524,0.50542265,0.65828586,0.4657311,0.013384227,0.20948087,0.39570087,829.2308,796.1905,757.50916,796.1905,723.663,-0.2142333984375,0.093994140625,0.9661865234375,1.981353759765625,-4.26177978515625,0.46356201171875,1.0,1.0,1.0,1.0,1.0,100.0,event
15:31:41.859,0.77679336,1.0311383,1.1112019,0.5724969,0.7879191,0.85851246,0.73612374,0.71252525,0.3567839,0.7763578,0.5144394,0.46269038,0.59565514,0.2606524,0.50542265,0.65828586,0.4657311,0.013384227,0.20948087,0.39570087,824.7985,788.5348,761.13556,792.5641,841.7216,-0.2142333984375,0.093994140625,0.9661865234375,1.981353759765625,-4.26177978515625,0.46356201171875,1.0,1.0,1.0,1.0,1.0,100.0,event
15:31:41.860,0.77679336,1.0311383,1.1112019,0.5724969,0.7879191,0.85851246,0.73612374,0.71252525,0.3567839,0.7763578,0.5144394,0.46269038,0.59565514,0.2606524,0.50542265,0.65828586,0.4657311,0.013384227,0.20948087,0.39570087,829.2308,794.9817,778.46155,813.1135,799.41394,-0.2142333984375,0.093994140625,0.9661865234375,1.981353759765625,-4.26177978515625,0.46356201171875,1.0,1.0,1.0,1.0,1.0,100.0,event
15:31:41.862,0.77679336,1.0311383,1.1112019,0.5724969,0.7879191,0.85851246,0.73612374,0.71252525,0.3567839,0.7763578,0.5144394,0.46269038,0.59565514,0.2606524,0.50542265,0.65828586,0.4657311,0.013384227,0.20948087,0.39570087,826.8132,798.20514,773.22345,818.3516,730.9158,-0.2142333984375,0.093994140625,0.9661865234375,1.981353759765625,-4.26177978515625,0.46356201171875,1.0,1.0,1.0,1.0,1.0,100.0,event
15:31:41.888,0.77679336,1.0311383,1.1112019,0.5724969,0.7879191,0.85851246,0.73612374,0.71252525,0.3567839,0.7763578,0.5144394,0.46269038,0.59565514,0.2606524,0.50542265,0.65828586,0.4657311,0.013384227,0.20948087,0.39570087,845.34796,790.54944,766.3736,803.8461,744.21246,-0.22021484375,0.09033203125,0.96221923828125,1.83929443359375,-2.743988037109375,0.22430419921875,1.0,1.0,1.0,1.0,1.0,100.0,event
15:31:41.895,0.77679336,1.0311383,1.1112019,0.5724969,0.7879191,0.85851246,0.73612374,0.71252525,0.3567839,0.7763578,0.5144394,0.46269038,0.59565514,0.2606524,0.50542265,0.65828586,0.4657311,0.013384227,0.20948087,0.39570087,827.619,786.9231,789.7436,790.9524,778.86444,-0.22021484375,0.09033203125,0.96221923828125,1.83929443359375,-2.743988037109375,0.22430419921875,1.0,1.0,1.0,1.0,1.0,100.0,event
15:31:41.897,0.77679336,1.0311383,1.1112019,0.5724969,0.7879191,0.85851246,0.73612374,0.71252525,0.3567839,0.7763578,0.5144394,0.46269038,0.59565514,0.2606524,0.50542265,0.65828586,0.4657311,0.013384227,0.20948087,0.39570087,794.57874,788.1319,812.3077,780.87915,745.82416,-0.22021484375,0.09033203125,0.96221923828125,1.83929443359375,-2.743988037109375,0.22430419921875,1.0,1.0,1.0,1.0,1.0,100.0,event
15:31:41.898,0.77679336,1.0311383,1.1112019,0.5724969,0.7879191,0.85851246,0.73612374,0.71252525,0.3567839,0.7763578,0.5144394,0.46269038,0.59565514,0.2606524,0.50542265,0.65828586,0.4657311,0.013384227,0.20948087,0.39570087,798.20514,785.7143,815.12823,790.9524,698.2784,-0.22021484375,0.09033203125,0.96221923828125,1.83929443359375,-2.743988037109375,0.22430419921875,1.0,1.0,1.0,1.0,1.0,100.0,event
15:31:41.899,0.77679336,1.0311383,1.1112019,0.5724969,0.7879191,0.85851246,0.73612374,0.71252525,0.3567839,0.7763578,0.5144394,0.46269038,0.59565514,0.2606524,0.50542265,0.65828586,0.4657311,0.013384227,0.20948087,0.39570087,810.696,778.0586,802.23444,797.8022,888.86444,-0.22021484375,0.09033203125,0.96221923828125,1.83929443359375,-2.743988037109375,0.22430419921875,1.0,1.0,1.0,1.0,1.0,100.0,event
15:31:41.900,0.77679336,1.0311383,1.1112019,0.5724969,0.7879191,0.85851246,0.73612374,0.71252525,0.3567839,0.7763578,0.5144394,0.46269038,0.59565514,0.2606524,0.50542265,0.65828586,0.4657311,0.013384227,0.20948087,0.39570087,819.9634,786.1172,803.44324,794.57874,845.34796,-0.22021484375,0.09033203125,0.96221923828125,1.83929443359375,-2.743988037109375,0.22430419921875,1.0,1.0,1.0,1.0,1.0,100.0,event
15:31:41.900,0.77679336,1.0311383,1.1112019,0.5724969,0.7879191,0.85851246,0.73612374,0.71252525,0.3567839,0.7763578,0.5144394,0.46269038,0.59565514,0.2606524,0.50542265,0.65828586,0.4657311,0.013384227,0.20948087,0.39570087,821.5751,777.6557,799.011,798.20514,997.25275,-0.22021484375,0.09033203125,0.96221923828125,1.83929443359375,-2.743988037109375,0.22430419921875,1.0,1.0,1.0,1.0,1.0,100.0,event
15:31:41.901,0.77679336,1.0311383,1.1112019,0.5724969,0.7879191,0.85851246,0.73612374,0.71252525,0.3567839,0.7763578,0.5144394,0.46269038,0.59565514,0.2606524,0.50542265,0.65828586,0.4657311,0.013384227,0.20948087,0.39570087,805.4579,785.31134,806.6667,796.99634,722.0513,-0.22021484375,0.09033203125,0.96221923828125,1.83929443359375,-2.743988037109375,0.22430419921875,1.0,1.0,1.0,1.0,1.0,100.0,event
15:31:41.901,0.77679336,1.0311383,1.1112019,0.5724969,0.7879191,0.85851246,0.73612374,0.71252525,0.3567839,0.7763578,0.5144394,0.46269038,0.59565514,0.2606524,0.50542265,0.65828586,0.4657311,0.013384227,0.20948087,0.39570087,807.47253,783.2967,799.011,797.3993,847.76556,-0.22021484375,0.09033203125,0.96221923828125,1.83929443359375,-2.743988037109375,0.22430419921875,1.0,1.0,1.0,1.0,1.0,100.0,event
15:31:41.901,0.77679336,1.0311383,1.1112019,0.5724969,0.7879191,0.85851246,0.73612374,0.71252525,0.3567839,0.7763578,0.5144394,0.46269038,0.59565514,0.2606524,0.50542265,0.65828586,0.4657311,0.013384227,0.20948087,0.39570087,812.3077,792.96704,805.05493,784.10254,952.1245,-0.22021484375,0.09033203125,0.96221923828125,1.83929443359375,-2.743988037109375,0.22430419921875,1.0,1.0,1.0,1.0,1.0,100.0,event
15:31:41.902,0.77679336,1.0311383,1.1112019,0.5724969,0.7879191,0.85851246,0.73612374,0.71252525,0.3567839,0.7763578,0.5144394,0.46269038,0.59565514,0.2606524,0.50542265,0.65828586,0.4657311,0.013384227,0.20948087,0.39570087,814.3223,802.23444,825.2015,775.64105,719.6337,-0.22021484375,0.09033203125,0.96221923828125,1.83929443359375,-2.743988037109375,0.22430419921875,1.0,1.0,1.0,1.0,1.0,100.0,event
15:31:41.903,0.77679336,1.0311383,1.1112019,0.5724969,0.7879191,0.85851246,0.73612374,0.71252525,0.3567839,0.7763578,0.5144394,0.46269038,0.59565514,0.2606524,0.50542265,0.65828586,0.4657311,0.013384227,0.20948087,0.39570087,808.2784,799.41394,818.7546,781.685,690.2198,-0.22021484375,0.09033203125,0.96221923828125,1.83929443359375,-2.743988037109375,0.22430419921875,1.0,1.0,1.0,1.0,1.0,100.0,event
15:31:41.938,0.77679336,1.0311383,1.1112019,0.5724969,0.7879191,0.85851246,0.73612374,0.71252525,0.3567839,0.7763578,0.5144394,0.46269038,0.59565514,0.2606524,0.50542265,0.65828586,0.4657311,0.013384227,0.20948087,0.39570087,811.9048,802.6374,821.978,803.44324,732.52747,-0.22021484375,0.09033203125,0.96221923828125,1.83929443359375,-2.743988037109375,0.22430419921875,1.0,1.0,1.0,1.0,1.0,100.0,event
15:31:41.939,0.77679336,1.0311383,1.1112019,0.5724969,0.7879191,0.85851246,0.73612374,0.71252525,0.3567839,0.7763578,0.5144394,0.46269038,0.59565514,0.2606524,0.50542265,0.65828586,0.4657311,0.013384227,0.20948087,0.39570087,818.3516,805.8608,827.619,800.6227,714.7985,-0.22021484375,0.09033203125,0.96221923828125,1.83929443359375,-2.743988037109375,0.22430419921875,1.0,1.0,1.0,1.0,1.0,100.0,event
15:31:41.940,0.77679336,1.0311383,1.1112019,0.5724969,0.7879191,0.85851246,0.73612374,0.71252525,0.3567839,0.7763578,0.5144394,0.46269038,0.59565514,0.2606524,0.50542265,0.65828586,0.4657311,0.013384227,0.20948087,0.39570087,808.68134,804.2491,822.7839,785.7143,771.6117,-0.22021484375,0.09033203125,0.96221923828125,1.83929443359375,-2.743988037109375,0.22430419921875,1.0,1.0,1.0,1.0,1.0,100.0,event
15:31:41.941,0.77679336,1.0311383,1.1112019,0.5724969,0.7879191,0.85851246,0.73612374,0.71252525,0.3567839,0.7763578,0.5144394,0.46269038,0.59565514,0.2606524,0.50542265,0.65828586,0.4657311,0.013384227,0.20948087,0.39570087,801.02563,806.6667,820.3663,778.0586,848.5714,-0.22021484375,0.09033203125,0.96221923828125,1.83929443359375,-2.743988037109375,0.22430419921875,1.0,1.0,1.0,1.0,1.0,100.0,event
15:31:41.942,0.77679336,1.0311383,1.1112019,0.5724969,0.7879191,0.85851246,0.73612374,0.71252525,0.3567839,0.7763578,0.5144394,0.46269038,0.59565514,0.2606524,0.50542265,0.65828586,0.4657311,0.013384227,0.20948087,0.39570087,788.93774,809.0842,826.0073,782.0879,872.3443,-0.22021484375,0.09033203125,0.96221923828125,1.83929443359375,-2.743988037109375,0.22430419921875,1.0,1.0,1.0,1.0,1.0,100.0,event
15:31:41.943,0.77679336,1.0311383,1.1112019,0.5724969,0.7879191,0.85851246,0.73612374,0.71252525,0.3567839,0.7763578,0.5144394,0.46269038,0.59565514,0.2606524,0.50542265,0.65828586,0.4657311,0.013384227,0.20948087,0.39570087,805.05493,809.0842,835.2747,798.20514,848.5714,-0.22021484375,0.09033203125,0.96221923828125,1.83929443359375,-2.743988037109375,0.22430419921875,1.0,1.0,1.0,1.0,1.0,100.0,event
15:31:41.943,0.77679336,1.0311383,1.1112019,0.5724969,0.7879191,0.85851246,0.73612374,0.71252525,0.3567839,0.7763578,0.5144394,0.46269038,0.59565514,0.2606524,0.50542265,0.65828586,0.4657311,0.013384227,0.20948087,0.39570087,825.2015,811.0989,836.8865,793.7729,869.5238,-0.22021484375,0.09033203125,0.96221923828125,1.83929443359375,-2.743988037109375,0.22430419921875,1.0,1.0,1.0,1.0,1.0,100.0,event
15:31:41.944,0.77679336,1.0311383,1.1112019,0.5724969,0.7879191,0.85851246,0.73612374,0.71252525,0.3567839,0.7763578,0.5144394,0.46269038,0.59565514,0.2606524,0.50542265,0.65828586,0.4657311,0.013384227,0.20948087,0.39570087,800.2198,805.4579,834.4689,768.7912,909.81683,-0.22021484375,0.09033203125,0.96221923828125,1.83929443359375,-2.743988037109375,0.22430419921875,1.0,1.0,1.0,1.0,1.0,100.0,event
15:31:41.945,0.77679336,1.0311383,1.1112019,0.5724969,0.7879191,0.85851246,0.73612374,0.71252525,0.3567839,0.7763578,0.5144394,0.46269038,0.59565514,0.2606524,0.50542265,0.65828586,0.4657311,0.013384227,0.20948087,0.39570087,804.2491,794.17584,819.5604,776.4469,1073.4066,-0.22021484375,0.09033203125,0.96221923828125,1.83929443359375,-2.743988037109375,0.22430419921875,1.0,1.0,1.0,1.0,1.0,100.0,event
15:31:41.945,0.77679336,1.0311383,1.1112019,0.5724969,0.7879191,0.85851246,0.73612374,0.71252525,0.3567839,0.7763578,0.5144394,0.46269038,0.59565514,0.2606524,0.50542265,0.65828586,0.4657311,0.013384227,0.20948087,0.39570087,825.2015,804.2491,830.84247,785.7143,1077.8389,-0.22021484375,0.09033203125,0.96221923828125,1.83929443359375,-2.743988037109375,0.22430419921875,1.0,1.0,1.0,1.0,1.0,100.0,event
15:31:41.946,0.77679336,1.0311383,1.1112019,0.5724969,0.7879191,0.85851246,0.73612374,0.71252525,0.3567839,0.7763578,0.5144394,0.46269038,0.59565514,0.2606524,0.50542265,0.65828586,0.4657311,0.013384227,0.20948087,0.39570087,806.26373,818.7546,843.3333,794.17584,749.0476,-0.22021484375,0.09033203125,0.96221923828125,1.83929443359375,-2.743988037109375,0.22430419921875,1.0,1.0,1.0,1.0,1.0,100.0,event
15:31:41.947,0.77679336,1.0311383,1.1112019,0.5724969,0.7879191,0.85851246,0.73612374,0.71252525,0.3567839,0.7763578,0.5144394,0.46269038,0.59565514,0.2606524,0.50542265,0.65828586,0.4657311,0.013384227,0.20948087,0.39570087,799.81683,812.3077,827.2161,799.011,755.89746,-0.22021484375,0.09033203125,0.96221923828125,1.83929443359375,-2.743988037109375,0.22430419921875,1.0,1.0,1.0,1.0,1.0,100.0,event
15:31:41.972,0.77679336,1.0311383,1.1112019,0.5724969,0.7879191,0.85851246,0.73612374,0.71252525,0.3567839,0.7763578,0.5144394,0.46269038,0.59565514,0.2606524,0.50542265,0.65828586,0.4657311,0.013384227,0.20948087,0.39570087,805.8608,808.2784,823.5897,773.6264,848.1685,-0.22528076171875,0.083984375,0.9571533203125,1.734619140625,-3.050537109375,0.97198486328125,1.0,1.0,1.0,1.0,1.0,100.0,event
15:31:41.973,0.77679336,1.0311383,1.1112019,0.5724969,0.7879191,0.85851246,0.73612374,0.71252525,0.3567839,0.7763578,0.5144394,0.46269038,0.59565514,0.2606524,0.50542265,0.65828586,0.4657311,0.013384227,0.20948087,0.39570087,803.8461,810.293,822.381,772.01465,770.0,-0.22528076171875,0.083984375,0.9571533203125,1.734619140625,-3.050537109375,0.97198486328125,1.0,1.0,1.0,1.0,1.0,100.0,event
15:31:41.977,0.77679336,1.0311383,1.1112019,0.5724969,0.7879191,0.85851246,0.73612374,0.71252525,0.3567839,0.7763578,0.5144394,0.46269038,0.59565514,0.2606524,0.50542265,0.65828586,0.4657311,0.013384227,0.20948087,0.39570087,793.7729,809.4872,813.5165,765.56775,698.2784,-0.22528076171875,0.083984375,0.9571533203125,1.734619140625,-3.050537109375,0.97198486328125,1.0,1.0,1.0,1.0,1.0,100.0,event
15:31:41.977,0.77679336,1.0311383,1.1112019,0.5724969,0.7879191,0.85851246,0.73612374,0.71252525,0.3567839,0.7763578,0.5144394,0.46269038,0.59565514,0.2606524,0.50542265,0.65828586,0.4657311,0.013384227,0.20948087,0.39570087,795.78754,809.89014,814.3223,771.2088,682.5641,-0.22528076171875,0.083984375,0.9571533203125,1.734619140625,-3.050537109375,0.97198486328125,1.0,1.0,1.0,1.0,1.0,100.0,event
15:31:41.978,0.77679336,1.0311383,1.1112019,0.5724969,0.7879191,0.85851246,0.73612374,0.71252525,0.3567839,0.7763578,0.5144394,0.46269038,0.59565514,0.2606524,0.50542265,0.65828586,0.4657311,0.013384227,0.20948087,0.39570087,791.75824,813.5165,805.4579,773.6264,821.1722,-0.22528076171875,0.083984375,0.9571533203125,1.734619140625,-3.050537109375,0.97198486328125,1.0,1.0,1.0,1.0,1.0,100.0,event
15:31:41.979,0.77679336,1.0311383,1.1112019,0.5724969,0.7879191,0.85851246,0.73612374,0.71252525,0.3567839,0.7763578,0.5144394,0.46269038,0.59565514,0.2606524,0.50542265,0.65828586,0.4657311,0.013384227,0.20948087,0.39570087,807.47253,812.71063,788.93774,780.4762,883.22345,-0.22528076171875,0.083984375,0.9571533203125,1.734619140625,-3.050537109375,0.97198486328125,1.0,1.0,1.0,1.0,1.0,100.0,event
15:31:41.979,0.77679336,1.0311383,1.1112019,0.5724969,0.7879191,0.85851246,0.73612374,0.71252525,0.3567839,0.7763578,0.5144394,0.46269038,0.59565514,0.2606524,0.50542265,0.65828586,0.4657311,0.013384227,0.20948087,0.39570087,817.5458,812.71063,790.54944,783.69965,888.46155,-0.22528076171875,0.083984375,0.9571533203125,1.734619140625,-3.050537109375,0.97198486328125,1.0,1.0,1.0,1.0,1.0,100.0,event
15:31:41.980,0.77679336,1.0311383,1.1112019,0.5724969,0.7879191,0.85851246,0.73612374,0.71252525,0.3567839,0.7763578,0.5144394,0.46269038,0.59565514,0.2606524,0.50542265,0.65828586,0.4657311,0.013384227,0.20948087,0.39570087,807.0696,810.293,769.19415,784.90845,948.49817,-0.22528076171875,0.083984375,0.9571533203125,1.734619140625,-3.050537109375,0.97198486328125,1.0,1.0,1.0,1.0,1.0,100.0,event
15:31:41.981,0.77679336,1.0311383,1.1112019,0.5724969,0.7879191,0.85851246,0.73612374,0.71252525,0.3567839,0.7763578,0.5144394,0.46269038,0.59565514,0.2606524,0.50542265,0.65828586,0.4657311,0.013384227,0.20948087,0.39570087,802.6374,811.0989,759.92676,781.685,1046.4103,-0.22528076171875,0.083984375,0.9571533203125,1.734619140625,-3.050537109375,0.97198486328125,1.0,1.0,1.0,1.0,1.0,100.0,event
15:31:41.982,0.77679336,1.0311383,1.1112019,0.5724969,0.7879191,0.85851246,0.73612374,0.71252525,0.3567839,0.7763578,0.5144394,0.46269038,0.59565514,0.2606524,0.50542265,0.65828586,0.4657311,0.013384227,0.20948087,0.39570087,801.8315,821.978,780.87915,781.28204,812.71063,-0.22528076171875,0.083984375,0.9571533203125,1.734619140625,-3.050537109375,0.97198486328125,1.0,1.0,1.0,1.0,1.0,100.0,event
15:31:41.983,0.77679336,1.0311383,1.1112019,0.5724969,0.7879191,0.85851246,0.73612374,0.71252525,0.3567839,0.7763578,0.5144394,0.46269038,0.59565514,0.2606524,0.50542265,0.65828586,0.4657311,0.013384227,0.20948087,0.39570087,789.7436,822.381,767.5824,777.25275,658.3883,-0.22528076171875,0.083984375,0.9571533203125,1.734619140625,-3.050537109375,0.97198486328125,1.0,1.0,1.0,1.0,1.0,100.0,event
15:31:41.984,0.77679336,1.0311383,1.1112019,0.5724969,0.7879191,0.85851246,0.73612374,0.71252525,0.3567839,0.7763578,0.5144394,0.46269038,0.59565514,0.2606524,0.50542265,0.65828586,0.4657311,0.013384227,0.20948087,0.39570087,777.25275,818.3516,754.2857,769.19415,794.57874,-0.22528076171875,0.083984375,0.9571533203125,1.734619140625,-3.050537109375,0.97198486328125,1.0,1.0,1.0,1.0,1.0,100.0,event
15:31:42.025,0.77679336,1.0311383,1.1112019,0.5724969,0.7879191,0.85851246,0.73612374,0.71252525,0.3567839,0.7763578,0.5144394,0.46269038,0.59565514,0.2606524,0.50542265,0.65828586,0.4657311,0.013384227,0.20948087,0.39570087,782.8938,823.1868,727.28937,768.7912,763.1502,-0.2159423828125,0.090576171875,0.965087890625,1.742095947265625,-1.966400146484375,0.5682373046875,1.0,1.0,1.0,1.0,1.0,100.0,event
15:31:42.026,0.77679336,1.0311383,1.1112019,0.5724969,0.7879191,0.85851246,0.73612374,0.71252525,0.3567839,0.7763578,0.5144394,0.46269038,0.59565514,0.2606524,0.50542265,0.65828586,0.4657311,0.013384227,0.20948087,0.39570087,792.1612,822.381,685.38464,781.28204,675.7143,-0.2159423828125,0.090576171875,0.965087890625,1.742095947265625,-1.966400146484375,0.5682373046875,1.0,1.0,1.0,1.0,1.0,100.0,event
15:31:42.027,0.77679336,1.0311383,1.1112019,0.5724969,0.7879191,0.85851246,0.73612374,0.71252525,0.3567839,0.7763578,0.5144394,0.46269038,0.59565514,0.2606524,0.50542265,0.65828586,0.4657311,0.013384227,0.20948087,0.39570087,797.3993,819.15753,668.0586,781.685,697.8755,-0.2159423828125,0.090576171875,0.965087890625,1.742095947265625,-1.966400146484375,0.5682373046875,1.0,1.0,1.0,1.0,1.0,100.0,event
15:31:42.029,0.77679336,1.0311383,1.1112019,0.5724969,0.7879191,0.85851246,0.73612374,0.71252525,0.3567839,0.7763578,0.5144394,0.46269038,0.59565514,0.2606524,0.50542265,0.65828586,0.4657311,0.013384227,0.20948087,0.39570087,796.5934,819.15753,675.7143,780.4762,697.8755,-0.2159423828125,0.090576171875,0.965087890625,1.742095947265625,-1.966400146484375,0.5682373046875,1.0,1.0,1.0,1.0,1.0,100.0,event
15:31:42.030,0.77679336,1.0311383,1.1112019,0.5724969,0.7879191,0.85851246,0.73612374,0.71252525,0.3567839,0.7763578,0.5144394,0.46269038,0.59565514,0.2606524,0.50542265,0.65828586,0.4657311,0.013384227,0.20948087,0.39570087,789.34064,815.5311,687.8022,779.2674,707.1429,-0.2159423828125,0.090576171875,0.965087890625,1.742095947265625,-1.966400146484375,0.5682373046875,1.0,1.0,1.0,1.0,1.0,100.0,event
15:31:42.032,0.77679336,1.0311383,1.1112019,0.5724969,0.7879191,0.85851246,0.73612374,0.71252525,0.3567839,0.7763578,0.5144394,0.46269038,0.59565514,0.2606524,0.50542265,0.65828586,0.4657311,0.013384227,0.20948087,0.39570087,779.2674,807.8755,686.99634,774.0293,790.9524,-0.2159423828125,0.090576171875,0.965087890625,1.742095947265625,-1.966400146484375,0.5682373046875,1.0,1.0,1.0,1.0,1.0,100.0,event
15:31:42.033,0.77679336,1.0311383,1.1112019,0.5724969,0.7879191,0.85851246,0.73612374,0.71252525,0.3567839,0.7763578,0.5144394,0.46269038,0.59565514,0.2606524,0.50542265,0.65828586,0.4657311,0.013384227,0.20948087,0.39570087,779.2674,806.6667,681.75824,766.3736,836.8865,-0.2159423828125,0.090576171875,0.965087890625,1.742095947265625,-1.966400146484375,0.5682373046875,1.0,1.0,1.0,1.0,1.0,100.0,event
15:31:42.034,0.77679336,1.0311383,1.1112019,0.5724969,0.7879191,0.85851246,0.73612374,0.71252525,0.3567839,0.7763578,0.5144394,0.46269038,0.59565514,0.2606524,0.50542265,0.65828586,0.4657311,0.013384227,0.20948087,0.39570087,797.3993,802.23444,676.1172,767.98535,1022.23444,-0.2159423828125,0.090576171875,0.965087890625,1.742095947265625,-1.966400146484375,0.5682373046875,1.0,1.0,1.0,1.0,1.0,100.0,event
15:31:42.034,0.77679336,1.0311383,1.1112019,0.5724969,0.7879191,0.85851246,0.73612374,0.71252525,0.3567839,0.7763578,0.5144394,0.46269038,0.59565514,0.2606524,0.50542265,0.65828586,0.4657311,0.013384227,0.20948087,0.39570087,815.5311,801.02563,678.5348,782.0879,961.39197,-0.2159423828125,0.090576171875,0.965087890625,1.742095947265625,-1.966400146484375,0.5682373046875,1.0,1.0,1.0,1.0,1.0,100.0,event
15:31:42.035,0.77679336,1.0311383,1.1112019,0.5724969,0.7879191,0.85851246,0.73612374,0.71252525,0.3567839,0.7763578,0.5144394,0.46269038,0.59565514,0.2606524,0.50542265,0.65828586,0.4657311,0.013384227,0.20948087,0.39570087,799.41394,806.26373,666.8498,781.28204,695.4579,-0.2159423828125,0.090576171875,0.965087890625,1.742095947265625,-1.966400146484375,0.5682373046875,1.0,1.0,1.0,1.0,1.0,100.0,event
15:31:42.036,0.77679336,1.0311383,1.1112019,0.5724969,0.7879191,0.85851246,0.73612374,0.71252525,0.3567839,0.7763578,0.5144394,0.46269038,0.59565514,0.2606524,0.50542265,0.65828586,0.4657311,0.013384227,0.20948087,0.39570087,774.83514,804.65204,651.13556,775.2381,823.1868,-0.2159423828125,0.090576171875,0.965087890625,1.742095947265625,-1.966400146484375,0.5682373046875,1.0,1.0,1.0,1.0,1.0,100.0,event
15:31:42.036,0.77679336,1.0311383,1.1112019,0.5724969,0.7879191,0.85851246,0.73612374,0.71252525,0.3567839,0.7763578,0.5144394,0.46269038,0.59565514,0.2606524,0.50542265,0.65828586,0.4657311,0.013384227,0.20948087,0.39570087,777.25275,804.2491,649.92676,772.01465,765.16486,-0.2159423828125,0.090576171875,0.965087890625,1.742095947265625,-1.966400146484375,0.5682373046875,1.0,1.0,1.0,1.0,1.0,100.0,event
15:31:42.072,0.77679336,1.0311383,1.1112019,0.5724969,0.7879191,0.85851246,0.73612374,0.71252525,0.3567839,0.7763578,0.5144394,0.46269038,0.59565514,0.2606524,0.50542265,0.65828586,0.4657311,0.013384227,0.20948087,0.39570087,793.7729,805.4579,661.6117,779.2674,689.41394,-0.2161865234375,0.0919189453125,0.9681396484375,2.115936279296875,-0.964508056640625,1.637420654296875,1.0,1.0,1.0,1.0,1.0,100.0,event
15:31:42.073,0.77679336,1.0311383,1.1112019,0.5724969,0.7879191,0.85851246,0.73612374,0.71252525,0.3567839,0.7763578,0.5144394,0.46269038,0.59565514,0.2606524,0.50542265,0.65828586,0.4657311,0.013384227,0.20948087,0.39570087,807.47253,803.44324,668.0586,767.5824,665.2381,-0.2161865234375,0.0919189453125,0.9681396484375,2.115936279296875,-0.964508056640625,1.637420654296875,1.0,1.0,1.0,1.0,1.0,100.0,event
15:31:42.074,0.77679336,1.0311383,1.1112019,0.5724969,0.7879191,0.85851246,0.73612374,0.71252525,0.3567839,0.7763578,0.5144394,0.46269038,0.59565514,0.2606524,0.50542265,0.65828586,0.4657311,0.013384227,0.20948087,0.39570087,790.54944,794.17584,667.6557,767.5824,815.12823,-0.2161865234375,0.0919189453125,0.9681396484375,2.115936279296875,-0.964508056640625,1.637420654296875,1.0,1.0,1.0,1.0,1.0,100.0,event
15:31:42.075,0.77679336,1.0311383,1.1112019,0.5724969,0.7879191,0.85851246,0.73612374,0.71252525,0.3567839,0.7763578,0.5144394,0.46269038,0.59565514,0.2606524,0.50542265,0.65828586,0.4657311,0.013384227,0.20948087,0.39570087,780.07324,792.5641,672.0879,765.9707,825.6044,-0.2161865234375,0.0919189453125,0.9681396484375,2.115936279296875,-0.964508056640625,1.637420654296875,1.0,1.0,1.0,4.0,1.0,100.0,event
15:31:42.078,0.77679336,1.0311383,1.1112019,0.5724969,0.7879191,0.85851246,0.73612374,0.71252525,0.3567839,0.7763578,0.5144394,0.46269038,0.59565514,0.2606524,0.50542265,0.65828586,0.4657311,0.013384227,0.20948087,0.39570087,787.326,797.8022,674.90845,766.3736,708.3516,-0.2161865234375,0.0919189453125,0.9681396484375,2.115936279296875,-0.964508056640625,1.637420654296875,1.0,1.0,1.0,4.0,1.0,100.0,event
15:31:42.079,0.77679336,1.0311383,1.1112019,0.5724969,0.7879191,0.85851246,0.73612374,0.71252525,0.3567839,0.7763578,0.5144394,0.46269038,0.59565514,0.2606524,0.50542265,0.65828586,0.4657311,0.013384227,0.20948087,0.39570087,796.5934,801.4286,670.87915,767.1795,750.2564,-0.2161865234375,0.0919189453125,0.9681396484375,2.115936279296875,-0.964508056640625,1.637420654296875,1.0,1.0,1.0,4.0,1.0,100.0,event
15:31:42.080,0.77679336,1.0311383,1.1112019,0.5724969,0.7879191,0.85851246,0.73612374,0.71252525,0.3567839,0.7763578,0.5144394,0.46269038,0.59565514,0.2606524,0.50542265,0.65828586,0.4657311,0.013384227,0.20948087,0.39570087,797.3993,802.23444,666.04395,768.7912,982.3443,-0.2161865234375,0.0919189453125,0.9681396484375,2.115936279296875,-0.964508056640625,1.637420654296875,1.0,1.0,1.0,4.0,1.0,100.0,event
15:31:42.081,0.77679336,1.0311383,1.1112019,0.5724969,0.7879191,0.85851246,0.73612374,0.71252525,0.3567839,0.7763578,0.5144394,0.46269038,0.59565514,0.2606524,0.50542265,0.65828586,0.4657311,0.013384227,0.20948087,0.39570087,793.36993,807.47253,680.54944,770.40295,1040.3663,-0.2161865234375,0.0919189453125,0.9681396484375,2.115936279296875,-0.964508056640625,1.637420654296875,1.0,1.0,1.0,4.0,1.0,100.0,event
15:31:42.081,0.77679336,1.0311383,1.1112019,0.5724969,0.7879191,0.85851246,0.73612374,0.71252525,0.3567839,0.7763578,0.5144394,0.46269038,0.59565514,0.2606524,0.50542265,0.65828586,0.4657311,0.013384227,0.20948087,0.39570087,798.60803,816.337,699.0842,779.2674,796.1905,-0.2161865234375,0.0919189453125,0.9681396484375,2.115936279296875,-0.964508056640625,1.637420654296875,1.0,1.0,1.0,4.0,1.0,100.0,event
15:31:42.082,0.77679336,1.0311383,1.1112019,0.5724969,0.7879191,0.85851246,0.73612374,0.71252525,0.3567839,0.7763578,0.5144394,0.46269038,0.59565514,0.2606524,0.50542265,0.65828586,0.4657311,0.013384227,0.20948087,0.39570087,791.3553,811.9048,695.4579,778.86444,708.3516,-0.2161865234375,0.0919189453125,0.9681396484375,2.115936279296875,-0.964508056640625,1.637420654296875,1.0,1.0,1.0,4.0,1.0,100.0,event
15:31:42.083,0.77679336,1.0311383,1.1112019,0.5724969,0.7879191,0.85851246,0.73612374,0.71252525,0.3567839,0.7763578,0.5144394,0.46269038,0.59565514,0.2606524,0.50542265,0.65828586,0.4657311,0.013384227,0.20948087,0.39570087,790.54944,807.8755,710.7692,801.02563,762.74725,-0.2161865234375,0.0919189453125,0.9681396484375,2.115936279296875,-0.964508056640625,1.637420654296875,1.0,1.0,1.0,4.0,1.0,100.0,event
15:31:42.083,0.77679336,1.0311383,1.1112019,0.5724969,0.7879191,0.85851246,0.73612374,0.71252525,0.3567839,0.7763578,0.5144394,0.46269038,0.59565514,0.2606524,0.50542265,0.65828586,0.4657311,0.013384227,0.20948087,0.39570087,800.2198,812.3077,723.2601,803.8461,804.65204,-0.2161865234375,0.0919189453125,0.9681396484375,2.115936279296875,-0.964508056640625,1.637420654296875,1.0,1.0,1.0,4.0,1.0,100.0,event
15:31:42.111,0.77679336,1.0311383,1.1112019,0.5724969,0.7879191,0.85851246,0.73612374,0.71252525,0.3567839,0.7763578,0.5144394,0.46269038,0.59565514,0.2606524,0.50542265,0.65828586,0.4657311,0.013384227,0.20948087,0.39570087,810.293,821.5751,722.0513,753.8828,720.0366,-0.23443603515625,0.09344482421875,0.942138671875,2.43743896484375,-0.396270751953125,0.456085205078125,1.0,1.0,1.0,4.0,1.0,100.0,event
15:31:42.112,0.77679336,1.0311383,1.1112019,0.5724969,0.7879191,0.85851246,0.73612374,0.71252525,0.3567839,0.7763578,0.5144394,0.46269038,0.59565514,0.2606524,0.50542265,0.65828586,0.4657311,0.013384227,0.20948087,0.39570087,802.6374,815.9341,723.663,762.3443,736.55676,-0.23443603515625,0.09344482421875,0.942138671875,2.43743896484375,-0.396270751953125,0.456085205078125,1.0,1.0,1.0,4.0,1.0,100.0,event
15:31:42.113,0.77679336,1.0311383,1.1112019,0.5724969,0.7879191,0.85851246,0.73612374,0.71252525,0.3567839,0.7763578,0.5144394,0.46269038,0.59565514,0.2606524,0.50542265,0.65828586,0.4657311,0.013384227,0.20948087,0.39570087,791.75824,811.50183,741.79486,800.2198,850.989,-0.23443603515625,0.09344482421875,0.942138671875,2.43743896484375,-0.396270751953125,0.456085205078125,1.0,1.0,1.0,4.0,1.0,100.0,event
15:31:42.114,0.77679336,1.0311383,1.1112019,0.5724969,0.7879191,0.85851246,0.73612374,0.71252525,0.3567839,0.7763578,0.5144394,0.46269038,0.59565514,0.2606524,0.50542265,0.65828586,0.4657311,0.013384227,0.20948087,0.39570087,792.1612,814.7253,766.77655,803.0403,801.8315,-0.23443603515625,0.09344482421875,0.942138671875,2.43743896484375,-0.396270751953125,0.456085205078125,1.0,1.0,1.0,4.0,1.0,100.0,event
15:31:42.114,0.77679336,1.0311383,1.1112019,0.5724969,0.7879191,0.85851246,0.73612374,0.71252525,0.3567839,0.7763578,0.5144394,0.46269038,0.59565514,0.2606524,0.50542265,0.65828586,0.4657311,0.013384227,0.20948087,0.39570087,789.7436,813.91943,763.95605,787.326,765.9707,-0.23443603515625,0.09344482421875,0.942138671875,2.43743896484375,-0.396270751953125,0.456085205078125,1.0,1.0,1.0,4.0,1.0,100.0,event
15:31:42.115,0.77679336,1.0311383,1.1112019,0.5724969,0.7879191,0.85851246,0.73612374,0.71252525,0.3567839,0.7763578,0.5144394,0.46269038,0.59565514,0.2606524,0.50542265,0.65828586,0.4657311,0.013384227,0.20948087,0.39570087,794.57874,824.7985,746.2271,755.89746,814.7253,-0.23443603515625,0.09344482421875,0.942138671875,2.43743896484375,-0.396270751953125,0.456085205078125,1.0,1.0,1.0,4.0,1.0,100.0,event
15:31:42.116,0.77679336,1.0311383,1.1112019,0.5724969,0.7879191,0.85851246,0.73612374,0.71252525,0.3567839,0.7763578,0.5144394,0.46269038,0.59565514,0.2606524,0.50542265,0.65828586,0.4657311,0.013384227,0.20948087,0.39570087,793.7729,811.0989,784.5055,802.6374,921.50183,-0.23443603515625,0.09344482421875,0.942138671875,2.43743896484375,-0.396270751953125,0.456085205078125,1.0,1.0,1.0,4.0,1.0,100.0,event
15:31:42.116,0.77679336,1.0311383,1.1112019,0.5724969,0.7879191,0.85851246,0.73612374,0.71252525,0.3567839,0.7763578,0.5144394,0.46269038,0.59565514,0.2606524,0.50542265,0.65828586,0.4657311,0.013384227,0.20948087,0.39570087,782.49084,820.7692,761.53845,749.85345,986.77655,-0.23443603515625,0.09344482421875,0.942138671875,2.43743896484375,-0.396270751953125,0.456085205078125,1.0,1.0,1.0,4.0,1.0,100.0,event
15:31:42.117,0.77679336,1.0311383,1.1112019,0.5724969,0.7879191,0.85851246,0.73612374,0.71252525,0.3567839,0.7763578,0.5144394,0.46269038,0.59565514,0.2606524,0.50542265,0.65828586,0.4657311,0.013384227,0.20948087,0.39570087,792.1612,817.9487,787.326,811.0989,693.0403,-0.23443603515625,0.09344482421875,0.942138671875,2.43743896484375,-0.396270751953125,0.456085205078125,1.0,1.0,1.0,4.0,1.0,100.0,event
15:31:42.118,0.77679336,1.0311383,1.1112019,0.5724969,0.7879191,0.85851246,0.73612374,0.71252525,0.3567839,0.7763578,0.5144394,0.46269038,0.59565514,0.2606524,0.50542265,0.65828586,0.4657311,0.013384227,0.20948087,0.39570087,803.8461,817.9487,813.5165,805.05493,722.8571,-0.23443603515625,0.09344482421875,0.942138671875,2.43743896484375,-0.396270751953125,0.456085205078125,1.0,1.0,1.0,4.0,1.0,100.0,event
15:31:42.118,0.77679336,1.0311383,1.1112019,0.5724969,0.7879191,0.85851246,0.73612374,0.71252525,0.3567839,0.7763578,0.5144394,0.46269038,0.59565514,0.2606524,0.50542265,0.65828586,0.4657311,0.013384227,0.20948087,0.39570087,823.9927,818.7546,833.663,786.9231,828.4249,-0.23443603515625,0.09344482421875,0.942138671875,2.43743896484375,-0.396270751953125,0.456085205078125,1.0,1.0,1.0,4.0,1.0,100.0,event
15:31:42.119,0.77679336,1.0311383,1.1112019,0.5724969,0.7879191,0.85851246,0.73612374,0.71252525,0.3567839,0.7763578,0.5144394,0.46269038,0.59565514,0.2606524,0.50542265,0.65828586,0.4657311,0.013384227,0.20948087,0.39570087,823.9927,821.5751,840.5128,780.07324,769.59705,-0.23443603515625,0.09344482421875,0.942138671875,2.43743896484375,-0.396270751953125,0.456085205078125,1.0,1.0,1.0,4.0,1.0,100.0,event
15:31:42.172,0.77679336,1.0311383,1.1112019,0.5724969,0.7879191,0.85851246,0.73612374,0.71252525,0.3567839,0.7763578,0.5144394,0.46269038,0.59565514,0.2606524,0.50542265,0.65828586,0.4657311,0.013384227,0.20948087,0.39570087,805.8608,812.3077,843.3333,788.1319,691.02563,-0.23443603515625,0.09344482421875,0.942138671875,2.43743896484375,-0.396270751953125,0.456085205078125,1.0,1.0,1.0,4.0,1.0,100.0,event
15:31:42.173,0.77679336,1.0311383,1.1112019,0.5724969,0.7879191,0.85851246,0.73612374,0.71252525,0.3567839,0.7763578,0.5144394,0.46269038,0.59565514,0.2606524,0.50542265,0.65828586,0.4657311,0.013384227,0.20948087,0.39570087,791.3553,806.6667,841.31866,785.7143,814.3223,-0.23443603515625,0.09344482421875,0.942138671875,2.43743896484375,-0.396270751953125,0.456085205078125,1.0,1.0,1.0,4.0,1.0,100.0,event
15:31:42.174,0.77679336,1.0311383,1.1112019,0.5724969,0.7879191,0.85851246,0.73612374,0.71252525,0.3567839,0.7763578,0.5144394,0.46269038,0.59565514,0.2606524,0.50542265,0.65828586,0.4657311,0.013384227,0.20948087,0.39570087,804.2491,811.0989,847.76556,791.3553,837.28937,-0.23443603515625,0.09344482421875,0.942138671875,2.43743896484375,-0.396270751953125,0.456085205078125,1.0,1.0,1.0,4.0,1.0,100.0,event
15:31:42.175,0.77679336,1.0311383,1.1112019,0.5724969,0.7879191,0.85851246,0.73612374,0.71252525,0.3567839,0.7763578,0.5144394,0.46269038,0.59565514,0.2606524,0.50542265,0.65828586,0.4657311,0.013384227,0.20948087,0.39570087,813.1135,810.293,847.3626,806.6667,747.03296,-0.23443603515625,0.09344482421875,0.942138671875,2.43743896484375,-0.396270751953125,0.456085205078125,1.0,1.0,1.0,4.0,1.0,100.0,event
15:31:42.175,0.77679336,1.0311383,1.1112019,0.5724969,0.7879191,0.85851246,0.73612374,0.71252525,0.3567839,0.7763578,0.5144394,0.46269038,0.59565514,0.2606524,0.50542265,0.65828586,0.4657311,0.013384227,0.20948087,0.39570087,814.3223,804.65204,851.79486,807.0696,733.3333,-0.23443603515625,0.09344482421875,0.942138671875,2.43743896484375,-0.396270751953125,0.456085205078125,1.0,1.0,1.0,4.0,1.0,100.0,event
15:31:42.176,0.77679336,1.0311383,1.1112019,0.5724969,0.7879191,0.85851246,0.73612374,0.71252525,0.3567839,0.7763578,0.5144394,0.46269038,0.59565514,0.2606524,0.50542265,0.65828586,0.4657311,0.013384227,0.20948087,0.39570087,814.7253,809.4872,861.4652,802.23444,911.4286,-0.23443603515625,0.09344482421875,0.942138671875,2.43743896484375,-0.396270751953125,0.456085205078125,1.0,1.0,1.0,2.0,1.0,100.0,event
15:31:42.180,0.77679336,1.0311383,1.1112019,0.5724969,0.7879191,0.85851246,0.73612374,0.71252525,0.3567839,0.7763578,0.5144394,0.46269038,0.59565514,0.2606524,0.50542265,0.65828586,0.4657311,0.013384227,0.20948087,0.39570087,807.8755,811.50183,877.98535,801.4286,999.67035,-0.23443603515625,0.09344482421875,0.942138671875,2.43743896484375,-0.396270751953125,0.456085205078125,1.0,1.0,1.0,2.0,1.0,100.0,event
15:31:42.181,0.77679336,1.0311383,1.1112019,0.5724969,0.7879191,0.85851246,0.73612374,0.71252525,0.3567839,0.7763578,0.5144394,0.46269038,0.59565514,0.2606524,0.50542265,0.65828586,0.4657311,0.013384227,0.20948087,0.39570087,803.8461,805.05493,894.5055,803.8461,850.18317,-0.23443603515625,0.09344482421875,0.942138671875,2.43743896484375,-0.396270751953125,0.456085205078125,1.0,1.0,1.0,2.0,1.0,100.0,event
15:31:42.183,0.77679336,1.0311383,1.1112019,0.5724969,0.7879191,0.85851246,0.73612374,0.71252525,0.3567839,0.7763578,0.5144394,0.46269038,0.59565514,0.2606524,0.50542265,0.65828586,0.4657311,0.013384227,0.20948087,0.39570087,808.2784,804.2491,905.38464,786.9231,724.4689,-0.23443603515625,0.09344482421875,0.942138671875,2.43743896484375,-0.396270751953125,0.456085205078125,1.0,1.0,1.0,2.0,1.0,100.0,event
15:31:42.184,0.77679336,1.0311383,1.1112019,0.5724969,0.7879191,0.85851246,0.73612374,0.71252525,0.3567839,0.7763578,0.5144394,0.46269038,0.59565514,0.2606524,0.50542265,0.65828586,0.4657311,0.013384227,0.20948087,0.39570087,809.89014,798.60803,917.0696,775.2381,860.65936,-0.23443603515625,0.09344482421875,0.942138671875,2.43743896484375,-0.396270751953125,0.456085205078125,1.0,1.0,1.0,2.0,1.0,100.0,event
15:31:42.184,0.77679336,1.0311383,1.1112019,0.5724969,0.7879191,0.85851246,0.73612374,0.71252525,0.3567839,0.7763578,0.5144394,0.46269038,0.59565514,0.2606524,0.50542265,0.65828586,0.4657311,0.013384227,0.20948087,0.39570087,811.0989,800.6227,927.5458,778.0586,904.9817,-0.23443603515625,0.09344482421875,0.942138671875,2.43743896484375,-0.396270751953125,0.456085205078125,1.0,1.0,1.0,2.0,1.0,100.0,event
15:31:42.185,0.77679336,1.0311383,1.1112019,0.5724969,0.7879191,0.85851246,0.73612374,0.71252525,0.3567839,0.7763578,0.5144394,0.46269038,0.59565514,0.2606524,0.50542265,0.65828586,0.4657311,0.013384227,0.20948087,0.39570087,805.05493,805.8608,937.2161,792.5641,695.4579,-0.23443603515625,0.09344482421875,0.942138671875,2.43743896484375,-0.396270751953125,0.456085205078125,1.0,1.0,1.0,2.0,1.0,100.0,event
15:31:42.222,0.77679336,1.0311383,1.1112019,0.5724969,0.7879191,0.85851246,0.73612374,0.71252525,0.3567839,0.7763578,0.5144394,0.46269038,0.59565514,0.2606524,0.50542265,0.65828586,0.4657311,0.013384227,0.20948087,0.39570087,792.5641,799.41394,927.5458,799.41394,693.0403,-0.25677490234375,0.09649658203125,0.938232421875,3.2598876953125,-1.6448974609375,-1.06170654296875,1.0,1.0,1.0,2.0,1.0,100.0,event
15:31:42.223,0.77679336,1.0311383,1.1112019,0.5724969,0.7879191,0.85851246,0.73612374,0.71252525,0.3567839,0.7763578,0.5144394,0.46269038,0.59565514,0.2606524,0.50542265,0.65828586,0.4657311,0.013384227,0.20948087,0.39570087,791.3553,794.57874,927.5458,800.2198,722.4542,-0.25677490234375,0.09649658203125,0.938232421875,3.2598876953125,-1.6448974609375,-1.06170654296875,1.0,1.0,1.0,2.0,1.0,100.0,event
15:31:42.224,0.77679336,1.0311383,1.1112019,0.5724969,0.7879191,0.85851246,0.73612374,0.71252525,0.3567839,0.7763578,0.5144394,0.46269038,0.59565514,0.2606524,0.50542265,0.65828586,0.4657311,0.013384227,0.20948087,0.39570087,803.8461,799.41394,931.1722,807.47253,772.4176,-0.25677490234375,0.09649658203125,0.938232421875,3.2598876953125,-1.6448974609375,-1.06170654296875,1.0,1.0,1.0,2.0,1.0,100.0,event
15:31:42.225,0.77679336,1.0311383,1.1112019,0.5724969,0.7879191,0.85851246,0.73612374,0.71252525,0.3567839,0.7763578,0.5144394,0.46269038,0.59565514,0.2606524,0.50542265,0.65828586,0.4657311,0.013384227,0.20948087,0.39570087,806.26373,803.44324,931.5751,798.60803,736.1539,-0.25677490234375,0.09649658203125,0.938232421875,3.2598876953125,-1.6448974609375,-1.06170654296875,1.0,1.0,1.0,2.0,1.0,100.0,event
15:31:42.225,0.77679336,1.0311383,1.1112019,0.5724969,0.7879191,0.85851246,0.73612374,0.71252525,0.3567839,0.7763578,0.5144394,0.46269038,0.59565514,0.2606524,0.50542265,0.65828586,0.4657311,0.013384227,0.20948087,0.39570087,808.68134,805.4579,930.7692,799.81683,735.34796,-0.25677490234375,0.09649658203125,0.938232421875,3.2598876953125,-1.6448974609375,-1.06170654296875,1.0,1.0,1.0,2.0,1.0,100.0,event
15:31:42.226,0.77679336,1.0311383,1.1112019,0.5724969,0.7879191,0.85851246,0.73612374,0.71252525,0.3567839,0.7763578,0.5144394,0.46269038,0.59565514,0.2606524,0.50542265,0.65828586,0.4657311,0.013384227,0.20948087,0.39570087,814.7253,795.78754,923.5165,819.9634,830.0366,-0.25677490234375,0.09649658203125,0.938232421875,3.2598876953125,-1.6448974609375,-1.06170654296875,1.0,1.0,1.0,2.0,1.0,100.0,event
15:31:42.227,0.77679336,1.0311383,1.1112019,0.5724969,0.7879191,0.85851246,0.73612374,0.71252525,0.3567839,0.7763578,0.5144394,0.46269038,0.59565514,0.2606524,0.50542265,0.65828586,0.4657311,0.013384227,0.20948087,0.39570087,822.381,800.6227,927.1429,819.15753,796.1905,-0.25677490234375,0.09649658203125,0.938232421875,3.2598876953125,-1.6448974609375,-1.06170654296875,1.0,1.0,1.0,2.0,1.0,100.0,event
15:31:42.227,0.77679336,1.0311383,1.1112019,0.5724969,0.7879191,0.85851246,0.73612374,0.71252525,0.3567839,0.7763578,0.5144394,0.46269038,0.59565514,0.2606524,0.50542265,0.65828586,0.4657311,0.013384227,0.20948087,0.39570087,815.12823,807.8755,938.8278,815.9341,741.39197,-0.25677490234375,0.09649658203125,0.938232421875,3.2598876953125,-1.6448974609375,-1.06170654296875,1.0,1.0,1.0,2.0,1.0,100.0,event
15:31:42.228,0.77679336,1.0311383,1.1112019,0.5724969,0.7879191,0.85851246,0.73612374,0.71252525,0.3567839,0.7763578,0.5144394,0.46269038,0.59565514,0.2606524,0.50542265,0.65828586,0.4657311,0.013384227,0.20948087,0.39570087,814.7253,801.02563,929.15753,823.9927,729.304,-0.25677490234375,0.09649658203125,0.938232421875,3.2598876953125,-1.6448974609375,-1.06170654296875,1.0,1.0,1.0,2.0,1.0,100.0,event
15:31:42.228,0.77679336,1.0311383,1.1112019,0.5724969,0.7879191,0.85851246,0.73612374,0.71252525,0.3567839,0.7763578,0.5144394,0.46269038,0.59565514,0.2606524,0.50542265,0.65828586,0.4657311,0.013384227,0.20948087,0.39570087,817.5458,791.3553,910.2198,811.0989,958.97437,-0.25677490234375,0.09649658203125,0.938232421875,3.2598876953125,-1.6448974609375,-1.06170654296875,1.0,1.0,1.0,2.0,1.0,100.0,event
15:31:42.229,0.77679336,1.0311383,1.1112019,0.5724969,0.7879191,0.85851246,0.73612374,0.71252525,0.3567839,0.7763578,0.5144394,0.46269038,0.59565514,0.2606524,0.50542265,0.65828586,0.4657311,0.013384227,0.20948087,0.39570087,808.2784,801.02563,922.3077,803.0403,929.15753,-0.25677490234375,0.09649658203125,0.938232421875,3.2598876953125,-1.6448974609375,-1.06170654296875,1.0,1.0,1.0,2.0,1.0,100.0,event
15:31:42.229,0.77679336,1.0311383,1.1112019,0.5724969,0.7879191,0.85851246,0.73612374,0.71252525,0.3567839,0.7763578,0.5144394,0.46269038,0.59565514,0.2606524,0.50542265,0.65828586,0.4657311,0.013384227,0.20948087,0.39570087,811.0989,807.47253,927.5458,806.6667,640.2564,-0.25677490234375,0.09649658203125,0.938232421875,3.2598876953125,-1.6448974609375,-1.06170654296875,1.0,1.0,1.0,2.0,1.0,100.0,event
15:31:42.256,0.77679336,1.0311383,1.1112019,0.5724969,0.7879191,0.85851246,0.73612374,0.71252525,0.3567839,0.7763578,0.5144394,0.46269038,0.59565514,0.2606524,0.50542265,0.65828586,0.4657311,0.013384227,0.20948087,0.39570087,807.8755,796.99634,915.4579,815.12823,705.9341,-0.23883056640625,0.08935546875,0.95745849609375,2.100982666015625,-4.538421630859375,1.09161376953125,1.0,1.0,1.0,2.0,1.0,100.0,event
15:31:42.257,0.77679336,1.0311383,1.1112019,0.5724969,0.7879191,0.85851246,0.73612374,0.71252525,0.3567839,0.7763578,0.5144394,0.46269038,0.59565514,0.2606524,0.50542265,0.65828586,0.4657311,0.013384227,0.20948087,0.39570087,797.3993,796.5934,909.81683,808.68134,768.7912,-0.23883056640625,0.08935546875,0.95745849609375,2.100982666015625,-4.538421630859375,1.09161376953125,1.0,1.0,1.0,2.0,1.0,100.0,event
15:31:42.258,0.77679336,1.0311383,1.1112019,0.5724969,0.7879191,0.85851246,0.73612374,0.71252525,0.3567839,0.7763578,0.5144394,0.46269038,0.59565514,0.2606524,0.50542265,0.65828586,0.4657311,0.013384227,0.20948087,0.39570087,809.4872,803.8461,908.20514,809.0842,770.0,-0.23883056640625,0.08935546875,0.95745849609375,2.100982666015625,-4.538421630859375,1.09161376953125,1.0,1.0,1.0,2.0,1.0,100.0,event
15:31:42.259,0.77679336,1.0311383,1.1112019,0.5724969,0.7879191,0.85851246,0.73612374,0.71252525,0.3567839,0.7763578,0.5144394,0.46269038,0.59565514,0.2606524,0.50542265,0.65828586,0.4657311,0.013384227,0.20948087,0.39570087,812.71063,808.2784,903.7729,816.337,756.7033,-0.23883056640625,0.08935546875,0.95745849609375,2.100982666015625,-4.538421630859375,1.09161376953125,1.0,1.0,1.0,2.0,1.0,100.0,event
15:31:42.260,0.77679336,1.0311383,1.1112019,0.5724969,0.7879191,0.85851246,0.73612374,0.71252525,0.3567839,0.7763578,0.5144394,0.46269038,0.59565514,0.2606524,0.50542265,0.65828586,0.4657311,0.013384227,0.20948087,0.39570087,802.23444,806.6667,886.4469,794.9817,906.1905,-0.23883056640625,0.08935546875,0.95745849609375,2.100982666015625,-4.538421630859375,1.09161376953125,1.0,1.0,1.0,2.0,1.0,100.0,event
15:31:42.260,0.77679336,1.0311383,1.1112019,0.5724969,0.7879191,0.85851246,0.73612374,0.71252525,0.3567839,0.7763578,0.5144394,0.46269038,0.59565514,0.2606524,0.50542265,0.65828586,0.4657311,0.013384227,0.20948087,0.39570087,797.8022,805.4579,890.07324,801.4286,807.8755,-0.23883056640625,0.08935546875,0.95745849609375,2.100982666015625,-4.538421630859375,1.09161376953125,1.0,1.0,1.0,2.0,1.0,100.0,event
15:31:42.261,0.77679336,1.0311383,1.1112019,0.5724969,0.7879191,0.85851246,0.73612374,0.71252525,0.3567839,0.7763578,0.5144394,0.46269038,0.59565514,0.2606524,0.50542265,0.65828586,0.4657311,0.013384227,0.20948087,0.39570087,806.26373,805.05493,888.46155,801.8315,875.56775,-0.23883056640625,0.08935546875,0.95745849609375,2.100982666015625,-4.538421630859375,1.09161376953125,1.0,1.0,1.0,2.0,1.0,100.0,event
15:31:42.262,0.77679336,1.0311383,1.1112019,0.5724969,0.7879191,0.85851246,0.73612374,0.71252525,0.3567839,0.7763578,0.5144394,0.46269038,0.59565514,0.2606524,0.50542265,0.65828586,0.4657311,0.013384227,0.20948087,0.39570087,807.47253,801.8315,894.10254,799.81683,705.5311,-0.23883056640625,0.08935546875,0.95745849609375,2.100982666015625,-4.538421630859375,1.09161376953125,1.0,1.0,1.0,2.0,1.0,100.0,event
15:31:42.265,0.77679336,1.0311383,1.1112019,0.5724969,0.7879191,0.85851246,0.73612374,0.71252525,0.3567839,0.7763578,0.5144394,0.46269038,0.59565514,0.2606524,0.50542265,0.65828586,0.4657311,0.013384227,0.20948087,0.39570087,815.5311,794.9817,890.87915,798.20514,827.2161,-0.23883056640625,0.08935546875,0.95745849609375,2.100982666015625,-4.538421630859375,1.09161376953125,1.0,1.0,1.0,2.0,1.0,100.0,event
15:31:42.266,0.77679336,1.0311383,1.1112019,0.5724969,0.7879191,0.85851246,0.73612374,0.71252525,0.3567839,0.7763578,0.5144394,0.46269038,0.59565514,0.2606524,0.50542265,0.65828586,0.4657311,0.013384227,0.20948087,0.39570087,810.696,785.31134,900.54944,796.1905,994.43225,-0.23883056640625,0.08935546875,0.95745849609375,2.100982666015625,-4.538421630859375,1.09161376953125,1.0,1.0,1.0,2.0,1.0,100.0,event
15:31:42.267,0.77679336,1.0311383,1.1112019,0.5724969,0.7879191,0.85851246,0.73612374,0.71252525,0.3567839,0.7763578,0.5144394,0.46269038,0.59565514,0.2606524,0.50542265,0.65828586,0.4657311,0.013384227,0.20948087,0.39570087,812.71063,785.31134,904.9817,796.99634,773.6264,-0.23883056640625,0.08935546875,0.95745849609375,2.100982666015625,-4.538421630859375,1.09161376953125,1.0,1.0,1.0,2.0,1.0,100.0,event
15:31:42.268,0.77679336,1.0311383,1.1112019,0.5724969,0.7879191,0.85851246,0.73612374,0.71252525,0.3567839,0.7763578,0.5144394,0.46269038,0.59565514,0.2606524,0.50542265,0.65828586,0.4657311,0.013384227,0.20948087,0.39570087,812.71063,779.2674,881.6117,799.41394,774.0293,-0.23883056640625,0.08935546875,0.95745849609375,2.100982666015625,-4.538421630859375,1.09161376953125,1.0,1.0,1.0,2.0,1.0,100.0,event
15:31:42.290,0.77679336,1.0311383,1.1112019,0.5724969,0.7879191,0.85851246,0.73612374,0.71252525,0.3567839,0.7763578,0.5144394,0.46269038,0.59565514,0.2606524,0.50542265,0.65828586,0.4657311,0.013384227,0.20948087,0.39570087,807.0696,774.0293,882.8205,803.44324,816.7399,-0.23822021484375,0.088134765625,0.95867919921875,2.04864501953125,-4.0972900390625,1.00189208984375,1.0,1.0,1.0,2.0,1.0,100.0,event
15:31:42.291,0.77679336,1.0311383,1.1112019,0.5724969,0.7879191,0.85851246,0.73612374,0.71252525,0.3567839,0.7763578,0.5144394,0.46269038,0.59565514,0.2606524,0.50542265,0.65828586,0.4657311,0.013384227,0.20948087,0.39570087,810.293,779.67035,898.5348,811.0989,770.80585,-0.23822021484375,0.088134765625,0.95867919921875,2.04864501953125,-4.0972900390625,1.00189208984375,1.0,1.0,1.0,2.0,1.0,100.0,event
15:31:42.292,0.77679336,1.0311383,1.1112019,0.5724969,0.7879191,0.85851246,0.73612374,0.71252525,0.3567839,0.7763578,0.5144394,0.46269038,0.59565514,0.2606524,0.50542265,0.65828586,0.4657311,0.013384227,0.20948087,0.39570087,804.2491,778.0586,891.685,811.0989,733.73627,-0.23822021484375,0.088134765625,0.95867919921875,2.04864501953125,-4.0972900390625,1.00189208984375,1.0,1.0,1.0,2.0,1.0,100.0,event
15:31:42.293,0.77679336,1.0311383,1.1112019,0.5724969,0.7879191,0.85851246,0.73612374,0.71252525,0.3567839,0.7763578,0.5144394,0.46269038,0.59565514,0.2606524,0.50542265,0.65828586,0.4657311,0.013384227,0.20948087,0.39570087,803.8461,774.0293,874.35895,805.4579,723.2601,-0.23822021484375,0.088134765625,0.95867919921875,2.04864501953125,-4.0972900390625,1.00189208984375,1.0,1.0,1.0,2.0,1.0,100.0,event
15:31:42.293,0.77679336,1.0311383,1.1112019,0.5724969,0.7879191,0.85851246,0.73612374,0.71252525,0.3567839,0.7763578,0.5144394,0.46269038,0.59565514,0.2606524,0.50542265,0.65828586,0.4657311,0.013384227,0.20948087,0.39570087,811.0989,780.4762,861.06226,791.75824,764.7619,-0.23822021484375,0.088134765625,0.95867919921875,2.04864501953125,-4.0972900390625,1.00189208984375,1.0,1.0,1.0,2.0,1.0,100.0,event
15:31:42.294,0.77679336,1.0311383,1.1112019,0.5724969,0.7879191,0.85851246,0.73612374,0.71252525,0.3567839,0.7763578,0.5144394,0.46269038,0.59565514,0.2606524,0.50542265,0.65828586,0.4657311,0.013384227,0.20948087,0.39570087,798.60803,783.69965,850.58606,782.49084,810.696,-0.23822021484375,0.088134765625,0.95867919921875,2.04864501953125,-4.0972900390625,1.00189208984375,1.0,1.0,1.0,2.0,1.0,100.0,event
15:31:42.295,0.77679336,1.0311383,1.1112019,0.5724969,0.7879191,0.85851246,0.73612374,0.71252525,0.3567839,0.7763578,0.5144394,0.46269038,0.59565514,0.2606524,0.50542265,0.65828586,0.4657311,0.013384227,0.20948087,0.39570087,794.57874,787.72894,852.6007,782.49084,803.0403,-0.23822021484375,0.088134765625,0.95867919921875,2.04864501953125,-4.0972900390625,1.00189208984375,1.0,1.0,1.0,2.0,1.0,100.0,event
15:31:42.296,0.77679336,1.0311383,1.1112019,0.5724969,0.7879191,0.85851246,0.73612374,0.71252525,0.3567839,0.7763578,0.5144394,0.46269038,0.59565514,0.2606524,0.50542265,0.65828586,0.4657311,0.013384227,0.20948087,0.39570087,796.99634,780.87915,846.1539,763.1502,751.8681,-0.23822021484375,0.088134765625,0.95867919921875,2.04864501953125,-4.0972900390625,1.00189208984375,1.0,1.0,1.0,2.0,1.0,100.0,event
15:31:42.296,0.77679336,1.0311383,1.1112019,0.5724969,0.7879191,0.85851246,0.73612374,0.71252525,0.3567839,0.7763578,0.5144394,0.46269038,0.59565514,0.2606524,0.50542265,0.65828586,0.4657311,0.013384227,0.20948087,0.39570087,791.3553,773.6264,834.87177,776.4469,964.21246,-0.23822021484375,0.088134765625,0.95867919921875,2.04864501953125,-4.0972900390625,1.00189208984375,1.0,1.0,1.0,2.0,1.0,100.0,event
15:31:42.297,0.77679336,1.0311383,1.1112019,0.5724969,0.7879191,0.85851246,0.73612374,0.71252525,0.3567839,0.7763578,0.5144394,0.46269038,0.59565514,0.2606524,0.50542265,0.65828586,0.4657311,0.013384227,0.20948087,0.39570087,796.5934,783.2967,847.76556,795.78754,971.4652,-0.23822021484375,0.088134765625,0.95867919921875,2.04864501953125,-4.0972900390625,1.00189208984375,1.0,1.0,1.0,2.0,1.0,100.0,event
15:31:42.298,0.77679336,1.0311383,1.1112019,0.5724969,0.7879191,0.85851246,0.73612374,0.71252525,0.3567839,0.7763578,0.5144394,0.46269038,0.59565514,0.2606524,0.50542265,0.65828586,0.4657311,0.013384227,0.20948087,0.39570087,798.60803,781.685,842.1245,782.49084,738.1685,-0.23822021484375,0.088134765625,0.95867919921875,2.04864501953125,-4.0972900390625,1.00189208984375,1.0,1.0,1.0,2.0,1.0,100.0,event
15:31:42.298,0.77679336,1.0311383,1.1112019,0.5724969,0.7879191,0.85851246,0.73612374,0.71252525,0.3567839,0.7763578,0.5144394,0.46269038,0.59565514,0.2606524,0.50542265,0.65828586,0.4657311,0.013384227,0.20948087,0.39570087,815.9341,781.685,828.022,792.5641,758.71796,-0.23822021484375,0.088134765625,0.95867919921875,2.04864501953125,-4.0972900390625,1.00189208984375,1.0,1.0,1.0,2.0,1.0,100.0,event
15:31:42.324,0.77679336,1.0311383,1.1112019,0.5724969,0.7879191,0.85851246,0.73612374,0.71252525,0.3567839,0.7763578,0.5144394,0.46269038,0.59565514,0.2606524,0.50542265,0.65828586,0.4657311,0.013384227,0.20948087,0.39570087,819.5604,789.7436,836.08057,798.20514,818.7546,-0.23822021484375,0.088134765625,0.95867919921875,2.04864501953125,-4.0972900390625,1.00189208984375,1.0,1.0,1.0,2.0,1.0,100.0,event
15:31:42.325,0.77679336,1.0311383,1.1112019,0.5724969,0.7879191,0.85851246,0.73612374,0.71252525,0.3567839,0.7763578,0.5144394,0.46269038,0.59565514,0.2606524,0.50542265,0.65828586,0.4657311,0.013384227,0.20948087,0.39570087,806.26373,784.5055,836.08057,787.326,776.8498,-0.23822021484375,0.088134765625,0.95867919921875,2.04864501953125,-4.0972900390625,1.00189208984375,1.0,1.0,1.0,2.0,1.0,100.0,event
15:31:42.326,0.77679336,1.0311383,1.1112019,0.5724969,0.7879191,0.85851246,0.73612374,0.71252525,0.3567839,0.7763578,0.5144394,0.46269038,0.59565514,0.2606524,0.50542265,0.65828586,0.4657311,0.013384227,0.20948087,0.39570087,801.02563,779.67035,825.2015,782.49084,801.02563,-0.23822021484375,0.088134765625,0.95867919921875,2.04864501953125,-4.0972900390625,1.00189208984375,1.0,1.0,1.0,2.0,1.0,100.0,event
15:31:42.327,0.77679336,1.0311383,1.1112019,0.5724969,0.7879191,0.85851246,0.73612374,0.71252525,0.3567839,0.7763578,0.5144394,0.46269038,0.59565514,0.2606524,0.50542265,0.65828586,0.4657311,0.013384227,0.20948087,0.39570087,787.326,776.04395,825.2015,772.01465,885.2381,-0.23822021484375,0.088134765625,0.95867919921875,2.04864501953125,-4.0972900390625,1.00189208984375,1.0,1.0,1.0,2.0,1.0,100.0,event
15:31:42.327,0.77679336,1.0311383,1.1112019,0.5724969,0.7879191,0.85851246,0.73612374,0.71252525,0.3567839,0.7763578,0.5144394,0.46269038,0.59565514,0.2606524,0.50542265,0.65828586,0.4657311,0.013384227,0.20948087,0.39570087,790.14655,773.6264,831.6484,763.1502,836.4835,-0.23822021484375,0.088134765625,0.95867919921875,2.04864501953125,-4.0972900390625,1.00189208984375,1.0,1.0,1.0,2.0,1.0,100.0,event
15:31:42.328,0.77679336,1.0311383,1.1112019,0.5724969,0.7879191,0.85851246,0.73612374,0.71252525,0.3567839,0.7763578,0.5144394,0.46269038,0.59565514,0.2606524,0.50542265,0.65828586,0.4657311,0.013384227,0.20948087,0.39570087,790.14655,775.64105,839.304,759.12085,805.8608,-0.23822021484375,0.088134765625,0.95867919921875,2.04864501953125,-4.0972900390625,1.00189208984375,1.0,1.0,1.0,2.0,1.0,100.0,event
15:31:42.329,0.77679336,1.0311383,1.1112019,0.5724969,0.7879191,0.85851246,0.73612374,0.71252525,0.3567839,0.7763578,0.5144394,0.46269038,0.59565514,0.2606524,0.50542265,0.65828586,0.4657311,0.013384227,0.20948087,0.39570087,792.5641,774.43225,849.3773,765.56775,895.31134,-0.23822021484375,0.088134765625,0.95867919921875,2.04864501953125,-4.0972900390625,1.00189208984375,1.0,1.0,1.0,2.0,1.0,100.0,event
15:31:42.329,0.77679336,1.0311383,1.1112019,0.5724969,0.7879191,0.85851246,0.73612374,0.71252525,0.3567839,0.7763578,0.5144394,0.46269038,0.59565514,0.2606524,0.50542265,0.65828586,0.4657311,0.013384227,0.20948087,0.39570087,800.6227,776.04395,846.55676,778.0586,996.04395,-0.23822021484375,0.088134765625,0.95867919921875,2.04864501953125,-4.0972900390625,1.00189208984375,1.0,1.0,1.0,2.0,1.0,100.0,event
15:31:42.330,0.77679336,1.0311383,1.1112019,0.5724969,0.7879191,0.85851246,0.73612374,0.71252525,0.3567839,0.7763578,0.5144394,0.46269038,0.59565514,0.2606524,0.50542265,0.65828586,0.4657311,0.013384227,0.20948087,0.39570087,793.36993,781.28204,857.4359,790.9524,988.3883,-0.23822021484375,0.088134765625,0.95867919921875,2.04864501953125,-4.0972900390625,1.00189208984375,1.0,1.0,1.0,2.0,1.0,100.0,event
15:31:42.331,0.77679336,1.0311383,1.1112019,0.5724969,0.7879191,0.85851246,0.73612374,0.71252525,0.3567839,0.7763578,0.5144394,0.46269038,0.59565514,0.2606524,0.50542265,0.65828586,0.4657311,0.013384227,0.20948087,0.39570087,796.99634,790.14655,867.50916,783.69965,711.1722,-0.23822021484375,0.088134765625,0.95867919921875,2.04864501953125,-4.0972900390625,1.00189208984375,1.0,2.0,1.0,2.0,2.0,100.0,event
15:31:42.334,0.77679336,1.0311383,1.1112019,0.5724969,0.7879191,0.85851246,0.73612374,0.71252525,0.3567839,0.7763578,0.5144394,0.46269038,0.59565514,0.2606524,0.50542265,0.65828586,0.4657311,0.013384227,0.20948087,0.39570087,796.99634,785.31134,856.63007,777.25275,658.3883,-0.23822021484375,0.088134765625,0.95867919921875,2.04864501953125,-4.0972900390625,1.00189208984375,1.0,2.0,1.0,2.0,2.0,100.0,event
15:31:42.335,0.77679336,1.0311383,1.1112019,0.5724969,0.7879191,0.85851246,0.73612374,0.71252525,0.3567839,0.7763578,0.5144394,0.46269038,0.59565514,0.2606524,0.50542265,0.65828586,0.4657311,0.013384227,0.20948087,0.39570087,788.1319,782.0879,852.6007,780.07324,763.1502,-0.23822021484375,0.088134765625,0.95867919921875,2.04864501953125,-4.0972900390625,1.00189208984375,1.0,2.0,1.0,2.0,2.0,100.0,event
15:31:42.394,0.77679336,1.0311383,1.1112019,0.5724969,0.7879191,0.85851246,0.73612374,0.71252525,0.3567839,0.7763578,0.5144394,0.46269038,0.59565514,0.2606524,0.50542265,0.65828586,0.4657311,0.013384227,0.20948087,0.39570087,795.78754,788.5348,852.1978,772.01465,740.18317,-0.2237548828125,0.0904541015625,0.9541015625,2.1234130859375,-4.42626953125,0.246734619140625,1.0,2.0,1.0,2.0,2.0,100.0,event
15:31:42.395,0.77679336,1.0311383,1.1112019,0.5724969,0.7879191,0.85851246,0.73612374,0.71252525,0.3567839,0.7763578,0.5144394,0.46269038,0.59565514,0.2606524,0.50542265,0.65828586,0.4657311,0.013384227,0.20948087,0.39570087,797.3993,792.96704,844.94507,757.50916,718.8278,-0.2237548828125,0.0904541015625,0.9541015625,2.1234130859375,-4.42626953125,0.246734619140625,1.0,2.0,1.0,2.0,2.0,100.0,event
15:31:42.396,0.77679336,1.0311383,1.1112019,0.5724969,0.7879191,0.85851246,0.73612374,0.71252525,0.3567839,0.7763578,0.5144394,0.46269038,0.59565514,0.2606524,0.50542265,0.65828586,0.4657311,0.013384227,0.20948087,0.39570087,789.34064,784.5055,832.0513,760.7326,749.0476,-0.2237548828125,0.0904541015625,0.9541015625,2.1234130859375,-4.42626953125,0.246734619140625,1.0,2.0,1.0,2.0,2.0,100.0,event
15:31:42.397,0.77679336,1.0311383,1.1112019,0.5724969,0.7879191,0.85851246,0.73612374,0.71252525,0.3567839,0.7763578,0.5144394,0.46269038,0.59565514,0.2606524,0.50542265,0.65828586,0.4657311,0.013384227,0.20948087,0.39570087,784.10254,775.2381,833.2601,779.2674,768.7912,-0.2237548828125,0.0904541015625,0.9541015625,2.1234130859375,-4.42626953125,0.246734619140625,1.0,2.0,1.0,2.0,2.0,100.0,event
15:31:42.399,0.77679336,1.0311383,1.1112019,0.5724969,0.7879191,0.85851246,0.73612374,0.71252525,0.3567839,0.7763578,0.5144394,0.46269038,0.59565514,0.2606524,0.50542265,0.65828586,0.4657311,0.013384227,0.20948087,0.39570087,779.2674,776.04395,836.8865,792.1612,815.12823,-0.2237548828125,0.0904541015625,0.9541015625,2.1234130859375,-4.42626953125,0.246734619140625,1.0,2.0,1.0,2.0,2.0,100.0,event
15:31:42.400,0.77679336,1.0311383,1.1112019,0.5724969,0.7879191,0.85851246,0.73612374,0.71252525,0.3567839,0.7763578,0.5144394,0.46269038,0.59565514,0.2606524,0.50542265,0.65828586,0.4657311,0.013384227,0.20948087,0.39570087,781.28204,776.8498,831.2454,790.14655,801.4286,-0.2237548828125,0.0904541015625,0.9541015625,2.1234130859375,-4.42626953125,0.246734619140625,1.0,2.0,1.0,2.0,2.0,100.0,event
15:31:42.401,0.77679336,1.0311383,1.1112019,0.5724969,0.7879191,0.85851246,0.73612374,0.71252525,0.3567839,0.7763578,0.5144394,0.46269038,0.59565514,0.2606524,0.50542265,0.65828586,0.4657311,0.013384227,0.20948087,0.39570087,786.52014,781.28204,826.0073,780.4762,809.89014,-0.2237548828125,0.0904541015625,0.9541015625,2.1234130859375,-4.42626953125,0.246734619140625,1.0,2.0,1.0,2.0,2.0,100.0,event
15:31:42.402,0.77679336,1.0311383,1.1112019,0.5724969,0.7879191,0.85851246,0.73612374,0.71252525,0.3567839,0.7763578,0.5144394,0.46269038,0.59565514,0.2606524,0.50542265,0.65828586,0.4657311,0.013384227,0.20948087,0.39570087,790.14655,776.04395,813.5165,780.07324,1105.641,-0.2237548828125,0.0904541015625,0.9541015625,2.1234130859375,-4.42626953125,0.246734619140625,1.0,2.0,1.0,2.0,2.0,100.0,event
15:31:42.403,0.77679336,1.0311383,1.1112019,0.5724969,0.7879191,0.85851246,0.73612374,0.71252525,0.3567839,0.7763578,0.5144394,0.46269038,0.59565514,0.2606524,0.50542265,0.65828586,0.4657311,0.013384227,0.20948087,0.39570087,791.75824,786.52014,831.6484,788.93774,1082.674,-0.2237548828125,0.0904541015625,0.9541015625,2.1234130859375,-4.42626953125,0.246734619140625,1.0,2.0,1.0,2.0,2.0,100.0,event
15:31:42.404,0.77679336,1.0311383,1.1112019,0.5724969,0.7879191,0.85851246,0.73612374,0.71252525,0.3567839,0.7763578,0.5144394,0.46269038,0.59565514,0.2606524,0.50542265,0.65828586,0.4657311,0.013384227,0.20948087,0.39570087,795.38464,798.20514,840.10986,786.9231,767.1795,-0.2237548828125,0.0904541015625,0.9541015625,2.1234130859375,-4.42626953125,0.246734619140625,1.0,2.0,1.0,2.0,2.0,100.0,event
15:31:42.405,0.77679336,1.0311383,1.1112019,0.5724969,0.7879191,0.85851246,0.73612374,0.71252525,0.3567839,0.7763578,0.5144394,0.46269038,0.59565514,0.2606524,0.50542265,0.65828586,0.4657311,0.013384227,0.20948087,0.39570087,790.54944,786.1172,813.1135,767.98535,770.40295,-0.2237548828125,0.0904541015625,0.9541015625,2.1234130859375,-4.42626953125,0.246734619140625,1.0,2.0,1.0,2.0,2.0,100.0,event
15:31:42.406,0.77679336,1.0311383,1.1112019,0.5724969,0.7879191,0.85851246,0.73612374,0.71252525,0.3567839,0.7763578,0.5144394,0.46269038,0.59565514,0.2606524,0.50542265,0.65828586,0.4657311,0.013384227,0.20948087,0.39570087,772.8205,784.10254,809.89014,765.56775,778.0586,-0.2237548828125,0.0904541015625,0.9541015625,2.1234130859375,-4.42626953125,0.246734619140625,1.0,2.0,1.0,2.0,2.0,100.0,event
15:31:42.502,0.77679336,1.0311383,1.1112019,0.5724969,0.7879191,0.85851246,0.73612374,0.71252525,0.3567839,0.7763578,0.5144394,0.46269038,0.59565514,0.2606524,0.50542265,0.65828586,0.4657311,0.013384227,0.20948087,0.39570087,764.7619,781.685,821.1722,769.19415,735.7509,-0.22027587890625,0.08740234375,0.9617919921875,1.4056396484375,-3.1402587890625,0.85235595703125,1.0,2.0,1.0,2.0,2.0,100.0,event
15:31:42.504,0.77679336,1.0311383,1.1112019,0.5724969,0.7879191,0.85851246,0.73612374,0.71252525,0.3567839,0.7763578,0.5144394,0.46269038,0.59565514,0.2606524,0.50542265,0.65828586,0.4657311,0.013384227,0.20948087,0.39570087,776.8498,781.28204,818.3516,759.5238,740.989,-0.22027587890625,0.08740234375,0.9617919921875,1.4056396484375,-3.1402587890625,0.85235595703125,1.0,2.0,1.0,2.0,2.0,100.0,event
15:31:42.505,0.77679336,1.0311383,1.1112019,0.5724969,0.7879191,0.85851246,0.73612374,0.71252525,0.3567839,0.7763578,0.5144394,0.46269038,0.59565514,0.2606524,0.50542265,0.65828586,0.4657311,0.013384227,0.20948087,0.39570087,777.6557,784.10254,806.6667,752.674,805.8608,-0.22027587890625,0.08740234375,0.9617919921875,1.4056396484375,-3.1402587890625,0.85235595703125,1.0,2.0,1.0,2.0,2.0,100.0,event
15:31:42.507,0.77679336,1.0311383,1.1112019,0.5724969,0.7879191,0.85851246,0.73612374,0.71252525,0.3567839,0.7763578,0.5144394,0.46269038,0.59565514,0.2606524,0.50542265,0.65828586,0.4657311,0.013384227,0.20948087,0.39570087,771.6117,785.7143,805.05493,755.09155,827.2161,-0.22027587890625,0.08740234375,0.9617919921875,1.4056396484375,-3.1402587890625,0.85235595703125,1.0,2.0,1.0,2.0,2.0,100.0,event
15:31:42.509,0.77679336,1.0311383,1.1112019,0.5724969,0.7879191,0.85851246,0.73612374,0.71252525,0.3567839,0.7763578,0.5144394,0.46269038,0.59565514,0.2606524,0.50542265,0.65828586,0.4657311,0.013384227,0.20948087,0.39570087,777.6557,783.2967,804.2491,761.13556,770.80585,-0.22027587890625,0.08740234375,0.9617919921875,1.4056396484375,-3.1402587890625,0.85235595703125,1.0,2.0,1.0,2.0,2.0,100.0,event
15:31:42.511,0.77679336,1.0311383,1.1112019,0.5724969,0.7879191,0.85851246,0.73612374,0.71252525,0.3567839,0.7763578,0.5144394,0.46269038,0.59565514,0.2606524,0.50542265,0.65828586,0.4657311,0.013384227,0.20948087,0.39570087,765.56775,775.64105,805.05493,771.2088,787.72894,-0.22027587890625,0.08740234375,0.9617919921875,1.4056396484375,-3.1402587890625,0.85235595703125,1.0,2.0,1.0,2.0,2.0,100.0,event
15:31:42.512,0.77679336,1.0311383,1.1112019,0.5724969,0.7879191,0.85851246,0.73612374,0.71252525,0.3567839,0.7763578,0.5144394,0.46269038,0.59565514,0.2606524,0.50542265,0.65828586,0.4657311,0.013384227,0.20948087,0.39570087,758.71796,766.77655,799.81683,769.19415,945.6777,-0.22027587890625,0.08740234375,0.9617919921875,1.4056396484375,-3.1402587890625,0.85235595703125,1.0,2.0,1.0,2.0,2.0,100.0,event
15:31:42.513,0.77679336,1.0311383,1.1112019,0.5724969,0.7879191,0.85851246,0.73612374,0.71252525,0.3567839,0.7763578,0.5144394,0.46269038,0.59565514,0.2606524,0.50542265,0.65828586,0.4657311,0.013384227,0.20948087,0.39570087,772.8205,783.69965,807.0696,734.1392,816.7399,-0.22027587890625,0.08740234375,0.9617919921875,1.4056396484375,-3.1402587890625,0.85235595703125,1.0,2.0,1.0,2.0,2.0,100.0,event
15:31:42.513,0.77679336,1.0311383,1.1112019,0.5724969,0.7879191,0.85851246,0.73612374,0.71252525,0.3567839,0.7763578,0.5144394,0.46269038,0.59565514,0.2606524,0.50542265,0.65828586,0.4657311,0.013384227,0.20948087,0.39570087,766.77655,769.59705,800.2198,756.30035,964.61536,-0.22027587890625,0.08740234375,0.9617919921875,1.4056396484375,-3.1402587890625,0.85235595703125,1.0,2.0,1.0,2.0,2.0,100.0,event
15:31:42.514,0.77679336,1.0311383,1.1112019,0.5724969,0.7879191,0.85851246,0.73612374,0.71252525,0.3567839,0.7763578,0.5144394,0.46269038,0.59565514,0.2606524,0.50542265,0.65828586,0.4657311,0.013384227,0.20948087,0.39570087,772.4176,788.5348,802.23444,734.94507,757.9121,-0.22027587890625,0.08740234375,0.9617919921875,1.4056396484375,-3.1402587890625,0.85235595703125,1.0,2.0,1.0,2.0,2.0,100.0,event
15:31:42.515,0.77679336,1.0311383,1.1112019,0.5724969,0.7879191,0.85851246,0.73612374,0.71252525,0.3567839,0.7763578,0.5144394,0.46269038,0.59565514,0.2606524,0.50542265,0.65828586,0.4657311,0.013384227,0.20948087,0.39570087,768.7912,792.1612,807.47253,772.01465,800.2198,-0.22027587890625,0.08740234375,0.9617919921875,1.4056396484375,-3.1402587890625,0.85235595703125,1.0,2.0,1.0,2.0,2.0,100.0,event
15:31:42.516,0.77679336,1.0311383,1.1112019,0.5724969,0.7879191,0.85851246,0.73612374,0.71252525,0.3567839,0.7763578,0.5144394,0.46269038,0.59565514,0.2606524,0.50542265,0.65828586,0.4657311,0.013384227,0.20948087,0.39570087,763.95605,798.60803,814.7253,770.0,780.87915,-0.22027587890625,0.08740234375,0.9617919921875,1.4056396484375,-3.1402587890625,0.85235595703125,1.0,2.0,1.0,2.0,2.0,100.0,event
15:31:42.520,0.77679336,1.0311383,1.1112019,0.5724969,0.7879191,0.85851246,0.73612374,0.71252525,0.3567839,0.7763578,0.5144394,0.46269038,0.59565514,0.2606524,0.50542265,0.65828586,0.4657311,0.013384227,0.20948087,0.39570087,766.77655,807.47253,812.3077,745.82416,706.7399,-0.23004150390625,0.09259033203125,0.963623046875,1.614990234375,-2.011260986328125,0.4486083984375,1.0,2.0,1.0,2.0,2.0,100.0,event
15:31:42.521,0.77679336,1.0311383,1.1112019,0.5724969,0.7879191,0.85851246,0.73612374,0.71252525,0.3567839,0.7763578,0.5144394,0.46269038,0.59565514,0.2606524,0.50542265,0.65828586,0.4657311,0.013384227,0.20948087,0.39570087,772.01465,801.02563,812.3077,778.46155,764.35895,-0.23004150390625,0.09259033203125,0.963623046875,1.614990234375,-2.011260986328125,0.4486083984375,1.0,2.0,1.0,2.0,2.0,100.0,event
15:31:42.522,0.77679336,1.0311383,1.1112019,0.5724969,0.7879191,0.85851246,0.73612374,0.71252525,0.3567839,0.7763578,0.5144394,0.46269038,0.59565514,0.2606524,0.50542265,0.65828586,0.4657311,0.013384227,0.20948087,0.39570087,769.19415,797.3993,816.337,774.0293,792.5641,-0.23004150390625,0.09259033203125,0.963623046875,1.614990234375,-2.011260986328125,0.4486083984375,1.0,2.0,1.0,2.0,2.0,100.0,event
15:31:42.523,0.77679336,1.0311383,1.1112019,0.5724969,0.7879191,0.85851246,0.73612374,0.71252525,0.3567839,0.7763578,0.5144394,0.46269038,0.59565514,0.2606524,0.50542265,0.65828586,0.4657311,0.013384227,0.20948087,0.39570087,766.3736,802.6374,819.9634,763.5531,806.6667,-0.23004150390625,0.09259033203125,0.963623046875,1.614990234375,-2.011260986328125,0.4486083984375,1.0,2.0,1.0,2.0,2.0,100.0,event
15:31:42.523,0.77679336,1.0311383,1.1112019,0.5724969,0.7879191,0.85851246,0.73612374,0.71252525,0.3567839,0.7763578,0.5144394,0.46269038,0.59565514,0.2606524,0.50542265,0.65828586,0.4657311,0.013384227,0.20948087,0.39570087,766.77655,802.6374,811.50183,771.2088,747.8388,-0.23004150390625,0.09259033203125,0.963623046875,1.614990234375,-2.011260986328125,0.4486083984375,1.0,2.0,1.0,2.0,2.0,100.0,event
15:31:42.524,0.77679336,1.0311383,1.1112019,0.5724969,0.7879191,0.85851246,0.73612374,0.71252525,0.3567839,0.7763578,0.5144394,0.46269038,0.59565514,0.2606524,0.50542265,0.65828586,0.4657311,0.013384227,0.20948087,0.39570087,776.4469,805.8608,801.02563,768.7912,784.10254,-0.23004150390625,0.09259033203125,0.963623046875,1.614990234375,-2.011260986328125,0.4486083984375,1.0,2.0,1.0,2.0,2.0,100.0,event
15:31:42.525,0.77679336,1.0311383,1.1112019,0.5724969,0.7879191,0.85851246,0.73612374,0.71252525,0.3567839,0.7763578,0.5144394,0.46269038,0.59565514,0.2606524,0.50542265,0.65828586,0.4657311,0.013384227,0.20948087,0.39570087,775.64105,803.44324,799.41394,754.68866,1002.49084,-0.23004150390625,0.09259033203125,0.963623046875,1.614990234375,-2.011260986328125,0.4486083984375,1.0,2.0,1.0,2.0,2.0,100.0,event
15:31:42.526,0.77679336,1.0311383,1.1112019,0.5724969,0.7879191,0.85851246,0.73612374,0.71252525,0.3567839,0.7763578,0.5144394,0.46269038,0.59565514,0.2606524,0.50542265,0.65828586,0.4657311,0.013384227,0.20948087,0.39570087,767.1795,801.8315,805.8608,747.8388,936.8132,-0.23004150390625,0.09259033203125,0.963623046875,1.614990234375,-2.011260986328125,0.4486083984375,1.0,2.0,1.0,2.0,2.0,100.0,event
15:31:42.526,0.77679336,1.0311383,1.1112019,0.5724969,0.7879191,0.85851246,0.73612374,0.71252525,0.3567839,0.7763578,0.5144394,0.46269038,0.59565514,0.2606524,0.50542265,0.65828586,0.4657311,0.013384227,0.20948087,0.39570087,757.1062,794.57874,808.2784,745.0183,703.1135,-0.23004150390625,0.09259033203125,0.963623046875,1.614990234375,-2.011260986328125,0.4486083984375,1.0,2.0,1.0,2.0,2.0,100.0,event
15:31:42.527,0.77679336,1.0311383,1.1112019,0.5724969,0.7879191,0.85851246,0.73612374,0.71252525,0.3567839,0.7763578,0.5144394,0.46269038,0.59565514,0.2606524,0.50542265,0.65828586,0.4657311,0.013384227,0.20948087,0.39570087,758.315,786.9231,808.68134,753.47986,746.63007,-0.23004150390625,0.09259033203125,0.963623046875,1.614990234375,-2.011260986328125,0.4486083984375,1.0,2.0,1.0,2.0,2.0,100.0,event
15:31:42.528,0.77679336,1.0311383,1.1112019,0.5724969,0.7879191,0.85851246,0.73612374,0.71252525,0.3567839,0.7763578,0.5144394,0.46269038,0.59565514,0.2606524,0.50542265,0.65828586,0.4657311,0.013384227,0.20948087,0.39570087,765.56775,790.9524,810.293,763.95605,782.8938,-0.23004150390625,0.09259033203125,0.963623046875,1.614990234375,-2.011260986328125,0.4486083984375,1.0,2.0,1.0,2.0,2.0,100.0,event
15:31:42.530,0.77679336,1.0311383,1.1112019,0.5724969,0.7879191,0.85851246,0.73612374,0.71252525,0.3567839,0.7763578,0.5144394,0.46269038,0.59565514,0.2606524,0.50542265,0.65828586,0.4657311,0.013384227,0.20948087,0.39570087,766.77655,795.78754,801.4286,759.12085,747.4359,-0.23004150390625,0.09259033203125,0.963623046875,1.614990234375,-2.011260986328125,0.4486083984375,1.0,2.0,1.0,2.0,2.0,100.0,event
15:31:42.553,0.77679336,1.0311383,1.1112019,0.5724969,0.7879191,0.85851246,0.73612374,0.71252525,0.3567839,0.7763578,0.5144394,0.46269038,0.59565514,0.2606524,0.50542265,0.65828586,0.4657311,0.013384227,0.20948087,0.39570087,785.31134,798.60803,779.67035,771.6117,711.978,-0.21728515625,0.08734130859375,0.9674072265625,1.1663818359375,0.82244873046875,0.73272705078125,1.0,2.0,1.0,2.0,2.0,100.0,event
15:31:42.556,0.77679336,1.0311383,1.1112019,0.5724969,0.7879191,0.85851246,0.73612374,0.71252525,0.3567839,0.7763578,0.5144394,0.46269038,0.59565514,0.2606524,0.50542265,0.65828586,0.4657311,0.013384227,0.20948087,0.39570087,797.3993,791.75824,761.9414,778.86444,806.26373,-0.21728515625,0.08734130859375,0.9674072265625,1.1663818359375,0.82244873046875,0.73272705078125,1.0,2.0,1.0,2.0,2.0,100.0,event
15:31:42.557,0.77679336,1.0311383,1.1112019,0.5724969,0.7879191,0.85851246,0.73612374,0.71252525,0.3567839,0.7763578,0.5144394,0.46269038,0.59565514,0.2606524,0.50542265,0.65828586,0.4657311,0.013384227,0.20948087,0.39570087,765.16486,788.1319,771.2088,769.19415,942.0513,-0.21728515625,0.08734130859375,0.9674072265625,1.1663818359375,0.82244873046875,0.73272705078125,1.0,2.0,1.0,2.0,2.0,100.0,event
15:31:42.559,0.77679336,1.0311383,1.1112019,0.5724969,0.7879191,0.85851246,0.73612374,0.71252525,0.3567839,0.7763578,0.5144394,0.46269038,0.59565514,0.2606524,0.50542265,0.65828586,0.4657311,0.013384227,0.20948087,0.39570087,741.39197,797.8022,787.72894,744.21246,795.38464,-0.21728515625,0.08734130859375,0.9674072265625,1.1663818359375,0.82244873046875,0.73272705078125,1.0,2.0,1.0,2.0,2.0,100.0,event
15:31:42.561,0.77679336,1.0311383,1.1112019,0.5724969,0.7879191,0.85851246,0.73612374,0.71252525,0.3567839,0.7763578,0.5144394,0.46269038,0.59565514,0.2606524,0.50542265,0.65828586,0.4657311,0.013384227,0.20948087,0.39570087,764.7619,802.6374,780.87915,750.2564,722.8571,-0.21728515625,0.08734130859375,0.9674072265625,1.1663818359375,0.82244873046875,0.73272705078125,1.0,2.0,1.0,2.0,2.0,100.0,event
15:31:42.562,0.77679336,1.0311383,1.1112019,0.5724969,0.7879191,0.85851246,0.73612374,0.71252525,0.3567839,0.7763578,0.5144394,0.46269038,0.59565514,0.2606524,0.50542265,0.65828586,0.4657311,0.013384227,0.20948087,0.39570087,778.86444,794.9817,764.7619,767.98535,945.2747,-0.21728515625,0.08734130859375,0.9674072265625,1.1663818359375,0.82244873046875,0.73272705078125,1.0,2.0,1.0,2.0,2.0,100.0,event
15:31:42.563,0.77679336,1.0311383,1.1112019,0.5724969,0.7879191,0.85851246,0.73612374,0.71252525,0.3567839,0.7763578,0.5144394,0.46269038,0.59565514,0.2606524,0.50542265,0.65828586,0.4657311,0.013384227,0.20948087,0.39570087,781.685,792.5641,765.56775,768.7912,1098.7913,-0.21728515625,0.08734130859375,0.9674072265625,1.1663818359375,0.82244873046875,0.73272705078125,1.0,2.0,1.0,2.0,2.0,100.0,event
15:31:42.564,0.77679336,1.0311383,1.1112019,0.5724969,0.7879191,0.85851246,0.73612374,0.71252525,0.3567839,0.7763578,0.5144394,0.46269038,0.59565514,0.2606524,0.50542265,0.65828586,0.4657311,0.013384227,0.20948087,0.39570087,777.25275,803.44324,777.6557,761.13556,803.44324,-0.21728515625,0.08734130859375,0.9674072265625,1.1663818359375,0.82244873046875,0.73272705078125,1.0,2.0,1.0,2.0,2.0,100.0,event
15:31:42.565,0.77679336,1.0311383,1.1112019,0.5724969,0.7879191,0.85851246,0.73612374,0.71252525,0.3567839,0.7763578,0.5144394,0.46269038,0.59565514,0.2606524,0.50542265,0.65828586,0.4657311,0.013384227,0.20948087,0.39570087,781.28204,800.6227,770.40295,761.9414,660.0,-0.21728515625,0.08734130859375,0.9674072265625,1.1663818359375,0.82244873046875,0.73272705078125,1.0,2.0,1.0,2.0,2.0,100.0,event
15:31:42.566,0.77679336,1.0311383,1.1112019,0.5724969,0.7879191,0.85851246,0.73612374,0.71252525,0.3567839,0.7763578,0.5144394,0.46269038,0.59565514,0.2606524,0.50542265,0.65828586,0.4657311,0.013384227,0.20948087,0.39570087,785.31134,795.38464,770.80585,762.74725,807.47253,-0.21728515625,0.08734130859375,0.9674072265625,1.1663818359375,0.82244873046875,0.73272705078125,1.0,2.0,1.0,2.0,2.0,100.0,event
15:31:42.567,0.77679336,1.0311383,1.1112019,0.5724969,0.7879191,0.85851246,0.73612374,0.71252525,0.3567839,0.7763578,0.5144394,0.46269038,0.59565514,0.2606524,0.50542265,0.65828586,0.4657311,0.013384227,0.20948087,0.39570087,777.25275,790.14655,778.46155,769.19415,874.35895,-0.21728515625,0.08734130859375,0.9674072265625,1.1663818359375,0.82244873046875,0.73272705078125,1.0,2.0,1.0,2.0,2.0,100.0,event
15:31:42.567,0.77679336,1.0311383,1.1112019,0.5724969,0.7879191,0.85851246,0.73612374,0.71252525,0.3567839,0.7763578,0.5144394,0.46269038,0.59565514,0.2606524,0.50542265,0.65828586,0.4657311,0.013384227,0.20948087,0.39570087,784.90845,789.34064,767.98535,770.80585,809.4872,-0.21728515625,0.08734130859375,0.9674072265625,1.1663818359375,0.82244873046875,0.73272705078125,1.0,2.0,1.0,2.0,2.0,100.0,event
15:31:42.594,0.77679336,1.0311383,1.1112019,0.5724969,0.7879191,0.85851246,0.73612374,0.71252525,0.3567839,0.7763578,0.5144394,0.46269038,0.59565514,0.2606524,0.50542265,0.65828586,0.4657311,0.013384227,0.20948087,0.39570087,779.2674,791.75824,754.68866,749.45056,780.87915,-0.21728515625,0.08734130859375,0.9674072265625,1.1663818359375,0.82244873046875,0.73272705078125,1.0,2.0,1.0,2.0,2.0,100.0,event
15:31:42.595,0.77679336,1.1581328,1.1112019,0.5724969,0.7879191,0.7080317,0.73612374,0.71252525,0.3567839,0.78564644,0.5144394,0.46269038,0.59565514,0.3059508,0.50542265,0.65828586,0.4657311,-0.2547062,0.20948087,0.39570087,776.04395,784.10254,767.1795,754.2857,787.326,-0.21728515625,0.08734130859375,0.9674072265625,1.1663818359375,0.82244873046875,0.73272705078125,1.0,2.0,1.0,2.0,2.0,100.0,event
15:31:42.599,0.77679336,1.1581328,1.1112019,0.5724969,0.7879191,0.7080317,0.73612374,0.71252525,0.3567839,0.78564644,0.5144394,0.46269038,0.59565514,0.3059508,0.50542265,0.65828586,0.4657311,-0.2547062,0.20948087,0.39570087,780.87915,789.34064,774.83514,775.2381,804.65204,-0.21728515625,0.08734130859375,0.9674072265625,1.1663818359375,0.82244873046875,0.73272705078125,1.0,2.0,1.0,2.0,2.0,100.0,event
15:31:42.600,0.77679336,1.1581328,1.1112019,0.5724969,0.7879191,0.7080317,0.73612374,0.71252525,0.3567839,0.78564644,0.5144394,0.46269038,0.59565514,0.3059508,0.50542265,0.65828586,0.4657311,-0.2547062,0.20948087,0.39570087,786.1172,796.1905,774.83514,773.22345,776.8498,-0.21728515625,0.08734130859375,0.9674072265625,1.1663818359375,0.82244873046875,0.73272705078125,1.0,2.0,1.0,2.0,2.0,100.0,event
15:31:42.601,0.77679336,1.1581328,1.1112019,0.5724969,0.7879191,0.7080317,0.73612374,0.71252525,0.3567839,0.78564644,0.5144394,0.46269038,0.59565514,0.3059508,0.50542265,0.65828586,0.4657311,-0.2547062,0.20948087,0.39570087,788.93774,786.52014,772.8205,761.9414,711.1722,-0.21728515625,0.08734130859375,0.9674072265625,1.1663818359375,0.82244873046875,0.73272705078125,1.0,2.0,1.0,2.0,2.0,100.0,event
15:31:42.601,0.77679336,1.1581328,1.1112019,0.5724969,0.7879191,0.7080317,0.73612374,0.71252525,0.3567839,0.78564644,0.5144394,0.46269038,0.59565514,0.3059508,0.50542265,0.65828586,0.4657311,-0.2547062,0.20948087,0.39570087,784.5055,777.25275,763.1502,761.53845,889.2674,-0.21728515625,0.08734130859375,0.9674072265625,1.1663818359375,0.82244873046875,0.73272705078125,1.0,2.0,1.0,2.0,2.0,100.0,event
15:31:42.602,0.77679336,1.1581328,1.1112019,0.5724969,0.7879191,0.7080317,0.73612374,0.71252525,0.3567839,0.78564644,0.5144394,0.46269038,0.59565514,0.3059508,0.50542265,0.65828586,0.4657311,-0.2547062,0.20948087,0.39570087,787.72894,783.2967,771.6117,765.16486,967.8388,-0.21728515625,0.08734130859375,0.9674072265625,1.1663818359375,0.82244873046875,0.73272705078125,1.0,2.0,1.0,2.0,2.0,100.0,event
15:31:42.603,0.77679336,1.1581328,1.1112019,0.5724969,0.7879191,0.7080317,0.73612374,0.71252525,0.3567839,0.78564644,0.5144394,0.46269038,0.59565514,0.3059508,0.50542265,0.65828586,0.4657311,-0.2547062,0.20948087,0.39570087,789.7436,790.9524,777.25275,766.3736,779.2674,-0.21728515625,0.08734130859375,0.9674072265625,1.1663818359375,0.82244873046875,0.73272705078125,1.0,2.0,1.0,2.0,2.0,100.0,event
15:31:42.603,0.77679336,1.1581328,1.1112019,0.5724969,0.7879191,0.7080317,0.73612374,0.71252525,0.3567839,0.78564644,0.5144394,0.46269038,0.59565514,0.3059508,0.50542265,0.65828586,0.4657311,-0.2547062,0.20948087,0.39570087,787.326,786.1172,768.3883,773.22345,725.6777,-0.21728515625,0.08734130859375,0.9674072265625,1.1663818359375,0.82244873046875,0.73272705078125,1.0,2.0,1.0,2.0,2.0,100.0,event
15:31:42.604,0.77679336,1.1581328,1.1112019,0.5724969,0.7879191,0.7080317,0.73612374,0.71252525,0.3567839,0.78564644,0.5144394,0.46269038,0.59565514,0.3059508,0.50542265,0.65828586,0.4657311,-0.2547062,0.20948087,0.39570087,776.4469,779.2674,773.22345,769.19415,858.24176,-0.21728515625,0.08734130859375,0.9674072265625,1.1663818359375,0.82244873046875,0.73272705078125,1.0,2.0,1.0,2.0,2.0,100.0,event
15:31:42.605,0.77679336,1.1581328,1.1112019,0.5724969,0.7879191,0.7080317,0.73612374,0.71252525,0.3567839,0.78564644,0.5144394,0.46269038,0.59565514,0.3059508,0.50542265,0.65828586,0.4657311,-0.2547062,0.20948087,0.39570087,788.93774,785.31134,784.10254,769.59705,807.47253,-0.21728515625,0.08734130859375,0.9674072265625,1.1663818359375,0.82244873046875,0.73272705078125,1.0,2.0,1.0,2.0,2.0,100.0,event
15:31:42.605,0.77679336,1.1581328,1.1112019,0.5724969,0.7879191,0.7080317,0.73612374,0.71252525,0.3567839,0.78564644,0.5144394,0.46269038,0.59565514,0.3059508,0.50542265,0.65828586,0.4657311,-0.2547062,0.20948087,0.39570087,797.3993,790.9524,778.46155,756.30035,664.43225,-0.21728515625,0.08734130859375,0.9674072265625,1.1663818359375,0.82244873046875,0.73272705078125,1.0,2.0,1.0,2.0,2.0,100.0,event
15:31:42.639,0.77679336,1.1581328,1.1112019,0.5724969,0.7879191,0.7080317,0.73612374,0.71252525,0.3567839,0.78564644,0.5144394,0.46269038,0.59565514,0.3059508,0.50542265,0.65828586,0.4657311,-0.2547062,0.20948087,0.39570087,782.8938,783.69965,790.54944,759.12085,696.26373,-0.23724365234375,0.08837890625,0.9486083984375,1.876678466796875,1.016845703125,0.59814453125,1.0,2.0,1.0,2.0,2.0,100.0,event
15:31:42.640,0.77679336,1.1581328,1.1112019,0.5724969,0.7879191,0.7080317,0.73612374,0.71252525,0.3567839,0.78564644,0.5144394,0.46269038,0.59565514,0.3059508,0.50542265,0.65828586,0.4657311,-0.2547062,0.20948087,0.39570087,802.23444,782.8938,812.71063,788.93774,729.707,-0.23724365234375,0.08837890625,0.9486083984375,1.876678466796875,1.016845703125,0.59814453125,1.0,2.0,1.0,2.0,2.0,100.0,event
15:31:42.641,0.77679336,1.1581328,1.1112019,0.5724969,0.7879191,0.7080317,0.73612374,0.71252525,0.3567839,0.78564644,0.5144394,0.46269038,0.59565514,0.3059508,0.50542265,0.65828586,0.4657311,-0.2547062,0.20948087,0.39570087,820.3663,792.96704,821.978,797.8022,674.5055,-0.23724365234375,0.08837890625,0.9486083984375,1.876678466796875,1.016845703125,0.59814453125,1.0,2.0,1.0,2.0,2.0,100.0,event
15:31:42.642,0.77679336,1.1581328,1.1112019,0.5724969,0.7879191,0.7080317,0.73612374,0.71252525,0.3567839,0.78564644,0.5144394,0.46269038,0.59565514,0.3059508,0.50542265,0.65828586,0.4657311,-0.2547062,0.20948087,0.39570087,806.6667,796.99634,828.4249,797.8022,658.3883,-0.23724365234375,0.08837890625,0.9486083984375,1.876678466796875,1.016845703125,0.59814453125,1.0,2.0,1.0,2.0,2.0,100.0,event
15:31:42.642,0.77679336,1.1581328,1.1112019,0.5724969,0.7879191,0.7080317,0.73612374,0.71252525,0.3567839,0.78564644,0.5144394,0.46269038,0.59565514,0.3059508,0.50542265,0.65828586,0.4657311,-0.2547062,0.20948087,0.39570087,817.9487,794.9817,837.28937,790.14655,769.59705,-0.23724365234375,0.08837890625,0.9486083984375,1.876678466796875,1.016845703125,0.59814453125,1.0,2.0,1.0,2.0,2.0,100.0,event
15:31:42.643,0.77679336,1.1581328,1.1112019,0.5724969,0.7879191,0.7080317,0.73612374,0.71252525,0.3567839,0.78564644,0.5144394,0.46269038,0.59565514,0.3059508,0.50542265,0.65828586,0.4657311,-0.2547062,0.20948087,0.39570087,844.5421,792.1612,842.1245,813.91943,849.3773,-0.23724365234375,0.08837890625,0.9486083984375,1.876678466796875,1.016845703125,0.59814453125,1.0,2.0,1.0,2.0,2.0,100.0,event
15:31:42.644,0.77679336,1.1581328,1.1112019,0.5724969,0.7879191,0.7080317,0.73612374,0.71252525,0.3567839,0.78564644,0.5144394,0.46269038,0.59565514,0.3059508,0.50542265,0.65828586,0.4657311,-0.2547062,0.20948087,0.39570087,848.1685,794.17584,844.94507,824.7985,834.87177,-0.23724365234375,0.08837890625,0.9486083984375,1.876678466796875,1.016845703125,0.59814453125,1.0,2.0,1.0,2.0,2.0,100.0,event
15:31:42.644,0.77679336,1.1581328,1.1112019,0.5724969,0.7879191,0.7080317,0.73612374,0.71252525,0.3567839,0.78564644,0.5144394,0.46269038,0.59565514,0.3059508,0.50542265,0.65828586,0.4657311,-0.2547062,0.20948087,0.39570087,831.6484,790.54944,849.7802,804.2491,834.0659,-0.23724365234375,0.08837890625,0.9486083984375,1.876678466796875,1.016845703125,0.59814453125,1.0,2.0,1.0,2.0,2.0,100.0,event
15:31:42.645,0.77679336,1.1581328,1.1112019,0.5724969,0.7879191,0.7080317,0.73612374,0.71252525,0.3567839,0.78564644,0.5144394,0.46269038,0.59565514,0.3059508,0.50542265,0.65828586,0.4657311,-0.2547062,0.20948087,0.39570087,825.2015,782.8938,850.989,805.4579,916.26373,-0.23724365234375,0.08837890625,0.9486083984375,1.876678466796875,1.016845703125,0.59814453125,1.0,2.0,1.0,2.0,2.0,100.0,event
15:31:42.645,0.77679336,1.1581328,1.1112019,0.5724969,0.7879191,0.7080317,0.73612374,0.71252525,0.3567839,0.78564644,0.5144394,0.46269038,0.59565514,0.3059508,0.50542265,0.65828586,0.4657311,-0.2547062,0.20948087,0.39570087,842.1245,792.5641,857.4359,816.7399,1025.0549,-0.23724365234375,0.08837890625,0.9486083984375,1.876678466796875,1.016845703125,0.59814453125,1.0,2.0,1.0,2.0,2.0,100.0,event
15:31:42.646,0.77679336,1.1581328,1.1112019,0.5724969,0.7879191,0.7080317,0.73612374,0.71252525,0.3567839,0.78564644,0.5144394,0.46269038,0.59565514,0.3059508,0.50542265,0.65828586,0.4657311,-0.2547062,0.20948087,0.39570087,832.0513,809.0842,875.56775,811.9048,855.0183,-0.23724365234375,0.08837890625,0.9486083984375,1.876678466796875,1.016845703125,0.59814453125,1.0,2.0,1.0,2.0,2.0,100.0,event
15:31:42.647,0.77679336,1.1581328,1.1112019,0.5724969,0.7879191,0.7080317,0.73612374,0.71252525,0.3567839,0.78564644,0.5144394,0.46269038,0.59565514,0.3059508,0.50542265,0.65828586,0.4657311,-0.2547062,0.20948087,0.39570087,818.3516,812.71063,870.32965,815.12823,765.9707,-0.23724365234375,0.08837890625,0.9486083984375,1.876678466796875,1.016845703125,0.59814453125,1.0,2.0,1.0,2.0,2.0,100.0,event
15:31:42.692,0.77679336,1.1581328,1.1112019,0.5724969,0.7879191,0.7080317,0.73612374,0.71252525,0.3567839,0.78564644,0.5144394,0.46269038,0.59565514,0.3059508,0.50542265,0.65828586,0.4657311,-0.2547062,0.20948087,0.39570087,830.0366,809.0842,874.7619,829.2308,782.49084,-0.2642822265625,0.09368896484375,0.94207763671875,3.192596435546875,-4.71038818359375,0.216827392578125,1.0,2.0,1.0,2.0,2.0,100.0,event
15:31:42.693,0.77679336,1.1581328,1.1112019,0.5724969,0.7879191,0.7080317,0.73612374,0.71252525,0.3567839,0.78564644,0.5144394,0.46269038,0.59565514,0.3059508,0.50542265,0.65828586,0.4657311,-0.2547062,0.20948087,0.39570087,841.7216,807.0696,882.4176,828.4249,761.9414,-0.2642822265625,0.09368896484375,0.94207763671875,3.192596435546875,-4.71038818359375,0.216827392578125,1.0,2.0,1.0,2.0,2.0,100.0,event
15:31:42.694,0.77679336,1.1581328,1.1112019,0.5724969,0.7879191,0.7080317,0.73612374,0.71252525,0.3567839,0.78564644,0.5144394,0.46269038,0.59565514,0.3059508,0.50542265,0.65828586,0.4657311,-0.2547062,0.20948087,0.39570087,847.76556,810.696,870.32965,814.3223,751.8681,-0.2642822265625,0.09368896484375,0.94207763671875,3.192596435546875,-4.71038818359375,0.216827392578125,1.0,2.0,1.0,2.0,2.0,100.0,event
15:31:42.696,0.77679336,1.215788,1.1112019,0.5724969,0.7879191,0.69839996,0.73612374,0.71252525,0.3567839,0.84060043,0.5144394,0.46269038,0.59565514,0.3166231,0.50542265,0.65828586,0.4657311,-0.24698552,0.20948087,0.39570087,845.7509,810.696,860.65936,807.47253,787.326,-0.2642822265625,0.09368896484375,0.94207763671875,3.192596435546875,-4.71038818359375,0.216827392578125,1.0,2.0,1.0,2.0,2.0,100.0,event
15:31:42.700,0.77679336,1.215788,1.1112019,0.5724969,0.7879191,0.69839996,0.73612374,0.71252525,0.3567839,0.84060043,0.5144394,0.46269038,0.59565514,0.3166231,0.50542265,0.65828586,0.4657311,-0.24698552,0.20948087,0.39570087,846.9597,811.9048,869.5238,818.3516,833.2601,-0.2642822265625,0.09368896484375,0.94207763671875,3.192596435546875,-4.71038818359375,0.216827392578125,1.0,2.0,1.0,2.0,2.0,100.0,event
15:31:42.701,0.77679336,1.215788,1.1112019,0.5724969,0.7879191,0.69839996,0.73612374,0.71252525,0.3567839,0.84060043,0.5144394,0.46269038,0.59565514,0.3166231,0.50542265,0.65828586,0.4657311,-0.24698552,0.20948087,0.39570087,830.0366,819.15753,868.71796,820.7692,902.5641,-0.2642822265625,0.09368896484375,0.94207763671875,3.192596435546875,-4.71038818359375,0.216827392578125,1.0,2.0,1.0,2.0,2.0,100.0,event
15:31:42.702,0.77679336,1.215788,1.1112019,0.5724969,0.7879191,0.69839996,0.73612374,0.71252525,0.3567839,0.84060043,0.5144394,0.46269038,0.59565514,0.3166231,0.50542265,0.65828586,0.4657311,-0.24698552,0.20948087,0.39570087,828.8278,817.1429,885.2381,823.1868,848.5714,-0.2642822265625,0.09368896484375,0.94207763671875,3.192596435546875,-4.71038818359375,0.216827392578125,1.0,2.0,1.0,2.0,2.0,100.0,event
15:31:42.702,0.77679336,1.215788,1.1112019,0.5724969,0.7879191,0.69839996,0.73612374,0.71252525,0.3567839,0.84060043,0.5144394,0.46269038,0.59565514,0.3166231,0.50542265,0.65828586,0.4657311,-0.24698552,0.20948087,0.39570087,841.31866,811.9048,906.1905,830.0366,739.3773,-0.2642822265625,0.09368896484375,0.94207763671875,3.192596435546875,-4.71038818359375,0.216827392578125,1.0,2.0,1.0,2.0,2.0,100.0,event
15:31:42.703,0.77679336,1.215788,1.1112019,0.5724969,0.7879191,0.69839996,0.73612374,0.71252525,0.3567839,0.84060043,0.5144394,0.46269038,0.59565514,0.3166231,0.50542265,0.65828586,0.4657311,-0.24698552,0.20948087,0.39570087,844.1392,808.68134,898.1319,824.3956,775.64105,-0.2642822265625,0.09368896484375,0.94207763671875,3.192596435546875,-4.71038818359375,0.216827392578125,1.0,2.0,1.0,2.0,2.0,100.0,event
15:31:42.704,0.77679336,1.215788,1.1112019,0.5724969,0.7879191,0.69839996,0.73612374,0.71252525,0.3567839,0.84060043,0.5144394,0.46269038,0.59565514,0.3166231,0.50542265,0.65828586,0.4657311,-0.24698552,0.20948087,0.39570087,853.00366,812.71063,907.8022,829.2308,790.9524,-0.2642822265625,0.09368896484375,0.94207763671875,3.192596435546875,-4.71038818359375,0.216827392578125,1.0,2.0,1.0,2.0,2.0,100.0,event
15:31:42.704,0.77679336,1.215788,1.1112019,0.5724969,0.7879191,0.69839996,0.73612374,0.71252525,0.3567839,0.84060043,0.5144394,0.46269038,0.59565514,0.3166231,0.50542265,0.65828586,0.4657311,-0.24698552,0.20948087,0.39570087,850.58606,822.7839,917.0696,836.8865,657.1795,-0.2642822265625,0.09368896484375,0.94207763671875,3.192596435546875,-4.71038818359375,0.216827392578125,1.0,2.0,1.0,2.0,2.0,100.0,event
15:31:42.705,0.77679336,1.215788,1.1112019,0.5724969,0.7879191,0.69839996,0.73612374,0.71252525,0.3567839,0.84060043,0.5144394,0.46269038,0.59565514,0.3166231,0.50542265,0.65828586,0.4657311,-0.24698552,0.20948087,0.39570087,851.39197,820.7692,898.5348,827.2161,690.2198,-0.2642822265625,0.09368896484375,0.94207763671875,3.192596435546875,-4.71038818359375,0.216827392578125,1.0,2.0,1.0,2.0,2.0,100.0,event
15:31:42.740,0.77679336,1.215788,1.1112019,0.5724969,0.7879191,0.69839996,0.73612374,0.71252525,0.3567839,0.84060043,0.5144394,0.46269038,0.59565514,0.3166231,0.50542265,0.65828586,0.4657311,-0.24698552,0.20948087,0.39570087,842.1245,811.9048,884.0293,826.8132,1000.07324,-0.244140625,0.09625244140625,0.955078125,2.4822998046875,-8.95721435546875,0.515899658203125,1.0,2.0,1.0,2.0,2.0,100.0,event
15:31:42.741,0.77679336,1.215788,1.1112019,0.5724969,0.7879191,0.69839996,0.73612374,0.71252525,0.3567839,0.84060043,0.5144394,0.46269038,0.59565514,0.3166231,0.50542265,0.65828586,0.4657311,-0.24698552,0.20948087,0.39570087,840.9158,820.3663,899.7436,819.5604,873.5531,-0.244140625,0.09625244140625,0.955078125,2.4822998046875,-8.95721435546875,0.515899658203125,1.0,2.0,1.0,2.0,2.0,100.0,event
15:31:42.741,0.77679336,1.215788,1.1112019,0.5724969,0.7879191,0.69839996,0.73612374,0.71252525,0.3567839,0.84060043,0.5144394,0.46269038,0.59565514,0.3166231,0.50542265,0.65828586,0.4657311,-0.24698552,0.20948087,0.39570087,851.39197,829.6337,894.10254,813.5165,665.2381,-0.244140625,0.09625244140625,0.955078125,2.4822998046875,-8.95721435546875,0.515899658203125,1.0,2.0,1.0,2.0,2.0,100.0,event
15:31:42.742,0.77679336,1.215788,1.1112019,0.5724969,0.7879191,0.69839996,0.73612374,0.71252525,0.3567839,0.84060043,0.5144394,0.46269038,0.59565514,0.3166231,0.50542265,0.65828586,0.4657311,-0.24698552,0.20948087,0.39570087,840.5128,827.2161,884.0293,809.89014,806.6667,-0.244140625,0.09625244140625,0.955078125,2.4822998046875,-8.95721435546875,0.515899658203125,1.0,2.0,1.0,2.0,2.0,100.0,event
15:31:42.743,0.77679336,1.215788,1.1112019,0.5724969,0.7879191,0.69839996,0.73612374,0.71252525,0.3567839,0.84060043,0.5144394,0.46269038,0.59565514,0.3166231,0.50542265,0.65828586,0.4657311,-0.24698552,0.20948087,0.39570087,820.3663,821.1722,882.8205,810.696,803.0403,-0.244140625,0.09625244140625,0.955078125,2.4822998046875,-8.95721435546875,0.515899658203125,1.0,2.0,1.0,2.0,2.0,100.0,event
15:31:42.743,0.77679336,1.215788,1.1112019,0.5724969,0.7879191,0.69839996,0.73612374,0.71252525,0.3567839,0.84060043,0.5144394,0.46269038,0.59565514,0.3166231,0.50542265,0.65828586,0.4657311,-0.24698552,0.20948087,0.39570087,820.3663,819.5604,875.16486,822.381,824.3956,-0.244140625,0.09625244140625,0.955078125,2.4822998046875,-8.95721435546875,0.515899658203125,1.0,2.0,1.0,2.0,2.0,100.0,event
15:31:42.744,0.77679336,1.215788,1.1112019,0.5724969,0.7879191,0.69839996,0.73612374,0.71252525,0.3567839,0.84060043,0.5144394,0.46269038,0.59565514,0.3166231,0.50542265,0.65828586,0.4657311,-0.24698552,0.20948087,0.39570087,829.6337,820.3663,876.77655,814.3223,841.31866,-0.244140625,0.09625244140625,0.955078125,2.4822998046875,-8.95721435546875,0.515899658203125,1.0,2.0,1.0,2.0,2.0,100.0,event
15:31:42.744,0.77679336,1.215788,1.1112019,0.5724969,0.7879191,0.69839996,0.73612374,0.71252525,0.3567839,0.84060043,0.5144394,0.46269038,0.59565514,0.3166231,0.50542265,0.65828586,0.4657311,-0.24698552,0.20948087,0.39570087,836.4835,810.293,867.50916,819.9634,932.7839,-0.244140625,0.09625244140625,0.955078125,2.4822998046875,-8.95721435546875,0.515899658203125,1.0,2.0,1.0,2.0,2.0,100.0,event
15:31:42.745,0.77679336,1.215788,1.1112019,0.5724969,0.7879191,0.69839996,0.73612374,0.71252525,0.3567839,0.84060043,0.5144394,0.46269038,0.59565514,0.3166231,0.50542265,0.65828586,0.4657311,-0.24698552,0.20948087,0.39570087,840.9158,811.9048,858.24176,832.0513,963.00366,-0.244140625,0.09625244140625,0.955078125,2.4822998046875,-8.95721435546875,0.515899658203125,1.0,2.0,1.0,2.0,2.0,100.0,event
15:31:42.746,0.77679336,1.215788,1.1112019,0.5724969,0.7879191,0.69839996,0.73612374,0.71252525,0.3567839,0.84060043,0.5144394,0.46269038,0.59565514,0.3166231,0.50542265,0.65828586,0.4657311,-0.24698552,0.20948087,0.39570087,825.6044,814.7253,859.0476,805.4579,635.0183,-0.244140625,0.09625244140625,0.955078125,2.4822998046875,-8.95721435546875,0.515899658203125,1.0,2.0,1.0,2.0,2.0,100.0,event
15:31:42.746,0.77679336,1.215788,1.1112019,0.5724969,0.7879191,0.69839996,0.73612374,0.71252525,0.3567839,0.84060043,0.5144394,0.46269038,0.59565514,0.3166231,0.50542265,0.65828586,0.4657311,-0.24698552,0.20948087,0.39570087,838.0952,821.5751,864.2857,817.9487,695.8608,-0.244140625,0.09625244140625,0.955078125,2.4822998046875,-8.95721435546875,0.515899658203125,1.0,2.0,1.0,2.0,2.0,100.0,event
15:31:42.747,0.77679336,1.215788,1.1112019,0.5724969,0.7879191,0.69839996,0.73612374,0.71252525,0.3567839,0.84060043,0.5144394,0.46269038,0.59565514,0.3166231,0.50542265,0.65828586,0.4657311,-0.24698552,0.20948087,0.39570087,823.1868,805.8608,855.0183,808.2784,723.663,-0.244140625,0.09625244140625,0.955078125,2.4822998046875,-8.95721435546875,0.515899658203125,1.0,2.0,1.0,2.0,2.0,100.0,event
15:31:42.793,0.77679336,1.215788,1.1112019,0.5724969,0.7879191,0.69839996,0.73612374,0.71252525,0.3567839,0.84060043,0.5144394,0.46269038,0.59565514,0.3166231,0.50542265,0.65828586,0.4657311,-0.24698552,0.20948087,0.39570087,816.337,807.8755,850.18317,810.696,773.6264,-0.225341796875,0.0972900390625,0.9815673828125,2.1533203125,-7.215118408203125,0.949554443359375,1.0,2.0,1.0,2.0,2.0,100.0,event
15:31:42.794,0.77679336,1.215788,1.1112019,0.5724969,0.7879191,0.69839996,0.73612374,0.71252525,0.3567839,0.84060043,0.5144394,0.46269038,0.59565514,0.3166231,0.50542265,0.65828586,0.4657311,-0.24698552,0.20948087,0.39570087,808.2784,813.1135,844.1392,811.50183,720.4396,-0.225341796875,0.0972900390625,0.9815673828125,2.1533203125,-7.215118408203125,0.949554443359375,1.0,2.0,1.0,2.0,2.0,100.0,event
15:31:42.795,0.77679336,1.215788,1.1112019,0.5724969,0.7879191,0.69839996,0.73612374,0.71252525,0.3567839,0.84060043,0.5144394,0.46269038,0.59565514,0.3166231,0.50542265,0.65828586,0.4657311,-0.24698552,0.20948087,0.39570087,809.89014,803.44324,833.2601,801.8315,690.6227,-0.225341796875,0.0972900390625,0.9815673828125,2.1533203125,-7.215118408203125,0.949554443359375,1.0,2.0,1.0,2.0,2.0,100.0,event
15:31:42.795,0.77679336,1.215788,1.1112019,0.5724969,0.7879191,0.69839996,0.73612374,0.71252525,0.3567839,0.84060043,0.5144394,0.46269038,0.59565514,0.3166231,0.50542265,0.65828586,0.4657311,-0.24698552,0.20948087,0.39570087,808.2784,793.7729,830.0366,799.41394,776.4469,-0.225341796875,0.0972900390625,0.9815673828125,2.1533203125,-7.215118408203125,0.949554443359375,1.0,2.0,1.0,2.0,2.0,100.0,event
15:31:42.796,0.77679336,1.215788,1.1112019,0.5724969,0.7879191,0.69839996,0.73612374,0.71252525,0.3567839,0.84060043,0.5144394,0.46269038,0.59565514,0.3166231,0.50542265,0.65828586,0.4657311,-0.24698552,0.20948087,0.39570087,813.5165,790.54944,833.2601,803.0403,751.4652,-0.225341796875,0.0972900390625,0.9815673828125,2.1533203125,-7.215118408203125,0.949554443359375,1.0,2.0,1.0,2.0,2.0,100.0,event
15:31:42.797,0.77679336,1.2558942,1.1112019,0.5724969,0.7879191,0.68035835,0.73612374,0.71252525,0.3567839,0.85650784,0.5144394,0.46269038,0.59565514,0.35163265,0.50542265,0.65828586,0.4657311,-0.21492557,0.20948087,0.39570087,819.15753,789.34064,828.022,799.81683,735.34796,-0.225341796875,0.0972900390625,0.9815673828125,2.1533203125,-7.215118408203125,0.949554443359375,1.0,2.0,1.0,1.0,2.0,100.0,event
15:31:42.802,0.77679336,1.2558942,1.1112019,0.5724969,0.7879191,0.68035835,0.73612374,0.71252525,0.3567839,0.85650784,0.5144394,0.46269038,0.59565514,0.35163265,0.50542265,0.65828586,0.4657311,-0.21492557,0.20948087,0.39570087,817.5458,795.38464,826.8132,805.8608,846.55676,-0.225341796875,0.0972900390625,0.9815673828125,2.1533203125,-7.215118408203125,0.949554443359375,1.0,2.0,1.0,1.0,2.0,100.0,event
15:31:42.803,0.77679336,1.2558942,1.1112019,0.5724969,0.7879191,0.68035835,0.73612374,0.71252525,0.3567839,0.85650784,0.5144394,0.46269038,0.59565514,0.35163265,0.50542265,0.65828586,0.4657311,-0.21492557,0.20948087,0.39570087,819.9634,781.28204,817.1429,811.50183,1081.4652,-0.225341796875,0.0972900390625,0.9815673828125,2.1533203125,-7.215118408203125,0.949554443359375,1.0,2.0,1.0,1.0,2.0,100.0,event
15:31:42.804,0.77679336,1.2558942,1.1112019,0.5724969,0.7879191,0.68035835,0.73612374,0.71252525,0.3567839,0.85650784,0.5144394,0.46269038,0.59565514,0.35163265,0.50542265,0.65828586,0.4657311,-0.21492557,0.20948087,0.39570087,814.7253,785.7143,816.337,785.7143,688.60803,-0.225341796875,0.0972900390625,0.9815673828125,2.1533203125,-7.215118408203125,0.949554443359375,1.0,2.0,1.0,1.0,2.0,100.0,event
15:31:42.804,0.77679336,1.2558942,1.1112019,0.5724969,0.7879191,0.68035835,0.73612374,0.71252525,0.3567839,0.85650784,0.5144394,0.46269038,0.59565514,0.35163265,0.50542265,0.65828586,0.4657311,-0.21492557,0.20948087,0.39570087,816.337,778.46155,819.15753,794.17584,975.09155,-0.225341796875,0.0972900390625,0.9815673828125,2.1533203125,-7.215118408203125,0.949554443359375,1.0,2.0,1.0,1.0,2.0,100.0,event
15:31:42.805,0.77679336,1.2558942,1.1112019,0.5724969,0.7879191,0.68035835,0.73612374,0.71252525,0.3567839,0.85650784,0.5144394,0.46269038,0.59565514,0.35163265,0.50542265,0.65828586,0.4657311,-0.21492557,0.20948087,0.39570087,821.1722,776.4469,801.4286,801.02563,730.5128,-0.225341796875,0.0972900390625,0.9815673828125,2.1533203125,-7.215118408203125,0.949554443359375,1.0,2.0,1.0,1.0,2.0,100.0,event
15:31:42.806,0.77679336,1.2558942,1.1112019,0.5724969,0.7879191,0.68035835,0.73612374,0.71252525,0.3567839,0.85650784,0.5144394,0.46269038,0.59565514,0.35163265,0.50542265,0.65828586,0.4657311,-0.21492557,0.20948087,0.39570087,815.5311,776.4469,804.65204,799.011,777.6557,-0.225341796875,0.0972900390625,0.9815673828125,2.1533203125,-7.215118408203125,0.949554443359375,1.0,2.0,1.0,1.0,2.0,100.0,event
15:31:42.832,0.77679336,1.2558942,1.1112019,0.5724969,0.7879191,0.68035835,0.73612374,0.71252525,0.3567839,0.85650784,0.5144394,0.46269038,0.59565514,0.35163265,0.50542265,0.65828586,0.4657311,-0.21492557,0.20948087,0.39570087,806.26373,773.22345,802.6374,798.60803,792.1612,-0.225341796875,0.0972900390625,0.9815673828125,2.1533203125,-7.215118408203125,0.949554443359375,1.0,2.0,1.0,1.0,2.0,100.0,event
15:31:42.833,0.77679336,1.2558942,1.1112019,0.5724969,0.7879191,0.68035835,0.73612374,0.71252525,0.3567839,0.85650784,0.5144394,0.46269038,0.59565514,0.35163265,0.50542265,0.65828586,0.4657311,-0.21492557,0.20948087,0.39570087,813.5165,772.01465,798.20514,795.38464,776.4469,-0.225341796875,0.0972900390625,0.9815673828125,2.1533203125,-7.215118408203125,0.949554443359375,1.0,2.0,1.0,1.0,2.0,100.0,event
15:31:42.834,0.77679336,1.2558942,1.1112019,0.5724969,0.7879191,0.68035835,0.73612374,0.71252525,0.3567839,0.85650784,0.5144394,0.46269038,0.59565514,0.35163265,0.50542265,0.65828586,0.4657311,-0.21492557,0.20948087,0.39570087,805.4579,772.01465,797.3993,784.5055,786.9231,-0.225341796875,0.0972900390625,0.9815673828125,2.1533203125,-7.215118408203125,0.949554443359375,1.0,2.0,1.0,1.0,2.0,100.0,event
15:31:42.835,0.77679336,1.2558942,1.1112019,0.5724969,0.7879191,0.68035835,0.73612374,0.71252525,0.3567839,0.85650784,0.5144394,0.46269038,0.59565514,0.35163265,0.50542265,0.65828586,0.4657311,-0.21492557,0.20948087,0.39570087,793.36993,768.3883,803.44324,777.6557,816.337,-0.225341796875,0.0972900390625,0.9815673828125,2.1533203125,-7.215118408203125,0.949554443359375,1.0,2.0,1.0,1.0,2.0,100.0,event
15:31:42.836,0.77679336,1.2558942,1.1112019,0.5724969,0.7879191,0.68035835,0.73612374,0.71252525,0.3567839,0.85650784,0.5144394,0.46269038,0.59565514,0.35163265,0.50542265,0.65828586,0.4657311,-0.21492557,0.20948087,0.39570087,796.5934,769.59705,808.68134,769.59705,733.3333,-0.225341796875,0.0972900390625,0.9815673828125,2.1533203125,-7.215118408203125,0.949554443359375,1.0,2.0,1.0,1.0,2.0,100.0,event
15:31:42.836,0.77679336,1.2558942,1.1112019,0.5724969,0.7879191,0.68035835,0.73612374,0.71252525,0.3567839,0.85650784,0.5144394,0.46269038,0.59565514,0.35163265,0.50542265,0.65828586,0.4657311,-0.21492557,0.20948087,0.39570087,807.47253,768.3883,802.23444,769.59705,800.2198,-0.225341796875,0.0972900390625,0.9815673828125,2.1533203125,-7.215118408203125,0.949554443359375,1.0,2.0,1.0,1.0,2.0,100.0,event
15:31:42.839,0.77679336,1.2558942,1.1112019,0.5724969,0.7879191,0.68035835,0.73612374,0.71252525,0.3567839,0.85650784,0.5144394,0.46269038,0.59565514,0.35163265,0.50542265,0.65828586,0.4657311,-0.21492557,0.20948087,0.39570087,811.0989,764.35895,794.17584,776.4469,1017.3993,-0.225341796875,0.0972900390625,0.9815673828125,2.1533203125,-7.215118408203125,0.949554443359375,1.0,2.0,1.0,1.0,2.0,100.0,event
15:31:42.840,0.77679336,1.2558942,1.1112019,0.5724969,0.7879191,0.68035835,0.73612374,0.71252525,0.3567839,0.85650784,0.5144394,0.46269038,0.59565514,0.35163265,0.50542265,0.65828586,0.4657311,-0.21492557,0.20948087,0.39570087,800.2198,761.9414,800.2198,781.28204,1123.773,-0.225341796875,0.0972900390625,0.9815673828125,2.1533203125,-7.215118408203125,0.949554443359375,1.0,2.0,1.0,1.0,2.0,100.0,event
15:31:42.841,0.77679336,1.2558942,1.1112019,0.5724969,0.7879191,0.68035835,0.73612374,0.71252525,0.3567839,0.85650784,0.5144394,0.46269038,0.59565514,0.35163265,0.50542265,0.65828586,0.4657311,-0.21492557,0.20948087,0.39570087,800.2198,765.9707,815.9341,783.69965,859.0476,-0.225341796875,0.0972900390625,0.9815673828125,2.1533203125,-7.215118408203125,0.949554443359375,1.0,2.0,1.0,1.0,2.0,100.0,event
15:31:42.842,0.77679336,1.2558942,1.1112019,0.5724969,0.7879191,0.68035835,0.73612374,0.71252525,0.3567839,0.85650784,0.5144394,0.46269038,0.59565514,0.35163265,0.50542265,0.65828586,0.4657311,-0.21492557,0.20948087,0.39570087,794.17584,764.7619,807.8755,782.0879,701.50183,-0.225341796875,0.0972900390625,0.9815673828125,2.1533203125,-7.215118408203125,0.949554443359375,1.0,2.0,1.0,1.0,2.0,100.0,event
15:31:42.843,0.77679336,1.2558942,1.1112019,0.5724969,0.7879191,0.68035835,0.73612374,0.71252525,0.3567839,0.85650784,0.5144394,0.46269038,0.59565514,0.35163265,0.50542265,0.65828586,0.4657311,-0.21492557,0.20948087,0.39570087,797.8022,760.32965,796.5934,782.0879,762.3443,-0.225341796875,0.0972900390625,0.9815673828125,2.1533203125,-7.215118408203125,0.949554443359375,1.0,2.0,1.0,1.0,2.0,100.0,event
15:31:42.844,0.77679336,1.2558942,1.1112019,0.5724969,0.7879191,0.68035835,0.73612374,0.71252525,0.3567839,0.85650784,0.5144394,0.46269038,0.59565514,0.35163265,0.50542265,0.65828586,0.4657311,-0.21492557,0.20948087,0.39570087,807.0696,759.12085,794.9817,767.5824,731.31866,-0.225341796875,0.0972900390625,0.9815673828125,2.1533203125,-7.215118408203125,0.949554443359375,1.0,2.0,1.0,1.0,2.0,100.0,event
15:31:42.887,0.77679336,1.2558942,1.1112019,0.5724969,0.7879191,0.68035835,0.73612374,0.71252525,0.3567839,0.85650784,0.5144394,0.46269038,0.59565514,0.35163265,0.50542265,0.65828586,0.4657311,-0.21492557,0.20948087,0.39570087,793.36993,759.12085,792.1612,755.89746,664.83514,-0.231689453125,0.09295654296875,0.943115234375,2.1533203125,-4.71038818359375,0.70281982421875,1.0,2.0,1.0,1.0,2.0,100.0,event
15:31:42.888,0.77679336,1.2558942,1.1112019,0.5724969,0.7879191,0.68035835,0.73612374,0.71252525,0.3567839,0.85650784,0.5144394,0.46269038,0.59565514,0.35163265,0.50542265,0.65828586,0.4657311,-0.21492557,0.20948087,0.39570087,788.1319,751.8681,778.46155,757.50916,644.2857,-0.231689453125,0.09295654296875,0.943115234375,2.1533203125,-4.71038818359375,0.70281982421875,1.0,2.0,1.0,1.0,2.0,100.0,event
15:31:42.888,0.77679336,1.2558942,1.1112019,0.5724969,0.7879191,0.68035835,0.73612374,0.71252525,0.3567839,0.85650784,0.5144394,0.46269038,0.59565514,0.35163265,0.50542265,0.65828586,0.4657311,-0.21492557,0.20948087,0.39570087,787.326,750.65936,776.4469,766.3736,712.381,-0.231689453125,0.09295654296875,0.943115234375,2.1533203125,-4.71038818359375,0.70281982421875,1.0,2.0,1.0,1.0,2.0,100.0,event
15:31:42.888,0.77679336,1.2558942,1.1112019,0.5724969,0.7879191,0.68035835,0.73612374,0.71252525,0.3567839,0.85650784,0.5144394,0.46269038,0.59565514,0.35163265,0.50542265,0.65828586,0.4657311,-0.21492557,0.20948087,0.39570087,780.87915,744.61536,779.2674,769.59705,705.12823,-0.231689453125,0.09295654296875,0.943115234375,2.1533203125,-4.71038818359375,0.70281982421875,1.0,2.0,1.0,1.0,2.0,100.0,event
15:31:42.889,0.77679336,1.2558942,1.1112019,0.5724969,0.7879191,0.68035835,0.73612374,0.71252525,0.3567839,0.85650784,0.5144394,0.46269038,0.59565514,0.35163265,0.50542265,0.65828586,0.4657311,-0.21492557,0.20948087,0.39570087,770.80585,745.0183,776.04395,745.0183,1080.6593,-0.231689453125,0.09295654296875,0.943115234375,2.1533203125,-4.71038818359375,0.70281982421875,1.0,2.0,1.0,1.0,2.0,100.0,event
15:31:42.889,0.77679336,1.2558942,1.1112019,0.5724969,0.7879191,0.68035835,0.73612374,0.71252525,0.3567839,0.85650784,0.5144394,0.46269038,0.59565514,0.35163265,0.50542265,0.65828586,0.4657311,-0.21492557,0.20948087,0.39570087,778.0586,741.39197,769.19415,745.82416,687.3993,-0.231689453125,0.09295654296875,0.943115234375,2.1533203125,-4.71038818359375,0.70281982421875,1.0,2.0,1.0,1.0,2.0,100.0,event
15:31:42.889,0.77679336,1.2558942,1.1112019,0.5724969,0.7879191,0.68035835,0.73612374,0.71252525,0.3567839,0.85650784,0.5144394,0.46269038,0.59565514,0.35163265,0.50542265,0.65828586,0.4657311,-0.21492557,0.20948087,0.39570087,773.6264,747.03296,770.0,734.94507,840.10986,-0.231689453125,0.09295654296875,0.943115234375,2.1533203125,-4.71038818359375,0.70281982421875,1.0,2.0,1.0,1.0,2.0,100.0,event
15:31:42.890,0.77679336,1.2558942,1.1112019,0.5724969,0.7879191,0.68035835,0.73612374,0.71252525,0.3567839,0.85650784,0.5144394,0.46269038,0.59565514,0.35163265,0.50542265,0.65828586,0.4657311,-0.21492557,0.20948087,0.39570087,772.4176,754.2857,776.04395,748.24176,1018.60803,-0.231689453125,0.09295654296875,0.943115234375,2.1533203125,-4.71038818359375,0.70281982421875,1.0,2.0,1.0,1.0,2.0,100.0,event
15:31:42.893,0.77679336,1.2558942,1.1112019,0.5724969,0.7879191,0.68035835,0.73612374,0.71252525,0.3567839,0.85650784,0.5144394,0.46269038,0.59565514,0.35163265,0.50542265,0.65828586,0.4657311,-0.21492557,0.20948087,0.39570087,769.19415,759.5238,782.49084,744.21246,753.0769,-0.231689453125,0.09295654296875,0.943115234375,2.1533203125,-4.71038818359375,0.70281982421875,1.0,2.0,1.0,1.0,2.0,100.0,event
15:31:42.893,0.77679336,1.2558942,1.1112019,0.5724969,0.7879191,0.68035835,0.73612374,0.71252525,0.3567839,0.85650784,0.5144394,0.46269038,0.59565514,0.35163265,0.50542265,0.65828586,0.4657311,-0.21492557,0.20948087,0.39570087,761.13556,755.89746,779.2674,742.6007,713.5897,-0.231689453125,0.09295654296875,0.943115234375,2.1533203125,-4.71038818359375,0.70281982421875,1.0,2.0,1.0,1.0,2.0,100.0,event
15:31:42.894,0.77679336,1.2558942,1.1112019,0.5724969,0.7879191,0.68035835,0.73612374,0.71252525,0.3567839,0.85650784,0.5144394,0.46269038,0.59565514,0.35163265,0.50542265,0.65828586,0.4657311,-0.21492557,0.20948087,0.39570087,756.7033,752.27106,772.4176,741.39197,838.9011,-0.231689453125,0.09295654296875,0.943115234375,2.1533203125,-4.71038818359375,0.70281982421875,1.0,2.0,1.0,1.0,2.0,100.0,event
15:31:42.894,0.77679336,1.2558942,1.1112019,0.5724969,0.7879191,0.68035835,0.73612374,0.71252525,0.3567839,0.85650784,0.5144394,0.46269038,0.59565514,0.35163265,0.50542265,0.65828586,0.4657311,-0.21492557,0.20948087,0.39570087,754.68866,754.2857,783.69965,740.989,747.03296,-0.231689453125,0.09295654296875,0.943115234375,2.1533203125,-4.71038818359375,0.70281982421875,1.0,2.0,1.0,1.0,2.0,100.0,event
15:31:42.945,0.77679336,1.2558942,1.1112019,0.5724969,0.7879191,0.68035835,0.73612374,0.71252525,0.3567839,0.85650784,0.5144394,0.46269038,0.59565514,0.35163265,0.50542265,0.65828586,0.4657311,-0.21492557,0.20948087,0.39570087,751.06226,757.50916,785.7143,731.31866,642.674,-0.22674560546875,0.09051513671875,0.950439453125,2.49725341796875,-6.3702392578125,0.8673095703125,1.0,2.0,1.0,1.0,2.0,100.0,event
15:31:42.947,0.77679336,1.2558942,1.1112019,0.5724969,0.7879191,0.68035835,0.73612374,0.71252525,0.3567839,0.85650784,0.5144394,0.46269038,0.59565514,0.35163265,0.50542265,0.65828586,0.4657311,-0.21492557,0.20948087,0.39570087,757.50916,762.74725,784.90845,755.4945,730.10986,-0.22674560546875,0.09051513671875,0.950439453125,2.49725341796875,-6.3702392578125,0.8673095703125,1.0,2.0,1.0,1.0,2.0,100.0,event
15:31:42.948,0.77679336,1.2558942,1.1112019,0.5724969,0.7879191,0.68035835,0.73612374,0.71252525,0.3567839,0.85650784,0.5144394,0.46269038,0.59565514,0.35163265,0.50542265,0.65828586,0.4657311,-0.21492557,0.20948087,0.39570087,732.1245,773.22345,800.2198,707.9487,707.1429,-0.22674560546875,0.09051513671875,0.950439453125,2.49725341796875,-6.3702392578125,0.8673095703125,1.0,2.0,1.0,1.0,2.0,100.0,event
15:31:42.948,0.77679336,1.2558942,1.1112019,0.5724969,0.7879191,0.68035835,0.73612374,0.71252525,0.3567839,0.85650784,0.5144394,0.46269038,0.59565514,0.35163265,0.50542265,0.65828586,0.4657311,-0.21492557,0.20948087,0.39570087,760.7326,772.01465,791.3553,765.9707,753.0769,-0.22674560546875,0.09051513671875,0.950439453125,2.49725341796875,-6.3702392578125,0.8673095703125,1.0,2.0,1.0,1.0,2.0,100.0,event
15:31:42.949,0.77679336,1.2558942,1.1112019,0.5724969,0.7879191,0.68035835,0.73612374,0.71252525,0.3567839,0.85650784,0.5144394,0.46269038,0.59565514,0.35163265,0.50542265,0.65828586,0.4657311,-0.21492557,0.20948087,0.39570087,716.4103,768.7912,799.41394,692.23444,705.12823,-0.22674560546875,0.09051513671875,0.950439453125,2.49725341796875,-6.3702392578125,0.8673095703125,1.0,2.0,1.0,1.0,2.0,100.0,event
15:31:42.950,0.77679336,1.2558942,1.1112019,0.5724969,0.7879191,0.68035835,0.73612374,0.71252525,0.3567839,0.85650784,0.5144394,0.46269038,0.59565514,0.35163265,0.50542265,0.65828586,0.4657311,-0.21492557,0.20948087,0.39570087,751.8681,762.3443,792.96704,721.2454,946.4835,-0.22674560546875,0.09051513671875,0.950439453125,2.49725341796875,-6.3702392578125,0.8673095703125,1.0,2.0,1.0,1.0,2.0,100.0,event
15:31:42.950,0.77679336,1.2558942,1.1112019,0.5724969,0.7879191,0.68035835,0.73612374,0.71252525,0.3567839,0.85650784,0.5144394,0.46269038,0.59565514,0.35163265,0.50542265,0.65828586,0.4657311,-0.21492557,0.20948087,0.39570087,776.4469,764.35895,792.96704,729.707,1047.2161,-0.22674560546875,0.09051513671875,0.950439453125,2.49725341796875,-6.3702392578125,0.8673095703125,1.0,2.0,1.0,1.0,2.0,100.0,event
15:31:42.951,0.77679336,1.2558942,1.1112019,0.5724969,0.7879191,0.68035835,0.73612374,0.71252525,0.3567839,0.85650784,0.5144394,0.46269038,0.59565514,0.35163265,0.50542265,0.65828586,0.4657311,-0.21492557,0.20948087,0.39570087,766.3736,778.46155,796.5934,726.8865,813.1135,-0.22674560546875,0.09051513671875,0.950439453125,2.49725341796875,-6.3702392578125,0.8673095703125,1.0,2.0,1.0,1.0,2.0,100.0,event
15:31:42.952,0.77679336,1.2558942,1.1112019,0.5724969,0.7879191,0.68035835,0.73612374,0.71252525,0.3567839,0.85650784,0.5144394,0.46269038,0.59565514,0.35163265,0.50542265,0.65828586,0.4657311,-0.21492557,0.20948087,0.39570087,755.09155,778.46155,801.4286,736.55676,665.2381,-0.22674560546875,0.09051513671875,0.950439453125,2.49725341796875,-6.3702392578125,0.8673095703125,1.0,2.0,1.0,1.0,2.0,100.0,event
15:31:42.952,0.77679336,1.2558942,1.1112019,0.5724969,0.7879191,0.68035835,0.73612374,0.71252525,0.3567839,0.85650784,0.5144394,0.46269038,0.59565514,0.35163265,0.50542265,0.65828586,0.4657311,-0.21492557,0.20948087,0.39570087,752.674,760.32965,792.1612,754.68866,840.10986,-0.22674560546875,0.09051513671875,0.950439453125,2.49725341796875,-6.3702392578125,0.8673095703125,1.0,2.0,1.0,1.0,2.0,100.0,event
15:31:42.953,0.77679336,1.2558942,1.1112019,0.5724969,0.7879191,0.68035835,0.73612374,0.71252525,0.3567839,0.85650784,0.5144394,0.46269038,0.59565514,0.35163265,0.50542265,0.65828586,0.4657311,-0.21492557,0.20948087,0.39570087,763.95605,764.7619,794.57874,746.2271,1095.5677,-0.22674560546875,0.09051513671875,0.950439453125,2.49725341796875,-6.3702392578125,0.8673095703125,1.0,2.0,1.0,1.0,2.0,100.0,event
15:31:42.954,0.77679336,1.2558942,1.1112019,0.5724969,0.7879191,0.68035835,0.73612374,0.71252525,0.3567839,0.85650784,0.5144394,0.46269038,0.59565514,0.35163265,0.50542265,0.65828586,0.4657311,-0.21492557,0.20948087,0.39570087,770.40295,787.72894,797.8022,736.1539,856.63007,-0.22674560546875,0.09051513671875,0.950439453125,2.49725341796875,-6.3702392578125,0.8673095703125,1.0,2.0,1.0,1.0,2.0,100.0,event
15:31:42.976,0.77679336,1.2558942,1.1112019,0.5724969,0.7879191,0.68035835,0.73612374,0.71252525,0.3567839,0.85650784,0.5144394,0.46269038,0.59565514,0.35163265,0.50542265,0.65828586,0.4657311,-0.21492557,0.20948087,0.39570087,772.4176,792.96704,784.10254,739.7802,703.1135,-0.21600341796875,0.0875244140625,0.96142578125,2.40753173828125,-4.119720458984375,0.844879150390625,1.0,2.0,1.0,1.0,2.0,100.0,event
15:31:42.978,0.77679336,1.2558942,1.1112019,0.5724969,0.7879191,0.68035835,0.73612374,0.71252525,0.3567839,0.85650784,0.5144394,0.46269038,0.59565514,0.35163265,0.50542265,0.65828586,0.4657311,-0.21492557,0.20948087,0.39570087,772.4176,787.72894,788.1319,745.0183,709.5604,-0.21600341796875,0.0875244140625,0.96142578125,2.40753173828125,-4.119720458984375,0.844879150390625,1.0,2.0,1.0,1.0,2.0,100.0,event
15:31:42.979,0.77679336,1.2558942,1.1112019,0.5724969,0.7879191,0.68035835,0.73612374,0.71252525,0.3567839,0.85650784,0.5144394,0.46269038,0.59565514,0.35163265,0.50542265,0.65828586,0.4657311,-0.21492557,0.20948087,0.39570087,773.22345,788.93774,794.17584,758.315,689.41394,-0.21600341796875,0.0875244140625,0.96142578125,2.40753173828125,-4.119720458984375,0.844879150390625,1.0,2.0,1.0,1.0,2.0,100.0,event
15:31:42.980,0.77679336,1.2558942,1.1112019,0.5724969,0.7879191,0.68035835,0.73612374,0.71252525,0.3567839,0.85650784,0.5144394,0.46269038,0.59565514,0.35163265,0.50542265,0.65828586,0.4657311,-0.21492557,0.20948087,0.39570087,778.46155,788.5348,787.72894,742.6007,740.18317,-0.21600341796875,0.0875244140625,0.96142578125,2.40753173828125,-4.119720458984375,0.844879150390625,1.0,2.0,1.0,1.0,2.0,100.0,event
15:31:42.981,0.77679336,1.2558942,1.1112019,0.5724969,0.7879191,0.68035835,0.73612374,0.71252525,0.3567839,0.85650784,0.5144394,0.46269038,0.59565514,0.35163265,0.50542265,0.65828586,0.4657311,-0.21492557,0.20948087,0.39570087,772.01465,780.07324,783.2967,736.9597,824.3956,-0.21600341796875,0.0875244140625,0.96142578125,2.40753173828125,-4.119720458984375,0.844879150390625,1.0,2.0,1.0,1.0,2.0,100.0,event
15:31:42.982,0.77679336,1.2558942,1.1112019,0.5724969,0.7879191,0.68035835,0.73612374,0.71252525,0.3567839,0.85650784,0.5144394,0.46269038,0.59565514,0.35163265,0.50542265,0.65828586,0.4657311,-0.21492557,0.20948087,0.39570087,770.80585,778.0586,779.2674,769.59705,912.23444,-0.21600341796875,0.0875244140625,0.96142578125,2.40753173828125,-4.119720458984375,0.844879150390625,1.0,2.0,1.0,1.0,2.0,100.0,event
15:31:42.983,0.77679336,1.2558942,1.1112019,0.5724969,0.7879191,0.68035835,0.73612374,0.71252525,0.3567839,0.85650784,0.5144394,0.46269038,0.59565514,0.35163265,0.50542265,0.65828586,0.4657311,-0.21492557,0.20948087,0.39570087,780.87915,780.4762,782.49084,782.49084,886.8498,-0.21600341796875,0.0875244140625,0.96142578125,2.40753173828125,-4.119720458984375,0.844879150390625,1.0,2.0,1.0,1.0,2.0,100.0,event
15:31:42.984,0.77679336,1.2558942,1.1112019,0.5724969,0.7879191,0.68035835,0.73612374,0.71252525,0.3567839,0.85650784,0.5144394,0.46269038,0.59565514,0.35163265,0.50542265,0.65828586,0.4657311,-0.21492557,0.20948087,0.39570087,785.7143,788.93774,786.1172,776.8498,776.4469,-0.21600341796875,0.0875244140625,0.96142578125,2.40753173828125,-4.119720458984375,0.844879150390625,1.0,2.0,1.0,1.0,2.0,100.0,event
15:31:42.985,0.77679336,1.2558942,1.1112019,0.5724969,0.7879191,0.68035835,0.73612374,0.71252525,0.3567839,0.85650784,0.5144394,0.46269038,0.59565514,0.35163265,0.50542265,0.65828586,0.4657311,-0.21492557,0.20948087,0.39570087,792.96704,787.72894,785.7143,774.43225,789.7436,-0.21600341796875,0.0875244140625,0.96142578125,2.40753173828125,-4.119720458984375,0.844879150390625,1.0,2.0,1.0,1.0,2.0,100.0,event
15:31:42.986,0.77679336,1.2558942,1.1112019,0.5724969,0.7879191,0.68035835,0.73612374,0.71252525,0.3567839,0.85650784,0.5144394,0.46269038,0.59565514,0.35163265,0.50542265,0.65828586,0.4657311,-0.21492557,0.20948087,0.39570087,799.81683,774.83514,798.20514,790.9524,919.89014,-0.21600341796875,0.0875244140625,0.96142578125,2.40753173828125,-4.119720458984375,0.844879150390625,1.0,2.0,1.0,1.0,2.0,100.0,event
15:31:42.991,0.77679336,1.2558942,1.1112019,0.5724969,0.7879191,0.68035835,0.73612374,0.71252525,0.3567839,0.85650784,0.5144394,0.46269038,0.59565514,0.35163265,0.50542265,0.65828586,0.4657311,-0.21492557,0.20948087,0.39570087,799.011,774.83514,801.8315,799.41394,863.47986,-0.21600341796875,0.0875244140625,0.96142578125,2.40753173828125,-4.119720458984375,0.844879150390625,1.0,2.0,1.0,1.0,2.0,100.0,event
15:31:42.991,0.77679336,1.2558942,1.1112019,0.5724969,0.7879191,0.68035835,0.73612374,0.71252525,0.3567839,0.85650784,0.5144394,0.46269038,0.59565514,0.35163265,0.50542265,0.65828586,0.4657311,-0.21492557,0.20948087,0.39570087,804.65204,781.685,788.1319,783.2967,691.4286,-0.21600341796875,0.0875244140625,0.96142578125,2.40753173828125,-4.119720458984375,0.844879150390625,1.0,2.0,1.0,1.0,2.0,100.0,event
15:31:43.016,0.77679336,1.2558942,1.1112019,0.5724969,0.7879191,0.68035835,0.73612374,0.71252525,0.3567839,0.85650784,0.5144394,0.46269038,0.59565514,0.35163265,0.50542265,0.65828586,0.4657311,-0.21492557,0.20948087,0.39570087,802.6374,778.0586,783.2967,792.96704,756.7033,-0.211181640625,0.09466552734375,0.9556884765625,2.848663330078125,-0.814971923828125,-0.25421142578125,1.0,2.0,1.0,1.0,2.0,100.0,event
15:31:43.018,0.77679336,1.2558942,1.1112019,0.5724969,0.7879191,0.68035835,0.73612374,0.71252525,0.3567839,0.85650784,0.5144394,0.46269038,0.59565514,0.35163265,0.50542265,0.65828586,0.4657311,-0.21492557,0.20948087,0.39570087,800.2198,780.4762,790.54944,813.91943,861.06226,-0.211181640625,0.09466552734375,0.9556884765625,2.848663330078125,-0.814971923828125,-0.25421142578125,1.0,2.0,1.0,1.0,2.0,100.0,event
15:31:43.019,0.77679336,1.2558942,1.1112019,0.5724969,0.7879191,0.68035835,0.73612374,0.71252525,0.3567839,0.85650784,0.5144394,0.46269038,0.59565514,0.35163265,0.50542265,0.65828586,0.4657311,-0.21492557,0.20948087,0.39570087,804.2491,788.5348,807.47253,801.4286,724.0659,-0.211181640625,0.09466552734375,0.9556884765625,2.848663330078125,-0.814971923828125,-0.25421142578125,1.0,2.0,1.0,1.0,2.0,100.0,event
15:31:43.020,0.77679336,1.2558942,1.1112019,0.5724969,0.7879191,0.68035835,0.73612374,0.71252525,0.3567839,0.85650784,0.5144394,0.46269038,0.59565514,0.35163265,0.50542265,0.65828586,0.4657311,-0.21492557,0.20948087,0.39570087,804.65204,784.5055,800.6227,803.0403,724.4689,-0.211181640625,0.09466552734375,0.9556884765625,2.848663330078125,-0.814971923828125,-0.25421142578125,1.0,2.0,1.0,1.0,2.0,100.0,event
15:31:43.023,0.77679336,1.2558942,1.1112019,0.5724969,0.7879191,0.68035835,0.73612374,0.71252525,0.3567839,0.85650784,0.5144394,0.46269038,0.59565514,0.35163265,0.50542265,0.65828586,0.4657311,-0.21492557,0.20948087,0.39570087,821.1722,782.0879,792.96704,819.9634,777.6557,-0.211181640625,0.09466552734375,0.9556884765625,2.848663330078125,-0.814971923828125,-0.25421142578125,1.0,2.0,1.0,1.0,2.0,100.0,event
15:31:43.024,0.77679336,1.2558942,1.1112019,0.5724969,0.7879191,0.68035835,0.73612374,0.71252525,0.3567839,0.85650784,0.5144394,0.46269038,0.59565514,0.35163265,0.50542265,0.65828586,0.4657311,-0.21492557,0.20948087,0.39570087,830.4396,777.6557,793.36993,819.9634,765.9707,-0.211181640625,0.09466552734375,0.9556884765625,2.848663330078125,-0.814971923828125,-0.25421142578125,1.0,2.0,1.0,1.0,2.0,100.0,event
15:31:43.025,0.77679336,1.2558942,1.1112019,0.5724969,0.7879191,0.68035835,0.73612374,0.71252525,0.3567839,0.85650784,0.5144394,0.46269038,0.59565514,0.35163265,0.50542265,0.65828586,0.4657311,-0.21492557,0.20948087,0.39570087,812.71063,776.8498,793.7729,799.011,794.9817,-0.211181640625,0.09466552734375,0.9556884765625,2.848663330078125,-0.814971923828125,-0.25421142578125,1.0,2.0,1.0,1.0,2.0,100.0,event
15:31:43.026,0.77679336,1.2558942,1.1112019,0.5724969,0.7879191,0.68035835,0.73612374,0.71252525,0.3567839,0.85650784,0.5144394,0.46269038,0.59565514,0.35163265,0.50542265,0.65828586,0.4657311,-0.21492557,0.20948087,0.39570087,811.0989,780.07324,793.36993,799.011,749.0476,-0.211181640625,0.09466552734375,0.9556884765625,2.848663330078125,-0.814971923828125,-0.25421142578125,1.0,2.0,1.0,1.0,2.0,100.0,event
15:31:43.027,0.77679336,1.2558942,1.1112019,0.5724969,0.7879191,0.68035835,0.73612374,0.71252525,0.3567839,0.85650784,0.5144394,0.46269038,0.59565514,0.35163265,0.50542265,0.65828586,0.4657311,-0.21492557,0.20948087,0.39570087,809.89014,766.77655,778.0586,816.337,842.9304,-0.211181640625,0.09466552734375,0.9556884765625,2.848663330078125,-0.814971923828125,-0.25421142578125,1.0,2.0,1.0,1.0,2.0,100.0,event
15:31:43.029,0.77679336,1.2558942,1.1112019,0.5724969,0.7879191,0.68035835,0.73612374,0.71252525,0.3567839,0.85650784,0.5144394,0.46269038,0.59565514,0.35163265,0.50542265,0.65828586,0.4657311,-0.21492557,0.20948087,0.39570087,814.3223,763.95605,771.6117,816.337,923.1135,-0.211181640625,0.09466552734375,0.9556884765625,2.848663330078125,-0.814971923828125,-0.25421142578125,1.0,2.0,1.0,1.0,2.0,100.0,event
15:31:43.030,0.77679336,1.2558942,1.1112019,0.5724969,0.7879191,0.68035835,0.73612374,0.71252525,0.3567839,0.85650784,0.5144394,0.46269038,0.59565514,0.35163265,0.50542265,0.65828586,0.4657311,-0.21492557,0.20948087,0.39570087,805.05493,774.0293,784.5055,790.9524,620.5128,-0.211181640625,0.09466552734375,0.9556884765625,2.848663330078125,-0.814971923828125,-0.25421142578125,1.0,2.0,1.0,1.0,2.0,100.0,event
15:31:43.030,0.77679336,1.2558942,1.1112019,0.5724969,0.7879191,0.68035835,0.73612374,0.71252525,0.3567839,0.85650784,0.5144394,0.46269038,0.59565514,0.35163265,0.50542265,0.65828586,0.4657311,-0.21492557,0.20948087,0.39570087,816.337,780.4762,783.69965,806.6667,653.1502,-0.211181640625,0.09466552734375,0.9556884765625,2.848663330078125,-0.814971923828125,-0.25421142578125,1.0,2.0,1.0,1.0,2.0,100.0,event
15:31:43.079,0.77679336,1.2558942,1.1112019,0.5724969,0.7879191,0.68035835,0.73612374,0.71252525,0.3567839,0.85650784,0.5144394,0.46269038,0.59565514,0.35163265,0.50542265,0.65828586,0.4657311,-0.21492557,0.20948087,0.39570087,805.8608,763.1502,778.46155,801.4286,719.2308,-0.211181640625,0.09466552734375,0.9556884765625,2.848663330078125,-0.814971923828125,-0.25421142578125,1.0,2.0,1.0,1.0,2.0,100.0,event
15:31:43.081,0.77679336,1.2558942,1.1112019,0.5724969,0.7879191,0.68035835,0.73612374,0.71252525,0.3567839,0.85650784,0.5144394,0.46269038,0.59565514,0.35163265,0.50542265,0.65828586,0.4657311,-0.21492557,0.20948087,0.39570087,795.78754,762.74725,779.2674,813.1135,754.2857,-0.211181640625,0.09466552734375,0.9556884765625,2.848663330078125,-0.814971923828125,-0.25421142578125,1.0,2.0,1.0,1.0,2.0,100.0,event
15:31:43.082,0.77679336,1.2558942,1.1112019,0.5724969,0.7879191,0.68035835,0.73612374,0.71252525,0.3567839,0.85650784,0.5144394,0.46269038,0.59565514,0.35163265,0.50542265,0.65828586,0.4657311,-0.21492557,0.20948087,0.39570087,807.0696,765.9707,782.0879,807.8755,707.9487,-0.211181640625,0.09466552734375,0.9556884765625,2.848663330078125,-0.814971923828125,-0.25421142578125,1.0,2.0,1.0,1.0,2.0,100.0,event
15:31:43.082,0.77679336,1.2558942,1.1112019,0.5724969,0.7879191,0.68035835,0.73612374,0.71252525,0.3567839,0.85650784,0.5144394,0.46269038,0.59565514,0.35163265,0.50542265,0.65828586,0.4657311,-0.21492557,0.20948087,0.39570087,827.2161,770.0,781.28204,807.0696,755.09155,-0.211181640625,0.09466552734375,0.9556884765625,2.848663330078125,-0.814971923828125,-0.25421142578125,1.0,2.0,1.0,1.0,2.0,100.0,event
15:31:43.083,0.77679336,1.2558942,1.1112019,0.5724969,0.7879191,0.68035835,0.73612374,0.71252525,0.3567839,0.85650784,0.5144394,0.46269038,0.59565514,0.35163265,0.50542265,0.65828586,0.4657311,-0.21492557,0.20948087,0.39570087,807.8755,774.0293,781.28204,821.1722,940.84247,-0.211181640625,0.09466552734375,0.9556884765625,2.848663330078125,-0.814971923828125,-0.25421142578125,1.0,2.0,1.0,1.0,2.0,100.0,event
15:31:43.084,0.77679336,1.2558942,1.1112019,0.5724969,0.7879191,0.68035835,0.73612374,0.71252525,0.3567839,0.85650784,0.5144394,0.46269038,0.59565514,0.35163265,0.50542265,0.65828586,0.4657311,-0.21492557,0.20948087,0.39570087,810.696,780.07324,786.9231,822.7839,943.663,-0.211181640625,0.09466552734375,0.9556884765625,2.848663330078125,-0.814971923828125,-0.25421142578125,1.0,2.0,1.0,1.0,2.0,100.0,event
15:31:43.085,0.77679336,1.2558942,1.1112019,0.5724969,0.7879191,0.68035835,0.73612374,0.71252525,0.3567839,0.85650784,0.5144394,0.46269038,0.59565514,0.35163265,0.50542265,0.65828586,0.4657311,-0.21492557,0.20948087,0.39570087,823.5897,786.52014,793.36993,803.8461,839.707,-0.211181640625,0.09466552734375,0.9556884765625,2.848663330078125,-0.814971923828125,-0.25421142578125,1.0,2.0,1.0,1.0,2.0,100.0,event
15:31:43.085,0.77679336,1.2558942,1.1112019,0.5724969,0.7879191,0.68035835,0.73612374,0.71252525,0.3567839,0.85650784,0.5144394,0.46269038,0.59565514,0.35163265,0.50542265,0.65828586,0.4657311,-0.21492557,0.20948087,0.39570087,807.47253,782.0879,786.9231,810.696,805.8608,-0.211181640625,0.09466552734375,0.9556884765625,2.848663330078125,-0.814971923828125,-0.25421142578125,1.0,2.0,1.0,1.0,2.0,100.0,event
15:31:43.086,0.77679336,1.2558942,1.1112019,0.5724969,0.7879191,0.68035835,0.73612374,0.71252525,0.3567839,0.85650784,0.5144394,0.46269038,0.59565514,0.35163265,0.50542265,0.65828586,0.4657311,-0.21492557,0.20948087,0.39570087,814.3223,776.8498,784.90845,825.6044,970.65936,-0.211181640625,0.09466552734375,0.9556884765625,2.848663330078125,-0.814971923828125,-0.25421142578125,1.0,2.0,1.0,1.0,2.0,100.0,event
15:31:43.087,0.77679336,1.2558942,1.1112019,0.5724969,0.7879191,0.68035835,0.73612374,0.71252525,0.3567839,0.85650784,0.5144394,0.46269038,0.59565514,0.35163265,0.50542265,0.65828586,0.4657311,-0.21492557,0.20948087,0.39570087,816.7399,790.9524,797.8022,810.293,875.56775,-0.211181640625,0.09466552734375,0.9556884765625,2.848663330078125,-0.814971923828125,-0.25421142578125,1.0,2.0,1.0,1.0,2.0,100.0,event
15:31:43.088,0.77679336,1.2558942,1.1112019,0.5724969,0.7879191,0.68035835,0.73612374,0.71252525,0.3567839,0.85650784,0.5144394,0.46269038,0.59565514,0.35163265,0.50542265,0.65828586,0.4657311,-0.21492557,0.20948087,0.39570087,810.696,792.96704,800.6227,808.2784,676.9231,-0.211181640625,0.09466552734375,0.9556884765625,2.848663330078125,-0.814971923828125,-0.25421142578125,1.0,2.0,1.0,1.0,2.0,100.0,event
15:31:43.088,0.77679336,1.2558942,1.1112019,0.5724969,0.7879191,0.68035835,0.73612374,0.71252525,0.3567839,0.85650784,0.5144394,0.46269038,0.59565514,0.35163265,0.50542265,0.65828586,0.4657311,-0.21492557,0.20948087,0.39570087,819.5604,788.1319,801.02563,827.2161,787.326,-0.211181640625,0.09466552734375,0.9556884765625,2.848663330078125,-0.814971923828125,-0.25421142578125,1.0,2.0,1.0,1.0,2.0,100.0,event
15:31:43.120,0.77679336,1.2558942,1.1112019,0.5724969,0.7879191,0.68035835,0.73612374,0.71252525,0.3567839,0.85650784,0.5144394,0.46269038,0.59565514,0.35163265,0.50542265,0.65828586,0.4657311,-0.21492557,0.20948087,0.39570087,810.293,786.9231,792.96704,812.3077,803.44324,-0.23187255859375,0.09716796875,0.95458984375,2.94586181640625,-0.171966552734375,-0.082244873046875,1.0,2.0,1.0,1.0,2.0,100.0,event
15:31:43.121,0.77679336,1.2558942,1.1112019,0.5724969,0.7879191,0.68035835,0.73612374,0.71252525,0.3567839,0.85650784,0.5144394,0.46269038,0.59565514,0.35163265,0.50542265,0.65828586,0.4657311,-0.21492557,0.20948087,0.39570087,813.5165,785.31134,787.72894,783.2967,740.18317,-0.23187255859375,0.09716796875,0.95458984375,2.94586181640625,-0.171966552734375,-0.082244873046875,1.0,2.0,1.0,1.0,2.0,100.0,event
15:31:43.122,0.77679336,1.2558942,1.1112019,0.5724969,0.7879191,0.68035835,0.73612374,0.71252525,0.3567839,0.85650784,0.5144394,0.46269038,0.59565514,0.35163265,0.50542265,0.65828586,0.4657311,-0.21492557,0.20948087,0.39570087,815.12823,785.7143,784.5055,796.99634,730.9158,-0.23187255859375,0.09716796875,0.95458984375,2.94586181640625,-0.171966552734375,-0.082244873046875,1.0,2.0,1.0,1.0,2.0,100.0,event
15:31:43.122,0.77679336,1.2558942,1.1112019,0.5724969,0.7879191,0.68035835,0.73612374,0.71252525,0.3567839,0.85650784,0.5144394,0.46269038,0.59565514,0.35163265,0.50542265,0.65828586,0.4657311,-0.21492557,0.20948087,0.39570087,807.47253,783.69965,783.2967,812.71063,793.7729,-0.23187255859375,0.09716796875,0.95458984375,2.94586181640625,-0.171966552734375,-0.082244873046875,1.0,2.0,1.0,1.0,2.0,100.0,event
15:31:43.123,0.77679336,1.2558942,1.1112019,0.5724969,0.7879191,0.68035835,0.73612374,0.71252525,0.3567839,0.85650784,0.5144394,0.46269038,0.59565514,0.35163265,0.50542265,0.65828586,0.4657311,-0.21492557,0.20948087,0.39570087,800.2198,780.07324,787.326,789.34064,821.1722,-0.23187255859375,0.09716796875,0.95458984375,2.94586181640625,-0.171966552734375,-0.082244873046875,1.0,2.0,1.0,1.0,2.0,100.0,event
15:31:43.124,0.77679336,1.2558942,1.1112019,0.5724969,0.7879191,0.68035835,0.73612374,0.71252525,0.3567839,0.85650784,0.5144394,0.46269038,0.59565514,0.35163265,0.50542265,0.65828586,0.4657311,-0.21492557,0.20948087,0.39570087,802.6374,782.49084,785.7143,773.22345,851.39197,-0.23187255859375,0.09716796875,0.95458984375,2.94586181640625,-0.171966552734375,-0.082244873046875,1.0,2.0,1.0,1.0,2.0,100.0,event
15:31:43.124,0.77679336,1.2558942,1.1112019,0.5724969,0.7879191,0.68035835,0.73612374,0.71252525,0.3567839,0.85650784,0.5144394,0.46269038,0.59565514,0.35163265,0.50542265,0.65828586,0.4657311,-0.21492557,0.20948087,0.39570087,800.6227,790.14655,790.9524,794.17584,825.2015,-0.23187255859375,0.09716796875,0.95458984375,2.94586181640625,-0.171966552734375,-0.082244873046875,1.0,2.0,1.0,1.0,2.0,100.0,event
15:31:43.125,0.77679336,1.2558942,1.1112019,0.5724969,0.7879191,0.68035835,0.73612374,0.71252525,0.3567839,0.85650784,0.5144394,0.46269038,0.59565514,0.35163265,0.50542265,0.65828586,0.4657311,-0.21492557,0.20948087,0.39570087,793.36993,790.9524,783.2967,797.3993,926.7399,-0.23187255859375,0.09716796875,0.95458984375,2.94586181640625,-0.171966552734375,-0.082244873046875,1.0,2.0,1.0,1.0,2.0,100.0,event
15:31:43.126,0.77679336,1.2558942,1.1112019,0.5724969,0.7879191,0.68035835,0.73612374,0.71252525,0.3567839,0.85650784,0.5144394,0.46269038,0.59565514,0.35163265,0.50542265,0.65828586,0.4657311,-0.21492557,0.20948087,0.39570087,788.5348,793.7729,784.5055,788.93774,1103.6263,-0.23187255859375,0.09716796875,0.95458984375,2.94586181640625,-0.171966552734375,-0.082244873046875,1.0,2.0,1.0,1.0,2.0,100.0,event
15:31:43.127,0.77679336,1.2558942,1.1112019,0.5724969,0.7879191,0.68035835,0.73612374,0.71252525,0.3567839,0.85650784,0.5144394,0.46269038,0.59565514,0.35163265,0.50542265,0.65828586,0.4657311,-0.21492557,0.20948087,0.39570087,782.8938,799.41394,801.8315,806.26373,867.50916,-0.23187255859375,0.09716796875,0.95458984375,2.94586181640625,-0.171966552734375,-0.082244873046875,1.0,2.0,1.0,1.0,2.0,100.0,event
15:31:43.128,0.77679336,1.2558942,1.1112019,0.5724969,0.7879191,0.68035835,0.73612374,0.71252525,0.3567839,0.85650784,0.5144394,0.46269038,0.59565514,0.35163265,0.50542265,0.65828586,0.4657311,-0.21492557,0.20948087,0.39570087,780.4762,793.36993,790.9524,785.7143,751.8681,-0.23187255859375,0.09716796875,0.95458984375,2.94586181640625,-0.171966552734375,-0.082244873046875,1.0,2.0,1.0,1.0,2.0,100.0,event
15:31:43.128,0.77679336,1.2558942,1.1112019,0.5724969,0.7879191,0.68035835,0.73612374,0.71252525,0.3567839,0.85650784,0.5144394,0.46269038,0.59565514,0.35163265,0.50542265,0.65828586,0.4657311,-0.21492557,0.20948087,0.39570087,780.87915,801.8315,784.90845,743.4066,794.57874,-0.23187255859375,0.09716796875,0.95458984375,2.94586181640625,-0.171966552734375,-0.082244873046875,1.0,2.0,1.0,1.0,2.0,100.0,event
15:31:43.168,0.77679336,1.2558942,1.1112019,0.5724969,0.7879191,0.68035835,0.73612374,0.71252525,0.3567839,0.85650784,0.5144394,0.46269038,0.59565514,0.35163265,0.50542265,0.65828586,0.4657311,-0.21492557,0.20948087,0.39570087,772.4176,808.2784,787.72894,735.34796,762.74725,-0.23992919921875,0.10345458984375,0.9488525390625,3.9178466796875,-3.7384033203125,-0.471038818359375,1.0,2.0,1.0,1.0,2.0,100.0,event
15:31:43.170,0.77679336,1.2558942,1.1112019,0.5724969,0.7879191,0.68035835,0.73612374,0.71252525,0.3567839,0.85650784,0.5144394,0.46269038,0.59565514,0.35163265,0.50542265,0.65828586,0.4657311,-0.21492557,0.20948087,0.39570087,769.19415,797.8022,789.34064,751.4652,734.1392,-0.23992919921875,0.10345458984375,0.9488525390625,3.9178466796875,-3.7384033203125,-0.471038818359375,1.0,2.0,1.0,1.0,2.0,100.0,event
15:31:43.172,0.77679336,1.2558942,1.1112019,0.5724969,0.7879191,0.68035835,0.73612374,0.71252525,0.3567839,0.85650784,0.5144394,0.46269038,0.59565514,0.35163265,0.50542265,0.65828586,0.4657311,-0.21492557,0.20948087,0.39570087,759.12085,792.96704,796.5934,766.3736,734.5421,-0.23992919921875,0.10345458984375,0.9488525390625,3.9178466796875,-3.7384033203125,-0.471038818359375,1.0,2.0,1.0,1.0,2.0,100.0,event
15:31:43.174,0.77679336,1.2558942,1.1112019,0.5724969,0.7879191,0.68035835,0.73612374,0.71252525,0.3567839,0.85650784,0.5144394,0.46269038,0.59565514,0.35163265,0.50542265,0.65828586,0.4657311,-0.21492557,0.20948087,0.39570087,735.7509,788.1319,799.81683,768.3883,792.1612,-0.23992919921875,0.10345458984375,0.9488525390625,3.9178466796875,-3.7384033203125,-0.471038818359375,1.0,2.0,1.0,1.0,2.0,100.0,event
15:31:43.175,0.77679336,1.2558942,1.1112019,0.5724969,0.7879191,0.68035835,0.73612374,0.71252525,0.3567839,0.85650784,0.5144394,0.46269038,0.59565514,0.35163265,0.50542265,0.65828586,0.4657311,-0.21492557,0.20948087,0.39570087,729.707,792.1612,799.81683,765.9707,736.55676,-0.23992919921875,0.10345458984375,0.9488525390625,3.9178466796875,-3.7384033203125,-0.471038818359375,1.0,2.0,1.0,1.0,2.0,100.0,event
15:31:43.176,0.77679336,1.2558942,1.1112019,0.5724969,0.7879191,0.68035835,0.73612374,0.71252525,0.3567839,0.85650784,0.5144394,0.46269038,0.59565514,0.35163265,0.50542265,0.65828586,0.4657311,-0.21492557,0.20948087,0.39570087,743.00366,799.011,800.2198,762.3443,691.4286,-0.23992919921875,0.10345458984375,0.9488525390625,3.9178466796875,-3.7384033203125,-0.471038818359375,1.0,2.0,1.0,1.0,2.0,100.0,event
15:31:43.177,0.77679336,1.2558942,1.1112019,0.5724969,0.7879191,0.68035835,0.73612374,0.71252525,0.3567839,0.85650784,0.5144394,0.46269038,0.59565514,0.35163265,0.50542265,0.65828586,0.4657311,-0.21492557,0.20948087,0.39570087,763.1502,803.44324,800.2198,762.3443,755.89746,-0.23992919921875,0.10345458984375,0.9488525390625,3.9178466796875,-3.7384033203125,-0.471038818359375,1.0,2.0,1.0,1.0,2.0,100.0,event
15:31:43.178,0.77679336,1.2558942,1.1112019,0.5724969,0.7879191,0.68035835,0.73612374,0.71252525,0.3567839,0.85650784,0.5144394,0.46269038,0.59565514,0.35163265,0.50542265,0.65828586,0.4657311,-0.21492557,0.20948087,0.39570087,773.6264,809.89014,795.38464,752.674,987.98535,-0.23992919921875,0.10345458984375,0.9488525390625,3.9178466796875,-3.7384033203125,-0.471038818359375,1.0,2.0,1.0,1.0,2.0,100.0,event
15:31:43.179,0.77679336,1.2558942,1.1112019,0.5724969,0.7879191,0.68035835,0.73612374,0.71252525,0.3567839,0.85650784,0.5144394,0.46269038,0.59565514,0.35163265,0.50542265,0.65828586,0.4657311,-0.21492557,0.20948087,0.39570087,766.77655,820.3663,813.5165,758.71796,909.41394,-0.23992919921875,0.10345458984375,0.9488525390625,3.9178466796875,-3.7384033203125,-0.471038818359375,1.0,2.0,1.0,1.0,2.0,100.0,event
15:31:43.180,0.77679336,1.2558942,1.1112019,0.5724969,0.7879191,0.68035835,0.73612374,0.71252525,0.3567839,0.85650784,0.5144394,0.46269038,0.59565514,0.35163265,0.50542265,0.65828586,0.4657311,-0.21492557,0.20948087,0.39570087,763.95605,814.3223,820.7692,773.22345,726.08057,-0.23992919921875,0.10345458984375,0.9488525390625,3.9178466796875,-3.7384033203125,-0.471038818359375,1.0,2.0,1.0,1.0,2.0,100.0,event
15:31:43.181,0.77679336,1.2558942,1.1112019,0.5724969,0.7879191,0.68035835,0.73612374,0.71252525,0.3567839,0.85650784,0.5144394,0.46269038,0.59565514,0.35163265,0.50542265,0.65828586,0.4657311,-0.21492557,0.20948087,0.39570087,772.4176,798.60803,806.26373,784.10254,825.2015,-0.23992919921875,0.10345458984375,0.9488525390625,3.9178466796875,-3.7384033203125,-0.471038818359375,1.0,2.0,1.0,1.0,2.0,100.0,event
15:31:43.182,0.77679336,1.2558942,1.1112019,0.5724969,0.7879191,0.68035835,0.73612374,0.71252525,0.3567839,0.85650784,0.5144394,0.46269038,0.59565514,0.35163265,0.50542265,0.65828586,0.4657311,-0.21492557,0.20948087,0.39570087,768.3883,808.2784,804.2491,771.2088,821.978,-0.23992919921875,0.10345458984375,0.9488525390625,3.9178466796875,-3.7384033203125,-0.471038818359375,1.0,2.0,1.0,1.0,2.0,100.0,event
15:31:43.230,0.77679336,1.2558942,1.1112019,0.5724969,0.7879191,0.68035835,0.73612374,0.71252525,0.3567839,0.85650784,0.5144394,0.46269038,0.59565514,0.35163265,0.50542265,0.65828586,0.4657311,-0.21492557,0.20948087,0.39570087,776.04395,827.2161,809.0842,746.63007,730.5128,-0.22393798828125,0.1072998046875,0.95635986328125,2.684173583984375,-4.366455078125,0.07476806640625,1.0,2.0,1.0,1.0,2.0,100.0,event
15:31:43.232,0.77679336,1.2558942,1.1112019,0.5724969,0.7879191,0.68035835,0.73612374,0.71252525,0.3567839,0.85650784,0.5144394,0.46269038,0.59565514,0.35163265,0.50542265,0.65828586,0.4657311,-0.21492557,0.20948087,0.39570087,772.4176,820.3663,811.50183,751.4652,675.7143,-0.22393798828125,0.1072998046875,0.95635986328125,2.684173583984375,-4.366455078125,0.07476806640625,1.0,2.0,1.0,1.0,2.0,100.0,event
15:31:43.236,0.77679336,1.2558942,1.1112019,0.5724969,0.7879191,0.68035835,0.73612374,0.71252525,0.3567839,0.85650784,0.5144394,0.46269038,0.59565514,0.35163265,0.50542265,0.65828586,0.4657311,-0.21492557,0.20948087,0.39570087,767.98535,801.02563,807.8755,765.9707,710.7692,-0.22393798828125,0.1072998046875,0.95635986328125,2.684173583984375,-4.366455078125,0.07476806640625,1.0,2.0,1.0,1.0,2.0,100.0,event
15:31:43.237,0.77679336,1.2558942,1.1112019,0.5724969,0.7879191,0.68035835,0.73612374,0.71252525,0.3567839,0.85650784,0.5144394,0.46269038,0.59565514,0.35163265,0.50542265,0.65828586,0.4657311,-0.21492557,0.20948087,0.39570087,778.46155,803.8461,801.02563,776.8498,757.9121,-0.22393798828125,0.1072998046875,0.95635986328125,2.684173583984375,-4.366455078125,0.07476806640625,1.0,2.0,1.0,1.0,2.0,100.0,event
15:31:43.238,0.77679336,1.2558942,1.1112019,0.5724969,0.7879191,0.68035835,0.73612374,0.71252525,0.3567839,0.85650784,0.5144394,0.46269038,0.59565514,0.35163265,0.50542265,0.65828586,0.4657311,-0.21492557,0.20948087,0.39570087,793.36993,817.9487,799.011,768.3883,722.0513,-0.22393798828125,0.1072998046875,0.95635986328125,2.684173583984375,-4.366455078125,0.07476806640625,1.0,2.0,1.0,1.0,2.0,100.0,event
15:31:43.239,0.77679336,1.2558942,1.1112019,0.5724969,0.7879191,0.68035835,0.73612374,0.71252525,0.3567839,0.85650784,0.5144394,0.46269038,0.59565514,0.35163265,0.50542265,0.65828586,0.4657311,-0.21492557,0.20948087,0.39570087,803.0403,810.293,802.23444,758.315,761.13556,-0.22393798828125,0.1072998046875,0.95635986328125,2.684173583984375,-4.366455078125,0.07476806640625,1.0,2.0,1.0,1.0,2.0,100.0,event
15:31:43.240,0.77679336,1.2558942,1.1112019,0.5724969,0.7879191,0.68035835,0.73612374,0.71252525,0.3567839,0.85650784,0.5144394,0.46269038,0.59565514,0.35163265,0.50542265,0.65828586,0.4657311,-0.21492557,0.20948087,0.39570087,795.78754,801.02563,788.93774,770.40295,1014.17584,-0.22393798828125,0.1072998046875,0.95635986328125,2.684173583984375,-4.366455078125,0.07476806640625,1.0,2.0,1.0,1.0,2.0,100.0,event
15:31:43.241,0.77679336,1.2558942,1.1112019,0.5724969,0.7879191,0.68035835,0.73612374,0.71252525,0.3567839,0.85650784,0.5144394,0.46269038,0.59565514,0.35163265,0.50542265,0.65828586,0.4657311,-0.21492557,0.20948087,0.39570087,808.68134,815.12823,795.38464,816.337,1051.2454,-0.22393798828125,0.1072998046875,0.95635986328125,2.684173583984375,-4.366455078125,0.07476806640625,1.0,2.0,1.0,1.0,2.0,100.0,event
15:31:43.242,0.77679336,1.2558942,1.1112019,0.5724969,0.7879191,0.68035835,0.73612374,0.71252525,0.3567839,0.85650784,0.5144394,0.46269038,0.59565514,0.35163265,0.50542265,0.65828586,0.4657311,-0.21492557,0.20948087,0.39570087,783.2967,823.5897,811.9048,786.9231,762.3443,-0.22393798828125,0.1072998046875,0.95635986328125,2.684173583984375,-4.366455078125,0.07476806640625,1.0,2.0,1.0,1.0,2.0,100.0,event
15:31:43.243,0.77679336,1.2558942,1.1112019,0.5724969,0.7879191,0.68035835,0.73612374,0.71252525,0.3567839,0.85650784,0.5144394,0.46269038,0.59565514,0.35163265,0.50542265,0.65828586,0.4657311,-0.21492557,0.20948087,0.39570087,783.69965,813.1135,814.3223,757.9121,629.3773,-0.22393798828125,0.1072998046875,0.95635986328125,2.684173583984375,-4.366455078125,0.07476806640625,1.0,2.0,1.0,1.0,2.0,100.0,event
15:31:43.244,0.77679336,1.2558942,1.1112019,0.5724969,0.7879191,0.68035835,0.73612374,0.71252525,0.3567839,0.85650784,0.5144394,0.46269038,0.59565514,0.35163265,0.50542265,0.65828586,0.4657311,-0.21492557,0.20948087,0.39570087,835.6777,813.91943,812.3077,812.71063,892.0879,-0.22393798828125,0.1072998046875,0.95635986328125,2.684173583984375,-4.366455078125,0.07476806640625,1.0,2.0,1.0,1.0,2.0,100.0,event
15:31:43.245,0.77679336,1.2558942,1.1112019,0.5724969,0.7879191,0.68035835,0.73612374,0.71252525,0.3567839,0.85650784,0.5144394,0.46269038,0.59565514,0.35163265,0.50542265,0.65828586,0.4657311,-0.21492557,0.20948087,0.39570087,842.1245,824.3956,823.9927,822.7839,987.5824,-0.22393798828125,0.1072998046875,0.95635986328125,2.684173583984375,-4.366455078125,0.07476806640625,1.0,2.0,1.0,1.0,2.0,100.0,event
15:31:43.271,0.77679336,1.2558942,1.1112019,0.5724969,0.7879191,0.68035835,0.73612374,0.71252525,0.3567839,0.85650784,0.5144394,0.46269038,0.59565514,0.35163265,0.50542265,0.65828586,0.4657311,-0.21492557,0.20948087,0.39570087,830.0366,824.3956,825.6044,796.1905,715.2015,-0.21063232421875,0.10552978515625,0.962890625,2.0635986328125,-0.657958984375,0.710296630859375,1.0,2.0,1.0,1.0,2.0,100.0,event
15:31:43.272,0.77679336,1.2558942,1.1112019,0.5724969,0.7879191,0.68035835,0.73612374,0.71252525,0.3567839,0.85650784,0.5144394,0.46269038,0.59565514,0.35163265,0.50542265,0.65828586,0.4657311,-0.21492557,0.20948087,0.39570087,826.4103,812.71063,807.0696,785.31134,746.2271,-0.21063232421875,0.10552978515625,0.962890625,2.0635986328125,-0.657958984375,0.710296630859375,1.0,2.0,1.0,1.0,2.0,100.0,event
15:31:43.273,0.77679336,1.2558942,1.1112019,0.5724969,0.7879191,0.68035835,0.73612374,0.71252525,0.3567839,0.85650784,0.5144394,0.46269038,0.59565514,0.35163265,0.50542265,0.65828586,0.4657311,-0.21492557,0.20948087,0.39570087,844.5421,822.381,901.3553,840.10986,751.8681,-0.21063232421875,0.10552978515625,0.962890625,2.0635986328125,-0.657958984375,0.710296630859375,1.0,2.0,1.0,1.0,2.0,100.0,event
15:31:43.273,0.77679336,1.2558942,1.1112019,0.5724969,0.7879191,0.68035835,0.73612374,0.71252525,0.3567839,0.85650784,0.5144394,0.46269038,0.59565514,0.35163265,0.50542265,0.65828586,0.4657311,-0.21492557,0.20948087,0.39570087,844.5421,813.1135,827.619,831.2454,798.60803,-0.21063232421875,0.10552978515625,0.962890625,2.0635986328125,-0.657958984375,0.710296630859375,1.0,2.0,1.0,1.0,2.0,100.0,event
15:31:43.274,0.77679336,1.2558942,1.1112019,0.5724969,0.7879191,0.68035835,0.73612374,0.71252525,0.3567839,0.85650784,0.5144394,0.46269038,0.59565514,0.35163265,0.50542265,0.65828586,0.4657311,-0.21492557,0.20948087,0.39570087,813.5165,819.5604,973.8828,796.1905,744.21246,-0.21063232421875,0.10552978515625,0.962890625,2.0635986328125,-0.657958984375,0.710296630859375,1.0,2.0,1.0,1.0,2.0,100.0,event
15:31:43.275,0.77679336,1.2558942,1.1112019,0.5724969,0.7879191,0.68035835,0.73612374,0.71252525,0.3567839,0.85650784,0.5144394,0.46269038,0.59565514,0.35163265,0.50542265,0.65828586,0.4657311,-0.21492557,0.20948087,0.39570087,796.1905,822.381,979.92676,790.54944,807.0696,-0.21063232421875,0.10552978515625,0.962890625,2.0635986328125,-0.657958984375,0.710296630859375,1.0,2.0,1.0,1.0,2.0,100.0,event
15:31:43.276,0.77679336,1.2558942,1.1112019,0.5724969,0.7879191,0.68035835,0.73612374,0.71252525,0.3567839,0.85650784,0.5144394,0.46269038,0.59565514,0.35163265,0.50542265,0.65828586,0.4657311,-0.21492557,0.20948087,0.39570087,823.9927,818.3516,987.98535,819.9634,1004.90845,-0.21063232421875,0.10552978515625,0.962890625,2.0635986328125,-0.657958984375,0.710296630859375,1.0,2.0,1.0,1.0,2.0,100.0,event
15:31:43.277,0.77679336,1.2558942,1.1112019,0.5724969,0.7879191,0.68035835,0.73612374,0.71252525,0.3567839,0.85650784,0.5144394,0.46269038,0.59565514,0.35163265,0.50542265,0.65828586,0.4657311,-0.21492557,0.20948087,0.39570087,870.32965,819.9634,1025.4579,855.0183,950.5128,-0.21063232421875,0.10552978515625,0.962890625,2.0635986328125,-0.657958984375,0.710296630859375,1.0,2.0,1.0,1.0,2.0,100.0,event
15:31:43.278,0.77679336,1.2558942,1.1112019,0.5724969,0.7879191,0.68035835,0.73612374,0.71252525,0.3567839,0.85650784,0.5144394,0.46269038,0.59565514,0.35163265,0.50542265,0.65828586,0.4657311,-0.21492557,0.20948087,0.39570087,838.49817,826.4103,1029.0842,847.3626,683.7729,-0.21063232421875,0.10552978515625,0.962890625,2.0635986328125,-0.657958984375,0.710296630859375,1.0,2.0,1.0,1.0,2.0,100.0,event
15:31:43.279,0.77679336,1.2558942,1.1112019,0.5724969,0.7879191,0.68035835,0.73612374,0.71252525,0.3567839,0.85650784,0.5144394,0.46269038,0.59565514,0.35163265,0.50542265,0.65828586,0.4657311,-0.21492557,0.20948087,0.39570087,821.1722,805.4579,1026.2638,849.3773,725.6777,-0.21063232421875,0.10552978515625,0.962890625,2.0635986328125,-0.657958984375,0.710296630859375,1.0,2.0,1.0,1.0,2.0,100.0,event
15:31:43.280,0.77679336,1.2558942,1.1112019,0.5724969,0.7879191,0.68035835,0.73612374,0.71252525,0.3567839,0.85650784,0.5144394,0.46269038,0.59565514,0.35163265,0.50542265,0.65828586,0.4657311,-0.21492557,0.20948087,0.39570087,875.9707,804.65204,1069.7803,864.68866,811.0989,-0.21063232421875,0.10552978515625,0.962890625,2.0635986328125,-0.657958984375,0.710296630859375,1.0,2.0,1.0,1.0,2.0,100.0,event
15:31:43.281,0.77679336,1.2558942,1.1112019,0.5724969,0.7879191,0.68035835,0.73612374,0.71252525,0.3567839,0.85650784,0.5144394,0.46269038,0.59565514,0.35163265,0.50542265,0.65828586,0.4657311,-0.21492557,0.20948087,0.39570087,873.5531,826.4103,1100.403,865.4945,724.87177,-0.21063232421875,0.10552978515625,0.962890625,2.0635986328125,-0.657958984375,0.710296630859375,1.0,2.0,1.0,1.0,2.0,100.0,event
15:31:43.302,0.77679336,1.2558942,1.1112019,0.5724969,0.7879191,0.68035835,0.73612374,0.71252525,0.3567839,0.85650784,0.5144394,0.46269038,0.59565514,0.35163265,0.50542265,0.65828586,0.4657311,-0.21492557,0.20948087,0.39570087,853.00366,812.71063,1119.7435,851.39197,706.7399,-0.21063232421875,0.10552978515625,0.962890625,2.0635986328125,-0.657958984375,0.710296630859375,1.0,2.0,1.0,1.0,2.0,100.0,event
15:31:43.303,0.77679336,1.2558942,1.1112019,0.5724969,0.7879191,0.68035835,0.73612374,0.71252525,0.3567839,0.85650784,0.5144394,0.46269038,0.59565514,0.35163265,0.50542265,0.65828586,0.4657311,-0.21492557,0.20948087,0.39570087,850.18317,808.2784,1133.8462,846.9597,775.64105,-0.21063232421875,0.10552978515625,0.962890625,2.0635986328125,-0.657958984375,0.710296630859375,1.0,2.0,1.0,1.0,2.0,100.0,event
15:31:43.304,0.77679336,1.2558942,1.1112019,0.5724969,0.7879191,0.68035835,0.73612374,0.71252525,0.3567839,0.85650784,0.5144394,0.46269038,0.59565514,0.35163265,0.50542265,0.65828586,0.4657311,-0.21492557,0.20948087,0.39570087,855.82416,822.7839,1126.9963,841.31866,787.326,-0.21063232421875,0.10552978515625,0.962890625,2.0635986328125,-0.657958984375,0.710296630859375,1.0,2.0,1.0,1.0,2.0,100.0,event
15:31:43.305,0.77679336,1.2558942,1.1112019,0.5724969,0.7879191,0.68035835,0.73612374,0.71252525,0.3567839,0.85650784,0.5144394,0.46269038,0.59565514,0.35163265,0.50542265,0.65828586,0.4657311,-0.21492557,0.20948087,0.39570087,827.2161,818.3516,1097.5824,815.12823,761.53845,-0.21063232421875,0.10552978515625,0.962890625,2.0635986328125,-0.657958984375,0.710296630859375,1.0,2.0,1.0,1.0,2.0,100.0,event
15:31:43.309,0.77679336,1.2558942,1.1112019,0.5724969,0.7879191,0.68035835,0.73612374,0.71252525,0.3567839,0.85650784,0.5144394,0.46269038,0.59565514,0.35163265,0.50542265,0.65828586,0.4657311,-0.21492557,0.20948087,0.39570087,794.57874,799.81683,1042.381,836.4835,739.3773,-0.21063232421875,0.10552978515625,0.962890625,2.0635986328125,-0.657958984375,0.710296630859375,1.0,2.0,1.0,1.0,2.0,100.0,event
15:31:43.310,0.77679336,1.2558942,1.1112019,0.5724969,0.7879191,0.68035835,0.73612374,0.71252525,0.3567839,0.85650784,0.5144394,0.46269038,0.59565514,0.35163265,0.50542265,0.65828586,0.4657311,-0.21492557,0.20948087,0.39570087,811.9048,782.0879,1027.8755,855.82416,850.989,-0.21063232421875,0.10552978515625,0.962890625,2.0635986328125,-0.657958984375,0.710296630859375,1.0,2.0,1.0,1.0,2.0,100.0,event
15:31:43.311,0.77679336,1.2558942,1.1112019,0.5724969,0.7879191,0.68035835,0.73612374,0.71252525,0.3567839,0.85650784,0.5144394,0.46269038,0.59565514,0.35163265,0.50542265,0.65828586,0.4657311,-0.21492557,0.20948087,0.39570087,831.6484,790.54944,1053.2601,821.1722,1049.2307,-0.21063232421875,0.10552978515625,0.962890625,2.0635986328125,-0.657958984375,0.710296630859375,1.0,2.0,1.0,1.0,2.0,100.0,event
15:31:43.312,0.77679336,1.2558942,1.1112019,0.5724969,0.7879191,0.68035835,0.73612374,0.71252525,0.3567839,0.85650784,0.5144394,0.46269038,0.59565514,0.35163265,0.50542265,0.65828586,0.4657311,-0.21492557,0.20948087,0.39570087,821.978,801.4286,1087.1062,822.381,826.8132,-0.21063232421875,0.10552978515625,0.962890625,2.0635986328125,-0.657958984375,0.710296630859375,1.0,2.0,1.0,1.0,2.0,100.0,event
15:31:43.312,0.77679336,1.2558942,1.1112019,0.5724969,0.7879191,0.68035835,0.73612374,0.71252525,0.3567839,0.85650784,0.5144394,0.46269038,0.59565514,0.35163265,0.50542265,0.65828586,0.4657311,-0.21492557,0.20948087,0.39570087,821.978,792.5641,1081.4652,832.0513,654.35895,-0.21063232421875,0.10552978515625,0.962890625,2.0635986328125,-0.657958984375,0.710296630859375,1.0,2.0,1.0,1.0,2.0,100.0,event
15:31:43.313,0.77679336,1.2558942,1.1112019,0.5724969,0.7879191,0.68035835,0.73612374,0.71252525,0.3567839,0.85650784,0.5144394,0.46269038,0.59565514,0.35163265,0.50542265,0.65828586,0.4657311,-0.21492557,0.20948087,0.39570087,842.9304,788.1319,1041.978,829.6337,678.93774,-0.21063232421875,0.10552978515625,0.962890625,2.0635986328125,-0.657958984375,0.710296630859375,1.0,2.0,1.0,1.0,2.0,100.0,event
15:31:43.314,0.77679336,1.2558942,1.1112019,0.5724969,0.7879191,0.68035835,0.73612374,0.71252525,0.3567839,0.85650784,0.5144394,0.46269038,0.59565514,0.35163265,0.50542265,0.65828586,0.4657311,-0.21492557,0.20948087,0.39570087,836.4835,789.7436,920.293,829.2308,709.9634,-0.21063232421875,0.10552978515625,0.962890625,2.0635986328125,-0.657958984375,0.710296630859375,1.0,2.0,1.0,1.0,2.0,100.0,event
15:31:43.314,0.77679336,1.2558942,1.1112019,0.5724969,0.7879191,0.68035835,0.73612374,0.71252525,0.3567839,0.85650784,0.5144394,0.46269038,0.59565514,0.35163265,0.50542265,0.65828586,0.4657311,-0.21492557,0.20948087,0.39570087,846.9597,792.96704,975.09155,831.2454,688.60803,-0.21063232421875,0.10552978515625,0.962890625,2.0635986328125,-0.657958984375,0.710296630859375,1.0,2.0,1.0,1.0,2.0,100.0,event
15:31:43.338,0.77679336,1.2558942,1.1112019,0.5724969,0.7879191,0.68035835,0.73612374,0.71252525,0.3567839,0.85650784,0.5144394,0.46269038,0.59565514,0.35163265,0.50542265,0.65828586,0.4657311,-0.21492557,0.20948087,0.39570087,829.6337,791.75824,891.28204,830.4396,721.2454,-0.2451171875,0.0909423828125,0.94970703125,0.8074951171875,-2.699127197265625,1.263580322265625,1.0,2.0,1.0,1.0,2.0,100.0,event
15:31:43.339,0.77679336,1.2558942,1.1112019,0.5724969,0.7879191,0.68035835,0.73612374,0.71252525,0.3567839,0.85650784,0.5144394,0.46269038,0.59565514,0.35163265,0.50542265,0.65828586,0.4657311,-0.21492557,0.20948087,0.39570087,828.8278,792.1612,896.52014,834.87177,797.8022,-0.2451171875,0.0909423828125,0.94970703125,0.8074951171875,-2.699127197265625,1.263580322265625,1.0,2.0,1.0,1.0,2.0,100.0,event
15:31:43.340,0.77679336,1.2558942,1.1112019,0.5724969,0.7879191,0.68035835,0.73612374,0.71252525,0.3567839,0.85650784,0.5144394,0.46269038,0.59565514,0.35163265,0.50542265,0.65828586,0.4657311,-0.21492557,0.20948087,0.39570087,808.2784,792.5641,922.71063,819.5604,771.6117,-0.2451171875,0.0909423828125,0.94970703125,0.8074951171875,-2.699127197265625,1.263580322265625,1.0,2.0,1.0,1.0,2.0,100.0,event
15:31:43.341,0.77679336,1.2558942,1.1112019,0.5724969,0.7879191,0.68035835,0.73612374,0.71252525,0.3567839,0.85650784,0.5144394,0.46269038,0.59565514,0.35163265,0.50542265,0.65828586,0.4657311,-0.21492557,0.20948087,0.39570087,819.15753,791.3553,960.989,818.3516,707.1429,-0.2451171875,0.0909423828125,0.94970703125,0.8074951171875,-2.699127197265625,1.263580322265625,1.0,2.0,1.0,1.0,2.0,100.0,event
15:31:43.341,0.77679336,1.2558942,1.1112019,0.5724969,0.7879191,0.68035835,0.73612374,0.71252525,0.3567839,0.85650784,0.5144394,0.46269038,0.59565514,0.35163265,0.50542265,0.65828586,0.4657311,-0.21492557,0.20948087,0.39570087,832.8571,788.5348,1005.7143,834.0659,738.5714,-0.2451171875,0.0909423828125,0.94970703125,0.8074951171875,-2.699127197265625,1.263580322265625,1.0,2.0,1.0,1.0,2.0,100.0,event
15:31:43.342,0.77679336,1.2558942,1.1112019,0.5724969,0.7879191,0.68035835,0.73612374,0.71252525,0.3567839,0.85650784,0.5144394,0.46269038,0.59565514,0.35163265,0.50542265,0.65828586,0.4657311,-0.21492557,0.20948087,0.39570087,828.8278,800.2198,1013.7729,834.4689,826.8132,-0.2451171875,0.0909423828125,0.94970703125,0.8074951171875,-2.699127197265625,1.263580322265625,1.0,2.0,1.0,1.0,2.0,100.0,event
15:31:43.343,0.77679336,1.2558942,1.1112019,0.5724969,0.7879191,0.68035835,0.73612374,0.71252525,0.3567839,0.85650784,0.5144394,0.46269038,0.59565514,0.35163265,0.50542265,0.65828586,0.4657311,-0.21492557,0.20948087,0.39570087,819.5604,825.2015,1005.31134,837.28937,739.3773,-0.2451171875,0.0909423828125,0.94970703125,0.8074951171875,-2.699127197265625,1.263580322265625,1.0,2.0,1.0,1.0,2.0,100.0,event
15:31:43.343,0.77679336,1.2558942,1.1112019,0.5724969,0.7879191,0.68035835,0.73612374,0.71252525,0.3567839,0.85650784,0.5144394,0.46269038,0.59565514,0.35163265,0.50542265,0.65828586,0.4657311,-0.21492557,0.20948087,0.39570087,829.6337,819.5604,999.67035,830.0366,801.02563,-0.2451171875,0.0909423828125,0.94970703125,0.8074951171875,-2.699127197265625,1.263580322265625,1.0,2.0,1.0,1.0,2.0,100.0,event
15:31:43.344,0.77679336,1.2558942,1.1112019,0.5724969,0.7879191,0.68035835,0.73612374,0.71252525,0.3567839,0.85650784,0.5144394,0.46269038,0.59565514,0.35163265,0.50542265,0.65828586,0.4657311,-0.21492557,0.20948087,0.39570087,816.337,813.91943,1019.011,813.5165,907.3993,-0.2451171875,0.0909423828125,0.94970703125,0.8074951171875,-2.699127197265625,1.263580322265625,1.0,2.0,1.0,1.0,2.0,100.0,event
15:31:43.344,0.77679336,1.2558942,1.1112019,0.5724969,0.7879191,0.68035835,0.73612374,0.71252525,0.3567839,0.85650784,0.5144394,0.46269038,0.59565514,0.35163265,0.50542265,0.65828586,0.4657311,-0.21492557,0.20948087,0.39570087,818.3516,817.5458,1013.7729,832.4542,791.75824,-0.2451171875,0.0909423828125,0.94970703125,0.8074951171875,-2.699127197265625,1.263580322265625,1.0,2.0,1.0,1.0,2.0,100.0,event
15:31:43.345,0.77679336,1.2558942,1.1112019,0.5724969,0.7879191,0.68035835,0.73612374,0.71252525,0.3567839,0.85650784,0.5144394,0.46269038,0.59565514,0.35163265,0.50542265,0.65828586,0.4657311,-0.21492557,0.20948087,0.39570087,808.2784,822.381,1023.44324,802.6374,889.67035,-0.2451171875,0.0909423828125,0.94970703125,0.8074951171875,-2.699127197265625,1.263580322265625,1.0,2.0,1.0,1.0,2.0,100.0,event
15:31:43.345,0.77679336,1.2558942,1.1112019,0.5724969,0.7879191,0.68035835,0.73612374,0.71252525,0.3567839,0.85650784,0.5144394,0.46269038,0.59565514,0.35163265,0.50542265,0.65828586,0.4657311,-0.21492557,0.20948087,0.39570087,816.7399,819.9634,1006.52014,800.6227,799.011,-0.2451171875,0.0909423828125,0.94970703125,0.8074951171875,-2.699127197265625,1.263580322265625,1.0,2.0,1.0,1.0,2.0,100.0,event
15:31:43.392,0.77679336,1.2558942,1.1112019,0.5724969,0.7879191,0.68035835,0.73612374,0.71252525,0.3567839,0.85650784,0.5144394,0.46269038,0.59565514,0.35163265,0.50542265,0.65828586,0.4657311,-0.21492557,0.20948087,0.39570087,809.0842,800.6227,981.9414,805.4579,839.707,-0.267333984375,0.0887451171875,0.93731689453125,0.07476806640625,-7.648773193359375,-1.128997802734375,1.0,2.0,1.0,1.0,2.0,100.0,event
15:31:43.393,0.77679336,1.2558942,1.1112019,0.5724969,0.7879191,0.68035835,0.73612374,0.71252525,0.3567839,0.85650784,0.5144394,0.46269038,0.59565514,0.35163265,0.50542265,0.65828586,0.4657311,-0.21492557,0.20948087,0.39570087,780.4762,795.78754,964.61536,804.2491,946.8865,-0.267333984375,0.0887451171875,0.93731689453125,0.07476806640625,-7.648773193359375,-1.128997802734375,1.0,2.0,1.0,1.0,2.0,100.0,event
15:31:43.393,0.77679336,1.2558942,1.1112019,0.5724969,0.7879191,0.68035835,0.73612374,0.71252525,0.3567839,0.85650784,0.5144394,0.46269038,0.59565514,0.35163265,0.50542265,0.65828586,0.4657311,-0.21492557,0.20948087,0.39570087,803.0403,803.8461,973.0769,829.2308,819.5604,-0.267333984375,0.0887451171875,0.93731689453125,0.07476806640625,-7.648773193359375,-1.128997802734375,1.0,2.0,1.0,1.0,2.0,100.0,event
15:31:43.394,0.77679336,1.2558942,1.1112019,0.5724969,0.7879191,0.68035835,0.73612374,0.71252525,0.3567839,0.85650784,0.5144394,0.46269038,0.59565514,0.35163265,0.50542265,0.65828586,0.4657311,-0.21492557,0.20948087,0.39570087,836.8865,807.0696,953.3333,824.7985,731.7216,-0.267333984375,0.0887451171875,0.93731689453125,0.07476806640625,-7.648773193359375,-1.128997802734375,1.0,2.0,1.0,1.0,2.0,100.0,event
15:31:43.395,0.77679336,1.2558942,1.1112019,0.5724969,0.7879191,0.68035835,0.73612374,0.71252525,0.3567839,0.85650784,0.5144394,0.46269038,0.59565514,0.35163265,0.50542265,0.65828586,0.4657311,-0.21492557,0.20948087,0.39570087,801.4286,800.2198,924.3223,784.90845,782.8938,-0.267333984375,0.0887451171875,0.93731689453125,0.07476806640625,-7.648773193359375,-1.128997802734375,1.0,2.0,1.0,1.0,2.0,100.0,event
15:31:43.396,0.77679336,1.2558942,1.1112019,0.5724969,0.7879191,0.68035835,0.73612374,0.71252525,0.3567839,0.85650784,0.5144394,0.46269038,0.59565514,0.35163265,0.50542265,0.65828586,0.4657311,-0.21492557,0.20948087,0.39570087,779.67035,803.0403,910.2198,780.07324,833.663,-0.267333984375,0.0887451171875,0.93731689453125,0.07476806640625,-7.648773193359375,-1.128997802734375,1.0,2.0,1.0,1.0,2.0,100.0,event
15:31:43.399,,,,,,,,,,,,,,,,,,,,,,,,,,,,,,,,,,,,,,blink
15:31:43.400,0.77679336,1.2558942,1.1112019,0.5724969,0.7879191,0.68035835,0.73612374,0.71252525,0.3567839,0.85650784,0.5144394,0.46269038,0.59565514,0.35163265,0.50542265,0.65828586,0.4657311,-0.21492557,0.20948087,0.39570087,784.5055,821.1722,894.10254,792.5641,870.32965,-0.267333984375,0.0887451171875,0.93731689453125,0.07476806640625,-7.648773193359375,-1.128997802734375,1.0,2.0,1.0,1.0,2.0,100.0,event
15:31:43.401,0.77679336,1.2558942,1.1112019,0.5724969,0.7879191,0.68035835,0.73612374,0.71252525,0.3567839,0.85650784,0.5144394,0.46269038,0.59565514,0.35163265,0.50542265,0.65828586,0.4657311,-0.21492557,0.20948087,0.39570087,788.5348,822.7839,890.87915,804.65204,836.08057,-0.267333984375,0.0887451171875,0.93731689453125,0.07476806640625,-7.648773193359375,-1.128997802734375,1.0,2.0,1.0,1.0,2.0,100.0,event
15:31:43.402,0.77679336,1.2558942,1.1112019,0.5724969,0.7879191,0.68035835,0.73612374,0.71252525,0.3567839,0.85650784,0.5144394,0.46269038,0.59565514,0.35163265,0.50542265,0.65828586,0.4657311,-0.21492557,0.20948087,0.39570087,787.326,814.3223,877.1795,800.6227,961.79486,-0.267333984375,0.0887451171875,0.93731689453125,0.07476806640625,-7.648773193359375,-1.128997802734375,1.0,2.0,1.0,1.0,2.0,100.0,event
15:31:43.403,0.77679336,1.2558942,1.1112019,0.5724969,0.7879191,0.68035835,0.73612374,0.71252525,0.3567839,0.85650784,0.5144394,0.46269038,0.59565514,0.35163265,0.50542265,0.65828586,0.4657311,-0.21492557,0.20948087,0.39570087,795.78754,815.5311,861.4652,793.7729,1020.2198,-0.267333984375,0.0887451171875,0.93731689453125,0.07476806640625,-7.648773193359375,-1.128997802734375,1.0,2.0,1.0,1.0,2.0,100.0,event
15:31:43.404,0.77679336,1.2558942,1.1112019,0.5724969,0.7879191,0.68035835,0.73612374,0.71252525,0.3567839,0.85650784,0.5144394,0.46269038,0.59565514,0.35163265,0.50542265,0.65828586,0.4657311,-0.21492557,0.20948087,0.39570087,805.4579,817.1429,853.4066,784.10254,869.12085,-0.267333984375,0.0887451171875,0.93731689453125,0.07476806640625,-7.648773193359375,-1.128997802734375,1.0,2.0,1.0,1.0,2.0,100.0,event
15:31:43.404,0.77679336,1.2558942,1.1112019,0.5724969,0.7879191,0.68035835,0.73612374,0.71252525,0.3567839,0.85650784,0.5144394,0.46269038,0.59565514,0.35163265,0.50542265,0.65828586,0.4657311,-0.21492557,0.20948087,0.39570087,784.10254,813.5165,840.9158,771.2088,831.6484,-0.267333984375,0.0887451171875,0.93731689453125,0.07476806640625,-7.648773193359375,-1.128997802734375,1.0,2.0,1.0,1.0,2.0,100.0,event
15:31:43.445,0.77679336,1.2558942,1.1112019,0.5724969,0.7879191,0.68035835,0.73612374,0.71252525,0.3567839,0.85650784,0.5144394,0.46269038,0.59565514,0.35163265,0.50542265,0.65828586,0.4657311,-0.21492557,0.20948087,0.39570087,788.1319,810.696,831.2454,774.83514,884.83514,-0.232666015625,0.089111328125,0.953857421875,0.4486083984375,-9.817047119140623,-5.016937255859375,1.0,2.0,1.0,1.0,2.0,100.0,event
15:31:43.447,0.77679336,1.2558942,1.1112019,0.5724969,0.7879191,0.68035835,0.73612374,0.71252525,0.3567839,0.85650784,0.5144394,0.46269038,0.59565514,0.35163265,0.50542265,0.65828586,0.4657311,-0.21492557,0.20948087,0.39570087,788.1319,803.44324,808.68134,778.86444,888.86444,-0.232666015625,0.089111328125,0.953857421875,0.4486083984375,-9.817047119140623,-5.016937255859375,1.0,2.0,1.0,1.0,2.0,100.0,event
15:31:43.448,0.77679336,1.2558942,1.1112019,0.5724969,0.7879191,0.68035835,0.73612374,0.71252525,0.3567839,0.85650784,0.5144394,0.46269038,0.59565514,0.35163265,0.50542265,0.65828586,0.4657311,-0.21492557,0.20948087,0.39570087,778.46155,801.4286,782.8938,774.0293,765.9707,-0.232666015625,0.089111328125,0.953857421875,0.4486083984375,-9.817047119140623,-5.016937255859375,1.0,2.0,1.0,1.0,2.0,100.0,event
15:31:43.449,0.77679336,1.2558942,1.1112019,0.5724969,0.7879191,0.68035835,0.73612374,0.71252525,0.3567839,0.85650784,0.5144394,0.46269038,0.59565514,0.35163265,0.50542265,0.65828586,0.4657311,-0.21492557,0.20948087,0.39570087,791.3553,800.2198,751.4652,770.80585,792.1612,-0.232666015625,0.089111328125,0.953857421875,0.4486083984375,-9.817047119140623,-5.016937255859375,1.0,2.0,1.0,1.0,2.0,100.0,event
15:31:43.450,0.77679336,1.2558942,1.1112019,0.5724969,0.7879191,0.68035835,0.73612374,0.71252525,0.3567839,0.85650784,0.5144394,0.46269038,0.59565514,0.35163265,0.50542265,0.65828586,0.4657311,-0.21492557,0.20948087,0.39570087,782.49084,793.36993,712.381,767.1795,792.1612,-0.232666015625,0.089111328125,0.953857421875,0.4486083984375,-9.817047119140623,-5.016937255859375,1.0,2.0,1.0,1.0,2.0,100.0,event
15:31:43.451,0.77679336,1.2558942,1.1112019,0.5724969,0.7879191,0.68035835,0.73612374,0.71252525,0.3567839,0.85650784,0.5144394,0.46269038,0.59565514,0.35163265,0.50542265,0.65828586,0.4657311,-0.21492557,0.20948087,0.39570087,774.43225,789.34064,696.26373,769.19415,828.022,-0.232666015625,0.089111328125,0.953857421875,0.4486083984375,-9.817047119140623,-5.016937255859375,1.0,2.0,1.0,1.0,2.0,100.0,event
15:31:43.452,0.77679336,1.2558942,1.1112019,0.5724969,0.7879191,0.68035835,0.73612374,0.71252525,0.3567839,0.85650784,0.5144394,0.46269038,0.59565514,0.35163265,0.50542265,0.65828586,0.4657311,-0.21492557,0.20948087,0.39570087,788.1319,782.0879,702.71063,777.6557,891.28204,-0.232666015625,0.089111328125,0.953857421875,0.4486083984375,-9.817047119140623,-5.016937255859375,1.0,2.0,1.0,1.0,2.0,100.0,event
15:31:43.452,0.77679336,1.2558942,1.1112019,0.5724969,0.7879191,0.68035835,0.73612374,0.71252525,0.3567839,0.85650784,0.5144394,0.46269038,0.59565514,0.35163265,0.50542265,0.65828586,0.4657311,-0.21492557,0.20948087,0.39570087,801.4286,769.19415,694.65204,773.6264,786.9231,-0.232666015625,0.089111328125,0.953857421875,0.4486083984375,-9.817047119140623,-5.016937255859375,1.0,2.0,1.0,1.0,2.0,100.0,event
15:31:43.453,0.77679336,1.2558942,1.1112019,0.5724969,0.7879191,0.68035835,0.73612374,0.71252525,0.3567839,0.85650784,0.5144394,0.46269038,0.59565514,0.35163265,0.50542265,0.65828586,0.4657311,-0.21492557,0.20948087,0.39570087,791.75824,750.65936,666.04395,774.83514,942.8571,-0.232666015625,0.089111328125,0.953857421875,0.4486083984375,-9.817047119140623,-5.016937255859375,1.0,2.0,1.0,1.0,2.0,100.0,event
15:31:43.453,0.77679336,1.2558942,1.1112019,0.5724969,0.7879191,0.68035835,0.73612374,0.71252525,0.3567839,0.85650784,0.5144394,0.46269038,0.59565514,0.35163265,0.50542265,0.65828586,0.4657311,-0.21492557,0.20948087,0.39570087,780.07324,747.4359,637.4359,778.46155,934.7985,-0.232666015625,0.089111328125,0.953857421875,0.4486083984375,-9.817047119140623,-5.016937255859375,1.0,2.0,1.0,1.0,2.0,100.0,event
15:31:43.454,0.77679336,1.2558942,1.1112019,0.5724969,0.7879191,0.68035835,0.73612374,0.71252525,0.3567839,0.85650784,0.5144394,0.46269038,0.59565514,0.35163265,0.50542265,0.65828586,0.4657311,-0.21492557,0.20948087,0.39570087,776.04395,751.06226,593.1135,769.19415,656.77655,-0.232666015625,0.089111328125,0.953857421875,0.4486083984375,-9.817047119140623,-5.016937255859375,1.0,2.0,1.0,1.0,2.0,100.0,event
15:31:43.454,0.77679336,1.2558942,1.1112019,0.5724969,0.7879191,0.68035835,0.73612374,0.71252525,0.3567839,0.85650784,0.5144394,0.46269038,0.59565514,0.35163265,0.50542265,0.65828586,0.4657311,-0.21492557,0.20948087,0.39570087,772.4176,745.82416,573.36993,775.2381,695.4579,-0.232666015625,0.089111328125,0.953857421875,0.4486083984375,-9.817047119140623,-5.016937255859375,1.0,2.0,1.0,1.0,2.0,100.0,event
15:31:43.485,0.77679336,1.2558942,1.1112019,0.5724969,0.7879191,0.68035835,0.73612374,0.71252525,0.3567839,0.85650784,0.5144394,0.46269038,0.59565514,0.35163265,0.50542265,0.65828586,0.4657311,-0.21492557,0.20948087,0.39570087,775.64105,745.42126,574.9817,786.52014,807.47253,-0.19879150390625,0.08856201171875,0.96392822265625,0.31402587890625,-5.81695556640625,-6.452484130859375,1.0,2.0,1.0,1.0,2.0,100.0,event
15:31:43.486,0.77679336,1.2558942,1.1112019,0.5724969,0.7879191,0.68035835,0.73612374,0.71252525,0.3567839,0.85650784,0.5144394,0.46269038,0.59565514,0.35163265,0.50542265,0.65828586,0.4657311,-0.21492557,0.20948087,0.39570087,785.31134,741.39197,574.17584,786.1172,840.10986,-0.19879150390625,0.08856201171875,0.96392822265625,0.31402587890625,-5.81695556640625,-6.452484130859375,1.0,2.0,1.0,1.0,2.0,100.0,event
15:31:43.487,0.77679336,1.2558942,1.1112019,0.5724969,0.7879191,0.68035835,0.73612374,0.71252525,0.3567839,0.85650784,0.5144394,0.46269038,0.59565514,0.35163265,0.50542265,0.65828586,0.4657311,-0.21492557,0.20948087,0.39570087,788.1319,735.34796,569.34064,774.0293,758.315,-0.19879150390625,0.08856201171875,0.96392822265625,0.31402587890625,-5.81695556640625,-6.452484130859375,1.0,2.0,1.0,1.0,2.0,100.0,event
15:31:43.488,0.77679336,1.2558942,1.1112019,0.5724969,0.7879191,0.68035835,0.73612374,0.71252525,0.3567839,0.85650784,0.5144394,0.46269038,0.59565514,0.35163265,0.50542265,0.65828586,0.4657311,-0.21492557,0.20948087,0.39570087,776.4469,738.97437,545.16486,759.92676,800.6227,-0.19879150390625,0.08856201171875,0.96392822265625,0.31402587890625,-5.81695556640625,-6.452484130859375,1.0,2.0,1.0,1.0,2.0,100.0,event
15:31:43.488,0.77679336,1.2558942,1.1112019,0.5724969,0.7879191,0.68035835,0.73612374,0.71252525,0.3567839,0.85650784,0.5144394,0.46269038,0.59565514,0.35163265,0.50542265,0.65828586,0.4657311,-0.21492557,0.20948087,0.39570087,778.0586,728.9011,547.1795,765.9707,757.9121,-0.19879150390625,0.08856201171875,0.96392822265625,0.31402587890625,-5.81695556640625,-6.452484130859375,1.0,2.0,1.0,1.0,2.0,100.0,event
15:31:43.489,0.77679336,1.2558942,1.1112019,0.5724969,0.7879191,0.68035835,0.73612374,0.71252525,0.3567839,0.85650784,0.5144394,0.46269038,0.59565514,0.35163265,0.50542265,0.65828586,0.4657311,-0.21492557,0.20948087,0.39570087,775.2381,748.6447,553.22345,770.0,798.60803,-0.19879150390625,0.08856201171875,0.96392822265625,0.31402587890625,-5.81695556640625,-6.452484130859375,1.0,2.0,1.0,1.0,2.0,100.0,event
15:31:43.490,0.77679336,1.2558942,1.1112019,0.5724969,0.7879191,0.68035835,0.73612374,0.71252525,0.3567839,0.85650784,0.5144394,0.46269038,0.59565514,0.35163265,0.50542265,0.65828586,0.4657311,-0.21492557,0.20948087,0.39570087,785.7143,732.1245,547.98535,792.96704,832.0513,-0.19879150390625,0.08856201171875,0.96392822265625,0.31402587890625,-5.81695556640625,-6.452484130859375,1.0,2.0,1.0,1.0,2.0,100.0,event
15:31:43.490,0.77679336,1.2558942,1.1112019,0.5724969,0.7879191,0.68035835,0.73612374,0.71252525,0.3567839,0.85650784,0.5144394,0.46269038,0.59565514,0.35163265,0.50542265,0.65828586,0.4657311,-0.21492557,0.20948087,0.39570087,808.68134,728.49817,516.1539,802.6374,875.16486,-0.19879150390625,0.08856201171875,0.96392822265625,0.31402587890625,-5.81695556640625,-6.452484130859375,1.0,2.0,1.0,1.0,2.0,100.0,event
15:31:43.494,0.77679336,1.2558942,1.1112019,0.5724969,0.7879191,0.68035835,0.73612374,0.71252525,0.3567839,0.85650784,0.5144394,0.46269038,0.59565514,0.35163265,0.50542265,0.65828586,0.4657311,-0.21492557,0.20948087,0.39570087,795.78754,751.06226,491.5751,796.1905,915.05493,-0.19879150390625,0.08856201171875,0.96392822265625,0.31402587890625,-5.81695556640625,-6.452484130859375,1.0,2.0,1.0,1.0,2.0,100.0,event
15:31:43.495,0.77679336,1.2558942,1.1112019,0.5724969,0.7879191,0.68035835,0.73612374,0.71252525,0.3567839,0.85650784,0.5144394,0.46269038,0.59565514,0.35163265,0.50542265,0.65828586,0.4657311,-0.21492557,0.20948087,0.39570087,776.04395,777.6557,487.94873,779.2674,718.4249,-0.19879150390625,0.08856201171875,0.96392822265625,0.31402587890625,-5.81695556640625,-6.452484130859375,1.0,2.0,1.0,1.0,2.0,100.0,event
15:31:43.495,0.77679336,1.2558942,1.1112019,0.5724969,0.7879191,0.68035835,0.73612374,0.71252525,0.3567839,0.85650784,0.5144394,0.46269038,0.59565514,0.35163265,0.50542265,0.65828586,0.4657311,-0.21492557,0.20948087,0.39570087,765.9707,791.75824,410.5861,764.35895,742.6007,-0.19879150390625,0.08856201171875,0.96392822265625,0.31402587890625,-5.81695556640625,-6.452484130859375,1.0,2.0,1.0,1.0,2.0,100.0,event
15:31:43.496,0.77679336,1.2558942,1.1112019,0.5724969,0.7879191,0.68035835,0.73612374,0.71252525,0.3567839,0.85650784,0.5144394,0.46269038,0.59565514,0.35163265,0.50542265,0.65828586,0.4657311,-0.21492557,0.20948087,0.39570087,757.50916,792.1612,230.4762,746.2271,799.011,-0.19879150390625,0.08856201171875,0.96392822265625,0.31402587890625,-5.81695556640625,-6.452484130859375,1.0,2.0,1.0,1.0,2.0,100.0,event
15:31:43.526,0.77679336,1.2558942,1.1112019,0.5724969,0.7879191,0.68035835,0.73612374,0.71252525,0.3567839,0.85650784,0.5144394,0.46269038,0.59565514,0.35163265,0.50542265,0.65828586,0.4657311,-0.21492557,0.20948087,0.39570087,752.674,795.78754,44.322346,727.6923,685.38464,-0.19879150390625,0.08856201171875,0.96392822265625,0.31402587890625,-5.81695556640625,-6.452484130859375,1.0,2.0,1.0,1.0,2.0,100.0,event
15:31:43.527,0.77679336,1.2558942,1.1112019,0.5724969,0.7879191,0.68035835,0.73612374,0.71252525,0.3567839,0.85650784,0.5144394,0.46269038,0.59565514,0.35163265,0.50542265,0.65828586,0.4657311,-0.21492557,0.20948087,0.39570087,738.5714,815.9341,0.0,722.8571,644.2857,-0.19879150390625,0.08856201171875,0.96392822265625,0.31402587890625,-5.81695556640625,-6.452484130859375,1.0,2.0,1.0,1.0,2.0,100.0,event
15:31:43.528,0.77679336,1.2558942,1.1112019,0.5724969,0.7879191,0.68035835,0.73612374,0.71252525,0.3567839,0.85650784,0.5144394,0.46269038,0.59565514,0.35163265,0.50542265,0.65828586,0.4657311,-0.21492557,0.20948087,0.39570087,738.97437,826.8132,7.655678,716.0073,745.42126,-0.19879150390625,0.08856201171875,0.96392822265625,0.31402587890625,-5.81695556640625,-6.452484130859375,1.0,2.0,1.0,1.0,2.0,100.0,event
15:31:43.529,0.77679336,1.2558942,1.1112019,0.5724969,0.7879191,0.68035835,0.73612374,0.71252525,0.3567839,0.85650784,0.5144394,0.46269038,0.59565514,0.35163265,0.50542265,0.65828586,0.4657311,-0.21492557,0.20948087,0.39570087,741.39197,831.6484,0.0,714.7985,823.9927,-0.19879150390625,0.08856201171875,0.96392822265625,0.31402587890625,-5.81695556640625,-6.452484130859375,1.0,2.0,1.0,1.0,2.0,100.0,event
15:31:43.530,0.77679336,1.2558942,1.1112019,0.5724969,0.7879191,0.68035835,0.73612374,0.71252525,0.3567839,0.85650784,0.5144394,0.46269038,0.59565514,0.35163265,0.50542265,0.65828586,0.4657311,-0.21492557,0.20948087,0.39570087,725.6777,843.3333,35.054947,702.3077,854.21246,-0.19879150390625,0.08856201171875,0.96392822265625,0.31402587890625,-5.81695556640625,-6.452484130859375,1.0,2.0,1.0,1.0,2.0,100.0,event
15:31:43.531,0.77679336,1.2558942,1.1112019,0.5724969,0.7879191,0.68035835,0.73612374,0.71252525,0.3567839,0.85650784,0.5144394,0.46269038,0.59565514,0.35163265,0.50542265,0.65828586,0.4657311,-0.21492557,0.20948087,0.39570087,699.0842,840.10986,132.5641,687.8022,848.5714,-0.19879150390625,0.08856201171875,0.96392822265625,0.31402587890625,-5.81695556640625,-6.452484130859375,1.0,2.0,1.0,1.0,2.0,100.0,event
15:31:43.532,0.77679336,1.2558942,1.1112019,0.5724969,0.7879191,0.68035835,0.73612374,0.71252525,0.3567839,0.85650784,0.5144394,0.46269038,0.59565514,0.35163265,0.50542265,0.65828586,0.4657311,-0.21492557,0.20948087,0.39570087,702.3077,838.49817,229.2674,694.2491,790.9524,-0.19879150390625,0.08856201171875,0.96392822265625,0.31402587890625,-5.81695556640625,-6.452484130859375,1.0,2.0,1.0,1.0,2.0,100.0,event
15:31:43.532,0.77679336,1.2558942,1.1112019,0.5724969,0.7879191,0.68035835,0.73612374,0.71252525,0.3567839,0.85650784,0.5144394,0.46269038,0.59565514,0.35163265,0.50542265,0.65828586,0.4657311,-0.21492557,0.20948087,0.39570087,705.5311,837.28937,327.17947,687.3993,1037.5458,-0.19879150390625,0.08856201171875,0.96392822265625,0.31402587890625,-5.81695556640625,-6.452484130859375,1.0,2.0,1.0,1.0,2.0,100.0,event
15:31:43.533,0.77679336,1.2558942,1.1112019,0.5724969,0.7879191,0.68035835,0.73612374,0.71252525,0.3567839,0.85650784,0.5144394,0.46269038,0.59565514,0.35163265,0.50542265,0.65828586,0.4657311,-0.21492557,0.20948087,0.39570087,715.6044,827.2161,423.07693,699.89014,1052.8572,-0.19879150390625,0.08856201171875,0.96392822265625,0.31402587890625,-5.81695556640625,-6.452484130859375,1.0,2.0,1.0,1.0,2.0,100.0,event
15:31:43.534,0.77679336,1.2558942,1.1112019,0.5724969,0.7879191,0.68035835,0.73612374,0.71252525,0.3567839,0.85650784,0.5144394,0.46269038,0.59565514,0.35163265,0.50542265,0.65828586,0.4657311,-0.21492557,0.20948087,0.39570087,743.00366,826.4103,481.0989,718.022,742.1978,-0.19879150390625,0.08856201171875,0.96392822265625,0.31402587890625,-5.81695556640625,-6.452484130859375,1.0,2.0,1.0,1.0,2.0,100.0,event
15:31:43.535,0.77679336,1.2558942,1.1112019,0.5724969,0.7879191,0.68035835,0.73612374,0.71252525,0.3567839,0.85650784,0.5144394,0.46269038,0.59565514,0.35163265,0.50542265,0.65828586,0.4657311,-0.21492557,0.20948087,0.39570087,733.73627,817.1429,525.42126,710.7692,755.4945,-0.19879150390625,0.08856201171875,0.96392822265625,0.31402587890625,-5.81695556640625,-6.452484130859375,1.0,2.0,1.0,1.0,2.0,100.0,event
15:31:43.535,0.77679336,1.2558942,1.1112019,0.5724969,0.7879191,0.68035835,0.73612374,0.71252525,0.3567839,0.85650784,0.5144394,0.46269038,0.59565514,0.35163265,0.50542265,0.65828586,0.4657311,-0.21492557,0.20948087,0.39570087,734.1392,811.0989,595.5311,710.3663,798.20514,-0.19879150390625,0.08856201171875,0.96392822265625,0.31402587890625,-5.81695556640625,-6.452484130859375,1.0,2.0,1.0,1.0,2.0,100.0,event
15:31:43.566,0.77679336,1.2558942,1.1112019,0.5724969,0.7879191,0.68035835,0.73612374,0.71252525,0.3567839,0.85650784,0.5144394,0.46269038,0.59565514,0.35163265,0.50542265,0.65828586,0.4657311,-0.21492557,0.20948087,0.39570087,757.9121,814.3223,653.1502,716.8132,739.3773,-0.225830078125,0.07623291015625,0.94415283203125,2.25799560546875,-8.575897216796875,-2.4822998046875,1.0,2.0,1.0,1.0,2.0,100.0,event
15:31:43.567,0.77679336,1.2558942,1.1112019,0.5724969,0.7879191,0.68035835,0.73612374,0.71252525,0.3567839,0.85650784,0.5144394,0.46269038,0.59565514,0.35163265,0.50542265,0.65828586,0.4657311,-0.21492557,0.20948087,0.39570087,766.3736,816.7399,684.9817,730.5128,755.4945,-0.225830078125,0.07623291015625,0.94415283203125,2.25799560546875,-8.575897216796875,-2.4822998046875,1.0,2.0,1.0,1.0,2.0,100.0,event
15:31:43.568,0.77679336,1.2558942,1.1112019,0.5724969,0.7879191,0.68035835,0.73612374,0.71252525,0.3567839,0.85650784,0.5144394,0.46269038,0.59565514,0.35163265,0.50542265,0.65828586,0.4657311,-0.21492557,0.20948087,0.39570087,767.1795,816.7399,709.9634,748.6447,811.0989,-0.225830078125,0.07623291015625,0.94415283203125,2.25799560546875,-8.575897216796875,-2.4822998046875,1.0,2.0,1.0,1.0,2.0,100.0,event
15:31:43.569,0.77679336,1.2558942,1.1112019,0.5724969,0.7879191,0.68035835,0.73612374,0.71252525,0.3567839,0.85650784,0.5144394,0.46269038,0.59565514,0.35163265,0.50542265,0.65828586,0.4657311,-0.21492557,0.20948087,0.39570087,768.3883,814.3223,752.27106,757.50916,789.7436,-0.225830078125,0.07623291015625,0.94415283203125,2.25799560546875,-8.575897216796875,-2.4822998046875,1.0,2.0,1.0,1.0,2.0,100.0,event
15:31:43.570,0.77679336,1.2558942,1.1112019,0.5724969,0.7879191,0.68035835,0.73612374,0.71252525,0.3567839,0.85650784,0.5144394,0.46269038,0.59565514,0.35163265,0.50542265,0.65828586,0.4657311,-0.21492557,0.20948087,0.39570087,769.19415,807.8755,786.1172,757.9121,709.5604,-0.225830078125,0.07623291015625,0.94415283203125,2.25799560546875,-8.575897216796875,-2.4822998046875,1.0,2.0,1.0,1.0,2.0,100.0,event
15:31:43.571,0.77679336,1.2558942,1.1112019,0.5724969,0.7879191,0.68035835,0.73612374,0.71252525,0.3567839,0.85650784,0.5144394,0.46269038,0.59565514,0.35163265,0.50542265,0.65828586,0.4657311,-0.21492557,0.20948087,0.39570087,780.07324,807.47253,796.99634,761.9414,731.31866,-0.225830078125,0.07623291015625,0.94415283203125,2.25799560546875,-8.575897216796875,-2.4822998046875,1.0,2.0,1.0,1.0,2.0,100.0,event
15:31:43.572,0.77679336,1.2558942,1.1112019,0.5724969,0.7879191,0.68035835,0.73612374,0.71252525,0.3567839,0.85650784,0.5144394,0.46269038,0.59565514,0.35163265,0.50542265,0.65828586,0.4657311,-0.21492557,0.20948087,0.39570087,797.8022,793.36993,803.44324,780.87915,969.85345,-0.225830078125,0.07623291015625,0.94415283203125,2.25799560546875,-8.575897216796875,-2.4822998046875,1.0,2.0,1.0,1.0,2.0,100.0,event
15:31:43.573,0.77679336,1.2558942,1.1112019,0.5724969,0.7879191,0.68035835,0.73612374,0.71252525,0.3567839,0.85650784,0.5144394,0.46269038,0.59565514,0.35163265,0.50542265,0.65828586,0.4657311,-0.21492557,0.20948087,0.39570087,788.93774,786.1172,817.1429,785.7143,1109.6703,-0.225830078125,0.07623291015625,0.94415283203125,2.25799560546875,-8.575897216796875,-2.4822998046875,1.0,2.0,1.0,1.0,2.0,100.0,event
15:31:43.574,0.77679336,1.2558942,1.1112019,0.5724969,0.7879191,0.68035835,0.73612374,0.71252525,0.3567839,0.85650784,0.5144394,0.46269038,0.59565514,0.35163265,0.50542265,0.65828586,0.4657311,-0.21492557,0.20948087,0.39570087,786.9231,805.05493,844.94507,772.01465,797.8022,-0.225830078125,0.07623291015625,0.94415283203125,2.25799560546875,-8.575897216796875,-2.4822998046875,1.0,2.0,1.0,1.0,2.0,100.0,event
15:31:43.575,0.77679336,1.2558942,1.1112019,0.5724969,0.7879191,0.68035835,0.73612374,0.71252525,0.3567839,0.85650784,0.5144394,0.46269038,0.59565514,0.35163265,0.50542265,0.65828586,0.4657311,-0.21492557,0.20948087,0.39570087,805.05493,805.4579,863.8828,777.25275,672.49084,-0.225830078125,0.07623291015625,0.94415283203125,2.25799560546875,-8.575897216796875,-2.4822998046875,1.0,2.0,1.0,1.0,2.0,100.0,event
15:31:43.579,0.77679336,1.2558942,1.1112019,0.5724969,0.7879191,0.68035835,0.73612374,0.71252525,0.3567839,0.85650784,0.5144394,0.46269038,0.59565514,0.35163265,0.50542265,0.65828586,0.4657311,-0.21492557,0.20948087,0.39570087,807.0696,792.5641,864.2857,788.1319,793.7729,-0.225830078125,0.07623291015625,0.94415283203125,2.25799560546875,-8.575897216796875,-2.4822998046875,1.0,2.0,1.0,1.0,2.0,100.0,event
15:31:43.580,0.77679336,1.2558942,1.1112019,0.5724969,0.7879191,0.68035835,0.73612374,0.71252525,0.3567839,0.85650784,0.5144394,0.46269038,0.59565514,0.35163265,0.50542265,0.65828586,0.4657311,-0.21492557,0.20948087,0.39570087,798.20514,791.75824,871.13556,782.0879,765.56775,-0.225830078125,0.07623291015625,0.94415283203125,2.25799560546875,-8.575897216796875,-2.4822998046875,1.0,2.0,1.0,1.0,2.0,100.0,event
15:31:43.621,0.77679336,1.2558942,1.1112019,0.5724969,0.7879191,0.68035835,0.73612374,0.71252525,0.3567839,0.85650784,0.5144394,0.46269038,0.59565514,0.35163265,0.50542265,0.65828586,0.4657311,-0.21492557,0.20948087,0.39570087,801.4286,793.36993,885.2381,787.72894,671.28204,-0.21502685546875,0.07470703125,0.951171875,4.35150146484375,-9.906768798828123,-0.897216796875,1.0,2.0,1.0,1.0,2.0,100.0,event
15:31:43.622,0.77679336,1.2558942,1.1112019,0.5724969,0.7879191,0.68035835,0.73612374,0.71252525,0.3567839,0.85650784,0.5144394,0.46269038,0.59565514,0.35163265,0.50542265,0.65828586,0.4657311,-0.21492557,0.20948087,0.39570087,812.3077,792.1612,884.43225,790.14655,716.0073,-0.21502685546875,0.07470703125,0.951171875,4.35150146484375,-9.906768798828123,-0.897216796875,1.0,2.0,1.0,1.0,2.0,100.0,event
15:31:43.624,0.77679336,1.2558942,1.1112019,0.5724969,0.7879191,0.68035835,0.73612374,0.71252525,0.3567839,0.85650784,0.5144394,0.46269038,0.59565514,0.35163265,0.50542265,0.65828586,0.4657311,-0.21492557,0.20948087,0.39570087,812.3077,791.75824,872.74725,782.8938,734.5421,-0.21502685546875,0.07470703125,0.951171875,4.35150146484375,-9.906768798828123,-0.897216796875,1.0,2.0,1.0,1.0,2.0,100.0,event
15:31:43.624,0.77679336,1.2558942,1.1112019,0.5724969,0.7879191,0.68035835,0.73612374,0.71252525,0.3567839,0.85650784,0.5144394,0.46269038,0.59565514,0.35163265,0.50542265,0.65828586,0.4657311,-0.21492557,0.20948087,0.39570087,799.81683,794.17584,869.5238,785.31134,676.52014,-0.21502685546875,0.07470703125,0.951171875,4.35150146484375,-9.906768798828123,-0.897216796875,1.0,2.0,1.0,1.0,2.0,100.0,event
15:31:43.625,0.77679336,1.2558942,1.1112019,0.5724969,0.7879191,0.68035835,0.73612374,0.71252525,0.3567839,0.85650784,0.5144394,0.46269038,0.59565514,0.35163265,0.50542265,0.65828586,0.4657311,-0.21492557,0.20948087,0.39570087,803.44324,795.38464,868.315,794.57874,689.41394,-0.21502685546875,0.07470703125,0.951171875,4.35150146484375,-9.906768798828123,-0.897216796875,1.0,2.0,1.0,1.0,2.0,100.0,event
15:31:43.626,0.77679336,1.2558942,1.1112019,0.5724969,0.7879191,0.68035835,0.73612374,0.71252525,0.3567839,0.85650784,0.5144394,0.46269038,0.59565514,0.35163265,0.50542265,0.65828586,0.4657311,-0.21492557,0.20948087,0.39570087,816.337,795.78754,861.8681,814.3223,778.86444,-0.21502685546875,0.07470703125,0.951171875,4.35150146484375,-9.906768798828123,-0.897216796875,1.0,2.0,1.0,1.0,2.0,100.0,event
15:31:43.627,0.77679336,1.2558942,1.1112019,0.5724969,0.7879191,0.68035835,0.73612374,0.71252525,0.3567839,0.85650784,0.5144394,0.46269038,0.59565514,0.35163265,0.50542265,0.65828586,0.4657311,-0.21492557,0.20948087,0.39570087,809.0842,794.17584,856.2271,805.4579,1022.23444,-0.21502685546875,0.07470703125,0.951171875,4.35150146484375,-9.906768798828123,-0.897216796875,1.0,2.0,1.0,1.0,2.0,100.0,event
15:31:43.627,0.77679336,1.2558942,1.1112019,0.5724969,0.7879191,0.68035835,0.73612374,0.71252525,0.3567839,0.85650784,0.5144394,0.46269038,0.59565514,0.35163265,0.50542265,0.65828586,0.4657311,-0.21492557,0.20948087,0.39570087,813.91943,789.34064,859.0476,792.96704,987.1795,-0.21502685546875,0.07470703125,0.951171875,4.35150146484375,-9.906768798828123,-0.897216796875,1.0,2.0,1.0,1.0,2.0,100.0,event
15:31:43.628,0.77679336,1.2558942,1.1112019,0.5724969,0.7879191,0.68035835,0.73612374,0.71252525,0.3567839,0.85650784,0.5144394,0.46269038,0.59565514,0.35163265,0.50542265,0.65828586,0.4657311,-0.21492557,0.20948087,0.39570087,816.337,789.7436,854.61536,792.5641,737.3626,-0.21502685546875,0.07470703125,0.951171875,4.35150146484375,-9.906768798828123,-0.897216796875,1.0,2.0,1.0,1.0,2.0,100.0,event
15:31:43.629,0.77679336,1.2558942,1.1112019,0.5724969,0.7879191,0.68035835,0.73612374,0.71252525,0.3567839,0.85650784,0.5144394,0.46269038,0.59565514,0.35163265,0.50542265,0.65828586,0.4657311,-0.21492557,0.20948087,0.39570087,803.8461,774.83514,839.304,806.6667,829.2308,-0.21502685546875,0.07470703125,0.951171875,4.35150146484375,-9.906768798828123,-0.897216796875,1.0,2.0,1.0,1.0,2.0,100.0,event
15:31:43.629,0.77679336,1.2558942,1.1112019,0.5724969,0.7879191,0.68035835,0.73612374,0.71252525,0.3567839,0.85650784,0.5144394,0.46269038,0.59565514,0.35163265,0.50542265,0.65828586,0.4657311,-0.21492557,0.20948087,0.39570087,801.4286,783.2967,842.9304,799.011,731.7216,-0.21502685546875,0.07470703125,0.951171875,4.35150146484375,-9.906768798828123,-0.897216796875,1.0,2.0,1.0,1.0,2.0,100.0,event
15:31:43.630,0.77679336,1.2558942,1.1112019,0.5724969,0.7879191,0.68035835,0.73612374,0.71252525,0.3567839,0.85650784,0.5144394,0.46269038,0.59565514,0.35163265,0.50542265,0.65828586,0.4657311,-0.21492557,0.20948087,0.39570087,818.3516,781.685,838.9011,809.0842,818.3516,-0.21502685546875,0.07470703125,0.951171875,4.35150146484375,-9.906768798828123,-0.897216796875,1.0,2.0,1.0,1.0,2.0,100.0,event
15:31:43.700,0.77679336,1.2558942,1.1112019,0.5724969,0.7879191,0.68035835,0.73612374,0.71252525,0.3567839,0.85650784,0.5144394,0.46269038,0.59565514,0.35163265,0.50542265,0.65828586,0.4657311,-0.21492557,0.20948087,0.39570087,810.293,776.04395,829.6337,801.02563,704.7253,-0.20111083984375,0.086181640625,0.963623046875,6.519775390625,-8.00018310546875,-0.0,1.0,2.0,1.0,1.0,2.0,100.0,event
15:31:43.701,0.77679336,1.2558942,1.1112019,0.5724969,0.7879191,0.68035835,0.73612374,0.71252525,0.3567839,0.85650784,0.5144394,0.46269038,0.59565514,0.35163265,0.50542265,0.65828586,0.4657311,-0.21492557,0.20948087,0.39570087,808.68134,769.59705,822.7839,783.2967,794.57874,-0.20111083984375,0.086181640625,0.963623046875,6.519775390625,-8.00018310546875,-0.0,1.0,2.0,1.0,1.0,2.0,100.0,event
15:31:43.702,0.77679336,1.2558942,1.1112019,0.5724969,0.7879191,0.68035835,0.73612374,0.71252525,0.3567839,0.85650784,0.5144394,0.46269038,0.59565514,0.35163265,0.50542265,0.65828586,0.4657311,-0.21492557,0.20948087,0.39570087,823.9927,785.7143,817.5458,794.9817,883.6264,-0.20111083984375,0.086181640625,0.963623046875,6.519775390625,-8.00018310546875,-0.0,1.0,2.0,1.0,1.0,2.0,100.0,event
15:31:43.703,0.77679336,1.2558942,1.1112019,0.5724969,0.7879191,0.68035835,0.73612374,0.71252525,0.3567839,0.85650784,0.5144394,0.46269038,0.59565514,0.35163265,0.50542265,0.65828586,0.4657311,-0.21492557,0.20948087,0.39570087,822.381,797.8022,830.0366,811.50183,783.69965,-0.20111083984375,0.086181640625,0.963623046875,6.519775390625,-8.00018310546875,-0.0,1.0,2.0,1.0,1.0,2.0,100.0,event
15:31:43.703,0.77679336,1.2558942,1.1112019,0.5724969,0.7879191,0.68035835,0.73612374,0.71252525,0.3567839,0.85650784,0.5144394,0.46269038,0.59565514,0.35163265,0.50542265,0.65828586,0.4657311,-0.21492557,0.20948087,0.39570087,831.2454,794.9817,832.0513,817.5458,714.3956,-0.20111083984375,0.086181640625,0.963623046875,6.519775390625,-8.00018310546875,-0.0,1.0,2.0,1.0,1.0,2.0,100.0,event
15:31:43.704,0.77679336,1.2558942,1.1112019,0.5724969,0.7879191,0.68035835,0.73612374,0.71252525,0.3567839,0.85650784,0.5144394,0.46269038,0.59565514,0.35163265,0.50542265,0.65828586,0.4657311,-0.21492557,0.20948087,0.39570087,821.1722,782.0879,814.3223,808.2784,879.59705,-0.20111083984375,0.086181640625,0.963623046875,6.519775390625,-8.00018310546875,-0.0,1.0,2.0,1.0,1.0,2.0,100.0,event
15:31:43.705,0.77679336,1.2558942,1.1112019,0.5724969,0.7879191,0.68035835,0.73612374,0.71252525,0.3567839,0.85650784,0.5144394,0.46269038,0.59565514,0.35163265,0.50542265,0.65828586,0.4657311,-0.21492557,0.20948087,0.39570087,807.47253,772.8205,806.6667,795.38464,1029.4872,-0.20111083984375,0.086181640625,0.963623046875,6.519775390625,-8.00018310546875,-0.0,1.0,2.0,1.0,1.0,2.0,100.0,event
15:31:43.706,0.77679336,1.2558942,1.1112019,0.5724969,0.7879191,0.68035835,0.73612374,0.71252525,0.3567839,0.85650784,0.5144394,0.46269038,0.59565514,0.35163265,0.50542265,0.65828586,0.4657311,-0.21492557,0.20948087,0.39570087,825.6044,781.685,796.99634,818.7546,742.1978,-0.20111083984375,0.086181640625,0.963623046875,6.519775390625,-8.00018310546875,-0.0,1.0,2.0,1.0,1.0,2.0,100.0,event
15:31:43.706,0.77679336,1.2558942,1.1112019,0.5724969,0.7879191,0.68035835,0.73612374,0.71252525,0.3567839,0.85650784,0.5144394,0.46269038,0.59565514,0.35163265,0.50542265,0.65828586,0.4657311,-0.21492557,0.20948087,0.39570087,816.337,782.0879,807.8755,806.26373,809.0842,-0.20111083984375,0.086181640625,0.963623046875,6.519775390625,-8.00018310546875,-0.0,1.0,2.0,1.0,1.0,2.0,100.0,event
15:31:43.707,0.77679336,1.2558942,1.1112019,0.5724969,0.7879191,0.68035835,0.73612374,0.71252525,0.3567839,0.85650784,0.5144394,0.46269038,0.59565514,0.35163265,0.50542265,0.65828586,0.4657311,-0.21492557,0.20948087,0.39570087,830.0366,776.4469,781.685,821.5751,866.7033,-0.20111083984375,0.086181640625,0.963623046875,6.519775390625,-8.00018310546875,-0.0,1.0,2.0,1.0,1.0,2.0,100.0,event
15:31:43.708,0.77679336,1.2558942,1.1112019,0.5724969,0.7879191,0.68035835,0.73612374,0.71252525,0.3567839,0.85650784,0.5144394,0.46269038,0.59565514,0.35163265,0.50542265,0.65828586,0.4657311,-0.21492557,0.20948087,0.39570087,819.5604,784.10254,783.69965,826.4103,836.08057,-0.20111083984375,0.086181640625,0.963623046875,6.519775390625,-8.00018310546875,-0.0,1.0,2.0,1.0,1.0,2.0,100.0,event
15:31:43.709,0.77679336,1.2558942,1.1112019,0.5724969,0.7879191,0.68035835,0.73612374,0.71252525,0.3567839,0.85650784,0.5144394,0.46269038,0.59565514,0.35163265,0.50542265,0.65828586,0.4657311,-0.21492557,0.20948087,0.39570087,814.3223,781.685,787.72894,833.2601,676.52014,-0.20111083984375,0.086181640625,0.963623046875,6.519775390625,-8.00018310546875,-0.0,1.0,2.0,1.0,1.0,2.0,100.0,event
15:31:43.711,,,,,,,,,,,,,,,,,,,,,,,,,,,,,,,,,,,,,,blink
15:31:43.735,0.77679336,1.2558942,1.1112019,0.5724969,0.7879191,0.68035835,0.73612374,0.71252525,0.3567839,0.85650784,0.5144394,0.46269038,0.59565514,0.35163265,0.50542265,0.65828586,0.4657311,-0.21492557,0.20948087,0.39570087,819.5604,769.19415,781.28204,836.8865,698.68134,-0.19366455078125,0.0980224609375,0.9639892578125,6.14593505859375,-6.168365478515625,1.203765869140625,1.0,2.0,1.0,1.0,2.0,100.0,event
15:31:43.736,0.77679336,1.2558942,1.1112019,0.5724969,0.7879191,0.68035835,0.73612374,0.71252525,0.3567839,0.85650784,0.5144394,0.46269038,0.59565514,0.35163265,0.50542265,0.65828586,0.4657311,-0.21492557,0.20948087,0.39570087,810.293,772.8205,773.22345,826.0073,751.06226,-0.19366455078125,0.0980224609375,0.9639892578125,6.14593505859375,-6.168365478515625,1.203765869140625,1.0,2.0,1.0,1.0,2.0,100.0,event
15:31:43.737,0.77679336,1.2558942,1.1112019,0.5724969,0.7879191,0.68035835,0.73612374,0.71252525,0.3567839,0.85650784,0.5144394,0.46269038,0.59565514,0.35163265,0.50542265,0.65828586,0.4657311,-0.21492557,0.20948087,0.39570087,806.6667,778.0586,783.2967,809.89014,811.0989,-0.19366455078125,0.0980224609375,0.9639892578125,6.14593505859375,-6.168365478515625,1.203765869140625,1.0,2.0,1.0,1.0,2.0,100.0,event
15:31:43.738,0.77679336,1.2558942,1.1112019,0.5724969,0.7879191,0.68035835,0.73612374,0.71252525,0.3567839,0.85650784,0.5144394,0.46269038,0.59565514,0.35163265,0.50542265,0.65828586,0.4657311,-0.21492557,0.20948087,0.39570087,819.15753,783.69965,799.41394,799.011,782.0879,-0.19366455078125,0.0980224609375,0.9639892578125,6.14593505859375,-6.168365478515625,1.203765869140625,1.0,2.0,1.0,1.0,2.0,100.0,event
15:31:43.739,0.77679336,1.2558942,1.1112019,0.5724969,0.7879191,0.68035835,0.73612374,0.71252525,0.3567839,0.85650784,0.5144394,0.46269038,0.59565514,0.35163265,0.50542265,0.65828586,0.4657311,-0.21492557,0.20948087,0.39570087,830.0366,782.49084,805.05493,814.3223,686.1905,-0.19366455078125,0.0980224609375,0.9639892578125,6.14593505859375,-6.168365478515625,1.203765869140625,1.0,2.0,1.0,1.0,2.0,100.0,event
15:31:43.740,0.77679336,1.2558942,1.1112019,0.5724969,0.7879191,0.68035835,0.73612374,0.71252525,0.3567839,0.85650784,0.5144394,0.46269038,0.59565514,0.35163265,0.50542265,0.65828586,0.4657311,-0.21492557,0.20948087,0.39570087,831.6484,788.5348,802.6374,814.7253,1131.8315,-0.19366455078125,0.0980224609375,0.9639892578125,6.14593505859375,-6.168365478515625,1.203765869140625,1.0,2.0,1.0,1.0,2.0,100.0,event
15:31:43.740,0.77679336,1.2558942,1.1112019,0.5724969,0.7879191,0.68035835,0.73612374,0.71252525,0.3567839,0.85650784,0.5144394,0.46269038,0.59565514,0.35163265,0.50542265,0.65828586,0.4657311,-0.21492557,0.20948087,0.39570087,828.8278,778.46155,794.57874,817.9487,1025.8608,-0.19366455078125,0.0980224609375,0.9639892578125,6.14593505859375,-6.168365478515625,1.203765869140625,1.0,2.0,1.0,1.0,2.0,100.0,event
15:31:43.742,0.77679336,1.2558942,1.1112019,0.5724969,0.7879191,0.68035835,0.73612374,0.71252525,0.3567839,0.85650784,0.5144394,0.46269038,0.59565514,0.35163265,0.50542265,0.65828586,0.4657311,-0.21492557,0.20948087,0.39570087,829.2308,800.2198,802.23444,817.9487,772.01465,-0.19366455078125,0.0980224609375,0.9639892578125,6.14593505859375,-6.168365478515625,1.203765869140625,1.0,2.0,1.0,1.0,2.0,100.0,event
15:31:43.743,0.77679336,1.2558942,1.1112019,0.5724969,0.7879191,0.68035835,0.73612374,0.71252525,0.3567839,0.85650784,0.5144394,0.46269038,0.59565514,0.35163265,0.50542265,0.65828586,0.4657311,-0.21492557,0.20948087,0.39570087,825.2015,802.23444,778.86444,820.7692,756.7033,-0.19366455078125,0.0980224609375,0.9639892578125,6.14593505859375,-6.168365478515625,1.203765869140625,1.0,2.0,1.0,1.0,2.0,100.0,event
15:31:43.744,0.77679336,1.2558942,1.1112019,0.5724969,0.7879191,0.68035835,0.73612374,0.71252525,0.3567839,0.85650784,0.5144394,0.46269038,0.59565514,0.35163265,0.50542265,0.65828586,0.4657311,-0.21492557,0.20948087,0.39570087,806.6667,802.23444,762.74725,817.9487,830.0366,-0.19366455078125,0.0980224609375,0.9639892578125,6.14593505859375,-6.168365478515625,1.203765869140625,1.0,2.0,1.0,1.0,2.0,100.0,event
15:31:43.745,0.77679336,1.2558942,1.1112019,0.5724969,0.7879191,0.68035835,0.73612374,0.71252525,0.3567839,0.85650784,0.5144394,0.46269038,0.59565514,0.35163265,0.50542265,0.65828586,0.4657311,-0.21492557,0.20948087,0.39570087,805.4579,805.4579,750.2564,812.3077,774.0293,-0.19366455078125,0.0980224609375,0.9639892578125,6.14593505859375,-6.168365478515625,1.203765869140625,1.0,2.0,1.0,1.0,2.0,100.0,event
15:31:43.746,0.77679336,1.2558942,1.1112019,0.5724969,0.7879191,0.68035835,0.73612374,0.71252525,0.3567839,0.85650784,0.5144394,0.46269038,0.59565514,0.35163265,0.50542265,0.65828586,0.4657311,-0.21492557,0.20948087,0.39570087,813.1135,803.8461,753.0769,819.5604,675.31134,-0.19366455078125,0.0980224609375,0.9639892578125,6.14593505859375,-6.168365478515625,1.203765869140625,1.0,2.0,1.0,1.0,2.0,100.0,event
15:31:43.747,0.77679336,1.2558942,1.1112019,0.5724969,0.7879191,0.68035835,0.73612374,0.71252525,0.3567839,0.85650784,0.5144394,0.46269038,0.59565514,0.35163265,0.50542265,0.65828586,0.4657311,-0.21492557,0.20948087,0.39570087,815.5311,802.6374,744.61536,810.696,789.34064,-0.19366455078125,0.0980224609375,0.9639892578125,6.14593505859375,-6.168365478515625,1.203765869140625,1.0,2.0,1.0,1.0,2.0,100.0,event
15:31:43.748,0.77679336,1.2558942,1.1112019,0.5724969,0.7879191,0.68035835,0.73612374,0.71252525,0.3567839,0.85650784,0.5144394,0.46269038,0.59565514,0.35163265,0.50542265,0.65828586,0.4657311,-0.21492557,0.20948087,0.39570087,829.2308,802.23444,736.1539,806.26373,923.1135,-0.19366455078125,0.0980224609375,0.9639892578125,6.14593505859375,-6.168365478515625,1.203765869140625,1.0,2.0,1.0,1.0,2.0,100.0,event
15:31:43.749,0.77679336,1.2558942,1.1112019,0.5724969,0.7879191,0.68035835,0.73612374,0.71252525,0.3567839,0.85650784,0.5144394,0.46269038,0.59565514,0.35163265,0.50542265,0.65828586,0.4657311,-0.21492557,0.20948087,0.39570087,820.3663,801.4286,743.4066,804.65204,762.3443,-0.19366455078125,0.0980224609375,0.9639892578125,6.14593505859375,-6.168365478515625,1.203765869140625,1.0,2.0,1.0,1.0,2.0,100.0,event
15:31:43.750,0.77679336,1.2558942,1.1112019,0.5724969,0.7879191,0.68035835,0.73612374,0.71252525,0.3567839,0.85650784,0.5144394,0.46269038,0.59565514,0.35163265,0.50542265,0.65828586,0.4657311,-0.21492557,0.20948087,0.39570087,790.9524,805.8608,726.08057,799.41394,747.8388,-0.19366455078125,0.0980224609375,0.9639892578125,6.14593505859375,-6.168365478515625,1.203765869140625,1.0,2.0,1.0,1.0,2.0,100.0,event
15:31:43.751,0.77679336,1.2558942,1.1112019,0.5724969,0.7879191,0.68035835,0.73612374,0.71252525,0.3567839,0.85650784,0.5144394,0.46269038,0.59565514,0.35163265,0.50542265,0.65828586,0.4657311,-0.21492557,0.20948087,0.39570087,802.23444,808.2784,704.7253,801.4286,858.6447,-0.19366455078125,0.0980224609375,0.9639892578125,6.14593505859375,-6.168365478515625,1.203765869140625,1.0,2.0,1.0,1.0,2.0,100.0,event
15:31:43.752,0.77679336,1.2558942,1.1112019,0.5724969,0.7879191,0.68035835,0.73612374,0.71252525,0.3567839,0.85650784,0.5144394,0.46269038,0.59565514,0.35163265,0.50542265,0.65828586,0.4657311,-0.21492557,0.20948087,0.39570087,842.52747,799.81683,699.0842,818.7546,898.5348,-0.19366455078125,0.0980224609375,0.9639892578125,6.14593505859375,-6.168365478515625,1.203765869140625,1.0,2.0,1.0,1.0,2.0,100.0,event
15:31:43.753,0.77679336,1.2558942,1.1112019,0.5724969,0.7879191,0.68035835,0.73612374,0.71252525,0.3567839,0.85650784,0.5144394,0.46269038,0.59565514,0.35163265,0.50542265,0.65828586,0.4657311,-0.21492557,0.20948087,0.39570087,837.28937,797.3993,676.9231,816.7399,855.42126,-0.19366455078125,0.0980224609375,0.9639892578125,6.14593505859375,-6.168365478515625,1.203765869140625,1.0,2.0,1.0,1.0,2.0,100.0,event
15:31:43.756,0.77679336,1.2558942,1.1112019,0.5724969,0.7879191,0.68035835,0.73612374,0.71252525,0.3567839,0.85650784,0.5144394,0.46269038,0.59565514,0.35163265,0.50542265,0.65828586,0.4657311,-0.21492557,0.20948087,0.39570087,825.2015,790.54944,664.0293,821.978,793.36993,-0.19366455078125,0.0980224609375,0.9639892578125,6.14593505859375,-6.168365478515625,1.203765869140625,1.0,2.0,1.0,1.0,2.0,100.0,event
15:31:43.758,0.77679336,1.2558942,1.1112019,0.5724969,0.7879191,0.68035835,0.73612374,0.71252525,0.3567839,0.85650784,0.5144394,0.46269038,0.59565514,0.35163265,0.50542265,0.65828586,0.4657311,-0.21492557,0.20948087,0.39570087,817.9487,778.46155,670.07324,820.7692,871.9414,-0.19366455078125,0.0980224609375,0.9639892578125,6.14593505859375,-6.168365478515625,1.203765869140625,1.0,2.0,1.0,1.0,2.0,100.0,event
15:31:43.759,0.77679336,1.2558942,1.1112019,0.5724969,0.7879191,0.68035835,0.73612374,0.71252525,0.3567839,0.85650784,0.5144394,0.46269038,0.59565514,0.35163265,0.50542265,0.65828586,0.4657311,-0.21492557,0.20948087,0.39570087,823.1868,780.07324,674.10254,817.1429,1042.7839,-0.19366455078125,0.0980224609375,0.9639892578125,6.14593505859375,-6.168365478515625,1.203765869140625,1.0,2.0,1.0,1.0,2.0,100.0,event
15:31:43.760,0.77679336,1.2558942,1.1112019,0.5724969,0.7879191,0.68035835,0.73612374,0.71252525,0.3567839,0.85650784,0.5144394,0.46269038,0.59565514,0.35163265,0.50542265,0.65828586,0.4657311,-0.21492557,0.20948087,0.39570087,821.1722,794.9817,691.8315,814.7253,820.3663,-0.19366455078125,0.0980224609375,0.9639892578125,6.14593505859375,-6.168365478515625,1.203765869140625,1.0,2.0,1.0,1.0,2.0,100.0,event
15:31:43.761,0.77679336,1.2558942,1.1112019,0.5724969,0.7879191,0.68035835,0.73612374,0.71252525,0.3567839,0.85650784,0.5144394,0.46269038,0.59565514,0.35163265,0.50542265,0.65828586,0.4657311,-0.21492557,0.20948087,0.39570087,813.1135,793.36993,692.23444,811.0989,671.685,-0.19366455078125,0.0980224609375,0.9639892578125,6.14593505859375,-6.168365478515625,1.203765869140625,1.0,2.0,1.0,1.0,2.0,100.0,event
15:31:43.821,0.77679336,1.2558942,1.1112019,0.5724969,0.7879191,0.68035835,0.73612374,0.71252525,0.3567839,0.85650784,0.5144394,0.46269038,0.59565514,0.35163265,0.50542265,0.65828586,0.4657311,-0.21492557,0.20948087,0.39570087,803.8461,784.5055,691.02563,819.5604,737.3626,-0.191650390625,0.11236572265625,0.96337890625,5.45806884765625,-5.4132080078125,1.80938720703125,1.0,2.0,1.0,1.0,2.0,100.0,event
15:31:43.823,0.77679336,1.3004171,1.1112019,0.5724969,0.7879191,0.6932434,0.73612374,0.71252525,0.3567839,0.84997046,0.5144394,0.46269038,0.59565514,0.33166048,0.50542265,0.65828586,0.4657311,-0.22344033,0.20948087,0.39570087,802.6374,788.93774,689.81683,827.619,729.707,-0.191650390625,0.11236572265625,0.96337890625,5.45806884765625,-5.4132080078125,1.80938720703125,1.0,2.0,1.0,1.0,2.0,100.0,event
15:31:43.827,0.77679336,1.3004171,1.1112019,0.5724969,0.7879191,0.6932434,0.73612374,0.71252525,0.3567839,0.84997046,0.5144394,0.46269038,0.59565514,0.33166048,0.50542265,0.65828586,0.4657311,-0.22344033,0.20948087,0.39570087,812.71063,782.0879,648.71796,810.696,701.0989,-0.191650390625,0.11236572265625,0.96337890625,5.45806884765625,-5.4132080078125,1.80938720703125,1.0,2.0,1.0,1.0,2.0,100.0,event
15:31:43.827,0.77679336,1.3004171,1.1112019,0.5724969,0.7879191,0.6932434,0.73612374,0.71252525,0.3567839,0.84997046,0.5144394,0.46269038,0.59565514,0.33166048,0.50542265,0.65828586,0.4657311,-0.22344033,0.20948087,0.39570087,815.5311,787.326,670.4762,829.6337,692.6374,-0.191650390625,0.11236572265625,0.96337890625,5.45806884765625,-5.4132080078125,1.80938720703125,1.0,2.0,1.0,1.0,2.0,100.0,event
15:31:43.828,0.77679336,1.3004171,1.1112019,0.5724969,0.7879191,0.6932434,0.73612374,0.71252525,0.3567839,0.84997046,0.5144394,0.46269038,0.59565514,0.33166048,0.50542265,0.65828586,0.4657311,-0.22344033,0.20948087,0.39570087,807.8755,789.7436,687.8022,803.8461,741.39197,-0.191650390625,0.11236572265625,0.96337890625,5.45806884765625,-5.4132080078125,1.80938720703125,1.0,2.0,1.0,1.0,2.0,100.0,event
15:31:43.829,0.77679336,1.3004171,1.1112019,0.5724969,0.7879191,0.6932434,0.73612374,0.71252525,0.3567839,0.84997046,0.5144394,0.46269038,0.59565514,0.33166048,0.50542265,0.65828586,0.4657311,-0.22344033,0.20948087,0.39570087,797.8022,791.3553,745.0183,805.05493,797.8022,-0.191650390625,0.11236572265625,0.96337890625,5.45806884765625,-5.4132080078125,1.80938720703125,1.0,2.0,1.0,1.0,2.0,100.0,event
15:31:43.829,0.77679336,1.3004171,1.1112019,0.5724969,0.7879191,0.6932434,0.73612374,0.71252525,0.3567839,0.84997046,0.5144394,0.46269038,0.59565514,0.33166048,0.50542265,0.65828586,0.4657311,-0.22344033,0.20948087,0.39570087,799.011,797.3993,769.59705,799.81683,856.63007,-0.191650390625,0.11236572265625,0.96337890625,5.45806884765625,-5.4132080078125,1.80938720703125,1.0,2.0,1.0,1.0,2.0,100.0,event
15:31:43.830,0.77679336,1.3004171,1.1112019,0.5724969,0.7879191,0.6932434,0.73612374,0.71252525,0.3567839,0.84997046,0.5144394,0.46269038,0.59565514,0.33166048,0.50542265,0.65828586,0.4657311,-0.22344033,0.20948087,0.39570087,799.41394,797.8022,788.93774,792.5641,834.87177,-0.191650390625,0.11236572265625,0.96337890625,5.45806884765625,-5.4132080078125,1.80938720703125,1.0,2.0,1.0,1.0,2.0,100.0,event
15:31:43.831,0.77679336,1.3004171,1.1112019,0.5724969,0.7879191,0.6932434,0.73612374,0.71252525,0.3567839,0.84997046,0.5144394,0.46269038,0.59565514,0.33166048,0.50542265,0.65828586,0.4657311,-0.22344033,0.20948087,0.39570087,792.5641,784.10254,796.99634,800.2198,1047.619,-0.191650390625,0.11236572265625,0.96337890625,5.45806884765625,-5.4132080078125,1.80938720703125,1.0,2.0,1.0,1.0,2.0,100.0,event
15:31:43.831,0.77679336,1.3004171,1.1112019,0.5724969,0.7879191,0.6932434,0.73612374,0.71252525,0.3567839,0.84997046,0.5144394,0.46269038,0.59565514,0.33166048,0.50542265,0.65828586,0.4657311,-0.22344033,0.20948087,0.39570087,800.6227,779.67035,824.3956,807.8755,1045.6044,-0.191650390625,0.11236572265625,0.96337890625,5.45806884765625,-5.4132080078125,1.80938720703125,1.0,2.0,1.0,1.0,2.0,100.0,event
15:31:43.832,0.77679336,1.3004171,1.1112019,0.5724969,0.7879191,0.6932434,0.73612374,0.71252525,0.3567839,0.84997046,0.5144394,0.46269038,0.59565514,0.33166048,0.50542265,0.65828586,0.4657311,-0.22344033,0.20948087,0.39570087,822.7839,788.5348,830.84247,805.8608,701.0989,-0.191650390625,0.11236572265625,0.96337890625,5.45806884765625,-5.4132080078125,1.80938720703125,1.0,2.0,1.0,1.0,2.0,100.0,event
15:31:43.833,0.77679336,1.3004171,1.1112019,0.5724969,0.7879191,0.6932434,0.73612374,0.71252525,0.3567839,0.84997046,0.5144394,0.46269038,0.59565514,0.33166048,0.50542265,0.65828586,0.4657311,-0.22344033,0.20948087,0.39570087,813.1135,796.1905,805.4579,803.8461,794.57874,-0.191650390625,0.11236572265625,0.96337890625,5.45806884765625,-5.4132080078125,1.80938720703125,1.0,2.0,1.0,1.0,2.0,100.0,event
15:31:43.877,0.77679336,1.3004171,1.1112019,0.5724969,0.7879191,0.6932434,0.73612374,0.71252525,0.3567839,0.84997046,0.5144394,0.46269038,0.59565514,0.33166048,0.50542265,0.65828586,0.4657311,-0.22344033,0.20948087,0.39570087,791.75824,787.72894,790.54944,799.81683,835.6777,-0.19171142578125,0.1170654296875,0.9676513671875,3.641204833984375,-5.076751708984375,1.173858642578125,1.0,2.0,1.0,1.0,2.0,100.0,event
15:31:43.878,0.77679336,1.3004171,1.1112019,0.5724969,0.7879191,0.6932434,0.73612374,0.71252525,0.3567839,0.84997046,0.5144394,0.46269038,0.59565514,0.33166048,0.50542265,0.65828586,0.4657311,-0.22344033,0.20948087,0.39570087,823.5897,781.685,786.52014,808.68134,727.28937,-0.19171142578125,0.1170654296875,0.9676513671875,3.641204833984375,-5.076751708984375,1.173858642578125,1.0,2.0,1.0,1.0,2.0,100.0,event
15:31:43.879,0.77679336,1.3004171,1.1112019,0.5724969,0.7879191,0.6932434,0.73612374,0.71252525,0.3567839,0.84997046,0.5144394,0.46269038,0.59565514,0.33166048,0.50542265,0.65828586,0.4657311,-0.22344033,0.20948087,0.39570087,832.0513,774.43225,784.90845,817.5458,716.8132,-0.19171142578125,0.1170654296875,0.9676513671875,3.641204833984375,-5.076751708984375,1.173858642578125,1.0,2.0,1.0,1.0,2.0,100.0,event
15:31:43.879,0.77679336,1.3004171,1.1112019,0.5724969,0.7879191,0.6932434,0.73612374,0.71252525,0.3567839,0.84997046,0.5144394,0.46269038,0.59565514,0.33166048,0.50542265,0.65828586,0.4657311,-0.22344033,0.20948087,0.39570087,835.2747,765.9707,772.8205,811.9048,747.4359,-0.19171142578125,0.1170654296875,0.9676513671875,3.641204833984375,-5.076751708984375,1.173858642578125,1.0,2.0,1.0,1.0,2.0,100.0,event
15:31:43.880,0.77679336,1.3004171,1.1112019,0.5724969,0.7879191,0.6932434,0.73612374,0.71252525,0.3567839,0.84997046,0.5144394,0.46269038,0.59565514,0.33166048,0.50542265,0.65828586,0.4657311,-0.22344033,0.20948087,0.39570087,825.2015,791.75824,755.89746,794.57874,749.0476,-0.19171142578125,0.1170654296875,0.9676513671875,3.641204833984375,-5.076751708984375,1.173858642578125,1.0,2.0,1.0,1.0,2.0,100.0,event
15:31:43.881,0.77679336,1.3004171,1.1112019,0.5724969,0.7879191,0.6932434,0.73612374,0.71252525,0.3567839,0.84997046,0.5144394,0.46269038,0.59565514,0.33166048,0.50542265,0.65828586,0.4657311,-0.22344033,0.20948087,0.39570087,800.2198,805.8608,738.97437,785.7143,784.5055,-0.19171142578125,0.1170654296875,0.9676513671875,3.641204833984375,-5.076751708984375,1.173858642578125,1.0,2.0,1.0,1.0,2.0,100.0,event
15:31:43.882,0.77679336,1.3004171,1.1112019,0.5724969,0.7879191,0.6932434,0.73612374,0.71252525,0.3567839,0.84997046,0.5144394,0.46269038,0.59565514,0.33166048,0.50542265,0.65828586,0.4657311,-0.22344033,0.20948087,0.39570087,815.9341,794.17584,726.08057,803.0403,751.4652,-0.19171142578125,0.1170654296875,0.9676513671875,3.641204833984375,-5.076751708984375,1.173858642578125,1.0,2.0,1.0,1.0,2.0,100.0,event
15:31:43.882,0.77679336,1.3004171,1.1112019,0.5724969,0.7879191,0.6932434,0.73612374,0.71252525,0.3567839,0.84997046,0.5144394,0.46269038,0.59565514,0.33166048,0.50542265,0.65828586,0.4657311,-0.22344033,0.20948087,0.39570087,822.381,786.52014,718.022,821.5751,890.4762,-0.19171142578125,0.1170654296875,0.9676513671875,3.641204833984375,-5.076751708984375,1.173858642578125,1.0,2.0,1.0,1.0,2.0,100.0,event
15:31:43.883,0.77679336,1.3004171,1.1112019,0.5724969,0.7879191,0.6932434,0.73612374,0.71252525,0.3567839,0.84997046,0.5144394,0.46269038,0.59565514,0.33166048,0.50542265,0.65828586,0.4657311,-0.22344033,0.20948087,0.39570087,796.1905,786.52014,733.3333,810.696,1033.5165,-0.19171142578125,0.1170654296875,0.9676513671875,3.641204833984375,-5.076751708984375,1.173858642578125,1.0,2.0,1.0,1.0,2.0,100.0,event
15:31:43.884,0.77679336,1.3004171,1.1112019,0.5724969,0.7879191,0.6932434,0.73612374,0.71252525,0.3567839,0.84997046,0.5144394,0.46269038,0.59565514,0.33166048,0.50542265,0.65828586,0.4657311,-0.22344033,0.20948087,0.39570087,778.86444,791.3553,760.32965,797.3993,777.6557,-0.19171142578125,0.1170654296875,0.9676513671875,3.641204833984375,-5.076751708984375,1.173858642578125,1.0,2.0,1.0,1.0,2.0,100.0,event
15:31:43.885,0.77679336,1.3004171,1.1112019,0.5724969,0.7879191,0.6932434,0.73612374,0.71252525,0.3567839,0.84997046,0.5144394,0.46269038,0.59565514,0.33166048,0.50542265,0.65828586,0.4657311,-0.22344033,0.20948087,0.39570087,789.34064,788.93774,762.3443,794.9817,674.5055,-0.19171142578125,0.1170654296875,0.9676513671875,3.641204833984375,-5.076751708984375,1.173858642578125,1.0,2.0,1.0,1.0,2.0,100.0,event
15:31:43.885,0.77679336,1.3004171,1.1112019,0.5724969,0.7879191,0.6932434,0.73612374,0.71252525,0.3567839,0.84997046,0.5144394,0.46269038,0.59565514,0.33166048,0.50542265,0.65828586,0.4657311,-0.22344033,0.20948087,0.39570087,808.2784,786.9231,767.5824,799.011,811.50183,-0.19171142578125,0.1170654296875,0.9676513671875,3.641204833984375,-5.076751708984375,1.173858642578125,1.0,2.0,1.0,1.0,2.0,100.0,event
15:31:43.927,0.77679336,1.3004171,1.1112019,0.5724969,0.7879191,0.6932434,0.73612374,0.71252525,0.3567839,0.84997046,0.5144394,0.46269038,0.59565514,0.33166048,0.50542265,0.65828586,0.4657311,-0.22344033,0.20948087,0.39570087,803.0403,788.93774,784.10254,813.1135,802.6374,-0.19207763671875,0.11181640625,0.9771728515625,2.10845947265625,-4.90478515625,0.9869384765625,1.0,2.0,1.0,1.0,2.0,100.0,event
15:31:43.928,0.77679336,1.3004171,1.1112019,0.5724969,0.7879191,0.6932434,0.73612374,0.71252525,0.3567839,0.84997046,0.5144394,0.46269038,0.59565514,0.33166048,0.50542265,0.65828586,0.4657311,-0.22344033,0.20948087,0.39570087,805.8608,793.36993,795.38464,810.696,658.7912,-0.19207763671875,0.11181640625,0.9771728515625,2.10845947265625,-4.90478515625,0.9869384765625,1.0,2.0,1.0,1.0,2.0,100.0,event
15:31:43.928,0.77679336,1.3004171,1.1112019,0.5724969,0.7879191,0.6932434,0.73612374,0.71252525,0.3567839,0.84997046,0.5144394,0.46269038,0.59565514,0.33166048,0.50542265,0.65828586,0.4657311,-0.22344033,0.20948087,0.39570087,816.7399,794.17584,775.64105,801.4286,642.27106,-0.19207763671875,0.11181640625,0.9771728515625,2.10845947265625,-4.90478515625,0.9869384765625,1.0,2.0,1.0,1.0,2.0,100.0,event
15:31:43.929,0.77679336,1.3450184,1.1112019,0.5724969,0.7879191,0.69143933,0.73612374,0.71252525,0.3567839,0.8005545,0.5144394,0.46269038,0.59565514,0.33796024,0.50542265,0.65828586,0.4657311,-0.21193549,0.20948087,0.39570087,810.293,793.36993,749.85345,806.26373,752.674,-0.19207763671875,0.11181640625,0.9771728515625,2.10845947265625,-4.90478515625,0.9869384765625,1.0,2.0,1.0,1.0,2.0,100.0,event
15:31:43.933,0.77679336,1.3450184,1.1112019,0.5724969,0.7879191,0.69143933,0.73612374,0.71252525,0.3567839,0.8005545,0.5144394,0.46269038,0.59565514,0.33796024,0.50542265,0.65828586,0.4657311,-0.21193549,0.20948087,0.39570087,809.0842,798.60803,748.6447,811.50183,778.0586,-0.19207763671875,0.11181640625,0.9771728515625,2.10845947265625,-4.90478515625,0.9869384765625,1.0,2.0,1.0,1.0,2.0,100.0,event
15:31:43.934,0.77679336,1.3450184,1.1112019,0.5724969,0.7879191,0.69143933,0.73612374,0.71252525,0.3567839,0.8005545,0.5144394,0.46269038,0.59565514,0.33796024,0.50542265,0.65828586,0.4657311,-0.21193549,0.20948087,0.39570087,806.6667,796.5934,739.7802,814.7253,837.28937,-0.19207763671875,0.11181640625,0.9771728515625,2.10845947265625,-4.90478515625,0.9869384765625,1.0,2.0,1.0,1.0,2.0,100.0,event
15:31:43.934,0.77679336,1.3450184,1.1112019,0.5724969,0.7879191,0.69143933,0.73612374,0.71252525,0.3567839,0.8005545,0.5144394,0.46269038,0.59565514,0.33796024,0.50542265,0.65828586,0.4657311,-0.21193549,0.20948087,0.39570087,807.47253,787.326,727.6923,805.8608,845.7509,-0.19207763671875,0.11181640625,0.9771728515625,2.10845947265625,-4.90478515625,0.9869384765625,1.0,2.0,1.0,1.0,2.0,100.0,event
15:31:43.935,0.77679336,1.3450184,1.1112019,0.5724969,0.7879191,0.69143933,0.73612374,0.71252525,0.3567839,0.8005545,0.5144394,0.46269038,0.59565514,0.33796024,0.50542265,0.65828586,0.4657311,-0.21193549,0.20948087,0.39570087,811.0989,786.9231,738.97437,797.3993,942.4542,-0.19207763671875,0.11181640625,0.9771728515625,2.10845947265625,-4.90478515625,0.9869384765625,1.0,2.0,1.0,1.0,2.0,100.0,event
15:31:43.935,0.77679336,1.3450184,1.1112019,0.5724969,0.7879191,0.69143933,0.73612374,0.71252525,0.3567839,0.8005545,0.5144394,0.46269038,0.59565514,0.33796024,0.50542265,0.65828586,0.4657311,-0.21193549,0.20948087,0.39570087,808.2784,782.0879,769.59705,814.7253,940.84247,-0.19207763671875,0.11181640625,0.9771728515625,2.10845947265625,-4.90478515625,0.9869384765625,1.0,2.0,1.0,1.0,2.0,100.0,event
15:31:43.936,0.77679336,1.3450184,1.1112019,0.5724969,0.7879191,0.69143933,0.73612374,0.71252525,0.3567839,0.8005545,0.5144394,0.46269038,0.59565514,0.33796024,0.50542265,0.65828586,0.4657311,-0.21193549,0.20948087,0.39570087,805.4579,783.2967,759.12085,818.7546,730.9158,-0.19207763671875,0.11181640625,0.9771728515625,2.10845947265625,-4.90478515625,0.9869384765625,1.0,2.0,1.0,1.0,2.0,100.0,event
15:31:43.937,0.77679336,1.3450184,1.1112019,0.5724969,0.7879191,0.69143933,0.73612374,0.71252525,0.3567839,0.8005545,0.5144394,0.46269038,0.59565514,0.33796024,0.50542265,0.65828586,0.4657311,-0.21193549,0.20948087,0.39570087,812.71063,788.93774,742.6007,808.2784,793.36993,-0.19207763671875,0.11181640625,0.9771728515625,2.10845947265625,-4.90478515625,0.9869384765625,1.0,2.0,1.0,1.0,2.0,100.0,event
15:31:43.938,0.77679336,1.3450184,1.1112019,0.5724969,0.7879191,0.69143933,0.73612374,0.71252525,0.3567839,0.8005545,0.5144394,0.46269038,0.59565514,0.33796024,0.50542265,0.65828586,0.4657311,-0.21193549,0.20948087,0.39570087,800.6227,792.96704,745.42126,806.26373,834.87177,-0.19207763671875,0.11181640625,0.9771728515625,2.10845947265625,-4.90478515625,0.9869384765625,1.0,2.0,1.0,1.0,2.0,100.0,event
15:31:43.977,0.77679336,1.3450184,1.1112019,0.5724969,0.7879191,0.69143933,0.73612374,0.71252525,0.3567839,0.8005545,0.5144394,0.46269038,0.59565514,0.33796024,0.50542265,0.65828586,0.4657311,-0.21193549,0.20948087,0.39570087,796.5934,792.96704,741.39197,805.4579,710.7692,-0.19207763671875,0.11181640625,0.9771728515625,2.10845947265625,-4.90478515625,0.9869384765625,1.0,2.0,1.0,1.0,2.0,100.0,event
15:31:43.979,0.77679336,1.3450184,1.1112019,0.5724969,0.7879191,0.69143933,0.73612374,0.71252525,0.3567839,0.8005545,0.5144394,0.46269038,0.59565514,0.33796024,0.50542265,0.65828586,0.4657311,-0.21193549,0.20948087,0.39570087,805.4579,795.38464,732.9304,807.47253,698.68134,-0.19207763671875,0.11181640625,0.9771728515625,2.10845947265625,-4.90478515625,0.9869384765625,1.0,2.0,1.0,1.0,2.0,100.0,event
15:31:43.979,0.77679336,1.3450184,1.1112019,0.5724969,0.7879191,0.69143933,0.73612374,0.71252525,0.3567839,0.8005545,0.5144394,0.46269038,0.59565514,0.33796024,0.50542265,0.65828586,0.4657311,-0.21193549,0.20948087,0.39570087,802.6374,792.5641,722.0513,800.2198,908.20514,-0.19207763671875,0.11181640625,0.9771728515625,2.10845947265625,-4.90478515625,0.9869384765625,1.0,2.0,1.0,1.0,2.0,100.0,event
15:31:43.980,0.77679336,1.3450184,1.1112019,0.5724969,0.7879191,0.69143933,0.73612374,0.71252525,0.3567839,0.8005545,0.5144394,0.46269038,0.59565514,0.33796024,0.50542265,0.65828586,0.4657311,-0.21193549,0.20948087,0.39570087,824.3956,789.34064,726.08057,802.6374,947.28937,-0.19207763671875,0.11181640625,0.9771728515625,2.10845947265625,-4.90478515625,0.9869384765625,1.0,2.0,1.0,1.0,2.0,100.0,event
15:31:43.981,0.77679336,1.3450184,1.1112019,0.5724969,0.7879191,0.69143933,0.73612374,0.71252525,0.3567839,0.8005545,0.5144394,0.46269038,0.59565514,0.33796024,0.50542265,0.65828586,0.4657311,-0.21193549,0.20948087,0.39570087,823.9927,794.57874,724.87177,803.44324,777.6557,-0.19207763671875,0.11181640625,0.9771728515625,2.10845947265625,-4.90478515625,0.9869384765625,1.0,2.0,1.0,1.0,2.0,100.0,event
15:31:43.982,0.77679336,1.3450184,1.1112019,0.5724969,0.7879191,0.69143933,0.73612374,0.71252525,0.3567839,0.8005545,0.5144394,0.46269038,0.59565514,0.33796024,0.50542265,0.65828586,0.4657311,-0.21193549,0.20948087,0.39570087,799.41394,791.3553,711.978,791.75824,786.1172,-0.19207763671875,0.11181640625,0.9771728515625,2.10845947265625,-4.90478515625,0.9869384765625,1.0,2.0,1.0,1.0,2.0,100.0,event
15:31:43.982,0.77679336,1.3450184,1.1112019,0.5724969,0.7879191,0.69143933,0.73612374,0.71252525,0.3567839,0.8005545,0.5144394,0.46269038,0.59565514,0.33796024,0.50542265,0.65828586,0.4657311,-0.21193549,0.20948087,0.39570087,807.0696,792.96704,695.05493,790.14655,928.3516,-0.19207763671875,0.11181640625,0.9771728515625,2.10845947265625,-4.90478515625,0.9869384765625,1.0,2.0,1.0,1.0,2.0,100.0,event
15:31:43.983,0.77679336,1.3450184,1.1112019,0.5724969,0.7879191,0.69143933,0.73612374,0.71252525,0.3567839,0.8005545,0.5144394,0.46269038,0.59565514,0.33796024,0.50542265,0.65828586,0.4657311,-0.21193549,0.20948087,0.39570087,819.5604,798.60803,701.9048,798.60803,1000.87915,-0.19207763671875,0.11181640625,0.9771728515625,2.10845947265625,-4.90478515625,0.9869384765625,1.0,2.0,1.0,1.0,2.0,100.0,event
15:31:43.984,0.77679336,1.3450184,1.1112019,0.5724969,0.7879191,0.69143933,0.73612374,0.71252525,0.3567839,0.8005545,0.5144394,0.46269038,0.59565514,0.33796024,0.50542265,0.65828586,0.4657311,-0.21193549,0.20948087,0.39570087,809.4872,802.6374,717.2161,786.52014,772.4176,-0.19207763671875,0.11181640625,0.9771728515625,2.10845947265625,-4.90478515625,0.9869384765625,1.0,2.0,1.0,1.0,2.0,100.0,event
15:31:43.985,0.77679336,1.3450184,1.1112019,0.5724969,0.7879191,0.69143933,0.73612374,0.71252525,0.3567839,0.8005545,0.5144394,0.46269038,0.59565514,0.33796024,0.50542265,0.65828586,0.4657311,-0.21193549,0.20948087,0.39570087,801.02563,794.9817,712.7839,779.67035,666.8498,-0.19207763671875,0.11181640625,0.9771728515625,2.10845947265625,-4.90478515625,0.9869384765625,1.0,2.0,1.0,1.0,2.0,100.0,event
15:31:43.985,0.77679336,1.3450184,1.1112019,0.5724969,0.7879191,0.69143933,0.73612374,0.71252525,0.3567839,0.8005545,0.5144394,0.46269038,0.59565514,0.33796024,0.50542265,0.65828586,0.4657311,-0.21193549,0.20948087,0.39570087,801.8315,800.2198,720.0366,806.6667,745.42126,-0.19207763671875,0.11181640625,0.9771728515625,2.10845947265625,-4.90478515625,0.9869384765625,1.0,2.0,1.0,1.0,2.0,100.0,event
15:31:43.986,0.77679336,1.3450184,1.1112019,0.5724969,0.7879191,0.69143933,0.73612374,0.71252525,0.3567839,0.8005545,0.5144394,0.46269038,0.59565514,0.33796024,0.50542265,0.65828586,0.4657311,-0.21193549,0.20948087,0.39570087,801.8315,795.38464,723.2601,811.9048,740.18317,-0.19207763671875,0.11181640625,0.9771728515625,2.10845947265625,-4.90478515625,0.9869384765625,1.0,2.0,1.0,1.0,2.0,100.0,event
15:31:44.016,0.77679336,1.3450184,1.1112019,0.5724969,0.7879191,0.69143933,0.73612374,0.71252525,0.3567839,0.8005545,0.5144394,0.46269038,0.59565514,0.33796024,0.50542265,0.65828586,0.4657311,-0.21193549,0.20948087,0.39570087,801.4286,789.7436,724.0659,780.87915,668.46155,-0.182861328125,0.10516357421875,0.96319580078125,1.398162841796875,-4.02252197265625,0.112152099609375,1.0,2.0,1.0,1.0,2.0,100.0,event
15:31:44.017,0.77679336,1.3450184,1.1112019,0.5724969,0.7879191,0.69143933,0.73612374,0.71252525,0.3567839,0.8005545,0.5144394,0.46269038,0.59565514,0.33796024,0.50542265,0.65828586,0.4657311,-0.21193549,0.20948087,0.39570087,808.68134,795.78754,727.6923,785.7143,739.3773,-0.182861328125,0.10516357421875,0.96319580078125,1.398162841796875,-4.02252197265625,0.112152099609375,1.0,2.0,1.0,1.0,2.0,100.0,event
15:31:44.018,0.77679336,1.3450184,1.1112019,0.5724969,0.7879191,0.69143933,0.73612374,0.71252525,0.3567839,0.8005545,0.5144394,0.46269038,0.59565514,0.33796024,0.50542265,0.65828586,0.4657311,-0.21193549,0.20948087,0.39570087,811.9048,796.99634,732.1245,800.6227,820.7692,-0.182861328125,0.10516357421875,0.96319580078125,1.398162841796875,-4.02252197265625,0.112152099609375,1.0,2.0,1.0,1.0,2.0,100.0,event
15:31:44.019,0.77679336,1.3450184,1.1112019,0.5724969,0.7879191,0.69143933,0.73612374,0.71252525,0.3567839,0.8005545,0.5144394,0.46269038,0.59565514,0.33796024,0.50542265,0.65828586,0.4657311,-0.21193549,0.20948087,0.39570087,801.02563,796.1905,736.1539,785.31134,805.05493,-0.182861328125,0.10516357421875,0.96319580078125,1.398162841796875,-4.02252197265625,0.112152099609375,1.0,2.0,1.0,1.0,2.0,100.0,event
15:31:44.019,0.77679336,1.3450184,1.1112019,0.5724969,0.7879191,0.69143933,0.73612374,0.71252525,0.3567839,0.8005545,0.5144394,0.46269038,0.59565514,0.33796024,0.50542265,0.65828586,0.4657311,-0.21193549,0.20948087,0.39570087,774.83514,797.3993,733.3333,775.2381,751.8681,-0.182861328125,0.10516357421875,0.96319580078125,1.398162841796875,-4.02252197265625,0.112152099609375,1.0,2.0,1.0,1.0,2.0,100.0,event
15:31:44.020,0.77679336,1.3450184,1.1112019,0.5724969,0.7879191,0.69143933,0.73612374,0.71252525,0.3567839,0.8005545,0.5144394,0.46269038,0.59565514,0.33796024,0.50542265,0.65828586,0.4657311,-0.21193549,0.20948087,0.39570087,799.011,792.1612,734.5421,790.9524,783.69965,-0.182861328125,0.10516357421875,0.96319580078125,1.398162841796875,-4.02252197265625,0.112152099609375,1.0,2.0,1.0,1.0,2.0,100.0,event
15:31:44.025,0.77679336,1.3450184,1.1112019,0.5724969,0.7879191,0.69143933,0.73612374,0.71252525,0.3567839,0.8005545,0.5144394,0.46269038,0.59565514,0.33796024,0.50542265,0.65828586,0.4657311,-0.21193549,0.20948087,0.39570087,830.4396,791.3553,736.55676,799.41394,971.4652,-0.182861328125,0.10516357421875,0.96319580078125,1.398162841796875,-4.02252197265625,0.112152099609375,1.0,2.0,1.0,1.0,2.0,100.0,event
15:31:44.026,0.77679336,1.3450184,1.1112019,0.5724969,0.7879191,0.69143933,0.73612374,0.71252525,0.3567839,0.8005545,0.5144394,0.46269038,0.59565514,0.33796024,0.50542265,0.65828586,0.4657311,-0.21193549,0.20948087,0.39570087,802.6374,794.17584,736.1539,787.72894,987.5824,-0.182861328125,0.10516357421875,0.96319580078125,1.398162841796875,-4.02252197265625,0.112152099609375,1.0,2.0,1.0,1.0,2.0,100.0,event
15:31:44.027,0.77679336,1.3450184,1.1112019,0.5724969,0.7879191,0.69143933,0.73612374,0.71252525,0.3567839,0.8005545,0.5144394,0.46269038,0.59565514,0.33796024,0.50542265,0.65828586,0.4657311,-0.21193549,0.20948087,0.39570087,788.5348,791.3553,736.1539,782.8938,747.03296,-0.182861328125,0.10516357421875,0.96319580078125,1.398162841796875,-4.02252197265625,0.112152099609375,1.0,2.0,1.0,1.0,2.0,100.0,event
15:31:44.027,0.77679336,1.3450184,1.1112019,0.5724969,0.7879191,0.69143933,0.73612374,0.71252525,0.3567839,0.8005545,0.5144394,0.46269038,0.59565514,0.33796024,0.50542265,0.65828586,0.4657311,-0.21193549,0.20948087,0.39570087,796.5934,784.90845,723.2601,791.75824,695.8608,-0.182861328125,0.10516357421875,0.96319580078125,1.398162841796875,-4.02252197265625,0.112152099609375,1.0,2.0,1.0,1.0,2.0,100.0,event
15:31:44.028,0.77679336,1.3450184,1.1112019,0.5724969,0.7879191,0.69143933,0.73612374,0.71252525,0.3567839,0.8005545,0.5144394,0.46269038,0.59565514,0.33796024,0.50542265,0.65828586,0.4657311,-0.21193549,0.20948087,0.39570087,788.5348,790.54944,717.619,792.96704,928.3516,-0.182861328125,0.10516357421875,0.96319580078125,1.398162841796875,-4.02252197265625,0.112152099609375,1.0,2.0,1.0,1.0,2.0,100.0,event
15:31:44.029,0.77679336,1.3450184,1.1112019,0.5724969,0.7879191,0.69143933,0.73612374,0.71252525,0.3567839,0.8005545,0.5144394,0.46269038,0.59565514,0.33796024,0.50542265,0.65828586,0.4657311,-0.21193549,0.20948087,0.39570087,787.326,804.2491,734.5421,785.7143,840.9158,-0.182861328125,0.10516357421875,0.96319580078125,1.398162841796875,-4.02252197265625,0.112152099609375,1.0,2.0,1.0,1.0,2.0,100.0,event
15:31:44.055,0.77679336,1.3450184,1.1112019,0.5724969,0.7879191,0.69143933,0.73612374,0.71252525,0.3567839,0.8005545,0.5144394,0.46269038,0.59565514,0.33796024,0.50542265,0.65828586,0.4657311,-0.21193549,0.20948087,0.39570087,794.17584,792.1612,734.1392,776.04395,703.1135,-0.1788330078125,0.108642578125,0.96563720703125,1.891632080078125,-4.927215576171875,1.577606201171875,1.0,2.0,1.0,1.0,2.0,100.0,event
15:31:44.056,0.77679336,1.3450184,1.1112019,0.5724969,0.7879191,0.69143933,0.73612374,0.71252525,0.3567839,0.8005545,0.5144394,0.46269038,0.59565514,0.33796024,0.50542265,0.65828586,0.4657311,-0.21193549,0.20948087,0.39570087,790.54944,786.1172,720.84247,767.5824,761.53845,-0.1788330078125,0.108642578125,0.96563720703125,1.891632080078125,-4.927215576171875,1.577606201171875,1.0,2.0,1.0,1.0,2.0,100.0,event
15:31:44.057,0.77679336,1.3450184,1.1112019,0.5724969,0.7879191,0.69143933,0.73612374,0.71252525,0.3567839,0.8005545,0.5144394,0.46269038,0.59565514,0.33796024,0.50542265,0.65828586,0.4657311,-0.21193549,0.20948087,0.39570087,791.75824,781.685,723.2601,786.1172,784.90845,-0.1788330078125,0.108642578125,0.96563720703125,1.891632080078125,-4.927215576171875,1.577606201171875,1.0,2.0,1.0,1.0,2.0,100.0,event
15:31:44.058,0.77679336,1.3450184,1.1112019,0.5724969,0.7879191,0.69143933,0.73612374,0.71252525,0.3567839,0.8005545,0.5144394,0.46269038,0.59565514,0.33796024,0.50542265,0.65828586,0.4657311,-0.21193549,0.20948087,0.39570087,802.6374,776.4469,728.9011,801.02563,740.58606,-0.1788330078125,0.108642578125,0.96563720703125,1.891632080078125,-4.927215576171875,1.577606201171875,1.0,2.0,1.0,1.0,2.0,100.0,event
15:31:44.059,0.77679336,1.3450184,1.1112019,0.5724969,0.7879191,0.69143933,0.73612374,0.71252525,0.3567839,0.8005545,0.5144394,0.46269038,0.59565514,0.33796024,0.50542265,0.65828586,0.4657311,-0.21193549,0.20948087,0.39570087,809.89014,771.2088,726.8865,792.5641,661.2088,-0.1788330078125,0.108642578125,0.96563720703125,1.891632080078125,-4.927215576171875,1.577606201171875,1.0,2.0,1.0,1.0,2.0,100.0,event
15:31:44.060,0.77679336,1.3450184,1.1112019,0.5724969,0.7879191,0.69143933,0.73612374,0.71252525,0.3567839,0.8005545,0.5144394,0.46269038,0.59565514,0.33796024,0.50542265,0.65828586,0.4657311,-0.21193549,0.20948087,0.39570087,788.5348,785.31134,730.9158,786.52014,979.92676,-0.1788330078125,0.108642578125,0.96563720703125,1.891632080078125,-4.927215576171875,1.577606201171875,1.0,2.0,1.0,1.0,2.0,100.0,event
15:31:44.060,0.77679336,1.3450184,1.1112019,0.5724969,0.7879191,0.69143933,0.73612374,0.71252525,0.3567839,0.8005545,0.5144394,0.46269038,0.59565514,0.33796024,0.50542265,0.65828586,0.4657311,-0.21193549,0.20948087,0.39570087,797.3993,772.4176,720.84247,784.90845,871.13556,-0.1788330078125,0.108642578125,0.96563720703125,1.891632080078125,-4.927215576171875,1.577606201171875,1.0,2.0,1.0,1.0,2.0,100.0,event
15:31:44.061,0.77679336,1.3450184,1.1112019,0.5724969,0.7879191,0.69143933,0.73612374,0.71252525,0.3567839,0.8005545,0.5144394,0.46269038,0.59565514,0.33796024,0.50542265,0.65828586,0.4657311,-0.21193549,0.20948087,0.39570087,799.41394,801.8315,735.34796,778.86444,785.31134,-0.1788330078125,0.108642578125,0.96563720703125,1.891632080078125,-4.927215576171875,1.577606201171875,1.0,2.0,1.0,1.0,2.0,100.0,event
15:31:44.062,0.77679336,1.3450184,1.1112019,0.5724969,0.7879191,0.69143933,0.73612374,0.71252525,0.3567839,0.8005545,0.5144394,0.46269038,0.59565514,0.33796024,0.50542265,0.65828586,0.4657311,-0.21193549,0.20948087,0.39570087,809.0842,807.8755,735.7509,790.14655,796.5934,-0.1788330078125,0.108642578125,0.96563720703125,1.891632080078125,-4.927215576171875,1.577606201171875,1.0,2.0,1.0,1.0,2.0,100.0,event
15:31:44.062,0.77679336,1.3450184,1.1112019,0.5724969,0.7879191,0.69143933,0.73612374,0.71252525,0.3567839,0.8005545,0.5144394,0.46269038,0.59565514,0.33796024,0.50542265,0.65828586,0.4657311,-0.21193549,0.20948087,0.39570087,792.1612,806.26373,731.31866,791.75824,1012.1612,-0.1788330078125,0.108642578125,0.96563720703125,1.891632080078125,-4.927215576171875,1.577606201171875,1.0,2.0,1.0,1.0,2.0,100.0,event
15:31:44.063,0.77679336,1.3450184,1.1112019,0.5724969,0.7879191,0.69143933,0.73612374,0.71252525,0.3567839,0.8005545,0.5144394,0.46269038,0.59565514,0.33796024,0.50542265,0.65828586,0.4657311,-0.21193549,0.20948087,0.39570087,799.011,814.3223,738.1685,787.326,1050.8425,-0.1788330078125,0.108642578125,0.96563720703125,1.891632080078125,-4.927215576171875,1.577606201171875,1.0,2.0,1.0,1.0,2.0,100.0,event
15:31:44.064,0.77679336,1.3450184,1.1112019,0.5724969,0.7879191,0.69143933,0.73612374,0.71252525,0.3567839,0.8005545,0.5144394,0.46269038,0.59565514,0.33796024,0.50542265,0.65828586,0.4657311,-0.21193549,0.20948087,0.39570087,815.12823,827.2161,746.63007,796.99634,778.0586,-0.1788330078125,0.108642578125,0.96563720703125,1.891632080078125,-4.927215576171875,1.577606201171875,1.0,2.0,1.0,1.0,2.0,100.0,event
15:31:44.107,0.77679336,1.3450184,1.1112019,0.5724969,0.7879191,0.69143933,0.73612374,0.71252525,0.3567839,0.8005545,0.5144394,0.46269038,0.59565514,0.33796024,0.50542265,0.65828586,0.4657311,-0.21193549,0.20948087,0.39570087,816.7399,830.84247,724.4689,801.02563,629.7802,-0.1875,0.1021728515625,0.9656982421875,1.89910888671875,-3.828125,1.622467041015625,1.0,2.0,1.0,1.0,2.0,100.0,event
15:31:44.108,0.77679336,1.3450184,1.1112019,0.5724969,0.7879191,0.69143933,0.73612374,0.71252525,0.3567839,0.8005545,0.5144394,0.46269038,0.59565514,0.33796024,0.50542265,0.65828586,0.4657311,-0.21193549,0.20948087,0.39570087,816.337,829.2308,720.84247,806.26373,678.93774,-0.1875,0.1021728515625,0.9656982421875,1.89910888671875,-3.828125,1.622467041015625,1.0,2.0,1.0,1.0,2.0,100.0,event
15:31:44.109,0.77679336,1.3450184,1.1112019,0.5724969,0.7879191,0.69143933,0.73612374,0.71252525,0.3567839,0.8005545,0.5144394,0.46269038,0.59565514,0.33796024,0.50542265,0.65828586,0.4657311,-0.21193549,0.20948087,0.39570087,794.57874,832.0513,722.4542,793.7729,709.9634,-0.1875,0.1021728515625,0.9656982421875,1.89910888671875,-3.828125,1.622467041015625,1.0,2.0,1.0,1.0,2.0,100.0,event
15:31:44.111,0.77679336,1.3450184,1.1112019,0.5724969,0.7879191,0.69143933,0.73612374,0.71252525,0.3567839,0.8005545,0.5144394,0.46269038,0.59565514,0.33796024,0.50542265,0.65828586,0.4657311,-0.21193549,0.20948087,0.39570087,794.9817,822.381,719.6337,799.41394,764.7619,-0.1875,0.1021728515625,0.9656982421875,1.89910888671875,-3.828125,1.622467041015625,1.0,2.0,1.0,1.0,2.0,100.0,event
15:31:44.113,0.77679336,1.3450184,1.1112019,0.5724969,0.7879191,0.69143933,0.73612374,0.71252525,0.3567839,0.8005545,0.5144394,0.46269038,0.59565514,0.33796024,0.50542265,0.65828586,0.4657311,-0.21193549,0.20948087,0.39570087,793.7729,811.9048,710.7692,800.6227,744.21246,-0.1875,0.1021728515625,0.9656982421875,1.89910888671875,-3.828125,1.622467041015625,1.0,2.0,1.0,1.0,2.0,100.0,event
15:31:44.115,0.77679336,1.3450184,1.1112019,0.5724969,0.7879191,0.69143933,0.73612374,0.71252525,0.3567839,0.8005545,0.5144394,0.46269038,0.59565514,0.33796024,0.50542265,0.65828586,0.4657311,-0.21193549,0.20948087,0.39570087,778.0586,810.696,702.3077,782.49084,848.97437,-0.1875,0.1021728515625,0.9656982421875,1.89910888671875,-3.828125,1.622467041015625,1.0,2.0,1.0,1.0,2.0,100.0,event
15:31:44.116,0.77679336,1.3450184,1.1112019,0.5724969,0.7879191,0.69143933,0.73612374,0.71252525,0.3567839,0.8005545,0.5144394,0.46269038,0.59565514,0.33796024,0.50542265,0.65828586,0.4657311,-0.21193549,0.20948087,0.39570087,800.6227,808.68134,714.7985,795.78754,919.4872,-0.1875,0.1021728515625,0.9656982421875,1.89910888671875,-3.828125,1.622467041015625,1.0,2.0,1.0,1.0,2.0,100.0,event
15:31:44.117,0.77679336,1.3450184,1.1112019,0.5724969,0.7879191,0.69143933,0.73612374,0.71252525,0.3567839,0.8005545,0.5144394,0.46269038,0.59565514,0.33796024,0.50542265,0.65828586,0.4657311,-0.21193549,0.20948087,0.39570087,810.293,811.9048,728.49817,799.81683,753.0769,-0.1875,0.1021728515625,0.9656982421875,1.89910888671875,-3.828125,1.622467041015625,1.0,2.0,1.0,1.0,2.0,100.0,event
15:31:44.121,0.77679336,1.3450184,1.1112019,0.5724969,0.7879191,0.69143933,0.73612374,0.71252525,0.3567839,0.8005545,0.5144394,0.46269038,0.59565514,0.33796024,0.50542265,0.65828586,0.4657311,-0.21193549,0.20948087,0.39570087,805.8608,813.5165,720.4396,790.54944,713.5897,-0.1875,0.1021728515625,0.9656982421875,1.89910888671875,-3.828125,1.622467041015625,1.0,2.0,1.0,1.0,2.0,100.0,event
15:31:44.122,0.77679336,1.3450184,1.1112019,0.5724969,0.7879191,0.69143933,0.73612374,0.71252525,0.3567839,0.8005545,0.5144394,0.46269038,0.59565514,0.33796024,0.50542265,0.65828586,0.4657311,-0.21193549,0.20948087,0.39570087,815.5311,803.8461,722.4542,792.1612,905.38464,-0.1875,0.1021728515625,0.9656982421875,1.89910888671875,-3.828125,1.622467041015625,1.0,2.0,1.0,1.0,2.0,100.0,event
15:31:44.123,0.77679336,1.3450184,1.1112019,0.5724969,0.7879191,0.69143933,0.73612374,0.71252525,0.3567839,0.8005545,0.5144394,0.46269038,0.59565514,0.33796024,0.50542265,0.65828586,0.4657311,-0.21193549,0.20948087,0.39570087,818.7546,799.011,743.4066,793.36993,816.7399,-0.1875,0.1021728515625,0.9656982421875,1.89910888671875,-3.828125,1.622467041015625,1.0,2.0,1.0,1.0,2.0,100.0,event
15:31:44.124,0.77679336,1.3450184,1.1112019,0.5724969,0.7879191,0.69143933,0.73612374,0.71252525,0.3567839,0.8005545,0.5144394,0.46269038,0.59565514,0.33796024,0.50542265,0.65828586,0.4657311,-0.21193549,0.20948087,0.39570087,790.54944,805.8608,731.7216,794.57874,693.0403,-0.1875,0.1021728515625,0.9656982421875,1.89910888671875,-3.828125,1.622467041015625,1.0,2.0,1.0,1.0,2.0,100.0,event
15:31:44.168,0.77679336,1.3450184,1.1112019,0.5724969,0.7879191,0.69143933,0.73612374,0.71252525,0.3567839,0.8005545,0.5144394,0.46269038,0.59565514,0.33796024,0.50542265,0.65828586,0.4657311,-0.21193549,0.20948087,0.39570087,791.75824,797.3993,778.46155,794.9817,862.674,-0.18408203125,0.10528564453125,0.964111328125,2.071075439453125,-2.85614013671875,0.919647216796875,1.0,2.0,1.0,1.0,2.0,100.0,event
15:31:44.170,0.77679336,1.3450184,1.1112019,0.5724969,0.7879191,0.69143933,0.73612374,0.71252525,0.3567839,0.8005545,0.5144394,0.46269038,0.59565514,0.33796024,0.50542265,0.65828586,0.4657311,-0.21193549,0.20948087,0.39570087,828.022,795.78754,865.09155,799.011,888.86444,-0.18408203125,0.10528564453125,0.964111328125,2.071075439453125,-2.85614013671875,0.919647216796875,1.0,2.0,1.0,1.0,2.0,100.0,event
15:31:44.171,0.77679336,1.3450184,1.1112019,0.5724969,0.7879191,0.69143933,0.73612374,0.71252525,0.3567839,0.8005545,0.5144394,0.46269038,0.59565514,0.33796024,0.50542265,0.65828586,0.4657311,-0.21193549,0.20948087,0.39570087,804.2491,787.326,870.32965,796.1905,706.7399,-0.18408203125,0.10528564453125,0.964111328125,2.071075439453125,-2.85614013671875,0.919647216796875,1.0,2.0,1.0,1.0,2.0,100.0,event
15:31:44.171,0.77679336,1.3450184,1.1112019,0.5724969,0.7879191,0.69143933,0.73612374,0.71252525,0.3567839,0.8005545,0.5144394,0.46269038,0.59565514,0.33796024,0.50542265,0.65828586,0.4657311,-0.21193549,0.20948087,0.39570087,827.619,800.6227,883.6264,798.20514,752.27106,-0.18408203125,0.10528564453125,0.964111328125,2.071075439453125,-2.85614013671875,0.919647216796875,1.0,2.0,1.0,1.0,2.0,100.0,event
15:31:44.172,0.77679336,1.3450184,1.1112019,0.5724969,0.7879191,0.69143933,0.73612374,0.71252525,0.3567839,0.8005545,0.5144394,0.46269038,0.59565514,0.33796024,0.50542265,0.65828586,0.4657311,-0.21193549,0.20948087,0.39570087,797.8022,790.9524,860.2564,794.17584,789.7436,-0.18408203125,0.10528564453125,0.964111328125,2.071075439453125,-2.85614013671875,0.919647216796875,1.0,2.0,1.0,1.0,2.0,100.0,event
15:31:44.173,0.77679336,1.3450184,1.1112019,0.5724969,0.7879191,0.69143933,0.73612374,0.71252525,0.3567839,0.8005545,0.5144394,0.46269038,0.59565514,0.33796024,0.50542265,0.65828586,0.4657311,-0.21193549,0.20948087,0.39570087,802.23444,795.38464,855.0183,794.57874,866.7033,-0.18408203125,0.10528564453125,0.964111328125,2.071075439453125,-2.85614013671875,0.919647216796875,1.0,2.0,1.0,1.0,2.0,100.0,event
15:31:44.174,0.77679336,1.3450184,1.1112019,0.5724969,0.7879191,0.69143933,0.73612374,0.71252525,0.3567839,0.8005545,0.5144394,0.46269038,0.59565514,0.33796024,0.50542265,0.65828586,0.4657311,-0.21193549,0.20948087,0.39570087,815.9341,792.96704,848.5714,814.7253,831.2454,-0.18408203125,0.10528564453125,0.964111328125,2.071075439453125,-2.85614013671875,0.919647216796875,1.0,2.0,1.0,1.0,2.0,100.0,event
15:31:44.174,0.77679336,1.3450184,1.1112019,0.5724969,0.7879191,0.69143933,0.73612374,0.71252525,0.3567839,0.8005545,0.5144394,0.46269038,0.59565514,0.33796024,0.50542265,0.65828586,0.4657311,-0.21193549,0.20948087,0.39570087,795.78754,790.9524,850.58606,806.6667,745.0183,-0.18408203125,0.10528564453125,0.964111328125,2.071075439453125,-2.85614013671875,0.919647216796875,1.0,2.0,1.0,1.0,2.0,100.0,event
15:31:44.175,0.77679336,1.3450184,1.1112019,0.5724969,0.7879191,0.69143933,0.73612374,0.71252525,0.3567839,0.8005545,0.5144394,0.46269038,0.59565514,0.33796024,0.50542265,0.65828586,0.4657311,-0.21193549,0.20948087,0.39570087,796.99634,786.1172,835.2747,791.3553,892.8938,-0.18408203125,0.10528564453125,0.964111328125,2.071075439453125,-2.85614013671875,0.919647216796875,1.0,2.0,1.0,1.0,2.0,100.0,event
15:31:44.176,0.77679336,1.3450184,1.1112019,0.5724969,0.7879191,0.69143933,0.73612374,0.71252525,0.3567839,0.8005545,0.5144394,0.46269038,0.59565514,0.33796024,0.50542265,0.65828586,0.4657311,-0.21193549,0.20948087,0.39570087,808.68134,789.7436,839.304,799.81683,968.6447,-0.18408203125,0.10528564453125,0.964111328125,2.071075439453125,-2.85614013671875,0.919647216796875,1.0,2.0,1.0,1.0,2.0,100.0,event
15:31:44.176,0.77679336,1.3450184,1.1112019,0.5724969,0.7879191,0.69143933,0.73612374,0.71252525,0.3567839,0.8005545,0.5144394,0.46269038,0.59565514,0.33796024,0.50542265,0.65828586,0.4657311,-0.21193549,0.20948087,0.39570087,794.57874,802.6374,848.1685,794.9817,734.94507,-0.18408203125,0.10528564453125,0.964111328125,2.071075439453125,-2.85614013671875,0.919647216796875,1.0,2.0,1.0,1.0,2.0,100.0,event
15:31:44.177,0.77679336,1.3450184,1.1112019,0.5724969,0.7879191,0.69143933,0.73612374,0.71252525,0.3567839,0.8005545,0.5144394,0.46269038,0.59565514,0.33796024,0.50542265,0.65828586,0.4657311,-0.21193549,0.20948087,0.39570087,803.0403,795.38464,817.9487,790.14655,705.5311,-0.18408203125,0.10528564453125,0.964111328125,2.071075439453125,-2.85614013671875,0.919647216796875,1.0,2.0,1.0,1.0,2.0,100.0,event
15:31:44.203,0.77679336,1.3450184,1.1112019,0.5724969,0.7879191,0.69143933,0.73612374,0.71252525,0.3567839,0.8005545,0.5144394,0.46269038,0.59565514,0.33796024,0.50542265,0.65828586,0.4657311,-0.21193549,0.20948087,0.39570087,807.47253,794.9817,806.26373,791.75824,761.53845,-0.18408203125,0.10528564453125,0.964111328125,2.071075439453125,-2.85614013671875,0.919647216796875,1.0,2.0,1.0,1.0,2.0,100.0,event
15:31:44.204,0.77679336,1.3450184,1.1112019,0.5724969,0.7879191,0.69143933,0.73612374,0.71252525,0.3567839,0.8005545,0.5144394,0.46269038,0.59565514,0.33796024,0.50542265,0.65828586,0.4657311,-0.21193549,0.20948087,0.39570087,797.3993,804.65204,809.4872,795.78754,660.0,-0.18408203125,0.10528564453125,0.964111328125,2.071075439453125,-2.85614013671875,0.919647216796875,1.0,2.0,1.0,1.0,2.0,100.0,event
15:31:44.205,0.77679336,1.3450184,1.1112019,0.5724969,0.7879191,0.69143933,0.73612374,0.71252525,0.3567839,0.8005545,0.5144394,0.46269038,0.59565514,0.33796024,0.50542265,0.65828586,0.4657311,-0.21193549,0.20948087,0.39570087,791.3553,796.1905,803.44324,803.44324,657.1795,-0.18408203125,0.10528564453125,0.964111328125,2.071075439453125,-2.85614013671875,0.919647216796875,1.0,2.0,1.0,1.0,2.0,100.0,event
15:31:44.206,0.77679336,1.3450184,1.1112019,0.5724969,0.7879191,0.69143933,0.73612374,0.71252525,0.3567839,0.8005545,0.5144394,0.46269038,0.59565514,0.33796024,0.50542265,0.65828586,0.4657311,-0.21193549,0.20948087,0.39570087,802.6374,790.9524,803.0403,799.011,799.41394,-0.18408203125,0.10528564453125,0.964111328125,2.071075439453125,-2.85614013671875,0.919647216796875,1.0,2.0,1.0,1.0,2.0,100.0,event
15:31:44.207,0.77679336,1.3450184,1.1112019,0.5724969,0.7879191,0.69143933,0.73612374,0.71252525,0.3567839,0.8005545,0.5144394,0.46269038,0.59565514,0.33796024,0.50542265,0.65828586,0.4657311,-0.21193549,0.20948087,0.39570087,806.6667,797.3993,801.4286,793.36993,863.47986,-0.18408203125,0.10528564453125,0.964111328125,2.071075439453125,-2.85614013671875,0.919647216796875,1.0,2.0,1.0,1.0,2.0,100.0,event
15:31:44.208,0.77679336,1.3450184,1.1112019,0.5724969,0.7879191,0.69143933,0.73612374,0.71252525,0.3567839,0.8005545,0.5144394,0.46269038,0.59565514,0.33796024,0.50542265,0.65828586,0.4657311,-0.21193549,0.20948087,0.39570087,803.0403,793.36993,807.0696,800.6227,880.80585,-0.18408203125,0.10528564453125,0.964111328125,2.071075439453125,-2.85614013671875,0.919647216796875,1.0,2.0,1.0,1.0,2.0,100.0,event
15:31:44.208,0.77679336,1.3450184,1.1112019,0.5724969,0.7879191,0.69143933,0.73612374,0.71252525,0.3567839,0.8005545,0.5144394,0.46269038,0.59565514,0.33796024,0.50542265,0.65828586,0.4657311,-0.21193549,0.20948087,0.39570087,802.6374,786.52014,818.3516,803.8461,849.7802,-0.18408203125,0.10528564453125,0.964111328125,2.071075439453125,-2.85614013671875,0.919647216796875,1.0,2.0,1.0,1.0,2.0,100.0,event
15:31:44.209,0.77679336,1.3450184,1.1112019,0.5724969,0.7879191,0.69143933,0.73612374,0.71252525,0.3567839,0.8005545,0.5144394,0.46269038,0.59565514,0.33796024,0.50542265,0.65828586,0.4657311,-0.21193549,0.20948087,0.39570087,794.17584,786.9231,807.0696,796.1905,761.9414,-0.18408203125,0.10528564453125,0.964111328125,2.071075439453125,-2.85614013671875,0.919647216796875,1.0,2.0,1.0,1.0,2.0,100.0,event
15:31:44.210,0.77679336,1.3450184,1.1112019,0.5724969,0.7879191,0.69143933,0.73612374,0.71252525,0.3567839,0.8005545,0.5144394,0.46269038,0.59565514,0.33796024,0.50542265,0.65828586,0.4657311,-0.21193549,0.20948087,0.39570087,781.685,782.8938,794.57874,786.9231,884.0293,-0.18408203125,0.10528564453125,0.964111328125,2.071075439453125,-2.85614013671875,0.919647216796875,1.0,2.0,1.0,1.0,2.0,100.0,event
15:31:44.211,0.77679336,1.3450184,1.1112019,0.5724969,0.7879191,0.69143933,0.73612374,0.71252525,0.3567839,0.8005545,0.5144394,0.46269038,0.59565514,0.33796024,0.50542265,0.65828586,0.4657311,-0.21193549,0.20948087,0.39570087,799.81683,786.1172,803.8461,786.52014,871.13556,-0.18408203125,0.10528564453125,0.964111328125,2.071075439453125,-2.85614013671875,0.919647216796875,1.0,2.0,1.0,1.0,2.0,100.0,event
15:31:44.215,0.77679336,1.3450184,1.1112019,0.5724969,0.7879191,0.69143933,0.73612374,0.71252525,0.3567839,0.8005545,0.5144394,0.46269038,0.59565514,0.33796024,0.50542265,0.65828586,0.4657311,-0.21193549,0.20948087,0.39570087,798.60803,792.5641,794.57874,779.67035,657.98535,-0.18408203125,0.10528564453125,0.964111328125,2.071075439453125,-2.85614013671875,0.919647216796875,1.0,2.0,1.0,1.0,2.0,100.0,event
15:31:44.216,0.77679336,1.3450184,1.1112019,0.5724969,0.7879191,0.69143933,0.73612374,0.71252525,0.3567839,0.8005545,0.5144394,0.46269038,0.59565514,0.33796024,0.50542265,0.65828586,0.4657311,-0.21193549,0.20948087,0.39570087,784.5055,786.52014,783.69965,772.4176,713.9927,-0.18408203125,0.10528564453125,0.964111328125,2.071075439453125,-2.85614013671875,0.919647216796875,1.0,2.0,1.0,1.0,2.0,100.0,event
15:31:44.217,0.77679336,1.3450184,1.1112019,0.5724969,0.7879191,0.69143933,0.73612374,0.71252525,0.3567839,0.8005545,0.5144394,0.46269038,0.59565514,0.33796024,0.50542265,0.65828586,0.4657311,-0.21193549,0.20948087,0.39570087,807.0696,782.8938,796.99634,805.05493,732.52747,-0.19134521484375,0.10711669921875,0.966064453125,1.846771240234375,-1.83929443359375,0.740203857421875,1.0,2.0,1.0,1.0,2.0,100.0,event
15:31:44.218,0.77679336,1.3450184,1.1112019,0.5724969,0.7879191,0.69143933,0.73612374,0.71252525,0.3567839,0.8005545,0.5144394,0.46269038,0.59565514,0.33796024,0.50542265,0.65828586,0.4657311,-0.21193549,0.20948087,0.39570087,813.91943,800.2198,800.2198,815.5311,706.7399,-0.19134521484375,0.10711669921875,0.966064453125,1.846771240234375,-1.83929443359375,0.740203857421875,1.0,2.0,1.0,1.0,2.0,100.0,event
15:31:44.219,0.77679336,1.3450184,1.1112019,0.5724969,0.7879191,0.69143933,0.73612374,0.71252525,0.3567839,0.8005545,0.5144394,0.46269038,0.59565514,0.33796024,0.50542265,0.65828586,0.4657311,-0.21193549,0.20948087,0.39570087,796.1905,802.23444,785.7143,792.1612,724.0659,-0.19134521484375,0.10711669921875,0.966064453125,1.846771240234375,-1.83929443359375,0.740203857421875,1.0,2.0,1.0,1.0,2.0,100.0,event
15:31:44.219,0.77679336,1.3450184,1.1112019,0.5724969,0.7879191,0.69143933,0.73612374,0.71252525,0.3567839,0.8005545,0.5144394,0.46269038,0.59565514,0.33796024,0.50542265,0.65828586,0.4657311,-0.21193549,0.20948087,0.39570087,791.3553,790.9524,778.0586,803.0403,765.56775,-0.19134521484375,0.10711669921875,0.966064453125,1.846771240234375,-1.83929443359375,0.740203857421875,1.0,2.0,1.0,1.0,2.0,100.0,event
15:31:44.220,0.77679336,1.3450184,1.1112019,0.5724969,0.7879191,0.69143933,0.73612374,0.71252525,0.3567839,0.8005545,0.5144394,0.46269038,0.59565514,0.33796024,0.50542265,0.65828586,0.4657311,-0.21193549,0.20948087,0.39570087,798.20514,787.72894,766.77655,802.23444,825.6044,-0.19134521484375,0.10711669921875,0.966064453125,1.846771240234375,-1.83929443359375,0.740203857421875,1.0,2.0,1.0,1.0,2.0,100.0,event
15:31:44.221,0.77679336,1.3450184,1.1112019,0.5724969,0.7879191,0.69143933,0.73612374,0.71252525,0.3567839,0.8005545,0.5144394,0.46269038,0.59565514,0.33796024,0.50542265,0.65828586,0.4657311,-0.21193549,0.20948087,0.39570087,812.71063,785.7143,747.8388,799.41394,889.67035,-0.19134521484375,0.10711669921875,0.966064453125,1.846771240234375,-1.83929443359375,0.740203857421875,1.0,2.0,1.0,1.0,2.0,100.0,event
15:31:44.221,0.77679336,1.3450184,1.1112019,0.5724969,0.7879191,0.69143933,0.73612374,0.71252525,0.3567839,0.8005545,0.5144394,0.46269038,0.59565514,0.33796024,0.50542265,0.65828586,0.4657311,-0.21193549,0.20948087,0.39570087,802.6374,789.34064,729.304,776.8498,804.2491,-0.19134521484375,0.10711669921875,0.966064453125,1.846771240234375,-1.83929443359375,0.740203857421875,1.0,2.0,1.0,1.0,2.0,100.0,event
15:31:44.222,0.77679336,1.3450184,1.1112019,0.5724969,0.7879191,0.69143933,0.73612374,0.71252525,0.3567839,0.8005545,0.5144394,0.46269038,0.59565514,0.33796024,0.50542265,0.65828586,0.4657311,-0.21193549,0.20948087,0.39570087,803.8461,788.5348,711.5751,780.07324,854.21246,-0.19134521484375,0.10711669921875,0.966064453125,1.846771240234375,-1.83929443359375,0.740203857421875,1.0,2.0,1.0,1.0,2.0,100.0,event
15:31:44.223,0.77679336,1.3450184,1.1112019,0.5724969,0.7879191,0.69143933,0.73612374,0.71252525,0.3567839,0.8005545,0.5144394,0.46269038,0.59565514,0.33796024,0.50542265,0.65828586,0.4657311,-0.21193549,0.20948087,0.39570087,795.38464,792.1612,713.1868,805.05493,1088.7179,-0.19134521484375,0.10711669921875,0.966064453125,1.846771240234375,-1.83929443359375,0.740203857421875,1.0,2.0,1.0,1.0,2.0,100.0,event
15:31:44.224,0.77679336,1.3450184,1.1112019,0.5724969,0.7879191,0.69143933,0.73612374,0.71252525,0.3567839,0.8005545,0.5144394,0.46269038,0.59565514,0.33796024,0.50542265,0.65828586,0.4657311,-0.21193549,0.20948087,0.39570087,799.011,792.96704,708.7546,780.87915,667.25275,-0.19134521484375,0.10711669921875,0.966064453125,1.846771240234375,-1.83929443359375,0.740203857421875,1.0,2.0,1.0,1.0,2.0,100.0,event
15:31:44.224,0.77679336,1.3450184,1.1112019,0.5724969,0.7879191,0.69143933,0.73612374,0.71252525,0.3567839,0.8005545,0.5144394,0.46269038,0.59565514,0.33796024,0.50542265,0.65828586,0.4657311,-0.21193549,0.20948087,0.39570087,777.6557,799.011,722.8571,798.60803,835.2747,-0.19134521484375,0.10711669921875,0.966064453125,1.846771240234375,-1.83929443359375,0.740203857421875,1.0,2.0,1.0,1.0,2.0,100.0,event
15:31:44.225,0.77679336,1.3450184,1.1112019,0.5724969,0.7879191,0.69143933,0.73612374,0.71252525,0.3567839,0.8005545,0.5144394,0.46269038,0.59565514,0.33796024,0.50542265,0.65828586,0.4657311,-0.21193549,0.20948087,0.39570087,792.96704,794.57874,704.3223,776.04395,765.9707,-0.19134521484375,0.10711669921875,0.966064453125,1.846771240234375,-1.83929443359375,0.740203857421875,1.0,2.0,1.0,1.0,2.0,100.0,event
15:31:44.250,0.77679336,1.3450184,1.1112019,0.5724969,0.7879191,0.69143933,0.73612374,0.71252525,0.3567839,0.8005545,0.5144394,0.46269038,0.59565514,0.33796024,0.50542265,0.65828586,0.4657311,-0.21193549,0.20948087,0.39570087,780.4762,798.60803,713.9927,772.8205,754.68866,-0.19525146484375,0.1129150390625,0.96435546875,1.973876953125,-1.592559814453125,0.336456298828125,1.0,2.0,1.0,1.0,2.0,100.0,event
15:31:44.251,0.77679336,1.3450184,1.1112019,0.5724969,0.7879191,0.69143933,0.73612374,0.71252525,0.3567839,0.8005545,0.5144394,0.46269038,0.59565514,0.33796024,0.50542265,0.65828586,0.4657311,-0.21193549,0.20948087,0.39570087,784.10254,794.9817,723.663,773.22345,752.27106,-0.19525146484375,0.1129150390625,0.96435546875,1.973876953125,-1.592559814453125,0.336456298828125,1.0,2.0,1.0,1.0,2.0,100.0,event
15:31:44.251,0.77679336,1.3450184,1.1112019,0.5724969,0.7879191,0.69143933,0.73612374,0.71252525,0.3567839,0.8005545,0.5144394,0.46269038,0.59565514,0.33796024,0.50542265,0.65828586,0.4657311,-0.21193549,0.20948087,0.39570087,786.1172,797.8022,718.4249,772.01465,767.98535,-0.19525146484375,0.1129150390625,0.96435546875,1.973876953125,-1.592559814453125,0.336456298828125,1.0,2.0,1.0,1.0,2.0,100.0,event
15:31:44.252,0.77679336,1.3450184,1.1112019,0.5724969,0.7879191,0.69143933,0.73612374,0.71252525,0.3567839,0.8005545,0.5144394,0.46269038,0.59565514,0.33796024,0.50542265,0.65828586,0.4657311,-0.21193549,0.20948087,0.39570087,781.685,802.6374,716.0073,762.3443,751.06226,-0.19525146484375,0.1129150390625,0.96435546875,1.973876953125,-1.592559814453125,0.336456298828125,1.0,2.0,1.0,1.0,2.0,100.0,event
15:31:44.253,0.77679336,1.3450184,1.1112019,0.5724969,0.7879191,0.69143933,0.73612374,0.71252525,0.3567839,0.8005545,0.5144394,0.46269038,0.59565514,0.33796024,0.50542265,0.65828586,0.4657311,-0.21193549,0.20948087,0.39570087,797.3993,802.23444,731.31866,779.2674,724.87177,-0.19525146484375,0.1129150390625,0.96435546875,1.973876953125,-1.592559814453125,0.336456298828125,1.0,2.0,1.0,1.0,2.0,100.0,event
15:31:44.254,0.77679336,1.3450184,1.1112019,0.5724969,0.7879191,0.69143933,0.73612374,0.71252525,0.3567839,0.8005545,0.5144394,0.46269038,0.59565514,0.33796024,0.50542265,0.65828586,0.4657311,-0.21193549,0.20948087,0.39570087,792.5641,799.81683,743.4066,783.2967,805.4579,-0.19525146484375,0.1129150390625,0.96435546875,1.973876953125,-1.592559814453125,0.336456298828125,1.0,2.0,1.0,1.0,2.0,100.0,event
15:31:44.254,0.77679336,1.3450184,1.1112019,0.5724969,0.7879191,0.69143933,0.73612374,0.71252525,0.3567839,0.8005545,0.5144394,0.46269038,0.59565514,0.33796024,0.50542265,0.65828586,0.4657311,-0.21193549,0.20948087,0.39570087,771.6117,785.7143,754.2857,762.74725,887.25275,-0.19525146484375,0.1129150390625,0.96435546875,1.973876953125,-1.592559814453125,0.336456298828125,1.0,2.0,1.0,1.0,2.0,100.0,event
15:31:44.255,0.77679336,1.3450184,1.1112019,0.5724969,0.7879191,0.69143933,0.73612374,0.71252525,0.3567839,0.8005545,0.5144394,0.46269038,0.59565514,0.33796024,0.50542265,0.65828586,0.4657311,-0.21193549,0.20948087,0.39570087,767.5824,769.19415,762.3443,763.1502,1102.0146,-0.19525146484375,0.1129150390625,0.96435546875,1.973876953125,-1.592559814453125,0.336456298828125,1.0,2.0,1.0,1.0,2.0,100.0,event
15:31:44.256,0.77679336,1.3450184,1.1112019,0.5724969,0.7879191,0.69143933,0.73612374,0.71252525,0.3567839,0.8005545,0.5144394,0.46269038,0.59565514,0.33796024,0.50542265,0.65828586,0.4657311,-0.21193549,0.20948087,0.39570087,767.98535,760.32965,767.98535,784.5055,706.337,-0.19525146484375,0.1129150390625,0.96435546875,1.973876953125,-1.592559814453125,0.336456298828125,1.0,2.0,1.0,1.0,2.0,100.0,event
15:31:44.256,0.77679336,1.3450184,1.1112019,0.5724969,0.7879191,0.69143933,0.73612374,0.71252525,0.3567839,0.8005545,0.5144394,0.46269038,0.59565514,0.33796024,0.50542265,0.65828586,0.4657311,-0.21193549,0.20948087,0.39570087,772.8205,767.1795,767.98535,774.43225,1002.49084,-0.19525146484375,0.1129150390625,0.96435546875,1.973876953125,-1.592559814453125,0.336456298828125,1.0,2.0,1.0,1.0,2.0,100.0,event
15:31:44.262,0.77679336,1.3450184,1.1112019,0.5724969,0.7879191,0.69143933,0.73612374,0.71252525,0.3567839,0.8005545,0.5144394,0.46269038,0.59565514,0.33796024,0.50542265,0.65828586,0.4657311,-0.21193549,0.20948087,0.39570087,768.3883,762.74725,770.80585,777.25275,766.3736,-0.19525146484375,0.1129150390625,0.96435546875,1.973876953125,-1.592559814453125,0.336456298828125,1.0,2.0,1.0,1.0,2.0,100.0,event
15:31:44.265,0.77679336,1.3450184,1.1112019,0.5724969,0.7879191,0.69143933,0.73612374,0.71252525,0.3567839,0.8005545,0.5144394,0.46269038,0.59565514,0.33796024,0.50542265,0.65828586,0.4657311,-0.21193549,0.20948087,0.39570087,781.28204,772.8205,767.1795,768.7912,850.18317,-0.19525146484375,0.1129150390625,0.96435546875,1.973876953125,-1.592559814453125,0.336456298828125,1.0,2.0,1.0,1.0,2.0,100.0,event
15:31:44.315,0.77679336,1.3450184,1.1112019,0.5724969,0.7879191,0.69143933,0.73612374,0.71252525,0.3567839,0.8005545,0.5144394,0.46269038,0.59565514,0.33796024,0.50542265,0.65828586,0.4657311,-0.21193549,0.20948087,0.39570087,783.69965,774.83514,767.1795,768.3883,706.337,-0.1981201171875,0.11395263671875,0.95751953125,1.278533935546875,-1.772003173828125,0.22430419921875,1.0,2.0,1.0,1.0,2.0,100.0,event
15:31:44.317,0.77679336,1.3450184,1.1112019,0.5724969,0.7879191,0.69143933,0.73612374,0.71252525,0.3567839,0.8005545,0.5144394,0.46269038,0.59565514,0.33796024,0.50542265,0.65828586,0.4657311,-0.21193549,0.20948087,0.39570087,752.674,780.87915,769.59705,751.06226,651.13556,-0.1981201171875,0.11395263671875,0.95751953125,1.278533935546875,-1.772003173828125,0.22430419921875,1.0,2.0,1.0,1.0,2.0,100.0,event
15:31:44.318,0.77679336,1.3450184,1.1112019,0.5724969,0.7879191,0.69143933,0.73612374,0.71252525,0.3567839,0.8005545,0.5144394,0.46269038,0.59565514,0.33796024,0.50542265,0.65828586,0.4657311,-0.21193549,0.20948087,0.39570087,758.71796,777.6557,779.2674,763.95605,747.4359,-0.1981201171875,0.11395263671875,0.95751953125,1.278533935546875,-1.772003173828125,0.22430419921875,1.0,2.0,1.0,1.0,2.0,100.0,event
15:31:44.319,0.77679336,1.3450184,1.1112019,0.5724969,0.7879191,0.69143933,0.73612374,0.71252525,0.3567839,0.8005545,0.5144394,0.46269038,0.59565514,0.33796024,0.50542265,0.65828586,0.4657311,-0.21193549,0.20948087,0.39570087,789.34064,767.98535,799.011,786.1172,786.9231,-0.1981201171875,0.11395263671875,0.95751953125,1.278533935546875,-1.772003173828125,0.22430419921875,1.0,2.0,1.0,1.0,2.0,100.0,event
15:31:44.319,0.77679336,1.3450184,1.1112019,0.5724969,0.7879191,0.69143933,0.73612374,0.71252525,0.3567839,0.8005545,0.5144394,0.46269038,0.59565514,0.33796024,0.50542265,0.65828586,0.4657311,-0.21193549,0.20948087,0.39570087,790.14655,774.83514,804.2491,766.3736,752.674,-0.1981201171875,0.11395263671875,0.95751953125,1.278533935546875,-1.772003173828125,0.22430419921875,1.0,2.0,1.0,1.0,2.0,100.0,event
15:31:44.320,0.77679336,1.3450184,1.1112019,0.5724969,0.7879191,0.69143933,0.73612374,0.71252525,0.3567839,0.8005545,0.5144394,0.46269038,0.59565514,0.33796024,0.50542265,0.65828586,0.4657311,-0.21193549,0.20948087,0.39570087,771.2088,775.64105,809.4872,757.50916,755.09155,-0.1981201171875,0.11395263671875,0.95751953125,1.278533935546875,-1.772003173828125,0.22430419921875,1.0,2.0,1.0,1.0,2.0,100.0,event
15:31:44.321,0.77679336,1.3450184,1.1112019,0.5724969,0.7879191,0.69143933,0.73612374,0.71252525,0.3567839,0.8005545,0.5144394,0.46269038,0.59565514,0.33796024,0.50542265,0.65828586,0.4657311,-0.21193549,0.20948087,0.39570087,773.6264,778.46155,840.5128,764.35895,1048.8279,-0.1981201171875,0.11395263671875,0.95751953125,1.278533935546875,-1.772003173828125,0.22430419921875,1.0,2.0,1.0,1.0,2.0,100.0,event
15:31:44.321,0.77679336,1.3450184,1.1112019,0.5724969,0.7879191,0.69143933,0.73612374,0.71252525,0.3567839,0.8005545,0.5144394,0.46269038,0.59565514,0.33796024,0.50542265,0.65828586,0.4657311,-0.21193549,0.20948087,0.39570087,755.4945,767.1795,819.15753,791.3553,941.6484,-0.1981201171875,0.11395263671875,0.95751953125,1.278533935546875,-1.772003173828125,0.22430419921875,1.0,2.0,1.0,1.0,2.0,100.0,event
15:31:44.322,0.77679336,1.3450184,1.1112019,0.5724969,0.7879191,0.69143933,0.73612374,0.71252525,0.3567839,0.8005545,0.5144394,0.46269038,0.59565514,0.33796024,0.50542265,0.65828586,0.4657311,-0.21193549,0.20948087,0.39570087,782.49084,789.34064,884.83514,733.73627,769.19415,-0.1981201171875,0.11395263671875,0.95751953125,1.278533935546875,-1.772003173828125,0.22430419921875,1.0,2.0,1.0,1.0,2.0,100.0,event
15:31:44.323,0.77679336,1.3450184,1.1112019,0.5724969,0.7879191,0.69143933,0.73612374,0.71252525,0.3567839,0.8005545,0.5144394,0.46269038,0.59565514,0.33796024,0.50542265,0.65828586,0.4657311,-0.21193549,0.20948087,0.39570087,788.1319,789.34064,898.5348,765.9707,659.59705,-0.1981201171875,0.11395263671875,0.95751953125,1.278533935546875,-1.772003173828125,0.22430419921875,1.0,2.0,1.0,1.0,2.0,100.0,event
15:31:44.323,0.77679336,1.3450184,1.1112019,0.5724969,0.7879191,0.69143933,0.73612374,0.71252525,0.3567839,0.8005545,0.5144394,0.46269038,0.59565514,0.33796024,0.50542265,0.65828586,0.4657311,-0.21193549,0.20948087,0.39570087,789.7436,792.96704,889.67035,787.326,759.92676,-0.1981201171875,0.11395263671875,0.95751953125,1.278533935546875,-1.772003173828125,0.22430419921875,1.0,2.0,1.0,1.0,2.0,100.0,event
15:31:44.324,0.77679336,1.3450184,1.1112019,0.5724969,0.7879191,0.69143933,0.73612374,0.71252525,0.3567839,0.8005545,0.5144394,0.46269038,0.59565514,0.33796024,0.50542265,0.65828586,0.4657311,-0.21193549,0.20948087,0.39570087,792.5641,784.90845,894.5055,814.3223,749.0476,-0.1981201171875,0.11395263671875,0.95751953125,1.278533935546875,-1.772003173828125,0.22430419921875,1.0,2.0,1.0,1.0,2.0,100.0,event
15:31:44.350,0.77679336,1.3450184,1.1112019,0.5724969,0.7879191,0.69143933,0.73612374,0.71252525,0.3567839,0.8005545,0.5144394,0.46269038,0.59565514,0.33796024,0.50542265,0.65828586,0.4657311,-0.21193549,0.20948087,0.39570087,810.293,778.86444,890.4762,808.2784,737.76556,-0.198486328125,0.10809326171875,0.95965576171875,1.614990234375,-0.31402587890625,-0.0897216796875,1.0,2.0,1.0,1.0,2.0,100.0,event
15:31:44.351,0.77679336,1.3450184,1.1112019,0.5724969,0.7879191,0.69143933,0.73612374,0.71252525,0.3567839,0.8005545,0.5144394,0.46269038,0.59565514,0.33796024,0.50542265,0.65828586,0.4657311,-0.21193549,0.20948087,0.39570087,822.381,778.86444,873.5531,782.8938,745.0183,-0.198486328125,0.10809326171875,0.95965576171875,1.614990234375,-0.31402587890625,-0.0897216796875,1.0,2.0,1.0,1.0,2.0,100.0,event
15:31:44.352,0.77679336,1.3450184,1.1112019,0.5724969,0.7879191,0.69143933,0.73612374,0.71252525,0.3567839,0.8005545,0.5144394,0.46269038,0.59565514,0.33796024,0.50542265,0.65828586,0.4657311,-0.21193549,0.20948087,0.39570087,810.293,774.83514,876.77655,784.10254,786.9231,-0.198486328125,0.10809326171875,0.95965576171875,1.614990234375,-0.31402587890625,-0.0897216796875,1.0,2.0,1.0,1.0,2.0,100.0,event
15:31:44.352,0.77679336,1.3450184,1.1112019,0.5724969,0.7879191,0.69143933,0.73612374,0.71252525,0.3567839,0.8005545,0.5144394,0.46269038,0.59565514,0.33796024,0.50542265,0.65828586,0.4657311,-0.21193549,0.20948087,0.39570087,808.2784,772.8205,900.54944,809.89014,747.03296,-0.198486328125,0.10809326171875,0.95965576171875,1.614990234375,-0.31402587890625,-0.0897216796875,1.0,2.0,1.0,1.0,2.0,100.0,event
15:31:44.353,0.77679336,1.3450184,1.1112019,0.5724969,0.7879191,0.69143933,0.73612374,0.71252525,0.3567839,0.8005545,0.5144394,0.46269038,0.59565514,0.33796024,0.50542265,0.65828586,0.4657311,-0.21193549,0.20948087,0.39570087,799.011,781.685,907.8022,777.6557,752.27106,-0.198486328125,0.10809326171875,0.95965576171875,1.614990234375,-0.31402587890625,-0.0897216796875,1.0,2.0,1.0,1.0,2.0,100.0,event
15:31:44.353,0.77679336,1.3450184,1.1112019,0.5724969,0.7879191,0.69143933,0.73612374,0.71252525,0.3567839,0.8005545,0.5144394,0.46269038,0.59565514,0.33796024,0.50542265,0.65828586,0.4657311,-0.21193549,0.20948087,0.39570087,809.89014,773.22345,911.4286,806.26373,683.7729,-0.198486328125,0.10809326171875,0.95965576171875,1.614990234375,-0.31402587890625,-0.0897216796875,1.0,2.0,1.0,1.0,2.0,100.0,event
15:31:44.354,0.77679336,1.3450184,1.1112019,0.5724969,0.7879191,0.69143933,0.73612374,0.71252525,0.3567839,0.8005545,0.5144394,0.46269038,0.59565514,0.33796024,0.50542265,0.65828586,0.4657311,-0.21193549,0.20948087,0.39570087,790.54944,784.5055,923.91943,786.9231,973.8828,-0.198486328125,0.10809326171875,0.95965576171875,1.614990234375,-0.31402587890625,-0.0897216796875,1.0,2.0,1.0,1.0,2.0,100.0,event
15:31:44.354,0.77679336,1.3450184,1.1112019,0.5724969,0.7879191,0.69143933,0.73612374,0.71252525,0.3567839,0.8005545,0.5144394,0.46269038,0.59565514,0.33796024,0.50542265,0.65828586,0.4657311,-0.21193549,0.20948087,0.39570087,815.12823,786.1172,958.1685,817.1429,889.2674,-0.198486328125,0.10809326171875,0.95965576171875,1.614990234375,-0.31402587890625,-0.0897216796875,1.0,2.0,1.0,1.0,2.0,100.0,event
15:31:44.355,0.77679336,1.3450184,1.1112019,0.5724969,0.7879191,0.69143933,0.73612374,0.71252525,0.3567839,0.8005545,0.5144394,0.46269038,0.59565514,0.33796024,0.50542265,0.65828586,0.4657311,-0.21193549,0.20948087,0.39570087,810.696,788.1319,980.32965,825.6044,682.1612,-0.198486328125,0.10809326171875,0.95965576171875,1.614990234375,-0.31402587890625,-0.0897216796875,1.0,2.0,1.0,1.0,2.0,100.0,event
15:31:44.356,0.77679336,1.3450184,1.1112019,0.5724969,0.7879191,0.69143933,0.73612374,0.71252525,0.3567839,0.8005545,0.5144394,0.46269038,0.59565514,0.33796024,0.50542265,0.65828586,0.4657311,-0.21193549,0.20948087,0.39570087,809.89014,786.9231,999.2674,804.2491,731.31866,-0.198486328125,0.10809326171875,0.95965576171875,1.614990234375,-0.31402587890625,-0.0897216796875,1.0,2.0,1.0,1.0,2.0,100.0,event
15:31:44.357,0.77679336,1.3450184,1.1112019,0.5724969,0.7879191,0.69143933,0.73612374,0.71252525,0.3567839,0.8005545,0.5144394,0.46269038,0.59565514,0.33796024,0.50542265,0.65828586,0.4657311,-0.21193549,0.20948087,0.39570087,795.78754,784.5055,1026.2638,796.99634,692.6374,-0.198486328125,0.10809326171875,0.95965576171875,1.614990234375,-0.31402587890625,-0.0897216796875,1.0,2.0,1.0,1.0,2.0,100.0,event
15:31:44.358,0.77679336,1.3450184,1.1112019,0.5724969,0.7879191,0.69143933,0.73612374,0.71252525,0.3567839,0.8005545,0.5144394,0.46269038,0.59565514,0.33796024,0.50542265,0.65828586,0.4657311,-0.21193549,0.20948087,0.39570087,775.64105,777.25275,1068.5714,828.022,601.5751,-0.198486328125,0.10809326171875,0.95965576171875,1.614990234375,-0.31402587890625,-0.0897216796875,1.0,2.0,1.0,1.0,2.0,100.0,event
15:31:44.418,0.77679336,1.3450184,1.1112019,0.5724969,0.7879191,0.69143933,0.73612374,0.71252525,0.3567839,0.8005545,0.5144394,0.46269038,0.59565514,0.33796024,0.50542265,0.65828586,0.4657311,-0.21193549,0.20948087,0.39570087,817.9487,779.67035,1079.4506,819.9634,640.65936,-0.198486328125,0.10809326171875,0.95965576171875,1.614990234375,-0.31402587890625,-0.0897216796875,1.0,2.0,1.0,1.0,2.0,100.0,event
15:31:44.419,0.77679336,1.3450184,1.1112019,0.5724969,0.7879191,0.69143933,0.73612374,0.71252525,0.3567839,0.8005545,0.5144394,0.46269038,0.59565514,0.33796024,0.50542265,0.65828586,0.4657311,-0.21193549,0.20948087,0.39570087,802.6374,778.0586,1063.7362,788.5348,748.24176,-0.198486328125,0.10809326171875,0.95965576171875,1.614990234375,-0.31402587890625,-0.0897216796875,1.0,2.0,1.0,1.0,2.0,100.0,event
15:31:44.422,0.77679336,1.3450184,1.1112019,0.5724969,0.7879191,0.69143933,0.73612374,0.71252525,0.3567839,0.8005545,0.5144394,0.46269038,0.59565514,0.33796024,0.50542265,0.65828586,0.4657311,-0.21193549,0.20948087,0.39570087,782.49084,774.43225,1062.9304,798.60803,767.1795,-0.198486328125,0.10809326171875,0.95965576171875,1.614990234375,-0.31402587890625,-0.0897216796875,1.0,2.0,1.0,1.0,2.0,100.0,event
15:31:44.424,0.77679336,1.3450184,1.1112019,0.5724969,0.7879191,0.69143933,0.73612374,0.71252525,0.3567839,0.8005545,0.5144394,0.46269038,0.59565514,0.33796024,0.50542265,0.65828586,0.4657311,-0.21193549,0.20948087,0.39570087,799.011,782.0879,1066.9597,809.4872,794.17584,-0.198486328125,0.10809326171875,0.95965576171875,1.614990234375,-0.31402587890625,-0.0897216796875,1.0,2.0,1.0,1.0,2.0,100.0,event
15:31:44.425,0.77679336,1.3450184,1.1112019,0.5724969,0.7879191,0.69143933,0.73612374,0.71252525,0.3567839,0.8005545,0.5144394,0.46269038,0.59565514,0.33796024,0.50542265,0.65828586,0.4657311,-0.21193549,0.20948087,0.39570087,800.6227,779.2674,1057.6923,801.02563,730.5128,-0.198486328125,0.10809326171875,0.95965576171875,1.614990234375,-0.31402587890625,-0.0897216796875,1.0,2.0,1.0,1.0,2.0,100.0,event
15:31:44.426,0.77679336,1.3450184,1.1112019,0.5724969,0.7879191,0.69143933,0.73612374,0.71252525,0.3567839,0.8005545,0.5144394,0.46269038,0.59565514,0.33796024,0.50542265,0.65828586,0.4657311,-0.21193549,0.20948087,0.39570087,801.02563,770.40295,1031.5018,811.9048,841.31866,-0.198486328125,0.10809326171875,0.95965576171875,1.614990234375,-0.31402587890625,-0.0897216796875,1.0,2.0,1.0,1.0,2.0,100.0,event
15:31:44.427,0.77679336,1.3450184,1.1112019,0.5724969,0.7879191,0.69143933,0.73612374,0.71252525,0.3567839,0.8005545,0.5144394,0.46269038,0.59565514,0.33796024,0.50542265,0.65828586,0.4657311,-0.21193549,0.20948087,0.39570087,805.4579,777.6557,1030.6959,822.7839,1180.586,-0.198486328125,0.10809326171875,0.95965576171875,1.614990234375,-0.31402587890625,-0.0897216796875,1.0,2.0,1.0,1.0,2.0,100.0,event
15:31:44.428,0.77679336,1.3450184,1.1112019,0.5724969,0.7879191,0.69143933,0.73612374,0.71252525,0.3567839,0.8005545,0.5144394,0.46269038,0.59565514,0.33796024,0.50542265,0.65828586,0.4657311,-0.21193549,0.20948087,0.39570087,817.1429,790.54944,1041.5751,814.3223,942.4542,-0.198486328125,0.10809326171875,0.95965576171875,1.614990234375,-0.31402587890625,-0.0897216796875,1.0,2.0,1.0,1.0,2.0,100.0,event
15:31:44.429,0.77679336,1.3450184,1.1112019,0.5724969,0.7879191,0.69143933,0.73612374,0.71252525,0.3567839,0.8005545,0.5144394,0.46269038,0.59565514,0.33796024,0.50542265,0.65828586,0.4657311,-0.21193549,0.20948087,0.39570087,802.6374,789.34064,1018.60803,811.9048,685.38464,-0.198486328125,0.10809326171875,0.95965576171875,1.614990234375,-0.31402587890625,-0.0897216796875,1.0,2.0,1.0,1.0,2.0,100.0,event
15:31:44.430,0.77679336,1.3450184,1.1112019,0.5724969,0.7879191,0.69143933,0.73612374,0.71252525,0.3567839,0.8005545,0.5144394,0.46269038,0.59565514,0.33796024,0.50542265,0.65828586,0.4657311,-0.21193549,0.20948087,0.39570087,790.9524,787.326,1010.14655,815.9341,735.34796,-0.198486328125,0.10809326171875,0.95965576171875,1.614990234375,-0.31402587890625,-0.0897216796875,1.0,2.0,1.0,1.0,2.0,100.0,event
15:31:44.432,0.77679336,1.3450184,1.1112019,0.5724969,0.7879191,0.69143933,0.73612374,0.71252525,0.3567839,0.8005545,0.5144394,0.46269038,0.59565514,0.33796024,0.50542265,0.65828586,0.4657311,-0.21193549,0.20948087,0.39570087,819.15753,795.78754,1021.8315,810.696,713.9927,-0.198486328125,0.10809326171875,0.95965576171875,1.614990234375,-0.31402587890625,-0.0897216796875,1.0,2.0,1.0,1.0,2.0,100.0,event
15:31:44.433,0.77679336,1.3450184,1.1112019,0.5724969,0.7879191,0.69143933,0.73612374,0.71252525,0.3567839,0.8005545,0.5144394,0.46269038,0.59565514,0.33796024,0.50542265,0.65828586,0.4657311,-0.21193549,0.20948087,0.39570087,826.8132,799.011,1018.20514,809.89014,717.619,-0.198486328125,0.10809326171875,0.95965576171875,1.614990234375,-0.31402587890625,-0.0897216796875,1.0,2.0,1.0,1.0,2.0,100.0,event
15:31:44.459,0.77679336,1.3450184,1.1112019,0.5724969,0.7879191,0.69143933,0.73612374,0.71252525,0.3567839,0.8005545,0.5144394,0.46269038,0.59565514,0.33796024,0.50542265,0.65828586,0.4657311,-0.21193549,0.20948087,0.39570087,804.2491,799.81683,1010.9524,830.84247,784.5055,-0.1944580078125,0.098388671875,0.95526123046875,2.452392578125,-1.921539306640625,-0.366363525390625,1.0,2.0,1.0,1.0,2.0,100.0,event
15:31:44.460,0.77679336,1.3450184,1.1112019,0.5724969,0.7879191,0.69143933,0.73612374,0.71252525,0.3567839,0.8005545,0.5144394,0.46269038,0.59565514,0.33796024,0.50542265,0.65828586,0.4657311,-0.21193549,0.20948087,0.39570087,810.696,818.3516,1000.4762,823.5897,728.9011,-0.1944580078125,0.098388671875,0.95526123046875,2.452392578125,-1.921539306640625,-0.366363525390625,1.0,2.0,1.0,1.0,2.0,100.0,event
15:31:44.460,0.77679336,1.3450184,1.1112019,0.5724969,0.7879191,0.69143933,0.73612374,0.71252525,0.3567839,0.8005545,0.5144394,0.46269038,0.59565514,0.33796024,0.50542265,0.65828586,0.4657311,-0.21193549,0.20948087,0.39570087,807.47253,808.2784,1003.69965,834.4689,780.07324,-0.1944580078125,0.098388671875,0.95526123046875,2.452392578125,-1.921539306640625,-0.366363525390625,1.0,2.0,1.0,1.0,2.0,100.0,event
15:31:44.461,0.77679336,1.3450184,1.1112019,0.5724969,0.7879191,0.69143933,0.73612374,0.71252525,0.3567839,0.8005545,0.5144394,0.46269038,0.59565514,0.33796024,0.50542265,0.65828586,0.4657311,-0.21193549,0.20948087,0.39570087,792.1612,818.7546,1002.49084,826.0073,713.1868,-0.1944580078125,0.098388671875,0.95526123046875,2.452392578125,-1.921539306640625,-0.366363525390625,1.0,2.0,1.0,1.0,2.0,100.0,event
15:31:44.462,0.77679336,1.3450184,1.1112019,0.5724969,0.7879191,0.69143933,0.73612374,0.71252525,0.3567839,0.8005545,0.5144394,0.46269038,0.59565514,0.33796024,0.50542265,0.65828586,0.4657311,-0.21193549,0.20948087,0.39570087,802.6374,805.8608,997.25275,826.4103,752.674,-0.1944580078125,0.098388671875,0.95526123046875,2.452392578125,-1.921539306640625,-0.366363525390625,1.0,2.0,1.0,1.0,2.0,100.0,event
15:31:44.463,0.77679336,1.3450184,1.1112019,0.5724969,0.7879191,0.69143933,0.73612374,0.71252525,0.3567839,0.8005545,0.5144394,0.46269038,0.59565514,0.33796024,0.50542265,0.65828586,0.4657311,-0.21193549,0.20948087,0.39570087,825.6044,803.8461,993.22345,834.0659,852.1978,-0.1944580078125,0.098388671875,0.95526123046875,2.452392578125,-1.921539306640625,-0.366363525390625,1.0,2.0,1.0,1.0,2.0,100.0,event
15:31:44.464,0.77679336,1.3450184,1.1112019,0.5724969,0.7879191,0.69143933,0.73612374,0.71252525,0.3567839,0.8005545,0.5144394,0.46269038,0.59565514,0.33796024,0.50542265,0.65828586,0.4657311,-0.21193549,0.20948087,0.39570087,816.7399,803.8461,997.25275,838.0952,877.1795,-0.1944580078125,0.098388671875,0.95526123046875,2.452392578125,-1.921539306640625,-0.366363525390625,1.0,2.0,1.0,1.0,2.0,100.0,event
15:31:44.464,0.77679336,1.3450184,1.1112019,0.5724969,0.7879191,0.69143933,0.73612374,0.71252525,0.3567839,0.8005545,0.5144394,0.46269038,0.59565514,0.33796024,0.50542265,0.65828586,0.4657311,-0.21193549,0.20948087,0.39570087,814.7253,806.6667,983.5531,808.68134,837.6923,-0.1944580078125,0.098388671875,0.95526123046875,2.452392578125,-1.921539306640625,-0.366363525390625,1.0,2.0,1.0,1.0,2.0,100.0,event
15:31:44.465,0.77679336,1.3450184,1.1112019,0.5724969,0.7879191,0.69143933,0.73612374,0.71252525,0.3567839,0.8005545,0.5144394,0.46269038,0.59565514,0.33796024,0.50542265,0.65828586,0.4657311,-0.21193549,0.20948087,0.39570087,823.9927,807.47253,970.2564,797.3993,736.9597,-0.1944580078125,0.098388671875,0.95526123046875,2.452392578125,-1.921539306640625,-0.366363525390625,1.0,2.0,1.0,1.0,2.0,100.0,event
15:31:44.466,0.77679336,1.3450184,1.1112019,0.5724969,0.7879191,0.69143933,0.73612374,0.71252525,0.3567839,0.8005545,0.5144394,0.46269038,0.59565514,0.33796024,0.50542265,0.65828586,0.4657311,-0.21193549,0.20948087,0.39570087,839.707,800.2198,967.03296,828.8278,941.6484,-0.1944580078125,0.098388671875,0.95526123046875,2.452392578125,-1.921539306640625,-0.366363525390625,1.0,2.0,1.0,1.0,2.0,100.0,event
15:31:44.467,0.77679336,1.3450184,1.1112019,0.5724969,0.7879191,0.69143933,0.73612374,0.71252525,0.3567839,0.8005545,0.5144394,0.46269038,0.59565514,0.33796024,0.50542265,0.65828586,0.4657311,-0.21193549,0.20948087,0.39570087,848.97437,806.6667,978.315,835.6777,979.5238,-0.1944580078125,0.098388671875,0.95526123046875,2.452392578125,-1.921539306640625,-0.366363525390625,1.0,2.0,1.0,1.0,2.0,100.0,event
15:31:44.468,0.77679336,1.3450184,1.1112019,0.5724969,0.7879191,0.69143933,0.73612374,0.71252525,0.3567839,0.8005545,0.5144394,0.46269038,0.59565514,0.33796024,0.50542265,0.65828586,0.4657311,-0.21193549,0.20948087,0.39570087,838.49817,809.4872,985.56775,822.7839,642.27106,-0.1944580078125,0.098388671875,0.95526123046875,2.452392578125,-1.921539306640625,-0.366363525390625,1.0,2.0,1.0,1.0,2.0,100.0,event
15:31:44.510,0.77679336,1.3450184,1.1112019,0.5724969,0.7879191,0.69143933,0.73612374,0.71252525,0.3567839,0.8005545,0.5144394,0.46269038,0.59565514,0.33796024,0.50542265,0.65828586,0.4657311,-0.21193549,0.20948087,0.39570087,800.6227,801.4286,959.3773,829.6337,759.5238,-0.1888427734375,0.10809326171875,0.969970703125,1.846771240234375,-2.684173583984375,0.904693603515625,1.0,2.0,1.0,1.0,2.0,100.0,event
15:31:44.511,0.77679336,1.3450184,1.1112019,0.5724969,0.7879191,0.69143933,0.73612374,0.71252525,0.3567839,0.8005545,0.5144394,0.46269038,0.59565514,0.33796024,0.50542265,0.65828586,0.4657311,-0.21193549,0.20948087,0.39570087,789.34064,794.9817,933.1868,844.1392,848.1685,-0.1888427734375,0.10809326171875,0.969970703125,1.846771240234375,-2.684173583984375,0.904693603515625,1.0,2.0,1.0,1.0,2.0,100.0,event
15:31:44.511,0.77679336,1.3450184,1.1112019,0.5724969,0.7879191,0.69143933,0.73612374,0.71252525,0.3567839,0.8005545,0.5144394,0.46269038,0.59565514,0.33796024,0.50542265,0.65828586,0.4657311,-0.21193549,0.20948087,0.39570087,808.68134,801.02563,931.5751,818.7546,656.77655,-0.1888427734375,0.10809326171875,0.969970703125,1.846771240234375,-2.684173583984375,0.904693603515625,1.0,2.0,1.0,1.0,2.0,100.0,event
15:31:44.512,0.77679336,1.3450184,1.1112019,0.5724969,0.7879191,0.69143933,0.73612374,0.71252525,0.3567839,0.8005545,0.5144394,0.46269038,0.59565514,0.33796024,0.50542265,0.65828586,0.4657311,-0.21193549,0.20948087,0.39570087,794.9817,799.41394,936.8132,817.5458,622.9304,-0.1888427734375,0.10809326171875,0.969970703125,1.846771240234375,-2.684173583984375,0.904693603515625,1.0,2.0,1.0,1.0,2.0,100.0,event
15:31:44.515,0.77679336,1.3450184,1.1112019,0.5724969,0.7879191,0.69143933,0.73612374,0.71252525,0.3567839,0.8005545,0.5144394,0.46269038,0.59565514,0.33796024,0.50542265,0.65828586,0.4657311,-0.21193549,0.20948087,0.39570087,802.23444,799.81683,929.5604,812.71063,694.65204,-0.1888427734375,0.10809326171875,0.969970703125,1.846771240234375,-2.684173583984375,0.904693603515625,1.0,2.0,1.0,1.0,2.0,100.0,event
15:31:44.516,0.77679336,1.3450184,1.1112019,0.5724969,0.7879191,0.69143933,0.73612374,0.71252525,0.3567839,0.8005545,0.5144394,0.46269038,0.59565514,0.33796024,0.50542265,0.65828586,0.4657311,-0.21193549,0.20948087,0.39570087,806.26373,809.89014,926.7399,786.9231,825.6044,-0.1888427734375,0.10809326171875,0.969970703125,1.846771240234375,-2.684173583984375,0.904693603515625,1.0,2.0,1.0,1.0,2.0,100.0,event
15:31:44.517,0.77679336,1.3450184,1.1112019,0.5724969,0.7879191,0.69143933,0.73612374,0.71252525,0.3567839,0.8005545,0.5144394,0.46269038,0.59565514,0.33796024,0.50542265,0.65828586,0.4657311,-0.21193549,0.20948087,0.39570087,813.1135,809.89014,931.5751,794.9817,876.77655,-0.1888427734375,0.10809326171875,0.969970703125,1.846771240234375,-2.684173583984375,0.904693603515625,1.0,2.0,1.0,1.0,2.0,100.0,event
15:31:44.518,0.77679336,1.3450184,1.1112019,0.5724969,0.7879191,0.69143933,0.73612374,0.71252525,0.3567839,0.8005545,0.5144394,0.46269038,0.59565514,0.33796024,0.50542265,0.65828586,0.4657311,-0.21193549,0.20948087,0.39570087,804.65204,801.02563,931.978,830.0366,886.8498,-0.1888427734375,0.10809326171875,0.969970703125,1.846771240234375,-2.684173583984375,0.904693603515625,1.0,2.0,1.0,1.0,2.0,100.0,event
15:31:44.518,0.77679336,1.3450184,1.1112019,0.5724969,0.7879191,0.69143933,0.73612374,0.71252525,0.3567839,0.8005545,0.5144394,0.46269038,0.59565514,0.33796024,0.50542265,0.65828586,0.4657311,-0.21193549,0.20948087,0.39570087,833.663,811.50183,935.2015,800.6227,770.40295,-0.1888427734375,0.10809326171875,0.969970703125,1.846771240234375,-2.684173583984375,0.904693603515625,1.0,2.0,1.0,1.0,2.0,100.0,event
15:31:44.519,0.77679336,1.3450184,1.1112019,0.5724969,0.7879191,0.69143933,0.73612374,0.71252525,0.3567839,0.8005545,0.5144394,0.46269038,0.59565514,0.33796024,0.50542265,0.65828586,0.4657311,-0.21193549,0.20948087,0.39570087,800.6227,795.38464,892.8938,846.1539,1041.978,-0.1888427734375,0.10809326171875,0.969970703125,1.846771240234375,-2.684173583984375,0.904693603515625,1.0,2.0,1.0,1.0,2.0,100.0,event
15:31:44.520,0.77679336,1.3450184,1.1112019,0.5724969,0.7879191,0.69143933,0.73612374,0.71252525,0.3567839,0.8005545,0.5144394,0.46269038,0.59565514,0.33796024,0.50542265,0.65828586,0.4657311,-0.21193549,0.20948087,0.39570087,819.5604,802.6374,786.9231,821.1722,691.02563,-0.1888427734375,0.10809326171875,0.969970703125,1.846771240234375,-2.684173583984375,0.904693603515625,1.0,2.0,1.0,1.0,2.0,100.0,event
15:31:44.520,0.77679336,1.3450184,1.1112019,0.5724969,0.7879191,0.69143933,0.73612374,0.71252525,0.3567839,0.8005545,0.5144394,0.46269038,0.59565514,0.33796024,0.50542265,0.65828586,0.4657311,-0.21193549,0.20948087,0.39570087,819.15753,809.89014,839.707,822.7839,794.9817,-0.1888427734375,0.10809326171875,0.969970703125,1.846771240234375,-2.684173583984375,0.904693603515625,1.0,2.0,1.0,1.0,2.0,100.0,event
15:31:44.559,0.77679336,1.3450184,1.1112019,0.5724969,0.7879191,0.69143933,0.73612374,0.71252525,0.3567839,0.8005545,0.5144394,0.46269038,0.59565514,0.33796024,0.50542265,0.65828586,0.4657311,-0.21193549,0.20948087,0.39570087,799.41394,790.9524,726.4835,815.9341,860.65936,-0.19921875,0.1068115234375,0.96490478515625,0.157012939453125,-1.854248046875,1.4056396484375,1.0,2.0,1.0,1.0,2.0,100.0,event
15:31:44.560,0.77679336,1.3450184,1.1112019,0.5724969,0.7879191,0.69143933,0.73612374,0.71252525,0.3567839,0.8005545,0.5144394,0.46269038,0.59565514,0.33796024,0.50542265,0.65828586,0.4657311,-0.21193549,0.20948087,0.39570087,795.78754,788.5348,607.2161,799.011,835.2747,-0.19921875,0.1068115234375,0.96490478515625,0.157012939453125,-1.854248046875,1.4056396484375,1.0,2.0,1.0,1.0,2.0,100.0,event
15:31:44.561,0.77679336,1.3450184,1.1112019,0.5724969,0.7879191,0.69143933,0.73612374,0.71252525,0.3567839,0.8005545,0.5144394,0.46269038,0.59565514,0.33796024,0.50542265,0.65828586,0.4657311,-0.21193549,0.20948087,0.39570087,805.8608,778.86444,452.49084,804.65204,691.02563,-0.19921875,0.1068115234375,0.96490478515625,0.157012939453125,-1.854248046875,1.4056396484375,1.0,2.0,1.0,1.0,2.0,100.0,event
15:31:44.562,0.77679336,1.3450184,1.1112019,0.5724969,0.7879191,0.69143933,0.73612374,0.71252525,0.3567839,0.8005545,0.5144394,0.46269038,0.59565514,0.33796024,0.50542265,0.65828586,0.4657311,-0.21193549,0.20948087,0.39570087,792.5641,772.4176,215.9707,796.99634,680.9524,-0.19921875,0.1068115234375,0.96490478515625,0.157012939453125,-1.854248046875,1.4056396484375,1.0,2.0,1.0,1.0,2.0,100.0,event
15:31:44.563,0.77679336,1.3450184,1.1112019,0.5724969,0.7879191,0.69143933,0.73612374,0.71252525,0.3567839,0.8005545,0.5144394,0.46269038,0.59565514,0.33796024,0.50542265,0.65828586,0.4657311,-0.21193549,0.20948087,0.39570087,791.75824,770.0,15.311356,799.011,723.663,-0.19921875,0.1068115234375,0.96490478515625,0.157012939453125,-1.854248046875,1.4056396484375,1.0,2.0,1.0,1.0,2.0,100.0,event
15:31:44.563,0.77679336,1.3450184,1.1112019,0.5724969,0.7879191,0.69143933,0.73612374,0.71252525,0.3567839,0.8005545,0.5144394,0.46269038,0.59565514,0.33796024,0.50542265,0.65828586,0.4657311,-0.21193549,0.20948087,0.39570087,794.57874,773.22345,0.4029304,805.05493,828.022,-0.19921875,0.1068115234375,0.96490478515625,0.157012939453125,-1.854248046875,1.4056396484375,1.0,2.0,1.0,1.0,2.0,100.0,event
15:31:44.564,0.77679336,1.3450184,1.1112019,0.5724969,0.7879191,0.69143933,0.73612374,0.71252525,0.3567839,0.8005545,0.5144394,0.46269038,0.59565514,0.33796024,0.50542265,0.65828586,0.4657311,-0.21193549,0.20948087,0.39570087,803.8461,780.4762,4.029304,791.75824,927.9487,-0.19921875,0.1068115234375,0.96490478515625,0.157012939453125,-1.854248046875,1.4056396484375,1.0,2.0,1.0,1.0,2.0,100.0,event
15:31:44.565,0.77679336,1.3450184,1.1112019,0.5724969,0.7879191,0.69143933,0.73612374,0.71252525,0.3567839,0.8005545,0.5144394,0.46269038,0.59565514,0.33796024,0.50542265,0.65828586,0.4657311,-0.21193549,0.20948087,0.39570087,802.23444,779.2674,0.0,787.326,859.45056,-0.19921875,0.1068115234375,0.96490478515625,0.157012939453125,-1.854248046875,1.4056396484375,1.0,2.0,1.0,1.0,2.0,100.0,event
15:31:44.566,0.77679336,1.3450184,1.1112019,0.5724969,0.7879191,0.69143933,0.73612374,0.71252525,0.3567839,0.8005545,0.5144394,0.46269038,0.59565514,0.33796024,0.50542265,0.65828586,0.4657311,-0.21193549,0.20948087,0.39570087,807.8755,764.7619,0.0,792.96704,942.8571,-0.19921875,0.1068115234375,0.96490478515625,0.157012939453125,-1.854248046875,1.4056396484375,1.0,2.0,1.0,1.0,2.0,100.0,event
15:31:44.567,0.77679336,1.3450184,1.1112019,0.5724969,0.7879191,0.69143933,0.73612374,0.71252525,0.3567839,0.8005545,0.5144394,0.46269038,0.59565514,0.33796024,0.50542265,0.65828586,0.4657311,-0.21193549,0.20948087,0.39570087,812.71063,760.32965,0.0,790.54944,891.685,-0.19921875,0.1068115234375,0.96490478515625,0.157012939453125,-1.854248046875,1.4056396484375,1.0,2.0,1.0,1.0,2.0,100.0,event
15:31:44.567,0.77679336,1.3450184,1.1112019,0.5724969,0.7879191,0.69143933,0.73612374,0.71252525,0.3567839,0.8005545,0.5144394,0.46269038,0.59565514,0.33796024,0.50542265,0.65828586,0.4657311,-0.21193549,0.20948087,0.39570087,810.696,765.9707,0.0,790.9524,696.26373,-0.19921875,0.1068115234375,0.96490478515625,0.157012939453125,-1.854248046875,1.4056396484375,1.0,2.0,1.0,1.0,2.0,100.0,event
15:31:44.568,0.77679336,1.3450184,1.1112019,0.5724969,0.7879191,0.69143933,0.73612374,0.71252525,0.3567839,0.8005545,0.5144394,0.46269038,0.59565514,0.33796024,0.50542265,0.65828586,0.4657311,-0.21193549,0.20948087,0.39570087,803.8461,767.1795,0.0,790.54944,748.24176,-0.19921875,0.1068115234375,0.96490478515625,0.157012939453125,-1.854248046875,1.4056396484375,1.0,2.0,1.0,1.0,2.0,100.0,event
15:31:44.612,0.77679336,1.3450184,1.1112019,0.5724969,0.7879191,0.69143933,0.73612374,0.71252525,0.3567839,0.8005545,0.5144394,0.46269038,0.59565514,0.33796024,0.50542265,0.65828586,0.4657311,-0.21193549,0.20948087,0.39570087,814.7253,772.01465,0.0,782.49084,788.1319,-0.19415283203125,0.10321044921875,0.9688720703125,0.695343017578125,-0.79254150390625,-0.934600830078125,1.0,2.0,1.0,1.0,2.0,100.0,event
15:31:44.613,0.77679336,1.3450184,1.1112019,0.5724969,0.7879191,0.69143933,0.73612374,0.71252525,0.3567839,0.8005545,0.5144394,0.46269038,0.59565514,0.33796024,0.50542265,0.65828586,0.4657311,-0.21193549,0.20948087,0.39570087,810.293,776.4469,0.0,775.64105,757.1062,-0.19415283203125,0.10321044921875,0.9688720703125,0.695343017578125,-0.79254150390625,-0.934600830078125,1.0,2.0,1.0,1.0,2.0,100.0,event
15:31:44.614,0.77679336,1.3450184,1.1112019,0.5724969,0.7879191,0.69143933,0.73612374,0.71252525,0.3567839,0.8005545,0.5144394,0.46269038,0.59565514,0.33796024,0.50542265,0.65828586,0.4657311,-0.21193549,0.20948087,0.39570087,799.011,783.69965,0.0,783.69965,651.53845,-0.19415283203125,0.10321044921875,0.9688720703125,0.695343017578125,-0.79254150390625,-0.934600830078125,1.0,2.0,1.0,1.0,2.0,100.0,event
15:31:44.615,0.77679336,1.3450184,1.1112019,0.5724969,0.7879191,0.69143933,0.73612374,0.71252525,0.3567839,0.8005545,0.5144394,0.46269038,0.59565514,0.33796024,0.50542265,0.65828586,0.4657311,-0.21193549,0.20948087,0.39570087,817.5458,776.4469,0.0,804.65204,778.86444,-0.19415283203125,0.10321044921875,0.9688720703125,0.695343017578125,-0.79254150390625,-0.934600830078125,1.0,2.0,1.0,1.0,2.0,100.0,event
15:31:44.615,0.77679336,1.3450184,1.1112019,0.5724969,0.7879191,0.69143933,0.73612374,0.71252525,0.3567839,0.8005545,0.5144394,0.46269038,0.59565514,0.33796024,0.50542265,0.65828586,0.4657311,-0.21193549,0.20948087,0.39570087,811.9048,769.59705,0.0,781.685,885.64105,-0.19415283203125,0.10321044921875,0.9688720703125,0.695343017578125,-0.79254150390625,-0.934600830078125,1.0,2.0,1.0,1.0,2.0,100.0,event
15:31:44.616,0.77679336,1.3450184,1.1112019,0.5724969,0.7879191,0.69143933,0.73612374,0.71252525,0.3567839,0.8005545,0.5144394,0.46269038,0.59565514,0.33796024,0.50542265,0.65828586,0.4657311,-0.21193549,0.20948087,0.39570087,804.65204,774.83514,0.0,769.59705,774.83514,-0.19415283203125,0.10321044921875,0.9688720703125,0.695343017578125,-0.79254150390625,-0.934600830078125,1.0,2.0,1.0,1.0,2.0,100.0,event
15:31:44.620,0.77679336,1.3450184,1.1112019,0.5724969,0.7879191,0.69143933,0.73612374,0.71252525,0.3567839,0.8005545,0.5144394,0.46269038,0.59565514,0.33796024,0.50542265,0.65828586,0.4657311,-0.21193549,0.20948087,0.39570087,783.69965,761.13556,0.0,765.16486,863.8828,-0.19415283203125,0.10321044921875,0.9688720703125,0.695343017578125,-0.79254150390625,-0.934600830078125,1.0,2.0,1.0,1.0,2.0,100.0,event
15:31:44.620,0.77679336,1.3450184,1.1112019,0.5724969,0.7879191,0.69143933,0.73612374,0.71252525,0.3567839,0.8005545,0.5144394,0.46269038,0.59565514,0.33796024,0.50542265,0.65828586,0.4657311,-0.21193549,0.20948087,0.39570087,791.75824,769.19415,0.0,770.0,755.09155,-0.19415283203125,0.10321044921875,0.9688720703125,0.695343017578125,-0.79254150390625,-0.934600830078125,1.0,2.0,1.0,1.0,2.0,100.0,event
15:31:44.621,0.77679336,1.3450184,1.1112019,0.5724969,0.7879191,0.69143933,0.73612374,0.71252525,0.3567839,0.8005545,0.5144394,0.46269038,0.59565514,0.33796024,0.50542265,0.65828586,0.4657311,-0.21193549,0.20948087,0.39570087,798.60803,773.22345,0.0,798.60803,936.4103,-0.19415283203125,0.10321044921875,0.9688720703125,0.695343017578125,-0.79254150390625,-0.934600830078125,1.0,2.0,1.0,1.0,2.0,100.0,event
15:31:44.621,0.77679336,1.3450184,1.1112019,0.5724969,0.7879191,0.69143933,0.73612374,0.71252525,0.3567839,0.8005545,0.5144394,0.46269038,0.59565514,0.33796024,0.50542265,0.65828586,0.4657311,-0.21193549,0.20948087,0.39570087,822.381,788.1319,0.0,812.3077,782.8938,-0.19415283203125,0.10321044921875,0.9688720703125,0.695343017578125,-0.79254150390625,-0.934600830078125,1.0,2.0,1.0,1.0,2.0,100.0,event
15:31:44.622,0.77679336,1.3450184,1.1112019,0.5724969,0.7879191,0.69143933,0.73612374,0.71252525,0.3567839,0.8005545,0.5144394,0.46269038,0.59565514,0.33796024,0.50542265,0.65828586,0.4657311,-0.21193549,0.20948087,0.39570087,814.7253,782.0879,0.0,793.36993,687.3993,-0.19415283203125,0.10321044921875,0.9688720703125,0.695343017578125,-0.79254150390625,-0.934600830078125,1.0,2.0,1.0,1.0,2.0,100.0,event
15:31:44.622,0.77679336,1.3450184,1.1112019,0.5724969,0.7879191,0.69143933,0.73612374,0.71252525,0.3567839,0.8005545,0.5144394,0.46269038,0.59565514,0.33796024,0.50542265,0.65828586,0.4657311,-0.21193549,0.20948087,0.39570087,769.59705,772.4176,0.0,799.81683,711.1722,-0.19415283203125,0.10321044921875,0.9688720703125,0.695343017578125,-0.79254150390625,-0.934600830078125,1.0,2.0,1.0,1.0,2.0,100.0,event
15:31:44.644,0.77679336,1.3450184,1.1112019,0.5724969,0.7879191,0.69143933,0.73612374,0.71252525,0.3567839,0.8005545,0.5144394,0.46269038,0.59565514,0.33796024,0.50542265,0.65828586,0.4657311,-0.21193549,0.20948087,0.39570087,787.326,772.01465,0.0,804.65204,725.2747,-0.19415283203125,0.10321044921875,0.9688720703125,0.695343017578125,-0.79254150390625,-0.934600830078125,1.0,2.0,1.0,1.0,2.0,100.0,event
15:31:44.645,0.77679336,1.3450184,1.1112019,0.5724969,0.7879191,0.69143933,0.73612374,0.71252525,0.3567839,0.8005545,0.5144394,0.46269038,0.59565514,0.33796024,0.50542265,0.65828586,0.4657311,-0.21193549,0.20948087,0.39570087,818.7546,780.87915,0.0,784.10254,681.75824,-0.19415283203125,0.10321044921875,0.9688720703125,0.695343017578125,-0.79254150390625,-0.934600830078125,1.0,2.0,1.0,1.0,2.0,100.0,event
15:31:44.646,0.77679336,1.3450184,1.1112019,0.5724969,0.7879191,0.69143933,0.73612374,0.71252525,0.3567839,0.8005545,0.5144394,0.46269038,0.59565514,0.33796024,0.50542265,0.65828586,0.4657311,-0.21193549,0.20948087,0.39570087,816.7399,782.8938,0.0,779.67035,696.26373,-0.19415283203125,0.10321044921875,0.9688720703125,0.695343017578125,-0.79254150390625,-0.934600830078125,1.0,2.0,1.0,1.0,2.0,100.0,event
15:31:44.647,0.77679336,1.3450184,1.1112019,0.5724969,0.7879191,0.69143933,0.73612374,0.71252525,0.3567839,0.8005545,0.5144394,0.46269038,0.59565514,0.33796024,0.50542265,0.65828586,0.4657311,-0.21193549,0.20948087,0.39570087,791.75824,792.96704,0.0,801.02563,877.1795,-0.19415283203125,0.10321044921875,0.9688720703125,0.695343017578125,-0.79254150390625,-0.934600830078125,1.0,2.0,1.0,1.0,2.0,100.0,event
15:31:44.647,0.77679336,1.3450184,1.1112019,0.5724969,0.7879191,0.69143933,0.73612374,0.71252525,0.3567839,0.8005545,0.5144394,0.46269038,0.59565514,0.33796024,0.50542265,0.65828586,0.4657311,-0.21193549,0.20948087,0.39570087,811.9048,785.7143,0.0,803.8461,840.9158,-0.19415283203125,0.10321044921875,0.9688720703125,0.695343017578125,-0.79254150390625,-0.934600830078125,1.0,2.0,1.0,1.0,2.0,100.0,event
15:31:44.648,0.77679336,1.3450184,1.1112019,0.5724969,0.7879191,0.69143933,0.73612374,0.71252525,0.3567839,0.8005545,0.5144394,0.46269038,0.59565514,0.33796024,0.50542265,0.65828586,0.4657311,-0.21193549,0.20948087,0.39570087,799.41394,794.57874,2.4175825,782.0879,849.3773,-0.19415283203125,0.10321044921875,0.9688720703125,0.695343017578125,-0.79254150390625,-0.934600830078125,1.0,2.0,1.0,1.0,2.0,100.0,event
15:31:44.649,0.77679336,1.3450184,1.1112019,0.5724969,0.7879191,0.69143933,0.73612374,0.71252525,0.3567839,0.8005545,0.5144394,0.46269038,0.59565514,0.33796024,0.50542265,0.65828586,0.4657311,-0.21193549,0.20948087,0.39570087,821.978,799.41394,0.0,781.685,862.674,-0.19415283203125,0.10321044921875,0.9688720703125,0.695343017578125,-0.79254150390625,-0.934600830078125,1.0,2.0,1.0,1.0,2.0,100.0,event
15:31:44.649,0.77679336,1.3450184,1.1112019,0.5724969,0.7879191,0.69143933,0.73612374,0.71252525,0.3567839,0.8005545,0.5144394,0.46269038,0.59565514,0.33796024,0.50542265,0.65828586,0.4657311,-0.21193549,0.20948087,0.39570087,811.9048,789.7436,2.8205128,792.1612,1053.663,-0.19415283203125,0.10321044921875,0.9688720703125,0.695343017578125,-0.79254150390625,-0.934600830078125,1.0,2.0,1.0,1.0,2.0,100.0,event
15:31:44.650,0.77679336,1.3450184,1.1112019,0.5724969,0.7879191,0.69143933,0.73612374,0.71252525,0.3567839,0.8005545,0.5144394,0.46269038,0.59565514,0.33796024,0.50542265,0.65828586,0.4657311,-0.21193549,0.20948087,0.39570087,823.1868,795.38464,101.13553,793.7729,1077.8389,-0.19415283203125,0.10321044921875,0.9688720703125,0.695343017578125,-0.79254150390625,-0.934600830078125,1.0,2.0,1.0,1.0,2.0,100.0,event
15:31:44.651,0.77679336,1.3450184,1.1112019,0.5724969,0.7879191,0.69143933,0.73612374,0.71252525,0.3567839,0.8005545,0.5144394,0.46269038,0.59565514,0.33796024,0.50542265,0.65828586,0.4657311,-0.21193549,0.20948087,0.39570087,806.6667,808.68134,152.3077,785.31134,740.18317,-0.19415283203125,0.10321044921875,0.9688720703125,0.695343017578125,-0.79254150390625,-0.934600830078125,1.0,2.0,1.0,1.0,2.0,100.0,event
15:31:44.652,0.77679336,1.3450184,1.1112019,0.5724969,0.7879191,0.69143933,0.73612374,0.71252525,0.3567839,0.8005545,0.5144394,0.46269038,0.59565514,0.33796024,0.50542265,0.65828586,0.4657311,-0.21193549,0.20948087,0.39570087,794.57874,796.1905,74.13919,791.3553,736.55676,-0.19415283203125,0.10321044921875,0.9688720703125,0.695343017578125,-0.79254150390625,-0.934600830078125,1.0,2.0,1.0,1.0,2.0,100.0,event
15:31:44.653,0.77679336,1.3450184,1.1112019,0.5724969,0.7879191,0.69143933,0.73612374,0.71252525,0.3567839,0.8005545,0.5144394,0.46269038,0.59565514,0.33796024,0.50542265,0.65828586,0.4657311,-0.21193549,0.20948087,0.39570087,812.3077,796.5934,43.113552,784.10254,815.12823,-0.19415283203125,0.10321044921875,0.9688720703125,0.695343017578125,-0.79254150390625,-0.934600830078125,1.0,2.0,1.0,1.0,2.0,100.0,event
15:31:44.694,0.77679336,1.3450184,1.1112019,0.5724969,0.7879191,0.69143933,0.73612374,0.71252525,0.3567839,0.8005545,0.5144394,0.46269038,0.59565514,0.33796024,0.50542265,0.65828586,0.4657311,-0.21193549,0.20948087,0.39570087,819.9634,806.26373,35.860806,767.1795,720.84247,-0.21258544921875,0.1015625,0.94976806640625,1.233673095703125,-2.91595458984375,-0.64300537109375,1.0,2.0,1.0,1.0,2.0,100.0,event
15:31:44.695,0.77679336,1.3450184,1.1112019,0.5724969,0.7879191,0.69143933,0.73612374,0.71252525,0.3567839,0.8005545,0.5144394,0.46269038,0.59565514,0.33796024,0.50542265,0.65828586,0.4657311,-0.21193549,0.20948087,0.39570087,824.7985,803.44324,60.03663,787.72894,652.74725,-0.21258544921875,0.1015625,0.94976806640625,1.233673095703125,-2.91595458984375,-0.64300537109375,1.0,2.0,1.0,1.0,2.0,100.0,event
15:31:44.696,0.77679336,1.3450184,1.1112019,0.5724969,0.7879191,0.69143933,0.73612374,0.71252525,0.3567839,0.8005545,0.5144394,0.46269038,0.59565514,0.33796024,0.50542265,0.65828586,0.4657311,-0.21193549,0.20948087,0.39570087,813.91943,791.3553,142.23444,812.3077,746.2271,-0.21258544921875,0.1015625,0.94976806640625,1.233673095703125,-2.91595458984375,-0.64300537109375,1.0,2.0,1.0,1.0,2.0,100.0,event
15:31:44.697,0.77679336,1.3450184,1.1112019,0.5724969,0.7879191,0.69143933,0.73612374,0.71252525,0.3567839,0.8005545,0.5144394,0.46269038,0.59565514,0.33796024,0.50542265,0.65828586,0.4657311,-0.21193549,0.20948087,0.39570087,806.26373,788.93774,207.10623,802.6374,791.3553,-0.21258544921875,0.1015625,0.94976806640625,1.233673095703125,-2.91595458984375,-0.64300537109375,1.0,2.0,1.0,1.0,2.0,100.0,event
15:31:44.698,0.77679336,1.3450184,1.1112019,0.5724969,0.7879191,0.69143933,0.73612374,0.71252525,0.3567839,0.8005545,0.5144394,0.46269038,0.59565514,0.33796024,0.50542265,0.65828586,0.4657311,-0.21193549,0.20948087,0.39570087,819.15753,805.4579,353.7729,799.011,826.0073,-0.21258544921875,0.1015625,0.94976806640625,1.233673095703125,-2.91595458984375,-0.64300537109375,1.0,2.0,1.0,1.0,2.0,100.0,event
15:31:44.698,0.77679336,1.3450184,1.1112019,0.5724969,0.7879191,0.69143933,0.73612374,0.71252525,0.3567839,0.8005545,0.5144394,0.46269038,0.59565514,0.33796024,0.50542265,0.65828586,0.4657311,-0.21193549,0.20948087,0.39570087,805.8608,802.6374,286.88644,794.17584,743.00366,-0.21258544921875,0.1015625,0.94976806640625,1.233673095703125,-2.91595458984375,-0.64300537109375,1.0,2.0,1.0,1.0,2.0,100.0,event
15:31:44.699,0.77679336,1.3450184,1.1112019,0.5724969,0.7879191,0.69143933,0.73612374,0.71252525,0.3567839,0.8005545,0.5144394,0.46269038,0.59565514,0.33796024,0.50542265,0.65828586,0.4657311,-0.21193549,0.20948087,0.39570087,804.65204,795.38464,390.43958,791.75824,991.6117,-0.21258544921875,0.1015625,0.94976806640625,1.233673095703125,-2.91595458984375,-0.64300537109375,1.0,2.0,1.0,1.0,2.0,100.0,event
15:31:44.700,0.77679336,1.3450184,1.1112019,0.5724969,0.7879191,0.69143933,0.73612374,0.71252525,0.3567839,0.8005545,0.5144394,0.46269038,0.59565514,0.33796024,0.50542265,0.65828586,0.4657311,-0.21193549,0.20948087,0.39570087,784.5055,795.38464,444.83517,789.34064,1103.6263,-0.21258544921875,0.1015625,0.94976806640625,1.233673095703125,-2.91595458984375,-0.64300537109375,1.0,2.0,1.0,4.0,2.0,100.0,event
15:31:44.703,0.77679336,1.3450184,1.1112019,0.5724969,0.7879191,0.69143933,0.73612374,0.71252525,0.3567839,0.8005545,0.5144394,0.46269038,0.59565514,0.33796024,0.50542265,0.65828586,0.4657311,-0.21193549,0.20948087,0.39570087,796.5934,806.26373,536.30035,790.9524,825.6044,-0.21258544921875,0.1015625,0.94976806640625,1.233673095703125,-2.91595458984375,-0.64300537109375,1.0,2.0,1.0,4.0,2.0,100.0,event
15:31:44.704,0.77679336,1.3450184,1.1112019,0.5724969,0.7879191,0.69143933,0.73612374,0.71252525,0.3567839,0.8005545,0.5144394,0.46269038,0.59565514,0.33796024,0.50542265,0.65828586,0.4657311,-0.21193549,0.20948087,0.39570087,802.6374,804.65204,607.2161,782.49084,655.9707,-0.21258544921875,0.1015625,0.94976806640625,1.233673095703125,-2.91595458984375,-0.64300537109375,1.0,2.0,1.0,4.0,2.0,100.0,event
15:31:44.705,0.77679336,1.3450184,1.1112019,0.5724969,0.7879191,0.69143933,0.73612374,0.71252525,0.3567839,0.8005545,0.5144394,0.46269038,0.59565514,0.33796024,0.50542265,0.65828586,0.4657311,-0.21193549,0.20948087,0.39570087,794.57874,802.6374,677.72894,785.7143,788.5348,-0.21258544921875,0.1015625,0.94976806640625,1.233673095703125,-2.91595458984375,-0.64300537109375,1.0,2.0,1.0,4.0,2.0,100.0,event
15:31:44.706,0.77679336,1.3450184,1.1112019,0.5724969,0.7879191,0.69143933,0.73612374,0.71252525,0.3567839,0.8005545,0.5144394,0.46269038,0.59565514,0.33796024,0.50542265,0.65828586,0.4657311,-0.21193549,0.20948087,0.39570087,809.89014,799.41394,737.3626,794.9817,823.5897,-0.21258544921875,0.1015625,0.94976806640625,1.233673095703125,-2.91595458984375,-0.64300537109375,1.0,2.0,1.0,4.0,2.0,100.0,event
15:31:44.745,0.77679336,1.3450184,1.1112019,0.5724969,0.7879191,0.69143933,0.73612374,0.71252525,0.3567839,0.8005545,0.5144394,0.46269038,0.59565514,0.33796024,0.50542265,0.65828586,0.4657311,-0.21193549,0.20948087,0.39570087,815.9341,795.78754,760.7326,803.0403,740.58606,-0.21929931640625,0.1025390625,0.95965576171875,1.383209228515625,-6.078643798828125,1.263580322265625,1.0,2.0,1.0,4.0,2.0,100.0,event
15:31:44.747,0.77679336,1.3450184,1.1112019,0.5724969,0.7879191,0.69143933,0.73612374,0.71252525,0.3567839,0.8005545,0.5144394,0.46269038,0.59565514,0.33796024,0.50542265,0.65828586,0.4657311,-0.21193549,0.20948087,0.39570087,812.3077,794.9817,780.07324,795.38464,730.9158,-0.21929931640625,0.1025390625,0.95965576171875,1.383209228515625,-6.078643798828125,1.263580322265625,1.0,2.0,1.0,4.0,2.0,100.0,event
15:31:44.747,0.77679336,1.3450184,1.1112019,0.5724969,0.7879191,0.69143933,0.73612374,0.71252525,0.3567839,0.8005545,0.5144394,0.46269038,0.59565514,0.33796024,0.50542265,0.65828586,0.4657311,-0.21193549,0.20948087,0.39570087,810.293,794.9817,813.91943,784.90845,803.0403,-0.21929931640625,0.1025390625,0.95965576171875,1.383209228515625,-6.078643798828125,1.263580322265625,1.0,2.0,1.0,4.0,2.0,100.0,event
15:31:44.748,0.77679336,1.3450184,1.1112019,0.5724969,0.7879191,0.69143933,0.73612374,0.71252525,0.3567839,0.8005545,0.5144394,0.46269038,0.59565514,0.33796024,0.50542265,0.65828586,0.4657311,-0.21193549,0.20948087,0.39570087,813.1135,803.44324,853.8095,789.34064,809.4872,-0.21929931640625,0.1025390625,0.95965576171875,1.383209228515625,-6.078643798828125,1.263580322265625,1.0,2.0,1.0,4.0,2.0,100.0,event
15:31:44.749,0.77679336,1.3450184,1.1112019,0.5724969,0.7879191,0.69143933,0.73612374,0.71252525,0.3567839,0.8005545,0.5144394,0.46269038,0.59565514,0.33796024,0.50542265,0.65828586,0.4657311,-0.21193549,0.20948087,0.39570087,822.381,805.4579,881.2088,795.78754,812.3077,-0.21929931640625,0.1025390625,0.95965576171875,1.383209228515625,-6.078643798828125,1.263580322265625,1.0,2.0,1.0,4.0,2.0,100.0,event
15:31:44.749,0.77679336,1.3450184,1.1112019,0.5724969,0.7879191,0.69143933,0.73612374,0.71252525,0.3567839,0.8005545,0.5144394,0.46269038,0.59565514,0.33796024,0.50542265,0.65828586,0.4657311,-0.21193549,0.20948087,0.39570087,812.3077,798.60803,901.75824,785.7143,873.5531,-0.21929931640625,0.1025390625,0.95965576171875,1.383209228515625,-6.078643798828125,1.263580322265625,1.0,2.0,1.0,4.0,2.0,100.0,event
15:31:44.750,0.77679336,1.3450184,1.1112019,0.5724969,0.7879191,0.69143933,0.73612374,0.71252525,0.3567839,0.8005545,0.5144394,0.46269038,0.59565514,0.33796024,0.50542265,0.65828586,0.4657311,-0.21193549,0.20948087,0.39570087,806.26373,795.78754,921.0989,782.49084,1033.9194,-0.21929931640625,0.1025390625,0.95965576171875,1.383209228515625,-6.078643798828125,1.263580322265625,1.0,2.0,1.0,4.0,2.0,100.0,event
15:31:44.751,0.77679336,1.3450184,1.1112019,0.5724969,0.7879191,0.69143933,0.73612374,0.71252525,0.3567839,0.8005545,0.5144394,0.46269038,0.59565514,0.33796024,0.50542265,0.65828586,0.4657311,-0.21193549,0.20948087,0.39570087,808.2784,802.23444,963.8095,786.52014,962.6007,-0.21929931640625,0.1025390625,0.95965576171875,1.383209228515625,-6.078643798828125,1.263580322265625,1.0,2.0,1.0,4.0,2.0,100.0,event
15:31:44.752,0.77679336,1.3450184,1.1112019,0.5724969,0.7879191,0.69143933,0.73612374,0.71252525,0.3567839,0.8005545,0.5144394,0.46269038,0.59565514,0.33796024,0.50542265,0.65828586,0.4657311,-0.21193549,0.20948087,0.39570087,797.8022,802.23444,990.40295,787.72894,667.25275,-0.21929931640625,0.1025390625,0.95965576171875,1.383209228515625,-6.078643798828125,1.263580322265625,1.0,2.0,1.0,4.0,2.0,100.0,event
15:31:44.752,0.77679336,1.3450184,1.1112019,0.5724969,0.7879191,0.69143933,0.73612374,0.71252525,0.3567839,0.8005545,0.5144394,0.46269038,0.59565514,0.33796024,0.50542265,0.65828586,0.4657311,-0.21193549,0.20948087,0.39570087,793.36993,796.1905,989.59705,795.38464,736.55676,-0.21929931640625,0.1025390625,0.95965576171875,1.383209228515625,-6.078643798828125,1.263580322265625,1.0,2.0,1.0,4.0,2.0,100.0,event
15:31:44.753,0.77679336,1.3450184,1.1112019,0.5724969,0.7879191,0.69143933,0.73612374,0.71252525,0.3567839,0.8005545,0.5144394,0.46269038,0.59565514,0.33796024,0.50542265,0.65828586,0.4657311,-0.21193549,0.20948087,0.39570087,793.7729,796.1905,1006.1172,782.49084,850.58606,-0.21929931640625,0.1025390625,0.95965576171875,1.383209228515625,-6.078643798828125,1.263580322265625,1.0,2.0,1.0,4.0,2.0,100.0,event
15:31:44.754,0.77679336,1.3450184,1.1112019,0.5724969,0.7879191,0.69143933,0.73612374,0.71252525,0.3567839,0.8005545,0.5144394,0.46269038,0.59565514,0.33796024,0.50542265,0.65828586,0.4657311,-0.21193549,0.20948087,0.39570087,807.0696,795.78754,1025.4579,776.8498,716.0073,-0.21929931640625,0.1025390625,0.95965576171875,1.383209228515625,-6.078643798828125,1.263580322265625,1.0,2.0,1.0,4.0,2.0,100.0,event
15:31:44.781,0.77679336,1.3450184,1.1112019,0.5724969,0.7879191,0.69143933,0.73612374,0.71252525,0.3567839,0.8005545,0.5144394,0.46269038,0.59565514,0.33796024,0.50542265,0.65828586,0.4657311,-0.21193549,0.20948087,0.39570087,817.1429,799.41394,1047.2161,784.90845,668.86444,-0.20562744140625,0.10284423828125,0.96148681640625,0.770111083984375,-5.854339599609375,-0.336456298828125,1.0,2.0,1.0,4.0,2.0,100.0,event
15:31:44.782,0.77679336,1.3450184,1.1112019,0.5724969,0.7879191,0.69143933,0.73612374,0.71252525,0.3567839,0.8005545,0.5144394,0.46269038,0.59565514,0.33796024,0.50542265,0.65828586,0.4657311,-0.21193549,0.20948087,0.39570087,817.5458,795.78754,1029.4872,799.011,837.6923,-0.20562744140625,0.10284423828125,0.96148681640625,0.770111083984375,-5.854339599609375,-0.336456298828125,1.0,2.0,1.0,4.0,2.0,100.0,event
15:31:44.783,0.77679336,1.3450184,1.1112019,0.5724969,0.7879191,0.69143933,0.73612374,0.71252525,0.3567839,0.8005545,0.5144394,0.46269038,0.59565514,0.33796024,0.50542265,0.65828586,0.4657311,-0.21193549,0.20948087,0.39570087,813.91943,785.31134,996.04395,809.89014,924.3223,-0.20562744140625,0.10284423828125,0.96148681640625,0.770111083984375,-5.854339599609375,-0.336456298828125,1.0,2.0,1.0,4.0,2.0,100.0,event
15:31:44.783,0.77679336,1.3450184,1.1112019,0.5724969,0.7879191,0.69143933,0.73612374,0.71252525,0.3567839,0.8005545,0.5144394,0.46269038,0.59565514,0.33796024,0.50542265,0.65828586,0.4657311,-0.21193549,0.20948087,0.39570087,799.41394,788.5348,1010.14655,799.41394,811.0989,-0.20562744140625,0.10284423828125,0.96148681640625,0.770111083984375,-5.854339599609375,-0.336456298828125,1.0,2.0,1.0,4.0,2.0,100.0,event
15:31:44.784,0.77679336,1.3450184,1.1112019,0.5724969,0.7879191,0.69143933,0.73612374,0.71252525,0.3567839,0.8005545,0.5144394,0.46269038,0.59565514,0.33796024,0.50542265,0.65828586,0.4657311,-0.21193549,0.20948087,0.39570087,800.2198,792.5641,1054.4689,798.60803,722.8571,-0.20562744140625,0.10284423828125,0.96148681640625,0.770111083984375,-5.854339599609375,-0.336456298828125,1.0,2.0,1.0,4.0,2.0,100.0,event
15:31:44.785,0.77679336,1.3450184,1.1112019,0.5724969,0.7879191,0.69143933,0.73612374,0.71252525,0.3567839,0.8005545,0.5144394,0.46269038,0.59565514,0.33796024,0.50542265,0.65828586,0.4657311,-0.21193549,0.20948087,0.39570087,799.011,783.69965,1059.3041,800.6227,939.6337,-0.20562744140625,0.10284423828125,0.96148681640625,0.770111083984375,-5.854339599609375,-0.336456298828125,1.0,2.0,1.0,4.0,2.0,100.0,event
15:31:44.785,0.77679336,1.3450184,1.1112019,0.5724969,0.7879191,0.69143933,0.73612374,0.71252525,0.3567839,0.8005545,0.5144394,0.46269038,0.59565514,0.33796024,0.50542265,0.65828586,0.4657311,-0.21193549,0.20948087,0.39570087,797.8022,782.8938,1071.392,799.011,1066.9597,-0.20562744140625,0.10284423828125,0.96148681640625,0.770111083984375,-5.854339599609375,-0.336456298828125,1.0,2.0,1.0,4.0,2.0,100.0,event
15:31:44.786,0.77679336,1.3450184,1.1112019,0.5724969,0.7879191,0.69143933,0.73612374,0.71252525,0.3567839,0.8005545,0.5144394,0.46269038,0.59565514,0.33796024,0.50542265,0.65828586,0.4657311,-0.21193549,0.20948087,0.39570087,796.1905,788.93774,1137.0696,794.17584,781.685,-0.20562744140625,0.10284423828125,0.96148681640625,0.770111083984375,-5.854339599609375,-0.336456298828125,1.0,2.0,1.0,4.0,2.0,100.0,event
15:31:44.787,0.77679336,1.3450184,1.1112019,0.5724969,0.7879191,0.69143933,0.73612374,0.71252525,0.3567839,0.8005545,0.5144394,0.46269038,0.59565514,0.33796024,0.50542265,0.65828586,0.4657311,-0.21193549,0.20948087,0.39570087,793.36993,781.28204,1162.8572,790.9524,720.4396,-0.20562744140625,0.10284423828125,0.96148681640625,0.770111083984375,-5.854339599609375,-0.336456298828125,1.0,2.0,1.0,4.0,2.0,100.0,event
15:31:44.788,0.77679336,1.010763,1.1112019,0.5724969,0.7879191,1.2237248,0.73612374,0.71252525,0.3567839,1.2741692,0.5144394,0.46269038,0.59565514,0.70511305,0.50542265,0.65828586,0.4657311,0.29790765,0.20948087,0.39570087,786.52014,776.04395,1160.4396,794.57874,826.0073,-0.20562744140625,0.10284423828125,0.96148681640625,0.770111083984375,-5.854339599609375,-0.336456298828125,1.0,2.0,1.0,4.0,2.0,100.0,event
15:31:44.792,0.77679336,1.010763,1.1112019,0.5724969,0.7879191,1.2237248,0.73612374,0.71252525,0.3567839,1.2741692,0.5144394,0.46269038,0.59565514,0.70511305,0.50542265,0.65828586,0.4657311,0.29790765,0.20948087,0.39570087,786.52014,780.87915,1178.5714,792.5641,765.56775,-0.20562744140625,0.10284423828125,0.96148681640625,0.770111083984375,-5.854339599609375,-0.336456298828125,1.0,2.0,1.0,4.0,2.0,100.0,event
15:31:44.793,0.77679336,1.010763,1.1112019,0.5724969,0.7879191,1.2237248,0.73612374,0.71252525,0.3567839,1.2741692,0.5144394,0.46269038,0.59565514,0.70511305,0.50542265,0.65828586,0.4657311,0.29790765,0.20948087,0.39570087,799.81683,783.69965,1112.8938,792.96704,662.8205,-0.20562744140625,0.10284423828125,0.96148681640625,0.770111083984375,-5.854339599609375,-0.336456298828125,1.0,2.0,1.0,4.0,2.0,100.0,event
15:31:44.815,0.77679336,1.010763,1.1112019,0.5724969,0.7879191,1.2237248,0.73612374,0.71252525,0.3567839,1.2741692,0.5144394,0.46269038,0.59565514,0.70511305,0.50542265,0.65828586,0.4657311,0.29790765,0.20948087,0.39570087,798.20514,782.49084,1051.6483,797.3993,704.3223,-0.19024658203125,0.09869384765625,0.964599609375,1.592559814453125,-4.104766845703125,-0.95703125,1.0,2.0,1.0,4.0,2.0,100.0,event
15:31:44.816,0.77679336,1.010763,1.1112019,0.5724969,0.7879191,1.2237248,0.73612374,0.71252525,0.3567839,1.2741692,0.5144394,0.46269038,0.59565514,0.70511305,0.50542265,0.65828586,0.4657311,0.29790765,0.20948087,0.39570087,791.75824,784.10254,1063.7362,801.02563,840.5128,-0.19024658203125,0.09869384765625,0.964599609375,1.592559814453125,-4.104766845703125,-0.95703125,1.0,2.0,1.0,4.0,2.0,100.0,event
15:31:44.817,0.77679336,1.010763,1.1112019,0.5724969,0.7879191,1.2237248,0.73612374,0.71252525,0.3567839,1.2741692,0.5144394,0.46269038,0.59565514,0.70511305,0.50542265,0.65828586,0.4657311,0.29790765,0.20948087,0.39570087,786.1172,782.8938,1042.381,794.17584,865.89746,-0.19024658203125,0.09869384765625,0.964599609375,1.592559814453125,-4.104766845703125,-0.95703125,1.0,2.0,1.0,4.0,2.0,100.0,event
15:31:44.817,0.77679336,1.010763,1.1112019,0.5724969,0.7879191,1.2237248,0.73612374,0.71252525,0.3567839,1.2741692,0.5144394,0.46269038,0.59565514,0.70511305,0.50542265,0.65828586,0.4657311,0.29790765,0.20948087,0.39570087,790.9524,778.0586,1030.6959,786.1172,744.21246,-0.19024658203125,0.09869384765625,0.964599609375,1.592559814453125,-4.104766845703125,-0.95703125,1.0,2.0,1.0,4.0,2.0,100.0,event
15:31:44.818,0.77679336,1.010763,1.1112019,0.5724969,0.7879191,1.2237248,0.73612374,0.71252525,0.3567839,1.2741692,0.5144394,0.46269038,0.59565514,0.70511305,0.50542265,0.65828586,0.4657311,0.29790765,0.20948087,0.39570087,789.34064,771.6117,996.4469,786.52014,731.7216,-0.19024658203125,0.09869384765625,0.964599609375,1.592559814453125,-4.104766845703125,-0.95703125,1.0,2.0,1.0,4.0,2.0,100.0,event
15:31:44.819,0.77679336,1.010763,1.1112019,0.5724969,0.7879191,1.2237248,0.73612374,0.71252525,0.3567839,1.2741692,0.5144394,0.46269038,0.59565514,0.70511305,0.50542265,0.65828586,0.4657311,0.29790765,0.20948087,0.39570087,794.57874,770.40295,936.8132,789.34064,899.7436,-0.19024658203125,0.09869384765625,0.964599609375,1.592559814453125,-4.104766845703125,-0.95703125,1.0,2.0,1.0,4.0,2.0,100.0,event
15:31:44.819,0.77679336,1.010763,1.1112019,0.5724969,0.7879191,1.2237248,0.73612374,0.71252525,0.3567839,1.2741692,0.5144394,0.46269038,0.59565514,0.70511305,0.50542265,0.65828586,0.4657311,0.29790765,0.20948087,0.39570087,800.2198,766.77655,882.8205,791.3553,982.3443,-0.19024658203125,0.09869384765625,0.964599609375,1.592559814453125,-4.104766845703125,-0.95703125,1.0,2.0,1.0,4.0,2.0,100.0,event
15:31:44.820,0.77679336,1.010763,1.1112019,0.5724969,0.7879191,1.2237248,0.73612374,0.71252525,0.3567839,1.2741692,0.5144394,0.46269038,0.59565514,0.70511305,0.50542265,0.65828586,0.4657311,0.29790765,0.20948087,0.39570087,796.1905,767.5824,814.3223,790.9524,792.5641,-0.19024658203125,0.09869384765625,0.964599609375,1.592559814453125,-4.104766845703125,-0.95703125,1.0,2.0,1.0,4.0,2.0,100.0,event
15:31:44.820,0.77679336,1.010763,1.1112019,0.5724969,0.7879191,1.2237248,0.73612374,0.71252525,0.3567839,1.2741692,0.5144394,0.46269038,0.59565514,0.70511305,0.50542265,0.65828586,0.4657311,0.29790765,0.20948087,0.39570087,790.54944,765.56775,707.9487,795.38464,683.36993,-0.19024658203125,0.09869384765625,0.964599609375,1.592559814453125,-4.104766845703125,-0.95703125,1.0,2.0,1.0,4.0,2.0,100.0,event
15:31:44.821,0.77679336,1.010763,1.1112019,0.5724969,0.7879191,1.2237248,0.73612374,0.71252525,0.3567839,1.2741692,0.5144394,0.46269038,0.59565514,0.70511305,0.50542265,0.65828586,0.4657311,0.29790765,0.20948087,0.39570087,796.5934,759.12085,672.0879,805.4579,893.69965,-0.19024658203125,0.09869384765625,0.964599609375,1.592559814453125,-4.104766845703125,-0.95703125,1.0,2.0,1.0,4.0,2.0,100.0,event
15:31:44.822,0.77679336,1.010763,1.1112019,0.5724969,0.7879191,1.2237248,0.73612374,0.71252525,0.3567839,1.2741692,0.5144394,0.46269038,0.59565514,0.70511305,0.50542265,0.65828586,0.4657311,0.29790765,0.20948087,0.39570087,803.44324,772.01465,751.06226,796.99634,784.5055,-0.19024658203125,0.09869384765625,0.964599609375,1.592559814453125,-4.104766845703125,-0.95703125,1.0,2.0,1.0,4.0,2.0,100.0,event
15:31:44.822,0.77679336,1.010763,1.1112019,0.5724969,0.7879191,1.2237248,0.73612374,0.71252525,0.3567839,1.2741692,0.5144394,0.46269038,0.59565514,0.70511305,0.50542265,0.65828586,0.4657311,0.29790765,0.20948087,0.39570087,809.89014,766.77655,739.3773,803.44324,887.25275,-0.19024658203125,0.09869384765625,0.964599609375,1.592559814453125,-4.104766845703125,-0.95703125,1.0,2.0,1.0,4.0,2.0,100.0,event
15:31:44.882,0.77679336,1.010763,1.1112019,0.5724969,0.7879191,1.2237248,0.73612374,0.71252525,0.3567839,1.2741692,0.5144394,0.46269038,0.59565514,0.70511305,0.50542265,0.65828586,0.4657311,0.29790765,0.20948087,0.39570087,799.011,767.5824,709.9634,792.5641,809.89014,-0.19024658203125,0.09869384765625,0.964599609375,1.592559814453125,-4.104766845703125,-0.95703125,1.0,2.0,1.0,4.0,2.0,100.0,event
15:31:44.883,0.77679336,1.010763,1.1112019,0.5724969,0.7879191,1.2237248,0.73612374,0.71252525,0.3567839,1.2741692,0.5144394,0.46269038,0.59565514,0.70511305,0.50542265,0.65828586,0.4657311,0.29790765,0.20948087,0.39570087,790.54944,767.1795,747.8388,784.90845,803.44324,-0.19024658203125,0.09869384765625,0.964599609375,1.592559814453125,-4.104766845703125,-0.95703125,1.0,2.0,1.0,4.0,2.0,100.0,event
15:31:44.884,0.77679336,1.010763,1.1112019,0.5724969,0.7879191,1.2237248,0.73612374,0.71252525,0.3567839,1.2741692,0.5144394,0.46269038,0.59565514,0.70511305,0.50542265,0.65828586,0.4657311,0.29790765,0.20948087,0.39570087,788.5348,769.59705,826.4103,790.14655,757.50916,-0.19024658203125,0.09869384765625,0.964599609375,1.592559814453125,-4.104766845703125,-0.95703125,1.0,2.0,1.0,4.0,2.0,100.0,event
15:31:44.886,0.77679336,1.010763,1.1112019,0.5724969,0.7879191,1.2237248,0.73612374,0.71252525,0.3567839,1.2741692,0.5144394,0.46269038,0.59565514,0.70511305,0.50542265,0.65828586,0.4657311,0.29790765,0.20948087,0.39570087,802.23444,762.74725,841.31866,798.60803,709.9634,-0.19024658203125,0.09869384765625,0.964599609375,1.592559814453125,-4.104766845703125,-0.95703125,1.0,2.0,1.0,4.0,2.0,100.0,event
15:31:44.887,0.77679336,1.010763,1.1112019,0.5724969,0.7879191,1.2237248,0.73612374,0.71252525,0.3567839,1.2741692,0.5144394,0.46269038,0.59565514,0.70511305,0.50542265,0.65828586,0.4657311,0.29790765,0.20948087,0.39570087,799.81683,761.9414,865.09155,798.20514,848.1685,-0.19024658203125,0.09869384765625,0.964599609375,1.592559814453125,-4.104766845703125,-0.95703125,1.0,2.0,1.0,4.0,2.0,100.0,event
15:31:44.888,0.77679336,1.010763,1.1112019,0.5724969,0.7879191,1.2237248,0.73612374,0.71252525,0.3567839,1.2741692,0.5144394,0.46269038,0.59565514,0.70511305,0.50542265,0.65828586,0.4657311,0.29790765,0.20948087,0.39570087,796.5934,768.7912,901.3553,805.4579,913.44324,-0.19024658203125,0.09869384765625,0.964599609375,1.592559814453125,-4.104766845703125,-0.95703125,1.0,2.0,1.0,4.0,2.0,100.0,event
15:31:44.890,0.77679336,1.010763,1.1112019,0.5724969,0.7879191,1.2237248,0.73612374,0.71252525,0.3567839,1.2741692,0.5144394,0.46269038,0.59565514,0.70511305,0.50542265,0.65828586,0.4657311,0.29790765,0.20948087,0.39570087,799.41394,768.7912,896.1172,803.0403,831.6484,-0.19024658203125,0.09869384765625,0.964599609375,1.592559814453125,-4.104766845703125,-0.95703125,1.0,2.0,1.0,4.0,2.0,100.0,event
15:31:44.891,0.77679336,1.010763,1.1112019,0.5724969,0.7879191,1.2237248,0.73612374,0.71252525,0.3567839,1.2741692,0.5144394,0.46269038,0.59565514,0.70511305,0.50542265,0.65828586,0.4657311,0.29790765,0.20948087,0.39570087,802.6374,768.7912,881.6117,795.78754,841.31866,-0.19024658203125,0.09869384765625,0.964599609375,1.592559814453125,-4.104766845703125,-0.95703125,1.0,2.0,1.0,4.0,2.0,100.0,event
15:31:44.892,0.77679336,1.010763,1.1112019,0.5724969,0.7879191,1.2237248,0.73612374,0.71252525,0.3567839,1.2741692,0.5144394,0.46269038,0.59565514,0.70511305,0.50542265,0.65828586,0.4657311,0.29790765,0.20948087,0.39570087,808.68134,767.5824,856.63007,796.99634,932.381,-0.19024658203125,0.09869384765625,0.964599609375,1.592559814453125,-4.104766845703125,-0.95703125,1.0,2.0,1.0,4.0,2.0,100.0,event
15:31:44.893,0.77679336,1.010763,1.1112019,0.5724969,0.7879191,1.2237248,0.73612374,0.71252525,0.3567839,1.2741692,0.5144394,0.46269038,0.59565514,0.70511305,0.50542265,0.65828586,0.4657311,0.29790765,0.20948087,0.39570087,809.89014,765.16486,842.52747,797.8022,1037.1428,-0.19024658203125,0.09869384765625,0.964599609375,1.592559814453125,-4.104766845703125,-0.95703125,1.0,2.0,1.0,4.0,2.0,100.0,event
15:31:44.894,0.77679336,1.010763,1.1112019,0.5724969,0.7879191,1.2237248,0.73612374,0.71252525,0.3567839,1.2741692,0.5144394,0.46269038,0.59565514,0.70511305,0.50542265,0.65828586,0.4657311,0.29790765,0.20948087,0.39570087,799.41394,773.22345,851.79486,792.1612,807.0696,-0.19024658203125,0.09869384765625,0.964599609375,1.592559814453125,-4.104766845703125,-0.95703125,1.0,2.0,1.0,4.0,2.0,100.0,event
15:31:44.895,0.77679336,1.049499,1.1112019,0.5724969,0.7879191,1.2092302,0.73612374,0.71252525,0.3567839,1.2741692,0.5144394,0.46269038,0.59565514,0.70732546,0.50542265,0.65828586,0.4657311,0.2828443,0.20948087,0.39570087,789.34064,768.7912,815.12823,788.1319,653.95605,-0.19024658203125,0.09869384765625,0.964599609375,1.592559814453125,-4.104766845703125,-0.95703125,1.0,2.0,1.0,4.0,2.0,100.0,event
