TimeStamp,Delta_TP9,Delta_AF7,Delta_AF8,Delta_TP10,Theta_TP9,Theta_AF7,Theta_AF8,Theta_TP10,Alpha_TP9,Alpha_AF7,Alpha_AF8,Alpha_TP10,Beta_TP9,Beta_AF7,Beta_AF8,Beta_TP10,Gamma_TP9,Gamma_AF7,Gamma_AF8,Gamma_TP10,RAW_TP9,RAW_AF7,RAW_AF8,RAW_TP10,AUX_RIGHT,Accelerometer_X,Accelerometer_Y,Accelerometer_Z,Gyro_X,Gyro_Y,Gyro_Z,HeadBandOn,HSI_TP9,HSI_AF7,HSI_AF8,HSI_TP10,Battery,Elements
12:10:17.434,0.09286916,-0.33264536,0.84160185,0.068385534,0.014725181,-0.9745517,0.03459659,0.09749589,0.33244413,-0.26856044,0.08882945,0.64431524,0.8771848,0.067016445,0.3617042,1.0708495,0.7985429,0.25726497,0.05233925,1.0823425,802.6374,814.3223,811.0989,807.8755,753.47986,-0.03961181640625,0.1488037109375,0.98388671875,0.3887939453125,-9.323577880859377,-1.413116455078125,1.0,1.0,1.0,1.0,1.0,95.0,event
12:10:17.435,0.09286916,-0.33264536,0.84160185,0.068385534,0.014725181,-0.9745517,0.03459659,0.09749589,0.33244413,-0.26856044,0.08882945,0.64431524,0.8771848,0.067016445,0.3617042,1.0708495,0.7985429,0.25726497,0.05233925,1.0823425,748.24176,801.4286,806.6667,768.7912,726.4835,-0.03961181640625,0.1488037109375,0.98388671875,0.3887939453125,-9.323577880859377,-1.413116455078125,1.0,1.0,1.0,1.0,1.0,95.0,event
12:10:17.436,0.09286916,-0.33264536,0.84160185,0.068385534,0.014725181,-0.9745517,0.03459659,0.09749589,0.33244413,-0.26856044,0.08882945,0.64431524,0.8771848,0.067016445,0.3617042,1.0708495,0.7985429,0.25726497,0.05233925,1.0823425,765.56775,801.02563,801.4286,791.3553,708.7546,-0.03961181640625,0.1488037109375,0.98388671875,0.3887939453125,-9.323577880859377,-1.413116455078125,1.0,1.0,1.0,1.0,1.0,95.0,event
12:10:17.437,0.09286916,-0.33264536,0.84160185,0.068385534,0.014725181,-0.9745517,0.03459659,0.09749589,0.33244413,-0.26856044,0.08882945,0.64431524,0.8771848,0.067016445,0.3617042,1.0708495,0.7985429,0.25726497,0.05233925,1.0823425,791.3553,791.75824,818.7546,806.26373,809.4872,-0.03961181640625,0.1488037109375,0.98388671875,0.3887939453125,-9.323577880859377,-1.413116455078125,1.0,1.0,1.0,1.0,1.0,95.0,event
12:10:17.438,0.09286916,-0.33264536,0.84160185,0.068385534,0.014725181,-0.9745517,0.03459659,0.09749589,0.33244413,-0.26856044,0.08882945,0.64431524,0.8771848,0.067016445,0.3617042,1.0708495,0.7985429,0.25726497,0.05233925,1.0823425,754.2857,797.8022,819.9634,804.2491,818.3516,-0.03961181640625,0.1488037109375,0.98388671875,0.3887939453125,-9.323577880859377,-1.413116455078125,1.0,1.0,1.0,1.0,1.0,95.0,event
12:10:17.439,0.09286916,-0.33264536,0.84160185,0.068385534,0.014725181,-0.9745517,0.03459659,0.09749589,0.33244413,-0.26856044,0.08882945,0.64431524,0.8771848,0.067016445,0.3617042,1.0708495,0.7985429,0.25726497,0.05233925,1.0823425,778.0586,807.47253,818.3516,808.68134,844.94507,-0.03961181640625,0.1488037109375,0.98388671875,0.3887939453125,-9.323577880859377,-1.413116455078125,1.0,1.0,1.0,1.0,1.0,95.0,event
12:10:17.439,0.09286916,-0.33264536,0.84160185,0.068385534,0.014725181,-0.9745517,0.03459659,0.09749589,0.33244413,-0.26856044,0.08882945,0.64431524,0.8771848,0.067016445,0.3617042,1.0708495,0.7985429,0.25726497,0.05233925,1.0823425,806.26373,799.011,824.7985,786.52014,839.707,-0.03961181640625,0.1488037109375,0.98388671875,0.3887939453125,-9.323577880859377,-1.413116455078125,1.0,1.0,1.0,1.0,1.0,95.0,event
12:10:17.440,0.09286916,-0.33264536,0.84160185,0.068385534,0.014725181,-0.9745517,0.03459659,0.09749589,0.33244413,-0.26856044,0.08882945,0.64431524,0.8771848,0.067016445,0.3617042,1.0708495,0.7985429,0.25726497,0.05233925,1.0823425,806.6667,799.81683,818.3516,790.9524,946.8865,-0.03961181640625,0.1488037109375,0.98388671875,0.3887939453125,-9.323577880859377,-1.413116455078125,1.0,1.0,1.0,1.0,1.0,95.0,event
12:10:17.441,0.09286916,-0.33264536,0.84160185,0.068385534,0.014725181,-0.9745517,0.03459659,0.09749589,0.33244413,-0.26856044,0.08882945,0.64431524,0.8771848,0.067016445,0.3617042,1.0708495,0.7985429,0.25726497,0.05233925,1.0823425,785.31134,797.8022,816.7399,811.9048,1054.4689,-0.03961181640625,0.1488037109375,0.98388671875,0.3887939453125,-9.323577880859377,-1.413116455078125,1.0,1.0,1.0,1.0,1.0,95.0,event
12:10:17.441,0.09286916,-0.33264536,0.84160185,0.068385534,0.014725181,-0.9745517,0.03459659,0.09749589,0.33244413,-0.26856044,0.08882945,0.64431524,0.8771848,0.067016445,0.3617042,1.0708495,0.7985429,0.25726497,0.05233925,1.0823425,788.93774,803.0403,825.2015,842.9304,799.011,-0.03961181640625,0.1488037109375,0.98388671875,0.3887939453125,-9.323577880859377,-1.413116455078125,1.0,1.0,1.0,1.0,1.0,95.0,event
12:10:17.442,0.09286916,-0.33264536,0.84160185,0.068385534,0.014725181,-0.9745517,0.03459659,0.09749589,0.33244413,-0.26856044,0.08882945,0.64431524,0.8771848,0.067016445,0.3617042,1.0708495,0.7985429,0.25726497,0.05233925,1.0823425,821.5751,808.2784,824.7985,868.315,731.31866,-0.03961181640625,0.1488037109375,0.98388671875,0.3887939453125,-9.323577880859377,-1.413116455078125,1.0,1.0,1.0,1.0,1.0,95.0,event
12:10:17.443,0.09286916,-0.3087525,0.8432285,0.068385534,0.014725181,-0.90427154,0.010762382,0.09749589,0.33244413,-0.25819948,0.07785042,0.64431524,0.8771848,0.06114732,0.36078766,1.0708495,0.7985429,0.26940385,0.07327847,1.0823425,789.34064,803.44324,816.7399,827.2161,790.54944,-0.03961181640625,0.1488037109375,0.98388671875,0.3887939453125,-9.323577880859377,-1.413116455078125,1.0,1.0,1.0,1.0,1.0,95.0,event
12:10:17.504,0.09286916,-0.3087525,0.8432285,0.068385534,0.014725181,-0.90427154,0.010762382,0.09749589,0.33244413,-0.25819948,0.07785042,0.64431524,0.8771848,0.06114732,0.36078766,1.0708495,0.7985429,0.26940385,0.07327847,1.0823425,773.6264,803.44324,816.337,786.1172,741.79486,-0.00885009765625,0.13848876953125,0.96954345703125,0.35888671875,-4.358978271484375,-2.28790283203125,1.0,1.0,1.0,1.0,1.0,95.0,event
12:10:17.505,0.09286916,-0.3087525,0.8432285,0.068385534,0.014725181,-0.90427154,0.010762382,0.09749589,0.33244413,-0.25819948,0.07785042,0.64431524,0.8771848,0.06114732,0.36078766,1.0708495,0.7985429,0.26940385,0.07327847,1.0823425,788.1319,801.8315,812.71063,795.38464,738.97437,-0.00885009765625,0.13848876953125,0.96954345703125,0.35888671875,-4.358978271484375,-2.28790283203125,1.0,1.0,1.0,1.0,1.0,95.0,event
12:10:17.505,0.09286916,-0.3087525,0.8432285,0.068385534,0.014725181,-0.90427154,0.010762382,0.09749589,0.33244413,-0.25819948,0.07785042,0.64431524,0.8771848,0.06114732,0.36078766,1.0708495,0.7985429,0.26940385,0.07327847,1.0823425,789.7436,807.0696,814.3223,810.696,766.77655,-0.00885009765625,0.13848876953125,0.96954345703125,0.35888671875,-4.358978271484375,-2.28790283203125,1.0,1.0,1.0,1.0,1.0,95.0,event
12:10:17.506,0.09286916,-0.3087525,0.8432285,0.068385534,0.014725181,-0.90427154,0.010762382,0.09749589,0.33244413,-0.25819948,0.07785042,0.64431524,0.8771848,0.06114732,0.36078766,1.0708495,0.7985429,0.26940385,0.07327847,1.0823425,803.8461,800.6227,821.978,809.0842,799.81683,-0.00885009765625,0.13848876953125,0.96954345703125,0.35888671875,-4.358978271484375,-2.28790283203125,1.0,1.0,1.0,1.0,1.0,95.0,event
12:10:17.507,0.09286916,-0.3087525,0.8432285,0.068385534,0.014725181,-0.90427154,0.010762382,0.09749589,0.33244413,-0.25819948,0.07785042,0.64431524,0.8771848,0.06114732,0.36078766,1.0708495,0.7985429,0.26940385,0.07327847,1.0823425,790.14655,792.96704,824.7985,790.9524,807.0696,-0.00885009765625,0.13848876953125,0.96954345703125,0.35888671875,-4.358978271484375,-2.28790283203125,1.0,1.0,1.0,1.0,1.0,95.0,event
12:10:17.507,0.09286916,-0.3087525,0.8432285,0.068385534,0.014725181,-0.90427154,0.010762382,0.09749589,0.33244413,-0.25819948,0.07785042,0.64431524,0.8771848,0.06114732,0.36078766,1.0708495,0.7985429,0.26940385,0.07327847,1.0823425,777.25275,806.26373,824.7985,800.2198,836.4835,-0.00885009765625,0.13848876953125,0.96954345703125,0.35888671875,-4.358978271484375,-2.28790283203125,1.0,1.0,1.0,1.0,1.0,95.0,event
12:10:17.508,0.09286916,-0.3087525,0.8432285,0.068385534,0.014725181,-0.90427154,0.010762382,0.09749589,0.33244413,-0.25819948,0.07785042,0.64431524,0.8771848,0.06114732,0.36078766,1.0708495,0.7985429,0.26940385,0.07327847,1.0823425,776.4469,813.1135,824.7985,819.15753,941.2454,-0.00885009765625,0.13848876953125,0.96954345703125,0.35888671875,-4.358978271484375,-2.28790283203125,1.0,1.0,1.0,1.0,1.0,95.0,event
12:10:17.509,0.09286916,-0.3087525,0.8432285,0.068385534,0.014725181,-0.90427154,0.010762382,0.09749589,0.33244413,-0.25819948,0.07785042,0.64431524,0.8771848,0.06114732,0.36078766,1.0708495,0.7985429,0.26940385,0.07327847,1.0823425,800.2198,805.05493,824.7985,828.8278,1145.9341,-0.00885009765625,0.13848876953125,0.96954345703125,0.35888671875,-4.358978271484375,-2.28790283203125,1.0,1.0,1.0,1.0,1.0,95.0,event
12:10:17.509,0.09286916,-0.3087525,0.8432285,0.068385534,0.014725181,-0.90427154,0.010762382,0.09749589,0.33244413,-0.25819948,0.07785042,0.64431524,0.8771848,0.06114732,0.36078766,1.0708495,0.7985429,0.26940385,0.07327847,1.0823425,856.63007,801.02563,821.978,818.7546,931.5751,-0.00885009765625,0.13848876953125,0.96954345703125,0.35888671875,-4.358978271484375,-2.28790283203125,1.0,1.0,1.0,1.0,1.0,95.0,event
12:10:17.510,0.09286916,-0.3087525,0.8432285,0.068385534,0.014725181,-0.90427154,0.010762382,0.09749589,0.33244413,-0.25819948,0.07785042,0.64431524,0.8771848,0.06114732,0.36078766,1.0708495,0.7985429,0.26940385,0.07327847,1.0823425,814.7253,807.0696,816.337,803.8461,682.1612,-0.00885009765625,0.13848876953125,0.96954345703125,0.35888671875,-4.358978271484375,-2.28790283203125,1.0,1.0,1.0,1.0,1.0,95.0,event
12:10:17.511,0.09286916,-0.3087525,0.8432285,0.068385534,0.014725181,-0.90427154,0.010762382,0.09749589,0.33244413,-0.25819948,0.07785042,0.64431524,0.8771848,0.06114732,0.36078766,1.0708495,0.7985429,0.26940385,0.07327847,1.0823425,785.31134,803.0403,802.23444,782.49084,771.2088,-0.00885009765625,0.13848876953125,0.96954345703125,0.35888671875,-4.358978271484375,-2.28790283203125,1.0,1.0,1.0,1.0,1.0,95.0,event
12:10:17.511,0.09286916,-0.3087525,0.8432285,0.068385534,0.014725181,-0.90427154,0.010762382,0.09749589,0.33244413,-0.25819948,0.07785042,0.64431524,0.8771848,0.06114732,0.36078766,1.0708495,0.7985429,0.26940385,0.07327847,1.0823425,774.0293,802.6374,804.65204,796.1905,740.989,-0.00885009765625,0.13848876953125,0.96954345703125,0.35888671875,-4.358978271484375,-2.28790283203125,1.0,1.0,1.0,1.0,1.0,95.0,event
12:10:17.539,0.09286916,-0.3087525,0.8432285,0.068385534,0.014725181,-0.90427154,0.010762382,0.09749589,0.33244413,-0.25819948,0.07785042,0.64431524,0.8771848,0.06114732,0.36078766,1.0708495,0.7985429,0.26940385,0.07327847,1.0823425,769.59705,811.0989,811.0989,787.326,701.9048,-0.00244140625,0.13641357421875,0.96710205078125,1.734619140625,-5.69732666015625,0.16448974609375,1.0,1.0,1.0,1.0,1.0,95.0,event
12:10:17.540,0.09286916,-0.3087525,0.8432285,0.068385534,0.014725181,-0.90427154,0.010762382,0.09749589,0.33244413,-0.25819948,0.07785042,0.64431524,0.8771848,0.06114732,0.36078766,1.0708495,0.7985429,0.26940385,0.07327847,1.0823425,779.67035,814.3223,813.1135,799.81683,693.44324,-0.00244140625,0.13641357421875,0.96710205078125,1.734619140625,-5.69732666015625,0.16448974609375,1.0,1.0,1.0,1.0,1.0,95.0,event
12:10:17.541,0.09286916,-0.3087525,0.8432285,0.068385534,0.014725181,-0.90427154,0.010762382,0.09749589,0.33244413,-0.25819948,0.07785042,0.64431524,0.8771848,0.06114732,0.36078766,1.0708495,0.7985429,0.26940385,0.07327847,1.0823425,799.41394,806.26373,807.0696,802.6374,780.4762,-0.00244140625,0.13641357421875,0.96710205078125,1.734619140625,-5.69732666015625,0.16448974609375,1.0,1.0,1.0,1.0,1.0,95.0,event
12:10:17.542,0.09286916,-0.3087525,0.8432285,0.068385534,0.014725181,-0.90427154,0.010762382,0.09749589,0.33244413,-0.25819948,0.07785042,0.64431524,0.8771848,0.06114732,0.36078766,1.0708495,0.7985429,0.26940385,0.07327847,1.0823425,822.381,807.47253,803.8461,817.9487,789.34064,-0.00244140625,0.13641357421875,0.96710205078125,1.734619140625,-5.69732666015625,0.16448974609375,1.0,1.0,1.0,1.0,1.0,95.0,event
12:10:17.542,0.09286916,-0.3087525,0.8432285,0.068385534,0.014725181,-0.90427154,0.010762382,0.09749589,0.33244413,-0.25819948,0.07785042,0.64431524,0.8771848,0.06114732,0.36078766,1.0708495,0.7985429,0.26940385,0.07327847,1.0823425,826.8132,816.337,806.26373,796.1905,759.92676,-0.00244140625,0.13641357421875,0.96710205078125,1.734619140625,-5.69732666015625,0.16448974609375,1.0,1.0,1.0,1.0,1.0,95.0,event
12:10:17.543,0.09286916,-0.3087525,0.8432285,0.068385534,0.014725181,-0.90427154,0.010762382,0.09749589,0.33244413,-0.25819948,0.07785042,0.64431524,0.8771848,0.06114732,0.36078766,1.0708495,0.7985429,0.26940385,0.07327847,1.0823425,780.4762,815.12823,804.65204,772.8205,876.3736,-0.00244140625,0.13641357421875,0.96710205078125,1.734619140625,-5.69732666015625,0.16448974609375,1.0,1.0,1.0,1.0,1.0,95.0,event
12:10:17.544,0.09286916,-0.3087525,0.8432285,0.068385534,0.014725181,-0.90427154,0.010762382,0.09749589,0.33244413,-0.25819948,0.07785042,0.64431524,0.8771848,0.06114732,0.36078766,1.0708495,0.7985429,0.26940385,0.07327847,1.0823425,773.6264,819.15753,800.2198,765.9707,1115.3114,-0.00244140625,0.13641357421875,0.96710205078125,1.734619140625,-5.69732666015625,0.16448974609375,1.0,1.0,1.0,1.0,1.0,95.0,event
12:10:17.544,0.09286916,-0.3087525,0.8432285,0.068385534,0.014725181,-0.90427154,0.010762382,0.09749589,0.33244413,-0.25819948,0.07785042,0.64431524,0.8771848,0.06114732,0.36078766,1.0708495,0.7985429,0.26940385,0.07327847,1.0823425,787.326,818.7546,800.6227,755.4945,1047.619,-0.00244140625,0.13641357421875,0.96710205078125,1.734619140625,-5.69732666015625,0.16448974609375,1.0,1.0,1.0,1.0,1.0,95.0,event
12:10:17.545,0.09286916,-0.3087525,0.8432285,0.068385534,0.014725181,-0.90427154,0.010762382,0.09749589,0.33244413,-0.25819948,0.07785042,0.64431524,0.8771848,0.06114732,0.36078766,1.0708495,0.7985429,0.26940385,0.07327847,1.0823425,812.3077,814.7253,805.4579,802.6374,741.79486,-0.00244140625,0.13641357421875,0.96710205078125,1.734619140625,-5.69732666015625,0.16448974609375,1.0,1.0,1.0,1.0,1.0,95.0,event
12:10:17.545,0.09286916,-0.3087525,0.8432285,0.068385534,0.014725181,-0.90427154,0.010762382,0.09749589,0.33244413,-0.25819948,0.07785042,0.64431524,0.8771848,0.06114732,0.36078766,1.0708495,0.7985429,0.26940385,0.07327847,1.0823425,801.8315,814.7253,802.23444,787.326,761.13556,-0.00244140625,0.13641357421875,0.96710205078125,1.734619140625,-5.69732666015625,0.16448974609375,1.0,1.0,1.0,1.0,1.0,95.0,event
12:10:17.546,0.09286916,-0.3087525,0.8432285,0.068385534,0.014725181,-0.90427154,0.010762382,0.09749589,0.33244413,-0.25819948,0.07785042,0.64431524,0.8771848,0.06114732,0.36078766,1.0708495,0.7985429,0.26940385,0.07327847,1.0823425,801.02563,812.71063,803.0403,788.1319,929.15753,-0.00244140625,0.13641357421875,0.96710205078125,1.734619140625,-5.69732666015625,0.16448974609375,1.0,1.0,1.0,1.0,1.0,95.0,event
12:10:17.547,0.09286916,-0.3087525,0.8432285,0.068385534,0.014725181,-0.90427154,0.010762382,0.09749589,0.33244413,-0.25819948,0.07785042,0.64431524,0.8771848,0.06114732,0.36078766,1.0708495,0.7985429,0.26940385,0.07327847,1.0823425,811.0989,802.6374,818.3516,819.9634,801.4286,-0.00244140625,0.13641357421875,0.96710205078125,1.734619140625,-5.69732666015625,0.16448974609375,1.0,1.0,1.0,1.0,1.0,95.0,event
12:10:17.607,0.09286916,-0.3087525,0.8432285,0.068385534,0.014725181,-0.90427154,0.010762382,0.09749589,0.33244413,-0.25819948,0.07785042,0.64431524,0.8771848,0.06114732,0.36078766,1.0708495,0.7985429,0.26940385,0.07327847,1.0823425,818.3516,806.26373,813.5165,833.663,663.6264,-0.01885986328125,0.13653564453125,0.96856689453125,4.26177978515625,-4.42626953125,3.058013916015625,1.0,1.0,1.0,1.0,1.0,95.0,event
12:10:17.608,0.09286916,-0.26159877,0.8401614,0.068385534,0.014725181,-0.85099643,-0.020993495,0.09749589,0.33244413,-0.23058718,0.063037984,0.64431524,0.8771848,0.06725643,0.37321943,1.0708495,0.7985429,0.29420078,0.11031654,1.0823425,820.7692,812.71063,797.3993,782.0879,761.13556,-0.01885986328125,0.13653564453125,0.96856689453125,4.26177978515625,-4.42626953125,3.058013916015625,1.0,1.0,1.0,1.0,1.0,95.0,event
12:10:17.614,0.09286916,-0.26159877,0.8401614,0.068385534,0.014725181,-0.85099643,-0.020993495,0.09749589,0.33244413,-0.23058718,0.063037984,0.64431524,0.8771848,0.06725643,0.37321943,1.0708495,0.7985429,0.29420078,0.11031654,1.0823425,825.6044,807.47253,805.8608,761.53845,862.674,-0.01885986328125,0.13653564453125,0.96856689453125,4.26177978515625,-4.42626953125,3.058013916015625,1.0,1.0,1.0,1.0,1.0,95.0,event
12:10:17.615,0.09286916,-0.26159877,0.8401614,0.068385534,0.014725181,-0.85099643,-0.020993495,0.09749589,0.33244413,-0.23058718,0.063037984,0.64431524,0.8771848,0.06725643,0.37321943,1.0708495,0.7985429,0.29420078,0.11031654,1.0823425,819.5604,807.8755,808.68134,770.0,793.36993,-0.01885986328125,0.13653564453125,0.96856689453125,4.26177978515625,-4.42626953125,3.058013916015625,1.0,1.0,1.0,1.0,1.0,95.0,event
12:10:17.616,0.09286916,-0.26159877,0.8401614,0.068385534,0.014725181,-0.85099643,-0.020993495,0.09749589,0.33244413,-0.23058718,0.063037984,0.64431524,0.8771848,0.06725643,0.37321943,1.0708495,0.7985429,0.29420078,0.11031654,1.0823425,801.02563,811.9048,807.8755,773.6264,734.5421,-0.01885986328125,0.13653564453125,0.96856689453125,4.26177978515625,-4.42626953125,3.058013916015625,1.0,1.0,1.0,1.0,1.0,95.0,event
12:10:17.617,0.09286916,-0.26159877,0.8401614,0.068385534,0.014725181,-0.85099643,-0.020993495,0.09749589,0.33244413,-0.23058718,0.063037984,0.64431524,0.8771848,0.06725643,0.37321943,1.0708495,0.7985429,0.29420078,0.11031654,1.0823425,780.87915,812.3077,815.9341,786.1172,938.8278,-0.01885986328125,0.13653564453125,0.96856689453125,4.26177978515625,-4.42626953125,3.058013916015625,1.0,1.0,1.0,1.0,1.0,95.0,event
12:10:17.618,0.09286916,-0.26159877,0.8401614,0.068385534,0.014725181,-0.85099643,-0.020993495,0.09749589,0.33244413,-0.23058718,0.063037984,0.64431524,0.8771848,0.06725643,0.37321943,1.0708495,0.7985429,0.29420078,0.11031654,1.0823425,771.6117,807.8755,821.5751,759.12085,1022.6374,-0.01885986328125,0.13653564453125,0.96856689453125,4.26177978515625,-4.42626953125,3.058013916015625,1.0,1.0,1.0,1.0,1.0,95.0,event
12:10:17.619,0.09286916,-0.26159877,0.8401614,0.068385534,0.014725181,-0.85099643,-0.020993495,0.09749589,0.33244413,-0.23058718,0.063037984,0.64431524,0.8771848,0.06725643,0.37321943,1.0708495,0.7985429,0.29420078,0.11031654,1.0823425,775.2381,814.7253,815.9341,766.3736,805.4579,-0.01885986328125,0.13653564453125,0.96856689453125,4.26177978515625,-4.42626953125,3.058013916015625,1.0,1.0,1.0,1.0,1.0,95.0,event
12:10:17.620,0.09286916,-0.26159877,0.8401614,0.068385534,0.014725181,-0.85099643,-0.020993495,0.09749589,0.33244413,-0.23058718,0.063037984,0.64431524,0.8771848,0.06725643,0.37321943,1.0708495,0.7985429,0.29420078,0.11031654,1.0823425,796.5934,812.71063,811.0989,785.31134,835.2747,-0.01885986328125,0.13653564453125,0.96856689453125,4.26177978515625,-4.42626953125,3.058013916015625,1.0,1.0,1.0,1.0,1.0,95.0,event
12:10:17.620,0.09286916,-0.26159877,0.8401614,0.068385534,0.014725181,-0.85099643,-0.020993495,0.09749589,0.33244413,-0.23058718,0.063037984,0.64431524,0.8771848,0.06725643,0.37321943,1.0708495,0.7985429,0.29420078,0.11031654,1.0823425,784.10254,819.5604,813.1135,802.23444,710.7692,-0.01885986328125,0.13653564453125,0.96856689453125,4.26177978515625,-4.42626953125,3.058013916015625,1.0,1.0,1.0,1.0,1.0,95.0,event
12:10:17.621,0.09286916,-0.26159877,0.8401614,0.068385534,0.014725181,-0.85099643,-0.020993495,0.09749589,0.33244413,-0.23058718,0.063037984,0.64431524,0.8771848,0.06725643,0.37321943,1.0708495,0.7985429,0.29420078,0.11031654,1.0823425,794.17584,808.2784,817.1429,786.52014,856.63007,-0.01885986328125,0.13653564453125,0.96856689453125,4.26177978515625,-4.42626953125,3.058013916015625,1.0,1.0,1.0,1.0,1.0,95.0,event
12:10:17.622,0.09286916,-0.26159877,0.8401614,0.068385534,0.014725181,-0.85099643,-0.020993495,0.09749589,0.33244413,-0.23058718,0.063037984,0.64431524,0.8771848,0.06725643,0.37321943,1.0708495,0.7985429,0.29420078,0.11031654,1.0823425,789.7436,808.2784,817.1429,794.17584,761.13556,-0.01885986328125,0.13653564453125,0.96856689453125,4.26177978515625,-4.42626953125,3.058013916015625,1.0,1.0,1.0,1.0,1.0,95.0,event
12:10:17.647,0.09286916,-0.26159877,0.8401614,0.068385534,0.014725181,-0.85099643,-0.020993495,0.09749589,0.33244413,-0.23058718,0.063037984,0.64431524,0.8771848,0.06725643,0.37321943,1.0708495,0.7985429,0.29420078,0.11031654,1.0823425,805.4579,804.65204,816.7399,805.8608,766.3736,-0.03021240234375,0.153076171875,0.97991943359375,3.648681640625,-4.194488525390625,-0.0897216796875,1.0,1.0,1.0,1.0,1.0,95.0,event
12:10:17.648,0.09286916,-0.26159877,0.8401614,0.068385534,0.014725181,-0.85099643,-0.020993495,0.09749589,0.33244413,-0.23058718,0.063037984,0.64431524,0.8771848,0.06725643,0.37321943,1.0708495,0.7985429,0.29420078,0.11031654,1.0823425,805.8608,809.0842,822.7839,814.3223,864.2857,-0.03021240234375,0.153076171875,0.97991943359375,3.648681640625,-4.194488525390625,-0.0897216796875,1.0,1.0,1.0,1.0,1.0,95.0,event
12:10:17.649,0.09286916,-0.26159877,0.8401614,0.068385534,0.014725181,-0.85099643,-0.020993495,0.09749589,0.33244413,-0.23058718,0.063037984,0.64431524,0.8771848,0.06725643,0.37321943,1.0708495,0.7985429,0.29420078,0.11031654,1.0823425,781.685,811.0989,822.381,789.34064,831.6484,-0.03021240234375,0.153076171875,0.97991943359375,3.648681640625,-4.194488525390625,-0.0897216796875,1.0,1.0,1.0,1.0,1.0,95.0,event
12:10:17.650,0.09286916,-0.26159877,0.8401614,0.068385534,0.014725181,-0.85099643,-0.020993495,0.09749589,0.33244413,-0.23058718,0.063037984,0.64431524,0.8771848,0.06725643,0.37321943,1.0708495,0.7985429,0.29420078,0.11031654,1.0823425,793.36993,813.91943,830.0366,784.90845,672.0879,-0.03021240234375,0.153076171875,0.97991943359375,3.648681640625,-4.194488525390625,-0.0897216796875,1.0,1.0,1.0,1.0,1.0,95.0,event
12:10:17.651,0.09286916,-0.26159877,0.8401614,0.068385534,0.014725181,-0.85099643,-0.020993495,0.09749589,0.33244413,-0.23058718,0.063037984,0.64431524,0.8771848,0.06725643,0.37321943,1.0708495,0.7985429,0.29420078,0.11031654,1.0823425,816.337,813.91943,832.8571,781.685,691.02563,-0.03021240234375,0.153076171875,0.97991943359375,3.648681640625,-4.194488525390625,-0.0897216796875,1.0,1.0,1.0,1.0,1.0,95.0,event
12:10:17.651,0.09286916,-0.26159877,0.8401614,0.068385534,0.014725181,-0.85099643,-0.020993495,0.09749589,0.33244413,-0.23058718,0.063037984,0.64431524,0.8771848,0.06725643,0.37321943,1.0708495,0.7985429,0.29420078,0.11031654,1.0823425,830.4396,796.1905,826.4103,801.4286,955.34796,-0.03021240234375,0.153076171875,0.97991943359375,3.648681640625,-4.194488525390625,-0.0897216796875,1.0,1.0,1.0,1.0,1.0,95.0,event
12:10:17.652,0.09286916,-0.26159877,0.8401614,0.068385534,0.014725181,-0.85099643,-0.020993495,0.09749589,0.33244413,-0.23058718,0.063037984,0.64431524,0.8771848,0.06725643,0.37321943,1.0708495,0.7985429,0.29420078,0.11031654,1.0823425,803.0403,789.34064,826.0073,813.1135,997.25275,-0.03021240234375,0.153076171875,0.97991943359375,3.648681640625,-4.194488525390625,-0.0897216796875,1.0,1.0,1.0,1.0,1.0,95.0,event
12:10:17.654,0.09286916,-0.26159877,0.8401614,0.068385534,0.014725181,-0.85099643,-0.020993495,0.09749589,0.33244413,-0.23058718,0.063037984,0.64431524,0.8771848,0.06725643,0.37321943,1.0708495,0.7985429,0.29420078,0.11031654,1.0823425,788.93774,810.696,819.15753,791.3553,788.1319,-0.03021240234375,0.153076171875,0.97991943359375,3.648681640625,-4.194488525390625,-0.0897216796875,1.0,1.0,1.0,1.0,1.0,95.0,event
12:10:17.655,0.09286916,-0.26159877,0.8401614,0.068385534,0.014725181,-0.85099643,-0.020993495,0.09749589,0.33244413,-0.23058718,0.063037984,0.64431524,0.8771848,0.06725643,0.37321943,1.0708495,0.7985429,0.29420078,0.11031654,1.0823425,800.2198,820.3663,815.12823,795.78754,790.54944,-0.03021240234375,0.153076171875,0.97991943359375,3.648681640625,-4.194488525390625,-0.0897216796875,1.0,1.0,1.0,1.0,1.0,95.0,event
12:10:17.656,0.09286916,-0.26159877,0.8401614,0.068385534,0.014725181,-0.85099643,-0.020993495,0.09749589,0.33244413,-0.23058718,0.063037984,0.64431524,0.8771848,0.06725643,0.37321943,1.0708495,0.7985429,0.29420078,0.11031654,1.0823425,794.57874,818.7546,817.9487,807.0696,1071.7949,-0.03021240234375,0.153076171875,0.97991943359375,3.648681640625,-4.194488525390625,-0.0897216796875,1.0,1.0,1.0,1.0,1.0,95.0,event
12:10:17.657,0.09286916,-0.26159877,0.8401614,0.068385534,0.014725181,-0.85099643,-0.020993495,0.09749589,0.33244413,-0.23058718,0.063037984,0.64431524,0.8771848,0.06725643,0.37321943,1.0708495,0.7985429,0.29420078,0.11031654,1.0823425,796.1905,812.3077,823.9927,800.2198,912.6374,-0.03021240234375,0.153076171875,0.97991943359375,3.648681640625,-4.194488525390625,-0.0897216796875,1.0,1.0,1.0,1.0,1.0,95.0,event
12:10:17.658,0.09286916,-0.26159877,0.8401614,0.068385534,0.014725181,-0.85099643,-0.020993495,0.09749589,0.33244413,-0.23058718,0.063037984,0.64431524,0.8771848,0.06725643,0.37321943,1.0708495,0.7985429,0.29420078,0.11031654,1.0823425,786.52014,803.44324,829.6337,807.47253,637.4359,-0.03021240234375,0.153076171875,0.97991943359375,3.648681640625,-4.194488525390625,-0.0897216796875,1.0,1.0,1.0,1.0,1.0,95.0,event
12:10:17.687,0.09286916,-0.26159877,0.8401614,0.068385534,0.014725181,-0.85099643,-0.020993495,0.09749589,0.33244413,-0.23058718,0.063037984,0.64431524,0.8771848,0.06725643,0.37321943,1.0708495,0.7985429,0.29420078,0.11031654,1.0823425,783.2967,803.44324,816.7399,817.5458,726.4835,-0.03021240234375,0.153076171875,0.97991943359375,3.648681640625,-4.194488525390625,-0.0897216796875,1.0,1.0,1.0,1.0,1.0,95.0,event
12:10:17.688,0.09286916,-0.26159877,0.8401614,0.068385534,0.014725181,-0.85099643,-0.020993495,0.09749589,0.33244413,-0.23058718,0.063037984,0.64431524,0.8771848,0.06725643,0.37321943,1.0708495,0.7985429,0.29420078,0.11031654,1.0823425,804.65204,805.4579,811.50183,804.65204,801.02563,-0.03021240234375,0.153076171875,0.97991943359375,3.648681640625,-4.194488525390625,-0.0897216796875,1.0,1.0,1.0,1.0,1.0,95.0,event
12:10:17.689,0.09286916,-0.26159877,0.8401614,0.068385534,0.014725181,-0.85099643,-0.020993495,0.09749589,0.33244413,-0.23058718,0.063037984,0.64431524,0.8771848,0.06725643,0.37321943,1.0708495,0.7985429,0.29420078,0.11031654,1.0823425,807.0696,811.9048,823.1868,802.6374,713.9927,-0.03021240234375,0.153076171875,0.97991943359375,3.648681640625,-4.194488525390625,-0.0897216796875,1.0,1.0,1.0,1.0,1.0,95.0,event
12:10:17.690,0.09286916,-0.19587393,0.8263154,0.068385534,0.014725181,-0.8209809,-0.045338694,0.09749589,0.33244413,-0.20116054,0.04499805,0.64431524,0.8771848,0.085690975,0.39053345,1.0708495,0.7985429,0.31620967,0.153699,1.0823425,806.6667,811.50183,824.3956,798.60803,691.8315,-0.03021240234375,0.153076171875,0.97991943359375,3.648681640625,-4.194488525390625,-0.0897216796875,1.0,1.0,1.0,1.0,1.0,95.0,event
12:10:17.693,0.09286916,-0.19587393,0.8263154,0.068385534,0.014725181,-0.8209809,-0.045338694,0.09749589,0.33244413,-0.20116054,0.04499805,0.64431524,0.8771848,0.085690975,0.39053345,1.0708495,0.7985429,0.31620967,0.153699,1.0823425,820.3663,807.8755,823.5897,802.6374,869.12085,-0.03021240234375,0.153076171875,0.97991943359375,3.648681640625,-4.194488525390625,-0.0897216796875,1.0,1.0,1.0,1.0,1.0,95.0,event
12:10:17.694,0.09286916,-0.19587393,0.8263154,0.068385534,0.014725181,-0.8209809,-0.045338694,0.09749589,0.33244413,-0.20116054,0.04499805,0.64431524,0.8771848,0.085690975,0.39053345,1.0708495,0.7985429,0.31620967,0.153699,1.0823425,816.7399,811.9048,834.87177,796.99634,992.4176,-0.03021240234375,0.153076171875,0.97991943359375,3.648681640625,-4.194488525390625,-0.0897216796875,1.0,1.0,1.0,1.0,1.0,95.0,event
12:10:17.695,0.09286916,-0.19587393,0.8263154,0.068385534,0.014725181,-0.8209809,-0.045338694,0.09749589,0.33244413,-0.20116054,0.04499805,0.64431524,0.8771848,0.085690975,0.39053345,1.0708495,0.7985429,0.31620967,0.153699,1.0823425,783.2967,812.71063,830.0366,778.46155,860.2564,-0.03021240234375,0.153076171875,0.97991943359375,3.648681640625,-4.194488525390625,-0.0897216796875,1.0,1.0,1.0,1.0,1.0,95.0,event
12:10:17.696,0.09286916,-0.19587393,0.8263154,0.068385534,0.014725181,-0.8209809,-0.045338694,0.09749589,0.33244413,-0.20116054,0.04499805,0.64431524,0.8771848,0.085690975,0.39053345,1.0708495,0.7985429,0.31620967,0.153699,1.0823425,783.2967,805.8608,826.0073,788.93774,762.74725,-0.03021240234375,0.153076171875,0.97991943359375,3.648681640625,-4.194488525390625,-0.0897216796875,1.0,1.0,1.0,1.0,1.0,95.0,event
12:10:17.697,0.09286916,-0.19587393,0.8263154,0.068385534,0.014725181,-0.8209809,-0.045338694,0.09749589,0.33244413,-0.20116054,0.04499805,0.64431524,0.8771848,0.085690975,0.39053345,1.0708495,0.7985429,0.31620967,0.153699,1.0823425,792.96704,803.44324,826.8132,794.9817,812.71063,-0.03021240234375,0.153076171875,0.97991943359375,3.648681640625,-4.194488525390625,-0.0897216796875,1.0,1.0,1.0,1.0,1.0,95.0,event
12:10:17.697,0.09286916,-0.19587393,0.8263154,0.068385534,0.014725181,-0.8209809,-0.045338694,0.09749589,0.33244413,-0.20116054,0.04499805,0.64431524,0.8771848,0.085690975,0.39053345,1.0708495,0.7985429,0.31620967,0.153699,1.0823425,783.2967,807.8755,827.2161,786.1172,979.92676,-0.03021240234375,0.153076171875,0.97991943359375,3.648681640625,-4.194488525390625,-0.0897216796875,1.0,1.0,1.0,1.0,1.0,95.0,event
12:10:17.698,0.09286916,-0.19587393,0.8263154,0.068385534,0.014725181,-0.8209809,-0.045338694,0.09749589,0.33244413,-0.20116054,0.04499805,0.64431524,0.8771848,0.085690975,0.39053345,1.0708495,0.7985429,0.31620967,0.153699,1.0823425,779.67035,814.7253,825.2015,776.4469,801.8315,-0.03021240234375,0.153076171875,0.97991943359375,3.648681640625,-4.194488525390625,-0.0897216796875,1.0,1.0,1.0,1.0,1.0,95.0,event
12:10:17.699,0.09286916,-0.19587393,0.8263154,0.068385534,0.014725181,-0.8209809,-0.045338694,0.09749589,0.33244413,-0.20116054,0.04499805,0.64431524,0.8771848,0.085690975,0.39053345,1.0708495,0.7985429,0.31620967,0.153699,1.0823425,795.38464,814.7253,821.978,775.2381,683.7729,-0.03021240234375,0.153076171875,0.97991943359375,3.648681640625,-4.194488525390625,-0.0897216796875,1.0,1.0,1.0,1.0,1.0,95.0,event
12:10:17.750,0.09286916,-0.19587393,0.8263154,0.068385534,0.014725181,-0.8209809,-0.045338694,0.09749589,0.33244413,-0.20116054,0.04499805,0.64431524,0.8771848,0.085690975,0.39053345,1.0708495,0.7985429,0.31620967,0.153699,1.0823425,811.0989,809.0842,823.5897,767.98535,785.7143,-0.00921630859375,0.1568603515625,0.972412109375,1.68975830078125,-3.461761474609375,-0.91217041015625,1.0,1.0,1.0,1.0,1.0,95.0,event
12:10:17.751,0.09286916,-0.19587393,0.8263154,0.068385534,0.014725181,-0.8209809,-0.045338694,0.09749589,0.33244413,-0.20116054,0.04499805,0.64431524,0.8771848,0.085690975,0.39053345,1.0708495,0.7985429,0.31620967,0.153699,1.0823425,810.293,806.26373,818.3516,764.7619,748.24176,-0.00921630859375,0.1568603515625,0.972412109375,1.68975830078125,-3.461761474609375,-0.91217041015625,1.0,1.0,1.0,1.0,1.0,95.0,event
12:10:17.752,0.09286916,-0.19587393,0.8263154,0.068385534,0.014725181,-0.8209809,-0.045338694,0.09749589,0.33244413,-0.20116054,0.04499805,0.64431524,0.8771848,0.085690975,0.39053345,1.0708495,0.7985429,0.31620967,0.153699,1.0823425,788.93774,813.1135,799.011,779.67035,713.5897,-0.00921630859375,0.1568603515625,0.972412109375,1.68975830078125,-3.461761474609375,-0.91217041015625,1.0,1.0,1.0,1.0,1.0,95.0,event
12:10:17.753,0.09286916,-0.19587393,0.8263154,0.068385534,0.014725181,-0.8209809,-0.045338694,0.09749589,0.33244413,-0.20116054,0.04499805,0.64431524,0.8771848,0.085690975,0.39053345,1.0708495,0.7985429,0.31620967,0.153699,1.0823425,783.2967,817.5458,806.6667,792.96704,753.47986,-0.00921630859375,0.1568603515625,0.972412109375,1.68975830078125,-3.461761474609375,-0.91217041015625,1.0,1.0,1.0,1.0,1.0,95.0,event
12:10:17.753,0.09286916,-0.19587393,0.8263154,0.068385534,0.014725181,-0.8209809,-0.045338694,0.09749589,0.33244413,-0.20116054,0.04499805,0.64431524,0.8771848,0.085690975,0.39053345,1.0708495,0.7985429,0.31620967,0.153699,1.0823425,783.2967,819.15753,830.0366,782.49084,779.2674,-0.00921630859375,0.1568603515625,0.972412109375,1.68975830078125,-3.461761474609375,-0.91217041015625,1.0,1.0,1.0,1.0,1.0,95.0,event
12:10:17.754,0.09286916,-0.19587393,0.8263154,0.068385534,0.014725181,-0.8209809,-0.045338694,0.09749589,0.33244413,-0.20116054,0.04499805,0.64431524,0.8771848,0.085690975,0.39053345,1.0708495,0.7985429,0.31620967,0.153699,1.0823425,808.2784,807.47253,813.5165,776.4469,840.5128,-0.00921630859375,0.1568603515625,0.972412109375,1.68975830078125,-3.461761474609375,-0.91217041015625,1.0,1.0,1.0,1.0,1.0,95.0,event
12:10:17.754,0.09286916,-0.19587393,0.8263154,0.068385534,0.014725181,-0.8209809,-0.045338694,0.09749589,0.33244413,-0.20116054,0.04499805,0.64431524,0.8771848,0.085690975,0.39053345,1.0708495,0.7985429,0.31620967,0.153699,1.0823425,803.0403,817.5458,825.6044,761.53845,809.4872,-0.00921630859375,0.1568603515625,0.972412109375,1.68975830078125,-3.461761474609375,-0.91217041015625,1.0,1.0,1.0,1.0,1.0,95.0,event
12:10:17.755,0.09286916,-0.19587393,0.8263154,0.068385534,0.014725181,-0.8209809,-0.045338694,0.09749589,0.33244413,-0.20116054,0.04499805,0.64431524,0.8771848,0.085690975,0.39053345,1.0708495,0.7985429,0.31620967,0.153699,1.0823425,797.3993,811.0989,811.0989,797.8022,799.41394,-0.00921630859375,0.1568603515625,0.972412109375,1.68975830078125,-3.461761474609375,-0.91217041015625,1.0,1.0,1.0,1.0,1.0,95.0,event
12:10:17.755,0.09286916,-0.19587393,0.8263154,0.068385534,0.014725181,-0.8209809,-0.045338694,0.09749589,0.33244413,-0.20116054,0.04499805,0.64431524,0.8771848,0.085690975,0.39053345,1.0708495,0.7985429,0.31620967,0.153699,1.0823425,805.8608,823.1868,807.0696,786.52014,1022.23444,-0.00921630859375,0.1568603515625,0.972412109375,1.68975830078125,-3.461761474609375,-0.91217041015625,1.0,1.0,1.0,1.0,1.0,95.0,event
12:10:17.756,0.09286916,-0.19587393,0.8263154,0.068385534,0.014725181,-0.8209809,-0.045338694,0.09749589,0.33244413,-0.20116054,0.04499805,0.64431524,0.8771848,0.085690975,0.39053345,1.0708495,0.7985429,0.31620967,0.153699,1.0823425,803.44324,818.3516,811.0989,771.2088,1022.6374,-0.00921630859375,0.1568603515625,0.972412109375,1.68975830078125,-3.461761474609375,-0.91217041015625,1.0,1.0,1.0,1.0,1.0,95.0,event
12:10:17.756,0.09286916,-0.19587393,0.8263154,0.068385534,0.014725181,-0.8209809,-0.045338694,0.09749589,0.33244413,-0.20116054,0.04499805,0.64431524,0.8771848,0.085690975,0.39053345,1.0708495,0.7985429,0.31620967,0.153699,1.0823425,789.34064,813.1135,818.7546,761.9414,680.9524,-0.00921630859375,0.1568603515625,0.972412109375,1.68975830078125,-3.461761474609375,-0.91217041015625,1.0,1.0,1.0,1.0,1.0,95.0,event
12:10:17.757,0.09286916,-0.19587393,0.8263154,0.068385534,0.014725181,-0.8209809,-0.045338694,0.09749589,0.33244413,-0.20116054,0.04499805,0.64431524,0.8771848,0.085690975,0.39053345,1.0708495,0.7985429,0.31620967,0.153699,1.0823425,804.65204,814.7253,820.7692,765.16486,772.01465,-0.00921630859375,0.1568603515625,0.972412109375,1.68975830078125,-3.461761474609375,-0.91217041015625,1.0,1.0,1.0,1.0,1.0,95.0,event
12:10:17.788,0.09286916,-0.19587393,0.8263154,0.068385534,0.014725181,-0.8209809,-0.045338694,0.09749589,0.33244413,-0.20116054,0.04499805,0.64431524,0.8771848,0.085690975,0.39053345,1.0708495,0.7985429,0.31620967,0.153699,1.0823425,800.2198,807.47253,814.7253,776.4469,827.619,-0.026123046875,0.14013671875,0.978515625,0.67291259765625,-3.656158447265625,0.530853271484375,1.0,1.0,1.0,1.0,1.0,95.0,event
12:10:17.789,0.09286916,-0.19587393,0.8263154,0.068385534,0.014725181,-0.8209809,-0.045338694,0.09749589,0.33244413,-0.20116054,0.04499805,0.64431524,0.8771848,0.085690975,0.39053345,1.0708495,0.7985429,0.31620967,0.153699,1.0823425,783.2967,802.23444,813.1135,806.6667,706.337,-0.026123046875,0.14013671875,0.978515625,0.67291259765625,-3.656158447265625,0.530853271484375,1.0,1.0,1.0,1.0,1.0,95.0,event
12:10:17.790,0.09286916,-0.19587393,0.8263154,0.068385534,0.014725181,-0.8209809,-0.045338694,0.09749589,0.33244413,-0.20116054,0.04499805,0.64431524,0.8771848,0.085690975,0.39053345,1.0708495,0.7985429,0.31620967,0.153699,1.0823425,790.14655,809.0842,825.2015,830.4396,731.31866,-0.026123046875,0.14013671875,0.978515625,0.67291259765625,-3.656158447265625,0.530853271484375,1.0,1.0,1.0,1.0,1.0,95.0,event
12:10:17.790,0.09286916,-0.19587393,0.8263154,0.068385534,0.014725181,-0.8209809,-0.045338694,0.09749589,0.33244413,-0.20116054,0.04499805,0.64431524,0.8771848,0.085690975,0.39053345,1.0708495,0.7985429,0.31620967,0.153699,1.0823425,799.41394,817.5458,828.8278,799.81683,762.74725,-0.026123046875,0.14013671875,0.978515625,0.67291259765625,-3.656158447265625,0.530853271484375,1.0,1.0,1.0,1.0,1.0,95.0,event
12:10:17.791,0.09286916,-0.10218602,0.7871148,0.068385534,0.014725181,-0.78650624,-0.04964178,0.09749589,0.33244413,-0.18713184,0.0014402423,0.64431524,0.8771848,0.11070062,0.4048634,1.0708495,0.7985429,0.32572415,0.19051549,1.0823425,795.78754,803.0403,821.5751,753.47986,788.5348,-0.026123046875,0.14013671875,0.978515625,0.67291259765625,-3.656158447265625,0.530853271484375,1.0,1.0,1.0,1.0,1.0,95.0,event
12:10:17.791,0.09286916,-0.19587393,0.8263154,0.068385534,0.014725181,-0.8209809,-0.045338694,0.09749589,0.33244413,-0.20116054,0.04499805,0.64431524,0.8771848,0.085690975,0.39053345,1.0708495,0.7985429,0.31620967,0.153699,1.0823425,788.1319,808.68134,826.4103,753.8828,747.03296,-0.026123046875,0.14013671875,0.978515625,0.67291259765625,-3.656158447265625,0.530853271484375,1.0,1.0,1.0,1.0,1.0,95.0,event
12:10:17.795,0.09286916,-0.10218602,0.7871148,0.068385534,0.014725181,-0.78650624,-0.04964178,0.09749589,0.33244413,-0.18713184,0.0014402423,0.64431524,0.8771848,0.11070062,0.4048634,1.0708495,0.7985429,0.32572415,0.19051549,1.0823425,808.68134,814.3223,813.91943,792.5641,799.41394,-0.026123046875,0.14013671875,0.978515625,0.67291259765625,-3.656158447265625,0.530853271484375,1.0,1.0,1.0,1.0,1.0,95.0,event
12:10:17.796,0.09286916,-0.10218602,0.7871148,0.068385534,0.014725181,-0.78650624,-0.04964178,0.09749589,0.33244413,-0.18713184,0.0014402423,0.64431524,0.8771848,0.11070062,0.4048634,1.0708495,0.7985429,0.32572415,0.19051549,1.0823425,799.011,816.7399,812.3077,823.1868,846.1539,-0.026123046875,0.14013671875,0.978515625,0.67291259765625,-3.656158447265625,0.530853271484375,1.0,1.0,1.0,1.0,1.0,95.0,event
12:10:17.798,0.09286916,-0.10218602,0.7871148,0.068385534,0.014725181,-0.78650624,-0.04964178,0.09749589,0.33244413,-0.18713184,0.0014402423,0.64431524,0.8771848,0.11070062,0.4048634,1.0708495,0.7985429,0.32572415,0.19051549,1.0823425,813.1135,808.2784,824.3956,835.2747,1019.81683,-0.026123046875,0.14013671875,0.978515625,0.67291259765625,-3.656158447265625,0.530853271484375,1.0,1.0,1.0,1.0,1.0,95.0,event
12:10:17.799,0.09286916,-0.10218602,0.7871148,0.068385534,0.014725181,-0.78650624,-0.04964178,0.09749589,0.33244413,-0.18713184,0.0014402423,0.64431524,0.8771848,0.11070062,0.4048634,1.0708495,0.7985429,0.32572415,0.19051549,1.0823425,819.5604,799.41394,823.5897,815.9341,842.52747,-0.026123046875,0.14013671875,0.978515625,0.67291259765625,-3.656158447265625,0.530853271484375,1.0,1.0,1.0,1.0,1.0,95.0,event
12:10:17.800,0.09286916,-0.10218602,0.7871148,0.068385534,0.014725181,-0.78650624,-0.04964178,0.09749589,0.33244413,-0.18713184,0.0014402423,0.64431524,0.8771848,0.11070062,0.4048634,1.0708495,0.7985429,0.32572415,0.19051549,1.0823425,782.0879,805.05493,818.3516,790.14655,808.68134,-0.026123046875,0.14013671875,0.978515625,0.67291259765625,-3.656158447265625,0.530853271484375,1.0,1.0,1.0,1.0,1.0,95.0,event
12:10:17.801,0.09286916,-0.10218602,0.7871148,0.068385534,0.014725181,-0.78650624,-0.04964178,0.09749589,0.33244413,-0.18713184,0.0014402423,0.64431524,0.8771848,0.11070062,0.4048634,1.0708495,0.7985429,0.32572415,0.19051549,1.0823425,783.69965,815.12823,821.1722,791.75824,887.6557,-0.026123046875,0.14013671875,0.978515625,0.67291259765625,-3.656158447265625,0.530853271484375,1.0,1.0,1.0,1.0,1.0,95.0,event
12:10:17.825,0.09286916,-0.10218602,0.7871148,0.068385534,0.014725181,-0.78650624,-0.04964178,0.09749589,0.33244413,-0.18713184,0.0014402423,0.64431524,0.8771848,0.11070062,0.4048634,1.0708495,0.7985429,0.32572415,0.19051549,1.0823425,805.4579,820.3663,819.9634,809.0842,794.9817,-0.01177978515625,0.138427734375,0.976806640625,1.203765869140625,-3.566436767578125,-0.231781005859375,1.0,1.0,1.0,1.0,1.0,95.0,event
12:10:17.826,0.09286916,-0.10218602,0.7871148,0.068385534,0.014725181,-0.78650624,-0.04964178,0.09749589,0.33244413,-0.18713184,0.0014402423,0.64431524,0.8771848,0.11070062,0.4048634,1.0708495,0.7985429,0.32572415,0.19051549,1.0823425,800.2198,814.7253,814.3223,803.8461,703.5165,-0.01177978515625,0.138427734375,0.976806640625,1.203765869140625,-3.566436767578125,-0.231781005859375,1.0,1.0,1.0,1.0,1.0,95.0,event
12:10:17.827,0.09286916,-0.10218602,0.7871148,0.068385534,0.014725181,-0.78650624,-0.04964178,0.09749589,0.33244413,-0.18713184,0.0014402423,0.64431524,0.8771848,0.11070062,0.4048634,1.0708495,0.7985429,0.32572415,0.19051549,1.0823425,801.02563,806.26373,814.7253,795.78754,740.989,-0.01177978515625,0.138427734375,0.976806640625,1.203765869140625,-3.566436767578125,-0.231781005859375,1.0,1.0,1.0,1.0,1.0,95.0,event
12:10:17.829,0.09286916,-0.10218602,0.7871148,0.068385534,0.014725181,-0.78650624,-0.04964178,0.09749589,0.33244413,-0.18713184,0.0014402423,0.64431524,0.8771848,0.11070062,0.4048634,1.0708495,0.7985429,0.32572415,0.19051549,1.0823425,798.60803,796.99634,824.3956,812.71063,841.31866,-0.01177978515625,0.138427734375,0.976806640625,1.203765869140625,-3.566436767578125,-0.231781005859375,1.0,1.0,1.0,1.0,1.0,95.0,event
12:10:17.830,0.09286916,-0.10218602,0.7871148,0.068385534,0.014725181,-0.78650624,-0.04964178,0.09749589,0.33244413,-0.18713184,0.0014402423,0.64431524,0.8771848,0.11070062,0.4048634,1.0708495,0.7985429,0.32572415,0.19051549,1.0823425,798.60803,795.78754,823.1868,800.6227,813.1135,-0.01177978515625,0.138427734375,0.976806640625,1.203765869140625,-3.566436767578125,-0.231781005859375,1.0,1.0,1.0,1.0,1.0,95.0,event
12:10:17.831,0.09286916,-0.10218602,0.7871148,0.068385534,0.014725181,-0.78650624,-0.04964178,0.09749589,0.33244413,-0.18713184,0.0014402423,0.64431524,0.8771848,0.11070062,0.4048634,1.0708495,0.7985429,0.32572415,0.19051549,1.0823425,817.9487,806.26373,813.91943,789.34064,857.8388,-0.01177978515625,0.138427734375,0.976806640625,1.203765869140625,-3.566436767578125,-0.231781005859375,1.0,1.0,1.0,1.0,1.0,95.0,event
12:10:17.831,0.09286916,-0.10218602,0.7871148,0.068385534,0.014725181,-0.78650624,-0.04964178,0.09749589,0.33244413,-0.18713184,0.0014402423,0.64431524,0.8771848,0.11070062,0.4048634,1.0708495,0.7985429,0.32572415,0.19051549,1.0823425,804.2491,812.3077,816.337,803.44324,937.619,-0.01177978515625,0.138427734375,0.976806640625,1.203765869140625,-3.566436767578125,-0.231781005859375,1.0,1.0,1.0,1.0,1.0,95.0,event
12:10:17.832,0.09286916,-0.10218602,0.7871148,0.068385534,0.014725181,-0.78650624,-0.04964178,0.09749589,0.33244413,-0.18713184,0.0014402423,0.64431524,0.8771848,0.11070062,0.4048634,1.0708495,0.7985429,0.32572415,0.19051549,1.0823425,792.1612,816.7399,821.978,815.5311,1048.8279,-0.01177978515625,0.138427734375,0.976806640625,1.203765869140625,-3.566436767578125,-0.231781005859375,1.0,1.0,1.0,1.0,1.0,95.0,event
12:10:17.833,0.09286916,-0.10218602,0.7871148,0.068385534,0.014725181,-0.78650624,-0.04964178,0.09749589,0.33244413,-0.18713184,0.0014402423,0.64431524,0.8771848,0.11070062,0.4048634,1.0708495,0.7985429,0.32572415,0.19051549,1.0823425,801.8315,807.8755,818.3516,810.293,906.99634,-0.01177978515625,0.138427734375,0.976806640625,1.203765869140625,-3.566436767578125,-0.231781005859375,1.0,1.0,1.0,1.0,1.0,95.0,event
12:10:17.833,0.09286916,-0.10218602,0.7871148,0.068385534,0.014725181,-0.78650624,-0.04964178,0.09749589,0.33244413,-0.18713184,0.0014402423,0.64431524,0.8771848,0.11070062,0.4048634,1.0708495,0.7985429,0.32572415,0.19051549,1.0823425,800.2198,795.78754,809.89014,791.75824,614.87177,-0.01177978515625,0.138427734375,0.976806640625,1.203765869140625,-3.566436767578125,-0.231781005859375,1.0,1.0,1.0,1.0,1.0,95.0,event
12:10:17.834,0.09286916,-0.10218602,0.7871148,0.068385534,0.014725181,-0.78650624,-0.04964178,0.09749589,0.33244413,-0.18713184,0.0014402423,0.64431524,0.8771848,0.11070062,0.4048634,1.0708495,0.7985429,0.32572415,0.19051549,1.0823425,790.9524,804.65204,812.71063,808.68134,666.04395,-0.01177978515625,0.138427734375,0.976806640625,1.203765869140625,-3.566436767578125,-0.231781005859375,1.0,1.0,1.0,1.0,1.0,95.0,event
12:10:17.835,0.09286916,-0.10218602,0.7871148,0.068385534,0.014725181,-0.78650624,-0.04964178,0.09749589,0.33244413,-0.18713184,0.0014402423,0.64431524,0.8771848,0.11070062,0.4048634,1.0708495,0.7985429,0.32572415,0.19051549,1.0823425,786.9231,807.8755,815.5311,820.7692,720.4396,-0.01177978515625,0.138427734375,0.976806640625,1.203765869140625,-3.566436767578125,-0.231781005859375,1.0,1.0,1.0,1.0,1.0,95.0,event
12:10:17.859,0.09286916,-0.10218602,0.7871148,0.068385534,0.014725181,-0.78650624,-0.04964178,0.09749589,0.33244413,-0.18713184,0.0014402423,0.64431524,0.8771848,0.11070062,0.4048634,1.0708495,0.7985429,0.32572415,0.19051549,1.0823425,792.5641,796.5934,807.0696,834.4689,692.6374,-0.0159912109375,0.1387939453125,0.9765625,1.801910400390625,-3.4393310546875,0.485992431640625,1.0,1.0,1.0,1.0,1.0,95.0,event
12:10:17.860,0.09286916,-0.10218602,0.7871148,0.068385534,0.014725181,-0.78650624,-0.04964178,0.09749589,0.33244413,-0.18713184,0.0014402423,0.64431524,0.8771848,0.11070062,0.4048634,1.0708495,0.7985429,0.32572415,0.19051549,1.0823425,801.02563,807.47253,818.3516,772.01465,805.8608,-0.0159912109375,0.1387939453125,0.9765625,1.801910400390625,-3.4393310546875,0.485992431640625,1.0,1.0,1.0,1.0,1.0,95.0,event
12:10:17.860,0.09286916,-0.10218602,0.7871148,0.068385534,0.014725181,-0.78650624,-0.04964178,0.09749589,0.33244413,-0.18713184,0.0014402423,0.64431524,0.8771848,0.11070062,0.4048634,1.0708495,0.7985429,0.32572415,0.19051549,1.0823425,813.1135,798.60803,811.0989,815.12823,713.5897,-0.0159912109375,0.1387939453125,0.9765625,1.801910400390625,-3.4393310546875,0.485992431640625,1.0,1.0,1.0,1.0,1.0,95.0,event
12:10:17.861,0.09286916,-0.10218602,0.7871148,0.068385534,0.014725181,-0.78650624,-0.04964178,0.09749589,0.33244413,-0.18713184,0.0014402423,0.64431524,0.8771848,0.11070062,0.4048634,1.0708495,0.7985429,0.32572415,0.19051549,1.0823425,788.1319,804.65204,819.9634,789.7436,855.42126,-0.0159912109375,0.1387939453125,0.9765625,1.801910400390625,-3.4393310546875,0.485992431640625,1.0,1.0,1.0,1.0,1.0,95.0,event
12:10:17.861,0.09286916,-0.10218602,0.7871148,0.068385534,0.014725181,-0.78650624,-0.04964178,0.09749589,0.33244413,-0.18713184,0.0014402423,0.64431524,0.8771848,0.11070062,0.4048634,1.0708495,0.7985429,0.32572415,0.19051549,1.0823425,794.9817,806.26373,819.15753,792.1612,782.8938,-0.0159912109375,0.1387939453125,0.9765625,1.801910400390625,-3.4393310546875,0.485992431640625,1.0,1.0,1.0,1.0,1.0,95.0,event
12:10:17.862,0.09286916,-0.10218602,0.7871148,0.068385534,0.014725181,-0.78650624,-0.04964178,0.09749589,0.33244413,-0.18713184,0.0014402423,0.64431524,0.8771848,0.11070062,0.4048634,1.0708495,0.7985429,0.32572415,0.19051549,1.0823425,768.7912,806.26373,816.7399,760.7326,772.01465,-0.0159912109375,0.1387939453125,0.9765625,1.801910400390625,-3.4393310546875,0.485992431640625,1.0,1.0,1.0,1.0,1.0,95.0,event
12:10:17.862,0.09286916,-0.10218602,0.7871148,0.068385534,0.014725181,-0.78650624,-0.04964178,0.09749589,0.33244413,-0.18713184,0.0014402423,0.64431524,0.8771848,0.11070062,0.4048634,1.0708495,0.7985429,0.32572415,0.19051549,1.0823425,778.86444,803.0403,821.5751,770.0,881.2088,-0.0159912109375,0.1387939453125,0.9765625,1.801910400390625,-3.4393310546875,0.485992431640625,1.0,1.0,1.0,1.0,1.0,95.0,event
12:10:17.863,0.5992835,-0.004489004,0.7052155,0.068385534,0.19249779,-0.7203296,-0.014175415,0.09749589,0.35863498,-0.1719949,0.024891872,0.64431524,1.206499,0.13260859,0.4142873,1.0708495,0.9899404,0.32406262,0.21461831,1.0823425,779.2674,801.4286,819.9634,781.685,951.31866,-0.0159912109375,0.1387939453125,0.9765625,1.801910400390625,-3.4393310546875,0.485992431640625,1.0,1.0,1.0,1.0,1.0,95.0,event
12:10:17.867,0.5992835,-0.004489004,0.7052155,0.068385534,0.19249779,-0.7203296,-0.014175415,0.09749589,0.35863498,-0.1719949,0.024891872,0.64431524,1.206499,0.13260859,0.4142873,1.0708495,0.9899404,0.32406262,0.21461831,1.0823425,785.31134,799.41394,812.3077,788.93774,760.7326,-0.0159912109375,0.1387939453125,0.9765625,1.801910400390625,-3.4393310546875,0.485992431640625,1.0,1.0,1.0,1.0,1.0,95.0,event
12:10:17.868,0.5992835,-0.004489004,0.7052155,0.068385534,0.19249779,-0.7203296,-0.014175415,0.09749589,0.35863498,-0.1719949,0.024891872,0.64431524,1.206499,0.13260859,0.4142873,1.0708495,0.9899404,0.32406262,0.21461831,1.0823425,801.4286,798.20514,814.3223,803.8461,699.89014,-0.0159912109375,0.1387939453125,0.9765625,1.801910400390625,-3.4393310546875,0.485992431640625,1.0,1.0,1.0,1.0,1.0,95.0,event
12:10:17.868,0.5992835,-0.004489004,0.7052155,0.068385534,0.19249779,-0.7203296,-0.014175415,0.09749589,0.35863498,-0.1719949,0.024891872,0.64431524,1.206499,0.13260859,0.4142873,1.0708495,0.9899404,0.32406262,0.21461831,1.0823425,783.2967,799.41394,819.5604,806.6667,721.2454,-0.0159912109375,0.1387939453125,0.9765625,1.801910400390625,-3.4393310546875,0.485992431640625,1.0,1.0,1.0,1.0,1.0,95.0,event
12:10:17.869,0.5992835,-0.004489004,0.7052155,0.068385534,0.19249779,-0.7203296,-0.014175415,0.09749589,0.35863498,-0.1719949,0.024891872,0.64431524,1.206499,0.13260859,0.4142873,1.0708495,0.9899404,0.32406262,0.21461831,1.0823425,779.2674,801.8315,817.5458,793.36993,682.5641,-0.0159912109375,0.1387939453125,0.9765625,1.801910400390625,-3.4393310546875,0.485992431640625,1.0,1.0,1.0,1.0,1.0,95.0,event
12:10:17.915,0.5992835,-0.004489004,0.7052155,0.068385534,0.19249779,-0.7203296,-0.014175415,0.09749589,0.35863498,-0.1719949,0.024891872,0.64431524,1.206499,0.13260859,0.4142873,1.0708495,0.9899404,0.32406262,0.21461831,1.0823425,776.04395,800.6227,811.9048,797.8022,697.8755,-0.0159912109375,0.1387939453125,0.9765625,1.801910400390625,-3.4393310546875,0.485992431640625,1.0,1.0,1.0,1.0,1.0,95.0,event
12:10:17.916,0.5992835,-0.004489004,0.7052155,0.068385534,0.19249779,-0.7203296,-0.014175415,0.09749589,0.35863498,-0.1719949,0.024891872,0.64431524,1.206499,0.13260859,0.4142873,1.0708495,0.9899404,0.32406262,0.21461831,1.0823425,770.80585,806.26373,812.3077,797.8022,768.3883,-0.0159912109375,0.1387939453125,0.9765625,1.801910400390625,-3.4393310546875,0.485992431640625,1.0,1.0,1.0,1.0,1.0,95.0,event
12:10:17.917,0.5992835,-0.004489004,0.7052155,0.068385534,0.19249779,-0.7203296,-0.014175415,0.09749589,0.35863498,-0.1719949,0.024891872,0.64431524,1.206499,0.13260859,0.4142873,1.0708495,0.9899404,0.32406262,0.21461831,1.0823425,797.3993,808.68134,815.5311,774.43225,829.2308,-0.0159912109375,0.1387939453125,0.9765625,1.801910400390625,-3.4393310546875,0.485992431640625,1.0,1.0,1.0,1.0,1.0,95.0,event
12:10:17.917,0.5992835,-0.004489004,0.7052155,0.068385534,0.19249779,-0.7203296,-0.014175415,0.09749589,0.35863498,-0.1719949,0.024891872,0.64431524,1.206499,0.13260859,0.4142873,1.0708495,0.9899404,0.32406262,0.21461831,1.0823425,823.5897,812.71063,815.12823,789.34064,768.3883,-0.0159912109375,0.1387939453125,0.9765625,1.801910400390625,-3.4393310546875,0.485992431640625,1.0,1.0,1.0,1.0,1.0,95.0,event
12:10:17.918,0.5992835,-0.004489004,0.7052155,0.068385534,0.19249779,-0.7203296,-0.014175415,0.09749589,0.35863498,-0.1719949,0.024891872,0.64431524,1.206499,0.13260859,0.4142873,1.0708495,0.9899404,0.32406262,0.21461831,1.0823425,801.8315,806.6667,818.7546,800.2198,725.6777,-0.0159912109375,0.1387939453125,0.9765625,1.801910400390625,-3.4393310546875,0.485992431640625,1.0,1.0,1.0,1.0,1.0,95.0,event
12:10:17.919,0.5992835,-0.004489004,0.7052155,0.068385534,0.19249779,-0.7203296,-0.014175415,0.09749589,0.35863498,-0.1719949,0.024891872,0.64431524,1.206499,0.13260859,0.4142873,1.0708495,0.9899404,0.32406262,0.21461831,1.0823425,782.49084,800.6227,819.15753,783.2967,826.8132,-0.0159912109375,0.1387939453125,0.9765625,1.801910400390625,-3.4393310546875,0.485992431640625,1.0,1.0,1.0,1.0,1.0,95.0,event
12:10:17.919,0.5992835,-0.004489004,0.7052155,0.068385534,0.19249779,-0.7203296,-0.014175415,0.09749589,0.35863498,-0.1719949,0.024891872,0.64431524,1.206499,0.13260859,0.4142873,1.0708495,0.9899404,0.32406262,0.21461831,1.0823425,771.6117,810.696,817.9487,782.0879,1086.7032,-0.0159912109375,0.1387939453125,0.9765625,1.801910400390625,-3.4393310546875,0.485992431640625,1.0,1.0,1.0,1.0,1.0,95.0,event
12:10:17.920,0.5992835,-0.004489004,0.7052155,0.068385534,0.19249779,-0.7203296,-0.014175415,0.09749589,0.35863498,-0.1719949,0.024891872,0.64431524,1.206499,0.13260859,0.4142873,1.0708495,0.9899404,0.32406262,0.21461831,1.0823425,795.78754,803.44324,815.12823,797.3993,1065.348,-0.0159912109375,0.1387939453125,0.9765625,1.801910400390625,-3.4393310546875,0.485992431640625,1.0,1.0,1.0,1.0,1.0,95.0,event
12:10:17.920,0.5992835,-0.004489004,0.7052155,0.068385534,0.19249779,-0.7203296,-0.014175415,0.09749589,0.35863498,-0.1719949,0.024891872,0.64431524,1.206499,0.13260859,0.4142873,1.0708495,0.9899404,0.32406262,0.21461831,1.0823425,796.1905,792.1612,810.696,802.23444,763.95605,-0.0159912109375,0.1387939453125,0.9765625,1.801910400390625,-3.4393310546875,0.485992431640625,1.0,1.0,1.0,1.0,1.0,95.0,event
12:10:17.921,0.5992835,-0.004489004,0.7052155,0.068385534,0.19249779,-0.7203296,-0.014175415,0.09749589,0.35863498,-0.1719949,0.024891872,0.64431524,1.206499,0.13260859,0.4142873,1.0708495,0.9899404,0.32406262,0.21461831,1.0823425,793.7729,790.14655,813.5165,801.4286,815.12823,-0.0159912109375,0.1387939453125,0.9765625,1.801910400390625,-3.4393310546875,0.485992431640625,1.0,1.0,1.0,1.0,1.0,95.0,event
12:10:17.921,0.5992835,-0.004489004,0.7052155,0.068385534,0.19249779,-0.7203296,-0.014175415,0.09749589,0.35863498,-0.1719949,0.024891872,0.64431524,1.206499,0.13260859,0.4142873,1.0708495,0.9899404,0.32406262,0.21461831,1.0823425,788.93774,793.7729,810.696,789.34064,757.9121,-0.0159912109375,0.1387939453125,0.9765625,1.801910400390625,-3.4393310546875,0.485992431640625,1.0,1.0,1.0,1.0,1.0,95.0,event
12:10:17.922,0.5992835,-0.004489004,0.7052155,0.068385534,0.19249779,-0.7203296,-0.014175415,0.09749589,0.35863498,-0.1719949,0.024891872,0.64431524,1.206499,0.13260859,0.4142873,1.0708495,0.9899404,0.32406262,0.21461831,1.0823425,778.0586,799.81683,819.15753,807.8755,752.674,-0.0159912109375,0.1387939453125,0.9765625,1.801910400390625,-3.4393310546875,0.485992431640625,1.0,1.0,1.0,1.0,1.0,95.0,event
12:10:17.985,0.5992835,-0.004489004,0.7052155,0.068385534,0.19249779,-0.7203296,-0.014175415,0.09749589,0.35863498,-0.1719949,0.024891872,0.64431524,1.206499,0.13260859,0.4142873,1.0708495,0.9899404,0.32406262,0.21461831,1.0823425,812.71063,818.3516,821.978,789.7436,753.8828,-0.0225830078125,0.13800048828125,0.976318359375,1.8243408203125,-3.69354248046875,-0.52337646484375,1.0,1.0,1.0,1.0,1.0,95.0,event
12:10:17.986,0.5992835,-0.004489004,0.7052155,0.068385534,0.19249779,-0.7203296,-0.014175415,0.09749589,0.35863498,-0.1719949,0.024891872,0.64431524,1.206499,0.13260859,0.4142873,1.0708495,0.9899404,0.32406262,0.21461831,1.0823425,803.8461,811.9048,816.337,783.2967,757.9121,-0.0225830078125,0.13800048828125,0.976318359375,1.8243408203125,-3.69354248046875,-0.52337646484375,1.0,1.0,1.0,1.0,1.0,95.0,event
12:10:17.986,0.5992835,-0.004489004,0.7052155,0.068385534,0.19249779,-0.7203296,-0.014175415,0.09749589,0.35863498,-0.1719949,0.024891872,0.64431524,1.206499,0.13260859,0.4142873,1.0708495,0.9899404,0.32406262,0.21461831,1.0823425,780.07324,803.0403,813.1135,782.8938,714.3956,-0.0225830078125,0.13800048828125,0.976318359375,1.8243408203125,-3.69354248046875,-0.52337646484375,1.0,1.0,1.0,1.0,1.0,95.0,event
12:10:17.987,0.5992835,-0.004489004,0.7052155,0.068385534,0.19249779,-0.7203296,-0.014175415,0.09749589,0.35863498,-0.1719949,0.024891872,0.64431524,1.206499,0.13260859,0.4142873,1.0708495,0.9899404,0.32406262,0.21461831,1.0823425,780.07324,801.8315,812.71063,772.4176,698.68134,-0.0225830078125,0.13800048828125,0.976318359375,1.8243408203125,-3.69354248046875,-0.52337646484375,1.0,1.0,1.0,1.0,1.0,95.0,event
12:10:17.988,0.5992835,-0.004489004,0.7052155,0.068385534,0.19249779,-0.7203296,-0.014175415,0.09749589,0.35863498,-0.1719949,0.024891872,0.64431524,1.206499,0.13260859,0.4142873,1.0708495,0.9899404,0.32406262,0.21461831,1.0823425,761.13556,809.89014,817.1429,779.2674,730.5128,-0.0225830078125,0.13800048828125,0.976318359375,1.8243408203125,-3.69354248046875,-0.52337646484375,1.0,1.0,1.0,1.0,1.0,95.0,event
12:10:17.988,0.5992835,-0.004489004,0.7052155,0.068385534,0.19249779,-0.7203296,-0.014175415,0.09749589,0.35863498,-0.1719949,0.024891872,0.64431524,1.206499,0.13260859,0.4142873,1.0708495,0.9899404,0.32406262,0.21461831,1.0823425,788.93774,820.3663,807.8755,800.6227,873.5531,-0.0225830078125,0.13800048828125,0.976318359375,1.8243408203125,-3.69354248046875,-0.52337646484375,1.0,1.0,1.0,1.0,1.0,95.0,event
12:10:17.989,0.5992835,-0.004489004,0.7052155,0.068385534,0.19249779,-0.7203296,-0.014175415,0.09749589,0.35863498,-0.1719949,0.024891872,0.64431524,1.206499,0.13260859,0.4142873,1.0708495,0.9899404,0.32406262,0.21461831,1.0823425,823.9927,816.337,807.8755,846.9597,1028.2784,-0.0225830078125,0.13800048828125,0.976318359375,1.8243408203125,-3.69354248046875,-0.52337646484375,1.0,1.0,1.0,1.0,1.0,95.0,event
12:10:17.990,0.5992835,-0.004489004,0.7052155,0.068385534,0.19249779,-0.7203296,-0.014175415,0.09749589,0.35863498,-0.1719949,0.024891872,0.64431524,1.206499,0.13260859,0.4142873,1.0708495,0.9899404,0.32406262,0.21461831,1.0823425,815.12823,799.81683,830.84247,834.4689,887.6557,-0.0225830078125,0.13800048828125,0.976318359375,1.8243408203125,-3.69354248046875,-0.52337646484375,1.0,1.0,1.0,1.0,1.0,95.0,event
12:10:17.991,0.5992835,-0.004489004,0.7052155,0.068385534,0.19249779,-0.7203296,-0.014175415,0.09749589,0.35863498,-0.1719949,0.024891872,0.64431524,1.206499,0.13260859,0.4142873,1.0708495,0.9899404,0.32406262,0.21461831,1.0823425,787.72894,798.60803,832.4542,788.5348,712.381,-0.0225830078125,0.13800048828125,0.976318359375,1.8243408203125,-3.69354248046875,-0.52337646484375,1.0,1.0,1.0,1.0,1.0,95.0,event
12:10:17.992,0.6170598,0.06851441,0.57583654,0.068385534,0.18634129,-0.6248447,0.05295481,0.09749589,0.4243731,-0.16745922,0.060391217,0.64431524,1.1968037,0.14343263,0.41971824,1.0708495,1.0044843,0.31941584,0.22839354,1.0823425,786.1172,810.293,818.7546,776.4469,750.65936,-0.0225830078125,0.13800048828125,0.976318359375,1.8243408203125,-3.69354248046875,-0.52337646484375,1.0,1.0,1.0,1.0,1.0,95.0,event
12:10:17.996,0.6170598,0.06851441,0.57583654,0.068385534,0.18634129,-0.6248447,0.05295481,0.09749589,0.4243731,-0.16745922,0.060391217,0.64431524,1.1968037,0.14343263,0.41971824,1.0708495,1.0044843,0.31941584,0.22839354,1.0823425,799.81683,811.9048,810.293,813.1135,933.9927,-0.0225830078125,0.13800048828125,0.976318359375,1.8243408203125,-3.69354248046875,-0.52337646484375,1.0,1.0,1.0,1.0,1.0,95.0,event
12:10:17.997,0.6170598,0.06851441,0.57583654,0.068385534,0.18634129,-0.6248447,0.05295481,0.09749589,0.4243731,-0.16745922,0.060391217,0.64431524,1.1968037,0.14343263,0.41971824,1.0708495,1.0044843,0.31941584,0.22839354,1.0823425,823.5897,807.47253,815.9341,838.9011,807.8755,-0.0225830078125,0.13800048828125,0.976318359375,1.8243408203125,-3.69354248046875,-0.52337646484375,1.0,1.0,1.0,1.0,1.0,95.0,event
12:10:18.022,0.6170598,0.06851441,0.57583654,0.068385534,0.18634129,-0.6248447,0.05295481,0.09749589,0.4243731,-0.16745922,0.060391217,0.64431524,1.1968037,0.14343263,0.41971824,1.0708495,1.0044843,0.31941584,0.22839354,1.0823425,801.02563,801.4286,825.6044,800.2198,765.9707,-0.0098876953125,0.14422607421875,0.97235107421875,2.684173583984375,-3.252410888671875,0.037384033203125,1.0,1.0,1.0,1.0,1.0,95.0,event
12:10:18.023,0.6170598,0.06851441,0.57583654,0.068385534,0.18634129,-0.6248447,0.05295481,0.09749589,0.4243731,-0.16745922,0.060391217,0.64431524,1.1968037,0.14343263,0.41971824,1.0708495,1.0044843,0.31941584,0.22839354,1.0823425,760.7326,796.99634,826.8132,761.13556,837.28937,-0.0098876953125,0.14422607421875,0.97235107421875,2.684173583984375,-3.252410888671875,0.037384033203125,1.0,1.0,1.0,1.0,1.0,95.0,event
12:10:18.024,0.6170598,0.06851441,0.57583654,0.068385534,0.18634129,-0.6248447,0.05295481,0.09749589,0.4243731,-0.16745922,0.060391217,0.64431524,1.1968037,0.14343263,0.41971824,1.0708495,1.0044843,0.31941584,0.22839354,1.0823425,759.5238,792.1612,825.6044,776.8498,779.2674,-0.0098876953125,0.14422607421875,0.97235107421875,2.684173583984375,-3.252410888671875,0.037384033203125,1.0,1.0,1.0,1.0,1.0,95.0,event
12:10:18.024,0.6170598,0.06851441,0.57583654,0.068385534,0.18634129,-0.6248447,0.05295481,0.09749589,0.4243731,-0.16745922,0.060391217,0.64431524,1.1968037,0.14343263,0.41971824,1.0708495,1.0044843,0.31941584,0.22839354,1.0823425,770.80585,786.9231,830.0366,821.978,739.3773,-0.0098876953125,0.14422607421875,0.97235107421875,2.684173583984375,-3.252410888671875,0.037384033203125,1.0,1.0,1.0,1.0,1.0,95.0,event
12:10:18.025,0.6170598,0.06851441,0.57583654,0.068385534,0.18634129,-0.6248447,0.05295481,0.09749589,0.4243731,-0.16745922,0.060391217,0.64431524,1.1968037,0.14343263,0.41971824,1.0708495,1.0044843,0.31941584,0.22839354,1.0823425,779.2674,788.5348,834.0659,814.3223,785.31134,-0.0098876953125,0.14422607421875,0.97235107421875,2.684173583984375,-3.252410888671875,0.037384033203125,1.0,1.0,1.0,1.0,1.0,95.0,event
12:10:18.026,0.6170598,0.06851441,0.57583654,0.068385534,0.18634129,-0.6248447,0.05295481,0.09749589,0.4243731,-0.16745922,0.060391217,0.64431524,1.1968037,0.14343263,0.41971824,1.0708495,1.0044843,0.31941584,0.22839354,1.0823425,788.5348,788.1319,831.6484,792.5641,880.80585,-0.0098876953125,0.14422607421875,0.97235107421875,2.684173583984375,-3.252410888671875,0.037384033203125,1.0,1.0,1.0,1.0,1.0,95.0,event
12:10:18.027,0.6170598,0.06851441,0.57583654,0.068385534,0.18634129,-0.6248447,0.05295481,0.09749589,0.4243731,-0.16745922,0.060391217,0.64431524,1.1968037,0.14343263,0.41971824,1.0708495,1.0044843,0.31941584,0.22839354,1.0823425,788.93774,782.8938,841.7216,805.05493,836.8865,-0.0098876953125,0.14422607421875,0.97235107421875,2.684173583984375,-3.252410888671875,0.037384033203125,1.0,1.0,1.0,1.0,1.0,95.0,event
12:10:18.028,0.6170598,0.06851441,0.57583654,0.068385534,0.18634129,-0.6248447,0.05295481,0.09749589,0.4243731,-0.16745922,0.060391217,0.64431524,1.1968037,0.14343263,0.41971824,1.0708495,1.0044843,0.31941584,0.22839354,1.0823425,783.2967,786.1172,840.9158,795.38464,709.5604,-0.0098876953125,0.14422607421875,0.97235107421875,2.684173583984375,-3.252410888671875,0.037384033203125,1.0,1.0,1.0,1.0,1.0,95.0,event
12:10:18.031,0.6170598,0.06851441,0.57583654,0.068385534,0.18634129,-0.6248447,0.05295481,0.09749589,0.4243731,-0.16745922,0.060391217,0.64431524,1.1968037,0.14343263,0.41971824,1.0708495,1.0044843,0.31941584,0.22839354,1.0823425,786.52014,786.1172,834.4689,802.23444,715.2015,-0.0098876953125,0.14422607421875,0.97235107421875,2.684173583984375,-3.252410888671875,0.037384033203125,1.0,1.0,1.0,1.0,1.0,95.0,event
12:10:18.033,0.6170598,0.06851441,0.57583654,0.068385534,0.18634129,-0.6248447,0.05295481,0.09749589,0.4243731,-0.16745922,0.060391217,0.64431524,1.1968037,0.14343263,0.41971824,1.0708495,1.0044843,0.31941584,0.22839354,1.0823425,784.10254,785.7143,841.7216,836.4835,966.63007,-0.0098876953125,0.14422607421875,0.97235107421875,2.684173583984375,-3.252410888671875,0.037384033203125,1.0,1.0,1.0,1.0,1.0,95.0,event
12:10:18.034,0.6170598,0.06851441,0.57583654,0.068385534,0.18634129,-0.6248447,0.05295481,0.09749589,0.4243731,-0.16745922,0.060391217,0.64431524,1.1968037,0.14343263,0.41971824,1.0708495,1.0044843,0.31941584,0.22839354,1.0823425,765.16486,788.1319,843.3333,816.7399,952.1245,-0.0098876953125,0.14422607421875,0.97235107421875,2.684173583984375,-3.252410888671875,0.037384033203125,1.0,1.0,1.0,1.0,1.0,95.0,event
12:10:18.035,0.6170598,0.06851441,0.57583654,0.068385534,0.18634129,-0.6248447,0.05295481,0.09749589,0.4243731,-0.16745922,0.060391217,0.64431524,1.1968037,0.14343263,0.41971824,1.0708495,1.0044843,0.31941584,0.22839354,1.0823425,779.67035,788.1319,835.6777,807.8755,808.68134,-0.0098876953125,0.14422607421875,0.97235107421875,2.684173583984375,-3.252410888671875,0.037384033203125,1.0,1.0,1.0,1.0,1.0,95.0,event
12:10:18.058,0.6170598,0.06851441,0.57583654,0.068385534,0.18634129,-0.6248447,0.05295481,0.09749589,0.4243731,-0.16745922,0.060391217,0.64431524,1.1968037,0.14343263,0.41971824,1.0708495,1.0044843,0.31941584,0.22839354,1.0823425,820.7692,790.14655,817.9487,811.0989,751.4652,-0.0208740234375,0.14501953125,0.98138427734375,2.811279296875,-4.329071044921875,1.248626708984375,1.0,1.0,1.0,1.0,1.0,95.0,event
12:10:18.059,0.6170598,0.06851441,0.57583654,0.068385534,0.18634129,-0.6248447,0.05295481,0.09749589,0.4243731,-0.16745922,0.060391217,0.64431524,1.1968037,0.14343263,0.41971824,1.0708495,1.0044843,0.31941584,0.22839354,1.0823425,794.57874,776.4469,817.1429,809.89014,811.9048,-0.0208740234375,0.14501953125,0.98138427734375,2.811279296875,-4.329071044921875,1.248626708984375,1.0,1.0,1.0,1.0,1.0,95.0,event
12:10:18.059,0.6170598,0.06851441,0.57583654,0.068385534,0.18634129,-0.6248447,0.05295481,0.09749589,0.4243731,-0.16745922,0.060391217,0.64431524,1.1968037,0.14343263,0.41971824,1.0708495,1.0044843,0.31941584,0.22839354,1.0823425,784.5055,778.46155,827.619,819.15753,770.0,-0.0208740234375,0.14501953125,0.98138427734375,2.811279296875,-4.329071044921875,1.248626708984375,1.0,1.0,1.0,1.0,1.0,95.0,event
12:10:18.060,0.6170598,0.06851441,0.57583654,0.068385534,0.18634129,-0.6248447,0.05295481,0.09749589,0.4243731,-0.16745922,0.060391217,0.64431524,1.1968037,0.14343263,0.41971824,1.0708495,1.0044843,0.31941584,0.22839354,1.0823425,807.47253,796.5934,829.6337,805.4579,731.31866,-0.0208740234375,0.14501953125,0.98138427734375,2.811279296875,-4.329071044921875,1.248626708984375,1.0,1.0,1.0,1.0,1.0,95.0,event
12:10:18.061,0.6170598,0.06851441,0.57583654,0.068385534,0.18634129,-0.6248447,0.05295481,0.09749589,0.4243731,-0.16745922,0.060391217,0.64431524,1.1968037,0.14343263,0.41971824,1.0708495,1.0044843,0.31941584,0.22839354,1.0823425,800.2198,783.69965,831.6484,813.1135,826.0073,-0.0208740234375,0.14501953125,0.98138427734375,2.811279296875,-4.329071044921875,1.248626708984375,1.0,1.0,1.0,1.0,1.0,95.0,event
12:10:18.061,0.6170598,0.06851441,0.57583654,0.068385534,0.18634129,-0.6248447,0.05295481,0.09749589,0.4243731,-0.16745922,0.060391217,0.64431524,1.1968037,0.14343263,0.41971824,1.0708495,1.0044843,0.31941584,0.22839354,1.0823425,789.34064,778.46155,832.4542,821.5751,952.1245,-0.0208740234375,0.14501953125,0.98138427734375,2.811279296875,-4.329071044921875,1.248626708984375,1.0,1.0,1.0,1.0,1.0,95.0,event
12:10:18.062,0.6170598,0.06851441,0.57583654,0.068385534,0.18634129,-0.6248447,0.05295481,0.09749589,0.4243731,-0.16745922,0.060391217,0.64431524,1.1968037,0.14343263,0.41971824,1.0708495,1.0044843,0.31941584,0.22839354,1.0823425,783.2967,795.78754,834.87177,819.15753,912.6374,-0.0208740234375,0.14501953125,0.98138427734375,2.811279296875,-4.329071044921875,1.248626708984375,1.0,1.0,1.0,1.0,1.0,95.0,event
12:10:18.063,0.6170598,0.06851441,0.57583654,0.068385534,0.18634129,-0.6248447,0.05295481,0.09749589,0.4243731,-0.16745922,0.060391217,0.64431524,1.1968037,0.14343263,0.41971824,1.0708495,1.0044843,0.31941584,0.22839354,1.0823425,789.34064,794.17584,833.663,811.50183,750.65936,-0.0208740234375,0.14501953125,0.98138427734375,2.811279296875,-4.329071044921875,1.248626708984375,1.0,1.0,1.0,1.0,1.0,95.0,event
12:10:18.063,0.6170598,0.06851441,0.57583654,0.068385534,0.18634129,-0.6248447,0.05295481,0.09749589,0.4243731,-0.16745922,0.060391217,0.64431524,1.1968037,0.14343263,0.41971824,1.0708495,1.0044843,0.31941584,0.22839354,1.0823425,779.2674,788.1319,821.5751,781.685,821.978,-0.0208740234375,0.14501953125,0.98138427734375,2.811279296875,-4.329071044921875,1.248626708984375,1.0,1.0,1.0,1.0,1.0,95.0,event
12:10:18.064,0.6170598,0.06851441,0.57583654,0.068385534,0.18634129,-0.6248447,0.05295481,0.09749589,0.4243731,-0.16745922,0.060391217,0.64431524,1.1968037,0.14343263,0.41971824,1.0708495,1.0044843,0.31941584,0.22839354,1.0823425,775.64105,796.1905,819.15753,790.54944,989.19415,-0.0208740234375,0.14501953125,0.98138427734375,2.811279296875,-4.329071044921875,1.248626708984375,1.0,1.0,1.0,1.0,1.0,95.0,event
12:10:18.065,0.6170598,0.06851441,0.57583654,0.068385534,0.18634129,-0.6248447,0.05295481,0.09749589,0.4243731,-0.16745922,0.060391217,0.64431524,1.1968037,0.14343263,0.41971824,1.0708495,1.0044843,0.31941584,0.22839354,1.0823425,803.44324,797.3993,821.5751,816.7399,787.326,-0.0208740234375,0.14501953125,0.98138427734375,2.811279296875,-4.329071044921875,1.248626708984375,1.0,1.0,1.0,1.0,1.0,95.0,event
12:10:18.065,0.61640227,0.13416985,0.40959185,0.068385534,0.18393046,-0.5254675,0.123085976,0.09749589,0.46721983,-0.15247428,0.093730986,0.64431524,1.1914393,0.14238237,0.42052546,1.0708495,1.00858,0.31806096,0.23861043,1.0823425,811.9048,788.5348,809.4872,809.0842,708.3516,-0.0208740234375,0.14501953125,0.98138427734375,2.811279296875,-4.329071044921875,1.248626708984375,1.0,1.0,1.0,1.0,1.0,95.0,event
12:10:18.155,0.61640227,0.13416985,0.40959185,0.068385534,0.18393046,-0.5254675,0.123085976,0.09749589,0.46721983,-0.15247428,0.093730986,0.64431524,1.1914393,0.14238237,0.42052546,1.0708495,1.00858,0.31806096,0.23861043,1.0823425,786.1172,791.3553,812.3077,819.9634,766.77655,-0.0208740234375,0.14501953125,0.98138427734375,2.811279296875,-4.329071044921875,1.248626708984375,1.0,1.0,1.0,1.0,1.0,95.0,event
12:10:18.156,0.61640227,0.13416985,0.40959185,0.068385534,0.18393046,-0.5254675,0.123085976,0.09749589,0.46721983,-0.15247428,0.093730986,0.64431524,1.1914393,0.14238237,0.42052546,1.0708495,1.00858,0.31806096,0.23861043,1.0823425,774.83514,797.8022,825.2015,823.1868,717.619,-0.0208740234375,0.14501953125,0.98138427734375,2.811279296875,-4.329071044921875,1.248626708984375,1.0,1.0,1.0,1.0,1.0,95.0,event
12:10:18.157,0.61640227,0.13416985,0.40959185,0.068385534,0.18393046,-0.5254675,0.123085976,0.09749589,0.46721983,-0.15247428,0.093730986,0.64431524,1.1914393,0.14238237,0.42052546,1.0708495,1.00858,0.31806096,0.23861043,1.0823425,792.1612,799.41394,825.6044,795.78754,736.55676,-0.0208740234375,0.14501953125,0.98138427734375,2.811279296875,-4.329071044921875,1.248626708984375,1.0,1.0,1.0,1.0,1.0,95.0,event
12:10:18.158,0.61640227,0.13416985,0.40959185,0.068385534,0.18393046,-0.5254675,0.123085976,0.09749589,0.46721983,-0.15247428,0.093730986,0.64431524,1.1914393,0.14238237,0.42052546,1.0708495,1.00858,0.31806096,0.23861043,1.0823425,801.4286,790.9524,825.2015,786.9231,763.1502,-0.0208740234375,0.14501953125,0.98138427734375,2.811279296875,-4.329071044921875,1.248626708984375,1.0,1.0,1.0,1.0,1.0,95.0,event
12:10:18.158,0.61640227,0.13416985,0.40959185,0.068385534,0.18393046,-0.5254675,0.123085976,0.09749589,0.46721983,-0.15247428,0.093730986,0.64431524,1.1914393,0.14238237,0.42052546,1.0708495,1.00858,0.31806096,0.23861043,1.0823425,782.0879,789.7436,824.7985,830.0366,853.8095,-0.0208740234375,0.14501953125,0.98138427734375,2.811279296875,-4.329071044921875,1.248626708984375,1.0,1.0,1.0,1.0,1.0,95.0,event
12:10:18.159,0.61640227,0.13416985,0.40959185,0.068385534,0.18393046,-0.5254675,0.123085976,0.09749589,0.46721983,-0.15247428,0.093730986,0.64431524,1.1914393,0.14238237,0.42052546,1.0708495,1.00858,0.31806096,0.23861043,1.0823425,784.5055,796.1905,821.1722,803.44324,945.2747,-0.0208740234375,0.14501953125,0.98138427734375,2.811279296875,-4.329071044921875,1.248626708984375,1.0,1.0,1.0,1.0,1.0,95.0,event
12:10:18.159,0.61640227,0.13416985,0.40959185,0.068385534,0.18393046,-0.5254675,0.123085976,0.09749589,0.46721983,-0.15247428,0.093730986,0.64431524,1.1914393,0.14238237,0.42052546,1.0708495,1.00858,0.31806096,0.23861043,1.0823425,809.0842,805.05493,819.15753,767.98535,884.83514,-0.0208740234375,0.14501953125,0.98138427734375,2.811279296875,-4.329071044921875,1.248626708984375,1.0,1.0,1.0,1.0,1.0,95.0,event
12:10:18.160,0.61640227,0.13416985,0.40959185,0.068385534,0.18393046,-0.5254675,0.123085976,0.09749589,0.46721983,-0.15247428,0.093730986,0.64431524,1.1914393,0.14238237,0.42052546,1.0708495,1.00858,0.31806096,0.23861043,1.0823425,819.15753,807.0696,813.1135,804.65204,757.1062,-0.0208740234375,0.14501953125,0.98138427734375,2.811279296875,-4.329071044921875,1.248626708984375,1.0,1.0,1.0,1.0,1.0,95.0,event
12:10:18.161,0.61640227,0.13416985,0.40959185,0.068385534,0.18393046,-0.5254675,0.123085976,0.09749589,0.46721983,-0.15247428,0.093730986,0.64431524,1.1914393,0.14238237,0.42052546,1.0708495,1.00858,0.31806096,0.23861043,1.0823425,781.685,794.17584,821.1722,822.381,932.381,-0.0208740234375,0.14501953125,0.98138427734375,2.811279296875,-4.329071044921875,1.248626708984375,1.0,1.0,1.0,1.0,1.0,95.0,event
12:10:18.161,0.61640227,0.13416985,0.40959185,0.068385534,0.18393046,-0.5254675,0.123085976,0.09749589,0.46721983,-0.15247428,0.093730986,0.64431524,1.1914393,0.14238237,0.42052546,1.0708495,1.00858,0.31806096,0.23861043,1.0823425,800.6227,792.96704,814.3223,820.7692,936.4103,-0.0208740234375,0.14501953125,0.98138427734375,2.811279296875,-4.329071044921875,1.248626708984375,1.0,1.0,1.0,1.0,1.0,95.0,event
12:10:18.162,0.61640227,0.13416985,0.40959185,0.068385534,0.18393046,-0.5254675,0.123085976,0.09749589,0.46721983,-0.15247428,0.093730986,0.64431524,1.1914393,0.14238237,0.42052546,1.0708495,1.00858,0.31806096,0.23861043,1.0823425,801.8315,809.0842,830.4396,822.381,761.53845,-0.0208740234375,0.14501953125,0.98138427734375,2.811279296875,-4.329071044921875,1.248626708984375,1.0,1.0,1.0,1.0,1.0,95.0,event
12:10:18.163,0.61640227,0.13416985,0.40959185,0.068385534,0.18393046,-0.5254675,0.123085976,0.09749589,0.46721983,-0.15247428,0.093730986,0.64431524,1.1914393,0.14238237,0.42052546,1.0708495,1.00858,0.31806096,0.23861043,1.0823425,819.5604,811.50183,832.4542,817.9487,810.696,-0.0208740234375,0.14501953125,0.98138427734375,2.811279296875,-4.329071044921875,1.248626708984375,1.0,1.0,1.0,1.0,1.0,95.0,event
12:10:18.164,0.61640227,0.13416985,0.40959185,0.068385534,0.18393046,-0.5254675,0.123085976,0.09749589,0.46721983,-0.15247428,0.093730986,0.64431524,1.1914393,0.14238237,0.42052546,1.0708495,1.00858,0.31806096,0.23861043,1.0823425,787.72894,808.2784,818.7546,803.8461,817.1429,-0.0179443359375,0.14306640625,0.98040771484375,1.5252685546875,-3.99261474609375,0.231781005859375,1.0,1.0,1.0,1.0,1.0,95.0,event
12:10:18.164,0.61640227,0.13416985,0.40959185,0.068385534,0.18393046,-0.5254675,0.123085976,0.09749589,0.46721983,-0.15247428,0.093730986,0.64431524,1.1914393,0.14238237,0.42052546,1.0708495,1.00858,0.31806096,0.23861043,1.0823425,776.8498,793.7729,815.9341,780.4762,728.0952,-0.0179443359375,0.14306640625,0.98040771484375,1.5252685546875,-3.99261474609375,0.231781005859375,1.0,1.0,1.0,1.0,1.0,95.0,event
12:10:18.165,0.61640227,0.13416985,0.40959185,0.068385534,0.18393046,-0.5254675,0.123085976,0.09749589,0.46721983,-0.15247428,0.093730986,0.64431524,1.1914393,0.14238237,0.42052546,1.0708495,1.00858,0.31806096,0.23861043,1.0823425,794.57874,784.5055,818.7546,787.326,737.3626,-0.0179443359375,0.14306640625,0.98040771484375,1.5252685546875,-3.99261474609375,0.231781005859375,1.0,1.0,1.0,1.0,1.0,95.0,event
12:10:18.166,0.61640227,0.13416985,0.40959185,0.068385534,0.18393046,-0.5254675,0.123085976,0.09749589,0.46721983,-0.15247428,0.093730986,0.64431524,1.1914393,0.14238237,0.42052546,1.0708495,1.00858,0.31806096,0.23861043,1.0823425,790.9524,788.1319,827.2161,820.7692,802.6374,-0.0179443359375,0.14306640625,0.98040771484375,1.5252685546875,-3.99261474609375,0.231781005859375,1.0,1.0,1.0,1.0,1.0,95.0,event
12:10:18.166,0.61640227,0.13416985,0.40959185,0.068385534,0.18393046,-0.5254675,0.123085976,0.09749589,0.46721983,-0.15247428,0.093730986,0.64431524,1.1914393,0.14238237,0.42052546,1.0708495,1.00858,0.31806096,0.23861043,1.0823425,761.9414,789.34064,830.0366,849.3773,801.02563,-0.0179443359375,0.14306640625,0.98040771484375,1.5252685546875,-3.99261474609375,0.231781005859375,1.0,1.0,1.0,1.0,1.0,95.0,event
12:10:18.167,0.61640227,0.13416985,0.40959185,0.068385534,0.18393046,-0.5254675,0.123085976,0.09749589,0.46721983,-0.15247428,0.093730986,0.64431524,1.1914393,0.14238237,0.42052546,1.0708495,1.00858,0.31806096,0.23861043,1.0823425,774.43225,800.2198,816.337,799.81683,801.02563,-0.0179443359375,0.14306640625,0.98040771484375,1.5252685546875,-3.99261474609375,0.231781005859375,1.0,1.0,1.0,1.0,1.0,95.0,event
12:10:18.167,0.61640227,0.13416985,0.40959185,0.068385534,0.18393046,-0.5254675,0.123085976,0.09749589,0.46721983,-0.15247428,0.093730986,0.64431524,1.1914393,0.14238237,0.42052546,1.0708495,1.00858,0.31806096,0.23861043,1.0823425,799.011,805.4579,821.978,754.2857,805.05493,-0.0179443359375,0.14306640625,0.98040771484375,1.5252685546875,-3.99261474609375,0.231781005859375,1.0,1.0,1.0,1.0,1.0,95.0,event
12:10:18.168,0.61640227,0.13416985,0.40959185,0.068385534,0.18393046,-0.5254675,0.123085976,0.09749589,0.46721983,-0.15247428,0.093730986,0.64431524,1.1914393,0.14238237,0.42052546,1.0708495,1.00858,0.31806096,0.23861043,1.0823425,784.10254,803.0403,828.8278,775.64105,853.4066,-0.0179443359375,0.14306640625,0.98040771484375,1.5252685546875,-3.99261474609375,0.231781005859375,1.0,1.0,1.0,1.0,1.0,95.0,event
12:10:18.169,0.61640227,0.13416985,0.40959185,0.068385534,0.18393046,-0.5254675,0.123085976,0.09749589,0.46721983,-0.15247428,0.093730986,0.64431524,1.1914393,0.14238237,0.42052546,1.0708495,1.00858,0.31806096,0.23861043,1.0823425,787.326,801.02563,821.5751,793.36993,810.293,-0.0179443359375,0.14306640625,0.98040771484375,1.5252685546875,-3.99261474609375,0.231781005859375,1.0,1.0,1.0,1.0,1.0,95.0,event
12:10:18.170,0.61640227,0.13416985,0.40959185,0.068385534,0.18393046,-0.5254675,0.123085976,0.09749589,0.46721983,-0.15247428,0.093730986,0.64431524,1.1914393,0.14238237,0.42052546,1.0708495,1.00858,0.31806096,0.23861043,1.0823425,803.8461,801.02563,820.7692,802.23444,709.9634,-0.0179443359375,0.14306640625,0.98040771484375,1.5252685546875,-3.99261474609375,0.231781005859375,1.0,1.0,1.0,1.0,1.0,95.0,event
12:10:18.170,0.61640227,0.13416985,0.40959185,0.068385534,0.18393046,-0.5254675,0.123085976,0.09749589,0.46721983,-0.15247428,0.093730986,0.64431524,1.1914393,0.14238237,0.42052546,1.0708495,1.00858,0.31806096,0.23861043,1.0823425,795.38464,799.41394,817.5458,791.3553,729.304,-0.0179443359375,0.14306640625,0.98040771484375,1.5252685546875,-3.99261474609375,0.231781005859375,1.0,1.0,1.0,1.0,1.0,95.0,event
12:10:18.171,0.61640227,0.13416985,0.40959185,0.068385534,0.18393046,-0.5254675,0.123085976,0.09749589,0.46721983,-0.15247428,0.093730986,0.64431524,1.1914393,0.14238237,0.42052546,1.0708495,1.00858,0.31806096,0.23861043,1.0823425,802.23444,798.20514,812.71063,794.17584,897.72894,-0.0179443359375,0.14306640625,0.98040771484375,1.5252685546875,-3.99261474609375,0.231781005859375,1.0,1.0,1.0,1.0,1.0,95.0,event
12:10:18.196,0.61640227,0.13416985,0.40959185,0.068385534,0.18393046,-0.5254675,0.123085976,0.09749589,0.46721983,-0.15247428,0.093730986,0.64431524,1.1914393,0.14238237,0.42052546,1.0708495,1.00858,0.31806096,0.23861043,1.0823425,803.44324,799.41394,822.381,825.2015,1148.7546,-0.01727294921875,0.13824462890625,0.97442626953125,0.800018310546875,-3.46923828125,-0.0,1.0,1.0,1.0,1.0,1.0,95.0,event
12:10:18.197,0.6029671,0.20649597,0.41025457,0.068385534,0.18979502,-0.42798534,0.16243182,0.09749589,0.47802225,-0.11478752,0.122254156,0.64431524,1.1812075,0.137477,0.41033933,1.0708495,1.0007976,0.31908023,0.2373363,1.0823425,784.10254,789.7436,828.022,798.20514,992.8205,-0.01727294921875,0.13824462890625,0.97442626953125,0.800018310546875,-3.46923828125,-0.0,1.0,1.0,1.0,1.0,1.0,95.0,event
12:10:18.201,0.6029671,0.20649597,0.41025457,0.068385534,0.18979502,-0.42798534,0.16243182,0.09749589,0.47802225,-0.11478752,0.122254156,0.64431524,1.1812075,0.137477,0.41033933,1.0708495,1.0007976,0.31908023,0.2373363,1.0823425,763.1502,792.96704,825.6044,769.19415,829.2308,-0.01727294921875,0.13824462890625,0.97442626953125,0.800018310546875,-3.46923828125,-0.0,1.0,1.0,1.0,1.0,1.0,95.0,event
12:10:18.201,0.6029671,0.20649597,0.41025457,0.068385534,0.18979502,-0.42798534,0.16243182,0.09749589,0.47802225,-0.11478752,0.122254156,0.64431524,1.1812075,0.137477,0.41033933,1.0708495,1.0007976,0.31908023,0.2373363,1.0823425,766.77655,803.0403,821.978,787.72894,822.7839,-0.01727294921875,0.13824462890625,0.97442626953125,0.800018310546875,-3.46923828125,-0.0,1.0,1.0,1.0,1.0,1.0,95.0,event
12:10:18.202,0.6029671,0.20649597,0.41025457,0.068385534,0.18979502,-0.42798534,0.16243182,0.09749589,0.47802225,-0.11478752,0.122254156,0.64431524,1.1812075,0.137477,0.41033933,1.0708495,1.0007976,0.31908023,0.2373363,1.0823425,789.34064,803.8461,811.9048,799.81683,794.9817,-0.01727294921875,0.13824462890625,0.97442626953125,0.800018310546875,-3.46923828125,-0.0,1.0,1.0,1.0,1.0,1.0,95.0,event
12:10:18.203,0.6029671,0.20649597,0.41025457,0.068385534,0.18979502,-0.42798534,0.16243182,0.09749589,0.47802225,-0.11478752,0.122254156,0.64431524,1.1812075,0.137477,0.41033933,1.0708495,1.0007976,0.31908023,0.2373363,1.0823425,790.14655,811.0989,826.0073,808.68134,900.54944,-0.01727294921875,0.13824462890625,0.97442626953125,0.800018310546875,-3.46923828125,-0.0,1.0,1.0,1.0,1.0,1.0,95.0,event
12:10:18.203,0.6029671,0.20649597,0.41025457,0.068385534,0.18979502,-0.42798534,0.16243182,0.09749589,0.47802225,-0.11478752,0.122254156,0.64431524,1.1812075,0.137477,0.41033933,1.0708495,1.0007976,0.31908023,0.2373363,1.0823425,801.8315,808.2784,811.0989,803.8461,910.2198,-0.01727294921875,0.13824462890625,0.97442626953125,0.800018310546875,-3.46923828125,-0.0,1.0,1.0,1.0,1.0,1.0,95.0,event
12:10:18.204,0.6029671,0.20649597,0.41025457,0.068385534,0.18979502,-0.42798534,0.16243182,0.09749589,0.47802225,-0.11478752,0.122254156,0.64431524,1.1812075,0.137477,0.41033933,1.0708495,1.0007976,0.31908023,0.2373363,1.0823425,786.9231,804.2491,828.8278,803.8461,936.8132,-0.01727294921875,0.13824462890625,0.97442626953125,0.800018310546875,-3.46923828125,-0.0,1.0,1.0,1.0,1.0,1.0,95.0,event
12:10:18.204,0.6029671,0.20649597,0.41025457,0.068385534,0.18979502,-0.42798534,0.16243182,0.09749589,0.47802225,-0.11478752,0.122254156,0.64431524,1.1812075,0.137477,0.41033933,1.0708495,1.0007976,0.31908023,0.2373363,1.0823425,805.05493,802.6374,828.4249,781.28204,941.6484,-0.01727294921875,0.13824462890625,0.97442626953125,0.800018310546875,-3.46923828125,-0.0,1.0,1.0,1.0,1.0,1.0,95.0,event
12:10:18.205,0.6029671,0.20649597,0.41025457,0.068385534,0.18979502,-0.42798534,0.16243182,0.09749589,0.47802225,-0.11478752,0.122254156,0.64431524,1.1812075,0.137477,0.41033933,1.0708495,1.0007976,0.31908023,0.2373363,1.0823425,816.337,806.6667,822.381,764.7619,683.7729,-0.01727294921875,0.13824462890625,0.97442626953125,0.800018310546875,-3.46923828125,-0.0,1.0,1.0,1.0,1.0,1.0,95.0,event
12:10:18.207,0.6029671,0.20649597,0.41025457,0.068385534,0.18979502,-0.42798534,0.16243182,0.09749589,0.47802225,-0.11478752,0.122254156,0.64431524,1.1812075,0.137477,0.41033933,1.0708495,1.0007976,0.31908023,0.2373363,1.0823425,800.6227,801.4286,816.337,795.38464,674.90845,-0.01727294921875,0.13824462890625,0.97442626953125,0.800018310546875,-3.46923828125,-0.0,1.0,1.0,1.0,1.0,1.0,95.0,event
12:10:18.208,0.6029671,0.20649597,0.41025457,0.068385534,0.18979502,-0.42798534,0.16243182,0.09749589,0.47802225,-0.11478752,0.122254156,0.64431524,1.1812075,0.137477,0.41033933,1.0708495,1.0007976,0.31908023,0.2373363,1.0823425,779.2674,804.2491,815.12823,819.15753,903.7729,-0.01727294921875,0.13824462890625,0.97442626953125,0.800018310546875,-3.46923828125,-0.0,1.0,1.0,1.0,1.0,1.0,95.0,event
12:10:18.233,0.6029671,0.20649597,0.41025457,0.068385534,0.18979502,-0.42798534,0.16243182,0.09749589,0.47802225,-0.11478752,0.122254156,0.64431524,1.1812075,0.137477,0.41033933,1.0708495,1.0007976,0.31908023,0.2373363,1.0823425,775.64105,806.6667,809.4872,804.65204,825.2015,-0.021728515625,0.13751220703125,0.97589111328125,1.33087158203125,-3.93280029296875,-0.186920166015625,1.0,1.0,1.0,1.0,1.0,95.0,event
12:10:18.234,0.6029671,0.20649597,0.41025457,0.068385534,0.18979502,-0.42798534,0.16243182,0.09749589,0.47802225,-0.11478752,0.122254156,0.64431524,1.1812075,0.137477,0.41033933,1.0708495,1.0007976,0.31908023,0.2373363,1.0823425,784.90845,806.26373,814.3223,785.7143,729.707,-0.021728515625,0.13751220703125,0.97589111328125,1.33087158203125,-3.93280029296875,-0.186920166015625,1.0,1.0,1.0,1.0,1.0,95.0,event
12:10:18.236,0.6029671,0.20649597,0.41025457,0.068385534,0.18979502,-0.42798534,0.16243182,0.09749589,0.47802225,-0.11478752,0.122254156,0.64431524,1.1812075,0.137477,0.41033933,1.0708495,1.0007976,0.31908023,0.2373363,1.0823425,816.337,805.8608,821.1722,767.5824,795.78754,-0.021728515625,0.13751220703125,0.97589111328125,1.33087158203125,-3.93280029296875,-0.186920166015625,1.0,1.0,1.0,1.0,1.0,95.0,event
12:10:18.236,0.6029671,0.20649597,0.41025457,0.068385534,0.18979502,-0.42798534,0.16243182,0.09749589,0.47802225,-0.11478752,0.122254156,0.64431524,1.1812075,0.137477,0.41033933,1.0708495,1.0007976,0.31908023,0.2373363,1.0823425,809.4872,804.2491,813.1135,772.4176,760.32965,-0.021728515625,0.13751220703125,0.97589111328125,1.33087158203125,-3.93280029296875,-0.186920166015625,1.0,1.0,1.0,1.0,1.0,95.0,event
12:10:18.238,0.6029671,0.20649597,0.41025457,0.068385534,0.18979502,-0.42798534,0.16243182,0.09749589,0.47802225,-0.11478752,0.122254156,0.64431524,1.1812075,0.137477,0.41033933,1.0708495,1.0007976,0.31908023,0.2373363,1.0823425,797.3993,808.68134,807.0696,786.9231,730.5128,-0.021728515625,0.13751220703125,0.97589111328125,1.33087158203125,-3.93280029296875,-0.186920166015625,1.0,1.0,1.0,1.0,1.0,95.0,event
12:10:18.239,0.6029671,0.20649597,0.41025457,0.068385534,0.18979502,-0.42798534,0.16243182,0.09749589,0.47802225,-0.11478752,0.122254156,0.64431524,1.1812075,0.137477,0.41033933,1.0708495,1.0007976,0.31908023,0.2373363,1.0823425,802.6374,820.3663,814.3223,788.5348,828.022,-0.021728515625,0.13751220703125,0.97589111328125,1.33087158203125,-3.93280029296875,-0.186920166015625,1.0,1.0,1.0,1.0,1.0,95.0,event
12:10:18.239,0.6029671,0.20649597,0.41025457,0.068385534,0.18979502,-0.42798534,0.16243182,0.09749589,0.47802225,-0.11478752,0.122254156,0.64431524,1.1812075,0.137477,0.41033933,1.0708495,1.0007976,0.31908023,0.2373363,1.0823425,759.92676,803.0403,817.9487,792.1612,915.4579,-0.021728515625,0.13751220703125,0.97589111328125,1.33087158203125,-3.93280029296875,-0.186920166015625,1.0,1.0,1.0,1.0,1.0,95.0,event
12:10:18.240,0.6029671,0.20649597,0.41025457,0.068385534,0.18979502,-0.42798534,0.16243182,0.09749589,0.47802225,-0.11478752,0.122254156,0.64431524,1.1812075,0.137477,0.41033933,1.0708495,1.0007976,0.31908023,0.2373363,1.0823425,753.8828,777.25275,819.5604,787.72894,1012.5641,-0.021728515625,0.13751220703125,0.97589111328125,1.33087158203125,-3.93280029296875,-0.186920166015625,1.0,1.0,1.0,1.0,1.0,95.0,event
12:10:18.241,0.6029671,0.20649597,0.41025457,0.068385534,0.18979502,-0.42798534,0.16243182,0.09749589,0.47802225,-0.11478752,0.122254156,0.64431524,1.1812075,0.137477,0.41033933,1.0708495,1.0007976,0.31908023,0.2373363,1.0823425,761.13556,799.81683,819.5604,763.5531,783.2967,-0.021728515625,0.13751220703125,0.97589111328125,1.33087158203125,-3.93280029296875,-0.186920166015625,1.0,1.0,1.0,1.0,1.0,95.0,event
12:10:18.241,0.6029671,0.20649597,0.41025457,0.068385534,0.18979502,-0.42798534,0.16243182,0.09749589,0.47802225,-0.11478752,0.122254156,0.64431524,1.1812075,0.137477,0.41033933,1.0708495,1.0007976,0.31908023,0.2373363,1.0823425,774.83514,817.9487,819.15753,777.25275,675.31134,-0.021728515625,0.13751220703125,0.97589111328125,1.33087158203125,-3.93280029296875,-0.186920166015625,1.0,1.0,1.0,1.0,1.0,95.0,event
12:10:18.242,0.6029671,0.20649597,0.41025457,0.068385534,0.18979502,-0.42798534,0.16243182,0.09749589,0.47802225,-0.11478752,0.122254156,0.64431524,1.1812075,0.137477,0.41033933,1.0708495,1.0007976,0.31908023,0.2373363,1.0823425,794.17584,808.68134,819.15753,814.3223,753.47986,-0.021728515625,0.13751220703125,0.97589111328125,1.33087158203125,-3.93280029296875,-0.186920166015625,1.0,1.0,1.0,1.0,1.0,95.0,event
12:10:18.242,0.6029671,0.20649597,0.41025457,0.068385534,0.18979502,-0.42798534,0.16243182,0.09749589,0.47802225,-0.11478752,0.122254156,0.64431524,1.1812075,0.137477,0.41033933,1.0708495,1.0007976,0.31908023,0.2373363,1.0823425,795.38464,809.89014,815.9341,799.011,814.3223,-0.021728515625,0.13751220703125,0.97589111328125,1.33087158203125,-3.93280029296875,-0.186920166015625,1.0,1.0,1.0,1.0,1.0,95.0,event
12:10:18.307,0.6029671,0.20649597,0.41025457,0.068385534,0.18979502,-0.42798534,0.16243182,0.09749589,0.47802225,-0.11478752,0.122254156,0.64431524,1.1812075,0.137477,0.41033933,1.0708495,1.0007976,0.31908023,0.2373363,1.0823425,799.41394,811.9048,808.2784,773.6264,761.9414,-0.01959228515625,0.13671875,0.9766845703125,1.9140625,-3.81317138671875,0.411224365234375,1.0,1.0,1.0,1.0,1.0,95.0,event
12:10:18.308,0.6029671,0.20649597,0.41025457,0.068385534,0.18979502,-0.42798534,0.16243182,0.09749589,0.47802225,-0.11478752,0.122254156,0.64431524,1.1812075,0.137477,0.41033933,1.0708495,1.0007976,0.31908023,0.2373363,1.0823425,800.2198,810.696,805.8608,796.1905,667.6557,-0.01959228515625,0.13671875,0.9766845703125,1.9140625,-3.81317138671875,0.411224365234375,1.0,1.0,1.0,1.0,1.0,95.0,event
12:10:18.309,0.5891045,0.27885666,0.41155764,0.068385534,0.20475985,-0.3069449,0.17875676,0.09749589,0.5029136,-0.0062272516,0.1498624,0.64431524,1.1639442,0.1382662,0.39977822,1.0708495,0.98716074,0.3176039,0.23511143,1.0823425,804.65204,801.4286,821.978,804.65204,812.71063,-0.01959228515625,0.13671875,0.9766845703125,1.9140625,-3.81317138671875,0.411224365234375,1.0,1.0,1.0,1.0,1.0,95.0,event
12:10:18.309,0.6029671,0.20649597,0.41025457,0.068385534,0.18979502,-0.42798534,0.16243182,0.09749589,0.47802225,-0.11478752,0.122254156,0.64431524,1.1812075,0.137477,0.41033933,1.0708495,1.0007976,0.31908023,0.2373363,1.0823425,796.5934,807.0696,813.91943,821.5751,820.7692,-0.01959228515625,0.13671875,0.9766845703125,1.9140625,-3.81317138671875,0.411224365234375,1.0,1.0,1.0,1.0,1.0,95.0,event
12:10:18.314,0.5891045,0.27885666,0.41155764,0.068385534,0.20475985,-0.3069449,0.17875676,0.09749589,0.5029136,-0.0062272516,0.1498624,0.64431524,1.1639442,0.1382662,0.39977822,1.0708495,0.98716074,0.3176039,0.23511143,1.0823425,796.1905,810.293,826.0073,780.07324,670.87915,-0.01959228515625,0.13671875,0.9766845703125,1.9140625,-3.81317138671875,0.411224365234375,1.0,1.0,1.0,1.0,1.0,95.0,event
12:10:18.315,0.5891045,0.27885666,0.41155764,0.068385534,0.20475985,-0.3069449,0.17875676,0.09749589,0.5029136,-0.0062272516,0.1498624,0.64431524,1.1639442,0.1382662,0.39977822,1.0708495,0.98716074,0.3176039,0.23511143,1.0823425,785.7143,812.3077,824.3956,780.87915,813.1135,-0.01959228515625,0.13671875,0.9766845703125,1.9140625,-3.81317138671875,0.411224365234375,1.0,1.0,1.0,1.0,1.0,95.0,event
12:10:18.315,0.5891045,0.27885666,0.41155764,0.068385534,0.20475985,-0.3069449,0.17875676,0.09749589,0.5029136,-0.0062272516,0.1498624,0.64431524,1.1639442,0.1382662,0.39977822,1.0708495,0.98716074,0.3176039,0.23511143,1.0823425,778.46155,800.2198,820.7692,780.87915,1027.0696,-0.01959228515625,0.13671875,0.9766845703125,1.9140625,-3.81317138671875,0.411224365234375,1.0,1.0,1.0,1.0,1.0,95.0,event
12:10:18.316,0.5891045,0.27885666,0.41155764,0.068385534,0.20475985,-0.3069449,0.17875676,0.09749589,0.5029136,-0.0062272516,0.1498624,0.64431524,1.1639442,0.1382662,0.39977822,1.0708495,0.98716074,0.3176039,0.23511143,1.0823425,779.67035,799.81683,824.3956,786.52014,952.9304,-0.01959228515625,0.13671875,0.9766845703125,1.9140625,-3.81317138671875,0.411224365234375,1.0,1.0,1.0,1.0,1.0,95.0,event
12:10:18.317,0.5891045,0.27885666,0.41155764,0.068385534,0.20475985,-0.3069449,0.17875676,0.09749589,0.5029136,-0.0062272516,0.1498624,0.64431524,1.1639442,0.1382662,0.39977822,1.0708495,0.98716074,0.3176039,0.23511143,1.0823425,789.34064,805.4579,821.1722,796.5934,716.0073,-0.01959228515625,0.13671875,0.9766845703125,1.9140625,-3.81317138671875,0.411224365234375,1.0,1.0,1.0,1.0,1.0,95.0,event
12:10:18.317,0.5891045,0.27885666,0.41155764,0.068385534,0.20475985,-0.3069449,0.17875676,0.09749589,0.5029136,-0.0062272516,0.1498624,0.64431524,1.1639442,0.1382662,0.39977822,1.0708495,0.98716074,0.3176039,0.23511143,1.0823425,801.8315,804.2491,813.91943,784.90845,705.9341,-0.01959228515625,0.13671875,0.9766845703125,1.9140625,-3.81317138671875,0.411224365234375,1.0,1.0,1.0,1.0,1.0,95.0,event
12:10:18.318,0.5891045,0.27885666,0.41155764,0.068385534,0.20475985,-0.3069449,0.17875676,0.09749589,0.5029136,-0.0062272516,0.1498624,0.64431524,1.1639442,0.1382662,0.39977822,1.0708495,0.98716074,0.3176039,0.23511143,1.0823425,804.65204,799.41394,812.71063,770.80585,780.87915,-0.01959228515625,0.13671875,0.9766845703125,1.9140625,-3.81317138671875,0.411224365234375,1.0,1.0,1.0,1.0,1.0,95.0,event
12:10:18.319,0.5891045,0.27885666,0.41155764,0.068385534,0.20475985,-0.3069449,0.17875676,0.09749589,0.5029136,-0.0062272516,0.1498624,0.64431524,1.1639442,0.1382662,0.39977822,1.0708495,0.98716074,0.3176039,0.23511143,1.0823425,820.3663,794.57874,805.8608,815.5311,749.85345,-0.01959228515625,0.13671875,0.9766845703125,1.9140625,-3.81317138671875,0.411224365234375,1.0,1.0,1.0,1.0,1.0,95.0,event
12:10:18.347,0.5891045,0.27885666,0.41155764,0.068385534,0.20475985,-0.3069449,0.17875676,0.09749589,0.5029136,-0.0062272516,0.1498624,0.64431524,1.1639442,0.1382662,0.39977822,1.0708495,0.98716074,0.3176039,0.23511143,1.0823425,797.8022,791.75824,810.293,825.6044,757.50916,-0.01959228515625,0.13671875,0.9766845703125,1.9140625,-3.81317138671875,0.411224365234375,1.0,1.0,1.0,1.0,1.0,95.0,event
12:10:18.348,0.5891045,0.27885666,0.41155764,0.068385534,0.20475985,-0.3069449,0.17875676,0.09749589,0.5029136,-0.0062272516,0.1498624,0.64431524,1.1639442,0.1382662,0.39977822,1.0708495,0.98716074,0.3176039,0.23511143,1.0823425,781.685,796.5934,817.1429,796.1905,813.1135,-0.01959228515625,0.13671875,0.9766845703125,1.9140625,-3.81317138671875,0.411224365234375,1.0,1.0,1.0,1.0,1.0,95.0,event
12:10:18.349,0.5891045,0.27885666,0.41155764,0.068385534,0.20475985,-0.3069449,0.17875676,0.09749589,0.5029136,-0.0062272516,0.1498624,0.64431524,1.1639442,0.1382662,0.39977822,1.0708495,0.98716074,0.3176039,0.23511143,1.0823425,837.28937,803.44324,819.15753,815.12823,848.5714,-0.01959228515625,0.13671875,0.9766845703125,1.9140625,-3.81317138671875,0.411224365234375,1.0,1.0,1.0,1.0,1.0,95.0,event
12:10:18.349,0.5891045,0.27885666,0.41155764,0.068385534,0.20475985,-0.3069449,0.17875676,0.09749589,0.5029136,-0.0062272516,0.1498624,0.64431524,1.1639442,0.1382662,0.39977822,1.0708495,0.98716074,0.3176039,0.23511143,1.0823425,815.9341,804.2491,824.3956,812.3077,794.9817,-0.01959228515625,0.13671875,0.9766845703125,1.9140625,-3.81317138671875,0.411224365234375,1.0,1.0,1.0,1.0,1.0,95.0,event
12:10:18.350,0.5891045,0.27885666,0.41155764,0.068385534,0.20475985,-0.3069449,0.17875676,0.09749589,0.5029136,-0.0062272516,0.1498624,0.64431524,1.1639442,0.1382662,0.39977822,1.0708495,0.98716074,0.3176039,0.23511143,1.0823425,788.5348,801.02563,822.7839,798.60803,722.8571,-0.01959228515625,0.13671875,0.9766845703125,1.9140625,-3.81317138671875,0.411224365234375,1.0,1.0,1.0,1.0,1.0,95.0,event
12:10:18.350,0.5891045,0.27885666,0.41155764,0.068385534,0.20475985,-0.3069449,0.17875676,0.09749589,0.5029136,-0.0062272516,0.1498624,0.64431524,1.1639442,0.1382662,0.39977822,1.0708495,0.98716074,0.3176039,0.23511143,1.0823425,808.2784,803.0403,815.12823,804.65204,830.4396,-0.01959228515625,0.13671875,0.9766845703125,1.9140625,-3.81317138671875,0.411224365234375,1.0,1.0,1.0,1.0,1.0,95.0,event
12:10:18.351,0.5891045,0.27885666,0.41155764,0.068385534,0.20475985,-0.3069449,0.17875676,0.09749589,0.5029136,-0.0062272516,0.1498624,0.64431524,1.1639442,0.1382662,0.39977822,1.0708495,0.98716074,0.3176039,0.23511143,1.0823425,798.60803,806.6667,814.7253,811.9048,1090.3297,-0.01959228515625,0.13671875,0.9766845703125,1.9140625,-3.81317138671875,0.411224365234375,1.0,1.0,1.0,1.0,1.0,95.0,event
12:10:18.352,0.5891045,0.27885666,0.41155764,0.068385534,0.20475985,-0.3069449,0.17875676,0.09749589,0.5029136,-0.0062272516,0.1498624,0.64431524,1.1639442,0.1382662,0.39977822,1.0708495,0.98716074,0.3176039,0.23511143,1.0823425,803.8461,803.0403,823.9927,828.4249,902.1612,-0.01959228515625,0.13671875,0.9766845703125,1.9140625,-3.81317138671875,0.411224365234375,1.0,1.0,1.0,1.0,1.0,95.0,event
12:10:18.352,0.5891045,0.27885666,0.41155764,0.068385534,0.20475985,-0.3069449,0.17875676,0.09749589,0.5029136,-0.0062272516,0.1498624,0.64431524,1.1639442,0.1382662,0.39977822,1.0708495,0.98716074,0.3176039,0.23511143,1.0823425,815.12823,801.02563,821.978,805.8608,633.4066,-0.01959228515625,0.13671875,0.9766845703125,1.9140625,-3.81317138671875,0.411224365234375,1.0,1.0,1.0,1.0,1.0,95.0,event
12:10:18.353,0.5891045,0.27885666,0.41155764,0.068385534,0.20475985,-0.3069449,0.17875676,0.09749589,0.5029136,-0.0062272516,0.1498624,0.64431524,1.1639442,0.1382662,0.39977822,1.0708495,0.98716074,0.3176039,0.23511143,1.0823425,812.3077,800.6227,814.3223,808.68134,891.685,-0.01959228515625,0.13671875,0.9766845703125,1.9140625,-3.81317138671875,0.411224365234375,1.0,1.0,1.0,1.0,1.0,95.0,event
12:10:18.353,0.5891045,0.27885666,0.41155764,0.068385534,0.20475985,-0.3069449,0.17875676,0.09749589,0.5029136,-0.0062272516,0.1498624,0.64431524,1.1639442,0.1382662,0.39977822,1.0708495,0.98716074,0.3176039,0.23511143,1.0823425,801.02563,801.02563,813.1135,789.34064,748.6447,-0.01959228515625,0.13671875,0.9766845703125,1.9140625,-3.81317138671875,0.411224365234375,1.0,1.0,1.0,1.0,1.0,95.0,event
12:10:18.354,0.5891045,0.27885666,0.41155764,0.068385534,0.20475985,-0.3069449,0.17875676,0.09749589,0.5029136,-0.0062272516,0.1498624,0.64431524,1.1639442,0.1382662,0.39977822,1.0708495,0.98716074,0.3176039,0.23511143,1.0823425,808.68134,790.9524,811.9048,825.2015,782.8938,-0.01959228515625,0.13671875,0.9766845703125,1.9140625,-3.81317138671875,0.411224365234375,1.0,1.0,1.0,1.0,1.0,95.0,event
12:10:18.380,0.5891045,0.27885666,0.41155764,0.068385534,0.20475985,-0.3069449,0.17875676,0.09749589,0.5029136,-0.0062272516,0.1498624,0.64431524,1.1639442,0.1382662,0.39977822,1.0708495,0.98716074,0.3176039,0.23511143,1.0823425,796.1905,785.31134,817.1429,832.4542,769.59705,-0.01861572265625,0.13836669921875,0.97576904296875,1.398162841796875,-3.5888671875,-0.740203857421875,1.0,1.0,1.0,1.0,1.0,95.0,event
12:10:18.381,0.5891045,0.27885666,0.41155764,0.068385534,0.20475985,-0.3069449,0.17875676,0.09749589,0.5029136,-0.0062272516,0.1498624,0.64431524,1.1639442,0.1382662,0.39977822,1.0708495,0.98716074,0.3176039,0.23511143,1.0823425,814.7253,786.9231,812.71063,803.8461,863.47986,-0.01861572265625,0.13836669921875,0.97576904296875,1.398162841796875,-3.5888671875,-0.740203857421875,1.0,1.0,1.0,1.0,1.0,95.0,event
12:10:18.382,0.5891045,0.27885666,0.41155764,0.068385534,0.20475985,-0.3069449,0.17875676,0.09749589,0.5029136,-0.0062272516,0.1498624,0.64431524,1.1639442,0.1382662,0.39977822,1.0708495,0.98716074,0.3176039,0.23511143,1.0823425,801.8315,771.6117,810.293,783.2967,765.16486,-0.01861572265625,0.13836669921875,0.97576904296875,1.398162841796875,-3.5888671875,-0.740203857421875,1.0,1.0,1.0,1.0,1.0,95.0,event
12:10:18.383,0.5891045,0.27885666,0.41155764,0.068385534,0.20475985,-0.3069449,0.17875676,0.09749589,0.5029136,-0.0062272516,0.1498624,0.64431524,1.1639442,0.1382662,0.39977822,1.0708495,0.98716074,0.3176039,0.23511143,1.0823425,803.44324,792.1612,825.2015,799.81683,680.9524,-0.01861572265625,0.13836669921875,0.97576904296875,1.398162841796875,-3.5888671875,-0.740203857421875,1.0,1.0,1.0,1.0,1.0,95.0,event
12:10:18.383,0.5891045,0.27885666,0.41155764,0.068385534,0.20475985,-0.3069449,0.17875676,0.09749589,0.5029136,-0.0062272516,0.1498624,0.64431524,1.1639442,0.1382662,0.39977822,1.0708495,0.98716074,0.3176039,0.23511143,1.0823425,834.87177,820.3663,831.2454,809.89014,744.21246,-0.01861572265625,0.13836669921875,0.97576904296875,1.398162841796875,-3.5888671875,-0.740203857421875,1.0,1.0,1.0,1.0,1.0,95.0,event
12:10:18.384,0.57446593,0.3544149,0.42021817,0.068385534,0.22273344,-0.17324118,0.19223318,0.09749589,0.5299868,0.12348354,0.21899574,0.64431524,1.1451213,0.1488633,0.39084414,1.0708495,0.9749118,0.31145427,0.23409416,1.0823425,798.20514,811.50183,818.7546,796.5934,895.31134,-0.01861572265625,0.13836669921875,0.97576904296875,1.398162841796875,-3.5888671875,-0.740203857421875,1.0,1.0,1.0,1.0,1.0,95.0,event
12:10:18.388,0.57446593,0.3544149,0.42021817,0.068385534,0.22273344,-0.17324118,0.19223318,0.09749589,0.5299868,0.12348354,0.21899574,0.64431524,1.1451213,0.1488633,0.39084414,1.0708495,0.9749118,0.31145427,0.23409416,1.0823425,770.80585,793.36993,819.15753,794.57874,959.3773,-0.01861572265625,0.13836669921875,0.97576904296875,1.398162841796875,-3.5888671875,-0.740203857421875,1.0,1.0,1.0,1.0,1.0,95.0,event
12:10:18.389,0.57446593,0.3544149,0.42021817,0.068385534,0.22273344,-0.17324118,0.19223318,0.09749589,0.5299868,0.12348354,0.21899574,0.64431524,1.1451213,0.1488633,0.39084414,1.0708495,0.9749118,0.31145427,0.23409416,1.0823425,770.0,791.3553,825.2015,805.4579,891.28204,-0.01861572265625,0.13836669921875,0.97576904296875,1.398162841796875,-3.5888671875,-0.740203857421875,1.0,1.0,1.0,1.0,1.0,95.0,event
12:10:18.389,0.57446593,0.3544149,0.42021817,0.068385534,0.22273344,-0.17324118,0.19223318,0.09749589,0.5299868,0.12348354,0.21899574,0.64431524,1.1451213,0.1488633,0.39084414,1.0708495,0.9749118,0.31145427,0.23409416,1.0823425,771.6117,805.8608,821.5751,797.3993,857.8388,-0.01861572265625,0.13836669921875,0.97576904296875,1.398162841796875,-3.5888671875,-0.740203857421875,1.0,1.0,1.0,1.0,1.0,95.0,event
12:10:18.390,0.57446593,0.3544149,0.42021817,0.068385534,0.22273344,-0.17324118,0.19223318,0.09749589,0.5299868,0.12348354,0.21899574,0.64431524,1.1451213,0.1488633,0.39084414,1.0708495,0.9749118,0.31145427,0.23409416,1.0823425,789.34064,807.0696,821.978,820.7692,1083.4799,-0.01861572265625,0.13836669921875,0.97576904296875,1.398162841796875,-3.5888671875,-0.740203857421875,1.0,1.0,1.0,1.0,1.0,95.0,event
12:10:18.390,0.57446593,0.3544149,0.42021817,0.068385534,0.22273344,-0.17324118,0.19223318,0.09749589,0.5299868,0.12348354,0.21899574,0.64431524,1.1451213,0.1488633,0.39084414,1.0708495,0.9749118,0.31145427,0.23409416,1.0823425,778.46155,803.44324,820.3663,803.0403,1056.8865,-0.01861572265625,0.13836669921875,0.97576904296875,1.398162841796875,-3.5888671875,-0.740203857421875,1.0,1.0,1.0,1.0,1.0,95.0,event
12:10:18.391,0.57446593,0.3544149,0.42021817,0.068385534,0.22273344,-0.17324118,0.19223318,0.09749589,0.5299868,0.12348354,0.21899574,0.64431524,1.1451213,0.1488633,0.39084414,1.0708495,0.9749118,0.31145427,0.23409416,1.0823425,793.7729,821.978,814.3223,791.75824,738.97437,-0.01861572265625,0.13836669921875,0.97576904296875,1.398162841796875,-3.5888671875,-0.740203857421875,1.0,1.0,1.0,1.0,1.0,95.0,event
12:10:18.458,0.57446593,0.3544149,0.42021817,0.068385534,0.22273344,-0.17324118,0.19223318,0.09749589,0.5299868,0.12348354,0.21899574,0.64431524,1.1451213,0.1488633,0.39084414,1.0708495,0.9749118,0.31145427,0.23409416,1.0823425,790.9524,814.7253,806.26373,779.67035,716.4103,-0.01312255859375,0.1414794921875,0.97894287109375,1.89910888671875,-3.57391357421875,-0.201873779296875,1.0,1.0,1.0,1.0,1.0,95.0,event
12:10:18.459,0.57446593,0.3544149,0.42021817,0.068385534,0.22273344,-0.17324118,0.19223318,0.09749589,0.5299868,0.12348354,0.21899574,0.64431524,1.1451213,0.1488633,0.39084414,1.0708495,0.9749118,0.31145427,0.23409416,1.0823425,796.1905,801.4286,815.5311,794.9817,799.011,-0.01312255859375,0.1414794921875,0.97894287109375,1.89910888671875,-3.57391357421875,-0.201873779296875,1.0,1.0,1.0,1.0,1.0,95.0,event
12:10:18.460,0.57446593,0.3544149,0.42021817,0.068385534,0.22273344,-0.17324118,0.19223318,0.09749589,0.5299868,0.12348354,0.21899574,0.64431524,1.1451213,0.1488633,0.39084414,1.0708495,0.9749118,0.31145427,0.23409416,1.0823425,771.6117,797.8022,819.9634,787.72894,735.7509,-0.01312255859375,0.1414794921875,0.97894287109375,1.89910888671875,-3.57391357421875,-0.201873779296875,1.0,1.0,1.0,1.0,1.0,95.0,event
12:10:18.460,0.57446593,0.3544149,0.42021817,0.068385534,0.22273344,-0.17324118,0.19223318,0.09749589,0.5299868,0.12348354,0.21899574,0.64431524,1.1451213,0.1488633,0.39084414,1.0708495,0.9749118,0.31145427,0.23409416,1.0823425,767.98535,790.14655,816.337,803.0403,646.30035,-0.01312255859375,0.1414794921875,0.97894287109375,1.89910888671875,-3.57391357421875,-0.201873779296875,1.0,1.0,1.0,1.0,1.0,95.0,event
12:10:18.461,0.57446593,0.3544149,0.42021817,0.068385534,0.22273344,-0.17324118,0.19223318,0.09749589,0.5299868,0.12348354,0.21899574,0.64431524,1.1451213,0.1488633,0.39084414,1.0708495,0.9749118,0.31145427,0.23409416,1.0823425,805.8608,785.31134,814.3223,830.84247,689.81683,-0.01312255859375,0.1414794921875,0.97894287109375,1.89910888671875,-3.57391357421875,-0.201873779296875,1.0,1.0,1.0,1.0,1.0,95.0,event
12:10:18.462,0.57446593,0.3544149,0.42021817,0.068385534,0.22273344,-0.17324118,0.19223318,0.09749589,0.5299868,0.12348354,0.21899574,0.64431524,1.1451213,0.1488633,0.39084414,1.0708495,0.9749118,0.31145427,0.23409416,1.0823425,798.20514,800.2198,816.337,821.5751,838.9011,-0.01312255859375,0.1414794921875,0.97894287109375,1.89910888671875,-3.57391357421875,-0.201873779296875,1.0,1.0,1.0,1.0,1.0,95.0,event
12:10:18.463,0.57446593,0.3544149,0.42021817,0.068385534,0.22273344,-0.17324118,0.19223318,0.09749589,0.5299868,0.12348354,0.21899574,0.64431524,1.1451213,0.1488633,0.39084414,1.0708495,0.9749118,0.31145427,0.23409416,1.0823425,766.3736,809.89014,816.337,823.5897,867.9121,-0.01312255859375,0.1414794921875,0.97894287109375,1.89910888671875,-3.57391357421875,-0.201873779296875,1.0,1.0,1.0,1.0,1.0,95.0,event
12:10:18.464,0.57446593,0.3544149,0.42021817,0.068385534,0.22273344,-0.17324118,0.19223318,0.09749589,0.5299868,0.12348354,0.21899574,0.64431524,1.1451213,0.1488633,0.39084414,1.0708495,0.9749118,0.31145427,0.23409416,1.0823425,806.6667,805.8608,816.337,809.89014,871.53845,-0.01312255859375,0.1414794921875,0.97894287109375,1.89910888671875,-3.57391357421875,-0.201873779296875,1.0,1.0,1.0,1.0,1.0,95.0,event
12:10:18.464,0.57446593,0.3544149,0.42021817,0.068385534,0.22273344,-0.17324118,0.19223318,0.09749589,0.5299868,0.12348354,0.21899574,0.64431524,1.1451213,0.1488633,0.39084414,1.0708495,0.9749118,0.31145427,0.23409416,1.0823425,785.31134,805.8608,817.1429,825.6044,775.64105,-0.01312255859375,0.1414794921875,0.97894287109375,1.89910888671875,-3.57391357421875,-0.201873779296875,1.0,1.0,1.0,1.0,1.0,95.0,event
12:10:18.465,0.57446593,0.3544149,0.42021817,0.068385534,0.22273344,-0.17324118,0.19223318,0.09749589,0.5299868,0.12348354,0.21899574,0.64431524,1.1451213,0.1488633,0.39084414,1.0708495,0.9749118,0.31145427,0.23409416,1.0823425,796.99634,802.6374,820.3663,799.81683,1204.762,-0.01312255859375,0.1414794921875,0.97894287109375,1.89910888671875,-3.57391357421875,-0.201873779296875,1.0,1.0,1.0,1.0,1.0,95.0,event
12:10:18.466,0.57446593,0.3544149,0.42021817,0.068385534,0.22273344,-0.17324118,0.19223318,0.09749589,0.5299868,0.12348354,0.21899574,0.64431524,1.1451213,0.1488633,0.39084414,1.0708495,0.9749118,0.31145427,0.23409416,1.0823425,802.6374,801.4286,819.5604,787.326,940.84247,-0.01312255859375,0.1414794921875,0.97894287109375,1.89910888671875,-3.57391357421875,-0.201873779296875,1.0,1.0,1.0,1.0,1.0,95.0,event
12:10:18.467,0.57446593,0.3544149,0.42021817,0.068385534,0.22273344,-0.17324118,0.19223318,0.09749589,0.5299868,0.12348354,0.21899574,0.64431524,1.1451213,0.1488633,0.39084414,1.0708495,0.9749118,0.31145427,0.23409416,1.0823425,813.1135,802.6374,810.696,795.38464,703.91943,-0.01312255859375,0.1414794921875,0.97894287109375,1.89910888671875,-3.57391357421875,-0.201873779296875,1.0,1.0,1.0,1.0,1.0,95.0,event
12:10:18.490,0.57446593,0.3544149,0.42021817,0.068385534,0.22273344,-0.17324118,0.19223318,0.09749589,0.5299868,0.12348354,0.21899574,0.64431524,1.1451213,0.1488633,0.39084414,1.0708495,0.9749118,0.31145427,0.23409416,1.0823425,833.663,799.81683,808.68134,824.7985,791.75824,-0.02154541015625,0.1368408203125,0.9769287109375,1.57012939453125,-4.02252197265625,0.127105712890625,1.0,1.0,1.0,1.0,1.0,95.0,event
12:10:18.491,0.57446593,0.3544149,0.42021817,0.068385534,0.22273344,-0.17324118,0.19223318,0.09749589,0.5299868,0.12348354,0.21899574,0.64431524,1.1451213,0.1488633,0.39084414,1.0708495,0.9749118,0.31145427,0.23409416,1.0823425,815.12823,807.47253,812.3077,828.8278,717.619,-0.02154541015625,0.1368408203125,0.9769287109375,1.57012939453125,-4.02252197265625,0.127105712890625,1.0,1.0,1.0,1.0,1.0,95.0,event
12:10:18.492,0.57446593,0.3544149,0.42021817,0.068385534,0.22273344,-0.17324118,0.19223318,0.09749589,0.5299868,0.12348354,0.21899574,0.64431524,1.1451213,0.1488633,0.39084414,1.0708495,0.9749118,0.31145427,0.23409416,1.0823425,822.7839,794.17584,822.7839,852.1978,658.3883,-0.02154541015625,0.1368408203125,0.9769287109375,1.57012939453125,-4.02252197265625,0.127105712890625,1.0,1.0,1.0,1.0,1.0,95.0,event
12:10:18.492,0.57446593,0.3544149,0.42021817,0.068385534,0.22273344,-0.17324118,0.19223318,0.09749589,0.5299868,0.12348354,0.21899574,0.64431524,1.1451213,0.1488633,0.39084414,1.0708495,0.9749118,0.31145427,0.23409416,1.0823425,795.78754,807.47253,821.5751,846.55676,626.1539,-0.02154541015625,0.1368408203125,0.9769287109375,1.57012939453125,-4.02252197265625,0.127105712890625,1.0,1.0,1.0,1.0,1.0,95.0,event
12:10:18.493,0.57446593,0.3544149,0.42021817,0.068385534,0.22273344,-0.17324118,0.19223318,0.09749589,0.5299868,0.12348354,0.21899574,0.64431524,1.1451213,0.1488633,0.39084414,1.0708495,0.9749118,0.31145427,0.23409416,1.0823425,804.65204,793.36993,822.381,817.1429,794.9817,-0.02154541015625,0.1368408203125,0.9769287109375,1.57012939453125,-4.02252197265625,0.127105712890625,1.0,1.0,1.0,1.0,1.0,95.0,event
12:10:18.494,0.57446593,0.3544149,0.42021817,0.068385534,0.22273344,-0.17324118,0.19223318,0.09749589,0.5299868,0.12348354,0.21899574,0.64431524,1.1451213,0.1488633,0.39084414,1.0708495,0.9749118,0.31145427,0.23409416,1.0823425,767.5824,801.8315,819.15753,786.9231,884.0293,-0.02154541015625,0.1368408203125,0.9769287109375,1.57012939453125,-4.02252197265625,0.127105712890625,1.0,1.0,1.0,1.0,1.0,95.0,event
12:10:18.495,0.57446593,0.3544149,0.42021817,0.068385534,0.22273344,-0.17324118,0.19223318,0.09749589,0.5299868,0.12348354,0.21899574,0.64431524,1.1451213,0.1488633,0.39084414,1.0708495,0.9749118,0.31145427,0.23409416,1.0823425,779.67035,805.4579,812.3077,793.7729,831.2454,-0.02154541015625,0.1368408203125,0.9769287109375,1.57012939453125,-4.02252197265625,0.127105712890625,1.0,1.0,1.0,1.0,1.0,95.0,event
12:10:18.496,0.56058747,0.42206717,0.38417712,0.88309854,0.24209352,-0.063420676,0.23061152,1.0463517,0.57672983,0.18754421,0.24247758,0.38768768,1.1315053,0.16742872,0.3838574,1.0722859,0.96769285,0.30267036,0.24351797,1.1761085,789.34064,806.26373,804.2491,804.65204,788.5348,-0.02154541015625,0.1368408203125,0.9769287109375,1.57012939453125,-4.02252197265625,0.127105712890625,1.0,1.0,1.0,1.0,1.0,95.0,event
12:10:18.501,0.56058747,0.42206717,0.38417712,0.88309854,0.24209352,-0.063420676,0.23061152,1.0463517,0.57672983,0.18754421,0.24247758,0.38768768,1.1315053,0.16742872,0.3838574,1.0722859,0.96769285,0.30267036,0.24351797,1.1761085,798.20514,806.6667,797.3993,809.4872,978.315,-0.02154541015625,0.1368408203125,0.9769287109375,1.57012939453125,-4.02252197265625,0.127105712890625,1.0,1.0,1.0,1.0,1.0,95.0,event
12:10:18.502,0.56058747,0.42206717,0.38417712,0.88309854,0.24209352,-0.063420676,0.23061152,1.0463517,0.57672983,0.18754421,0.24247758,0.38768768,1.1315053,0.16742872,0.3838574,1.0722859,0.96769285,0.30267036,0.24351797,1.1761085,821.1722,802.23444,806.26373,810.293,947.28937,-0.02154541015625,0.1368408203125,0.9769287109375,1.57012939453125,-4.02252197265625,0.127105712890625,1.0,1.0,1.0,1.0,1.0,95.0,event
12:10:18.503,0.56058747,0.42206717,0.38417712,0.88309854,0.24209352,-0.063420676,0.23061152,1.0463517,0.57672983,0.18754421,0.24247758,0.38768768,1.1315053,0.16742872,0.3838574,1.0722859,0.96769285,0.30267036,0.24351797,1.1761085,822.381,799.011,821.5751,827.2161,709.9634,-0.02154541015625,0.1368408203125,0.9769287109375,1.57012939453125,-4.02252197265625,0.127105712890625,1.0,1.0,1.0,1.0,1.0,95.0,event
12:10:18.503,0.56058747,0.42206717,0.38417712,0.88309854,0.24209352,-0.063420676,0.23061152,1.0463517,0.57672983,0.18754421,0.24247758,0.38768768,1.1315053,0.16742872,0.3838574,1.0722859,0.96769285,0.30267036,0.24351797,1.1761085,820.7692,807.0696,819.5604,840.10986,761.9414,-0.02154541015625,0.1368408203125,0.9769287109375,1.57012939453125,-4.02252197265625,0.127105712890625,1.0,1.0,1.0,1.0,1.0,95.0,event
12:10:18.539,0.56058747,0.42206717,0.38417712,0.88309854,0.24209352,-0.063420676,0.23061152,1.0463517,0.57672983,0.18754421,0.24247758,0.38768768,1.1315053,0.16742872,0.3838574,1.0722859,0.96769285,0.30267036,0.24351797,1.1761085,803.8461,809.89014,821.1722,817.1429,859.85345,-0.01953125,0.13934326171875,0.984375,0.800018310546875,-3.446807861328125,-0.2392578125,1.0,1.0,1.0,1.0,1.0,95.0,event
12:10:18.540,0.56058747,0.42206717,0.38417712,0.88309854,0.24209352,-0.063420676,0.23061152,1.0463517,0.57672983,0.18754421,0.24247758,0.38768768,1.1315053,0.16742872,0.3838574,1.0722859,0.96769285,0.30267036,0.24351797,1.1761085,791.75824,806.6667,827.2161,822.381,765.9707,-0.01953125,0.13934326171875,0.984375,0.800018310546875,-3.446807861328125,-0.2392578125,1.0,1.0,1.0,1.0,1.0,95.0,event
12:10:18.540,0.56058747,0.42206717,0.38417712,0.88309854,0.24209352,-0.063420676,0.23061152,1.0463517,0.57672983,0.18754421,0.24247758,0.38768768,1.1315053,0.16742872,0.3838574,1.0722859,0.96769285,0.30267036,0.24351797,1.1761085,796.99634,801.8315,827.2161,834.4689,751.06226,-0.01953125,0.13934326171875,0.984375,0.800018310546875,-3.446807861328125,-0.2392578125,1.0,1.0,1.0,1.0,1.0,95.0,event
12:10:18.541,0.56058747,0.42206717,0.38417712,0.88309854,0.24209352,-0.063420676,0.23061152,1.0463517,0.57672983,0.18754421,0.24247758,0.38768768,1.1315053,0.16742872,0.3838574,1.0722859,0.96769285,0.30267036,0.24351797,1.1761085,785.7143,805.05493,811.0989,815.9341,862.674,-0.01953125,0.13934326171875,0.984375,0.800018310546875,-3.446807861328125,-0.2392578125,1.0,1.0,1.0,1.0,1.0,95.0,event
12:10:18.541,0.56058747,0.42206717,0.38417712,0.88309854,0.24209352,-0.063420676,0.23061152,1.0463517,0.57672983,0.18754421,0.24247758,0.38768768,1.1315053,0.16742872,0.3838574,1.0722859,0.96769285,0.30267036,0.24351797,1.1761085,791.3553,800.2198,820.7692,817.9487,818.7546,-0.01953125,0.13934326171875,0.984375,0.800018310546875,-3.446807861328125,-0.2392578125,1.0,1.0,1.0,1.0,1.0,95.0,event
12:10:18.542,0.56058747,0.42206717,0.38417712,0.88309854,0.24209352,-0.063420676,0.23061152,1.0463517,0.57672983,0.18754421,0.24247758,0.38768768,1.1315053,0.16742872,0.3838574,1.0722859,0.96769285,0.30267036,0.24351797,1.1761085,798.20514,801.4286,818.3516,810.696,855.42126,-0.01953125,0.13934326171875,0.984375,0.800018310546875,-3.446807861328125,-0.2392578125,1.0,1.0,1.0,1.0,1.0,95.0,event
12:10:18.543,0.56058747,0.42206717,0.38417712,0.88309854,0.24209352,-0.063420676,0.23061152,1.0463517,0.57672983,0.18754421,0.24247758,0.38768768,1.1315053,0.16742872,0.3838574,1.0722859,0.96769285,0.30267036,0.24351797,1.1761085,803.0403,798.60803,828.022,798.20514,784.90845,-0.01953125,0.13934326171875,0.984375,0.800018310546875,-3.446807861328125,-0.2392578125,1.0,1.0,1.0,1.0,1.0,95.0,event
12:10:18.543,0.56058747,0.42206717,0.38417712,0.88309854,0.24209352,-0.063420676,0.23061152,1.0463517,0.57672983,0.18754421,0.24247758,0.38768768,1.1315053,0.16742872,0.3838574,1.0722859,0.96769285,0.30267036,0.24351797,1.1761085,781.685,796.5934,824.3956,801.02563,773.6264,-0.01953125,0.13934326171875,0.984375,0.800018310546875,-3.446807861328125,-0.2392578125,1.0,1.0,1.0,1.0,1.0,95.0,event
12:10:18.544,0.56058747,0.42206717,0.38417712,0.88309854,0.24209352,-0.063420676,0.23061152,1.0463517,0.57672983,0.18754421,0.24247758,0.38768768,1.1315053,0.16742872,0.3838574,1.0722859,0.96769285,0.30267036,0.24351797,1.1761085,803.44324,796.5934,815.9341,822.381,941.2454,-0.01953125,0.13934326171875,0.984375,0.800018310546875,-3.446807861328125,-0.2392578125,1.0,1.0,1.0,1.0,1.0,95.0,event
12:10:18.544,0.56058747,0.42206717,0.38417712,0.88309854,0.24209352,-0.063420676,0.23061152,1.0463517,0.57672983,0.18754421,0.24247758,0.38768768,1.1315053,0.16742872,0.3838574,1.0722859,0.96769285,0.30267036,0.24351797,1.1761085,830.0366,805.4579,813.5165,809.0842,812.3077,-0.01953125,0.13934326171875,0.984375,0.800018310546875,-3.446807861328125,-0.2392578125,1.0,1.0,1.0,1.0,1.0,95.0,event
12:10:18.545,0.56058747,0.42206717,0.38417712,0.88309854,0.24209352,-0.063420676,0.23061152,1.0463517,0.57672983,0.18754421,0.24247758,0.38768768,1.1315053,0.16742872,0.3838574,1.0722859,0.96769285,0.30267036,0.24351797,1.1761085,776.4469,806.6667,814.7253,811.0989,704.3223,-0.01953125,0.13934326171875,0.984375,0.800018310546875,-3.446807861328125,-0.2392578125,1.0,1.0,1.0,1.0,1.0,95.0,event
12:10:18.546,0.56058747,0.42206717,0.38417712,0.88309854,0.24209352,-0.063420676,0.23061152,1.0463517,0.57672983,0.18754421,0.24247758,0.38768768,1.1315053,0.16742872,0.3838574,1.0722859,0.96769285,0.30267036,0.24351797,1.1761085,765.16486,800.6227,824.3956,824.7985,767.5824,-0.01953125,0.13934326171875,0.984375,0.800018310546875,-3.446807861328125,-0.2392578125,1.0,1.0,1.0,1.0,1.0,95.0,event
12:10:18.588,0.56058747,0.42206717,0.38417712,0.88309854,0.24209352,-0.063420676,0.23061152,1.0463517,0.57672983,0.18754421,0.24247758,0.38768768,1.1315053,0.16742872,0.3838574,1.0722859,0.96769285,0.30267036,0.24351797,1.1761085,776.8498,801.4286,826.0073,814.7253,762.3443,-0.01953125,0.13934326171875,0.984375,0.800018310546875,-3.446807861328125,-0.2392578125,1.0,1.0,1.0,1.0,1.0,95.0,event
12:10:18.589,0.56058747,0.42206717,0.38417712,0.88309854,0.24209352,-0.063420676,0.23061152,1.0463517,0.57672983,0.18754421,0.24247758,0.38768768,1.1315053,0.16742872,0.3838574,1.0722859,0.96769285,0.30267036,0.24351797,1.1761085,790.54944,809.4872,821.978,829.6337,692.6374,-0.01953125,0.13934326171875,0.984375,0.800018310546875,-3.446807861328125,-0.2392578125,1.0,1.0,1.0,1.0,1.0,95.0,event
12:10:18.590,0.56058747,0.42206717,0.38417712,0.88309854,0.24209352,-0.063420676,0.23061152,1.0463517,0.57672983,0.18754421,0.24247758,0.38768768,1.1315053,0.16742872,0.3838574,1.0722859,0.96769285,0.30267036,0.24351797,1.1761085,791.3553,798.60803,815.9341,815.9341,819.9634,-0.01953125,0.13934326171875,0.984375,0.800018310546875,-3.446807861328125,-0.2392578125,1.0,1.0,1.0,1.0,1.0,95.0,event
12:10:18.590,0.56058747,0.42206717,0.38417712,0.88309854,0.24209352,-0.063420676,0.23061152,1.0463517,0.57672983,0.18754421,0.24247758,0.38768768,1.1315053,0.16742872,0.3838574,1.0722859,0.96769285,0.30267036,0.24351797,1.1761085,795.38464,806.6667,820.3663,830.4396,715.2015,-0.01953125,0.13934326171875,0.984375,0.800018310546875,-3.446807861328125,-0.2392578125,1.0,1.0,1.0,1.0,1.0,95.0,event
12:10:18.591,0.56058747,0.42206717,0.38417712,0.88309854,0.24209352,-0.063420676,0.23061152,1.0463517,0.57672983,0.18754421,0.24247758,0.38768768,1.1315053,0.16742872,0.3838574,1.0722859,0.96769285,0.30267036,0.24351797,1.1761085,793.36993,809.4872,816.337,813.91943,758.315,-0.01953125,0.13934326171875,0.984375,0.800018310546875,-3.446807861328125,-0.2392578125,1.0,1.0,1.0,1.0,1.0,95.0,event
12:10:18.592,0.56058747,0.42206717,0.38417712,0.88309854,0.24209352,-0.063420676,0.23061152,1.0463517,0.57672983,0.18754421,0.24247758,0.38768768,1.1315053,0.16742872,0.3838574,1.0722859,0.96769285,0.30267036,0.24351797,1.1761085,813.91943,818.7546,811.9048,798.60803,766.77655,-0.01953125,0.13934326171875,0.984375,0.800018310546875,-3.446807861328125,-0.2392578125,1.0,1.0,1.0,1.0,1.0,95.0,event
12:10:18.592,0.56058747,0.42206717,0.38417712,0.88309854,0.24209352,-0.063420676,0.23061152,1.0463517,0.57672983,0.18754421,0.24247758,0.38768768,1.1315053,0.16742872,0.3838574,1.0722859,0.96769285,0.30267036,0.24351797,1.1761085,797.8022,810.293,811.0989,808.2784,904.9817,-0.01953125,0.13934326171875,0.984375,0.800018310546875,-3.446807861328125,-0.2392578125,1.0,1.0,1.0,1.0,1.0,95.0,event
12:10:18.593,0.56058747,0.42206717,0.38417712,0.88309854,0.24209352,-0.063420676,0.23061152,1.0463517,0.57672983,0.18754421,0.24247758,0.38768768,1.1315053,0.16742872,0.3838574,1.0722859,0.96769285,0.30267036,0.24351797,1.1761085,780.87915,791.75824,823.1868,815.5311,1081.8682,-0.01953125,0.13934326171875,0.984375,0.800018310546875,-3.446807861328125,-0.2392578125,1.0,1.0,1.0,1.0,1.0,95.0,event
12:10:18.594,0.56058747,0.42206717,0.38417712,0.88309854,0.24209352,-0.063420676,0.23061152,1.0463517,0.57672983,0.18754421,0.24247758,0.38768768,1.1315053,0.16742872,0.3838574,1.0722859,0.96769285,0.30267036,0.24351797,1.1761085,793.7729,798.20514,820.3663,800.6227,1018.60803,-0.01953125,0.13934326171875,0.984375,0.800018310546875,-3.446807861328125,-0.2392578125,1.0,1.0,1.0,1.0,1.0,95.0,event
12:10:18.594,0.54545575,0.4890814,0.36108565,0.9070429,0.27408242,0.028031876,0.264003,0.97996277,0.6336252,0.19220348,0.24217075,0.4283634,1.1256841,0.1972258,0.38161457,1.0493186,0.9644326,0.29539743,0.25528964,1.1755484,792.5641,807.0696,811.9048,783.2967,740.989,-0.01953125,0.13934326171875,0.984375,0.800018310546875,-3.446807861328125,-0.2392578125,1.0,1.0,1.0,1.0,1.0,95.0,event
12:10:18.598,0.54545575,0.4890814,0.36108565,0.9070429,0.27408242,0.028031876,0.264003,0.97996277,0.6336252,0.19220348,0.24217075,0.4283634,1.1256841,0.1972258,0.38161457,1.0493186,0.9644326,0.29539743,0.25528964,1.1755484,800.2198,801.02563,815.12823,779.2674,745.82416,-0.01953125,0.13934326171875,0.984375,0.800018310546875,-3.446807861328125,-0.2392578125,1.0,1.0,1.0,1.0,1.0,95.0,event
12:10:18.599,0.54545575,0.4890814,0.36108565,0.9070429,0.27408242,0.028031876,0.264003,0.97996277,0.6336252,0.19220348,0.24217075,0.4283634,1.1256841,0.1972258,0.38161457,1.0493186,0.9644326,0.29539743,0.25528964,1.1755484,820.7692,804.65204,814.7253,806.26373,881.2088,-0.01953125,0.13934326171875,0.984375,0.800018310546875,-3.446807861328125,-0.2392578125,1.0,1.0,1.0,1.0,1.0,95.0,event
12:10:18.620,0.54545575,0.4890814,0.36108565,0.9070429,0.27408242,0.028031876,0.264003,0.97996277,0.6336252,0.19220348,0.24217075,0.4283634,1.1256841,0.1972258,0.38161457,1.0493186,0.9644326,0.29539743,0.25528964,1.1755484,804.65204,803.8461,809.89014,828.8278,770.80585,-0.01165771484375,0.13592529296875,0.98193359375,1.00189208984375,-4.089813232421875,-0.231781005859375,1.0,1.0,1.0,1.0,1.0,95.0,event
12:10:18.621,0.54545575,0.4890814,0.36108565,0.9070429,0.27408242,0.028031876,0.264003,0.97996277,0.6336252,0.19220348,0.24217075,0.4283634,1.1256841,0.1972258,0.38161457,1.0493186,0.9644326,0.29539743,0.25528964,1.1755484,786.1172,802.23444,817.1429,826.4103,697.47253,-0.01165771484375,0.13592529296875,0.98193359375,1.00189208984375,-4.089813232421875,-0.231781005859375,1.0,1.0,1.0,1.0,1.0,95.0,event
12:10:18.622,0.54545575,0.4890814,0.36108565,0.9070429,0.27408242,0.028031876,0.264003,0.97996277,0.6336252,0.19220348,0.24217075,0.4283634,1.1256841,0.1972258,0.38161457,1.0493186,0.9644326,0.29539743,0.25528964,1.1755484,777.6557,805.8608,820.3663,814.3223,791.75824,-0.01165771484375,0.13592529296875,0.98193359375,1.00189208984375,-4.089813232421875,-0.231781005859375,1.0,1.0,1.0,1.0,1.0,95.0,event
12:10:18.622,0.54545575,0.4890814,0.36108565,0.9070429,0.27408242,0.028031876,0.264003,0.97996277,0.6336252,0.19220348,0.24217075,0.4283634,1.1256841,0.1972258,0.38161457,1.0493186,0.9644326,0.29539743,0.25528964,1.1755484,793.36993,802.23444,818.7546,810.293,844.94507,-0.01165771484375,0.13592529296875,0.98193359375,1.00189208984375,-4.089813232421875,-0.231781005859375,1.0,1.0,1.0,1.0,1.0,95.0,event
12:10:18.623,0.54545575,0.4890814,0.36108565,0.9070429,0.27408242,0.028031876,0.264003,0.97996277,0.6336252,0.19220348,0.24217075,0.4283634,1.1256841,0.1972258,0.38161457,1.0493186,0.9644326,0.29539743,0.25528964,1.1755484,794.9817,801.4286,808.68134,814.7253,830.84247,-0.01165771484375,0.13592529296875,0.98193359375,1.00189208984375,-4.089813232421875,-0.231781005859375,1.0,1.0,1.0,1.0,1.0,95.0,event
12:10:18.623,0.54545575,0.4890814,0.36108565,0.9070429,0.27408242,0.028031876,0.264003,0.97996277,0.6336252,0.19220348,0.24217075,0.4283634,1.1256841,0.1972258,0.38161457,1.0493186,0.9644326,0.29539743,0.25528964,1.1755484,799.81683,797.3993,805.8608,829.2308,840.5128,-0.01165771484375,0.13592529296875,0.98193359375,1.00189208984375,-4.089813232421875,-0.231781005859375,1.0,1.0,1.0,1.0,1.0,95.0,event
12:10:18.624,0.54545575,0.4890814,0.36108565,0.9070429,0.27408242,0.028031876,0.264003,0.97996277,0.6336252,0.19220348,0.24217075,0.4283634,1.1256841,0.1972258,0.38161457,1.0493186,0.9644326,0.29539743,0.25528964,1.1755484,802.6374,799.41394,819.15753,840.5128,924.3223,-0.01165771484375,0.13592529296875,0.98193359375,1.00189208984375,-4.089813232421875,-0.231781005859375,1.0,1.0,1.0,1.0,1.0,95.0,event
12:10:18.625,0.54545575,0.4890814,0.36108565,0.9070429,0.27408242,0.028031876,0.264003,0.97996277,0.6336252,0.19220348,0.24217075,0.4283634,1.1256841,0.1972258,0.38161457,1.0493186,0.9644326,0.29539743,0.25528964,1.1755484,787.326,807.47253,812.3077,803.0403,1151.978,-0.01165771484375,0.13592529296875,0.98193359375,1.00189208984375,-4.089813232421875,-0.231781005859375,1.0,1.0,1.0,1.0,1.0,95.0,event
12:10:18.625,0.54545575,0.4890814,0.36108565,0.9070429,0.27408242,0.028031876,0.264003,0.97996277,0.6336252,0.19220348,0.24217075,0.4283634,1.1256841,0.1972258,0.38161457,1.0493186,0.9644326,0.29539743,0.25528964,1.1755484,783.69965,807.8755,805.8608,780.07324,931.5751,-0.01165771484375,0.13592529296875,0.98193359375,1.00189208984375,-4.089813232421875,-0.231781005859375,1.0,1.0,1.0,1.0,1.0,95.0,event
12:10:18.626,0.54545575,0.4890814,0.36108565,0.9070429,0.27408242,0.028031876,0.264003,0.97996277,0.6336252,0.19220348,0.24217075,0.4283634,1.1256841,0.1972258,0.38161457,1.0493186,0.9644326,0.29539743,0.25528964,1.1755484,777.25275,807.47253,819.9634,782.49084,740.18317,-0.01165771484375,0.13592529296875,0.98193359375,1.00189208984375,-4.089813232421875,-0.231781005859375,1.0,1.0,1.0,1.0,1.0,95.0,event
12:10:18.626,0.54545575,0.4890814,0.36108565,0.9070429,0.27408242,0.028031876,0.264003,0.97996277,0.6336252,0.19220348,0.24217075,0.4283634,1.1256841,0.1972258,0.38161457,1.0493186,0.9644326,0.29539743,0.25528964,1.1755484,784.10254,804.65204,821.978,801.8315,811.0989,-0.01165771484375,0.13592529296875,0.98193359375,1.00189208984375,-4.089813232421875,-0.231781005859375,1.0,1.0,1.0,1.0,1.0,95.0,event
12:10:18.627,0.54545575,0.4890814,0.36108565,0.9070429,0.27408242,0.028031876,0.264003,0.97996277,0.6336252,0.19220348,0.24217075,0.4283634,1.1256841,0.1972258,0.38161457,1.0493186,0.9644326,0.29539743,0.25528964,1.1755484,808.68134,805.4579,814.7253,825.6044,749.85345,-0.01165771484375,0.13592529296875,0.98193359375,1.00189208984375,-4.089813232421875,-0.231781005859375,1.0,1.0,1.0,1.0,1.0,95.0,event
12:10:18.690,0.54545575,0.4890814,0.36108565,0.9070429,0.27408242,0.028031876,0.264003,0.97996277,0.6336252,0.19220348,0.24217075,0.4283634,1.1256841,0.1972258,0.38161457,1.0493186,0.9644326,0.29539743,0.25528964,1.1755484,810.293,806.26373,813.1135,798.60803,720.84247,-0.01629638671875,0.13665771484375,0.97698974609375,1.517791748046875,-4.568328857421875,0.366363525390625,1.0,1.0,1.0,1.0,1.0,95.0,event
12:10:18.691,0.54545575,0.4890814,0.36108565,0.9070429,0.27408242,0.028031876,0.264003,0.97996277,0.6336252,0.19220348,0.24217075,0.4283634,1.1256841,0.1972258,0.38161457,1.0493186,0.9644326,0.29539743,0.25528964,1.1755484,797.8022,805.4579,813.1135,793.7729,758.315,-0.01629638671875,0.13665771484375,0.97698974609375,1.517791748046875,-4.568328857421875,0.366363525390625,1.0,1.0,1.0,1.0,1.0,95.0,event
12:10:18.692,0.54545575,0.4890814,0.36108565,0.9070429,0.27408242,0.028031876,0.264003,0.97996277,0.6336252,0.19220348,0.24217075,0.4283634,1.1256841,0.1972258,0.38161457,1.0493186,0.9644326,0.29539743,0.25528964,1.1755484,789.7436,800.6227,823.5897,832.4542,822.381,-0.01629638671875,0.13665771484375,0.97698974609375,1.517791748046875,-4.568328857421875,0.366363525390625,1.0,1.0,1.0,1.0,1.0,95.0,event
12:10:18.693,0.54545575,0.4890814,0.36108565,0.9070429,0.27408242,0.028031876,0.264003,0.97996277,0.6336252,0.19220348,0.24217075,0.4283634,1.1256841,0.1972258,0.38161457,1.0493186,0.9644326,0.29539743,0.25528964,1.1755484,773.22345,799.81683,823.9927,808.2784,774.83514,-0.01629638671875,0.13665771484375,0.97698974609375,1.517791748046875,-4.568328857421875,0.366363525390625,1.0,1.0,1.0,1.0,1.0,95.0,event
12:10:18.694,0.54545575,0.4890814,0.36108565,0.9070429,0.27408242,0.028031876,0.264003,0.97996277,0.6336252,0.19220348,0.24217075,0.4283634,1.1256841,0.1972258,0.38161457,1.0493186,0.9644326,0.29539743,0.25528964,1.1755484,791.3553,805.8608,801.02563,790.14655,716.4103,-0.01629638671875,0.13665771484375,0.97698974609375,1.517791748046875,-4.568328857421875,0.366363525390625,1.0,1.0,1.0,1.0,1.0,95.0,event
12:10:18.695,0.54545575,0.4890814,0.36108565,0.9070429,0.27408242,0.028031876,0.264003,0.97996277,0.6336252,0.19220348,0.24217075,0.4283634,1.1256841,0.1972258,0.38161457,1.0493186,0.9644326,0.29539743,0.25528964,1.1755484,798.60803,796.1905,809.4872,802.6374,852.1978,-0.01629638671875,0.13665771484375,0.97698974609375,1.517791748046875,-4.568328857421875,0.366363525390625,1.0,1.0,1.0,1.0,1.0,95.0,event
12:10:18.696,0.54545575,0.4890814,0.36108565,0.9070429,0.27408242,0.028031876,0.264003,0.97996277,0.6336252,0.19220348,0.24217075,0.4283634,1.1256841,0.1972258,0.38161457,1.0493186,0.9644326,0.29539743,0.25528964,1.1755484,780.07324,792.1612,825.6044,792.96704,1118.5348,-0.01629638671875,0.13665771484375,0.97698974609375,1.517791748046875,-4.568328857421875,0.366363525390625,1.0,1.0,1.0,1.0,1.0,95.0,event
12:10:18.697,0.54545575,0.4890814,0.36108565,0.9070429,0.27408242,0.028031876,0.264003,0.97996277,0.6336252,0.19220348,0.24217075,0.4283634,1.1256841,0.1972258,0.38161457,1.0493186,0.9644326,0.29539743,0.25528964,1.1755484,796.5934,802.6374,815.12823,795.38464,957.3626,-0.01629638671875,0.13665771484375,0.97698974609375,1.517791748046875,-4.568328857421875,0.366363525390625,1.0,1.0,1.0,1.0,1.0,95.0,event
12:10:18.699,0.54545575,0.4890814,0.36108565,0.9070429,0.27408242,0.028031876,0.264003,0.97996277,0.6336252,0.19220348,0.24217075,0.4283634,1.1256841,0.1972258,0.38161457,1.0493186,0.9644326,0.29539743,0.25528964,1.1755484,808.2784,809.89014,815.9341,825.2015,686.1905,-0.01629638671875,0.13665771484375,0.97698974609375,1.517791748046875,-4.568328857421875,0.366363525390625,1.0,1.0,1.0,1.0,1.0,95.0,event
12:10:18.700,0.54545575,0.4890814,0.36108565,0.9070429,0.27408242,0.028031876,0.264003,0.97996277,0.6336252,0.19220348,0.24217075,0.4283634,1.1256841,0.1972258,0.38161457,1.0493186,0.9644326,0.29539743,0.25528964,1.1755484,788.5348,806.26373,817.1429,837.28937,889.2674,-0.01629638671875,0.13665771484375,0.97698974609375,1.517791748046875,-4.568328857421875,0.366363525390625,1.0,1.0,1.0,1.0,1.0,95.0,event
12:10:18.702,0.54545575,0.4890814,0.36108565,0.9070429,0.27408242,0.028031876,0.264003,0.97996277,0.6336252,0.19220348,0.24217075,0.4283634,1.1256841,0.1972258,0.38161457,1.0493186,0.9644326,0.29539743,0.25528964,1.1755484,780.4762,796.99634,814.3223,814.7253,927.9487,-0.01629638671875,0.13665771484375,0.97698974609375,1.517791748046875,-4.568328857421875,0.366363525390625,1.0,1.0,1.0,1.0,1.0,95.0,event
12:10:18.703,0.5315469,0.5296018,0.35124198,0.93557036,0.32989323,0.080604844,0.28303128,0.9247995,0.710626,0.19220348,0.2362097,0.47245058,1.1261234,0.23272893,0.38356373,1.0301924,0.9639644,0.30025312,0.26845157,1.1730666,780.4762,803.8461,814.7253,788.5348,726.08057,-0.01629638671875,0.13665771484375,0.97698974609375,1.517791748046875,-4.568328857421875,0.366363525390625,1.0,1.0,1.0,1.0,1.0,95.0,event
12:10:18.733,0.5315469,0.5296018,0.35124198,0.93557036,0.32989323,0.080604844,0.28303128,0.9247995,0.710626,0.19220348,0.2362097,0.47245058,1.1261234,0.23272893,0.38356373,1.0301924,0.9639644,0.30025312,0.26845157,1.1730666,772.01465,802.6374,806.26373,789.34064,672.49084,-0.01739501953125,0.1224365234375,0.9703369140625,1.9439697265625,-3.63372802734375,-0.01495361328125,1.0,1.0,1.0,1.0,1.0,95.0,event
12:10:18.734,0.5315469,0.5296018,0.35124198,0.93557036,0.32989323,0.080604844,0.28303128,0.9247995,0.710626,0.19220348,0.2362097,0.47245058,1.1261234,0.23272893,0.38356373,1.0301924,0.9639644,0.30025312,0.26845157,1.1730666,783.69965,792.5641,810.696,813.1135,730.5128,-0.01739501953125,0.1224365234375,0.9703369140625,1.9439697265625,-3.63372802734375,-0.01495361328125,1.0,1.0,1.0,1.0,1.0,95.0,event
12:10:18.734,0.5315469,0.5296018,0.35124198,0.93557036,0.32989323,0.080604844,0.28303128,0.9247995,0.710626,0.19220348,0.2362097,0.47245058,1.1261234,0.23272893,0.38356373,1.0301924,0.9639644,0.30025312,0.26845157,1.1730666,797.8022,808.2784,811.50183,825.6044,764.7619,-0.01739501953125,0.1224365234375,0.9703369140625,1.9439697265625,-3.63372802734375,-0.01495361328125,1.0,1.0,1.0,1.0,1.0,95.0,event
12:10:18.735,0.5315469,0.5296018,0.35124198,0.93557036,0.32989323,0.080604844,0.28303128,0.9247995,0.710626,0.19220348,0.2362097,0.47245058,1.1261234,0.23272893,0.38356373,1.0301924,0.9639644,0.30025312,0.26845157,1.1730666,800.2198,813.91943,812.71063,820.3663,734.94507,-0.01739501953125,0.1224365234375,0.9703369140625,1.9439697265625,-3.63372802734375,-0.01495361328125,1.0,1.0,1.0,1.0,1.0,95.0,event
12:10:18.736,0.5315469,0.5296018,0.35124198,0.93557036,0.32989323,0.080604844,0.28303128,0.9247995,0.710626,0.19220348,0.2362097,0.47245058,1.1261234,0.23272893,0.38356373,1.0301924,0.9639644,0.30025312,0.26845157,1.1730666,791.75824,803.0403,823.5897,804.2491,725.6777,-0.01739501953125,0.1224365234375,0.9703369140625,1.9439697265625,-3.63372802734375,-0.01495361328125,1.0,1.0,1.0,1.0,1.0,95.0,event
12:10:18.736,0.5315469,0.5296018,0.35124198,0.93557036,0.32989323,0.080604844,0.28303128,0.9247995,0.710626,0.19220348,0.2362097,0.47245058,1.1261234,0.23272893,0.38356373,1.0301924,0.9639644,0.30025312,0.26845157,1.1730666,773.22345,794.9817,826.4103,789.7436,871.13556,-0.01739501953125,0.1224365234375,0.9703369140625,1.9439697265625,-3.63372802734375,-0.01495361328125,1.0,1.0,1.0,1.0,1.0,95.0,event
12:10:18.737,0.5315469,0.5296018,0.35124198,0.93557036,0.32989323,0.080604844,0.28303128,0.9247995,0.710626,0.19220348,0.2362097,0.47245058,1.1261234,0.23272893,0.38356373,1.0301924,0.9639644,0.30025312,0.26845157,1.1730666,774.83514,802.6374,821.1722,784.5055,1027.8755,-0.01739501953125,0.1224365234375,0.9703369140625,1.9439697265625,-3.63372802734375,-0.01495361328125,1.0,1.0,1.0,1.0,1.0,95.0,event
12:10:18.737,0.5315469,0.5296018,0.35124198,0.93557036,0.32989323,0.080604844,0.28303128,0.9247995,0.710626,0.19220348,0.2362097,0.47245058,1.1261234,0.23272893,0.38356373,1.0301924,0.9639644,0.30025312,0.26845157,1.1730666,776.8498,799.81683,812.3077,795.38464,828.022,-0.01739501953125,0.1224365234375,0.9703369140625,1.9439697265625,-3.63372802734375,-0.01495361328125,1.0,1.0,1.0,1.0,1.0,95.0,event
12:10:18.738,0.5315469,0.5296018,0.35124198,0.93557036,0.32989323,0.080604844,0.28303128,0.9247995,0.710626,0.19220348,0.2362097,0.47245058,1.1261234,0.23272893,0.38356373,1.0301924,0.9639644,0.30025312,0.26845157,1.1730666,805.8608,799.81683,807.0696,809.89014,716.4103,-0.01739501953125,0.1224365234375,0.9703369140625,1.9439697265625,-3.63372802734375,-0.01495361328125,1.0,1.0,1.0,1.0,1.0,95.0,event
12:10:18.738,0.5315469,0.5296018,0.35124198,0.93557036,0.32989323,0.080604844,0.28303128,0.9247995,0.710626,0.19220348,0.2362097,0.47245058,1.1261234,0.23272893,0.38356373,1.0301924,0.9639644,0.30025312,0.26845157,1.1730666,799.011,812.3077,814.7253,834.87177,779.67035,-0.01739501953125,0.1224365234375,0.9703369140625,1.9439697265625,-3.63372802734375,-0.01495361328125,1.0,1.0,1.0,1.0,1.0,95.0,event
12:10:18.739,0.5315469,0.5296018,0.35124198,0.93557036,0.32989323,0.080604844,0.28303128,0.9247995,0.710626,0.19220348,0.2362097,0.47245058,1.1261234,0.23272893,0.38356373,1.0301924,0.9639644,0.30025312,0.26845157,1.1730666,762.3443,791.3553,801.4286,778.86444,692.6374,-0.01739501953125,0.1224365234375,0.9703369140625,1.9439697265625,-3.63372802734375,-0.01495361328125,1.0,1.0,1.0,1.0,1.0,95.0,event
12:10:18.739,0.5315469,0.5296018,0.35124198,0.93557036,0.32989323,0.080604844,0.28303128,0.9247995,0.710626,0.19220348,0.2362097,0.47245058,1.1261234,0.23272893,0.38356373,1.0301924,0.9639644,0.30025312,0.26845157,1.1730666,773.6264,803.44324,811.0989,823.5897,755.09155,-0.01739501953125,0.1224365234375,0.9703369140625,1.9439697265625,-3.63372802734375,-0.01495361328125,1.0,1.0,1.0,1.0,1.0,95.0,event
12:10:18.776,0.5315469,0.5296018,0.35124198,0.93557036,0.32989323,0.080604844,0.28303128,0.9247995,0.710626,0.19220348,0.2362097,0.47245058,1.1261234,0.23272893,0.38356373,1.0301924,0.9639644,0.30025312,0.26845157,1.1730666,763.1502,797.3993,808.68134,771.2088,721.2454,-0.017578125,0.1285400390625,0.9730224609375,4.000091552734375,-4.179534912109375,0.61309814453125,1.0,1.0,1.0,1.0,1.0,95.0,event
12:10:18.778,0.5315469,0.5296018,0.35124198,0.93557036,0.32989323,0.080604844,0.28303128,0.9247995,0.710626,0.19220348,0.2362097,0.47245058,1.1261234,0.23272893,0.38356373,1.0301924,0.9639644,0.30025312,0.26845157,1.1730666,781.28204,805.05493,808.68134,774.83514,867.1062,-0.017578125,0.1285400390625,0.9730224609375,4.000091552734375,-4.179534912109375,0.61309814453125,1.0,1.0,1.0,1.0,1.0,95.0,event
12:10:18.778,0.5315469,0.5296018,0.35124198,0.93557036,0.32989323,0.080604844,0.28303128,0.9247995,0.710626,0.19220348,0.2362097,0.47245058,1.1261234,0.23272893,0.38356373,1.0301924,0.9639644,0.30025312,0.26845157,1.1730666,786.1172,803.8461,793.36993,782.8938,842.1245,-0.017578125,0.1285400390625,0.9730224609375,4.000091552734375,-4.179534912109375,0.61309814453125,1.0,1.0,1.0,1.0,1.0,95.0,event
12:10:18.779,0.5315469,0.5296018,0.35124198,0.93557036,0.32989323,0.080604844,0.28303128,0.9247995,0.710626,0.19220348,0.2362097,0.47245058,1.1261234,0.23272893,0.38356373,1.0301924,0.9639644,0.30025312,0.26845157,1.1730666,801.4286,801.4286,801.4286,812.3077,717.619,-0.017578125,0.1285400390625,0.9730224609375,4.000091552734375,-4.179534912109375,0.61309814453125,1.0,1.0,1.0,1.0,1.0,95.0,event
12:10:18.779,0.5315469,0.5296018,0.35124198,0.93557036,0.32989323,0.080604844,0.28303128,0.9247995,0.710626,0.19220348,0.2362097,0.47245058,1.1261234,0.23272893,0.38356373,1.0301924,0.9639644,0.30025312,0.26845157,1.1730666,790.9524,792.5641,813.1135,813.5165,792.5641,-0.017578125,0.1285400390625,0.9730224609375,4.000091552734375,-4.179534912109375,0.61309814453125,1.0,1.0,1.0,1.0,1.0,95.0,event
12:10:18.780,0.5315469,0.5296018,0.35124198,0.93557036,0.32989323,0.080604844,0.28303128,0.9247995,0.710626,0.19220348,0.2362097,0.47245058,1.1261234,0.23272893,0.38356373,1.0301924,0.9639644,0.30025312,0.26845157,1.1730666,770.80585,788.5348,811.50183,803.8461,962.6007,-0.017578125,0.1285400390625,0.9730224609375,4.000091552734375,-4.179534912109375,0.61309814453125,1.0,1.0,1.0,1.0,1.0,95.0,event
12:10:18.781,0.5315469,0.5296018,0.35124198,0.93557036,0.32989323,0.080604844,0.28303128,0.9247995,0.710626,0.19220348,0.2362097,0.47245058,1.1261234,0.23272893,0.38356373,1.0301924,0.9639644,0.30025312,0.26845157,1.1730666,764.7619,788.1319,810.696,798.20514,947.6923,-0.017578125,0.1285400390625,0.9730224609375,4.000091552734375,-4.179534912109375,0.61309814453125,1.0,1.0,1.0,1.0,1.0,95.0,event
12:10:18.781,0.5315469,0.5296018,0.35124198,0.93557036,0.32989323,0.080604844,0.28303128,0.9247995,0.710626,0.19220348,0.2362097,0.47245058,1.1261234,0.23272893,0.38356373,1.0301924,0.9639644,0.30025312,0.26845157,1.1730666,769.19415,798.60803,808.68134,807.8755,772.4176,-0.017578125,0.1285400390625,0.9730224609375,4.000091552734375,-4.179534912109375,0.61309814453125,1.0,1.0,1.0,1.0,1.0,95.0,event
12:10:18.782,0.5315469,0.5296018,0.35124198,0.93557036,0.32989323,0.080604844,0.28303128,0.9247995,0.710626,0.19220348,0.2362097,0.47245058,1.1261234,0.23272893,0.38356373,1.0301924,0.9639644,0.30025312,0.26845157,1.1730666,776.04395,805.4579,830.84247,783.69965,910.6227,-0.017578125,0.1285400390625,0.9730224609375,4.000091552734375,-4.179534912109375,0.61309814453125,1.0,1.0,1.0,1.0,1.0,95.0,event
12:10:18.782,0.5315469,0.5296018,0.35124198,0.93557036,0.32989323,0.080604844,0.28303128,0.9247995,0.710626,0.19220348,0.2362097,0.47245058,1.1261234,0.23272893,0.38356373,1.0301924,0.9639644,0.30025312,0.26845157,1.1730666,761.53845,803.8461,821.1722,814.3223,686.99634,-0.017578125,0.1285400390625,0.9730224609375,4.000091552734375,-4.179534912109375,0.61309814453125,1.0,1.0,1.0,1.0,1.0,95.0,event
12:10:18.783,0.5315469,0.5296018,0.35124198,0.93557036,0.32989323,0.080604844,0.28303128,0.9247995,0.710626,0.19220348,0.2362097,0.47245058,1.1261234,0.23272893,0.38356373,1.0301924,0.9639644,0.30025312,0.26845157,1.1730666,799.41394,809.89014,813.5165,772.4176,868.315,-0.017578125,0.1285400390625,0.9730224609375,4.000091552734375,-4.179534912109375,0.61309814453125,1.0,1.0,1.0,1.0,1.0,95.0,event
12:10:18.784,0.5315469,0.5296018,0.35124198,0.93557036,0.32989323,0.080604844,0.28303128,0.9247995,0.710626,0.19220348,0.2362097,0.47245058,1.1261234,0.23272893,0.38356373,1.0301924,0.9639644,0.30025312,0.26845157,1.1730666,783.2967,796.5934,801.02563,792.96704,682.5641,-0.017578125,0.1285400390625,0.9730224609375,4.000091552734375,-4.179534912109375,0.61309814453125,1.0,1.0,1.0,1.0,1.0,95.0,event
12:10:18.811,0.5315469,0.5296018,0.35124198,0.93557036,0.32989323,0.080604844,0.28303128,0.9247995,0.710626,0.19220348,0.2362097,0.47245058,1.1261234,0.23272893,0.38356373,1.0301924,0.9639644,0.30025312,0.26845157,1.1730666,761.53845,789.34064,803.44324,807.0696,750.2564,-0.017578125,0.1285400390625,0.9730224609375,4.000091552734375,-4.179534912109375,0.61309814453125,1.0,1.0,1.0,1.0,1.0,95.0,event
12:10:18.812,0.52468675,0.54855084,0.34227297,0.9674878,0.3979613,0.10719637,0.2884987,0.8831264,0.7777642,0.19220348,0.23125787,0.5021094,1.1292996,0.2703497,0.38607568,1.0283787,0.9652346,0.31810156,0.28094652,1.162204,762.74725,800.6227,807.8755,798.20514,769.59705,-0.017578125,0.1285400390625,0.9730224609375,4.000091552734375,-4.179534912109375,0.61309814453125,1.0,1.0,1.0,1.0,1.0,95.0,event
12:10:18.816,0.52468675,0.54855084,0.34227297,0.9674878,0.3979613,0.10719637,0.2884987,0.8831264,0.7777642,0.19220348,0.23125787,0.5021094,1.1292996,0.2703497,0.38607568,1.0283787,0.9652346,0.31810156,0.28094652,1.162204,772.01465,799.011,807.8755,785.7143,728.9011,-0.017578125,0.1285400390625,0.9730224609375,4.000091552734375,-4.179534912109375,0.61309814453125,1.0,1.0,1.0,1.0,1.0,95.0,event
12:10:18.816,0.52468675,0.54855084,0.34227297,0.9674878,0.3979613,0.10719637,0.2884987,0.8831264,0.7777642,0.19220348,0.23125787,0.5021094,1.1292996,0.2703497,0.38607568,1.0283787,0.9652346,0.31810156,0.28094652,1.162204,770.0,793.7729,812.71063,793.7729,769.59705,-0.017578125,0.1285400390625,0.9730224609375,4.000091552734375,-4.179534912109375,0.61309814453125,1.0,1.0,1.0,1.0,1.0,95.0,event
12:10:18.817,0.52468675,0.54855084,0.34227297,0.9674878,0.3979613,0.10719637,0.2884987,0.8831264,0.7777642,0.19220348,0.23125787,0.5021094,1.1292996,0.2703497,0.38607568,1.0283787,0.9652346,0.31810156,0.28094652,1.162204,766.77655,801.8315,813.5165,789.7436,841.31866,-0.017578125,0.1285400390625,0.9730224609375,4.000091552734375,-4.179534912109375,0.61309814453125,1.0,1.0,1.0,1.0,1.0,95.0,event
12:10:18.818,0.52468675,0.54855084,0.34227297,0.9674878,0.3979613,0.10719637,0.2884987,0.8831264,0.7777642,0.19220348,0.23125787,0.5021094,1.1292996,0.2703497,0.38607568,1.0283787,0.9652346,0.31810156,0.28094652,1.162204,793.7729,812.71063,803.44324,774.0293,957.76556,-0.017578125,0.1285400390625,0.9730224609375,4.000091552734375,-4.179534912109375,0.61309814453125,1.0,1.0,1.0,1.0,1.0,95.0,event
12:10:18.818,0.52468675,0.54855084,0.34227297,0.9674878,0.3979613,0.10719637,0.2884987,0.8831264,0.7777642,0.19220348,0.23125787,0.5021094,1.1292996,0.2703497,0.38607568,1.0283787,0.9652346,0.31810156,0.28094652,1.162204,793.7729,800.2198,807.47253,793.36993,942.4542,-0.017578125,0.1285400390625,0.9730224609375,4.000091552734375,-4.179534912109375,0.61309814453125,1.0,1.0,1.0,1.0,1.0,95.0,event
12:10:18.819,0.52468675,0.54855084,0.34227297,0.9674878,0.3979613,0.10719637,0.2884987,0.8831264,0.7777642,0.19220348,0.23125787,0.5021094,1.1292996,0.2703497,0.38607568,1.0283787,0.9652346,0.31810156,0.28094652,1.162204,778.0586,784.5055,820.7692,813.5165,779.2674,-0.017578125,0.1285400390625,0.9730224609375,4.000091552734375,-4.179534912109375,0.61309814453125,1.0,1.0,1.0,1.0,1.0,95.0,event
12:10:18.819,0.52468675,0.54855084,0.34227297,0.9674878,0.3979613,0.10719637,0.2884987,0.8831264,0.7777642,0.19220348,0.23125787,0.5021094,1.1292996,0.2703497,0.38607568,1.0283787,0.9652346,0.31810156,0.28094652,1.162204,763.1502,791.75824,813.91943,790.54944,789.34064,-0.017578125,0.1285400390625,0.9730224609375,4.000091552734375,-4.179534912109375,0.61309814453125,1.0,1.0,1.0,1.0,1.0,95.0,event
12:10:18.820,0.52468675,0.54855084,0.34227297,0.9674878,0.3979613,0.10719637,0.2884987,0.8831264,0.7777642,0.19220348,0.23125787,0.5021094,1.1292996,0.2703497,0.38607568,1.0283787,0.9652346,0.31810156,0.28094652,1.162204,740.989,799.011,807.0696,770.0,998.86444,-0.017578125,0.1285400390625,0.9730224609375,4.000091552734375,-4.179534912109375,0.61309814453125,1.0,1.0,1.0,1.0,1.0,95.0,event
12:10:18.821,0.52468675,0.54855084,0.34227297,0.9674878,0.3979613,0.10719637,0.2884987,0.8831264,0.7777642,0.19220348,0.23125787,0.5021094,1.1292996,0.2703497,0.38607568,1.0283787,0.9652346,0.31810156,0.28094652,1.162204,769.59705,803.0403,815.12823,788.93774,856.63007,-0.017578125,0.1285400390625,0.9730224609375,4.000091552734375,-4.179534912109375,0.61309814453125,1.0,1.0,1.0,1.0,1.0,95.0,event
12:10:18.821,0.52468675,0.54855084,0.34227297,0.9674878,0.3979613,0.10719637,0.2884987,0.8831264,0.7777642,0.19220348,0.23125787,0.5021094,1.1292996,0.2703497,0.38607568,1.0283787,0.9652346,0.31810156,0.28094652,1.162204,782.49084,805.05493,814.7253,795.78754,718.4249,-0.017578125,0.1285400390625,0.9730224609375,4.000091552734375,-4.179534912109375,0.61309814453125,1.0,1.0,1.0,1.0,1.0,95.0,event
12:10:18.842,0.52468675,0.54855084,0.34227297,0.9674878,0.3979613,0.10719637,0.2884987,0.8831264,0.7777642,0.19220348,0.23125787,0.5021094,1.1292996,0.2703497,0.38607568,1.0283787,0.9652346,0.31810156,0.28094652,1.162204,750.65936,803.8461,796.5934,772.01465,797.3993,-0.0096435546875,0.139892578125,0.98321533203125,4.8150634765625,-3.760833740234375,0.11962890625,1.0,1.0,1.0,1.0,1.0,95.0,event
12:10:18.843,0.52468675,0.54855084,0.34227297,0.9674878,0.3979613,0.10719637,0.2884987,0.8831264,0.7777642,0.19220348,0.23125787,0.5021094,1.1292996,0.2703497,0.38607568,1.0283787,0.9652346,0.31810156,0.28094652,1.162204,765.16486,809.0842,791.3553,762.74725,751.4652,-0.0096435546875,0.139892578125,0.98321533203125,4.8150634765625,-3.760833740234375,0.11962890625,1.0,1.0,1.0,1.0,1.0,95.0,event
12:10:18.844,0.52468675,0.54855084,0.34227297,0.9674878,0.3979613,0.10719637,0.2884987,0.8831264,0.7777642,0.19220348,0.23125787,0.5021094,1.1292996,0.2703497,0.38607568,1.0283787,0.9652346,0.31810156,0.28094652,1.162204,769.59705,808.2784,799.81683,782.8938,678.1319,-0.0096435546875,0.139892578125,0.98321533203125,4.8150634765625,-3.760833740234375,0.11962890625,1.0,1.0,1.0,1.0,1.0,95.0,event
12:10:18.844,0.52468675,0.54855084,0.34227297,0.9674878,0.3979613,0.10719637,0.2884987,0.8831264,0.7777642,0.19220348,0.23125787,0.5021094,1.1292996,0.2703497,0.38607568,1.0283787,0.9652346,0.31810156,0.28094652,1.162204,760.7326,805.05493,801.02563,799.81683,724.0659,-0.0096435546875,0.139892578125,0.98321533203125,4.8150634765625,-3.760833740234375,0.11962890625,1.0,1.0,1.0,1.0,1.0,95.0,event
12:10:18.845,0.52468675,0.54855084,0.34227297,0.9674878,0.3979613,0.10719637,0.2884987,0.8831264,0.7777642,0.19220348,0.23125787,0.5021094,1.1292996,0.2703497,0.38607568,1.0283787,0.9652346,0.31810156,0.28094652,1.162204,807.0696,799.011,801.8315,785.31134,821.1722,-0.0096435546875,0.139892578125,0.98321533203125,4.8150634765625,-3.760833740234375,0.11962890625,1.0,1.0,1.0,1.0,1.0,95.0,event
12:10:18.845,0.52468675,0.54855084,0.34227297,0.9674878,0.3979613,0.10719637,0.2884987,0.8831264,0.7777642,0.19220348,0.23125787,0.5021094,1.1292996,0.2703497,0.38607568,1.0283787,0.9652346,0.31810156,0.28094652,1.162204,806.26373,792.5641,801.02563,778.46155,856.2271,-0.0096435546875,0.139892578125,0.98321533203125,4.8150634765625,-3.760833740234375,0.11962890625,1.0,1.0,1.0,1.0,1.0,95.0,event
12:10:18.846,0.52468675,0.54855084,0.34227297,0.9674878,0.3979613,0.10719637,0.2884987,0.8831264,0.7777642,0.19220348,0.23125787,0.5021094,1.1292996,0.2703497,0.38607568,1.0283787,0.9652346,0.31810156,0.28094652,1.162204,777.6557,803.8461,796.5934,799.81683,803.44324,-0.0096435546875,0.139892578125,0.98321533203125,4.8150634765625,-3.760833740234375,0.11962890625,1.0,1.0,1.0,1.0,1.0,95.0,event
12:10:18.846,0.52468675,0.54855084,0.34227297,0.9674878,0.3979613,0.10719637,0.2884987,0.8831264,0.7777642,0.19220348,0.23125787,0.5021094,1.1292996,0.2703497,0.38607568,1.0283787,0.9652346,0.31810156,0.28094652,1.162204,767.5824,814.3223,808.2784,798.20514,778.46155,-0.0096435546875,0.139892578125,0.98321533203125,4.8150634765625,-3.760833740234375,0.11962890625,1.0,1.0,1.0,1.0,1.0,95.0,event
12:10:18.847,0.52468675,0.54855084,0.34227297,0.9674878,0.3979613,0.10719637,0.2884987,0.8831264,0.7777642,0.19220348,0.23125787,0.5021094,1.1292996,0.2703497,0.38607568,1.0283787,0.9652346,0.31810156,0.28094652,1.162204,792.1612,805.4579,811.0989,795.38464,992.01465,-0.0096435546875,0.139892578125,0.98321533203125,4.8150634765625,-3.760833740234375,0.11962890625,1.0,1.0,1.0,1.0,1.0,95.0,event
12:10:18.848,0.52468675,0.54855084,0.34227297,0.9674878,0.3979613,0.10719637,0.2884987,0.8831264,0.7777642,0.19220348,0.23125787,0.5021094,1.1292996,0.2703497,0.38607568,1.0283787,0.9652346,0.31810156,0.28094652,1.162204,792.96704,802.6374,798.20514,775.64105,1012.5641,-0.0096435546875,0.139892578125,0.98321533203125,4.8150634765625,-3.760833740234375,0.11962890625,1.0,1.0,1.0,1.0,1.0,95.0,event
12:10:18.848,0.52468675,0.54855084,0.34227297,0.9674878,0.3979613,0.10719637,0.2884987,0.8831264,0.7777642,0.19220348,0.23125787,0.5021094,1.1292996,0.2703497,0.38607568,1.0283787,0.9652346,0.31810156,0.28094652,1.162204,761.53845,800.2198,810.293,779.67035,726.4835,-0.0096435546875,0.139892578125,0.98321533203125,4.8150634765625,-3.760833740234375,0.11962890625,1.0,1.0,1.0,1.0,1.0,95.0,event
12:10:18.849,0.52468675,0.54855084,0.34227297,0.9674878,0.3979613,0.10719637,0.2884987,0.8831264,0.7777642,0.19220348,0.23125787,0.5021094,1.1292996,0.2703497,0.38607568,1.0283787,0.9652346,0.31810156,0.28094652,1.162204,768.7912,804.2491,820.3663,795.38464,688.60803,-0.0096435546875,0.139892578125,0.98321533203125,4.8150634765625,-3.760833740234375,0.11962890625,1.0,1.0,1.0,1.0,1.0,95.0,event
12:10:18.939,0.52468675,0.54855084,0.34227297,0.9674878,0.3979613,0.10719637,0.2884987,0.8831264,0.7777642,0.19220348,0.23125787,0.5021094,1.1292996,0.2703497,0.38607568,1.0283787,0.9652346,0.31810156,0.28094652,1.162204,787.72894,801.02563,809.0842,794.57874,750.65936,-0.01690673828125,0.14825439453125,0.98223876953125,3.416900634765625,-4.2767333984375,0.471038818359375,1.0,1.0,1.0,1.0,1.0,95.0,event
12:10:18.940,0.52468675,0.54855084,0.34227297,0.9674878,0.3979613,0.10719637,0.2884987,0.8831264,0.7777642,0.19220348,0.23125787,0.5021094,1.1292996,0.2703497,0.38607568,1.0283787,0.9652346,0.31810156,0.28094652,1.162204,788.1319,789.34064,804.2491,785.7143,711.978,-0.01690673828125,0.14825439453125,0.98223876953125,3.416900634765625,-4.2767333984375,0.471038818359375,1.0,1.0,1.0,1.0,1.0,95.0,event
12:10:18.941,0.52468675,0.54855084,0.34227297,0.9674878,0.3979613,0.10719637,0.2884987,0.8831264,0.7777642,0.19220348,0.23125787,0.5021094,1.1292996,0.2703497,0.38607568,1.0283787,0.9652346,0.31810156,0.28094652,1.162204,775.64105,796.1905,807.8755,774.43225,726.8865,-0.01690673828125,0.14825439453125,0.98223876953125,3.416900634765625,-4.2767333984375,0.471038818359375,1.0,1.0,1.0,1.0,1.0,95.0,event
12:10:18.942,0.5368051,0.5555559,0.32734206,0.99381196,0.4534734,0.12069177,0.28779173,0.8487792,0.7931171,0.19220348,0.2296029,0.53165877,1.1308748,0.30205265,0.3835689,1.0431994,0.9677653,0.33901978,0.29067898,1.1457107,772.4176,800.6227,799.011,786.9231,770.0,-0.01690673828125,0.14825439453125,0.98223876953125,3.416900634765625,-4.2767333984375,0.471038818359375,1.0,1.0,1.0,1.0,1.0,95.0,event
12:10:18.947,0.5368051,0.5555559,0.32734206,0.99381196,0.4534734,0.12069177,0.28779173,0.8487792,0.7931171,0.19220348,0.2296029,0.53165877,1.1308748,0.30205265,0.3835689,1.0431994,0.9677653,0.33901978,0.29067898,1.1457107,780.4762,800.2198,796.5934,780.07324,760.32965,-0.01690673828125,0.14825439453125,0.98223876953125,3.416900634765625,-4.2767333984375,0.471038818359375,1.0,1.0,1.0,1.0,1.0,95.0,event
12:10:18.948,0.5368051,0.5555559,0.32734206,0.99381196,0.4534734,0.12069177,0.28779173,0.8487792,0.7931171,0.19220348,0.2296029,0.53165877,1.1308748,0.30205265,0.3835689,1.0431994,0.9677653,0.33901978,0.29067898,1.1457107,781.685,799.81683,812.3077,767.5824,816.7399,-0.01690673828125,0.14825439453125,0.98223876953125,3.416900634765625,-4.2767333984375,0.471038818359375,1.0,1.0,1.0,1.0,1.0,95.0,event
12:10:18.949,0.5368051,0.5555559,0.32734206,0.99381196,0.4534734,0.12069177,0.28779173,0.8487792,0.7931171,0.19220348,0.2296029,0.53165877,1.1308748,0.30205265,0.3835689,1.0431994,0.9677653,0.33901978,0.29067898,1.1457107,774.83514,805.4579,814.3223,789.34064,807.8755,-0.01690673828125,0.14825439453125,0.98223876953125,3.416900634765625,-4.2767333984375,0.471038818359375,1.0,1.0,1.0,1.0,1.0,95.0,event
12:10:18.950,0.5368051,0.5555559,0.32734206,0.99381196,0.4534734,0.12069177,0.28779173,0.8487792,0.7931171,0.19220348,0.2296029,0.53165877,1.1308748,0.30205265,0.3835689,1.0431994,0.9677653,0.33901978,0.29067898,1.1457107,767.5824,811.50183,810.696,795.78754,805.05493,-0.01690673828125,0.14825439453125,0.98223876953125,3.416900634765625,-4.2767333984375,0.471038818359375,1.0,1.0,1.0,1.0,1.0,95.0,event
12:10:18.951,0.5368051,0.5555559,0.32734206,0.99381196,0.4534734,0.12069177,0.28779173,0.8487792,0.7931171,0.19220348,0.2296029,0.53165877,1.1308748,0.30205265,0.3835689,1.0431994,0.9677653,0.33901978,0.29067898,1.1457107,776.04395,807.8755,809.0842,789.7436,940.84247,-0.01690673828125,0.14825439453125,0.98223876953125,3.416900634765625,-4.2767333984375,0.471038818359375,1.0,1.0,1.0,1.0,1.0,95.0,event
12:10:18.952,0.5368051,0.5555559,0.32734206,0.99381196,0.4534734,0.12069177,0.28779173,0.8487792,0.7931171,0.19220348,0.2296029,0.53165877,1.1308748,0.30205265,0.3835689,1.0431994,0.9677653,0.33901978,0.29067898,1.1457107,801.4286,807.0696,805.05493,804.2491,866.7033,-0.01690673828125,0.14825439453125,0.98223876953125,3.416900634765625,-4.2767333984375,0.471038818359375,1.0,1.0,1.0,1.0,1.0,95.0,event
12:10:18.953,0.5368051,0.5555559,0.32734206,0.99381196,0.4534734,0.12069177,0.28779173,0.8487792,0.7931171,0.19220348,0.2296029,0.53165877,1.1308748,0.30205265,0.3835689,1.0431994,0.9677653,0.33901978,0.29067898,1.1457107,801.4286,807.47253,810.293,795.38464,763.95605,-0.01690673828125,0.14825439453125,0.98223876953125,3.416900634765625,-4.2767333984375,0.471038818359375,1.0,1.0,1.0,1.0,1.0,95.0,event
12:10:18.955,0.5368051,0.5555559,0.32734206,0.99381196,0.4534734,0.12069177,0.28779173,0.8487792,0.7931171,0.19220348,0.2296029,0.53165877,1.1308748,0.30205265,0.3835689,1.0431994,0.9677653,0.33901978,0.29067898,1.1457107,795.38464,799.011,811.0989,775.2381,794.9817,-0.01690673828125,0.14825439453125,0.98223876953125,3.416900634765625,-4.2767333984375,0.471038818359375,1.0,1.0,1.0,1.0,1.0,95.0,event
12:10:18.979,0.5368051,0.5555559,0.32734206,0.99381196,0.4534734,0.12069177,0.28779173,0.8487792,0.7931171,0.19220348,0.2296029,0.53165877,1.1308748,0.30205265,0.3835689,1.0431994,0.9677653,0.33901978,0.29067898,1.1457107,801.4286,799.41394,805.05493,776.4469,834.87177,-0.01531982421875,0.14520263671875,0.98260498046875,1.60003662109375,-3.90289306640625,-0.13458251953125,1.0,1.0,1.0,1.0,1.0,95.0,event
12:10:18.980,0.5368051,0.5555559,0.32734206,0.99381196,0.4534734,0.12069177,0.28779173,0.8487792,0.7931171,0.19220348,0.2296029,0.53165877,1.1308748,0.30205265,0.3835689,1.0431994,0.9677653,0.33901978,0.29067898,1.1457107,792.1612,800.2198,807.8755,790.9524,723.2601,-0.01531982421875,0.14520263671875,0.98260498046875,1.60003662109375,-3.90289306640625,-0.13458251953125,1.0,1.0,1.0,1.0,1.0,95.0,event
12:10:18.981,0.5368051,0.5555559,0.32734206,0.99381196,0.4534734,0.12069177,0.28779173,0.8487792,0.7931171,0.19220348,0.2296029,0.53165877,1.1308748,0.30205265,0.3835689,1.0431994,0.9677653,0.33901978,0.29067898,1.1457107,792.5641,799.011,805.8608,782.49084,705.12823,-0.01531982421875,0.14520263671875,0.98260498046875,1.60003662109375,-3.90289306640625,-0.13458251953125,1.0,1.0,1.0,1.0,1.0,95.0,event
12:10:18.981,0.5368051,0.5555559,0.32734206,0.99381196,0.4534734,0.12069177,0.28779173,0.8487792,0.7931171,0.19220348,0.2296029,0.53165877,1.1308748,0.30205265,0.3835689,1.0431994,0.9677653,0.33901978,0.29067898,1.1457107,797.3993,798.20514,807.47253,792.5641,844.94507,-0.01531982421875,0.14520263671875,0.98260498046875,1.60003662109375,-3.90289306640625,-0.13458251953125,1.0,1.0,1.0,1.0,1.0,95.0,event
12:10:18.982,0.5368051,0.5555559,0.32734206,0.99381196,0.4534734,0.12069177,0.28779173,0.8487792,0.7931171,0.19220348,0.2296029,0.53165877,1.1308748,0.30205265,0.3835689,1.0431994,0.9677653,0.33901978,0.29067898,1.1457107,788.93774,802.23444,814.3223,826.0073,797.8022,-0.01531982421875,0.14520263671875,0.98260498046875,1.60003662109375,-3.90289306640625,-0.13458251953125,1.0,1.0,1.0,1.0,1.0,95.0,event
12:10:18.982,0.5368051,0.5555559,0.32734206,0.99381196,0.4534734,0.12069177,0.28779173,0.8487792,0.7931171,0.19220348,0.2296029,0.53165877,1.1308748,0.30205265,0.3835689,1.0431994,0.9677653,0.33901978,0.29067898,1.1457107,772.01465,810.696,810.696,801.4286,807.47253,-0.01531982421875,0.14520263671875,0.98260498046875,1.60003662109375,-3.90289306640625,-0.13458251953125,1.0,1.0,1.0,1.0,1.0,95.0,event
12:10:18.983,0.5368051,0.5555559,0.32734206,0.99381196,0.4534734,0.12069177,0.28779173,0.8487792,0.7931171,0.19220348,0.2296029,0.53165877,1.1308748,0.30205265,0.3835689,1.0431994,0.9677653,0.33901978,0.29067898,1.1457107,782.49084,803.8461,804.65204,775.64105,893.69965,-0.01531982421875,0.14520263671875,0.98260498046875,1.60003662109375,-3.90289306640625,-0.13458251953125,1.0,1.0,1.0,1.0,1.0,95.0,event
12:10:18.984,0.5368051,0.5555559,0.32734206,0.99381196,0.4534734,0.12069177,0.28779173,0.8487792,0.7931171,0.19220348,0.2296029,0.53165877,1.1308748,0.30205265,0.3835689,1.0431994,0.9677653,0.33901978,0.29067898,1.1457107,790.14655,800.6227,807.0696,790.9524,1000.4762,-0.01531982421875,0.14520263671875,0.98260498046875,1.60003662109375,-3.90289306640625,-0.13458251953125,1.0,1.0,1.0,1.0,1.0,95.0,event
12:10:18.984,0.5368051,0.5555559,0.32734206,0.99381196,0.4534734,0.12069177,0.28779173,0.8487792,0.7931171,0.19220348,0.2296029,0.53165877,1.1308748,0.30205265,0.3835689,1.0431994,0.9677653,0.33901978,0.29067898,1.1457107,791.75824,799.41394,809.0842,815.9341,927.1429,-0.01531982421875,0.14520263671875,0.98260498046875,1.60003662109375,-3.90289306640625,-0.13458251953125,1.0,1.0,1.0,1.0,1.0,95.0,event
12:10:18.985,0.5368051,0.5555559,0.32734206,0.99381196,0.4534734,0.12069177,0.28779173,0.8487792,0.7931171,0.19220348,0.2296029,0.53165877,1.1308748,0.30205265,0.3835689,1.0431994,0.9677653,0.33901978,0.29067898,1.1457107,773.6264,797.8022,807.0696,840.9158,743.8095,-0.01531982421875,0.14520263671875,0.98260498046875,1.60003662109375,-3.90289306640625,-0.13458251953125,1.0,1.0,1.0,1.0,1.0,95.0,event
12:10:18.986,0.5368051,0.5555559,0.32734206,0.99381196,0.4534734,0.12069177,0.28779173,0.8487792,0.7931171,0.19220348,0.2296029,0.53165877,1.1308748,0.30205265,0.3835689,1.0431994,0.9677653,0.33901978,0.29067898,1.1457107,759.5238,798.60803,807.47253,821.1722,756.7033,-0.01531982421875,0.14520263671875,0.98260498046875,1.60003662109375,-3.90289306640625,-0.13458251953125,1.0,1.0,1.0,1.0,1.0,95.0,event
12:10:18.987,0.5368051,0.5555559,0.32734206,0.99381196,0.4534734,0.12069177,0.28779173,0.8487792,0.7931171,0.19220348,0.2296029,0.53165877,1.1308748,0.30205265,0.3835689,1.0431994,0.9677653,0.33901978,0.29067898,1.1457107,779.2674,793.7729,809.89014,773.6264,773.6264,-0.01531982421875,0.14520263671875,0.98260498046875,1.60003662109375,-3.90289306640625,-0.13458251953125,1.0,1.0,1.0,1.0,1.0,95.0,event
12:10:18.989,0.5368051,0.5555559,0.32734206,0.99381196,0.4534734,0.12069177,0.28779173,0.8487792,0.7931171,0.19220348,0.2296029,0.53165877,1.1308748,0.30205265,0.3835689,1.0431994,0.9677653,0.33901978,0.29067898,1.1457107,786.1172,800.2198,801.02563,781.28204,784.5055,-0.0198974609375,0.137451171875,0.97882080078125,0.755157470703125,-3.491668701171875,-0.1495361328125,1.0,1.0,1.0,1.0,1.0,95.0,event
12:10:18.989,0.5368051,0.5555559,0.32734206,0.99381196,0.4534734,0.12069177,0.28779173,0.8487792,0.7931171,0.19220348,0.2296029,0.53165877,1.1308748,0.30205265,0.3835689,1.0431994,0.9677653,0.33901978,0.29067898,1.1457107,779.2674,811.50183,798.60803,813.1135,784.10254,-0.0198974609375,0.137451171875,0.97882080078125,0.755157470703125,-3.491668701171875,-0.1495361328125,1.0,1.0,1.0,1.0,1.0,95.0,event
12:10:18.990,0.5368051,0.5555559,0.32734206,0.99381196,0.4534734,0.12069177,0.28779173,0.8487792,0.7931171,0.19220348,0.2296029,0.53165877,1.1308748,0.30205265,0.3835689,1.0431994,0.9677653,0.33901978,0.29067898,1.1457107,777.25275,810.696,807.8755,812.71063,824.3956,-0.0198974609375,0.137451171875,0.97882080078125,0.755157470703125,-3.491668701171875,-0.1495361328125,1.0,1.0,1.0,1.0,1.0,95.0,event
12:10:18.991,0.5368051,0.5555559,0.32734206,0.99381196,0.4534734,0.12069177,0.28779173,0.8487792,0.7931171,0.19220348,0.2296029,0.53165877,1.1308748,0.30205265,0.3835689,1.0431994,0.9677653,0.33901978,0.29067898,1.1457107,780.4762,802.6374,811.9048,807.47253,887.25275,-0.0198974609375,0.137451171875,0.97882080078125,0.755157470703125,-3.491668701171875,-0.1495361328125,1.0,1.0,1.0,1.0,1.0,95.0,event
12:10:18.991,0.5368051,0.5555559,0.32734206,0.99381196,0.4534734,0.12069177,0.28779173,0.8487792,0.7931171,0.19220348,0.2296029,0.53165877,1.1308748,0.30205265,0.3835689,1.0431994,0.9677653,0.33901978,0.29067898,1.1457107,782.8938,803.44324,802.6374,791.3553,770.0,-0.0198974609375,0.137451171875,0.97882080078125,0.755157470703125,-3.491668701171875,-0.1495361328125,1.0,1.0,1.0,1.0,1.0,95.0,event
12:10:18.992,0.5690504,0.55689645,0.31574446,1.0155755,0.48289686,0.1258616,0.28671622,0.81518465,0.79356575,0.19220348,0.2296029,0.5535337,1.1274503,0.3216106,0.3733641,1.0612773,0.9722166,0.35103887,0.294264,1.1320776,788.1319,807.47253,792.96704,810.696,743.00366,-0.0198974609375,0.137451171875,0.97882080078125,0.755157470703125,-3.491668701171875,-0.1495361328125,1.0,1.0,1.0,1.0,1.0,95.0,event
12:10:18.995,0.5690504,0.55689645,0.31574446,1.0155755,0.48289686,0.1258616,0.28671622,0.81518465,0.79356575,0.19220348,0.2296029,0.5535337,1.1274503,0.3216106,0.3733641,1.0612773,0.9722166,0.35103887,0.294264,1.1320776,806.26373,807.0696,798.60803,801.4286,868.71796,-0.0198974609375,0.137451171875,0.97882080078125,0.755157470703125,-3.491668701171875,-0.1495361328125,1.0,1.0,1.0,1.0,1.0,95.0,event
12:10:18.996,0.5690504,0.55689645,0.31574446,1.0155755,0.48289686,0.1258616,0.28671622,0.81518465,0.79356575,0.19220348,0.2296029,0.5535337,1.1274503,0.3216106,0.3733641,1.0612773,0.9722166,0.35103887,0.294264,1.1320776,807.47253,803.44324,808.68134,773.6264,1076.227,-0.0198974609375,0.137451171875,0.97882080078125,0.755157470703125,-3.491668701171875,-0.1495361328125,1.0,1.0,1.0,1.0,1.0,95.0,event
12:10:18.996,0.5690504,0.55689645,0.31574446,1.0155755,0.48289686,0.1258616,0.28671622,0.81518465,0.79356575,0.19220348,0.2296029,0.5535337,1.1274503,0.3216106,0.3733641,1.0612773,0.9722166,0.35103887,0.294264,1.1320776,768.3883,797.8022,813.91943,789.34064,849.7802,-0.0198974609375,0.137451171875,0.97882080078125,0.755157470703125,-3.491668701171875,-0.1495361328125,1.0,1.0,1.0,1.0,1.0,95.0,event
12:10:18.997,0.5690504,0.55689645,0.31574446,1.0155755,0.48289686,0.1258616,0.28671622,0.81518465,0.79356575,0.19220348,0.2296029,0.5535337,1.1274503,0.3216106,0.3733641,1.0612773,0.9722166,0.35103887,0.294264,1.1320776,758.315,793.7729,820.3663,803.0403,668.46155,-0.0198974609375,0.137451171875,0.97882080078125,0.755157470703125,-3.491668701171875,-0.1495361328125,1.0,1.0,1.0,1.0,1.0,95.0,event
12:10:18.997,0.5690504,0.55689645,0.31574446,1.0155755,0.48289686,0.1258616,0.28671622,0.81518465,0.79356575,0.19220348,0.2296029,0.5535337,1.1274503,0.3216106,0.3733641,1.0612773,0.9722166,0.35103887,0.294264,1.1320776,760.32965,786.52014,819.5604,796.1905,804.65204,-0.0198974609375,0.137451171875,0.97882080078125,0.755157470703125,-3.491668701171875,-0.1495361328125,1.0,1.0,1.0,1.0,1.0,95.0,event
12:10:18.998,0.5690504,0.55689645,0.31574446,1.0155755,0.48289686,0.1258616,0.28671622,0.81518465,0.79356575,0.19220348,0.2296029,0.5535337,1.1274503,0.3216106,0.3733641,1.0612773,0.9722166,0.35103887,0.294264,1.1320776,774.83514,795.78754,808.68134,796.1905,809.0842,-0.0198974609375,0.137451171875,0.97882080078125,0.755157470703125,-3.491668701171875,-0.1495361328125,1.0,1.0,1.0,1.0,1.0,95.0,event
12:10:19.084,0.5690504,0.55689645,0.31574446,1.0155755,0.48289686,0.1258616,0.28671622,0.81518465,0.79356575,0.19220348,0.2296029,0.5535337,1.1274503,0.3216106,0.3733641,1.0612773,0.9722166,0.35103887,0.294264,1.1320776,818.7546,805.4579,807.47253,821.978,698.2784,-0.0198974609375,0.137451171875,0.97882080078125,0.755157470703125,-3.491668701171875,-0.1495361328125,1.0,1.0,1.0,1.0,1.0,95.0,event
12:10:19.085,0.5690504,0.55689645,0.31574446,1.0155755,0.48289686,0.1258616,0.28671622,0.81518465,0.79356575,0.19220348,0.2296029,0.5535337,1.1274503,0.3216106,0.3733641,1.0612773,0.9722166,0.35103887,0.294264,1.1320776,829.6337,803.0403,811.0989,830.4396,728.0952,-0.0198974609375,0.137451171875,0.97882080078125,0.755157470703125,-3.491668701171875,-0.1495361328125,1.0,1.0,1.0,1.0,1.0,95.0,event
12:10:19.086,0.5690504,0.55689645,0.31574446,1.0155755,0.48289686,0.1258616,0.28671622,0.81518465,0.79356575,0.19220348,0.2296029,0.5535337,1.1274503,0.3216106,0.3733641,1.0612773,0.9722166,0.35103887,0.294264,1.1320776,797.8022,801.4286,812.71063,798.20514,776.04395,-0.0198974609375,0.137451171875,0.97882080078125,0.755157470703125,-3.491668701171875,-0.1495361328125,1.0,1.0,1.0,1.0,1.0,95.0,event
12:10:19.087,0.5690504,0.55689645,0.31574446,1.0155755,0.48289686,0.1258616,0.28671622,0.81518465,0.79356575,0.19220348,0.2296029,0.5535337,1.1274503,0.3216106,0.3733641,1.0612773,0.9722166,0.35103887,0.294264,1.1320776,778.86444,799.011,793.36993,803.8461,836.8865,-0.0198974609375,0.137451171875,0.97882080078125,0.755157470703125,-3.491668701171875,-0.1495361328125,1.0,1.0,1.0,1.0,1.0,95.0,event
12:10:19.087,0.5690504,0.55689645,0.31574446,1.0155755,0.48289686,0.1258616,0.28671622,0.81518465,0.79356575,0.19220348,0.2296029,0.5535337,1.1274503,0.3216106,0.3733641,1.0612773,0.9722166,0.35103887,0.294264,1.1320776,765.56775,792.96704,807.47253,803.44324,759.12085,-0.0198974609375,0.137451171875,0.97882080078125,0.755157470703125,-3.491668701171875,-0.1495361328125,1.0,1.0,1.0,1.0,1.0,95.0,event
12:10:19.088,0.5690504,0.55689645,0.31574446,1.0155755,0.48289686,0.1258616,0.28671622,0.81518465,0.79356575,0.19220348,0.2296029,0.5535337,1.1274503,0.3216106,0.3733641,1.0612773,0.9722166,0.35103887,0.294264,1.1320776,795.38464,807.47253,801.02563,792.5641,917.47253,-0.0198974609375,0.137451171875,0.97882080078125,0.755157470703125,-3.491668701171875,-0.1495361328125,1.0,1.0,1.0,1.0,1.0,95.0,event
12:10:19.088,0.5690504,0.55689645,0.31574446,1.0155755,0.48289686,0.1258616,0.28671622,0.81518465,0.79356575,0.19220348,0.2296029,0.5535337,1.1274503,0.3216106,0.3733641,1.0612773,0.9722166,0.35103887,0.294264,1.1320776,774.0293,797.3993,818.3516,807.47253,1114.1025,-0.0198974609375,0.137451171875,0.97882080078125,0.755157470703125,-3.491668701171875,-0.1495361328125,1.0,1.0,1.0,1.0,1.0,95.0,event
12:10:19.089,0.5690504,0.55689645,0.31574446,1.0155755,0.48289686,0.1258616,0.28671622,0.81518465,0.79356575,0.19220348,0.2296029,0.5535337,1.1274503,0.3216106,0.3733641,1.0612773,0.9722166,0.35103887,0.294264,1.1320776,772.4176,800.2198,819.9634,803.0403,1104.0293,-0.0198974609375,0.137451171875,0.97882080078125,0.755157470703125,-3.491668701171875,-0.1495361328125,1.0,1.0,1.0,1.0,1.0,95.0,event
12:10:19.089,0.5690504,0.55689645,0.31574446,1.0155755,0.48289686,0.1258616,0.28671622,0.81518465,0.79356575,0.19220348,0.2296029,0.5535337,1.1274503,0.3216106,0.3733641,1.0612773,0.9722166,0.35103887,0.294264,1.1320776,782.8938,804.2491,815.12823,783.69965,764.35895,-0.0198974609375,0.137451171875,0.97882080078125,0.755157470703125,-3.491668701171875,-0.1495361328125,1.0,1.0,1.0,1.0,1.0,95.0,event
12:10:19.090,0.5690504,0.55689645,0.31574446,1.0155755,0.48289686,0.1258616,0.28671622,0.81518465,0.79356575,0.19220348,0.2296029,0.5535337,1.1274503,0.3216106,0.3733641,1.0612773,0.9722166,0.35103887,0.294264,1.1320776,784.90845,800.2198,808.68134,803.8461,708.7546,-0.0198974609375,0.137451171875,0.97882080078125,0.755157470703125,-3.491668701171875,-0.1495361328125,1.0,1.0,1.0,1.0,1.0,95.0,event
12:10:19.091,0.5690504,0.55689645,0.31574446,1.0155755,0.48289686,0.1258616,0.28671622,0.81518465,0.79356575,0.19220348,0.2296029,0.5535337,1.1274503,0.3216106,0.3733641,1.0612773,0.9722166,0.35103887,0.294264,1.1320776,791.75824,801.4286,810.696,828.8278,780.87915,-0.0198974609375,0.137451171875,0.97882080078125,0.755157470703125,-3.491668701171875,-0.1495361328125,1.0,1.0,1.0,1.0,1.0,95.0,event
12:10:19.091,0.5690504,0.55689645,0.31574446,1.0155755,0.48289686,0.1258616,0.28671622,0.81518465,0.79356575,0.19220348,0.2296029,0.5535337,1.1274503,0.3216106,0.3733641,1.0612773,0.9722166,0.35103887,0.294264,1.1320776,793.7729,803.44324,815.12823,813.91943,726.08057,-0.0198974609375,0.137451171875,0.97882080078125,0.755157470703125,-3.491668701171875,-0.1495361328125,1.0,1.0,1.0,1.0,1.0,95.0,event
12:10:19.119,0.5690504,0.55689645,0.31574446,1.0155755,0.48289686,0.1258616,0.28671622,0.81518465,0.79356575,0.19220348,0.2296029,0.5535337,1.1274503,0.3216106,0.3733641,1.0612773,0.9722166,0.35103887,0.294264,1.1320776,798.60803,804.2491,819.15753,793.7729,699.89014,-0.01422119140625,0.1295166015625,0.97076416015625,1.495361328125,-3.730926513671875,-0.34393310546875,1.0,1.0,1.0,1.0,1.0,95.0,event
12:10:19.120,0.5690504,0.55689645,0.31574446,1.0155755,0.48289686,0.1258616,0.28671622,0.81518465,0.79356575,0.19220348,0.2296029,0.5535337,1.1274503,0.3216106,0.3733641,1.0612773,0.9722166,0.35103887,0.294264,1.1320776,808.68134,806.6667,815.5311,776.4469,675.31134,-0.01422119140625,0.1295166015625,0.97076416015625,1.495361328125,-3.730926513671875,-0.34393310546875,1.0,1.0,1.0,1.0,1.0,95.0,event
12:10:19.121,0.5690504,0.55689645,0.31574446,1.0155755,0.48289686,0.1258616,0.28671622,0.81518465,0.79356575,0.19220348,0.2296029,0.5535337,1.1274503,0.3216106,0.3733641,1.0612773,0.9722166,0.35103887,0.294264,1.1320776,779.67035,791.3553,802.23444,806.26373,722.4542,-0.01422119140625,0.1295166015625,0.97076416015625,1.495361328125,-3.730926513671875,-0.34393310546875,1.0,1.0,1.0,1.0,1.0,95.0,event
12:10:19.121,0.5690504,0.55689645,0.31574446,1.0155755,0.48289686,0.1258616,0.28671622,0.81518465,0.79356575,0.19220348,0.2296029,0.5535337,1.1274503,0.3216106,0.3733641,1.0612773,0.9722166,0.35103887,0.294264,1.1320776,803.44324,800.2198,804.2491,799.011,701.50183,-0.01422119140625,0.1295166015625,0.97076416015625,1.495361328125,-3.730926513671875,-0.34393310546875,1.0,1.0,1.0,1.0,1.0,95.0,event
12:10:19.122,0.5690504,0.55689645,0.31574446,1.0155755,0.48289686,0.1258616,0.28671622,0.81518465,0.79356575,0.19220348,0.2296029,0.5535337,1.1274503,0.3216106,0.3733641,1.0612773,0.9722166,0.35103887,0.294264,1.1320776,790.14655,807.0696,806.26373,788.1319,700.293,-0.01422119140625,0.1295166015625,0.97076416015625,1.495361328125,-3.730926513671875,-0.34393310546875,1.0,1.0,1.0,1.0,1.0,95.0,event
12:10:19.123,0.5690504,0.55689645,0.31574446,1.0155755,0.48289686,0.1258616,0.28671622,0.81518465,0.79356575,0.19220348,0.2296029,0.5535337,1.1274503,0.3216106,0.3733641,1.0612773,0.9722166,0.35103887,0.294264,1.1320776,809.4872,819.15753,801.02563,795.38464,865.89746,-0.01422119140625,0.1295166015625,0.97076416015625,1.495361328125,-3.730926513671875,-0.34393310546875,1.0,1.0,1.0,1.0,1.0,95.0,event
12:10:19.123,0.5690504,0.55689645,0.31574446,1.0155755,0.48289686,0.1258616,0.28671622,0.81518465,0.79356575,0.19220348,0.2296029,0.5535337,1.1274503,0.3216106,0.3733641,1.0612773,0.9722166,0.35103887,0.294264,1.1320776,798.60803,808.2784,797.8022,814.3223,1022.23444,-0.01422119140625,0.1295166015625,0.97076416015625,1.495361328125,-3.730926513671875,-0.34393310546875,1.0,1.0,1.0,1.0,1.0,95.0,event
12:10:19.124,0.61906886,0.5537737,0.3249069,1.0374906,0.4954783,0.12647031,0.285212,0.78106797,0.79356575,0.19220348,0.2296029,0.56369907,1.1060823,0.32896015,0.35927334,1.0698584,0.9819694,0.35089,0.28834155,1.1259221,778.86444,792.96704,805.8608,815.9341,808.2784,-0.01422119140625,0.1295166015625,0.97076416015625,1.495361328125,-3.730926513671875,-0.34393310546875,1.0,1.0,1.0,1.0,1.0,95.0,event
12:10:19.129,0.61906886,0.5537737,0.3249069,1.0374906,0.4954783,0.12647031,0.285212,0.78106797,0.79356575,0.19220348,0.2296029,0.56369907,1.1060823,0.32896015,0.35927334,1.0698584,0.9819694,0.35089,0.28834155,1.1259221,794.17584,795.38464,804.2491,797.3993,700.293,-0.01422119140625,0.1295166015625,0.97076416015625,1.495361328125,-3.730926513671875,-0.34393310546875,1.0,1.0,1.0,1.0,1.0,95.0,event
12:10:19.129,0.61906886,0.5537737,0.3249069,1.0374906,0.4954783,0.12647031,0.285212,0.78106797,0.79356575,0.19220348,0.2296029,0.56369907,1.1060823,0.32896015,0.35927334,1.0698584,0.9819694,0.35089,0.28834155,1.1259221,775.2381,802.23444,808.2784,778.86444,799.011,-0.01422119140625,0.1295166015625,0.97076416015625,1.495361328125,-3.730926513671875,-0.34393310546875,1.0,1.0,1.0,1.0,1.0,95.0,event
12:10:19.130,0.61906886,0.5537737,0.3249069,1.0374906,0.4954783,0.12647031,0.285212,0.78106797,0.79356575,0.19220348,0.2296029,0.56369907,1.1060823,0.32896015,0.35927334,1.0698584,0.9819694,0.35089,0.28834155,1.1259221,751.06226,803.8461,818.7546,760.7326,815.9341,-0.01422119140625,0.1295166015625,0.97076416015625,1.495361328125,-3.730926513671875,-0.34393310546875,1.0,1.0,1.0,1.0,1.0,95.0,event
12:10:19.130,0.61906886,0.5537737,0.3249069,1.0374906,0.4954783,0.12647031,0.285212,0.78106797,0.79356575,0.19220348,0.2296029,0.56369907,1.1060823,0.32896015,0.35927334,1.0698584,0.9819694,0.35089,0.28834155,1.1259221,782.49084,801.8315,815.5311,796.99634,738.97437,-0.01422119140625,0.1295166015625,0.97076416015625,1.495361328125,-3.730926513671875,-0.34393310546875,1.0,1.0,1.0,1.0,1.0,95.0,event
12:10:19.153,0.61906886,0.5537737,0.3249069,1.0374906,0.4954783,0.12647031,0.285212,0.78106797,0.79356575,0.19220348,0.2296029,0.56369907,1.1060823,0.32896015,0.35927334,1.0698584,0.9819694,0.35089,0.28834155,1.1259221,776.04395,804.2491,801.02563,776.04395,778.46155,-0.01397705078125,0.1358642578125,0.969482421875,3.66363525390625,-3.715972900390625,-0.52337646484375,1.0,1.0,1.0,1.0,1.0,95.0,event
12:10:19.153,0.61906886,0.5537737,0.3249069,1.0374906,0.4954783,0.12647031,0.285212,0.78106797,0.79356575,0.19220348,0.2296029,0.56369907,1.1060823,0.32896015,0.35927334,1.0698584,0.9819694,0.35089,0.28834155,1.1259221,790.14655,798.60803,808.68134,804.2491,673.69965,-0.01397705078125,0.1358642578125,0.969482421875,3.66363525390625,-3.715972900390625,-0.52337646484375,1.0,1.0,1.0,1.0,1.0,95.0,event
12:10:19.154,0.61906886,0.5537737,0.3249069,1.0374906,0.4954783,0.12647031,0.285212,0.78106797,0.79356575,0.19220348,0.2296029,0.56369907,1.1060823,0.32896015,0.35927334,1.0698584,0.9819694,0.35089,0.28834155,1.1259221,792.5641,802.23444,805.05493,792.1612,852.1978,-0.01397705078125,0.1358642578125,0.969482421875,3.66363525390625,-3.715972900390625,-0.52337646484375,1.0,1.0,1.0,1.0,1.0,95.0,event
12:10:19.155,0.61906886,0.5537737,0.3249069,1.0374906,0.4954783,0.12647031,0.285212,0.78106797,0.79356575,0.19220348,0.2296029,0.56369907,1.1060823,0.32896015,0.35927334,1.0698584,0.9819694,0.35089,0.28834155,1.1259221,795.78754,795.78754,815.5311,788.5348,698.2784,-0.01397705078125,0.1358642578125,0.969482421875,3.66363525390625,-3.715972900390625,-0.52337646484375,1.0,1.0,1.0,1.0,1.0,95.0,event
12:10:19.155,0.61906886,0.5537737,0.3249069,1.0374906,0.4954783,0.12647031,0.285212,0.78106797,0.79356575,0.19220348,0.2296029,0.56369907,1.1060823,0.32896015,0.35927334,1.0698584,0.9819694,0.35089,0.28834155,1.1259221,781.685,792.96704,807.47253,765.56775,686.99634,-0.01397705078125,0.1358642578125,0.969482421875,3.66363525390625,-3.715972900390625,-0.52337646484375,1.0,1.0,1.0,1.0,1.0,95.0,event
12:10:19.156,0.61906886,0.5537737,0.3249069,1.0374906,0.4954783,0.12647031,0.285212,0.78106797,0.79356575,0.19220348,0.2296029,0.56369907,1.1060823,0.32896015,0.35927334,1.0698584,0.9819694,0.35089,0.28834155,1.1259221,779.2674,792.96704,808.68134,781.685,893.69965,-0.01397705078125,0.1358642578125,0.969482421875,3.66363525390625,-3.715972900390625,-0.52337646484375,1.0,1.0,1.0,1.0,1.0,95.0,event
12:10:19.156,0.61906886,0.5537737,0.3249069,1.0374906,0.4954783,0.12647031,0.285212,0.78106797,0.79356575,0.19220348,0.2296029,0.56369907,1.1060823,0.32896015,0.35927334,1.0698584,0.9819694,0.35089,0.28834155,1.1259221,767.98535,795.78754,811.9048,798.60803,927.5458,-0.01397705078125,0.1358642578125,0.969482421875,3.66363525390625,-3.715972900390625,-0.52337646484375,1.0,1.0,1.0,1.0,1.0,95.0,event
12:10:19.157,0.61906886,0.5537737,0.3249069,1.0374906,0.4954783,0.12647031,0.285212,0.78106797,0.79356575,0.19220348,0.2296029,0.56369907,1.1060823,0.32896015,0.35927334,1.0698584,0.9819694,0.35089,0.28834155,1.1259221,790.54944,798.60803,805.05493,809.89014,819.9634,-0.01397705078125,0.1358642578125,0.969482421875,3.66363525390625,-3.715972900390625,-0.52337646484375,1.0,1.0,1.0,1.0,1.0,95.0,event
12:10:19.158,0.61906886,0.5537737,0.3249069,1.0374906,0.4954783,0.12647031,0.285212,0.78106797,0.79356575,0.19220348,0.2296029,0.56369907,1.1060823,0.32896015,0.35927334,1.0698584,0.9819694,0.35089,0.28834155,1.1259221,795.78754,797.3993,812.71063,804.65204,848.1685,-0.01397705078125,0.1358642578125,0.969482421875,3.66363525390625,-3.715972900390625,-0.52337646484375,1.0,1.0,1.0,1.0,1.0,95.0,event
12:10:19.158,0.61906886,0.5537737,0.3249069,1.0374906,0.4954783,0.12647031,0.285212,0.78106797,0.79356575,0.19220348,0.2296029,0.56369907,1.1060823,0.32896015,0.35927334,1.0698584,0.9819694,0.35089,0.28834155,1.1259221,785.31134,792.96704,819.15753,807.8755,1010.14655,-0.01397705078125,0.1358642578125,0.969482421875,3.66363525390625,-3.715972900390625,-0.52337646484375,1.0,1.0,1.0,1.0,1.0,95.0,event
12:10:19.159,0.61906886,0.5537737,0.3249069,1.0374906,0.4954783,0.12647031,0.285212,0.78106797,0.79356575,0.19220348,0.2296029,0.56369907,1.1060823,0.32896015,0.35927334,1.0698584,0.9819694,0.35089,0.28834155,1.1259221,784.10254,795.38464,819.9634,821.978,973.47986,-0.01397705078125,0.1358642578125,0.969482421875,3.66363525390625,-3.715972900390625,-0.52337646484375,1.0,1.0,1.0,1.0,1.0,95.0,event
12:10:19.160,0.61906886,0.5537737,0.3249069,1.0374906,0.4954783,0.12647031,0.285212,0.78106797,0.79356575,0.19220348,0.2296029,0.56369907,1.1060823,0.32896015,0.35927334,1.0698584,0.9819694,0.35089,0.28834155,1.1259221,778.0586,791.75824,814.7253,809.4872,773.6264,-0.01397705078125,0.1358642578125,0.969482421875,3.66363525390625,-3.715972900390625,-0.52337646484375,1.0,1.0,1.0,1.0,1.0,95.0,event
12:10:19.187,0.61906886,0.5537737,0.3249069,1.0374906,0.4954783,0.12647031,0.285212,0.78106797,0.79356575,0.19220348,0.2296029,0.56369907,1.1060823,0.32896015,0.35927334,1.0698584,0.9819694,0.35089,0.28834155,1.1259221,789.34064,786.52014,815.5311,809.0842,738.1685,-0.0123291015625,0.14556884765625,0.985595703125,3.446807861328125,-4.35150146484375,0.2691650390625,1.0,1.0,1.0,1.0,1.0,95.0,event
12:10:19.188,0.61906886,0.5537737,0.3249069,1.0374906,0.4954783,0.12647031,0.285212,0.78106797,0.79356575,0.19220348,0.2296029,0.56369907,1.1060823,0.32896015,0.35927334,1.0698584,0.9819694,0.35089,0.28834155,1.1259221,786.52014,792.96704,810.696,802.6374,842.52747,-0.0123291015625,0.14556884765625,0.985595703125,3.446807861328125,-4.35150146484375,0.2691650390625,1.0,1.0,1.0,1.0,1.0,95.0,event
12:10:19.189,0.61906886,0.5537737,0.3249069,1.0374906,0.4954783,0.12647031,0.285212,0.78106797,0.79356575,0.19220348,0.2296029,0.56369907,1.1060823,0.32896015,0.35927334,1.0698584,0.9819694,0.35089,0.28834155,1.1259221,787.72894,803.0403,796.5934,759.5238,805.4579,-0.0123291015625,0.14556884765625,0.985595703125,3.446807861328125,-4.35150146484375,0.2691650390625,1.0,1.0,1.0,1.0,1.0,95.0,event
12:10:19.190,0.61906886,0.5537737,0.3249069,1.0374906,0.4954783,0.12647031,0.285212,0.78106797,0.79356575,0.19220348,0.2296029,0.56369907,1.1060823,0.32896015,0.35927334,1.0698584,0.9819694,0.35089,0.28834155,1.1259221,825.6044,813.1135,797.8022,775.2381,672.0879,-0.0123291015625,0.14556884765625,0.985595703125,3.446807861328125,-4.35150146484375,0.2691650390625,1.0,1.0,1.0,1.0,1.0,95.0,event
12:10:19.190,0.61906886,0.5537737,0.3249069,1.0374906,0.4954783,0.12647031,0.285212,0.78106797,0.79356575,0.19220348,0.2296029,0.56369907,1.1060823,0.32896015,0.35927334,1.0698584,0.9819694,0.35089,0.28834155,1.1259221,809.0842,805.05493,809.0842,828.022,729.304,-0.0123291015625,0.14556884765625,0.985595703125,3.446807861328125,-4.35150146484375,0.2691650390625,1.0,1.0,1.0,1.0,1.0,95.0,event
12:10:19.191,0.61906886,0.5537737,0.3249069,1.0374906,0.4954783,0.12647031,0.285212,0.78106797,0.79356575,0.19220348,0.2296029,0.56369907,1.1060823,0.32896015,0.35927334,1.0698584,0.9819694,0.35089,0.28834155,1.1259221,772.01465,795.38464,813.1135,829.6337,892.0879,-0.0123291015625,0.14556884765625,0.985595703125,3.446807861328125,-4.35150146484375,0.2691650390625,1.0,1.0,1.0,1.0,1.0,95.0,event
12:10:19.192,0.61906886,0.5537737,0.3249069,1.0374906,0.4954783,0.12647031,0.285212,0.78106797,0.79356575,0.19220348,0.2296029,0.56369907,1.1060823,0.32896015,0.35927334,1.0698584,0.9819694,0.35089,0.28834155,1.1259221,759.5238,799.81683,813.1135,806.26373,910.2198,-0.0123291015625,0.14556884765625,0.985595703125,3.446807861328125,-4.35150146484375,0.2691650390625,1.0,1.0,1.0,1.0,1.0,95.0,event
12:10:19.192,0.61906886,0.5537737,0.3249069,1.0374906,0.4954783,0.12647031,0.285212,0.78106797,0.79356575,0.19220348,0.2296029,0.56369907,1.1060823,0.32896015,0.35927334,1.0698584,0.9819694,0.35089,0.28834155,1.1259221,776.04395,801.4286,815.9341,795.78754,791.3553,-0.0123291015625,0.14556884765625,0.985595703125,3.446807861328125,-4.35150146484375,0.2691650390625,1.0,1.0,1.0,1.0,1.0,95.0,event
12:10:19.193,0.61906886,0.5537737,0.3249069,1.0374906,0.4954783,0.12647031,0.285212,0.78106797,0.79356575,0.19220348,0.2296029,0.56369907,1.1060823,0.32896015,0.35927334,1.0698584,0.9819694,0.35089,0.28834155,1.1259221,798.60803,800.2198,808.2784,795.78754,839.707,-0.0123291015625,0.14556884765625,0.985595703125,3.446807861328125,-4.35150146484375,0.2691650390625,1.0,1.0,1.0,1.0,1.0,95.0,event
12:10:19.194,0.62435067,0.54764104,0.3464329,1.0374906,0.5124586,0.12630318,0.2790163,0.78106797,0.79356575,0.18970762,0.2296029,0.56369907,1.0957711,0.32936117,0.3487398,1.0698584,0.98270744,0.34397608,0.27220362,1.1259221,806.6667,792.1612,813.91943,812.3077,1003.2967,-0.0123291015625,0.14556884765625,0.985595703125,3.446807861328125,-4.35150146484375,0.2691650390625,1.0,1.0,1.0,1.0,1.0,95.0,event
12:10:19.197,0.62435067,0.54764104,0.3464329,1.0374906,0.5124586,0.12630318,0.2790163,0.78106797,0.79356575,0.18970762,0.2296029,0.56369907,1.0957711,0.32936117,0.3487398,1.0698584,0.98270744,0.34397608,0.27220362,1.1259221,783.2967,787.72894,821.5751,813.91943,803.8461,-0.0123291015625,0.14556884765625,0.985595703125,3.446807861328125,-4.35150146484375,0.2691650390625,1.0,1.0,1.0,1.0,1.0,95.0,event
12:10:19.197,0.62435067,0.54764104,0.3464329,1.0374906,0.5124586,0.12630318,0.2790163,0.78106797,0.79356575,0.18970762,0.2296029,0.56369907,1.0957711,0.32936117,0.3487398,1.0698584,0.98270744,0.34397608,0.27220362,1.1259221,776.4469,801.4286,811.9048,790.9524,716.4103,-0.0123291015625,0.14556884765625,0.985595703125,3.446807861328125,-4.35150146484375,0.2691650390625,1.0,1.0,1.0,1.0,1.0,95.0,event
12:10:19.250,0.62435067,0.54764104,0.3464329,1.0374906,0.5124586,0.12630318,0.2790163,0.78106797,0.79356575,0.18970762,0.2296029,0.56369907,1.0957711,0.32936117,0.3487398,1.0698584,0.98270744,0.34397608,0.27220362,1.1259221,772.01465,804.2491,814.3223,781.28204,784.90845,-0.02203369140625,0.14794921875,0.9842529296875,1.12152099609375,-3.985137939453125,0.022430419921875,1.0,1.0,1.0,1.0,1.0,95.0,event
12:10:19.251,0.62435067,0.54764104,0.3464329,1.0374906,0.5124586,0.12630318,0.2790163,0.78106797,0.79356575,0.18970762,0.2296029,0.56369907,1.0957711,0.32936117,0.3487398,1.0698584,0.98270744,0.34397608,0.27220362,1.1259221,774.43225,800.6227,818.7546,800.2198,760.32965,-0.02203369140625,0.14794921875,0.9842529296875,1.12152099609375,-3.985137939453125,0.022430419921875,1.0,1.0,1.0,1.0,1.0,95.0,event
12:10:19.252,0.62435067,0.54764104,0.3464329,1.0374906,0.5124586,0.12630318,0.2790163,0.78106797,0.79356575,0.18970762,0.2296029,0.56369907,1.0957711,0.32936117,0.3487398,1.0698584,0.98270744,0.34397608,0.27220362,1.1259221,783.2967,798.60803,807.47253,809.4872,712.381,-0.02203369140625,0.14794921875,0.9842529296875,1.12152099609375,-3.985137939453125,0.022430419921875,1.0,1.0,1.0,1.0,1.0,95.0,event
12:10:19.253,0.62435067,0.54764104,0.3464329,1.0374906,0.5124586,0.12630318,0.2790163,0.78106797,0.79356575,0.18970762,0.2296029,0.56369907,1.0957711,0.32936117,0.3487398,1.0698584,0.98270744,0.34397608,0.27220362,1.1259221,784.5055,796.1905,804.2491,803.44324,720.84247,-0.02203369140625,0.14794921875,0.9842529296875,1.12152099609375,-3.985137939453125,0.022430419921875,1.0,1.0,1.0,1.0,1.0,95.0,event
12:10:19.253,0.62435067,0.54764104,0.3464329,1.0374906,0.5124586,0.12630318,0.2790163,0.78106797,0.79356575,0.18970762,0.2296029,0.56369907,1.0957711,0.32936117,0.3487398,1.0698584,0.98270744,0.34397608,0.27220362,1.1259221,783.69965,799.011,803.44324,798.60803,915.05493,-0.02203369140625,0.14794921875,0.9842529296875,1.12152099609375,-3.985137939453125,0.022430419921875,1.0,1.0,1.0,1.0,1.0,95.0,event
12:10:19.254,0.62435067,0.54764104,0.3464329,1.0374906,0.5124586,0.12630318,0.2790163,0.78106797,0.79356575,0.18970762,0.2296029,0.56369907,1.0957711,0.32936117,0.3487398,1.0698584,0.98270744,0.34397608,0.27220362,1.1259221,767.1795,799.011,806.26373,774.83514,1002.0879,-0.02203369140625,0.14794921875,0.9842529296875,1.12152099609375,-3.985137939453125,0.022430419921875,1.0,1.0,1.0,1.0,1.0,95.0,event
12:10:19.254,0.62435067,0.54764104,0.3464329,1.0374906,0.5124586,0.12630318,0.2790163,0.78106797,0.79356575,0.18970762,0.2296029,0.56369907,1.0957711,0.32936117,0.3487398,1.0698584,0.98270744,0.34397608,0.27220362,1.1259221,765.56775,801.02563,811.9048,758.71796,906.1905,-0.02203369140625,0.14794921875,0.9842529296875,1.12152099609375,-3.985137939453125,0.022430419921875,1.0,1.0,1.0,1.0,1.0,95.0,event
12:10:19.255,0.62435067,0.54764104,0.3464329,1.0374906,0.5124586,0.12630318,0.2790163,0.78106797,0.79356575,0.18970762,0.2296029,0.56369907,1.0957711,0.32936117,0.3487398,1.0698584,0.98270744,0.34397608,0.27220362,1.1259221,794.17584,800.6227,807.47253,772.01465,916.6667,-0.02203369140625,0.14794921875,0.9842529296875,1.12152099609375,-3.985137939453125,0.022430419921875,1.0,1.0,1.0,1.0,1.0,95.0,event
12:10:19.255,0.62435067,0.54764104,0.3464329,1.0374906,0.5124586,0.12630318,0.2790163,0.78106797,0.79356575,0.18970762,0.2296029,0.56369907,1.0957711,0.32936117,0.3487398,1.0698584,0.98270744,0.34397608,0.27220362,1.1259221,793.7729,802.6374,800.6227,795.38464,1060.1099,-0.02203369140625,0.14794921875,0.9842529296875,1.12152099609375,-3.985137939453125,0.022430419921875,1.0,1.0,1.0,1.0,1.0,95.0,event
12:10:19.256,0.62435067,0.54764104,0.3464329,1.0374906,0.5124586,0.12630318,0.2790163,0.78106797,0.79356575,0.18970762,0.2296029,0.56369907,1.0957711,0.32936117,0.3487398,1.0698584,0.98270744,0.34397608,0.27220362,1.1259221,772.01465,803.8461,806.26373,803.0403,968.6447,-0.02203369140625,0.14794921875,0.9842529296875,1.12152099609375,-3.985137939453125,0.022430419921875,1.0,1.0,1.0,1.0,1.0,95.0,event
12:10:19.256,0.62435067,0.54764104,0.3464329,1.0374906,0.5124586,0.12630318,0.2790163,0.78106797,0.79356575,0.18970762,0.2296029,0.56369907,1.0957711,0.32936117,0.3487398,1.0698584,0.98270744,0.34397608,0.27220362,1.1259221,789.34064,808.68134,809.89014,778.46155,714.3956,-0.02203369140625,0.14794921875,0.9842529296875,1.12152099609375,-3.985137939453125,0.022430419921875,1.0,1.0,1.0,1.0,1.0,95.0,event
12:10:19.257,0.62435067,0.54764104,0.3464329,1.0374906,0.5124586,0.12630318,0.2790163,0.78106797,0.79356575,0.18970762,0.2296029,0.56369907,1.0957711,0.32936117,0.3487398,1.0698584,0.98270744,0.34397608,0.27220362,1.1259221,777.6557,805.4579,813.1135,778.86444,702.3077,-0.02203369140625,0.14794921875,0.9842529296875,1.12152099609375,-3.985137939453125,0.022430419921875,1.0,1.0,1.0,1.0,1.0,95.0,event
12:10:19.286,0.62435067,0.54764104,0.3464329,1.0374906,0.5124586,0.12630318,0.2790163,0.78106797,0.79356575,0.18970762,0.2296029,0.56369907,1.0957711,0.32936117,0.3487398,1.0698584,0.98270744,0.34397608,0.27220362,1.1259221,772.01465,799.41394,815.12823,796.99634,747.4359,-0.02203369140625,0.14794921875,0.9842529296875,1.12152099609375,-3.985137939453125,0.022430419921875,1.0,1.0,1.0,1.0,1.0,95.0,event
12:10:19.286,0.62435067,0.54764104,0.3464329,1.0374906,0.5124586,0.12630318,0.2790163,0.78106797,0.79356575,0.18970762,0.2296029,0.56369907,1.0957711,0.32936117,0.3487398,1.0698584,0.98270744,0.34397608,0.27220362,1.1259221,789.7436,798.20514,807.47253,784.90845,712.381,-0.02203369140625,0.14794921875,0.9842529296875,1.12152099609375,-3.985137939453125,0.022430419921875,1.0,1.0,1.0,1.0,1.0,95.0,event
12:10:19.287,0.62435067,0.54764104,0.3464329,1.0374906,0.5124586,0.12630318,0.2790163,0.78106797,0.79356575,0.18970762,0.2296029,0.56369907,1.0957711,0.32936117,0.3487398,1.0698584,0.98270744,0.34397608,0.27220362,1.1259221,782.49084,792.5641,813.5165,791.75824,668.0586,-0.02203369140625,0.14794921875,0.9842529296875,1.12152099609375,-3.985137939453125,0.022430419921875,1.0,1.0,1.0,1.0,1.0,95.0,event
12:10:19.288,0.62435067,0.54764104,0.3464329,1.0374906,0.5124586,0.12630318,0.2790163,0.78106797,0.79356575,0.18970762,0.2296029,0.56369907,1.0957711,0.32936117,0.3487398,1.0698584,0.98270744,0.34397608,0.27220362,1.1259221,779.2674,799.011,806.6667,805.8608,773.6264,-0.02203369140625,0.14794921875,0.9842529296875,1.12152099609375,-3.985137939453125,0.022430419921875,1.0,1.0,1.0,1.0,1.0,95.0,event
12:10:19.288,0.62435067,0.54764104,0.3464329,1.0374906,0.5124586,0.12630318,0.2790163,0.78106797,0.79356575,0.18970762,0.2296029,0.56369907,1.0957711,0.32936117,0.3487398,1.0698584,0.98270744,0.34397608,0.27220362,1.1259221,789.7436,792.96704,800.6227,792.1612,850.18317,-0.02203369140625,0.14794921875,0.9842529296875,1.12152099609375,-3.985137939453125,0.022430419921875,1.0,1.0,1.0,1.0,1.0,95.0,event
12:10:19.289,0.62435067,0.54764104,0.3464329,1.0374906,0.5124586,0.12630318,0.2790163,0.78106797,0.79356575,0.18970762,0.2296029,0.56369907,1.0957711,0.32936117,0.3487398,1.0698584,0.98270744,0.34397608,0.27220362,1.1259221,794.17584,786.9231,807.8755,793.36993,798.20514,-0.02203369140625,0.14794921875,0.9842529296875,1.12152099609375,-3.985137939453125,0.022430419921875,1.0,1.0,1.0,1.0,1.0,95.0,event
12:10:19.289,0.62435067,0.54764104,0.3464329,1.0374906,0.5124586,0.12630318,0.2790163,0.78106797,0.79356575,0.18970762,0.2296029,0.56369907,1.0957711,0.32936117,0.3487398,1.0698584,0.98270744,0.34397608,0.27220362,1.1259221,802.23444,810.293,800.6227,803.44324,785.7143,-0.02203369140625,0.14794921875,0.9842529296875,1.12152099609375,-3.985137939453125,0.022430419921875,1.0,1.0,1.0,1.0,1.0,95.0,event
12:10:19.290,0.62435067,0.54764104,0.3464329,1.0374906,0.5124586,0.12630318,0.2790163,0.78106797,0.79356575,0.18970762,0.2296029,0.56369907,1.0957711,0.32936117,0.3487398,1.0698584,0.98270744,0.34397608,0.27220362,1.1259221,801.4286,815.12823,801.8315,805.8608,889.67035,-0.02203369140625,0.14794921875,0.9842529296875,1.12152099609375,-3.985137939453125,0.022430419921875,1.0,1.0,1.0,1.0,1.0,95.0,event
12:10:19.291,0.62435067,0.54764104,0.3464329,1.0374906,0.5124586,0.12630318,0.2790163,0.78106797,0.79356575,0.18970762,0.2296029,0.56369907,1.0957711,0.32936117,0.3487398,1.0698584,0.98270744,0.34397608,0.27220362,1.1259221,792.96704,803.8461,809.0842,802.6374,1096.3737,-0.02203369140625,0.14794921875,0.9842529296875,1.12152099609375,-3.985137939453125,0.022430419921875,1.0,1.0,1.0,1.0,1.0,95.0,event
12:10:19.291,0.62435067,0.54764104,0.3464329,1.0374906,0.5124586,0.12630318,0.2790163,0.78106797,0.79356575,0.18970762,0.2296029,0.56369907,1.0957711,0.32936117,0.3487398,1.0698584,0.98270744,0.34397608,0.27220362,1.1259221,761.53845,802.6374,807.0696,797.3993,881.6117,-0.02203369140625,0.14794921875,0.9842529296875,1.12152099609375,-3.985137939453125,0.022430419921875,1.0,1.0,1.0,1.0,1.0,95.0,event
12:10:19.292,0.6252674,0.5350627,0.36510146,1.0374906,0.53266984,0.12608662,0.261328,0.78106797,0.79356575,0.18720366,0.2296029,0.56369907,1.0896848,0.32834113,0.34598622,1.0698584,0.9807087,0.33697683,0.250245,1.1259221,788.1319,803.44324,812.71063,804.2491,818.7546,-0.02203369140625,0.14794921875,0.9842529296875,1.12152099609375,-3.985137939453125,0.022430419921875,1.0,1.0,1.0,1.0,1.0,95.0,event
12:10:19.292,0.62435067,0.54764104,0.3464329,1.0374906,0.5124586,0.12630318,0.2790163,0.78106797,0.79356575,0.18970762,0.2296029,0.56369907,1.0957711,0.32936117,0.3487398,1.0698584,0.98270744,0.34397608,0.27220362,1.1259221,755.89746,803.44324,812.71063,811.0989,707.5458,-0.02203369140625,0.14794921875,0.9842529296875,1.12152099609375,-3.985137939453125,0.022430419921875,1.0,1.0,1.0,1.0,1.0,95.0,event
12:10:19.320,0.6252674,0.5350627,0.36510146,1.0374906,0.53266984,0.12608662,0.261328,0.78106797,0.79356575,0.18720366,0.2296029,0.56369907,1.0896848,0.32834113,0.34598622,1.0698584,0.9807087,0.33697683,0.250245,1.1259221,819.15753,802.6374,801.4286,791.75824,786.9231,-0.01220703125,0.1329345703125,0.97412109375,0.336456298828125,-3.887939453125,-1.136474609375,1.0,1.0,1.0,1.0,1.0,95.0,event
12:10:19.321,0.6252674,0.5350627,0.36510146,1.0374906,0.53266984,0.12608662,0.261328,0.78106797,0.79356575,0.18720366,0.2296029,0.56369907,1.0896848,0.32834113,0.34598622,1.0698584,0.9807087,0.33697683,0.250245,1.1259221,810.696,801.8315,800.2198,794.57874,748.6447,-0.01220703125,0.1329345703125,0.97412109375,0.336456298828125,-3.887939453125,-1.136474609375,1.0,1.0,1.0,1.0,1.0,95.0,event
12:10:19.322,0.6252674,0.5350627,0.36510146,1.0374906,0.53266984,0.12608662,0.261328,0.78106797,0.79356575,0.18720366,0.2296029,0.56369907,1.0896848,0.32834113,0.34598622,1.0698584,0.9807087,0.33697683,0.250245,1.1259221,782.0879,796.99634,801.02563,795.38464,753.47986,-0.01220703125,0.1329345703125,0.97412109375,0.336456298828125,-3.887939453125,-1.136474609375,1.0,1.0,1.0,1.0,1.0,95.0,event
12:10:19.322,0.6252674,0.5350627,0.36510146,1.0374906,0.53266984,0.12608662,0.261328,0.78106797,0.79356575,0.18720366,0.2296029,0.56369907,1.0896848,0.32834113,0.34598622,1.0698584,0.9807087,0.33697683,0.250245,1.1259221,767.1795,792.96704,805.8608,805.05493,767.1795,-0.01220703125,0.1329345703125,0.97412109375,0.336456298828125,-3.887939453125,-1.136474609375,1.0,1.0,1.0,1.0,1.0,95.0,event
12:10:19.323,0.6252674,0.5350627,0.36510146,1.0374906,0.53266984,0.12608662,0.261328,0.78106797,0.79356575,0.18720366,0.2296029,0.56369907,1.0896848,0.32834113,0.34598622,1.0698584,0.9807087,0.33697683,0.250245,1.1259221,755.89746,795.78754,816.337,804.2491,760.32965,-0.01220703125,0.1329345703125,0.97412109375,0.336456298828125,-3.887939453125,-1.136474609375,1.0,1.0,1.0,1.0,1.0,95.0,event
12:10:19.323,0.6252674,0.5350627,0.36510146,1.0374906,0.53266984,0.12608662,0.261328,0.78106797,0.79356575,0.18720366,0.2296029,0.56369907,1.0896848,0.32834113,0.34598622,1.0698584,0.9807087,0.33697683,0.250245,1.1259221,770.80585,792.1612,811.50183,801.4286,824.3956,-0.01220703125,0.1329345703125,0.97412109375,0.336456298828125,-3.887939453125,-1.136474609375,1.0,1.0,1.0,1.0,1.0,95.0,event
12:10:19.324,0.6252674,0.5350627,0.36510146,1.0374906,0.53266984,0.12608662,0.261328,0.78106797,0.79356575,0.18720366,0.2296029,0.56369907,1.0896848,0.32834113,0.34598622,1.0698584,0.9807087,0.33697683,0.250245,1.1259221,780.87915,799.011,809.0842,798.20514,843.73627,-0.01220703125,0.1329345703125,0.97412109375,0.336456298828125,-3.887939453125,-1.136474609375,1.0,1.0,1.0,1.0,1.0,95.0,event
12:10:19.325,0.6252674,0.5350627,0.36510146,1.0374906,0.53266984,0.12608662,0.261328,0.78106797,0.79356575,0.18720366,0.2296029,0.56369907,1.0896848,0.32834113,0.34598622,1.0698584,0.9807087,0.33697683,0.250245,1.1259221,782.0879,808.68134,807.47253,798.20514,975.4945,-0.01220703125,0.1329345703125,0.97412109375,0.336456298828125,-3.887939453125,-1.136474609375,1.0,1.0,1.0,1.0,1.0,95.0,event
12:10:19.325,0.6252674,0.5350627,0.36510146,1.0374906,0.53266984,0.12608662,0.261328,0.78106797,0.79356575,0.18720366,0.2296029,0.56369907,1.0896848,0.32834113,0.34598622,1.0698584,0.9807087,0.33697683,0.250245,1.1259221,781.685,807.0696,807.47253,783.2967,977.1062,-0.01220703125,0.1329345703125,0.97412109375,0.336456298828125,-3.887939453125,-1.136474609375,1.0,1.0,1.0,1.0,1.0,95.0,event
12:10:19.326,0.6252674,0.5350627,0.36510146,1.0374906,0.53266984,0.12608662,0.261328,0.78106797,0.79356575,0.18720366,0.2296029,0.56369907,1.0896848,0.32834113,0.34598622,1.0698584,0.9807087,0.33697683,0.250245,1.1259221,792.96704,790.14655,805.05493,811.0989,712.381,-0.01220703125,0.1329345703125,0.97412109375,0.336456298828125,-3.887939453125,-1.136474609375,1.0,1.0,1.0,1.0,1.0,95.0,event
12:10:19.326,0.6252674,0.5350627,0.36510146,1.0374906,0.53266984,0.12608662,0.261328,0.78106797,0.79356575,0.18720366,0.2296029,0.56369907,1.0896848,0.32834113,0.34598622,1.0698584,0.9807087,0.33697683,0.250245,1.1259221,780.4762,795.38464,808.68134,781.28204,713.5897,-0.01220703125,0.1329345703125,0.97412109375,0.336456298828125,-3.887939453125,-1.136474609375,1.0,1.0,1.0,1.0,1.0,95.0,event
12:10:19.327,0.6252674,0.5350627,0.36510146,1.0374906,0.53266984,0.12608662,0.261328,0.78106797,0.79356575,0.18720366,0.2296029,0.56369907,1.0896848,0.32834113,0.34598622,1.0698584,0.9807087,0.33697683,0.250245,1.1259221,796.99634,799.41394,804.2491,811.0989,780.4762,-0.01220703125,0.1329345703125,0.97412109375,0.336456298828125,-3.887939453125,-1.136474609375,1.0,1.0,1.0,1.0,1.0,95.0,event
12:10:19.390,0.6252674,0.5350627,0.36510146,1.0374906,0.53266984,0.12608662,0.261328,0.78106797,0.79356575,0.18720366,0.2296029,0.56369907,1.0896848,0.32834113,0.34598622,1.0698584,0.9807087,0.33697683,0.250245,1.1259221,805.8608,805.05493,806.6667,787.326,763.95605,-0.01983642578125,0.130126953125,0.9755859375,1.734619140625,-3.648681640625,-0.1495361328125,1.0,1.0,1.0,1.0,1.0,95.0,event
12:10:19.391,0.6252674,0.5350627,0.36510146,1.0374906,0.53266984,0.12608662,0.261328,0.78106797,0.79356575,0.18720366,0.2296029,0.56369907,1.0896848,0.32834113,0.34598622,1.0698584,0.9807087,0.33697683,0.250245,1.1259221,796.99634,808.68134,809.0842,783.2967,698.2784,-0.01983642578125,0.130126953125,0.9755859375,1.734619140625,-3.648681640625,-0.1495361328125,1.0,1.0,1.0,1.0,1.0,95.0,event
12:10:19.391,0.6252674,0.5350627,0.36510146,1.0374906,0.53266984,0.12608662,0.261328,0.78106797,0.79356575,0.18720366,0.2296029,0.56369907,1.0896848,0.32834113,0.34598622,1.0698584,0.9807087,0.33697683,0.250245,1.1259221,778.46155,805.4579,811.9048,787.326,713.5897,-0.01983642578125,0.130126953125,0.9755859375,1.734619140625,-3.648681640625,-0.1495361328125,1.0,1.0,1.0,1.0,1.0,95.0,event
12:10:19.392,0.6252674,0.5350627,0.36510146,1.0374906,0.53266984,0.12608662,0.261328,0.78106797,0.79356575,0.18720366,0.2296029,0.56369907,1.0896848,0.32834113,0.34598622,1.0698584,0.9807087,0.33697683,0.250245,1.1259221,767.98535,799.81683,810.293,767.98535,792.1612,-0.01983642578125,0.130126953125,0.9755859375,1.734619140625,-3.648681640625,-0.1495361328125,1.0,1.0,1.0,1.0,1.0,95.0,event
12:10:19.393,0.6252674,0.5350627,0.36510146,1.0374906,0.53266984,0.12608662,0.261328,0.78106797,0.79356575,0.18720366,0.2296029,0.56369907,1.0896848,0.32834113,0.34598622,1.0698584,0.9807087,0.33697683,0.250245,1.1259221,779.67035,805.4579,813.5165,793.7729,822.381,-0.01983642578125,0.130126953125,0.9755859375,1.734619140625,-3.648681640625,-0.1495361328125,1.0,1.0,1.0,1.0,1.0,95.0,event
12:10:19.393,0.6252674,0.5350627,0.36510146,1.0374906,0.53266984,0.12608662,0.261328,0.78106797,0.79356575,0.18720366,0.2296029,0.56369907,1.0896848,0.32834113,0.34598622,1.0698584,0.9807087,0.33697683,0.250245,1.1259221,803.0403,803.44324,816.337,809.89014,797.8022,-0.01983642578125,0.130126953125,0.9755859375,1.734619140625,-3.648681640625,-0.1495361328125,1.0,1.0,1.0,1.0,1.0,95.0,event
12:10:19.394,0.6252674,0.5350627,0.36510146,1.0374906,0.53266984,0.12608662,0.261328,0.78106797,0.79356575,0.18720366,0.2296029,0.56369907,1.0896848,0.32834113,0.34598622,1.0698584,0.9807087,0.33697683,0.250245,1.1259221,801.8315,803.44324,804.65204,781.685,801.8315,-0.01983642578125,0.130126953125,0.9755859375,1.734619140625,-3.648681640625,-0.1495361328125,1.0,1.0,1.0,1.0,1.0,95.0,event
12:10:19.395,0.6252674,0.5350627,0.36510146,1.0374906,0.53266984,0.12608662,0.261328,0.78106797,0.79356575,0.18720366,0.2296029,0.56369907,1.0896848,0.32834113,0.34598622,1.0698584,0.9807087,0.33697683,0.250245,1.1259221,791.3553,809.0842,799.011,786.9231,967.03296,-0.01983642578125,0.130126953125,0.9755859375,1.734619140625,-3.648681640625,-0.1495361328125,1.0,1.0,1.0,1.0,1.0,95.0,event
12:10:19.395,0.6252674,0.5350627,0.36510146,1.0374906,0.53266984,0.12608662,0.261328,0.78106797,0.79356575,0.18720366,0.2296029,0.56369907,1.0896848,0.32834113,0.34598622,1.0698584,0.9807087,0.33697683,0.250245,1.1259221,791.75824,811.50183,799.81683,795.78754,805.8608,-0.01983642578125,0.130126953125,0.9755859375,1.734619140625,-3.648681640625,-0.1495361328125,1.0,1.0,1.0,1.0,1.0,95.0,event
12:10:19.396,0.6252674,0.5350627,0.36510146,1.0374906,0.53266984,0.12608662,0.261328,0.78106797,0.79356575,0.18720366,0.2296029,0.56369907,1.0896848,0.32834113,0.34598622,1.0698584,0.9807087,0.33697683,0.250245,1.1259221,784.5055,809.4872,802.23444,797.3993,701.0989,-0.01983642578125,0.130126953125,0.9755859375,1.734619140625,-3.648681640625,-0.1495361328125,1.0,1.0,1.0,1.0,1.0,95.0,event
12:10:19.397,0.6252674,0.5350627,0.36510146,1.0374906,0.53266984,0.12608662,0.261328,0.78106797,0.79356575,0.18720366,0.2296029,0.56369907,1.0896848,0.32834113,0.34598622,1.0698584,0.9807087,0.33697683,0.250245,1.1259221,768.3883,801.8315,797.3993,807.47253,860.2564,-0.01983642578125,0.130126953125,0.9755859375,1.734619140625,-3.648681640625,-0.1495361328125,1.0,1.0,1.0,1.0,1.0,95.0,event
12:10:19.397,0.6252674,0.5350627,0.36510146,1.0374906,0.53266984,0.12608662,0.261328,0.78106797,0.79356575,0.18720366,0.2296029,0.56369907,1.0896848,0.32834113,0.34598622,1.0698584,0.9807087,0.33697683,0.250245,1.1259221,772.4176,792.96704,801.8315,796.5934,840.9158,-0.01983642578125,0.130126953125,0.9755859375,1.734619140625,-3.648681640625,-0.1495361328125,1.0,1.0,1.0,1.0,1.0,95.0,event
12:10:19.423,0.6252674,0.5350627,0.36510146,1.0374906,0.53266984,0.12608662,0.261328,0.78106797,0.79356575,0.18720366,0.2296029,0.56369907,1.0896848,0.32834113,0.34598622,1.0698584,0.9807087,0.33697683,0.250245,1.1259221,794.17584,788.93774,812.3077,772.8205,717.619,-0.01983642578125,0.13604736328125,0.97564697265625,2.25799560546875,-4.23187255859375,-0.336456298828125,1.0,1.0,1.0,1.0,1.0,95.0,event
12:10:19.424,0.62022424,0.5151713,0.36769497,1.0374906,0.5537212,0.12371757,0.22416195,0.78106797,0.79293346,0.18720366,0.2296029,0.56369907,1.0852306,0.32860622,0.3499214,1.0698584,0.9751099,0.33092535,0.22864696,1.1259221,794.57874,796.5934,807.8755,781.685,689.011,-0.01983642578125,0.13604736328125,0.97564697265625,2.25799560546875,-4.23187255859375,-0.336456298828125,1.0,1.0,1.0,1.0,1.0,95.0,event
12:10:19.429,0.62022424,0.5151713,0.36769497,1.0374906,0.5537212,0.12371757,0.22416195,0.78106797,0.79293346,0.18720366,0.2296029,0.56369907,1.0852306,0.32860622,0.3499214,1.0698584,0.9751099,0.33092535,0.22864696,1.1259221,778.0586,807.0696,805.8608,786.9231,814.3223,-0.01983642578125,0.13604736328125,0.97564697265625,2.25799560546875,-4.23187255859375,-0.336456298828125,1.0,1.0,1.0,1.0,1.0,95.0,event
12:10:19.430,0.62022424,0.5151713,0.36769497,1.0374906,0.5537212,0.12371757,0.22416195,0.78106797,0.79293346,0.18720366,0.2296029,0.56369907,1.0852306,0.32860622,0.3499214,1.0698584,0.9751099,0.33092535,0.22864696,1.1259221,785.7143,807.47253,801.8315,779.67035,818.3516,-0.01983642578125,0.13604736328125,0.97564697265625,2.25799560546875,-4.23187255859375,-0.336456298828125,1.0,1.0,1.0,1.0,1.0,95.0,event
12:10:19.431,0.62022424,0.5151713,0.36769497,1.0374906,0.5537212,0.12371757,0.22416195,0.78106797,0.79293346,0.18720366,0.2296029,0.56369907,1.0852306,0.32860622,0.3499214,1.0698584,0.9751099,0.33092535,0.22864696,1.1259221,796.99634,807.0696,794.57874,792.1612,709.5604,-0.01983642578125,0.13604736328125,0.97564697265625,2.25799560546875,-4.23187255859375,-0.336456298828125,1.0,1.0,1.0,1.0,1.0,95.0,event
12:10:19.432,0.62022424,0.5151713,0.36769497,1.0374906,0.5537212,0.12371757,0.22416195,0.78106797,0.79293346,0.18720366,0.2296029,0.56369907,1.0852306,0.32860622,0.3499214,1.0698584,0.9751099,0.33092535,0.22864696,1.1259221,786.1172,813.5165,796.5934,803.8461,832.0513,-0.01983642578125,0.13604736328125,0.97564697265625,2.25799560546875,-4.23187255859375,-0.336456298828125,1.0,1.0,1.0,1.0,1.0,95.0,event
12:10:19.433,0.62022424,0.5151713,0.36769497,1.0374906,0.5537212,0.12371757,0.22416195,0.78106797,0.79293346,0.18720366,0.2296029,0.56369907,1.0852306,0.32860622,0.3499214,1.0698584,0.9751099,0.33092535,0.22864696,1.1259221,783.69965,803.44324,805.05493,792.96704,1101.2087,-0.01983642578125,0.13604736328125,0.97564697265625,2.25799560546875,-4.23187255859375,-0.336456298828125,1.0,1.0,1.0,1.0,1.0,95.0,event
12:10:19.434,0.62022424,0.5151713,0.36769497,1.0374906,0.5537212,0.12371757,0.22416195,0.78106797,0.79293346,0.18720366,0.2296029,0.56369907,1.0852306,0.32860622,0.3499214,1.0698584,0.9751099,0.33092535,0.22864696,1.1259221,806.6667,796.99634,806.26373,778.0586,998.46155,-0.01983642578125,0.13604736328125,0.97564697265625,2.25799560546875,-4.23187255859375,-0.336456298828125,1.0,1.0,1.0,1.0,1.0,95.0,event
12:10:19.435,0.62022424,0.5151713,0.36769497,1.0374906,0.5537212,0.12371757,0.22416195,0.78106797,0.79293346,0.18720366,0.2296029,0.56369907,1.0852306,0.32860622,0.3499214,1.0698584,0.9751099,0.33092535,0.22864696,1.1259221,785.31134,802.23444,799.011,794.57874,750.2564,-0.01983642578125,0.13604736328125,0.97564697265625,2.25799560546875,-4.23187255859375,-0.336456298828125,1.0,1.0,1.0,1.0,1.0,95.0,event
12:10:19.435,0.62022424,0.5151713,0.36769497,1.0374906,0.5537212,0.12371757,0.22416195,0.78106797,0.79293346,0.18720366,0.2296029,0.56369907,1.0852306,0.32860622,0.3499214,1.0698584,0.9751099,0.33092535,0.22864696,1.1259221,803.44324,807.0696,801.4286,787.72894,751.4652,-0.01983642578125,0.13604736328125,0.97564697265625,2.25799560546875,-4.23187255859375,-0.336456298828125,1.0,1.0,1.0,1.0,1.0,95.0,event
12:10:19.436,0.62022424,0.5151713,0.36769497,1.0374906,0.5537212,0.12371757,0.22416195,0.78106797,0.79293346,0.18720366,0.2296029,0.56369907,1.0852306,0.32860622,0.3499214,1.0698584,0.9751099,0.33092535,0.22864696,1.1259221,788.1319,794.9817,803.8461,796.1905,790.54944,-0.01983642578125,0.13604736328125,0.97564697265625,2.25799560546875,-4.23187255859375,-0.336456298828125,1.0,1.0,1.0,1.0,1.0,95.0,event
12:10:19.437,0.62022424,0.5151713,0.36769497,1.0374906,0.5537212,0.12371757,0.22416195,0.78106797,0.79293346,0.18720366,0.2296029,0.56369907,1.0852306,0.32860622,0.3499214,1.0698584,0.9751099,0.33092535,0.22864696,1.1259221,806.6667,796.1905,804.2491,820.7692,805.8608,-0.01983642578125,0.13604736328125,0.97564697265625,2.25799560546875,-4.23187255859375,-0.336456298828125,1.0,1.0,1.0,1.0,1.0,95.0,event
12:10:19.459,0.62022424,0.5151713,0.36769497,1.0374906,0.5537212,0.12371757,0.22416195,0.78106797,0.79293346,0.18720366,0.2296029,0.56369907,1.0852306,0.32860622,0.3499214,1.0698584,0.9751099,0.33092535,0.22864696,1.1259221,825.6044,800.6227,807.8755,838.9011,767.98535,-0.0240478515625,0.1375732421875,0.9884033203125,1.18133544921875,-3.48419189453125,-2.27294921875,1.0,1.0,1.0,1.0,1.0,95.0,event
12:10:19.460,0.62022424,0.5151713,0.36769497,1.0374906,0.5537212,0.12371757,0.22416195,0.78106797,0.79293346,0.18720366,0.2296029,0.56369907,1.0852306,0.32860622,0.3499214,1.0698584,0.9751099,0.33092535,0.22864696,1.1259221,816.7399,800.6227,809.4872,796.5934,875.16486,-0.0240478515625,0.1375732421875,0.9884033203125,1.18133544921875,-3.48419189453125,-2.27294921875,1.0,1.0,1.0,1.0,1.0,95.0,event
12:10:19.461,0.62022424,0.5151713,0.36769497,1.0374906,0.5537212,0.12371757,0.22416195,0.78106797,0.79293346,0.18720366,0.2296029,0.56369907,1.0852306,0.32860622,0.3499214,1.0698584,0.9751099,0.33092535,0.22864696,1.1259221,796.99634,802.6374,801.4286,765.9707,994.43225,-0.0240478515625,0.1375732421875,0.9884033203125,1.18133544921875,-3.48419189453125,-2.27294921875,1.0,1.0,1.0,1.0,1.0,95.0,event
12:10:19.461,0.62022424,0.5151713,0.36769497,1.0374906,0.5537212,0.12371757,0.22416195,0.78106797,0.79293346,0.18720366,0.2296029,0.56369907,1.0852306,0.32860622,0.3499214,1.0698584,0.9751099,0.33092535,0.22864696,1.1259221,790.14655,805.8608,797.3993,779.67035,871.13556,-0.0240478515625,0.1375732421875,0.9884033203125,1.18133544921875,-3.48419189453125,-2.27294921875,1.0,1.0,1.0,1.0,1.0,95.0,event
12:10:19.462,0.62022424,0.5151713,0.36769497,1.0374906,0.5537212,0.12371757,0.22416195,0.78106797,0.79293346,0.18720366,0.2296029,0.56369907,1.0852306,0.32860622,0.3499214,1.0698584,0.9751099,0.33092535,0.22864696,1.1259221,774.0293,809.89014,798.60803,801.4286,766.77655,-0.0240478515625,0.1375732421875,0.9884033203125,1.18133544921875,-3.48419189453125,-2.27294921875,1.0,1.0,1.0,1.0,1.0,95.0,event
12:10:19.462,0.62022424,0.5151713,0.36769497,1.0374906,0.5537212,0.12371757,0.22416195,0.78106797,0.79293346,0.18720366,0.2296029,0.56369907,1.0852306,0.32860622,0.3499214,1.0698584,0.9751099,0.33092535,0.22864696,1.1259221,772.01465,809.89014,811.0989,822.381,899.34064,-0.0240478515625,0.1375732421875,0.9884033203125,1.18133544921875,-3.48419189453125,-2.27294921875,1.0,1.0,1.0,1.0,1.0,95.0,event
12:10:19.463,0.62022424,0.5151713,0.36769497,1.0374906,0.5537212,0.12371757,0.22416195,0.78106797,0.79293346,0.18720366,0.2296029,0.56369907,1.0852306,0.32860622,0.3499214,1.0698584,0.9751099,0.33092535,0.22864696,1.1259221,764.35895,800.2198,812.71063,759.5238,836.8865,-0.0240478515625,0.1375732421875,0.9884033203125,1.18133544921875,-3.48419189453125,-2.27294921875,1.0,1.0,1.0,1.0,1.0,95.0,event
12:10:19.463,0.62022424,0.5151713,0.36769497,1.0374906,0.5537212,0.12371757,0.22416195,0.78106797,0.79293346,0.18720366,0.2296029,0.56369907,1.0852306,0.32860622,0.3499214,1.0698584,0.9751099,0.33092535,0.22864696,1.1259221,767.98535,805.4579,819.9634,784.90845,1062.9304,-0.0240478515625,0.1375732421875,0.9884033203125,1.18133544921875,-3.48419189453125,-2.27294921875,1.0,1.0,1.0,1.0,1.0,95.0,event
12:10:19.464,0.62022424,0.5151713,0.36769497,1.0374906,0.5537212,0.12371757,0.22416195,0.78106797,0.79293346,0.18720366,0.2296029,0.56369907,1.0852306,0.32860622,0.3499214,1.0698584,0.9751099,0.33092535,0.22864696,1.1259221,774.83514,799.81683,809.0842,774.43225,668.86444,-0.0240478515625,0.1375732421875,0.9884033203125,1.18133544921875,-3.48419189453125,-2.27294921875,1.0,1.0,1.0,1.0,1.0,95.0,event
12:10:19.465,0.62022424,0.5151713,0.36769497,1.0374906,0.5537212,0.12371757,0.22416195,0.78106797,0.79293346,0.18720366,0.2296029,0.56369907,1.0852306,0.32860622,0.3499214,1.0698584,0.9751099,0.33092535,0.22864696,1.1259221,786.1172,803.44324,808.68134,778.46155,779.67035,-0.0240478515625,0.1375732421875,0.9884033203125,1.18133544921875,-3.48419189453125,-2.27294921875,1.0,1.0,1.0,1.0,1.0,95.0,event
12:10:19.465,0.62022424,0.5151713,0.36769497,1.0374906,0.5537212,0.12371757,0.22416195,0.78106797,0.79293346,0.18720366,0.2296029,0.56369907,1.0852306,0.32860622,0.3499214,1.0698584,0.9751099,0.33092535,0.22864696,1.1259221,799.011,801.02563,801.8315,796.1905,875.9707,-0.0240478515625,0.1375732421875,0.9884033203125,1.18133544921875,-3.48419189453125,-2.27294921875,1.0,1.0,1.0,1.0,1.0,95.0,event
12:10:19.466,0.62022424,0.5151713,0.36769497,1.0374906,0.5537212,0.12371757,0.22416195,0.78106797,0.79293346,0.18720366,0.2296029,0.56369907,1.0852306,0.32860622,0.3499214,1.0698584,0.9751099,0.33092535,0.22864696,1.1259221,830.84247,796.99634,806.6667,826.8132,811.0989,-0.0240478515625,0.1375732421875,0.9884033203125,1.18133544921875,-3.48419189453125,-2.27294921875,1.0,1.0,1.0,1.0,1.0,95.0,event
12:10:19.556,0.62022424,0.5151713,0.36769497,1.0374906,0.5537212,0.12371757,0.22416195,0.78106797,0.79293346,0.18720366,0.2296029,0.56369907,1.0852306,0.32860622,0.3499214,1.0698584,0.9751099,0.33092535,0.22864696,1.1259221,792.1612,799.81683,809.0842,823.9927,715.2015,-0.0240478515625,0.1375732421875,0.9884033203125,1.18133544921875,-3.48419189453125,-2.27294921875,1.0,1.0,1.0,1.0,1.0,95.0,event
12:10:19.557,0.62022424,0.5151713,0.36769497,1.0374906,0.5537212,0.12371757,0.22416195,0.78106797,0.79293346,0.18720366,0.2296029,0.56369907,1.0852306,0.32860622,0.3499214,1.0698584,0.9751099,0.33092535,0.22864696,1.1259221,739.3773,809.4872,804.65204,765.16486,777.25275,-0.0240478515625,0.1375732421875,0.9884033203125,1.18133544921875,-3.48419189453125,-2.27294921875,1.0,1.0,1.0,1.0,1.0,95.0,event
12:10:19.558,0.62022424,0.5151713,0.36769497,1.0374906,0.5537212,0.12371757,0.22416195,0.78106797,0.79293346,0.18720366,0.2296029,0.56369907,1.0852306,0.32860622,0.3499214,1.0698584,0.9751099,0.33092535,0.22864696,1.1259221,757.1062,809.89014,802.6374,756.30035,824.7985,-0.0240478515625,0.1375732421875,0.9884033203125,1.18133544921875,-3.48419189453125,-2.27294921875,1.0,1.0,1.0,1.0,1.0,95.0,event
12:10:19.559,0.6141814,0.49274525,0.35074672,1.0374906,0.5766123,0.11707172,0.165084,0.78106797,0.78559834,0.18787742,0.2296029,0.56369907,1.0782189,0.33179614,0.35736504,1.0698584,0.96670115,0.32285082,0.21092448,1.1259221,775.64105,809.0842,800.6227,764.35895,771.6117,-0.0240478515625,0.1375732421875,0.9884033203125,1.18133544921875,-3.48419189453125,-2.27294921875,1.0,1.0,1.0,1.0,1.0,95.0,event
12:10:19.564,0.6141814,0.49274525,0.35074672,1.0374906,0.5766123,0.11707172,0.165084,0.78106797,0.78559834,0.18787742,0.2296029,0.56369907,1.0782189,0.33179614,0.35736504,1.0698584,0.96670115,0.32285082,0.21092448,1.1259221,770.40295,809.4872,796.1905,742.6007,800.2198,-0.0240478515625,0.1375732421875,0.9884033203125,1.18133544921875,-3.48419189453125,-2.27294921875,1.0,1.0,1.0,1.0,1.0,95.0,event
12:10:19.565,0.6141814,0.49274525,0.35074672,1.0374906,0.5766123,0.11707172,0.165084,0.78106797,0.78559834,0.18787742,0.2296029,0.56369907,1.0782189,0.33179614,0.35736504,1.0698584,0.96670115,0.32285082,0.21092448,1.1259221,776.8498,805.05493,803.0403,764.35895,830.0366,-0.0240478515625,0.1375732421875,0.9884033203125,1.18133544921875,-3.48419189453125,-2.27294921875,1.0,1.0,1.0,1.0,1.0,95.0,event
12:10:19.565,0.6141814,0.49274525,0.35074672,1.0374906,0.5766123,0.11707172,0.165084,0.78106797,0.78559834,0.18787742,0.2296029,0.56369907,1.0782189,0.33179614,0.35736504,1.0698584,0.96670115,0.32285082,0.21092448,1.1259221,768.3883,801.4286,800.2198,756.7033,914.65204,-0.0240478515625,0.1375732421875,0.9884033203125,1.18133544921875,-3.48419189453125,-2.27294921875,1.0,1.0,1.0,1.0,1.0,95.0,event
12:10:19.566,0.6141814,0.49274525,0.35074672,1.0374906,0.5766123,0.11707172,0.165084,0.78106797,0.78559834,0.18787742,0.2296029,0.56369907,1.0782189,0.33179614,0.35736504,1.0698584,0.96670115,0.32285082,0.21092448,1.1259221,767.5824,812.3077,801.4286,763.95605,767.1795,-0.0240478515625,0.1375732421875,0.9884033203125,1.18133544921875,-3.48419189453125,-2.27294921875,1.0,1.0,1.0,1.0,1.0,95.0,event
12:10:19.567,0.6141814,0.49274525,0.35074672,1.0374906,0.5766123,0.11707172,0.165084,0.78106797,0.78559834,0.18787742,0.2296029,0.56369907,1.0782189,0.33179614,0.35736504,1.0698584,0.96670115,0.32285082,0.21092448,1.1259221,766.77655,808.68134,795.38464,789.34064,740.58606,-0.0240478515625,0.1375732421875,0.9884033203125,1.18133544921875,-3.48419189453125,-2.27294921875,1.0,1.0,1.0,1.0,1.0,95.0,event
12:10:19.568,0.6141814,0.49274525,0.35074672,1.0374906,0.5766123,0.11707172,0.165084,0.78106797,0.78559834,0.18787742,0.2296029,0.56369907,1.0782189,0.33179614,0.35736504,1.0698584,0.96670115,0.32285082,0.21092448,1.1259221,800.6227,803.0403,790.9524,780.4762,896.1172,-0.0240478515625,0.1375732421875,0.9884033203125,1.18133544921875,-3.48419189453125,-2.27294921875,1.0,1.0,1.0,1.0,1.0,95.0,event
12:10:19.569,0.6141814,0.49274525,0.35074672,1.0374906,0.5766123,0.11707172,0.165084,0.78106797,0.78559834,0.18787742,0.2296029,0.56369907,1.0782189,0.33179614,0.35736504,1.0698584,0.96670115,0.32285082,0.21092448,1.1259221,790.9524,809.89014,800.2198,782.8938,854.21246,-0.0240478515625,0.1375732421875,0.9884033203125,1.18133544921875,-3.48419189453125,-2.27294921875,1.0,1.0,1.0,1.0,1.0,95.0,event
12:10:19.569,0.6141814,0.49274525,0.35074672,1.0374906,0.5766123,0.11707172,0.165084,0.78106797,0.78559834,0.18787742,0.2296029,0.56369907,1.0782189,0.33179614,0.35736504,1.0698584,0.96670115,0.32285082,0.21092448,1.1259221,765.56775,811.50183,807.0696,796.5934,662.01465,-0.0240478515625,0.1375732421875,0.9884033203125,1.18133544921875,-3.48419189453125,-2.27294921875,1.0,1.0,1.0,1.0,1.0,95.0,event
12:10:19.593,0.6141814,0.49274525,0.35074672,1.0374906,0.5766123,0.11707172,0.165084,0.78106797,0.78559834,0.18787742,0.2296029,0.56369907,1.0782189,0.33179614,0.35736504,1.0698584,0.96670115,0.32285082,0.21092448,1.1259221,777.25275,805.8608,806.6667,776.04395,690.2198,-0.0201416015625,0.13787841796875,0.98455810546875,-0.441131591796875,-4.11224365234375,-3.00567626953125,1.0,1.0,1.0,1.0,1.0,95.0,event
12:10:19.594,0.6141814,0.49274525,0.35074672,1.0374906,0.5766123,0.11707172,0.165084,0.78106797,0.78559834,0.18787742,0.2296029,0.56369907,1.0782189,0.33179614,0.35736504,1.0698584,0.96670115,0.32285082,0.21092448,1.1259221,792.5641,805.4579,797.8022,780.4762,714.3956,-0.0201416015625,0.13787841796875,0.98455810546875,-0.441131591796875,-4.11224365234375,-3.00567626953125,1.0,1.0,1.0,1.0,1.0,95.0,event
12:10:19.595,0.6141814,0.49274525,0.35074672,1.0374906,0.5766123,0.11707172,0.165084,0.78106797,0.78559834,0.18787742,0.2296029,0.56369907,1.0782189,0.33179614,0.35736504,1.0698584,0.96670115,0.32285082,0.21092448,1.1259221,791.3553,809.89014,793.36993,784.10254,665.64105,-0.0201416015625,0.13787841796875,0.98455810546875,-0.441131591796875,-4.11224365234375,-3.00567626953125,1.0,1.0,1.0,1.0,1.0,95.0,event
12:10:19.596,0.6141814,0.49274525,0.35074672,1.0374906,0.5766123,0.11707172,0.165084,0.78106797,0.78559834,0.18787742,0.2296029,0.56369907,1.0782189,0.33179614,0.35736504,1.0698584,0.96670115,0.32285082,0.21092448,1.1259221,792.5641,809.89014,806.6667,770.80585,636.63007,-0.0201416015625,0.13787841796875,0.98455810546875,-0.441131591796875,-4.11224365234375,-3.00567626953125,1.0,1.0,1.0,1.0,1.0,95.0,event
12:10:19.596,0.6141814,0.49274525,0.35074672,1.0374906,0.5766123,0.11707172,0.165084,0.78106797,0.78559834,0.18787742,0.2296029,0.56369907,1.0782189,0.33179614,0.35736504,1.0698584,0.96670115,0.32285082,0.21092448,1.1259221,796.1905,805.05493,811.50183,776.8498,773.22345,-0.0201416015625,0.13787841796875,0.98455810546875,-0.441131591796875,-4.11224365234375,-3.00567626953125,1.0,1.0,1.0,1.0,1.0,95.0,event
12:10:19.597,0.6141814,0.49274525,0.35074672,1.0374906,0.5766123,0.11707172,0.165084,0.78106797,0.78559834,0.18787742,0.2296029,0.56369907,1.0782189,0.33179614,0.35736504,1.0698584,0.96670115,0.32285082,0.21092448,1.1259221,789.34064,801.4286,810.293,801.4286,921.0989,-0.0201416015625,0.13787841796875,0.98455810546875,-0.441131591796875,-4.11224365234375,-3.00567626953125,1.0,1.0,1.0,1.0,1.0,95.0,event
12:10:19.598,0.6141814,0.49274525,0.35074672,1.0374906,0.5766123,0.11707172,0.165084,0.78106797,0.78559834,0.18787742,0.2296029,0.56369907,1.0782189,0.33179614,0.35736504,1.0698584,0.96670115,0.32285082,0.21092448,1.1259221,804.65204,803.44324,803.0403,808.2784,845.7509,-0.0201416015625,0.13787841796875,0.98455810546875,-0.441131591796875,-4.11224365234375,-3.00567626953125,1.0,1.0,1.0,1.0,1.0,95.0,event
12:10:19.598,0.6141814,0.49274525,0.35074672,1.0374906,0.5766123,0.11707172,0.165084,0.78106797,0.78559834,0.18787742,0.2296029,0.56369907,1.0782189,0.33179614,0.35736504,1.0698584,0.96670115,0.32285082,0.21092448,1.1259221,802.6374,814.7253,792.1612,810.696,777.6557,-0.0201416015625,0.13787841796875,0.98455810546875,-0.441131591796875,-4.11224365234375,-3.00567626953125,1.0,1.0,1.0,1.0,1.0,95.0,event
12:10:19.599,0.6141814,0.49274525,0.35074672,1.0374906,0.5766123,0.11707172,0.165084,0.78106797,0.78559834,0.18787742,0.2296029,0.56369907,1.0782189,0.33179614,0.35736504,1.0698584,0.96670115,0.32285082,0.21092448,1.1259221,795.78754,808.68134,797.8022,815.12823,884.83514,-0.0201416015625,0.13787841796875,0.98455810546875,-0.441131591796875,-4.11224365234375,-3.00567626953125,1.0,1.0,1.0,1.0,1.0,95.0,event
12:10:19.600,0.6141814,0.49274525,0.35074672,1.0374906,0.5766123,0.11707172,0.165084,0.78106797,0.78559834,0.18787742,0.2296029,0.56369907,1.0782189,0.33179614,0.35736504,1.0698584,0.96670115,0.32285082,0.21092448,1.1259221,776.4469,792.5641,803.0403,814.3223,1069.7803,-0.0201416015625,0.13787841796875,0.98455810546875,-0.441131591796875,-4.11224365234375,-3.00567626953125,1.0,1.0,1.0,1.0,1.0,95.0,event
12:10:19.601,0.6141814,0.49274525,0.35074672,1.0374906,0.5766123,0.11707172,0.165084,0.78106797,0.78559834,0.18787742,0.2296029,0.56369907,1.0782189,0.33179614,0.35736504,1.0698584,0.96670115,0.32285082,0.21092448,1.1259221,780.87915,798.20514,804.65204,799.81683,904.57874,-0.0201416015625,0.13787841796875,0.98455810546875,-0.441131591796875,-4.11224365234375,-3.00567626953125,1.0,1.0,1.0,1.0,1.0,95.0,event
12:10:19.601,0.6141814,0.49274525,0.35074672,1.0374906,0.5766123,0.11707172,0.165084,0.78106797,0.78559834,0.18787742,0.2296029,0.56369907,1.0782189,0.33179614,0.35736504,1.0698584,0.96670115,0.32285082,0.21092448,1.1259221,821.1722,808.2784,804.65204,776.4469,748.6447,-0.0201416015625,0.13787841796875,0.98455810546875,-0.441131591796875,-4.11224365234375,-3.00567626953125,1.0,1.0,1.0,1.0,1.0,95.0,event
12:10:19.602,0.6141814,0.49274525,0.35074672,1.0374906,0.5766123,0.11707172,0.165084,0.78106797,0.78559834,0.18787742,0.2296029,0.56369907,1.0782189,0.33179614,0.35736504,1.0698584,0.96670115,0.32285082,0.21092448,1.1259221,780.87915,802.23444,806.6667,783.69965,830.4396,-0.01171875,0.13299560546875,0.9747314453125,-1.2860107421875,-4.23187255859375,-3.93280029296875,1.0,1.0,1.0,1.0,1.0,95.0,event
12:10:19.603,0.6141814,0.49274525,0.35074672,1.0374906,0.5766123,0.11707172,0.165084,0.78106797,0.78559834,0.18787742,0.2296029,0.56369907,1.0782189,0.33179614,0.35736504,1.0698584,0.96670115,0.32285082,0.21092448,1.1259221,763.5531,793.7729,803.44324,798.60803,774.0293,-0.01171875,0.13299560546875,0.9747314453125,-1.2860107421875,-4.23187255859375,-3.93280029296875,1.0,1.0,1.0,1.0,1.0,95.0,event
12:10:19.604,0.6141814,0.49274525,0.35074672,1.0374906,0.5766123,0.11707172,0.165084,0.78106797,0.78559834,0.18787742,0.2296029,0.56369907,1.0782189,0.33179614,0.35736504,1.0698584,0.96670115,0.32285082,0.21092448,1.1259221,770.80585,799.81683,788.93774,798.60803,730.10986,-0.01171875,0.13299560546875,0.9747314453125,-1.2860107421875,-4.23187255859375,-3.93280029296875,1.0,1.0,1.0,1.0,1.0,95.0,event
12:10:19.604,0.6141814,0.49274525,0.35074672,1.0374906,0.5766123,0.11707172,0.165084,0.78106797,0.78559834,0.18787742,0.2296029,0.56369907,1.0782189,0.33179614,0.35736504,1.0698584,0.96670115,0.32285082,0.21092448,1.1259221,785.31134,802.6374,788.1319,821.5751,757.1062,-0.01171875,0.13299560546875,0.9747314453125,-1.2860107421875,-4.23187255859375,-3.93280029296875,1.0,1.0,1.0,1.0,1.0,95.0,event
12:10:19.605,0.5891921,0.46602368,0.32265157,1.0089979,0.57456154,0.10555065,0.09397286,0.7668934,0.78488666,0.19431092,0.22615568,0.7428241,1.0593668,0.3396135,0.36637935,1.0514845,0.9668541,0.3120427,0.19696394,1.1153393,793.36993,807.47253,809.89014,818.7546,865.09155,-0.01171875,0.13299560546875,0.9747314453125,-1.2860107421875,-4.23187255859375,-3.93280029296875,1.0,1.0,1.0,1.0,1.0,95.0,event
12:10:19.605,0.6141814,0.49274525,0.35074672,1.0374906,0.5766123,0.11707172,0.165084,0.78106797,0.78559834,0.18787742,0.2296029,0.56369907,1.0782189,0.33179614,0.35736504,1.0698584,0.96670115,0.32285082,0.21092448,1.1259221,817.1429,805.05493,803.44324,840.10986,819.15753,-0.01171875,0.13299560546875,0.9747314453125,-1.2860107421875,-4.23187255859375,-3.93280029296875,1.0,1.0,1.0,1.0,1.0,95.0,event
12:10:19.610,0.5891921,0.46602368,0.32265157,1.0089979,0.57456154,0.10555065,0.09397286,0.7668934,0.78488666,0.19431092,0.22615568,0.7428241,1.0593668,0.3396135,0.36637935,1.0514845,0.9668541,0.3120427,0.19696394,1.1153393,778.86444,806.6667,807.8755,785.31134,779.2674,-0.01171875,0.13299560546875,0.9747314453125,-1.2860107421875,-4.23187255859375,-3.93280029296875,1.0,1.0,1.0,1.0,1.0,95.0,event
12:10:19.611,0.5891921,0.46602368,0.32265157,1.0089979,0.57456154,0.10555065,0.09397286,0.7668934,0.78488666,0.19431092,0.22615568,0.7428241,1.0593668,0.3396135,0.36637935,1.0514845,0.9668541,0.3120427,0.19696394,1.1153393,776.04395,800.6227,809.89014,767.1795,735.7509,-0.01171875,0.13299560546875,0.9747314453125,-1.2860107421875,-4.23187255859375,-3.93280029296875,1.0,1.0,1.0,1.0,1.0,95.0,event
12:10:19.612,0.5891921,0.46602368,0.32265157,1.0089979,0.57456154,0.10555065,0.09397286,0.7668934,0.78488666,0.19431092,0.22615568,0.7428241,1.0593668,0.3396135,0.36637935,1.0514845,0.9668541,0.3120427,0.19696394,1.1153393,778.0586,796.5934,809.0842,805.8608,979.12085,-0.01171875,0.13299560546875,0.9747314453125,-1.2860107421875,-4.23187255859375,-3.93280029296875,1.0,1.0,1.0,1.0,1.0,95.0,event
12:10:19.613,0.5891921,0.46602368,0.32265157,1.0089979,0.57456154,0.10555065,0.09397286,0.7668934,0.78488666,0.19431092,0.22615568,0.7428241,1.0593668,0.3396135,0.36637935,1.0514845,0.9668541,0.3120427,0.19696394,1.1153393,794.17584,803.8461,804.2491,798.20514,915.05493,-0.01171875,0.13299560546875,0.9747314453125,-1.2860107421875,-4.23187255859375,-3.93280029296875,1.0,1.0,1.0,1.0,1.0,95.0,event
12:10:19.614,0.5891921,0.46602368,0.32265157,1.0089979,0.57456154,0.10555065,0.09397286,0.7668934,0.78488666,0.19431092,0.22615568,0.7428241,1.0593668,0.3396135,0.36637935,1.0514845,0.9668541,0.3120427,0.19696394,1.1153393,803.8461,802.6374,800.2198,772.8205,658.3883,-0.01171875,0.13299560546875,0.9747314453125,-1.2860107421875,-4.23187255859375,-3.93280029296875,1.0,1.0,1.0,1.0,1.0,95.0,event
12:10:19.615,0.5891921,0.46602368,0.32265157,1.0089979,0.57456154,0.10555065,0.09397286,0.7668934,0.78488666,0.19431092,0.22615568,0.7428241,1.0593668,0.3396135,0.36637935,1.0514845,0.9668541,0.3120427,0.19696394,1.1153393,789.34064,794.9817,805.8608,790.14655,749.85345,-0.01171875,0.13299560546875,0.9747314453125,-1.2860107421875,-4.23187255859375,-3.93280029296875,1.0,1.0,1.0,1.0,1.0,95.0,event
12:10:19.642,0.5891921,0.46602368,0.32265157,1.0089979,0.57456154,0.10555065,0.09397286,0.7668934,0.78488666,0.19431092,0.22615568,0.7428241,1.0593668,0.3396135,0.36637935,1.0514845,0.9668541,0.3120427,0.19696394,1.1153393,752.674,797.3993,808.2784,792.5641,817.5458,-0.0135498046875,0.11883544921875,0.97540283203125,-2.07855224609375,-3.87298583984375,-2.10845947265625,1.0,1.0,1.0,1.0,1.0,95.0,event
12:10:19.643,0.5891921,0.46602368,0.32265157,1.0089979,0.57456154,0.10555065,0.09397286,0.7668934,0.78488666,0.19431092,0.22615568,0.7428241,1.0593668,0.3396135,0.36637935,1.0514845,0.9668541,0.3120427,0.19696394,1.1153393,748.24176,800.2198,803.8461,792.1612,711.978,-0.0135498046875,0.11883544921875,0.97540283203125,-2.07855224609375,-3.87298583984375,-2.10845947265625,1.0,1.0,1.0,1.0,1.0,95.0,event
12:10:19.644,0.5891921,0.46602368,0.32265157,1.0089979,0.57456154,0.10555065,0.09397286,0.7668934,0.78488666,0.19431092,0.22615568,0.7428241,1.0593668,0.3396135,0.36637935,1.0514845,0.9668541,0.3120427,0.19696394,1.1153393,765.56775,800.2198,797.8022,780.07324,776.04395,-0.0135498046875,0.11883544921875,0.97540283203125,-2.07855224609375,-3.87298583984375,-2.10845947265625,1.0,1.0,1.0,1.0,1.0,95.0,event
12:10:19.644,0.5891921,0.46602368,0.32265157,1.0089979,0.57456154,0.10555065,0.09397286,0.7668934,0.78488666,0.19431092,0.22615568,0.7428241,1.0593668,0.3396135,0.36637935,1.0514845,0.9668541,0.3120427,0.19696394,1.1153393,775.64105,798.20514,799.011,786.1172,700.696,-0.0135498046875,0.11883544921875,0.97540283203125,-2.07855224609375,-3.87298583984375,-2.10845947265625,1.0,1.0,1.0,1.0,1.0,95.0,event
12:10:19.645,0.5891921,0.46602368,0.32265157,1.0089979,0.57456154,0.10555065,0.09397286,0.7668934,0.78488666,0.19431092,0.22615568,0.7428241,1.0593668,0.3396135,0.36637935,1.0514845,0.9668541,0.3120427,0.19696394,1.1153393,771.2088,805.05493,794.9817,796.99634,823.1868,-0.0135498046875,0.11883544921875,0.97540283203125,-2.07855224609375,-3.87298583984375,-2.10845947265625,1.0,1.0,1.0,1.0,1.0,95.0,event
12:10:19.645,0.5891921,0.46602368,0.32265157,1.0089979,0.57456154,0.10555065,0.09397286,0.7668934,0.78488666,0.19431092,0.22615568,0.7428241,1.0593668,0.3396135,0.36637935,1.0514845,0.9668541,0.3120427,0.19696394,1.1153393,780.87915,809.4872,782.8938,799.81683,857.03296,-0.0135498046875,0.11883544921875,0.97540283203125,-2.07855224609375,-3.87298583984375,-2.10845947265625,1.0,1.0,1.0,1.0,1.0,95.0,event
12:10:19.646,0.5891921,0.46602368,0.32265157,1.0089979,0.57456154,0.10555065,0.09397286,0.7668934,0.78488666,0.19431092,0.22615568,0.7428241,1.0593668,0.3396135,0.36637935,1.0514845,0.9668541,0.3120427,0.19696394,1.1153393,763.95605,799.41394,791.75824,789.7436,904.17584,-0.0135498046875,0.11883544921875,0.97540283203125,-2.07855224609375,-3.87298583984375,-2.10845947265625,1.0,1.0,1.0,1.0,1.0,95.0,event
12:10:19.646,0.5891921,0.46602368,0.32265157,1.0089979,0.57456154,0.10555065,0.09397286,0.7668934,0.78488666,0.19431092,0.22615568,0.7428241,1.0593668,0.3396135,0.36637935,1.0514845,0.9668541,0.3120427,0.19696394,1.1153393,775.64105,795.78754,805.05493,782.49084,950.9158,-0.0135498046875,0.11883544921875,0.97540283203125,-2.07855224609375,-3.87298583984375,-2.10845947265625,1.0,1.0,1.0,1.0,1.0,95.0,event
12:10:19.647,0.5891921,0.46602368,0.32265157,1.0089979,0.57456154,0.10555065,0.09397286,0.7668934,0.78488666,0.19431092,0.22615568,0.7428241,1.0593668,0.3396135,0.36637935,1.0514845,0.9668541,0.3120427,0.19696394,1.1153393,796.99634,798.60803,816.7399,809.4872,1112.0879,-0.0135498046875,0.11883544921875,0.97540283203125,-2.07855224609375,-3.87298583984375,-2.10845947265625,1.0,1.0,1.0,1.0,1.0,95.0,event
12:10:19.647,0.5891921,0.46602368,0.32265157,1.0089979,0.57456154,0.10555065,0.09397286,0.7668934,0.78488666,0.19431092,0.22615568,0.7428241,1.0593668,0.3396135,0.36637935,1.0514845,0.9668541,0.3120427,0.19696394,1.1153393,788.1319,801.4286,821.5751,800.2198,917.47253,-0.0135498046875,0.11883544921875,0.97540283203125,-2.07855224609375,-3.87298583984375,-2.10845947265625,1.0,1.0,1.0,1.0,1.0,95.0,event
12:10:19.648,0.5891921,0.46602368,0.32265157,1.0089979,0.57456154,0.10555065,0.09397286,0.7668934,0.78488666,0.19431092,0.22615568,0.7428241,1.0593668,0.3396135,0.36637935,1.0514845,0.9668541,0.3120427,0.19696394,1.1153393,766.77655,812.3077,816.7399,778.46155,703.5165,-0.0135498046875,0.11883544921875,0.97540283203125,-2.07855224609375,-3.87298583984375,-2.10845947265625,1.0,1.0,1.0,1.0,1.0,95.0,event
12:10:19.649,0.5891921,0.46602368,0.32265157,1.0089979,0.57456154,0.10555065,0.09397286,0.7668934,0.78488666,0.19431092,0.22615568,0.7428241,1.0593668,0.3396135,0.36637935,1.0514845,0.9668541,0.3120427,0.19696394,1.1153393,776.04395,813.91943,811.50183,801.02563,783.2967,-0.0135498046875,0.11883544921875,0.97540283203125,-2.07855224609375,-3.87298583984375,-2.10845947265625,1.0,1.0,1.0,1.0,1.0,95.0,event
12:10:19.709,0.5891921,0.46602368,0.32265157,1.0089979,0.57456154,0.10555065,0.09397286,0.7668934,0.78488666,0.19431092,0.22615568,0.7428241,1.0593668,0.3396135,0.36637935,1.0514845,0.9668541,0.3120427,0.19696394,1.1153393,781.28204,803.0403,802.6374,820.7692,757.50916,-0.0135498046875,0.11883544921875,0.97540283203125,-2.07855224609375,-3.87298583984375,-2.10845947265625,1.0,1.0,1.0,1.0,1.0,95.0,event
12:10:19.710,0.5891921,0.46602368,0.32265157,1.0089979,0.57456154,0.10555065,0.09397286,0.7668934,0.78488666,0.19431092,0.22615568,0.7428241,1.0593668,0.3396135,0.36637935,1.0514845,0.9668541,0.3120427,0.19696394,1.1153393,798.20514,803.0403,799.81683,816.337,698.2784,-0.0135498046875,0.11883544921875,0.97540283203125,-2.07855224609375,-3.87298583984375,-2.10845947265625,1.0,1.0,1.0,1.0,1.0,95.0,event
12:10:19.711,0.5891921,0.46602368,0.32265157,1.0089979,0.57456154,0.10555065,0.09397286,0.7668934,0.78488666,0.19431092,0.22615568,0.7428241,1.0593668,0.3396135,0.36637935,1.0514845,0.9668541,0.3120427,0.19696394,1.1153393,816.337,813.1135,809.89014,799.41394,810.696,-0.0135498046875,0.11883544921875,0.97540283203125,-2.07855224609375,-3.87298583984375,-2.10845947265625,1.0,1.0,1.0,1.0,1.0,95.0,event
12:10:19.712,0.5891921,0.46602368,0.32265157,1.0089979,0.57456154,0.10555065,0.09397286,0.7668934,0.78488666,0.19431092,0.22615568,0.7428241,1.0593668,0.3396135,0.36637935,1.0514845,0.9668541,0.3120427,0.19696394,1.1153393,802.23444,809.4872,805.4579,799.81683,937.2161,-0.0135498046875,0.11883544921875,0.97540283203125,-2.07855224609375,-3.87298583984375,-2.10845947265625,1.0,1.0,1.0,1.0,1.0,95.0,event
12:10:19.713,0.5891921,0.46602368,0.32265157,1.0089979,0.57456154,0.10555065,0.09397286,0.7668934,0.78488666,0.19431092,0.22615568,0.7428241,1.0593668,0.3396135,0.36637935,1.0514845,0.9668541,0.3120427,0.19696394,1.1153393,813.5165,807.8755,791.75824,811.0989,822.381,-0.0135498046875,0.11883544921875,0.97540283203125,-2.07855224609375,-3.87298583984375,-2.10845947265625,1.0,1.0,1.0,1.0,1.0,95.0,event
12:10:19.715,0.5891921,0.46602368,0.32265157,1.0089979,0.57456154,0.10555065,0.09397286,0.7668934,0.78488666,0.19431092,0.22615568,0.7428241,1.0593668,0.3396135,0.36637935,1.0514845,0.9668541,0.3120427,0.19696394,1.1153393,825.2015,801.8315,794.57874,819.5604,793.36993,-0.0135498046875,0.11883544921875,0.97540283203125,-2.07855224609375,-3.87298583984375,-2.10845947265625,1.0,1.0,1.0,1.0,1.0,95.0,event
12:10:19.716,0.5891921,0.46602368,0.32265157,1.0089979,0.57456154,0.10555065,0.09397286,0.7668934,0.78488666,0.19431092,0.22615568,0.7428241,1.0593668,0.3396135,0.36637935,1.0514845,0.9668541,0.3120427,0.19696394,1.1153393,782.8938,799.41394,800.6227,796.1905,859.85345,-0.0135498046875,0.11883544921875,0.97540283203125,-2.07855224609375,-3.87298583984375,-2.10845947265625,1.0,1.0,1.0,1.0,1.0,95.0,event
12:10:19.717,0.5668397,0.42790344,0.29826787,0.98603964,0.57422566,0.08698099,0.02953805,0.69658154,0.823078,0.19450158,0.20256257,0.8320012,1.0459176,0.35079396,0.37541735,1.0283487,0.97454304,0.3013214,0.18603583,1.0977489,784.10254,805.05493,799.81683,799.81683,1000.87915,-0.0135498046875,0.11883544921875,0.97540283203125,-2.07855224609375,-3.87298583984375,-2.10845947265625,1.0,1.0,1.0,1.0,1.0,95.0,event
12:10:19.723,0.5668397,0.42790344,0.29826787,0.98603964,0.57422566,0.08698099,0.02953805,0.69658154,0.823078,0.19450158,0.20256257,0.8320012,1.0459176,0.35079396,0.37541735,1.0283487,0.97454304,0.3013214,0.18603583,1.0977489,791.75824,815.5311,798.60803,807.0696,1054.8718,-0.0135498046875,0.11883544921875,0.97540283203125,-2.07855224609375,-3.87298583984375,-2.10845947265625,1.0,1.0,1.0,1.0,1.0,95.0,event
12:10:19.724,0.5668397,0.42790344,0.29826787,0.98603964,0.57422566,0.08698099,0.02953805,0.69658154,0.823078,0.19450158,0.20256257,0.8320012,1.0459176,0.35079396,0.37541735,1.0283487,0.97454304,0.3013214,0.18603583,1.0977489,792.96704,816.7399,798.60803,800.6227,828.8278,-0.0135498046875,0.11883544921875,0.97540283203125,-2.07855224609375,-3.87298583984375,-2.10845947265625,1.0,1.0,1.0,1.0,1.0,95.0,event
12:10:19.725,0.5668397,0.42790344,0.29826787,0.98603964,0.57422566,0.08698099,0.02953805,0.69658154,0.823078,0.19450158,0.20256257,0.8320012,1.0459176,0.35079396,0.37541735,1.0283487,0.97454304,0.3013214,0.18603583,1.0977489,813.5165,814.7253,801.02563,826.4103,788.1319,-0.0135498046875,0.11883544921875,0.97540283203125,-2.07855224609375,-3.87298583984375,-2.10845947265625,1.0,1.0,1.0,1.0,1.0,95.0,event
12:10:19.726,0.5668397,0.42790344,0.29826787,0.98603964,0.57422566,0.08698099,0.02953805,0.69658154,0.823078,0.19450158,0.20256257,0.8320012,1.0459176,0.35079396,0.37541735,1.0283487,0.97454304,0.3013214,0.18603583,1.0977489,807.0696,816.337,801.02563,829.6337,850.18317,-0.0135498046875,0.11883544921875,0.97540283203125,-2.07855224609375,-3.87298583984375,-2.10845947265625,1.0,1.0,1.0,1.0,1.0,95.0,event
12:10:19.751,0.5668397,0.42790344,0.29826787,0.98603964,0.57422566,0.08698099,0.02953805,0.69658154,0.823078,0.19450158,0.20256257,0.8320012,1.0459176,0.35079396,0.37541735,1.0283487,0.97454304,0.3013214,0.18603583,1.0977489,800.6227,813.5165,798.20514,803.44324,800.6227,-0.0072021484375,0.11334228515625,0.97650146484375,1.562652587890625,-4.658050537109375,0.620574951171875,1.0,1.0,1.0,1.0,1.0,95.0,event
12:10:19.752,0.5668397,0.42790344,0.29826787,0.98603964,0.57422566,0.08698099,0.02953805,0.69658154,0.823078,0.19450158,0.20256257,0.8320012,1.0459176,0.35079396,0.37541735,1.0283487,0.97454304,0.3013214,0.18603583,1.0977489,800.6227,809.89014,808.68134,809.4872,689.41394,-0.0072021484375,0.11334228515625,0.97650146484375,1.562652587890625,-4.658050537109375,0.620574951171875,1.0,1.0,1.0,1.0,1.0,95.0,event
12:10:19.753,0.5668397,0.42790344,0.29826787,0.98603964,0.57422566,0.08698099,0.02953805,0.69658154,0.823078,0.19450158,0.20256257,0.8320012,1.0459176,0.35079396,0.37541735,1.0283487,0.97454304,0.3013214,0.18603583,1.0977489,796.1905,811.0989,810.293,817.5458,718.8278,-0.0072021484375,0.11334228515625,0.97650146484375,1.562652587890625,-4.658050537109375,0.620574951171875,1.0,1.0,1.0,1.0,1.0,95.0,event
12:10:19.753,0.5668397,0.42790344,0.29826787,0.98603964,0.57422566,0.08698099,0.02953805,0.69658154,0.823078,0.19450158,0.20256257,0.8320012,1.0459176,0.35079396,0.37541735,1.0283487,0.97454304,0.3013214,0.18603583,1.0977489,796.99634,811.50183,796.1905,807.47253,825.6044,-0.0072021484375,0.11334228515625,0.97650146484375,1.562652587890625,-4.658050537109375,0.620574951171875,1.0,1.0,1.0,1.0,1.0,95.0,event
12:10:19.754,0.5668397,0.42790344,0.29826787,0.98603964,0.57422566,0.08698099,0.02953805,0.69658154,0.823078,0.19450158,0.20256257,0.8320012,1.0459176,0.35079396,0.37541735,1.0283487,0.97454304,0.3013214,0.18603583,1.0977489,789.34064,809.4872,801.4286,827.2161,850.18317,-0.0072021484375,0.11334228515625,0.97650146484375,1.562652587890625,-4.658050537109375,0.620574951171875,1.0,1.0,1.0,1.0,1.0,95.0,event
12:10:19.754,0.5668397,0.42790344,0.29826787,0.98603964,0.57422566,0.08698099,0.02953805,0.69658154,0.823078,0.19450158,0.20256257,0.8320012,1.0459176,0.35079396,0.37541735,1.0283487,0.97454304,0.3013214,0.18603583,1.0977489,802.23444,808.2784,814.3223,811.50183,832.4542,-0.0072021484375,0.11334228515625,0.97650146484375,1.562652587890625,-4.658050537109375,0.620574951171875,1.0,1.0,1.0,1.0,1.0,95.0,event
12:10:19.755,0.5668397,0.42790344,0.29826787,0.98603964,0.57422566,0.08698099,0.02953805,0.69658154,0.823078,0.19450158,0.20256257,0.8320012,1.0459176,0.35079396,0.37541735,1.0283487,0.97454304,0.3013214,0.18603583,1.0977489,803.8461,799.41394,819.5604,786.52014,873.1502,-0.0072021484375,0.11334228515625,0.97650146484375,1.562652587890625,-4.658050537109375,0.620574951171875,1.0,1.0,1.0,1.0,1.0,95.0,event
12:10:19.756,0.5668397,0.42790344,0.29826787,0.98603964,0.57422566,0.08698099,0.02953805,0.69658154,0.823078,0.19450158,0.20256257,0.8320012,1.0459176,0.35079396,0.37541735,1.0283487,0.97454304,0.3013214,0.18603583,1.0977489,785.7143,797.3993,816.7399,788.93774,1168.4982,-0.0072021484375,0.11334228515625,0.97650146484375,1.562652587890625,-4.658050537109375,0.620574951171875,1.0,1.0,1.0,1.0,1.0,95.0,event
12:10:19.756,0.5668397,0.42790344,0.29826787,0.98603964,0.57422566,0.08698099,0.02953805,0.69658154,0.823078,0.19450158,0.20256257,0.8320012,1.0459176,0.35079396,0.37541735,1.0283487,0.97454304,0.3013214,0.18603583,1.0977489,792.1612,810.293,801.8315,799.41394,960.989,-0.0072021484375,0.11334228515625,0.97650146484375,1.562652587890625,-4.658050537109375,0.620574951171875,1.0,1.0,1.0,1.0,1.0,95.0,event
12:10:19.757,0.5668397,0.42790344,0.29826787,0.98603964,0.57422566,0.08698099,0.02953805,0.69658154,0.823078,0.19450158,0.20256257,0.8320012,1.0459176,0.35079396,0.37541735,1.0283487,0.97454304,0.3013214,0.18603583,1.0977489,803.0403,810.696,801.02563,806.6667,654.35895,-0.0072021484375,0.11334228515625,0.97650146484375,1.562652587890625,-4.658050537109375,0.620574951171875,1.0,1.0,1.0,1.0,1.0,95.0,event
12:10:19.757,0.5668397,0.42790344,0.29826787,0.98603964,0.57422566,0.08698099,0.02953805,0.69658154,0.823078,0.19450158,0.20256257,0.8320012,1.0459176,0.35079396,0.37541735,1.0283487,0.97454304,0.3013214,0.18603583,1.0977489,784.10254,808.68134,806.26373,794.17584,741.39197,-0.0072021484375,0.11334228515625,0.97650146484375,1.562652587890625,-4.658050537109375,0.620574951171875,1.0,1.0,1.0,1.0,1.0,95.0,event
12:10:19.758,0.5668397,0.42790344,0.29826787,0.98603964,0.57422566,0.08698099,0.02953805,0.69658154,0.823078,0.19450158,0.20256257,0.8320012,1.0459176,0.35079396,0.37541735,1.0283487,0.97454304,0.3013214,0.18603583,1.0977489,780.4762,807.0696,806.26373,787.326,763.95605,-0.0072021484375,0.11334228515625,0.97650146484375,1.562652587890625,-4.658050537109375,0.620574951171875,1.0,1.0,1.0,1.0,1.0,95.0,event
12:10:19.794,0.5668397,0.42790344,0.29826787,0.98603964,0.57422566,0.08698099,0.02953805,0.69658154,0.823078,0.19450158,0.20256257,0.8320012,1.0459176,0.35079396,0.37541735,1.0283487,0.97454304,0.3013214,0.18603583,1.0977489,788.5348,802.23444,803.8461,800.2198,709.9634,-0.0174560546875,0.1160888671875,0.97784423828125,3.27484130859375,-4.717864990234375,2.3028564453125,1.0,1.0,1.0,1.0,1.0,95.0,event
12:10:19.795,0.5668397,0.42790344,0.29826787,0.98603964,0.57422566,0.08698099,0.02953805,0.69658154,0.823078,0.19450158,0.20256257,0.8320012,1.0459176,0.35079396,0.37541735,1.0283487,0.97454304,0.3013214,0.18603583,1.0977489,776.8498,803.44324,801.8315,812.71063,745.42126,-0.0174560546875,0.1160888671875,0.97784423828125,3.27484130859375,-4.717864990234375,2.3028564453125,1.0,1.0,1.0,1.0,1.0,95.0,event
12:10:19.796,0.5668397,0.42790344,0.29826787,0.98603964,0.57422566,0.08698099,0.02953805,0.69658154,0.823078,0.19450158,0.20256257,0.8320012,1.0459176,0.35079396,0.37541735,1.0283487,0.97454304,0.3013214,0.18603583,1.0977489,780.4762,797.8022,811.0989,811.9048,819.15753,-0.0174560546875,0.1160888671875,0.97784423828125,3.27484130859375,-4.717864990234375,2.3028564453125,1.0,1.0,1.0,1.0,1.0,95.0,event
12:10:19.797,0.5668397,0.42790344,0.29826787,0.98603964,0.57422566,0.08698099,0.02953805,0.69658154,0.823078,0.19450158,0.20256257,0.8320012,1.0459176,0.35079396,0.37541735,1.0283487,0.97454304,0.3013214,0.18603583,1.0977489,792.5641,803.0403,802.23444,792.1612,809.89014,-0.0174560546875,0.1160888671875,0.97784423828125,3.27484130859375,-4.717864990234375,2.3028564453125,1.0,1.0,1.0,1.0,1.0,95.0,event
12:10:19.797,0.5668397,0.42790344,0.29826787,0.98603964,0.57422566,0.08698099,0.02953805,0.69658154,0.823078,0.19450158,0.20256257,0.8320012,1.0459176,0.35079396,0.37541735,1.0283487,0.97454304,0.3013214,0.18603583,1.0977489,786.52014,813.91943,786.52014,782.8938,768.3883,-0.0174560546875,0.1160888671875,0.97784423828125,3.27484130859375,-4.717864990234375,2.3028564453125,1.0,1.0,1.0,1.0,1.0,95.0,event
12:10:19.798,0.5668397,0.42790344,0.29826787,0.98603964,0.57422566,0.08698099,0.02953805,0.69658154,0.823078,0.19450158,0.20256257,0.8320012,1.0459176,0.35079396,0.37541735,1.0283487,0.97454304,0.3013214,0.18603583,1.0977489,784.90845,803.8461,804.2491,790.9524,844.94507,-0.0174560546875,0.1160888671875,0.97784423828125,3.27484130859375,-4.717864990234375,2.3028564453125,1.0,1.0,1.0,1.0,1.0,95.0,event
12:10:19.798,0.5668397,0.42790344,0.29826787,0.98603964,0.57422566,0.08698099,0.02953805,0.69658154,0.823078,0.19450158,0.20256257,0.8320012,1.0459176,0.35079396,0.37541735,1.0283487,0.97454304,0.3013214,0.18603583,1.0977489,781.685,793.7729,812.3077,801.4286,1047.2161,-0.0174560546875,0.1160888671875,0.97784423828125,3.27484130859375,-4.717864990234375,2.3028564453125,1.0,1.0,1.0,1.0,1.0,95.0,event
12:10:19.799,0.5668397,0.42790344,0.29826787,0.98603964,0.57422566,0.08698099,0.02953805,0.69658154,0.823078,0.19450158,0.20256257,0.8320012,1.0459176,0.35079396,0.37541735,1.0283487,0.97454304,0.3013214,0.18603583,1.0977489,788.5348,801.02563,813.1135,801.4286,996.4469,-0.0174560546875,0.1160888671875,0.97784423828125,3.27484130859375,-4.717864990234375,2.3028564453125,1.0,1.0,1.0,1.0,1.0,95.0,event
12:10:19.800,0.5668397,0.42790344,0.29826787,0.98603964,0.57422566,0.08698099,0.02953805,0.69658154,0.823078,0.19450158,0.20256257,0.8320012,1.0459176,0.35079396,0.37541735,1.0283487,0.97454304,0.3013214,0.18603583,1.0977489,805.05493,817.1429,816.337,787.326,795.38464,-0.0174560546875,0.1160888671875,0.97784423828125,3.27484130859375,-4.717864990234375,2.3028564453125,1.0,1.0,1.0,1.0,1.0,95.0,event
12:10:19.800,0.54520684,0.3752288,0.27511668,0.9730514,0.5857817,0.049993083,-0.02250695,0.6415266,0.8384422,0.19450158,0.17739229,0.9067586,1.0479883,0.36047292,0.3829328,1.0179561,0.9846447,0.29344967,0.1787395,1.0874054,821.1722,817.9487,809.89014,783.69965,773.22345,-0.0174560546875,0.1160888671875,0.97784423828125,3.27484130859375,-4.717864990234375,2.3028564453125,1.0,1.0,1.0,1.0,1.0,95.0,event
12:10:19.806,0.54520684,0.3752288,0.27511668,0.9730514,0.5857817,0.049993083,-0.02250695,0.6415266,0.8384422,0.19450158,0.17739229,0.9067586,1.0479883,0.36047292,0.3829328,1.0179561,0.9846447,0.29344967,0.1787395,1.0874054,812.71063,810.696,803.8461,796.99634,839.304,-0.0174560546875,0.1160888671875,0.97784423828125,3.27484130859375,-4.717864990234375,2.3028564453125,1.0,1.0,1.0,1.0,1.0,95.0,event
12:10:19.807,0.54520684,0.3752288,0.27511668,0.9730514,0.5857817,0.049993083,-0.02250695,0.6415266,0.8384422,0.19450158,0.17739229,0.9067586,1.0479883,0.36047292,0.3829328,1.0179561,0.9846447,0.29344967,0.1787395,1.0874054,799.41394,812.3077,804.2491,799.81683,735.7509,-0.0174560546875,0.1160888671875,0.97784423828125,3.27484130859375,-4.717864990234375,2.3028564453125,1.0,1.0,1.0,1.0,1.0,95.0,event
12:10:19.836,0.54520684,0.3752288,0.27511668,0.9730514,0.5857817,0.049993083,-0.02250695,0.6415266,0.8384422,0.19450158,0.17739229,0.9067586,1.0479883,0.36047292,0.3829328,1.0179561,0.9846447,0.29344967,0.1787395,1.0874054,778.46155,803.44324,803.0403,811.9048,683.36993,-0.01641845703125,0.12579345703125,0.9801025390625,3.9776611328125,-3.671112060546875,1.31591796875,1.0,1.0,1.0,1.0,1.0,95.0,event
12:10:19.837,0.54520684,0.3752288,0.27511668,0.9730514,0.5857817,0.049993083,-0.02250695,0.6415266,0.8384422,0.19450158,0.17739229,0.9067586,1.0479883,0.36047292,0.3829328,1.0179561,0.9846447,0.29344967,0.1787395,1.0874054,785.7143,807.8755,807.0696,827.2161,758.315,-0.01641845703125,0.12579345703125,0.9801025390625,3.9776611328125,-3.671112060546875,1.31591796875,1.0,1.0,1.0,1.0,1.0,95.0,event
12:10:19.837,0.54520684,0.3752288,0.27511668,0.9730514,0.5857817,0.049993083,-0.02250695,0.6415266,0.8384422,0.19450158,0.17739229,0.9067586,1.0479883,0.36047292,0.3829328,1.0179561,0.9846447,0.29344967,0.1787395,1.0874054,789.7436,807.47253,813.91943,808.2784,815.9341,-0.01641845703125,0.12579345703125,0.9801025390625,3.9776611328125,-3.671112060546875,1.31591796875,1.0,1.0,1.0,1.0,1.0,95.0,event
12:10:19.838,0.54520684,0.3752288,0.27511668,0.9730514,0.5857817,0.049993083,-0.02250695,0.6415266,0.8384422,0.19450158,0.17739229,0.9067586,1.0479883,0.36047292,0.3829328,1.0179561,0.9846447,0.29344967,0.1787395,1.0874054,782.49084,801.8315,811.0989,798.20514,761.13556,-0.01641845703125,0.12579345703125,0.9801025390625,3.9776611328125,-3.671112060546875,1.31591796875,1.0,1.0,1.0,1.0,1.0,95.0,event
12:10:19.839,0.54520684,0.3752288,0.27511668,0.9730514,0.5857817,0.049993083,-0.02250695,0.6415266,0.8384422,0.19450158,0.17739229,0.9067586,1.0479883,0.36047292,0.3829328,1.0179561,0.9846447,0.29344967,0.1787395,1.0874054,790.14655,805.8608,803.44324,787.72894,660.0,-0.01641845703125,0.12579345703125,0.9801025390625,3.9776611328125,-3.671112060546875,1.31591796875,1.0,1.0,1.0,1.0,1.0,95.0,event
12:10:19.839,0.54520684,0.3752288,0.27511668,0.9730514,0.5857817,0.049993083,-0.02250695,0.6415266,0.8384422,0.19450158,0.17739229,0.9067586,1.0479883,0.36047292,0.3829328,1.0179561,0.9846447,0.29344967,0.1787395,1.0874054,786.9231,802.6374,801.4286,790.14655,789.34064,-0.01641845703125,0.12579345703125,0.9801025390625,3.9776611328125,-3.671112060546875,1.31591796875,1.0,1.0,1.0,1.0,1.0,95.0,event
12:10:19.840,0.54520684,0.3752288,0.27511668,0.9730514,0.5857817,0.049993083,-0.02250695,0.6415266,0.8384422,0.19450158,0.17739229,0.9067586,1.0479883,0.36047292,0.3829328,1.0179561,0.9846447,0.29344967,0.1787395,1.0874054,790.54944,804.65204,805.8608,800.2198,880.0,-0.01641845703125,0.12579345703125,0.9801025390625,3.9776611328125,-3.671112060546875,1.31591796875,1.0,1.0,1.0,1.0,1.0,95.0,event
12:10:19.841,0.54520684,0.3752288,0.27511668,0.9730514,0.5857817,0.049993083,-0.02250695,0.6415266,0.8384422,0.19450158,0.17739229,0.9067586,1.0479883,0.36047292,0.3829328,1.0179561,0.9846447,0.29344967,0.1787395,1.0874054,785.7143,807.0696,810.293,792.5641,788.93774,-0.01641845703125,0.12579345703125,0.9801025390625,3.9776611328125,-3.671112060546875,1.31591796875,1.0,1.0,1.0,1.0,1.0,95.0,event
12:10:19.841,0.54520684,0.3752288,0.27511668,0.9730514,0.5857817,0.049993083,-0.02250695,0.6415266,0.8384422,0.19450158,0.17739229,0.9067586,1.0479883,0.36047292,0.3829328,1.0179561,0.9846447,0.29344967,0.1787395,1.0874054,782.0879,804.2491,809.89014,766.77655,689.41394,-0.01641845703125,0.12579345703125,0.9801025390625,3.9776611328125,-3.671112060546875,1.31591796875,1.0,1.0,1.0,1.0,1.0,95.0,event
12:10:19.842,0.54520684,0.3752288,0.27511668,0.9730514,0.5857817,0.049993083,-0.02250695,0.6415266,0.8384422,0.19450158,0.17739229,0.9067586,1.0479883,0.36047292,0.3829328,1.0179561,0.9846447,0.29344967,0.1787395,1.0874054,790.14655,790.9524,796.99634,781.28204,1013.7729,-0.01641845703125,0.12579345703125,0.9801025390625,3.9776611328125,-3.671112060546875,1.31591796875,1.0,1.0,1.0,1.0,1.0,95.0,event
12:10:19.842,0.54520684,0.3752288,0.27511668,0.9730514,0.5857817,0.049993083,-0.02250695,0.6415266,0.8384422,0.19450158,0.17739229,0.9067586,1.0479883,0.36047292,0.3829328,1.0179561,0.9846447,0.29344967,0.1787395,1.0874054,809.89014,795.38464,799.41394,764.35895,815.12823,-0.01641845703125,0.12579345703125,0.9801025390625,3.9776611328125,-3.671112060546875,1.31591796875,1.0,1.0,1.0,1.0,1.0,95.0,event
12:10:19.843,0.54520684,0.3752288,0.27511668,0.9730514,0.5857817,0.049993083,-0.02250695,0.6415266,0.8384422,0.19450158,0.17739229,0.9067586,1.0479883,0.36047292,0.3829328,1.0179561,0.9846447,0.29344967,0.1787395,1.0874054,784.90845,808.2784,812.71063,789.34064,900.54944,-0.01641845703125,0.12579345703125,0.9801025390625,3.9776611328125,-3.671112060546875,1.31591796875,1.0,1.0,1.0,1.0,1.0,95.0,event
12:10:19.904,0.54520684,0.3752288,0.27511668,0.9730514,0.5857817,0.049993083,-0.02250695,0.6415266,0.8384422,0.19450158,0.17739229,0.9067586,1.0479883,0.36047292,0.3829328,1.0179561,0.9846447,0.29344967,0.1787395,1.0874054,796.1905,811.0989,814.7253,793.36993,792.1612,-0.01776123046875,0.12628173828125,0.98504638671875,2.953338623046875,-4.11224365234375,0.2093505859375,1.0,1.0,1.0,1.0,1.0,95.0,event
12:10:19.905,0.54520684,0.3752288,0.27511668,0.9730514,0.5857817,0.049993083,-0.02250695,0.6415266,0.8384422,0.19450158,0.17739229,0.9067586,1.0479883,0.36047292,0.3829328,1.0179561,0.9846447,0.29344967,0.1787395,1.0874054,755.89746,802.23444,807.0696,782.8938,828.8278,-0.01776123046875,0.12628173828125,0.98504638671875,2.953338623046875,-4.11224365234375,0.2093505859375,1.0,1.0,1.0,1.0,1.0,95.0,event
12:10:19.905,0.54520684,0.3752288,0.27511668,0.9730514,0.5857817,0.049993083,-0.02250695,0.6415266,0.8384422,0.19450158,0.17739229,0.9067586,1.0479883,0.36047292,0.3829328,1.0179561,0.9846447,0.29344967,0.1787395,1.0874054,760.7326,806.6667,807.47253,753.8828,846.55676,-0.01776123046875,0.12628173828125,0.98504638671875,2.953338623046875,-4.11224365234375,0.2093505859375,1.0,1.0,1.0,1.0,1.0,95.0,event
12:10:19.906,0.54520684,0.3752288,0.27511668,0.9730514,0.5857817,0.049993083,-0.02250695,0.6415266,0.8384422,0.19450158,0.17739229,0.9067586,1.0479883,0.36047292,0.3829328,1.0179561,0.9846447,0.29344967,0.1787395,1.0874054,778.0586,809.0842,815.12823,774.43225,752.674,-0.01776123046875,0.12628173828125,0.98504638671875,2.953338623046875,-4.11224365234375,0.2093505859375,1.0,1.0,1.0,1.0,1.0,95.0,event
12:10:19.906,0.54520684,0.3752288,0.27511668,0.9730514,0.5857817,0.049993083,-0.02250695,0.6415266,0.8384422,0.19450158,0.17739229,0.9067586,1.0479883,0.36047292,0.3829328,1.0179561,0.9846447,0.29344967,0.1787395,1.0874054,787.326,801.02563,811.50183,829.6337,708.3516,-0.01776123046875,0.12628173828125,0.98504638671875,2.953338623046875,-4.11224365234375,0.2093505859375,1.0,1.0,1.0,1.0,1.0,95.0,event
12:10:19.907,0.54520684,0.3752288,0.27511668,0.9730514,0.5857817,0.049993083,-0.02250695,0.6415266,0.8384422,0.19450158,0.17739229,0.9067586,1.0479883,0.36047292,0.3829328,1.0179561,0.9846447,0.29344967,0.1787395,1.0874054,778.46155,799.81683,799.41394,799.81683,874.7619,-0.01776123046875,0.12628173828125,0.98504638671875,2.953338623046875,-4.11224365234375,0.2093505859375,1.0,1.0,1.0,1.0,1.0,95.0,event
12:10:19.907,0.54520684,0.3752288,0.27511668,0.9730514,0.5857817,0.049993083,-0.02250695,0.6415266,0.8384422,0.19450158,0.17739229,0.9067586,1.0479883,0.36047292,0.3829328,1.0179561,0.9846447,0.29344967,0.1787395,1.0874054,787.326,801.8315,796.99634,767.98535,891.28204,-0.01776123046875,0.12628173828125,0.98504638671875,2.953338623046875,-4.11224365234375,0.2093505859375,1.0,1.0,1.0,1.0,1.0,95.0,event
12:10:19.907,0.54520684,0.3752288,0.27511668,0.9730514,0.5857817,0.049993083,-0.02250695,0.6415266,0.8384422,0.19450158,0.17739229,0.9067586,1.0479883,0.36047292,0.3829328,1.0179561,0.9846447,0.29344967,0.1787395,1.0874054,793.7729,799.81683,802.23444,765.9707,763.1502,-0.01776123046875,0.12628173828125,0.98504638671875,2.953338623046875,-4.11224365234375,0.2093505859375,1.0,1.0,1.0,1.0,1.0,95.0,event
12:10:19.908,0.54520684,0.3752288,0.27511668,0.9730514,0.5857817,0.049993083,-0.02250695,0.6415266,0.8384422,0.19450158,0.17739229,0.9067586,1.0479883,0.36047292,0.3829328,1.0179561,0.9846447,0.29344967,0.1787395,1.0874054,765.16486,807.8755,806.6667,805.05493,886.4469,-0.01776123046875,0.12628173828125,0.98504638671875,2.953338623046875,-4.11224365234375,0.2093505859375,1.0,1.0,1.0,1.0,1.0,95.0,event
12:10:19.908,0.54520684,0.3752288,0.27511668,0.9730514,0.5857817,0.049993083,-0.02250695,0.6415266,0.8384422,0.19450158,0.17739229,0.9067586,1.0479883,0.36047292,0.3829328,1.0179561,0.9846447,0.29344967,0.1787395,1.0874054,780.07324,805.05493,804.2491,765.16486,745.0183,-0.01776123046875,0.12628173828125,0.98504638671875,2.953338623046875,-4.11224365234375,0.2093505859375,1.0,1.0,1.0,1.0,1.0,95.0,event
12:10:19.908,0.54520684,0.3752288,0.27511668,0.9730514,0.5857817,0.049993083,-0.02250695,0.6415266,0.8384422,0.19450158,0.17739229,0.9067586,1.0479883,0.36047292,0.3829328,1.0179561,0.9846447,0.29344967,0.1787395,1.0874054,764.35895,807.47253,807.8755,797.8022,933.9927,-0.01776123046875,0.12628173828125,0.98504638671875,2.953338623046875,-4.11224365234375,0.2093505859375,1.0,1.0,1.0,1.0,1.0,95.0,event
12:10:19.909,0.5301702,0.29176587,0.23931272,0.9834308,0.6183437,-0.016064484,-0.08132525,0.58051103,0.8420924,0.18593651,0.14302127,0.9067586,1.0620887,0.36299118,0.3900916,1.013567,0.9910146,0.28786165,0.17671335,1.0803845,783.2967,810.696,799.41394,792.5641,745.82416,-0.01776123046875,0.12628173828125,0.98504638671875,2.953338623046875,-4.11224365234375,0.2093505859375,1.0,1.0,1.0,1.0,1.0,95.0,event
12:10:19.942,0.5301702,0.29176587,0.23931272,0.9834308,0.6183437,-0.016064484,-0.08132525,0.58051103,0.8420924,0.18593651,0.14302127,0.9067586,1.0620887,0.36299118,0.3900916,1.013567,0.9910146,0.28786165,0.17671335,1.0803845,798.20514,807.8755,796.99634,808.68134,760.7326,-0.01776123046875,0.12628173828125,0.98504638671875,2.953338623046875,-4.11224365234375,0.2093505859375,1.0,1.0,1.0,1.0,1.0,95.0,event
12:10:19.943,0.5301702,0.29176587,0.23931272,0.9834308,0.6183437,-0.016064484,-0.08132525,0.58051103,0.8420924,0.18593651,0.14302127,0.9067586,1.0620887,0.36299118,0.3900916,1.013567,0.9910146,0.28786165,0.17671335,1.0803845,791.3553,798.60803,808.2784,814.3223,775.2381,-0.01776123046875,0.12628173828125,0.98504638671875,2.953338623046875,-4.11224365234375,0.2093505859375,1.0,1.0,1.0,1.0,1.0,95.0,event
12:10:19.943,0.5301702,0.29176587,0.23931272,0.9834308,0.6183437,-0.016064484,-0.08132525,0.58051103,0.8420924,0.18593651,0.14302127,0.9067586,1.0620887,0.36299118,0.3900916,1.013567,0.9910146,0.28786165,0.17671335,1.0803845,810.696,801.8315,812.3077,786.52014,819.9634,-0.01776123046875,0.12628173828125,0.98504638671875,2.953338623046875,-4.11224365234375,0.2093505859375,1.0,1.0,1.0,1.0,1.0,95.0,event
12:10:19.944,0.5301702,0.29176587,0.23931272,0.9834308,0.6183437,-0.016064484,-0.08132525,0.58051103,0.8420924,0.18593651,0.14302127,0.9067586,1.0620887,0.36299118,0.3900916,1.013567,0.9910146,0.28786165,0.17671335,1.0803845,808.68134,812.3077,802.6374,796.1905,840.9158,-0.01776123046875,0.12628173828125,0.98504638671875,2.953338623046875,-4.11224365234375,0.2093505859375,1.0,1.0,1.0,1.0,1.0,95.0,event
12:10:19.944,0.5301702,0.29176587,0.23931272,0.9834308,0.6183437,-0.016064484,-0.08132525,0.58051103,0.8420924,0.18593651,0.14302127,0.9067586,1.0620887,0.36299118,0.3900916,1.013567,0.9910146,0.28786165,0.17671335,1.0803845,770.80585,800.6227,798.20514,811.9048,855.42126,-0.01776123046875,0.12628173828125,0.98504638671875,2.953338623046875,-4.11224365234375,0.2093505859375,1.0,1.0,1.0,1.0,1.0,95.0,event
12:10:19.945,0.5301702,0.29176587,0.23931272,0.9834308,0.6183437,-0.016064484,-0.08132525,0.58051103,0.8420924,0.18593651,0.14302127,0.9067586,1.0620887,0.36299118,0.3900916,1.013567,0.9910146,0.28786165,0.17671335,1.0803845,767.5824,796.5934,815.9341,801.8315,995.64105,-0.01776123046875,0.12628173828125,0.98504638671875,2.953338623046875,-4.11224365234375,0.2093505859375,1.0,1.0,1.0,1.0,1.0,95.0,event
12:10:19.945,0.5301702,0.29176587,0.23931272,0.9834308,0.6183437,-0.016064484,-0.08132525,0.58051103,0.8420924,0.18593651,0.14302127,0.9067586,1.0620887,0.36299118,0.3900916,1.013567,0.9910146,0.28786165,0.17671335,1.0803845,787.326,810.293,820.7692,792.1612,905.38464,-0.01776123046875,0.12628173828125,0.98504638671875,2.953338623046875,-4.11224365234375,0.2093505859375,1.0,1.0,1.0,1.0,1.0,95.0,event
12:10:19.946,0.5301702,0.29176587,0.23931272,0.9834308,0.6183437,-0.016064484,-0.08132525,0.58051103,0.8420924,0.18593651,0.14302127,0.9067586,1.0620887,0.36299118,0.3900916,1.013567,0.9910146,0.28786165,0.17671335,1.0803845,780.07324,805.4579,807.0696,800.2198,788.5348,-0.01776123046875,0.12628173828125,0.98504638671875,2.953338623046875,-4.11224365234375,0.2093505859375,1.0,1.0,1.0,1.0,1.0,95.0,event
12:10:19.946,0.5301702,0.29176587,0.23931272,0.9834308,0.6183437,-0.016064484,-0.08132525,0.58051103,0.8420924,0.18593651,0.14302127,0.9067586,1.0620887,0.36299118,0.3900916,1.013567,0.9910146,0.28786165,0.17671335,1.0803845,776.4469,810.293,809.89014,805.05493,764.7619,-0.01776123046875,0.12628173828125,0.98504638671875,2.953338623046875,-4.11224365234375,0.2093505859375,1.0,1.0,1.0,1.0,1.0,95.0,event
12:10:19.947,0.5301702,0.29176587,0.23931272,0.9834308,0.6183437,-0.016064484,-0.08132525,0.58051103,0.8420924,0.18593651,0.14302127,0.9067586,1.0620887,0.36299118,0.3900916,1.013567,0.9910146,0.28786165,0.17671335,1.0803845,802.6374,802.6374,808.2784,774.43225,796.99634,-0.01776123046875,0.12628173828125,0.98504638671875,2.953338623046875,-4.11224365234375,0.2093505859375,1.0,1.0,1.0,1.0,1.0,95.0,event
12:10:19.947,0.5301702,0.29176587,0.23931272,0.9834308,0.6183437,-0.016064484,-0.08132525,0.58051103,0.8420924,0.18593651,0.14302127,0.9067586,1.0620887,0.36299118,0.3900916,1.013567,0.9910146,0.28786165,0.17671335,1.0803845,783.69965,802.23444,809.4872,761.53845,695.4579,-0.01776123046875,0.12628173828125,0.98504638671875,2.953338623046875,-4.11224365234375,0.2093505859375,1.0,1.0,1.0,1.0,1.0,95.0,event
12:10:19.948,0.5301702,0.29176587,0.23931272,0.9834308,0.6183437,-0.016064484,-0.08132525,0.58051103,0.8420924,0.18593651,0.14302127,0.9067586,1.0620887,0.36299118,0.3900916,1.013567,0.9910146,0.28786165,0.17671335,1.0803845,788.93774,807.47253,809.89014,790.54944,685.78754,-0.01776123046875,0.12628173828125,0.98504638671875,2.953338623046875,-4.11224365234375,0.2093505859375,1.0,1.0,1.0,1.0,1.0,95.0,event
12:10:19.969,0.5301702,0.29176587,0.23931272,0.9834308,0.6183437,-0.016064484,-0.08132525,0.58051103,0.8420924,0.18593651,0.14302127,0.9067586,1.0620887,0.36299118,0.3900916,1.013567,0.9910146,0.28786165,0.17671335,1.0803845,797.3993,801.4286,808.68134,819.5604,825.6044,-0.009521484375,0.129150390625,0.98675537109375,3.252410888671875,-4.059906005859375,0.575714111328125,1.0,1.0,1.0,1.0,1.0,95.0,event
12:10:19.970,0.5301702,0.29176587,0.23931272,0.9834308,0.6183437,-0.016064484,-0.08132525,0.58051103,0.8420924,0.18593651,0.14302127,0.9067586,1.0620887,0.36299118,0.3900916,1.013567,0.9910146,0.28786165,0.17671335,1.0803845,792.1612,791.75824,801.02563,823.9927,940.4396,-0.009521484375,0.129150390625,0.98675537109375,3.252410888671875,-4.059906005859375,0.575714111328125,1.0,1.0,1.0,1.0,1.0,95.0,event
12:10:19.971,0.5301702,0.29176587,0.23931272,0.9834308,0.6183437,-0.016064484,-0.08132525,0.58051103,0.8420924,0.18593651,0.14302127,0.9067586,1.0620887,0.36299118,0.3900916,1.013567,0.9910146,0.28786165,0.17671335,1.0803845,804.2491,795.78754,807.47253,818.7546,778.86444,-0.009521484375,0.129150390625,0.98675537109375,3.252410888671875,-4.059906005859375,0.575714111328125,1.0,1.0,1.0,1.0,1.0,95.0,event
12:10:19.971,0.5301702,0.29176587,0.23931272,0.9834308,0.6183437,-0.016064484,-0.08132525,0.58051103,0.8420924,0.18593651,0.14302127,0.9067586,1.0620887,0.36299118,0.3900916,1.013567,0.9910146,0.28786165,0.17671335,1.0803845,806.6667,809.0842,814.3223,795.38464,655.56775,-0.009521484375,0.129150390625,0.98675537109375,3.252410888671875,-4.059906005859375,0.575714111328125,1.0,1.0,1.0,1.0,1.0,95.0,event
12:10:19.972,0.5301702,0.29176587,0.23931272,0.9834308,0.6183437,-0.016064484,-0.08132525,0.58051103,0.8420924,0.18593651,0.14302127,0.9067586,1.0620887,0.36299118,0.3900916,1.013567,0.9910146,0.28786165,0.17671335,1.0803845,772.8205,815.9341,804.2491,794.9817,736.9597,-0.009521484375,0.129150390625,0.98675537109375,3.252410888671875,-4.059906005859375,0.575714111328125,1.0,1.0,1.0,1.0,1.0,95.0,event
12:10:19.972,0.5301702,0.29176587,0.23931272,0.9834308,0.6183437,-0.016064484,-0.08132525,0.58051103,0.8420924,0.18593651,0.14302127,0.9067586,1.0620887,0.36299118,0.3900916,1.013567,0.9910146,0.28786165,0.17671335,1.0803845,784.90845,819.5604,807.8755,767.98535,707.1429,-0.009521484375,0.129150390625,0.98675537109375,3.252410888671875,-4.059906005859375,0.575714111328125,1.0,1.0,1.0,1.0,1.0,95.0,event
12:10:19.973,0.5301702,0.29176587,0.23931272,0.9834308,0.6183437,-0.016064484,-0.08132525,0.58051103,0.8420924,0.18593651,0.14302127,0.9067586,1.0620887,0.36299118,0.3900916,1.013567,0.9910146,0.28786165,0.17671335,1.0803845,814.7253,807.0696,801.8315,801.4286,848.1685,-0.009521484375,0.129150390625,0.98675537109375,3.252410888671875,-4.059906005859375,0.575714111328125,1.0,1.0,1.0,1.0,1.0,95.0,event
12:10:19.973,0.5301702,0.29176587,0.23931272,0.9834308,0.6183437,-0.016064484,-0.08132525,0.58051103,0.8420924,0.18593651,0.14302127,0.9067586,1.0620887,0.36299118,0.3900916,1.013567,0.9910146,0.28786165,0.17671335,1.0803845,805.4579,807.8755,800.2198,824.3956,781.685,-0.009521484375,0.129150390625,0.98675537109375,3.252410888671875,-4.059906005859375,0.575714111328125,1.0,1.0,1.0,1.0,1.0,95.0,event
12:10:19.974,0.5301702,0.29176587,0.23931272,0.9834308,0.6183437,-0.016064484,-0.08132525,0.58051103,0.8420924,0.18593651,0.14302127,0.9067586,1.0620887,0.36299118,0.3900916,1.013567,0.9910146,0.28786165,0.17671335,1.0803845,785.7143,809.0842,806.26373,788.93774,1007.326,-0.009521484375,0.129150390625,0.98675537109375,3.252410888671875,-4.059906005859375,0.575714111328125,1.0,1.0,1.0,1.0,1.0,95.0,event
12:10:19.974,0.5301702,0.29176587,0.23931272,0.9834308,0.6183437,-0.016064484,-0.08132525,0.58051103,0.8420924,0.18593651,0.14302127,0.9067586,1.0620887,0.36299118,0.3900916,1.013567,0.9910146,0.28786165,0.17671335,1.0803845,774.43225,807.8755,803.44324,801.8315,1067.7656,-0.009521484375,0.129150390625,0.98675537109375,3.252410888671875,-4.059906005859375,0.575714111328125,1.0,1.0,1.0,1.0,1.0,95.0,event
12:10:19.975,0.5301702,0.29176587,0.23931272,0.9834308,0.6183437,-0.016064484,-0.08132525,0.58051103,0.8420924,0.18593651,0.14302127,0.9067586,1.0620887,0.36299118,0.3900916,1.013567,0.9910146,0.28786165,0.17671335,1.0803845,789.34064,807.47253,804.2491,813.5165,769.59705,-0.009521484375,0.129150390625,0.98675537109375,3.252410888671875,-4.059906005859375,0.575714111328125,1.0,1.0,1.0,1.0,1.0,95.0,event
12:10:19.976,0.5301702,0.29176587,0.23931272,0.9834308,0.6183437,-0.016064484,-0.08132525,0.58051103,0.8420924,0.18593651,0.14302127,0.9067586,1.0620887,0.36299118,0.3900916,1.013567,0.9910146,0.28786165,0.17671335,1.0803845,803.44324,801.4286,815.12823,814.3223,701.0989,-0.009521484375,0.129150390625,0.98675537109375,3.252410888671875,-4.059906005859375,0.575714111328125,1.0,1.0,1.0,1.0,1.0,95.0,event
12:10:20.040,0.5301702,0.29176587,0.23931272,0.9834308,0.6183437,-0.016064484,-0.08132525,0.58051103,0.8420924,0.18593651,0.14302127,0.9067586,1.0620887,0.36299118,0.3900916,1.013567,0.9910146,0.28786165,0.17671335,1.0803845,780.87915,792.5641,811.50183,810.696,845.7509,-0.01165771484375,0.1278076171875,0.97711181640625,2.27294921875,-4.149627685546875,-0.13458251953125,1.0,1.0,1.0,1.0,1.0,95.0,event
12:10:20.041,0.5255945,0.16789693,0.18560162,0.9872265,0.6672438,-0.105014786,-0.16437778,0.55266,0.88107,0.11780871,0.1140368,0.9067586,1.0746105,0.35576296,0.3997456,1.0129094,0.9918708,0.28151807,0.18049337,1.0712566,766.77655,793.7729,804.2491,794.9817,788.5348,-0.01165771484375,0.1278076171875,0.97711181640625,2.27294921875,-4.149627685546875,-0.13458251953125,1.0,1.0,1.0,1.0,1.0,95.0,event
12:10:20.045,0.5255945,0.16789693,0.18560162,0.9872265,0.6672438,-0.105014786,-0.16437778,0.55266,0.88107,0.11780871,0.1140368,0.9067586,1.0746105,0.35576296,0.3997456,1.0129094,0.9918708,0.28151807,0.18049337,1.0712566,794.17584,803.8461,804.65204,774.0293,693.44324,-0.01165771484375,0.1278076171875,0.97711181640625,2.27294921875,-4.149627685546875,-0.13458251953125,1.0,1.0,1.0,1.0,1.0,95.0,event
12:10:20.046,0.5255945,0.16789693,0.18560162,0.9872265,0.6672438,-0.105014786,-0.16437778,0.55266,0.88107,0.11780871,0.1140368,0.9067586,1.0746105,0.35576296,0.3997456,1.0129094,0.9918708,0.28151807,0.18049337,1.0712566,805.8608,807.47253,809.0842,785.31134,743.00366,-0.01165771484375,0.1278076171875,0.97711181640625,2.27294921875,-4.149627685546875,-0.13458251953125,1.0,1.0,1.0,1.0,1.0,95.0,event
12:10:20.047,0.5255945,0.16789693,0.18560162,0.9872265,0.6672438,-0.105014786,-0.16437778,0.55266,0.88107,0.11780871,0.1140368,0.9067586,1.0746105,0.35576296,0.3997456,1.0129094,0.9918708,0.28151807,0.18049337,1.0712566,801.4286,793.36993,815.9341,796.1905,765.9707,-0.01165771484375,0.1278076171875,0.97711181640625,2.27294921875,-4.149627685546875,-0.13458251953125,1.0,1.0,1.0,1.0,1.0,95.0,event
12:10:20.047,0.5255945,0.16789693,0.18560162,0.9872265,0.6672438,-0.105014786,-0.16437778,0.55266,0.88107,0.11780871,0.1140368,0.9067586,1.0746105,0.35576296,0.3997456,1.0129094,0.9918708,0.28151807,0.18049337,1.0712566,818.7546,804.2491,814.3223,807.8755,796.99634,-0.01165771484375,0.1278076171875,0.97711181640625,2.27294921875,-4.149627685546875,-0.13458251953125,1.0,1.0,1.0,1.0,1.0,95.0,event
12:10:20.048,0.5255945,0.16789693,0.18560162,0.9872265,0.6672438,-0.105014786,-0.16437778,0.55266,0.88107,0.11780871,0.1140368,0.9067586,1.0746105,0.35576296,0.3997456,1.0129094,0.9918708,0.28151807,0.18049337,1.0712566,792.5641,811.0989,805.8608,827.619,826.8132,-0.01165771484375,0.1278076171875,0.97711181640625,2.27294921875,-4.149627685546875,-0.13458251953125,1.0,1.0,1.0,1.0,1.0,95.0,event
12:10:20.049,0.5255945,0.16789693,0.18560162,0.9872265,0.6672438,-0.105014786,-0.16437778,0.55266,0.88107,0.11780871,0.1140368,0.9067586,1.0746105,0.35576296,0.3997456,1.0129094,0.9918708,0.28151807,0.18049337,1.0712566,763.95605,796.99634,805.05493,811.50183,810.293,-0.01165771484375,0.1278076171875,0.97711181640625,2.27294921875,-4.149627685546875,-0.13458251953125,1.0,1.0,1.0,1.0,1.0,95.0,event
12:10:20.049,0.5255945,0.16789693,0.18560162,0.9872265,0.6672438,-0.105014786,-0.16437778,0.55266,0.88107,0.11780871,0.1140368,0.9067586,1.0746105,0.35576296,0.3997456,1.0129094,0.9918708,0.28151807,0.18049337,1.0712566,763.1502,801.4286,807.8755,781.685,964.61536,-0.01165771484375,0.1278076171875,0.97711181640625,2.27294921875,-4.149627685546875,-0.13458251953125,1.0,1.0,1.0,1.0,1.0,95.0,event
12:10:20.050,0.5255945,0.16789693,0.18560162,0.9872265,0.6672438,-0.105014786,-0.16437778,0.55266,0.88107,0.11780871,0.1140368,0.9067586,1.0746105,0.35576296,0.3997456,1.0129094,0.9918708,0.28151807,0.18049337,1.0712566,784.10254,808.2784,810.696,780.4762,835.6777,-0.01165771484375,0.1278076171875,0.97711181640625,2.27294921875,-4.149627685546875,-0.13458251953125,1.0,1.0,1.0,1.0,1.0,95.0,event
12:10:20.051,0.5255945,0.16789693,0.18560162,0.9872265,0.6672438,-0.105014786,-0.16437778,0.55266,0.88107,0.11780871,0.1140368,0.9067586,1.0746105,0.35576296,0.3997456,1.0129094,0.9918708,0.28151807,0.18049337,1.0712566,819.15753,809.0842,811.50183,772.8205,641.8681,-0.01165771484375,0.1278076171875,0.97711181640625,2.27294921875,-4.149627685546875,-0.13458251953125,1.0,1.0,1.0,1.0,1.0,95.0,event
12:10:20.051,0.5255945,0.16789693,0.18560162,0.9872265,0.6672438,-0.105014786,-0.16437778,0.55266,0.88107,0.11780871,0.1140368,0.9067586,1.0746105,0.35576296,0.3997456,1.0129094,0.9918708,0.28151807,0.18049337,1.0712566,805.8608,808.68134,807.0696,782.0879,726.4835,-0.01165771484375,0.1278076171875,0.97711181640625,2.27294921875,-4.149627685546875,-0.13458251953125,1.0,1.0,1.0,1.0,1.0,95.0,event
12:10:20.075,0.5255945,0.16789693,0.18560162,0.9872265,0.6672438,-0.105014786,-0.16437778,0.55266,0.88107,0.11780871,0.1140368,0.9067586,1.0746105,0.35576296,0.3997456,1.0129094,0.9918708,0.28151807,0.18049337,1.0712566,785.7143,811.0989,804.2491,781.28204,739.3773,-0.01251220703125,0.12744140625,0.9776611328125,1.831817626953125,-3.536529541015625,-0.261688232421875,1.0,1.0,1.0,1.0,1.0,95.0,event
12:10:20.076,0.5255945,0.16789693,0.18560162,0.9872265,0.6672438,-0.105014786,-0.16437778,0.55266,0.88107,0.11780871,0.1140368,0.9067586,1.0746105,0.35576296,0.3997456,1.0129094,0.9918708,0.28151807,0.18049337,1.0712566,780.4762,808.68134,808.68134,784.90845,639.85345,-0.01251220703125,0.12744140625,0.9776611328125,1.831817626953125,-3.536529541015625,-0.261688232421875,1.0,1.0,1.0,1.0,1.0,95.0,event
12:10:20.077,0.5255945,0.16789693,0.18560162,0.9872265,0.6672438,-0.105014786,-0.16437778,0.55266,0.88107,0.11780871,0.1140368,0.9067586,1.0746105,0.35576296,0.3997456,1.0129094,0.9918708,0.28151807,0.18049337,1.0712566,784.5055,806.26373,812.71063,817.9487,683.36993,-0.01251220703125,0.12744140625,0.9776611328125,1.831817626953125,-3.536529541015625,-0.261688232421875,1.0,1.0,1.0,1.0,1.0,95.0,event
12:10:20.077,0.5255945,0.16789693,0.18560162,0.9872265,0.6672438,-0.105014786,-0.16437778,0.55266,0.88107,0.11780871,0.1140368,0.9067586,1.0746105,0.35576296,0.3997456,1.0129094,0.9918708,0.28151807,0.18049337,1.0712566,805.4579,809.89014,811.0989,804.65204,808.68134,-0.01251220703125,0.12744140625,0.9776611328125,1.831817626953125,-3.536529541015625,-0.261688232421875,1.0,1.0,1.0,1.0,1.0,95.0,event
12:10:20.078,0.5255945,0.16789693,0.18560162,0.9872265,0.6672438,-0.105014786,-0.16437778,0.55266,0.88107,0.11780871,0.1140368,0.9067586,1.0746105,0.35576296,0.3997456,1.0129094,0.9918708,0.28151807,0.18049337,1.0712566,780.87915,801.02563,802.23444,826.4103,830.84247,-0.01251220703125,0.12744140625,0.9776611328125,1.831817626953125,-3.536529541015625,-0.261688232421875,1.0,1.0,1.0,1.0,1.0,95.0,event
12:10:20.078,0.5255945,0.16789693,0.18560162,0.9872265,0.6672438,-0.105014786,-0.16437778,0.55266,0.88107,0.11780871,0.1140368,0.9067586,1.0746105,0.35576296,0.3997456,1.0129094,0.9918708,0.28151807,0.18049337,1.0712566,803.0403,805.4579,807.47253,792.1612,767.5824,-0.01251220703125,0.12744140625,0.9776611328125,1.831817626953125,-3.536529541015625,-0.261688232421875,1.0,1.0,1.0,1.0,1.0,95.0,event
12:10:20.079,0.5255945,0.16789693,0.18560162,0.9872265,0.6672438,-0.105014786,-0.16437778,0.55266,0.88107,0.11780871,0.1140368,0.9067586,1.0746105,0.35576296,0.3997456,1.0129094,0.9918708,0.28151807,0.18049337,1.0712566,782.49084,804.2491,805.4579,828.8278,923.5165,-0.01251220703125,0.12744140625,0.9776611328125,1.831817626953125,-3.536529541015625,-0.261688232421875,1.0,1.0,1.0,1.0,1.0,95.0,event
12:10:20.080,0.5255945,0.16789693,0.18560162,0.9872265,0.6672438,-0.105014786,-0.16437778,0.55266,0.88107,0.11780871,0.1140368,0.9067586,1.0746105,0.35576296,0.3997456,1.0129094,0.9918708,0.28151807,0.18049337,1.0712566,784.90845,810.696,808.2784,790.54944,1059.7069,-0.01251220703125,0.12744140625,0.9776611328125,1.831817626953125,-3.536529541015625,-0.261688232421875,1.0,1.0,1.0,1.0,1.0,95.0,event
12:10:20.080,0.5255945,0.16789693,0.18560162,0.9872265,0.6672438,-0.105014786,-0.16437778,0.55266,0.88107,0.11780871,0.1140368,0.9067586,1.0746105,0.35576296,0.3997456,1.0129094,0.9918708,0.28151807,0.18049337,1.0712566,781.685,813.1135,812.3077,770.80585,1028.6813,-0.01251220703125,0.12744140625,0.9776611328125,1.831817626953125,-3.536529541015625,-0.261688232421875,1.0,1.0,1.0,1.0,1.0,95.0,event
12:10:20.081,0.5255945,0.16789693,0.18560162,0.9872265,0.6672438,-0.105014786,-0.16437778,0.55266,0.88107,0.11780871,0.1140368,0.9067586,1.0746105,0.35576296,0.3997456,1.0129094,0.9918708,0.28151807,0.18049337,1.0712566,794.17584,814.7253,816.7399,772.4176,775.2381,-0.01251220703125,0.12744140625,0.9776611328125,1.831817626953125,-3.536529541015625,-0.261688232421875,1.0,1.0,1.0,1.0,1.0,95.0,event
12:10:20.081,0.5255945,0.16789693,0.18560162,0.9872265,0.6672438,-0.105014786,-0.16437778,0.55266,0.88107,0.11780871,0.1140368,0.9067586,1.0746105,0.35576296,0.3997456,1.0129094,0.9918708,0.28151807,0.18049337,1.0712566,790.54944,808.2784,817.5458,772.4176,782.0879,-0.01251220703125,0.12744140625,0.9776611328125,1.831817626953125,-3.536529541015625,-0.261688232421875,1.0,1.0,1.0,1.0,1.0,95.0,event
12:10:20.082,0.5255945,0.16789693,0.18560162,0.9872265,0.6672438,-0.105014786,-0.16437778,0.55266,0.88107,0.11780871,0.1140368,0.9067586,1.0746105,0.35576296,0.3997456,1.0129094,0.9918708,0.28151807,0.18049337,1.0712566,785.31134,805.4579,815.5311,789.7436,837.6923,-0.01251220703125,0.12744140625,0.9776611328125,1.831817626953125,-3.536529541015625,-0.261688232421875,1.0,1.0,1.0,1.0,1.0,95.0,event
12:10:20.106,0.5255945,0.16789693,0.18560162,0.9872265,0.6672438,-0.105014786,-0.16437778,0.55266,0.88107,0.11780871,0.1140368,0.9067586,1.0746105,0.35576296,0.3997456,1.0129094,0.9918708,0.28151807,0.18049337,1.0712566,786.1172,805.05493,810.696,811.0989,824.3956,-0.01708984375,0.1251220703125,0.9820556640625,1.62994384765625,-3.51409912109375,-0.61309814453125,1.0,1.0,1.0,1.0,1.0,95.0,event
12:10:20.107,0.5255945,0.16789693,0.18560162,0.9872265,0.6672438,-0.105014786,-0.16437778,0.55266,0.88107,0.11780871,0.1140368,0.9067586,1.0746105,0.35576296,0.3997456,1.0129094,0.9918708,0.28151807,0.18049337,1.0712566,817.1429,799.81683,808.68134,788.5348,737.3626,-0.01708984375,0.1251220703125,0.9820556640625,1.62994384765625,-3.51409912109375,-0.61309814453125,1.0,1.0,1.0,1.0,1.0,95.0,event
12:10:20.108,0.5255945,0.16789693,0.18560162,0.9872265,0.6672438,-0.105014786,-0.16437778,0.55266,0.88107,0.11780871,0.1140368,0.9067586,1.0746105,0.35576296,0.3997456,1.0129094,0.9918708,0.28151807,0.18049337,1.0712566,809.89014,803.44324,803.0403,791.3553,745.42126,-0.01708984375,0.1251220703125,0.9820556640625,1.62994384765625,-3.51409912109375,-0.61309814453125,1.0,1.0,1.0,1.0,1.0,95.0,event
12:10:20.109,0.5358072,0.018461451,0.13109365,0.98669386,0.71204555,-0.18950032,-0.26184368,0.55764467,0.9288901,-0.005952977,0.08308937,0.9067586,1.0752783,0.33897468,0.411343,1.0209119,0.9894956,0.27037337,0.18851061,1.0566345,779.67035,812.3077,807.47253,790.14655,807.0696,-0.01708984375,0.1251220703125,0.9820556640625,1.62994384765625,-3.51409912109375,-0.61309814453125,1.0,1.0,1.0,1.0,1.0,95.0,event
12:10:20.113,0.5358072,0.018461451,0.13109365,0.98669386,0.71204555,-0.18950032,-0.26184368,0.55764467,0.9288901,-0.005952977,0.08308937,0.9067586,1.0752783,0.33897468,0.411343,1.0209119,0.9894956,0.27037337,0.18851061,1.0566345,811.0989,805.8608,805.05493,808.68134,720.84247,-0.01708984375,0.1251220703125,0.9820556640625,1.62994384765625,-3.51409912109375,-0.61309814453125,1.0,1.0,1.0,1.0,1.0,95.0,event
12:10:20.113,0.5358072,0.018461451,0.13109365,0.98669386,0.71204555,-0.18950032,-0.26184368,0.55764467,0.9288901,-0.005952977,0.08308937,0.9067586,1.0752783,0.33897468,0.411343,1.0209119,0.9894956,0.27037337,0.18851061,1.0566345,802.6374,812.71063,809.4872,804.65204,718.4249,-0.01708984375,0.1251220703125,0.9820556640625,1.62994384765625,-3.51409912109375,-0.61309814453125,1.0,1.0,1.0,1.0,1.0,95.0,event
12:10:20.114,0.5358072,0.018461451,0.13109365,0.98669386,0.71204555,-0.18950032,-0.26184368,0.55764467,0.9288901,-0.005952977,0.08308937,0.9067586,1.0752783,0.33897468,0.411343,1.0209119,0.9894956,0.27037337,0.18851061,1.0566345,776.8498,800.2198,809.0842,790.14655,894.5055,-0.01708984375,0.1251220703125,0.9820556640625,1.62994384765625,-3.51409912109375,-0.61309814453125,1.0,1.0,1.0,1.0,1.0,95.0,event
12:10:20.115,0.5358072,0.018461451,0.13109365,0.98669386,0.71204555,-0.18950032,-0.26184368,0.55764467,0.9288901,-0.005952977,0.08308937,0.9067586,1.0752783,0.33897468,0.411343,1.0209119,0.9894956,0.27037337,0.18851061,1.0566345,763.95605,802.6374,809.89014,788.5348,1058.4982,-0.01708984375,0.1251220703125,0.9820556640625,1.62994384765625,-3.51409912109375,-0.61309814453125,1.0,1.0,1.0,1.0,1.0,95.0,event
12:10:20.115,0.5358072,0.018461451,0.13109365,0.98669386,0.71204555,-0.18950032,-0.26184368,0.55764467,0.9288901,-0.005952977,0.08308937,0.9067586,1.0752783,0.33897468,0.411343,1.0209119,0.9894956,0.27037337,0.18851061,1.0566345,793.36993,807.8755,800.6227,796.99634,834.4689,-0.01708984375,0.1251220703125,0.9820556640625,1.62994384765625,-3.51409912109375,-0.61309814453125,1.0,1.0,1.0,1.0,1.0,95.0,event
12:10:20.116,0.5358072,0.018461451,0.13109365,0.98669386,0.71204555,-0.18950032,-0.26184368,0.55764467,0.9288901,-0.005952977,0.08308937,0.9067586,1.0752783,0.33897468,0.411343,1.0209119,0.9894956,0.27037337,0.18851061,1.0566345,795.78754,802.23444,791.3553,817.1429,662.01465,-0.01708984375,0.1251220703125,0.9820556640625,1.62994384765625,-3.51409912109375,-0.61309814453125,1.0,1.0,1.0,1.0,1.0,95.0,event
12:10:20.116,0.5358072,0.018461451,0.13109365,0.98669386,0.71204555,-0.18950032,-0.26184368,0.55764467,0.9288901,-0.005952977,0.08308937,0.9067586,1.0752783,0.33897468,0.411343,1.0209119,0.9894956,0.27037337,0.18851061,1.0566345,768.7912,796.5934,804.65204,811.50183,815.12823,-0.01708984375,0.1251220703125,0.9820556640625,1.62994384765625,-3.51409912109375,-0.61309814453125,1.0,1.0,1.0,1.0,1.0,95.0,event
12:10:20.117,0.5358072,0.018461451,0.13109365,0.98669386,0.71204555,-0.18950032,-0.26184368,0.55764467,0.9288901,-0.005952977,0.08308937,0.9067586,1.0752783,0.33897468,0.411343,1.0209119,0.9894956,0.27037337,0.18851061,1.0566345,770.0,804.2491,814.7253,803.44324,829.2308,-0.01708984375,0.1251220703125,0.9820556640625,1.62994384765625,-3.51409912109375,-0.61309814453125,1.0,1.0,1.0,1.0,1.0,95.0,event
12:10:20.214,0.5358072,0.018461451,0.13109365,0.98669386,0.71204555,-0.18950032,-0.26184368,0.55764467,0.9288901,-0.005952977,0.08308937,0.9067586,1.0752783,0.33897468,0.411343,1.0209119,0.9894956,0.27037337,0.18851061,1.0566345,778.46155,813.5165,810.293,802.6374,715.6044,-0.01708984375,0.1251220703125,0.9820556640625,1.62994384765625,-3.51409912109375,-0.61309814453125,1.0,1.0,1.0,1.0,1.0,95.0,event
12:10:20.215,0.5358072,0.018461451,0.13109365,0.98669386,0.71204555,-0.18950032,-0.26184368,0.55764467,0.9288901,-0.005952977,0.08308937,0.9067586,1.0752783,0.33897468,0.411343,1.0209119,0.9894956,0.27037337,0.18851061,1.0566345,777.25275,809.4872,810.293,798.20514,730.9158,-0.01708984375,0.1251220703125,0.9820556640625,1.62994384765625,-3.51409912109375,-0.61309814453125,1.0,1.0,1.0,1.0,1.0,95.0,event
12:10:20.216,0.5358072,0.018461451,0.13109365,0.98669386,0.71204555,-0.18950032,-0.26184368,0.55764467,0.9288901,-0.005952977,0.08308937,0.9067586,1.0752783,0.33897468,0.411343,1.0209119,0.9894956,0.27037337,0.18851061,1.0566345,783.69965,798.60803,813.1135,783.69965,798.60803,-0.01708984375,0.1251220703125,0.9820556640625,1.62994384765625,-3.51409912109375,-0.61309814453125,1.0,1.0,1.0,1.0,1.0,95.0,event
12:10:20.217,0.5358072,0.018461451,0.13109365,0.98669386,0.71204555,-0.18950032,-0.26184368,0.55764467,0.9288901,-0.005952977,0.08308937,0.9067586,1.0752783,0.33897468,0.411343,1.0209119,0.9894956,0.27037337,0.18851061,1.0566345,798.20514,796.99634,808.2784,773.22345,843.3333,-0.01708984375,0.1251220703125,0.9820556640625,1.62994384765625,-3.51409912109375,-0.61309814453125,1.0,1.0,1.0,1.0,1.0,95.0,event
12:10:20.218,0.5358072,0.018461451,0.13109365,0.98669386,0.71204555,-0.18950032,-0.26184368,0.55764467,0.9288901,-0.005952977,0.08308937,0.9067586,1.0752783,0.33897468,0.411343,1.0209119,0.9894956,0.27037337,0.18851061,1.0566345,801.4286,805.4579,800.6227,778.86444,834.0659,-0.01708984375,0.1251220703125,0.9820556640625,1.62994384765625,-3.51409912109375,-0.61309814453125,1.0,1.0,1.0,1.0,1.0,95.0,event
12:10:20.220,0.5358072,0.018461451,0.13109365,0.98669386,0.71204555,-0.18950032,-0.26184368,0.55764467,0.9288901,-0.005952977,0.08308937,0.9067586,1.0752783,0.33897468,0.411343,1.0209119,0.9894956,0.27037337,0.18851061,1.0566345,811.0989,811.50183,798.20514,801.4286,823.1868,-0.01708984375,0.1251220703125,0.9820556640625,1.62994384765625,-3.51409912109375,-0.61309814453125,1.0,1.0,1.0,1.0,1.0,95.0,event
12:10:20.221,0.5358072,0.018461451,0.13109365,0.98669386,0.71204555,-0.18950032,-0.26184368,0.55764467,0.9288901,-0.005952977,0.08308937,0.9067586,1.0752783,0.33897468,0.411343,1.0209119,0.9894956,0.27037337,0.18851061,1.0566345,802.6374,807.0696,807.0696,817.9487,1018.20514,-0.01708984375,0.1251220703125,0.9820556640625,1.62994384765625,-3.51409912109375,-0.61309814453125,1.0,1.0,1.0,1.0,1.0,95.0,event
12:10:20.222,0.5358072,0.018461451,0.13109365,0.98669386,0.71204555,-0.18950032,-0.26184368,0.55764467,0.9288901,-0.005952977,0.08308937,0.9067586,1.0752783,0.33897468,0.411343,1.0209119,0.9894956,0.27037337,0.18851061,1.0566345,761.13556,809.4872,817.5458,782.8938,1083.8828,-0.01708984375,0.1251220703125,0.9820556640625,1.62994384765625,-3.51409912109375,-0.61309814453125,1.0,1.0,1.0,1.0,1.0,95.0,event
12:10:20.223,0.5358072,0.018461451,0.13109365,0.98669386,0.71204555,-0.18950032,-0.26184368,0.55764467,0.9288901,-0.005952977,0.08308937,0.9067586,1.0752783,0.33897468,0.411343,1.0209119,0.9894956,0.27037337,0.18851061,1.0566345,749.85345,813.5165,813.5165,782.8938,816.337,-0.01708984375,0.1251220703125,0.9820556640625,1.62994384765625,-3.51409912109375,-0.61309814453125,1.0,1.0,1.0,1.0,1.0,95.0,event
12:10:20.223,0.5358072,0.018461451,0.13109365,0.98669386,0.71204555,-0.18950032,-0.26184368,0.55764467,0.9288901,-0.005952977,0.08308937,0.9067586,1.0752783,0.33897468,0.411343,1.0209119,0.9894956,0.27037337,0.18851061,1.0566345,773.22345,805.4579,805.4579,803.44324,773.22345,-0.01708984375,0.1251220703125,0.9820556640625,1.62994384765625,-3.51409912109375,-0.61309814453125,1.0,1.0,1.0,1.0,1.0,95.0,event
12:10:20.224,0.5358072,0.018461451,0.13109365,0.98669386,0.71204555,-0.18950032,-0.26184368,0.55764467,0.9288901,-0.005952977,0.08308937,0.9067586,1.0752783,0.33897468,0.411343,1.0209119,0.9894956,0.27037337,0.18851061,1.0566345,765.16486,795.38464,801.4286,777.25275,825.2015,-0.01708984375,0.1251220703125,0.9820556640625,1.62994384765625,-3.51409912109375,-0.61309814453125,1.0,1.0,1.0,1.0,1.0,95.0,event
12:10:20.225,0.5358072,0.018461451,0.13109365,0.98669386,0.71204555,-0.18950032,-0.26184368,0.55764467,0.9288901,-0.005952977,0.08308937,0.9067586,1.0752783,0.33897468,0.411343,1.0209119,0.9894956,0.27037337,0.18851061,1.0566345,770.0,796.99634,807.47253,764.35895,734.1392,-0.01708984375,0.1251220703125,0.9820556640625,1.62994384765625,-3.51409912109375,-0.61309814453125,1.0,1.0,1.0,1.0,1.0,95.0,event
12:10:20.261,0.5358072,0.018461451,0.13109365,0.98669386,0.71204555,-0.18950032,-0.26184368,0.55764467,0.9288901,-0.005952977,0.08308937,0.9067586,1.0752783,0.33897468,0.411343,1.0209119,0.9894956,0.27037337,0.18851061,1.0566345,756.7033,805.05493,811.0989,772.4176,694.65204,-0.0164794921875,0.122314453125,0.98004150390625,0.9271240234375,-3.865509033203125,-1.233673095703125,1.0,1.0,1.0,1.0,1.0,95.0,event
12:10:20.262,0.5358072,0.018461451,0.13109365,0.98669386,0.71204555,-0.18950032,-0.26184368,0.55764467,0.9288901,-0.005952977,0.08308937,0.9067586,1.0752783,0.33897468,0.411343,1.0209119,0.9894956,0.27037337,0.18851061,1.0566345,763.1502,808.2784,805.8608,784.90845,711.978,-0.0164794921875,0.122314453125,0.98004150390625,0.9271240234375,-3.865509033203125,-1.233673095703125,1.0,1.0,1.0,1.0,1.0,95.0,event
12:10:20.264,0.5358072,0.018461451,0.13109365,0.98669386,0.71204555,-0.18950032,-0.26184368,0.55764467,0.9288901,-0.005952977,0.08308937,0.9067586,1.0752783,0.33897468,0.411343,1.0209119,0.9894956,0.27037337,0.18851061,1.0566345,776.8498,796.1905,812.3077,807.47253,776.4469,-0.0164794921875,0.122314453125,0.98004150390625,0.9271240234375,-3.865509033203125,-1.233673095703125,1.0,1.0,1.0,1.0,1.0,95.0,event
12:10:20.266,0.5358072,0.018461451,0.13109365,0.98669386,0.71204555,-0.18950032,-0.26184368,0.55764467,0.9288901,-0.005952977,0.08308937,0.9067586,1.0752783,0.33897468,0.411343,1.0209119,0.9894956,0.27037337,0.18851061,1.0566345,782.49084,791.3553,815.9341,808.68134,783.2967,-0.0164794921875,0.122314453125,0.98004150390625,0.9271240234375,-3.865509033203125,-1.233673095703125,1.0,1.0,1.0,1.0,1.0,95.0,event
12:10:20.267,0.5358072,0.018461451,0.13109365,0.98669386,0.71204555,-0.18950032,-0.26184368,0.55764467,0.9288901,-0.005952977,0.08308937,0.9067586,1.0752783,0.33897468,0.411343,1.0209119,0.9894956,0.27037337,0.18851061,1.0566345,808.2784,798.20514,808.2784,796.99634,714.3956,-0.0164794921875,0.122314453125,0.98004150390625,0.9271240234375,-3.865509033203125,-1.233673095703125,1.0,1.0,1.0,1.0,1.0,95.0,event
12:10:20.270,0.5532533,-0.11973504,0.08500841,0.9759194,0.7325231,-0.2475822,-0.3427101,0.57277656,0.93029875,-0.11098936,0.065267175,0.8977794,1.0628412,0.31487143,0.41992134,1.0336517,0.9862622,0.24963826,0.19632731,1.0395513,811.9048,806.26373,794.9817,800.2198,809.0842,-0.0164794921875,0.122314453125,0.98004150390625,0.9271240234375,-3.865509033203125,-1.233673095703125,1.0,1.0,1.0,1.0,1.0,95.0,event
12:10:20.274,0.5532533,-0.11973504,0.08500841,0.9759194,0.7325231,-0.2475822,-0.3427101,0.57277656,0.93029875,-0.11098936,0.065267175,0.8977794,1.0628412,0.31487143,0.41992134,1.0336517,0.9862622,0.24963826,0.19632731,1.0395513,792.5641,796.5934,805.4579,821.1722,999.67035,-0.0164794921875,0.122314453125,0.98004150390625,0.9271240234375,-3.865509033203125,-1.233673095703125,1.0,1.0,1.0,1.0,1.0,95.0,event
12:10:20.275,0.5532533,-0.11973504,0.08500841,0.9759194,0.7325231,-0.2475822,-0.3427101,0.57277656,0.93029875,-0.11098936,0.065267175,0.8977794,1.0628412,0.31487143,0.41992134,1.0336517,0.9862622,0.24963826,0.19632731,1.0395513,778.86444,785.7143,821.1722,798.60803,938.022,-0.0164794921875,0.122314453125,0.98004150390625,0.9271240234375,-3.865509033203125,-1.233673095703125,1.0,1.0,1.0,1.0,1.0,95.0,event
12:10:20.275,0.5532533,-0.11973504,0.08500841,0.9759194,0.7325231,-0.2475822,-0.3427101,0.57277656,0.93029875,-0.11098936,0.065267175,0.8977794,1.0628412,0.31487143,0.41992134,1.0336517,0.9862622,0.24963826,0.19632731,1.0395513,795.78754,798.20514,813.1135,793.7729,743.8095,-0.0164794921875,0.122314453125,0.98004150390625,0.9271240234375,-3.865509033203125,-1.233673095703125,1.0,1.0,1.0,1.0,1.0,95.0,event
12:10:20.276,0.5532533,-0.11973504,0.08500841,0.9759194,0.7325231,-0.2475822,-0.3427101,0.57277656,0.93029875,-0.11098936,0.065267175,0.8977794,1.0628412,0.31487143,0.41992134,1.0336517,0.9862622,0.24963826,0.19632731,1.0395513,799.41394,802.23444,803.0403,802.6374,738.97437,-0.0164794921875,0.122314453125,0.98004150390625,0.9271240234375,-3.865509033203125,-1.233673095703125,1.0,1.0,1.0,1.0,1.0,95.0,event
12:10:20.276,0.5532533,-0.11973504,0.08500841,0.9759194,0.7325231,-0.2475822,-0.3427101,0.57277656,0.93029875,-0.11098936,0.065267175,0.8977794,1.0628412,0.31487143,0.41992134,1.0336517,0.9862622,0.24963826,0.19632731,1.0395513,778.0586,796.1905,807.0696,789.34064,934.7985,-0.0164794921875,0.122314453125,0.98004150390625,0.9271240234375,-3.865509033203125,-1.233673095703125,1.0,1.0,1.0,1.0,1.0,95.0,event
12:10:20.277,0.5532533,-0.11973504,0.08500841,0.9759194,0.7325231,-0.2475822,-0.3427101,0.57277656,0.93029875,-0.11098936,0.065267175,0.8977794,1.0628412,0.31487143,0.41992134,1.0336517,0.9862622,0.24963826,0.19632731,1.0395513,762.3443,801.4286,802.23444,786.52014,813.1135,-0.0164794921875,0.122314453125,0.98004150390625,0.9271240234375,-3.865509033203125,-1.233673095703125,1.0,1.0,1.0,1.0,1.0,95.0,event
12:10:20.304,0.5532533,-0.11973504,0.08500841,0.9759194,0.7325231,-0.2475822,-0.3427101,0.57277656,0.93029875,-0.11098936,0.065267175,0.8977794,1.0628412,0.31487143,0.41992134,1.0336517,0.9862622,0.24963826,0.19632731,1.0395513,768.7912,807.8755,798.60803,791.75824,719.2308,-0.01092529296875,0.12322998046875,0.9866943359375,1.6748046875,-4.53094482421875,-1.143951416015625,1.0,1.0,1.0,1.0,1.0,95.0,event
12:10:20.305,0.5532533,-0.11973504,0.08500841,0.9759194,0.7325231,-0.2475822,-0.3427101,0.57277656,0.93029875,-0.11098936,0.065267175,0.8977794,1.0628412,0.31487143,0.41992134,1.0336517,0.9862622,0.24963826,0.19632731,1.0395513,770.40295,798.20514,826.8132,776.8498,774.83514,-0.01092529296875,0.12322998046875,0.9866943359375,1.6748046875,-4.53094482421875,-1.143951416015625,1.0,1.0,1.0,1.0,1.0,95.0,event
12:10:20.305,0.5532533,-0.11973504,0.08500841,0.9759194,0.7325231,-0.2475822,-0.3427101,0.57277656,0.93029875,-0.11098936,0.065267175,0.8977794,1.0628412,0.31487143,0.41992134,1.0336517,0.9862622,0.24963826,0.19632731,1.0395513,776.8498,802.23444,819.9634,782.0879,823.1868,-0.01092529296875,0.12322998046875,0.9866943359375,1.6748046875,-4.53094482421875,-1.143951416015625,1.0,1.0,1.0,1.0,1.0,95.0,event
12:10:20.306,0.5532533,-0.11973504,0.08500841,0.9759194,0.7325231,-0.2475822,-0.3427101,0.57277656,0.93029875,-0.11098936,0.065267175,0.8977794,1.0628412,0.31487143,0.41992134,1.0336517,0.9862622,0.24963826,0.19632731,1.0395513,776.4469,793.7729,821.978,790.9524,697.47253,-0.01092529296875,0.12322998046875,0.9866943359375,1.6748046875,-4.53094482421875,-1.143951416015625,1.0,1.0,1.0,1.0,1.0,95.0,event
12:10:20.306,0.5532533,-0.11973504,0.08500841,0.9759194,0.7325231,-0.2475822,-0.3427101,0.57277656,0.93029875,-0.11098936,0.065267175,0.8977794,1.0628412,0.31487143,0.41992134,1.0336517,0.9862622,0.24963826,0.19632731,1.0395513,779.2674,790.14655,816.337,793.7729,751.06226,-0.01092529296875,0.12322998046875,0.9866943359375,1.6748046875,-4.53094482421875,-1.143951416015625,1.0,1.0,1.0,1.0,1.0,95.0,event
12:10:20.307,0.5532533,-0.11973504,0.08500841,0.9759194,0.7325231,-0.2475822,-0.3427101,0.57277656,0.93029875,-0.11098936,0.065267175,0.8977794,1.0628412,0.31487143,0.41992134,1.0336517,0.9862622,0.24963826,0.19632731,1.0395513,802.6374,790.14655,814.3223,812.71063,937.2161,-0.01092529296875,0.12322998046875,0.9866943359375,1.6748046875,-4.53094482421875,-1.143951416015625,1.0,1.0,1.0,1.0,1.0,95.0,event
12:10:20.308,0.5532533,-0.11973504,0.08500841,0.9759194,0.7325231,-0.2475822,-0.3427101,0.57277656,0.93029875,-0.11098936,0.065267175,0.8977794,1.0628412,0.31487143,0.41992134,1.0336517,0.9862622,0.24963826,0.19632731,1.0395513,822.7839,786.9231,811.50183,830.4396,984.7619,-0.01092529296875,0.12322998046875,0.9866943359375,1.6748046875,-4.53094482421875,-1.143951416015625,1.0,1.0,1.0,1.0,1.0,95.0,event
12:10:20.308,0.5532533,-0.11973504,0.08500841,0.9759194,0.7325231,-0.2475822,-0.3427101,0.57277656,0.93029875,-0.11098936,0.065267175,0.8977794,1.0628412,0.31487143,0.41992134,1.0336517,0.9862622,0.24963826,0.19632731,1.0395513,813.91943,806.6667,803.0403,792.96704,771.6117,-0.01092529296875,0.12322998046875,0.9866943359375,1.6748046875,-4.53094482421875,-1.143951416015625,1.0,1.0,1.0,1.0,1.0,95.0,event
12:10:20.309,0.5532533,-0.11973504,0.08500841,0.9759194,0.7325231,-0.2475822,-0.3427101,0.57277656,0.93029875,-0.11098936,0.065267175,0.8977794,1.0628412,0.31487143,0.41992134,1.0336517,0.9862622,0.24963826,0.19632731,1.0395513,800.2198,820.7692,797.3993,779.2674,687.3993,-0.01092529296875,0.12322998046875,0.9866943359375,1.6748046875,-4.53094482421875,-1.143951416015625,1.0,1.0,1.0,1.0,1.0,95.0,event
12:10:20.309,0.5532533,-0.11973504,0.08500841,0.9759194,0.7325231,-0.2475822,-0.3427101,0.57277656,0.93029875,-0.11098936,0.065267175,0.8977794,1.0628412,0.31487143,0.41992134,1.0336517,0.9862622,0.24963826,0.19632731,1.0395513,795.78754,807.0696,803.44324,803.8461,975.09155,-0.01092529296875,0.12322998046875,0.9866943359375,1.6748046875,-4.53094482421875,-1.143951416015625,1.0,1.0,1.0,1.0,1.0,95.0,event
12:10:20.310,0.5532533,-0.11973504,0.08500841,0.9759194,0.7325231,-0.2475822,-0.3427101,0.57277656,0.93029875,-0.11098936,0.065267175,0.8977794,1.0628412,0.31487143,0.41992134,1.0336517,0.9862622,0.24963826,0.19632731,1.0395513,791.3553,803.0403,809.89014,786.9231,1014.9817,-0.01092529296875,0.12322998046875,0.9866943359375,1.6748046875,-4.53094482421875,-1.143951416015625,1.0,1.0,1.0,1.0,1.0,95.0,event
12:10:20.310,0.5532533,-0.11973504,0.08500841,0.9759194,0.7325231,-0.2475822,-0.3427101,0.57277656,0.93029875,-0.11098936,0.065267175,0.8977794,1.0628412,0.31487143,0.41992134,1.0336517,0.9862622,0.24963826,0.19632731,1.0395513,773.6264,808.2784,806.6667,773.22345,770.40295,-0.01092529296875,0.12322998046875,0.9866943359375,1.6748046875,-4.53094482421875,-1.143951416015625,1.0,1.0,1.0,1.0,1.0,95.0,event
12:10:20.311,0.5532533,-0.11973504,0.08500841,0.9759194,0.7325231,-0.2475822,-0.3427101,0.57277656,0.93029875,-0.11098936,0.065267175,0.8977794,1.0628412,0.31487143,0.41992134,1.0336517,0.9862622,0.24963826,0.19632731,1.0395513,798.20514,809.89014,799.41394,810.696,810.293,-0.00958251953125,0.1240234375,0.97637939453125,1.876678466796875,-4.149627685546875,-0.059814453125,1.0,1.0,1.0,1.0,1.0,95.0,event
12:10:20.311,0.5532533,-0.11973504,0.08500841,0.9759194,0.7325231,-0.2475822,-0.3427101,0.57277656,0.93029875,-0.11098936,0.065267175,0.8977794,1.0628412,0.31487143,0.41992134,1.0336517,0.9862622,0.24963826,0.19632731,1.0395513,767.98535,810.696,799.41394,782.49084,730.5128,-0.00958251953125,0.1240234375,0.97637939453125,1.876678466796875,-4.149627685546875,-0.059814453125,1.0,1.0,1.0,1.0,1.0,95.0,event
12:10:20.312,0.5532533,-0.11973504,0.08500841,0.9759194,0.7325231,-0.2475822,-0.3427101,0.57277656,0.93029875,-0.11098936,0.065267175,0.8977794,1.0628412,0.31487143,0.41992134,1.0336517,0.9862622,0.24963826,0.19632731,1.0395513,811.9048,797.3993,811.0989,823.9927,740.989,-0.00958251953125,0.1240234375,0.97637939453125,1.876678466796875,-4.149627685546875,-0.059814453125,1.0,1.0,1.0,1.0,1.0,95.0,event
12:10:20.312,0.5532533,-0.11973504,0.08500841,0.9759194,0.7325231,-0.2475822,-0.3427101,0.57277656,0.93029875,-0.11098936,0.065267175,0.8977794,1.0628412,0.31487143,0.41992134,1.0336517,0.9862622,0.24963826,0.19632731,1.0395513,794.9817,797.8022,818.7546,817.9487,681.75824,-0.00958251953125,0.1240234375,0.97637939453125,1.876678466796875,-4.149627685546875,-0.059814453125,1.0,1.0,1.0,1.0,1.0,95.0,event
12:10:20.313,0.5532533,-0.11973504,0.08500841,0.9759194,0.7325231,-0.2475822,-0.3427101,0.57277656,0.93029875,-0.11098936,0.065267175,0.8977794,1.0628412,0.31487143,0.41992134,1.0336517,0.9862622,0.24963826,0.19632731,1.0395513,798.20514,809.0842,810.696,812.71063,803.8461,-0.00958251953125,0.1240234375,0.97637939453125,1.876678466796875,-4.149627685546875,-0.059814453125,1.0,1.0,1.0,1.0,1.0,95.0,event
12:10:20.313,0.5532533,-0.11973504,0.08500841,0.9759194,0.7325231,-0.2475822,-0.3427101,0.57277656,0.93029875,-0.11098936,0.065267175,0.8977794,1.0628412,0.31487143,0.41992134,1.0336517,0.9862622,0.24963826,0.19632731,1.0395513,786.1172,802.6374,804.65204,792.96704,906.99634,-0.00958251953125,0.1240234375,0.97637939453125,1.876678466796875,-4.149627685546875,-0.059814453125,1.0,1.0,1.0,1.0,1.0,95.0,event
12:10:20.314,0.5532533,-0.11973504,0.08500841,0.9759194,0.7325231,-0.2475822,-0.3427101,0.57277656,0.93029875,-0.11098936,0.065267175,0.8977794,1.0628412,0.31487143,0.41992134,1.0336517,0.9862622,0.24963826,0.19632731,1.0395513,786.52014,792.5641,814.7253,779.67035,849.3773,-0.00958251953125,0.1240234375,0.97637939453125,1.876678466796875,-4.149627685546875,-0.059814453125,1.0,1.0,1.0,1.0,1.0,95.0,event
12:10:20.314,0.56283826,-0.20956776,0.06441515,0.9461314,0.72136635,-0.2811159,-0.39042002,0.58641124,0.92546916,-0.09347914,0.065267175,0.88334894,1.0429423,0.28796417,0.41999444,1.0363126,0.9820311,0.21633694,0.19929919,1.0304242,792.96704,799.41394,816.7399,782.0879,724.4689,-0.00958251953125,0.1240234375,0.97637939453125,1.876678466796875,-4.149627685546875,-0.059814453125,1.0,1.0,1.0,1.0,1.0,95.0,event
12:10:20.318,0.56283826,-0.20956776,0.06441515,0.9461314,0.72136635,-0.2811159,-0.39042002,0.58641124,0.92546916,-0.09347914,0.065267175,0.88334894,1.0429423,0.28796417,0.41999444,1.0363126,0.9820311,0.21633694,0.19929919,1.0304242,774.83514,803.44324,807.8755,793.7729,810.696,-0.00958251953125,0.1240234375,0.97637939453125,1.876678466796875,-4.149627685546875,-0.059814453125,1.0,1.0,1.0,1.0,1.0,95.0,event
12:10:20.319,0.56283826,-0.20956776,0.06441515,0.9461314,0.72136635,-0.2811159,-0.39042002,0.58641124,0.92546916,-0.09347914,0.065267175,0.88334894,1.0429423,0.28796417,0.41999444,1.0363126,0.9820311,0.21633694,0.19929919,1.0304242,785.31134,804.65204,808.2784,825.2015,1055.6776,-0.00958251953125,0.1240234375,0.97637939453125,1.876678466796875,-4.149627685546875,-0.059814453125,1.0,1.0,1.0,1.0,1.0,95.0,event
12:10:20.319,0.56283826,-0.20956776,0.06441515,0.9461314,0.72136635,-0.2811159,-0.39042002,0.58641124,0.92546916,-0.09347914,0.065267175,0.88334894,1.0429423,0.28796417,0.41999444,1.0363126,0.9820311,0.21633694,0.19929919,1.0304242,821.5751,803.44324,812.71063,814.7253,888.46155,-0.00958251953125,0.1240234375,0.97637939453125,1.876678466796875,-4.149627685546875,-0.059814453125,1.0,1.0,1.0,1.0,1.0,95.0,event
12:10:20.320,0.56283826,-0.20956776,0.06441515,0.9461314,0.72136635,-0.2811159,-0.39042002,0.58641124,0.92546916,-0.09347914,0.065267175,0.88334894,1.0429423,0.28796417,0.41999444,1.0363126,0.9820311,0.21633694,0.19929919,1.0304242,819.9634,799.011,811.50183,780.87915,737.3626,-0.00958251953125,0.1240234375,0.97637939453125,1.876678466796875,-4.149627685546875,-0.059814453125,1.0,1.0,1.0,1.0,1.0,95.0,event
12:10:20.359,0.56283826,-0.20956776,0.06441515,0.9461314,0.72136635,-0.2811159,-0.39042002,0.58641124,0.92546916,-0.09347914,0.065267175,0.88334894,1.0429423,0.28796417,0.41999444,1.0363126,0.9820311,0.21633694,0.19929919,1.0304242,774.43225,803.0403,806.26373,779.67035,830.0366,-0.015380859375,0.1182861328125,0.97882080078125,1.921539306640625,-3.7982177734375,-0.186920166015625,1.0,1.0,1.0,1.0,1.0,95.0,event
12:10:20.360,0.56283826,-0.20956776,0.06441515,0.9461314,0.72136635,-0.2811159,-0.39042002,0.58641124,0.92546916,-0.09347914,0.065267175,0.88334894,1.0429423,0.28796417,0.41999444,1.0363126,0.9820311,0.21633694,0.19929919,1.0304242,769.59705,806.6667,804.2491,791.75824,829.2308,-0.015380859375,0.1182861328125,0.97882080078125,1.921539306640625,-3.7982177734375,-0.186920166015625,1.0,1.0,1.0,1.0,1.0,95.0,event
12:10:20.361,0.56283826,-0.20956776,0.06441515,0.9461314,0.72136635,-0.2811159,-0.39042002,0.58641124,0.92546916,-0.09347914,0.065267175,0.88334894,1.0429423,0.28796417,0.41999444,1.0363126,0.9820311,0.21633694,0.19929919,1.0304242,778.46155,808.68134,797.8022,797.3993,780.87915,-0.015380859375,0.1182861328125,0.97882080078125,1.921539306640625,-3.7982177734375,-0.186920166015625,1.0,1.0,1.0,1.0,1.0,95.0,event
12:10:20.361,0.56283826,-0.20956776,0.06441515,0.9461314,0.72136635,-0.2811159,-0.39042002,0.58641124,0.92546916,-0.09347914,0.065267175,0.88334894,1.0429423,0.28796417,0.41999444,1.0363126,0.9820311,0.21633694,0.19929919,1.0304242,784.5055,802.6374,801.02563,816.7399,786.9231,-0.015380859375,0.1182861328125,0.97882080078125,1.921539306640625,-3.7982177734375,-0.186920166015625,1.0,1.0,1.0,1.0,1.0,95.0,event
12:10:20.362,0.56283826,-0.20956776,0.06441515,0.9461314,0.72136635,-0.2811159,-0.39042002,0.58641124,0.92546916,-0.09347914,0.065267175,0.88334894,1.0429423,0.28796417,0.41999444,1.0363126,0.9820311,0.21633694,0.19929919,1.0304242,786.1172,798.20514,814.7253,830.84247,815.9341,-0.015380859375,0.1182861328125,0.97882080078125,1.921539306640625,-3.7982177734375,-0.186920166015625,1.0,1.0,1.0,1.0,1.0,95.0,event
12:10:20.362,0.56283826,-0.20956776,0.06441515,0.9461314,0.72136635,-0.2811159,-0.39042002,0.58641124,0.92546916,-0.09347914,0.065267175,0.88334894,1.0429423,0.28796417,0.41999444,1.0363126,0.9820311,0.21633694,0.19929919,1.0304242,774.83514,803.8461,811.9048,795.78754,815.5311,-0.015380859375,0.1182861328125,0.97882080078125,1.921539306640625,-3.7982177734375,-0.186920166015625,1.0,1.0,1.0,1.0,1.0,95.0,event
12:10:20.363,0.56283826,-0.20956776,0.06441515,0.9461314,0.72136635,-0.2811159,-0.39042002,0.58641124,0.92546916,-0.09347914,0.065267175,0.88334894,1.0429423,0.28796417,0.41999444,1.0363126,0.9820311,0.21633694,0.19929919,1.0304242,807.47253,809.4872,809.0842,784.10254,813.1135,-0.015380859375,0.1182861328125,0.97882080078125,1.921539306640625,-3.7982177734375,-0.186920166015625,1.0,1.0,1.0,1.0,1.0,95.0,event
12:10:20.364,0.56283826,-0.20956776,0.06441515,0.9461314,0.72136635,-0.2811159,-0.39042002,0.58641124,0.92546916,-0.09347914,0.065267175,0.88334894,1.0429423,0.28796417,0.41999444,1.0363126,0.9820311,0.21633694,0.19929919,1.0304242,816.7399,810.696,807.0696,793.7729,761.53845,-0.015380859375,0.1182861328125,0.97882080078125,1.921539306640625,-3.7982177734375,-0.186920166015625,1.0,1.0,1.0,1.0,1.0,95.0,event
12:10:20.365,0.56283826,-0.20956776,0.06441515,0.9461314,0.72136635,-0.2811159,-0.39042002,0.58641124,0.92546916,-0.09347914,0.065267175,0.88334894,1.0429423,0.28796417,0.41999444,1.0363126,0.9820311,0.21633694,0.19929919,1.0304242,781.28204,810.293,811.50183,793.36993,913.8461,-0.015380859375,0.1182861328125,0.97882080078125,1.921539306640625,-3.7982177734375,-0.186920166015625,1.0,1.0,1.0,1.0,1.0,95.0,event
12:10:20.366,0.56283826,-0.20956776,0.06441515,0.9461314,0.72136635,-0.2811159,-0.39042002,0.58641124,0.92546916,-0.09347914,0.065267175,0.88334894,1.0429423,0.28796417,0.41999444,1.0363126,0.9820311,0.21633694,0.19929919,1.0304242,778.0586,809.89014,814.3223,799.011,930.3663,-0.015380859375,0.1182861328125,0.97882080078125,1.921539306640625,-3.7982177734375,-0.186920166015625,1.0,1.0,1.0,1.0,1.0,95.0,event
12:10:20.367,0.56283826,-0.20956776,0.06441515,0.9461314,0.72136635,-0.2811159,-0.39042002,0.58641124,0.92546916,-0.09347914,0.065267175,0.88334894,1.0429423,0.28796417,0.41999444,1.0363126,0.9820311,0.21633694,0.19929919,1.0304242,767.98535,803.8461,812.3077,788.93774,705.5311,-0.015380859375,0.1182861328125,0.97882080078125,1.921539306640625,-3.7982177734375,-0.186920166015625,1.0,1.0,1.0,1.0,1.0,95.0,event
12:10:20.368,0.56283826,-0.20956776,0.06441515,0.9461314,0.72136635,-0.2811159,-0.39042002,0.58641124,0.92546916,-0.09347914,0.065267175,0.88334894,1.0429423,0.28796417,0.41999444,1.0363126,0.9820311,0.21633694,0.19929919,1.0304242,785.7143,801.02563,810.696,794.17584,715.2015,-0.015380859375,0.1182861328125,0.97882080078125,1.921539306640625,-3.7982177734375,-0.186920166015625,1.0,1.0,1.0,1.0,1.0,95.0,event
12:10:20.407,0.56283826,-0.20956776,0.06441515,0.9461314,0.72136635,-0.2811159,-0.39042002,0.58641124,0.92546916,-0.09347914,0.065267175,0.88334894,1.0429423,0.28796417,0.41999444,1.0363126,0.9820311,0.21633694,0.19929919,1.0304242,799.81683,808.2784,809.4872,808.68134,847.3626,-0.015380859375,0.1182861328125,0.97882080078125,1.921539306640625,-3.7982177734375,-0.186920166015625,1.0,1.0,1.0,1.0,1.0,95.0,event
12:10:20.408,0.56283826,-0.20956776,0.06441515,0.9461314,0.72136635,-0.2811159,-0.39042002,0.58641124,0.92546916,-0.09347914,0.065267175,0.88334894,1.0429423,0.28796417,0.41999444,1.0363126,0.9820311,0.21633694,0.19929919,1.0304242,784.5055,811.0989,806.6667,794.17584,830.0366,-0.015380859375,0.1182861328125,0.97882080078125,1.921539306640625,-3.7982177734375,-0.186920166015625,1.0,1.0,1.0,1.0,1.0,95.0,event
12:10:20.408,0.56283826,-0.20956776,0.06441515,0.9461314,0.72136635,-0.2811159,-0.39042002,0.58641124,0.92546916,-0.09347914,0.065267175,0.88334894,1.0429423,0.28796417,0.41999444,1.0363126,0.9820311,0.21633694,0.19929919,1.0304242,796.1905,813.5165,808.68134,780.4762,715.6044,-0.015380859375,0.1182861328125,0.97882080078125,1.921539306640625,-3.7982177734375,-0.186920166015625,1.0,1.0,1.0,1.0,1.0,95.0,event
12:10:20.409,0.56283826,-0.20956776,0.06441515,0.9461314,0.72136635,-0.2811159,-0.39042002,0.58641124,0.92546916,-0.09347914,0.065267175,0.88334894,1.0429423,0.28796417,0.41999444,1.0363126,0.9820311,0.21633694,0.19929919,1.0304242,827.619,809.4872,809.4872,754.68866,778.46155,-0.015380859375,0.1182861328125,0.97882080078125,1.921539306640625,-3.7982177734375,-0.186920166015625,1.0,1.0,1.0,1.0,1.0,95.0,event
12:10:20.409,0.56283826,-0.20956776,0.06441515,0.9461314,0.72136635,-0.2811159,-0.39042002,0.58641124,0.92546916,-0.09347914,0.065267175,0.88334894,1.0429423,0.28796417,0.41999444,1.0363126,0.9820311,0.21633694,0.19929919,1.0304242,809.0842,804.65204,801.8315,765.9707,846.1539,-0.015380859375,0.1182861328125,0.97882080078125,1.921539306640625,-3.7982177734375,-0.186920166015625,1.0,1.0,1.0,1.0,1.0,95.0,event
12:10:20.410,0.56283826,-0.20956776,0.06441515,0.9461314,0.72136635,-0.2811159,-0.39042002,0.58641124,0.92546916,-0.09347914,0.065267175,0.88334894,1.0429423,0.28796417,0.41999444,1.0363126,0.9820311,0.21633694,0.19929919,1.0304242,782.49084,807.47253,797.8022,801.8315,815.12823,-0.015380859375,0.1182861328125,0.97882080078125,1.921539306640625,-3.7982177734375,-0.186920166015625,1.0,1.0,1.0,1.0,1.0,95.0,event
12:10:20.411,0.56283826,-0.20956776,0.06441515,0.9461314,0.72136635,-0.2811159,-0.39042002,0.58641124,0.92546916,-0.09347914,0.065267175,0.88334894,1.0429423,0.28796417,0.41999444,1.0363126,0.9820311,0.21633694,0.19929919,1.0304242,774.83514,803.8461,799.011,816.337,779.2674,-0.015380859375,0.1182861328125,0.97882080078125,1.921539306640625,-3.7982177734375,-0.186920166015625,1.0,1.0,1.0,1.0,1.0,95.0,event
12:10:20.411,0.56283826,-0.20956776,0.06441515,0.9461314,0.72136635,-0.2811159,-0.39042002,0.58641124,0.92546916,-0.09347914,0.065267175,0.88334894,1.0429423,0.28796417,0.41999444,1.0363126,0.9820311,0.21633694,0.19929919,1.0304242,769.59705,800.2198,807.8755,812.71063,827.2161,-0.015380859375,0.1182861328125,0.97882080078125,1.921539306640625,-3.7982177734375,-0.186920166015625,1.0,1.0,1.0,1.0,1.0,95.0,event
12:10:20.412,0.5461883,-0.25217217,0.061221607,0.86040616,0.6900086,-0.30486664,-0.42151546,0.5925832,0.91368395,-0.06738554,0.065677024,0.9244542,1.0277073,0.2653634,0.4114848,1.0276828,0.97627395,0.17506509,0.19771354,1.0324227,800.2198,809.4872,805.4579,756.30035,882.8205,-0.015380859375,0.1182861328125,0.97882080078125,1.921539306640625,-3.7982177734375,-0.186920166015625,1.0,1.0,1.0,1.0,1.0,95.0,event
12:10:20.412,0.56283826,-0.20956776,0.06441515,0.9461314,0.72136635,-0.2811159,-0.39042002,0.58641124,0.92546916,-0.09347914,0.065267175,0.88334894,1.0429423,0.28796417,0.41999444,1.0363126,0.9820311,0.21633694,0.19929919,1.0304242,788.5348,805.4579,809.4872,787.326,1001.28204,-0.015380859375,0.1182861328125,0.97882080078125,1.921539306640625,-3.7982177734375,-0.186920166015625,1.0,1.0,1.0,1.0,1.0,95.0,event
12:10:20.417,0.5461883,-0.25217217,0.061221607,0.86040616,0.6900086,-0.30486664,-0.42151546,0.5925832,0.91368395,-0.06738554,0.065677024,0.9244542,1.0277073,0.2653634,0.4114848,1.0276828,0.97627395,0.17506509,0.19771354,1.0324227,780.87915,806.26373,808.68134,765.16486,755.89746,-0.015380859375,0.1182861328125,0.97882080078125,1.921539306640625,-3.7982177734375,-0.186920166015625,1.0,1.0,1.0,1.0,1.0,95.0,event
12:10:20.417,0.5461883,-0.25217217,0.061221607,0.86040616,0.6900086,-0.30486664,-0.42151546,0.5925832,0.91368395,-0.06738554,0.065677024,0.9244542,1.0277073,0.2653634,0.4114848,1.0276828,0.97627395,0.17506509,0.19771354,1.0324227,786.9231,799.81683,810.696,801.02563,794.9817,-0.015380859375,0.1182861328125,0.97882080078125,1.921539306640625,-3.7982177734375,-0.186920166015625,1.0,1.0,1.0,1.0,1.0,95.0,event
12:10:20.439,0.5461883,-0.25217217,0.061221607,0.86040616,0.6900086,-0.30486664,-0.42151546,0.5925832,0.91368395,-0.06738554,0.065677024,0.9244542,1.0277073,0.2653634,0.4114848,1.0276828,0.97627395,0.17506509,0.19771354,1.0324227,798.20514,798.20514,811.50183,791.3553,777.25275,-0.0133056640625,0.12103271484375,0.97601318359375,2.250518798828125,-4.23187255859375,-0.19439697265625,1.0,1.0,1.0,1.0,1.0,95.0,event
12:10:20.440,0.5461883,-0.25217217,0.061221607,0.86040616,0.6900086,-0.30486664,-0.42151546,0.5925832,0.91368395,-0.06738554,0.065677024,0.9244542,1.0277073,0.2653634,0.4114848,1.0276828,0.97627395,0.17506509,0.19771354,1.0324227,795.38464,800.6227,808.2784,781.28204,693.44324,-0.0133056640625,0.12103271484375,0.97601318359375,2.250518798828125,-4.23187255859375,-0.19439697265625,1.0,1.0,1.0,1.0,1.0,95.0,event
12:10:20.441,0.5461883,-0.25217217,0.061221607,0.86040616,0.6900086,-0.30486664,-0.42151546,0.5925832,0.91368395,-0.06738554,0.065677024,0.9244542,1.0277073,0.2653634,0.4114848,1.0276828,0.97627395,0.17506509,0.19771354,1.0324227,780.07324,807.47253,809.4872,790.9524,697.0696,-0.0133056640625,0.12103271484375,0.97601318359375,2.250518798828125,-4.23187255859375,-0.19439697265625,1.0,1.0,1.0,1.0,1.0,95.0,event
12:10:20.441,0.5461883,-0.25217217,0.061221607,0.86040616,0.6900086,-0.30486664,-0.42151546,0.5925832,0.91368395,-0.06738554,0.065677024,0.9244542,1.0277073,0.2653634,0.4114848,1.0276828,0.97627395,0.17506509,0.19771354,1.0324227,777.6557,804.2491,804.65204,792.5641,776.8498,-0.0133056640625,0.12103271484375,0.97601318359375,2.250518798828125,-4.23187255859375,-0.19439697265625,1.0,1.0,1.0,1.0,1.0,95.0,event
12:10:20.442,0.5461883,-0.25217217,0.061221607,0.86040616,0.6900086,-0.30486664,-0.42151546,0.5925832,0.91368395,-0.06738554,0.065677024,0.9244542,1.0277073,0.2653634,0.4114848,1.0276828,0.97627395,0.17506509,0.19771354,1.0324227,768.3883,803.44324,796.5934,789.34064,759.12085,-0.0133056640625,0.12103271484375,0.97601318359375,2.250518798828125,-4.23187255859375,-0.19439697265625,1.0,1.0,1.0,1.0,1.0,95.0,event
12:10:20.442,0.5461883,-0.25217217,0.061221607,0.86040616,0.6900086,-0.30486664,-0.42151546,0.5925832,0.91368395,-0.06738554,0.065677024,0.9244542,1.0277073,0.2653634,0.4114848,1.0276828,0.97627395,0.17506509,0.19771354,1.0324227,776.4469,806.26373,800.2198,800.6227,793.7729,-0.0133056640625,0.12103271484375,0.97601318359375,2.250518798828125,-4.23187255859375,-0.19439697265625,1.0,1.0,1.0,1.0,1.0,95.0,event
12:10:20.443,0.5461883,-0.25217217,0.061221607,0.86040616,0.6900086,-0.30486664,-0.42151546,0.5925832,0.91368395,-0.06738554,0.065677024,0.9244542,1.0277073,0.2653634,0.4114848,1.0276828,0.97627395,0.17506509,0.19771354,1.0324227,795.78754,804.2491,801.4286,794.17584,1068.9744,-0.0133056640625,0.12103271484375,0.97601318359375,2.250518798828125,-4.23187255859375,-0.19439697265625,1.0,1.0,1.0,1.0,1.0,95.0,event
12:10:20.443,0.5461883,-0.25217217,0.061221607,0.86040616,0.6900086,-0.30486664,-0.42151546,0.5925832,0.91368395,-0.06738554,0.065677024,0.9244542,1.0277073,0.2653634,0.4114848,1.0276828,0.97627395,0.17506509,0.19771354,1.0324227,795.78754,803.44324,801.4286,820.3663,876.77655,-0.0133056640625,0.12103271484375,0.97601318359375,2.250518798828125,-4.23187255859375,-0.19439697265625,1.0,1.0,1.0,1.0,1.0,95.0,event
12:10:20.444,0.5461883,-0.25217217,0.061221607,0.86040616,0.6900086,-0.30486664,-0.42151546,0.5925832,0.91368395,-0.06738554,0.065677024,0.9244542,1.0277073,0.2653634,0.4114848,1.0276828,0.97627395,0.17506509,0.19771354,1.0324227,798.20514,803.44324,808.2784,777.6557,825.2015,-0.0133056640625,0.12103271484375,0.97601318359375,2.250518798828125,-4.23187255859375,-0.19439697265625,1.0,1.0,1.0,1.0,1.0,95.0,event
12:10:20.444,0.5461883,-0.25217217,0.061221607,0.86040616,0.6900086,-0.30486664,-0.42151546,0.5925832,0.91368395,-0.06738554,0.065677024,0.9244542,1.0277073,0.2653634,0.4114848,1.0276828,0.97627395,0.17506509,0.19771354,1.0324227,796.99634,803.8461,803.0403,753.47986,1135.8608,-0.0133056640625,0.12103271484375,0.97601318359375,2.250518798828125,-4.23187255859375,-0.19439697265625,1.0,1.0,1.0,1.0,1.0,95.0,event
12:10:20.445,0.5461883,-0.25217217,0.061221607,0.86040616,0.6900086,-0.30486664,-0.42151546,0.5925832,0.91368395,-0.06738554,0.065677024,0.9244542,1.0277073,0.2653634,0.4114848,1.0276828,0.97627395,0.17506509,0.19771354,1.0324227,796.1905,793.36993,813.1135,796.1905,706.7399,-0.0133056640625,0.12103271484375,0.97601318359375,2.250518798828125,-4.23187255859375,-0.19439697265625,1.0,1.0,1.0,1.0,1.0,95.0,event
12:10:20.445,0.5461883,-0.25217217,0.061221607,0.86040616,0.6900086,-0.30486664,-0.42151546,0.5925832,0.91368395,-0.06738554,0.065677024,0.9244542,1.0277073,0.2653634,0.4114848,1.0276828,0.97627395,0.17506509,0.19771354,1.0324227,787.72894,789.7436,802.23444,801.8315,748.24176,-0.0133056640625,0.12103271484375,0.97601318359375,2.250518798828125,-4.23187255859375,-0.19439697265625,1.0,1.0,1.0,1.0,1.0,95.0,event
12:10:20.508,0.5461883,-0.25217217,0.061221607,0.86040616,0.6900086,-0.30486664,-0.42151546,0.5925832,0.91368395,-0.06738554,0.065677024,0.9244542,1.0277073,0.2653634,0.4114848,1.0276828,0.97627395,0.17506509,0.19771354,1.0324227,806.6667,801.8315,796.1905,800.2198,698.2784,-0.01361083984375,0.12615966796875,0.9825439453125,2.758941650390625,-3.715972900390625,-0.396270751953125,1.0,1.0,1.0,1.0,1.0,95.0,event
12:10:20.510,0.5461883,-0.25217217,0.061221607,0.86040616,0.6900086,-0.30486664,-0.42151546,0.5925832,0.91368395,-0.06738554,0.065677024,0.9244542,1.0277073,0.2653634,0.4114848,1.0276828,0.97627395,0.17506509,0.19771354,1.0324227,815.5311,817.9487,808.2784,793.7729,713.5897,-0.01361083984375,0.12615966796875,0.9825439453125,2.758941650390625,-3.715972900390625,-0.396270751953125,1.0,1.0,1.0,1.0,1.0,95.0,event
12:10:20.511,0.5461883,-0.25217217,0.061221607,0.86040616,0.6900086,-0.30486664,-0.42151546,0.5925832,0.91368395,-0.06738554,0.065677024,0.9244542,1.0277073,0.2653634,0.4114848,1.0276828,0.97627395,0.17506509,0.19771354,1.0324227,792.5641,826.0073,819.15753,790.9524,755.4945,-0.01361083984375,0.12615966796875,0.9825439453125,2.758941650390625,-3.715972900390625,-0.396270751953125,1.0,1.0,1.0,1.0,1.0,95.0,event
12:10:20.511,0.5461883,-0.25217217,0.061221607,0.86040616,0.6900086,-0.30486664,-0.42151546,0.5925832,0.91368395,-0.06738554,0.065677024,0.9244542,1.0277073,0.2653634,0.4114848,1.0276828,0.97627395,0.17506509,0.19771354,1.0324227,801.02563,815.5311,821.1722,802.6374,776.04395,-0.01361083984375,0.12615966796875,0.9825439453125,2.758941650390625,-3.715972900390625,-0.396270751953125,1.0,1.0,1.0,1.0,1.0,95.0,event
12:10:20.512,0.5461883,-0.25217217,0.061221607,0.86040616,0.6900086,-0.30486664,-0.42151546,0.5925832,0.91368395,-0.06738554,0.065677024,0.9244542,1.0277073,0.2653634,0.4114848,1.0276828,0.97627395,0.17506509,0.19771354,1.0324227,801.8315,804.2491,816.7399,808.2784,801.02563,-0.01361083984375,0.12615966796875,0.9825439453125,2.758941650390625,-3.715972900390625,-0.396270751953125,1.0,1.0,1.0,1.0,1.0,95.0,event
12:10:20.513,0.5461883,-0.25217217,0.061221607,0.86040616,0.6900086,-0.30486664,-0.42151546,0.5925832,0.91368395,-0.06738554,0.065677024,0.9244542,1.0277073,0.2653634,0.4114848,1.0276828,0.97627395,0.17506509,0.19771354,1.0324227,775.2381,803.8461,803.0403,789.34064,848.97437,-0.01361083984375,0.12615966796875,0.9825439453125,2.758941650390625,-3.715972900390625,-0.396270751953125,1.0,1.0,1.0,1.0,1.0,95.0,event
12:10:20.513,0.5461883,-0.25217217,0.061221607,0.86040616,0.6900086,-0.30486664,-0.42151546,0.5925832,0.91368395,-0.06738554,0.065677024,0.9244542,1.0277073,0.2653634,0.4114848,1.0276828,0.97627395,0.17506509,0.19771354,1.0324227,781.28204,807.0696,807.47253,803.44324,940.0366,-0.01361083984375,0.12615966796875,0.9825439453125,2.758941650390625,-3.715972900390625,-0.396270751953125,1.0,1.0,1.0,1.0,1.0,95.0,event
12:10:20.514,0.5461883,-0.25217217,0.061221607,0.86040616,0.6900086,-0.30486664,-0.42151546,0.5925832,0.91368395,-0.06738554,0.065677024,0.9244542,1.0277073,0.2653634,0.4114848,1.0276828,0.97627395,0.17506509,0.19771354,1.0324227,802.6374,811.0989,811.9048,798.20514,1137.8755,-0.01361083984375,0.12615966796875,0.9825439453125,2.758941650390625,-3.715972900390625,-0.396270751953125,1.0,1.0,1.0,1.0,1.0,95.0,event
12:10:20.515,0.5461883,-0.25217217,0.061221607,0.86040616,0.6900086,-0.30486664,-0.42151546,0.5925832,0.91368395,-0.06738554,0.065677024,0.9244542,1.0277073,0.2653634,0.4114848,1.0276828,0.97627395,0.17506509,0.19771354,1.0324227,804.65204,806.26373,811.50183,789.34064,923.1135,-0.01361083984375,0.12615966796875,0.9825439453125,2.758941650390625,-3.715972900390625,-0.396270751953125,1.0,1.0,1.0,1.0,1.0,95.0,event
12:10:20.516,0.5461883,-0.25217217,0.061221607,0.86040616,0.6900086,-0.30486664,-0.42151546,0.5925832,0.91368395,-0.06738554,0.065677024,0.9244542,1.0277073,0.2653634,0.4114848,1.0276828,0.97627395,0.17506509,0.19771354,1.0324227,801.02563,794.9817,811.0989,794.17584,733.3333,-0.01361083984375,0.12615966796875,0.9825439453125,2.758941650390625,-3.715972900390625,-0.396270751953125,1.0,1.0,1.0,1.0,1.0,95.0,event
12:10:20.516,0.5461883,-0.25217217,0.061221607,0.86040616,0.6900086,-0.30486664,-0.42151546,0.5925832,0.91368395,-0.06738554,0.065677024,0.9244542,1.0277073,0.2653634,0.4114848,1.0276828,0.97627395,0.17506509,0.19771354,1.0324227,772.8205,803.0403,800.6227,780.07324,869.5238,-0.01361083984375,0.12615966796875,0.9825439453125,2.758941650390625,-3.715972900390625,-0.396270751953125,1.0,1.0,1.0,1.0,1.0,95.0,event
12:10:20.517,0.49324763,-0.26071155,0.051209796,0.7209571,0.6606165,-0.3147394,-0.45081714,0.5899952,0.909788,-0.04695067,0.08894377,0.9336586,1.0307857,0.2534718,0.40026182,1.0275471,0.96795547,0.13771811,0.19781797,1.0428166,776.04395,808.68134,805.8608,806.26373,826.4103,-0.01361083984375,0.12615966796875,0.9825439453125,2.758941650390625,-3.715972900390625,-0.396270751953125,1.0,1.0,1.0,1.0,1.0,95.0,event
12:10:20.551,0.49324763,-0.26071155,0.051209796,0.7209571,0.6606165,-0.3147394,-0.45081714,0.5899952,0.909788,-0.04695067,0.08894377,0.9336586,1.0307857,0.2534718,0.40026182,1.0275471,0.96795547,0.13771811,0.19781797,1.0428166,805.4579,799.41394,815.12823,825.2015,689.41394,-0.01422119140625,0.12396240234375,0.97552490234375,2.026214599609375,-3.9178466796875,-0.4486083984375,1.0,1.0,1.0,1.0,1.0,95.0,event
12:10:20.553,0.49324763,-0.26071155,0.051209796,0.7209571,0.6606165,-0.3147394,-0.45081714,0.5899952,0.909788,-0.04695067,0.08894377,0.9336586,1.0307857,0.2534718,0.40026182,1.0275471,0.96795547,0.13771811,0.19781797,1.0428166,786.52014,803.0403,811.9048,799.81683,722.0513,-0.01422119140625,0.12396240234375,0.97552490234375,2.026214599609375,-3.9178466796875,-0.4486083984375,1.0,1.0,1.0,1.0,1.0,95.0,event
12:10:20.553,0.49324763,-0.26071155,0.051209796,0.7209571,0.6606165,-0.3147394,-0.45081714,0.5899952,0.909788,-0.04695067,0.08894377,0.9336586,1.0307857,0.2534718,0.40026182,1.0275471,0.96795547,0.13771811,0.19781797,1.0428166,775.2381,813.5165,812.71063,771.6117,797.3993,-0.01422119140625,0.12396240234375,0.97552490234375,2.026214599609375,-3.9178466796875,-0.4486083984375,1.0,1.0,1.0,1.0,1.0,95.0,event
12:10:20.554,0.49324763,-0.26071155,0.051209796,0.7209571,0.6606165,-0.3147394,-0.45081714,0.5899952,0.909788,-0.04695067,0.08894377,0.9336586,1.0307857,0.2534718,0.40026182,1.0275471,0.96795547,0.13771811,0.19781797,1.0428166,769.19415,817.9487,817.5458,780.4762,756.30035,-0.01422119140625,0.12396240234375,0.97552490234375,2.026214599609375,-3.9178466796875,-0.4486083984375,1.0,1.0,1.0,1.0,1.0,95.0,event
12:10:20.555,0.49324763,-0.26071155,0.051209796,0.7209571,0.6606165,-0.3147394,-0.45081714,0.5899952,0.909788,-0.04695067,0.08894377,0.9336586,1.0307857,0.2534718,0.40026182,1.0275471,0.96795547,0.13771811,0.19781797,1.0428166,791.75824,815.12823,807.0696,797.3993,774.0293,-0.01422119140625,0.12396240234375,0.97552490234375,2.026214599609375,-3.9178466796875,-0.4486083984375,1.0,1.0,1.0,1.0,1.0,95.0,event
12:10:20.556,0.49324763,-0.26071155,0.051209796,0.7209571,0.6606165,-0.3147394,-0.45081714,0.5899952,0.909788,-0.04695067,0.08894377,0.9336586,1.0307857,0.2534718,0.40026182,1.0275471,0.96795547,0.13771811,0.19781797,1.0428166,809.4872,800.2198,794.9817,791.75824,808.2784,-0.01422119140625,0.12396240234375,0.97552490234375,2.026214599609375,-3.9178466796875,-0.4486083984375,1.0,1.0,1.0,1.0,1.0,95.0,event
12:10:20.557,0.49324763,-0.26071155,0.051209796,0.7209571,0.6606165,-0.3147394,-0.45081714,0.5899952,0.909788,-0.04695067,0.08894377,0.9336586,1.0307857,0.2534718,0.40026182,1.0275471,0.96795547,0.13771811,0.19781797,1.0428166,780.4762,792.96704,801.8315,796.5934,1021.4286,-0.01422119140625,0.12396240234375,0.97552490234375,2.026214599609375,-3.9178466796875,-0.4486083984375,1.0,1.0,1.0,1.0,1.0,95.0,event
12:10:20.558,0.49324763,-0.26071155,0.051209796,0.7209571,0.6606165,-0.3147394,-0.45081714,0.5899952,0.909788,-0.04695067,0.08894377,0.9336586,1.0307857,0.2534718,0.40026182,1.0275471,0.96795547,0.13771811,0.19781797,1.0428166,793.7729,807.0696,803.44324,790.14655,991.6117,-0.01422119140625,0.12396240234375,0.97552490234375,2.026214599609375,-3.9178466796875,-0.4486083984375,1.0,1.0,1.0,1.0,1.0,95.0,event
12:10:20.558,0.49324763,-0.26071155,0.051209796,0.7209571,0.6606165,-0.3147394,-0.45081714,0.5899952,0.909788,-0.04695067,0.08894377,0.9336586,1.0307857,0.2534718,0.40026182,1.0275471,0.96795547,0.13771811,0.19781797,1.0428166,794.57874,812.3077,809.0842,782.0879,674.5055,-0.01422119140625,0.12396240234375,0.97552490234375,2.026214599609375,-3.9178466796875,-0.4486083984375,1.0,1.0,1.0,1.0,1.0,95.0,event
12:10:20.559,0.49324763,-0.26071155,0.051209796,0.7209571,0.6606165,-0.3147394,-0.45081714,0.5899952,0.909788,-0.04695067,0.08894377,0.9336586,1.0307857,0.2534718,0.40026182,1.0275471,0.96795547,0.13771811,0.19781797,1.0428166,783.69965,809.0842,808.2784,793.7729,711.5751,-0.01422119140625,0.12396240234375,0.97552490234375,2.026214599609375,-3.9178466796875,-0.4486083984375,1.0,1.0,1.0,1.0,1.0,95.0,event
12:10:20.560,0.49324763,-0.26071155,0.051209796,0.7209571,0.6606165,-0.3147394,-0.45081714,0.5899952,0.909788,-0.04695067,0.08894377,0.9336586,1.0307857,0.2534718,0.40026182,1.0275471,0.96795547,0.13771811,0.19781797,1.0428166,785.31134,806.26373,802.6374,813.91943,822.7839,-0.01422119140625,0.12396240234375,0.97552490234375,2.026214599609375,-3.9178466796875,-0.4486083984375,1.0,1.0,1.0,1.0,1.0,95.0,event
12:10:20.561,0.49324763,-0.26071155,0.051209796,0.7209571,0.6606165,-0.3147394,-0.45081714,0.5899952,0.909788,-0.04695067,0.08894377,0.9336586,1.0307857,0.2534718,0.40026182,1.0275471,0.96795547,0.13771811,0.19781797,1.0428166,794.57874,804.65204,811.9048,840.5128,790.14655,-0.01422119140625,0.12396240234375,0.97552490234375,2.026214599609375,-3.9178466796875,-0.4486083984375,1.0,1.0,1.0,1.0,1.0,95.0,event
12:10:20.596,0.49324763,-0.26071155,0.051209796,0.7209571,0.6606165,-0.3147394,-0.45081714,0.5899952,0.909788,-0.04695067,0.08894377,0.9336586,1.0307857,0.2534718,0.40026182,1.0275471,0.96795547,0.13771811,0.19781797,1.0428166,786.1172,797.8022,819.5604,826.8132,711.1722,-0.005859375,0.12060546875,0.98016357421875,2.88604736328125,-3.87298583984375,0.680389404296875,1.0,1.0,1.0,1.0,1.0,95.0,event
12:10:20.597,0.49324763,-0.26071155,0.051209796,0.7209571,0.6606165,-0.3147394,-0.45081714,0.5899952,0.909788,-0.04695067,0.08894377,0.9336586,1.0307857,0.2534718,0.40026182,1.0275471,0.96795547,0.13771811,0.19781797,1.0428166,773.6264,797.3993,816.337,779.2674,817.5458,-0.005859375,0.12060546875,0.98016357421875,2.88604736328125,-3.87298583984375,0.680389404296875,1.0,1.0,1.0,1.0,1.0,95.0,event
12:10:20.599,0.49324763,-0.26071155,0.051209796,0.7209571,0.6606165,-0.3147394,-0.45081714,0.5899952,0.909788,-0.04695067,0.08894377,0.9336586,1.0307857,0.2534718,0.40026182,1.0275471,0.96795547,0.13771811,0.19781797,1.0428166,782.8938,809.89014,809.0842,776.8498,923.1135,-0.005859375,0.12060546875,0.98016357421875,2.88604736328125,-3.87298583984375,0.680389404296875,1.0,1.0,1.0,1.0,1.0,95.0,event
12:10:20.600,0.49324763,-0.26071155,0.051209796,0.7209571,0.6606165,-0.3147394,-0.45081714,0.5899952,0.909788,-0.04695067,0.08894377,0.9336586,1.0307857,0.2534718,0.40026182,1.0275471,0.96795547,0.13771811,0.19781797,1.0428166,791.75824,807.47253,804.65204,786.9231,777.25275,-0.005859375,0.12060546875,0.98016357421875,2.88604736328125,-3.87298583984375,0.680389404296875,1.0,1.0,1.0,1.0,1.0,95.0,event
12:10:20.601,0.49324763,-0.26071155,0.051209796,0.7209571,0.6606165,-0.3147394,-0.45081714,0.5899952,0.909788,-0.04695067,0.08894377,0.9336586,1.0307857,0.2534718,0.40026182,1.0275471,0.96795547,0.13771811,0.19781797,1.0428166,792.1612,805.05493,811.0989,783.2967,704.7253,-0.005859375,0.12060546875,0.98016357421875,2.88604736328125,-3.87298583984375,0.680389404296875,1.0,1.0,1.0,1.0,1.0,95.0,event
12:10:20.603,0.49324763,-0.26071155,0.051209796,0.7209571,0.6606165,-0.3147394,-0.45081714,0.5899952,0.909788,-0.04695067,0.08894377,0.9336586,1.0307857,0.2534718,0.40026182,1.0275471,0.96795547,0.13771811,0.19781797,1.0428166,797.3993,794.57874,807.47253,821.1722,969.45056,-0.005859375,0.12060546875,0.98016357421875,2.88604736328125,-3.87298583984375,0.680389404296875,1.0,1.0,1.0,1.0,1.0,95.0,event
12:10:20.603,0.49324763,-0.26071155,0.051209796,0.7209571,0.6606165,-0.3147394,-0.45081714,0.5899952,0.909788,-0.04695067,0.08894377,0.9336586,1.0307857,0.2534718,0.40026182,1.0275471,0.96795547,0.13771811,0.19781797,1.0428166,796.99634,797.8022,814.7253,808.2784,846.9597,-0.005859375,0.12060546875,0.98016357421875,2.88604736328125,-3.87298583984375,0.680389404296875,1.0,1.0,1.0,1.0,1.0,95.0,event
12:10:20.604,0.49324763,-0.26071155,0.051209796,0.7209571,0.6606165,-0.3147394,-0.45081714,0.5899952,0.909788,-0.04695067,0.08894377,0.9336586,1.0307857,0.2534718,0.40026182,1.0275471,0.96795547,0.13771811,0.19781797,1.0428166,806.6667,806.26373,803.0403,796.1905,754.68866,-0.005859375,0.12060546875,0.98016357421875,2.88604736328125,-3.87298583984375,0.680389404296875,1.0,1.0,1.0,1.0,1.0,95.0,event
12:10:20.605,0.49324763,-0.26071155,0.051209796,0.7209571,0.6606165,-0.3147394,-0.45081714,0.5899952,0.909788,-0.04695067,0.08894377,0.9336586,1.0307857,0.2534718,0.40026182,1.0275471,0.96795547,0.13771811,0.19781797,1.0428166,801.02563,807.0696,803.0403,774.83514,612.8571,-0.005859375,0.12060546875,0.98016357421875,2.88604736328125,-3.87298583984375,0.680389404296875,1.0,1.0,1.0,1.0,1.0,95.0,event
12:10:20.605,0.49324763,-0.26071155,0.051209796,0.7209571,0.6606165,-0.3147394,-0.45081714,0.5899952,0.909788,-0.04695067,0.08894377,0.9336586,1.0307857,0.2534718,0.40026182,1.0275471,0.96795547,0.13771811,0.19781797,1.0428166,784.90845,790.9524,812.3077,773.6264,745.0183,-0.005859375,0.12060546875,0.98016357421875,2.88604736328125,-3.87298583984375,0.680389404296875,1.0,1.0,1.0,1.0,1.0,95.0,event
12:10:20.606,0.49324763,-0.26071155,0.051209796,0.7209571,0.6606165,-0.3147394,-0.45081714,0.5899952,0.909788,-0.04695067,0.08894377,0.9336586,1.0307857,0.2534718,0.40026182,1.0275471,0.96795547,0.13771811,0.19781797,1.0428166,780.07324,796.1905,813.5165,788.93774,803.8461,-0.005859375,0.12060546875,0.98016357421875,2.88604736328125,-3.87298583984375,0.680389404296875,1.0,1.0,1.0,1.0,1.0,95.0,event
12:10:20.606,0.49324763,-0.26071155,0.051209796,0.7209571,0.6606165,-0.3147394,-0.45081714,0.5899952,0.909788,-0.04695067,0.08894377,0.9336586,1.0307857,0.2534718,0.40026182,1.0275471,0.96795547,0.13771811,0.19781797,1.0428166,789.34064,813.91943,805.8608,790.14655,669.2674,-0.005859375,0.12060546875,0.98016357421875,2.88604736328125,-3.87298583984375,0.680389404296875,1.0,1.0,1.0,1.0,1.0,95.0,event
12:10:20.632,0.49324763,-0.26071155,0.051209796,0.7209571,0.6606165,-0.3147394,-0.45081714,0.5899952,0.909788,-0.04695067,0.08894377,0.9336586,1.0307857,0.2534718,0.40026182,1.0275471,0.96795547,0.13771811,0.19781797,1.0428166,790.14655,811.0989,815.5311,776.8498,652.3443,-0.005859375,0.12060546875,0.98016357421875,2.88604736328125,-3.87298583984375,0.680389404296875,1.0,1.0,1.0,1.0,1.0,95.0,event
12:10:20.633,0.3876443,-0.23740642,0.008674728,0.4587293,0.64927554,-0.30853087,-0.47745937,0.58744913,0.909788,0.014551717,0.10576663,0.92360586,1.0543158,0.25216597,0.3921725,1.0431064,0.9590302,0.11264919,0.20431419,1.0470269,796.5934,802.6374,815.9341,797.8022,811.50183,-0.005859375,0.12060546875,0.98016357421875,2.88604736328125,-3.87298583984375,0.680389404296875,1.0,1.0,1.0,1.0,1.0,95.0,event
12:10:20.638,0.3876443,-0.23740642,0.008674728,0.4587293,0.64927554,-0.30853087,-0.47745937,0.58744913,0.909788,0.014551717,0.10576663,0.92360586,1.0543158,0.25216597,0.3921725,1.0431064,0.9590302,0.11264919,0.20431419,1.0470269,800.6227,795.38464,807.8755,807.8755,798.20514,-0.005859375,0.12060546875,0.98016357421875,2.88604736328125,-3.87298583984375,0.680389404296875,1.0,1.0,1.0,1.0,1.0,95.0,event
12:10:20.639,0.3876443,-0.23740642,0.008674728,0.4587293,0.64927554,-0.30853087,-0.47745937,0.58744913,0.909788,0.014551717,0.10576663,0.92360586,1.0543158,0.25216597,0.3921725,1.0431064,0.9590302,0.11264919,0.20431419,1.0470269,786.1172,793.36993,806.6667,790.54944,753.0769,-0.005859375,0.12060546875,0.98016357421875,2.88604736328125,-3.87298583984375,0.680389404296875,1.0,1.0,1.0,1.0,1.0,95.0,event
12:10:20.640,0.3876443,-0.23740642,0.008674728,0.4587293,0.64927554,-0.30853087,-0.47745937,0.58744913,0.909788,0.014551717,0.10576663,0.92360586,1.0543158,0.25216597,0.3921725,1.0431064,0.9590302,0.11264919,0.20431419,1.0470269,824.7985,804.2491,797.8022,794.9817,1011.75824,-0.005859375,0.12060546875,0.98016357421875,2.88604736328125,-3.87298583984375,0.680389404296875,1.0,1.0,1.0,1.0,1.0,95.0,event
12:10:20.640,0.3876443,-0.23740642,0.008674728,0.4587293,0.64927554,-0.30853087,-0.47745937,0.58744913,0.909788,0.014551717,0.10576663,0.92360586,1.0543158,0.25216597,0.3921725,1.0431064,0.9590302,0.11264919,0.20431419,1.0470269,780.87915,796.99634,807.47253,801.8315,911.4286,-0.005859375,0.12060546875,0.98016357421875,2.88604736328125,-3.87298583984375,0.680389404296875,1.0,1.0,1.0,1.0,1.0,95.0,event
12:10:20.641,0.3876443,-0.23740642,0.008674728,0.4587293,0.64927554,-0.30853087,-0.47745937,0.58744913,0.909788,0.014551717,0.10576663,0.92360586,1.0543158,0.25216597,0.3921725,1.0431064,0.9590302,0.11264919,0.20431419,1.0470269,809.89014,804.65204,800.2198,792.5641,926.337,-0.005859375,0.12060546875,0.98016357421875,2.88604736328125,-3.87298583984375,0.680389404296875,1.0,1.0,1.0,1.0,1.0,95.0,event
12:10:20.641,0.3876443,-0.23740642,0.008674728,0.4587293,0.64927554,-0.30853087,-0.47745937,0.58744913,0.909788,0.014551717,0.10576663,0.92360586,1.0543158,0.25216597,0.3921725,1.0431064,0.9590302,0.11264919,0.20431419,1.0470269,761.13556,794.57874,811.50183,783.69965,793.36993,-0.005859375,0.12060546875,0.98016357421875,2.88604736328125,-3.87298583984375,0.680389404296875,1.0,1.0,1.0,1.0,1.0,95.0,event
12:10:20.642,0.3876443,-0.23740642,0.008674728,0.4587293,0.64927554,-0.30853087,-0.47745937,0.58744913,0.909788,0.014551717,0.10576663,0.92360586,1.0543158,0.25216597,0.3921725,1.0431064,0.9590302,0.11264919,0.20431419,1.0470269,768.3883,792.5641,813.91943,790.14655,745.42126,-0.005859375,0.12060546875,0.98016357421875,2.88604736328125,-3.87298583984375,0.680389404296875,1.0,1.0,1.0,1.0,1.0,95.0,event
12:10:20.642,0.3876443,-0.23740642,0.008674728,0.4587293,0.64927554,-0.30853087,-0.47745937,0.58744913,0.909788,0.014551717,0.10576663,0.92360586,1.0543158,0.25216597,0.3921725,1.0431064,0.9590302,0.11264919,0.20431419,1.0470269,781.28204,794.17584,811.0989,818.3516,994.0293,-0.005859375,0.12060546875,0.98016357421875,2.88604736328125,-3.87298583984375,0.680389404296875,1.0,1.0,1.0,1.0,1.0,95.0,event
12:10:20.643,0.3876443,-0.23740642,0.008674728,0.4587293,0.64927554,-0.30853087,-0.47745937,0.58744913,0.909788,0.014551717,0.10576663,0.92360586,1.0543158,0.25216597,0.3921725,1.0431064,0.9590302,0.11264919,0.20431419,1.0470269,786.1172,795.38464,804.65204,815.5311,1100.0,-0.005859375,0.12060546875,0.98016357421875,2.88604736328125,-3.87298583984375,0.680389404296875,1.0,1.0,1.0,1.0,1.0,95.0,event
12:10:20.644,0.3876443,-0.23740642,0.008674728,0.4587293,0.64927554,-0.30853087,-0.47745937,0.58744913,0.909788,0.014551717,0.10576663,0.92360586,1.0543158,0.25216597,0.3921725,1.0431064,0.9590302,0.11264919,0.20431419,1.0470269,781.685,791.75824,808.68134,802.23444,762.3443,-0.005859375,0.12060546875,0.98016357421875,2.88604736328125,-3.87298583984375,0.680389404296875,1.0,1.0,1.0,1.0,1.0,95.0,event
12:10:20.669,0.3876443,-0.23740642,0.008674728,0.4587293,0.64927554,-0.30853087,-0.47745937,0.58744913,0.909788,0.014551717,0.10576663,0.92360586,1.0543158,0.25216597,0.3921725,1.0431064,0.9590302,0.11264919,0.20431419,1.0470269,771.2088,801.02563,811.50183,784.10254,722.8571,-0.01300048828125,0.123779296875,0.97601318359375,3.349609375,-4.20196533203125,1.21124267578125,1.0,1.0,1.0,1.0,1.0,95.0,event
12:10:20.670,0.3876443,-0.23740642,0.008674728,0.4587293,0.64927554,-0.30853087,-0.47745937,0.58744913,0.909788,0.014551717,0.10576663,0.92360586,1.0543158,0.25216597,0.3921725,1.0431064,0.9590302,0.11264919,0.20431419,1.0470269,776.8498,801.4286,807.8755,807.47253,799.011,-0.01300048828125,0.123779296875,0.97601318359375,3.349609375,-4.20196533203125,1.21124267578125,1.0,1.0,1.0,1.0,1.0,95.0,event
12:10:20.671,0.3876443,-0.23740642,0.008674728,0.4587293,0.64927554,-0.30853087,-0.47745937,0.58744913,0.909788,0.014551717,0.10576663,0.92360586,1.0543158,0.25216597,0.3921725,1.0431064,0.9590302,0.11264919,0.20431419,1.0470269,788.1319,792.1612,813.1135,838.0952,757.50916,-0.01300048828125,0.123779296875,0.97601318359375,3.349609375,-4.20196533203125,1.21124267578125,1.0,1.0,1.0,1.0,1.0,95.0,event
12:10:20.671,0.3876443,-0.23740642,0.008674728,0.4587293,0.64927554,-0.30853087,-0.47745937,0.58744913,0.909788,0.014551717,0.10576663,0.92360586,1.0543158,0.25216597,0.3921725,1.0431064,0.9590302,0.11264919,0.20431419,1.0470269,787.72894,803.44324,813.5165,810.293,708.7546,-0.01300048828125,0.123779296875,0.97601318359375,3.349609375,-4.20196533203125,1.21124267578125,1.0,1.0,1.0,1.0,1.0,95.0,event
12:10:20.672,0.3876443,-0.23740642,0.008674728,0.4587293,0.64927554,-0.30853087,-0.47745937,0.58744913,0.909788,0.014551717,0.10576663,0.92360586,1.0543158,0.25216597,0.3921725,1.0431064,0.9590302,0.11264919,0.20431419,1.0470269,796.5934,803.0403,803.0403,792.5641,727.6923,-0.01300048828125,0.123779296875,0.97601318359375,3.349609375,-4.20196533203125,1.21124267578125,1.0,1.0,1.0,1.0,1.0,95.0,event
12:10:20.673,0.3876443,-0.23740642,0.008674728,0.4587293,0.64927554,-0.30853087,-0.47745937,0.58744913,0.909788,0.014551717,0.10576663,0.92360586,1.0543158,0.25216597,0.3921725,1.0431064,0.9590302,0.11264919,0.20431419,1.0470269,812.3077,801.4286,797.3993,804.65204,860.2564,-0.01300048828125,0.123779296875,0.97601318359375,3.349609375,-4.20196533203125,1.21124267578125,1.0,1.0,1.0,1.0,1.0,95.0,event
12:10:20.673,0.3876443,-0.23740642,0.008674728,0.4587293,0.64927554,-0.30853087,-0.47745937,0.58744913,0.909788,0.014551717,0.10576663,0.92360586,1.0543158,0.25216597,0.3921725,1.0431064,0.9590302,0.11264919,0.20431419,1.0470269,791.75824,807.8755,814.7253,807.8755,886.4469,-0.01300048828125,0.123779296875,0.97601318359375,3.349609375,-4.20196533203125,1.21124267578125,1.0,1.0,1.0,1.0,1.0,95.0,event
12:10:20.674,0.3876443,-0.23740642,0.008674728,0.4587293,0.64927554,-0.30853087,-0.47745937,0.58744913,0.909788,0.014551717,0.10576663,0.92360586,1.0543158,0.25216597,0.3921725,1.0431064,0.9590302,0.11264919,0.20431419,1.0470269,771.2088,807.8755,816.7399,809.4872,774.0293,-0.01300048828125,0.123779296875,0.97601318359375,3.349609375,-4.20196533203125,1.21124267578125,1.0,1.0,1.0,1.0,1.0,95.0,event
12:10:20.674,0.3876443,-0.23740642,0.008674728,0.4587293,0.64927554,-0.30853087,-0.47745937,0.58744913,0.909788,0.014551717,0.10576663,0.92360586,1.0543158,0.25216597,0.3921725,1.0431064,0.9590302,0.11264919,0.20431419,1.0470269,794.57874,803.8461,804.2491,818.3516,813.91943,-0.01300048828125,0.123779296875,0.97601318359375,3.349609375,-4.20196533203125,1.21124267578125,1.0,1.0,1.0,1.0,1.0,95.0,event
12:10:20.675,0.3876443,-0.23740642,0.008674728,0.4587293,0.64927554,-0.30853087,-0.47745937,0.58744913,0.909788,0.014551717,0.10576663,0.92360586,1.0543158,0.25216597,0.3921725,1.0431064,0.9590302,0.11264919,0.20431419,1.0470269,798.60803,808.68134,801.8315,832.4542,1043.9927,-0.01300048828125,0.123779296875,0.97601318359375,3.349609375,-4.20196533203125,1.21124267578125,1.0,1.0,1.0,1.0,1.0,95.0,event
12:10:20.676,0.3876443,-0.23740642,0.008674728,0.4587293,0.64927554,-0.30853087,-0.47745937,0.58744913,0.909788,0.014551717,0.10576663,0.92360586,1.0543158,0.25216597,0.3921725,1.0431064,0.9590302,0.11264919,0.20431419,1.0470269,782.0879,807.0696,804.2491,823.9927,900.54944,-0.01300048828125,0.123779296875,0.97601318359375,3.349609375,-4.20196533203125,1.21124267578125,1.0,1.0,1.0,1.0,1.0,95.0,event
12:10:20.676,0.3876443,-0.23740642,0.008674728,0.4587293,0.64927554,-0.30853087,-0.47745937,0.58744913,0.909788,0.014551717,0.10576663,0.92360586,1.0543158,0.25216597,0.3921725,1.0431064,0.9590302,0.11264919,0.20431419,1.0470269,792.5641,792.1612,814.3223,811.0989,720.4396,-0.01300048828125,0.123779296875,0.97601318359375,3.349609375,-4.20196533203125,1.21124267578125,1.0,1.0,1.0,1.0,1.0,95.0,event
12:10:20.740,0.3876443,-0.23740642,0.008674728,0.4587293,0.64927554,-0.30853087,-0.47745937,0.58744913,0.909788,0.014551717,0.10576663,0.92360586,1.0543158,0.25216597,0.3921725,1.0431064,0.9590302,0.11264919,0.20431419,1.0470269,812.3077,798.20514,818.3516,799.81683,765.9707,-0.01214599609375,0.12060546875,0.9803466796875,3.760833740234375,-3.94775390625,0.25421142578125,1.0,1.0,1.0,1.0,1.0,95.0,event
12:10:20.741,0.3876443,-0.23740642,0.008674728,0.4587293,0.64927554,-0.30853087,-0.47745937,0.58744913,0.909788,0.014551717,0.10576663,0.92360586,1.0543158,0.25216597,0.3921725,1.0431064,0.9590302,0.11264919,0.20431419,1.0470269,798.20514,810.293,815.12823,783.2967,719.6337,-0.01214599609375,0.12060546875,0.9803466796875,3.760833740234375,-3.94775390625,0.25421142578125,1.0,1.0,1.0,1.0,1.0,95.0,event
12:10:20.742,0.38944653,-0.21032314,-0.06594148,0.4206704,0.6310962,-0.29458427,-0.4986439,0.54534656,0.909788,0.06527798,0.10575661,0.92360586,1.0703062,0.2550964,0.38789394,1.0610034,0.96565163,0.100024045,0.21514463,1.0599518,774.83514,803.0403,811.9048,812.3077,669.2674,-0.01214599609375,0.12060546875,0.9803466796875,3.760833740234375,-3.94775390625,0.25421142578125,1.0,1.0,1.0,1.0,1.0,95.0,event
12:10:20.742,0.3876443,-0.23740642,0.008674728,0.4587293,0.64927554,-0.30853087,-0.47745937,0.58744913,0.909788,0.014551717,0.10576663,0.92360586,1.0543158,0.25216597,0.3921725,1.0431064,0.9590302,0.11264919,0.20431419,1.0470269,771.6117,810.293,814.3223,790.9524,677.72894,-0.01214599609375,0.12060546875,0.9803466796875,3.760833740234375,-3.94775390625,0.25421142578125,1.0,1.0,1.0,1.0,1.0,95.0,event
12:10:20.747,0.38944653,-0.21032314,-0.06594148,0.4206704,0.6310962,-0.29458427,-0.4986439,0.54534656,0.909788,0.06527798,0.10575661,0.92360586,1.0703062,0.2550964,0.38789394,1.0610034,0.96565163,0.100024045,0.21514463,1.0599518,783.2967,789.34064,803.0403,797.3993,712.7839,-0.01214599609375,0.12060546875,0.9803466796875,3.760833740234375,-3.94775390625,0.25421142578125,1.0,1.0,1.0,1.0,1.0,95.0,event
12:10:20.747,0.38944653,-0.21032314,-0.06594148,0.4206704,0.6310962,-0.29458427,-0.4986439,0.54534656,0.909788,0.06527798,0.10575661,0.92360586,1.0703062,0.2550964,0.38789394,1.0610034,0.96565163,0.100024045,0.21514463,1.0599518,792.1612,794.57874,799.011,788.1319,832.8571,-0.01214599609375,0.12060546875,0.9803466796875,3.760833740234375,-3.94775390625,0.25421142578125,1.0,1.0,1.0,1.0,1.0,95.0,event
12:10:20.748,0.38944653,-0.21032314,-0.06594148,0.4206704,0.6310962,-0.29458427,-0.4986439,0.54534656,0.909788,0.06527798,0.10575661,0.92360586,1.0703062,0.2550964,0.38789394,1.0610034,0.96565163,0.100024045,0.21514463,1.0599518,811.50183,804.2491,807.47253,807.47253,867.9121,-0.01214599609375,0.12060546875,0.9803466796875,3.760833740234375,-3.94775390625,0.25421142578125,1.0,1.0,1.0,1.0,1.0,95.0,event
12:10:20.749,0.38944653,-0.21032314,-0.06594148,0.4206704,0.6310962,-0.29458427,-0.4986439,0.54534656,0.909788,0.06527798,0.10575661,0.92360586,1.0703062,0.2550964,0.38789394,1.0610034,0.96565163,0.100024045,0.21514463,1.0599518,789.7436,803.0403,815.12823,809.4872,775.64105,-0.01214599609375,0.12060546875,0.9803466796875,3.760833740234375,-3.94775390625,0.25421142578125,1.0,1.0,1.0,1.0,1.0,95.0,event
12:10:20.750,0.38944653,-0.21032314,-0.06594148,0.4206704,0.6310962,-0.29458427,-0.4986439,0.54534656,0.909788,0.06527798,0.10575661,0.92360586,1.0703062,0.2550964,0.38789394,1.0610034,0.96565163,0.100024045,0.21514463,1.0599518,771.6117,807.0696,811.0989,815.9341,897.72894,-0.01214599609375,0.12060546875,0.9803466796875,3.760833740234375,-3.94775390625,0.25421142578125,1.0,1.0,1.0,1.0,1.0,95.0,event
12:10:20.751,0.38944653,-0.21032314,-0.06594148,0.4206704,0.6310962,-0.29458427,-0.4986439,0.54534656,0.909788,0.06527798,0.10575661,0.92360586,1.0703062,0.2550964,0.38789394,1.0610034,0.96565163,0.100024045,0.21514463,1.0599518,777.25275,813.5165,798.20514,805.05493,947.28937,-0.01214599609375,0.12060546875,0.9803466796875,3.760833740234375,-3.94775390625,0.25421142578125,1.0,1.0,1.0,1.0,1.0,95.0,event
12:10:20.752,0.38944653,-0.21032314,-0.06594148,0.4206704,0.6310962,-0.29458427,-0.4986439,0.54534656,0.909788,0.06527798,0.10575661,0.92360586,1.0703062,0.2550964,0.38789394,1.0610034,0.96565163,0.100024045,0.21514463,1.0599518,776.04395,813.5165,800.2198,772.4176,787.72894,-0.01214599609375,0.12060546875,0.9803466796875,3.760833740234375,-3.94775390625,0.25421142578125,1.0,1.0,1.0,1.0,1.0,95.0,event
12:10:20.752,0.38944653,-0.21032314,-0.06594148,0.4206704,0.6310962,-0.29458427,-0.4986439,0.54534656,0.909788,0.06527798,0.10575661,0.92360586,1.0703062,0.2550964,0.38789394,1.0610034,0.96565163,0.100024045,0.21514463,1.0599518,775.2381,799.81683,806.26373,778.46155,745.82416,-0.01214599609375,0.12060546875,0.9803466796875,3.760833740234375,-3.94775390625,0.25421142578125,1.0,1.0,1.0,1.0,1.0,95.0,event
12:10:20.776,0.38944653,-0.21032314,-0.06594148,0.4206704,0.6310962,-0.29458427,-0.4986439,0.54534656,0.909788,0.06527798,0.10575661,0.92360586,1.0703062,0.2550964,0.38789394,1.0610034,0.96565163,0.100024045,0.21514463,1.0599518,789.34064,794.57874,806.26373,791.75824,840.9158,-0.015869140625,0.13287353515625,0.98553466796875,4.4561767578125,-4.224395751953125,0.52337646484375,1.0,1.0,1.0,1.0,1.0,95.0,event
12:10:20.777,0.38944653,-0.21032314,-0.06594148,0.4206704,0.6310962,-0.29458427,-0.4986439,0.54534656,0.909788,0.06527798,0.10575661,0.92360586,1.0703062,0.2550964,0.38789394,1.0610034,0.96565163,0.100024045,0.21514463,1.0599518,799.41394,815.5311,815.9341,815.9341,700.293,-0.015869140625,0.13287353515625,0.98553466796875,4.4561767578125,-4.224395751953125,0.52337646484375,1.0,1.0,1.0,1.0,1.0,95.0,event
12:10:20.777,0.38944653,-0.21032314,-0.06594148,0.4206704,0.6310962,-0.29458427,-0.4986439,0.54534656,0.909788,0.06527798,0.10575661,0.92360586,1.0703062,0.2550964,0.38789394,1.0610034,0.96565163,0.100024045,0.21514463,1.0599518,804.65204,806.6667,811.9048,795.78754,805.8608,-0.015869140625,0.13287353515625,0.98553466796875,4.4561767578125,-4.224395751953125,0.52337646484375,1.0,1.0,1.0,1.0,1.0,95.0,event
12:10:20.778,0.38944653,-0.21032314,-0.06594148,0.4206704,0.6310962,-0.29458427,-0.4986439,0.54534656,0.909788,0.06527798,0.10575661,0.92360586,1.0703062,0.2550964,0.38789394,1.0610034,0.96565163,0.100024045,0.21514463,1.0599518,780.07324,814.7253,812.71063,816.7399,753.0769,-0.015869140625,0.13287353515625,0.98553466796875,4.4561767578125,-4.224395751953125,0.52337646484375,1.0,1.0,1.0,1.0,1.0,95.0,event
12:10:20.779,0.38944653,-0.21032314,-0.06594148,0.4206704,0.6310962,-0.29458427,-0.4986439,0.54534656,0.909788,0.06527798,0.10575661,0.92360586,1.0703062,0.2550964,0.38789394,1.0610034,0.96565163,0.100024045,0.21514463,1.0599518,778.0586,814.3223,804.65204,780.87915,794.17584,-0.015869140625,0.13287353515625,0.98553466796875,4.4561767578125,-4.224395751953125,0.52337646484375,1.0,1.0,1.0,1.0,1.0,95.0,event
12:10:20.779,0.38944653,-0.21032314,-0.06594148,0.4206704,0.6310962,-0.29458427,-0.4986439,0.54534656,0.909788,0.06527798,0.10575661,0.92360586,1.0703062,0.2550964,0.38789394,1.0610034,0.96565163,0.100024045,0.21514463,1.0599518,791.75824,808.2784,810.696,766.3736,824.3956,-0.015869140625,0.13287353515625,0.98553466796875,4.4561767578125,-4.224395751953125,0.52337646484375,1.0,1.0,1.0,1.0,1.0,95.0,event
12:10:20.780,0.38944653,-0.21032314,-0.06594148,0.4206704,0.6310962,-0.29458427,-0.4986439,0.54534656,0.909788,0.06527798,0.10575661,0.92360586,1.0703062,0.2550964,0.38789394,1.0610034,0.96565163,0.100024045,0.21514463,1.0599518,790.54944,810.696,815.9341,792.1612,844.5421,-0.015869140625,0.13287353515625,0.98553466796875,4.4561767578125,-4.224395751953125,0.52337646484375,1.0,1.0,1.0,1.0,1.0,95.0,event
12:10:20.780,0.38944653,-0.21032314,-0.06594148,0.4206704,0.6310962,-0.29458427,-0.4986439,0.54534656,0.909788,0.06527798,0.10575661,0.92360586,1.0703062,0.2550964,0.38789394,1.0610034,0.96565163,0.100024045,0.21514463,1.0599518,791.3553,812.71063,812.3077,803.8461,882.8205,-0.015869140625,0.13287353515625,0.98553466796875,4.4561767578125,-4.224395751953125,0.52337646484375,1.0,1.0,1.0,1.0,1.0,95.0,event
12:10:20.781,0.38944653,-0.21032314,-0.06594148,0.4206704,0.6310962,-0.29458427,-0.4986439,0.54534656,0.909788,0.06527798,0.10575661,0.92360586,1.0703062,0.2550964,0.38789394,1.0610034,0.96565163,0.100024045,0.21514463,1.0599518,795.78754,806.26373,807.0696,792.96704,1004.90845,-0.015869140625,0.13287353515625,0.98553466796875,4.4561767578125,-4.224395751953125,0.52337646484375,1.0,1.0,1.0,1.0,1.0,95.0,event
12:10:20.782,0.38944653,-0.21032314,-0.06594148,0.4206704,0.6310962,-0.29458427,-0.4986439,0.54534656,0.909788,0.06527798,0.10575661,0.92360586,1.0703062,0.2550964,0.38789394,1.0610034,0.96565163,0.100024045,0.21514463,1.0599518,788.93774,806.6667,808.68134,792.96704,774.0293,-0.015869140625,0.13287353515625,0.98553466796875,4.4561767578125,-4.224395751953125,0.52337646484375,1.0,1.0,1.0,1.0,1.0,95.0,event
12:10:20.782,0.38944653,-0.21032314,-0.06594148,0.4206704,0.6310962,-0.29458427,-0.4986439,0.54534656,0.909788,0.06527798,0.10575661,0.92360586,1.0703062,0.2550964,0.38789394,1.0610034,0.96565163,0.100024045,0.21514463,1.0599518,786.1172,809.0842,810.696,789.34064,593.91943,-0.015869140625,0.13287353515625,0.98553466796875,4.4561767578125,-4.224395751953125,0.52337646484375,1.0,1.0,1.0,1.0,1.0,95.0,event
12:10:20.783,0.38944653,-0.21032314,-0.06594148,0.4206704,0.6310962,-0.29458427,-0.4986439,0.54534656,0.909788,0.06527798,0.10575661,0.92360586,1.0703062,0.2550964,0.38789394,1.0610034,0.96565163,0.100024045,0.21514463,1.0599518,786.1172,811.9048,810.696,784.90845,681.3553,-0.015869140625,0.13287353515625,0.98553466796875,4.4561767578125,-4.224395751953125,0.52337646484375,1.0,1.0,1.0,1.0,1.0,95.0,event
12:10:20.807,0.38944653,-0.21032314,-0.06594148,0.4206704,0.6310962,-0.29458427,-0.4986439,0.54534656,0.909788,0.06527798,0.10575661,0.92360586,1.0703062,0.2550964,0.38789394,1.0610034,0.96565163,0.100024045,0.21514463,1.0599518,804.2491,809.0842,808.2784,810.696,734.1392,-0.01068115234375,0.13580322265625,0.9837646484375,2.938385009765625,-4.448699951171875,0.9271240234375,1.0,1.0,1.0,1.0,1.0,95.0,event
12:10:20.808,0.38944653,-0.21032314,-0.06594148,0.4206704,0.6310962,-0.29458427,-0.4986439,0.54534656,0.909788,0.06527798,0.10575661,0.92360586,1.0703062,0.2550964,0.38789394,1.0610034,0.96565163,0.100024045,0.21514463,1.0599518,793.7729,798.20514,804.65204,811.0989,769.59705,-0.01068115234375,0.13580322265625,0.9837646484375,2.938385009765625,-4.448699951171875,0.9271240234375,1.0,1.0,1.0,1.0,1.0,95.0,event
12:10:20.809,0.38944653,-0.21032314,-0.06594148,0.4206704,0.6310962,-0.29458427,-0.4986439,0.54534656,0.909788,0.06527798,0.10575661,0.92360586,1.0703062,0.2550964,0.38789394,1.0610034,0.96565163,0.100024045,0.21514463,1.0599518,803.8461,799.011,807.0696,778.86444,805.05493,-0.01068115234375,0.13580322265625,0.9837646484375,2.938385009765625,-4.448699951171875,0.9271240234375,1.0,1.0,1.0,1.0,1.0,95.0,event
12:10:20.810,0.38944653,-0.21032314,-0.06594148,0.4206704,0.6310962,-0.29458427,-0.4986439,0.54534656,0.909788,0.06527798,0.10575661,0.92360586,1.0703062,0.2550964,0.38789394,1.0610034,0.96565163,0.100024045,0.21514463,1.0599518,801.8315,801.4286,808.2784,778.0586,840.5128,-0.01068115234375,0.13580322265625,0.9837646484375,2.938385009765625,-4.448699951171875,0.9271240234375,1.0,1.0,1.0,1.0,1.0,95.0,event
12:10:20.810,0.38944653,-0.21032314,-0.06594148,0.4206704,0.6310962,-0.29458427,-0.4986439,0.54534656,0.909788,0.06527798,0.10575661,0.92360586,1.0703062,0.2550964,0.38789394,1.0610034,0.96565163,0.100024045,0.21514463,1.0599518,771.6117,802.6374,810.293,788.1319,803.0403,-0.01068115234375,0.13580322265625,0.9837646484375,2.938385009765625,-4.448699951171875,0.9271240234375,1.0,1.0,1.0,1.0,1.0,95.0,event
12:10:20.811,0.37999994,-0.18711744,-0.15168798,0.392359,0.6117319,-0.2804579,-0.51681,0.51709324,0.909788,0.06924231,0.09719162,0.92360586,1.0764142,0.25635892,0.3847574,1.0598768,0.97187734,0.09948406,0.22443624,1.0770822,780.87915,807.0696,803.44324,798.20514,799.81683,-0.01068115234375,0.13580322265625,0.9837646484375,2.938385009765625,-4.448699951171875,0.9271240234375,1.0,1.0,1.0,1.0,1.0,95.0,event
12:10:20.815,0.37999994,-0.18711744,-0.15168798,0.392359,0.6117319,-0.2804579,-0.51681,0.51709324,0.909788,0.06924231,0.09719162,0.92360586,1.0764142,0.25635892,0.3847574,1.0598768,0.97187734,0.09948406,0.22443624,1.0770822,772.4176,809.89014,800.2198,803.0403,862.27106,-0.01068115234375,0.13580322265625,0.9837646484375,2.938385009765625,-4.448699951171875,0.9271240234375,1.0,1.0,1.0,1.0,1.0,95.0,event
12:10:20.816,0.37999994,-0.18711744,-0.15168798,0.392359,0.6117319,-0.2804579,-0.51681,0.51709324,0.909788,0.06924231,0.09719162,0.92360586,1.0764142,0.25635892,0.3847574,1.0598768,0.97187734,0.09948406,0.22443624,1.0770822,762.3443,805.8608,801.02563,773.22345,1022.23444,-0.01068115234375,0.13580322265625,0.9837646484375,2.938385009765625,-4.448699951171875,0.9271240234375,1.0,1.0,1.0,1.0,1.0,95.0,event
12:10:20.816,0.37999994,-0.18711744,-0.15168798,0.392359,0.6117319,-0.2804579,-0.51681,0.51709324,0.909788,0.06924231,0.09719162,0.92360586,1.0764142,0.25635892,0.3847574,1.0598768,0.97187734,0.09948406,0.22443624,1.0770822,787.72894,802.23444,796.1905,763.95605,970.65936,-0.01068115234375,0.13580322265625,0.9837646484375,2.938385009765625,-4.448699951171875,0.9271240234375,1.0,1.0,1.0,1.0,1.0,95.0,event
12:10:20.817,0.37999994,-0.18711744,-0.15168798,0.392359,0.6117319,-0.2804579,-0.51681,0.51709324,0.909788,0.06924231,0.09719162,0.92360586,1.0764142,0.25635892,0.3847574,1.0598768,0.97187734,0.09948406,0.22443624,1.0770822,807.8755,800.2198,801.8315,784.90845,714.7985,-0.01068115234375,0.13580322265625,0.9837646484375,2.938385009765625,-4.448699951171875,0.9271240234375,1.0,1.0,1.0,1.0,1.0,95.0,event
12:10:20.817,0.37999994,-0.18711744,-0.15168798,0.392359,0.6117319,-0.2804579,-0.51681,0.51709324,0.909788,0.06924231,0.09719162,0.92360586,1.0764142,0.25635892,0.3847574,1.0598768,0.97187734,0.09948406,0.22443624,1.0770822,798.20514,801.8315,817.1429,798.60803,755.09155,-0.01068115234375,0.13580322265625,0.9837646484375,2.938385009765625,-4.448699951171875,0.9271240234375,1.0,1.0,1.0,1.0,1.0,95.0,event
12:10:20.818,0.37999994,-0.18711744,-0.15168798,0.392359,0.6117319,-0.2804579,-0.51681,0.51709324,0.909788,0.06924231,0.09719162,0.92360586,1.0764142,0.25635892,0.3847574,1.0598768,0.97187734,0.09948406,0.22443624,1.0770822,801.8315,804.65204,819.9634,785.7143,821.1722,-0.01068115234375,0.13580322265625,0.9837646484375,2.938385009765625,-4.448699951171875,0.9271240234375,1.0,1.0,1.0,1.0,1.0,95.0,event
12:10:20.917,0.37999994,-0.18711744,-0.15168798,0.392359,0.6117319,-0.2804579,-0.51681,0.51709324,0.909788,0.06924231,0.09719162,0.92360586,1.0764142,0.25635892,0.3847574,1.0598768,0.97187734,0.09948406,0.22443624,1.0770822,800.2198,808.2784,813.1135,778.46155,740.18317,-0.01068115234375,0.13580322265625,0.9837646484375,2.938385009765625,-4.448699951171875,0.9271240234375,1.0,1.0,1.0,1.0,1.0,95.0,event
12:10:20.918,0.37999994,-0.18711744,-0.15168798,0.392359,0.6117319,-0.2804579,-0.51681,0.51709324,0.909788,0.06924231,0.09719162,0.92360586,1.0764142,0.25635892,0.3847574,1.0598768,0.97187734,0.09948406,0.22443624,1.0770822,782.49084,807.8755,805.8608,803.44324,722.0513,-0.01068115234375,0.13580322265625,0.9837646484375,2.938385009765625,-4.448699951171875,0.9271240234375,1.0,1.0,1.0,1.0,1.0,95.0,event
12:10:20.919,0.37999994,-0.18711744,-0.15168798,0.392359,0.6117319,-0.2804579,-0.51681,0.51709324,0.909788,0.06924231,0.09719162,0.92360586,1.0764142,0.25635892,0.3847574,1.0598768,0.97187734,0.09948406,0.22443624,1.0770822,770.80585,806.6667,806.26373,829.6337,806.6667,-0.01068115234375,0.13580322265625,0.9837646484375,2.938385009765625,-4.448699951171875,0.9271240234375,1.0,1.0,1.0,1.0,1.0,95.0,event
12:10:20.920,0.37999994,-0.18711744,-0.15168798,0.392359,0.6117319,-0.2804579,-0.51681,0.51709324,0.909788,0.06924231,0.09719162,0.92360586,1.0764142,0.25635892,0.3847574,1.0598768,0.97187734,0.09948406,0.22443624,1.0770822,782.0879,803.8461,807.0696,809.4872,780.4762,-0.01068115234375,0.13580322265625,0.9837646484375,2.938385009765625,-4.448699951171875,0.9271240234375,1.0,1.0,1.0,1.0,1.0,95.0,event
12:10:20.920,0.37999994,-0.18711744,-0.15168798,0.392359,0.6117319,-0.2804579,-0.51681,0.51709324,0.909788,0.06924231,0.09719162,0.92360586,1.0764142,0.25635892,0.3847574,1.0598768,0.97187734,0.09948406,0.22443624,1.0770822,796.99634,805.4579,804.65204,792.96704,743.4066,-0.01068115234375,0.13580322265625,0.9837646484375,2.938385009765625,-4.448699951171875,0.9271240234375,1.0,1.0,1.0,1.0,1.0,95.0,event
12:10:20.921,0.37999994,-0.18711744,-0.15168798,0.392359,0.6117319,-0.2804579,-0.51681,0.51709324,0.909788,0.06924231,0.09719162,0.92360586,1.0764142,0.25635892,0.3847574,1.0598768,0.97187734,0.09948406,0.22443624,1.0770822,799.81683,805.4579,799.011,766.77655,780.07324,-0.01068115234375,0.13580322265625,0.9837646484375,2.938385009765625,-4.448699951171875,0.9271240234375,1.0,1.0,1.0,1.0,1.0,95.0,event
12:10:20.922,0.37999994,-0.18711744,-0.15168798,0.392359,0.6117319,-0.2804579,-0.51681,0.51709324,0.909788,0.06924231,0.09719162,0.92360586,1.0764142,0.25635892,0.3847574,1.0598768,0.97187734,0.09948406,0.22443624,1.0770822,800.2198,801.8315,805.8608,780.07324,903.36993,-0.01068115234375,0.13580322265625,0.9837646484375,2.938385009765625,-4.448699951171875,0.9271240234375,1.0,1.0,1.0,1.0,1.0,95.0,event
12:10:20.923,0.37999994,-0.18711744,-0.15168798,0.392359,0.6117319,-0.2804579,-0.51681,0.51709324,0.909788,0.06924231,0.09719162,0.92360586,1.0764142,0.25635892,0.3847574,1.0598768,0.97187734,0.09948406,0.22443624,1.0770822,771.6117,801.4286,814.7253,817.1429,1145.5311,-0.01068115234375,0.13580322265625,0.9837646484375,2.938385009765625,-4.448699951171875,0.9271240234375,1.0,1.0,1.0,1.0,1.0,95.0,event
12:10:20.924,0.37999994,-0.18711744,-0.15168798,0.392359,0.6117319,-0.2804579,-0.51681,0.51709324,0.909788,0.06924231,0.09719162,0.92360586,1.0764142,0.25635892,0.3847574,1.0598768,0.97187734,0.09948406,0.22443624,1.0770822,778.86444,795.38464,805.4579,807.0696,926.7399,-0.01068115234375,0.13580322265625,0.9837646484375,2.938385009765625,-4.448699951171875,0.9271240234375,1.0,1.0,1.0,1.0,1.0,95.0,event
12:10:20.925,0.37999994,-0.18711744,-0.15168798,0.392359,0.6117319,-0.2804579,-0.51681,0.51709324,0.909788,0.06924231,0.09719162,0.92360586,1.0764142,0.25635892,0.3847574,1.0598768,0.97187734,0.09948406,0.22443624,1.0770822,790.9524,797.8022,805.8608,806.26373,669.2674,-0.01068115234375,0.13580322265625,0.9837646484375,2.938385009765625,-4.448699951171875,0.9271240234375,1.0,1.0,1.0,1.0,1.0,95.0,event
12:10:20.926,0.37999994,-0.18711744,-0.15168798,0.392359,0.6117319,-0.2804579,-0.51681,0.51709324,0.909788,0.06924231,0.09719162,0.92360586,1.0764142,0.25635892,0.3847574,1.0598768,0.97187734,0.09948406,0.22443624,1.0770822,786.1172,809.89014,814.3223,801.02563,735.7509,-0.01068115234375,0.13580322265625,0.9837646484375,2.938385009765625,-4.448699951171875,0.9271240234375,1.0,1.0,1.0,1.0,1.0,95.0,event
12:10:20.927,0.37999994,-0.18711744,-0.15168798,0.392359,0.6117319,-0.2804579,-0.51681,0.51709324,0.909788,0.06924231,0.09719162,0.92360586,1.0764142,0.25635892,0.3847574,1.0598768,0.97187734,0.09948406,0.22443624,1.0770822,799.41394,804.65204,809.0842,793.36993,707.1429,-0.01068115234375,0.13580322265625,0.9837646484375,2.938385009765625,-4.448699951171875,0.9271240234375,1.0,1.0,1.0,1.0,1.0,95.0,event
12:10:20.962,0.37999994,-0.18711744,-0.15168798,0.392359,0.6117319,-0.2804579,-0.51681,0.51709324,0.909788,0.06924231,0.09719162,0.92360586,1.0764142,0.25635892,0.3847574,1.0598768,0.97187734,0.09948406,0.22443624,1.0770822,796.99634,801.8315,806.26373,789.7436,628.5714,-0.00958251953125,0.1300048828125,0.976318359375,1.562652587890625,-3.955230712890625,-0.19439697265625,1.0,1.0,1.0,1.0,1.0,95.0,event
12:10:20.966,0.37999994,-0.18711744,-0.15168798,0.392359,0.6117319,-0.2804579,-0.51681,0.51709324,0.909788,0.06924231,0.09719162,0.92360586,1.0764142,0.25635892,0.3847574,1.0598768,0.97187734,0.09948406,0.22443624,1.0770822,793.36993,808.2784,809.89014,780.4762,719.2308,-0.00958251953125,0.1300048828125,0.976318359375,1.562652587890625,-3.955230712890625,-0.19439697265625,1.0,1.0,1.0,1.0,1.0,95.0,event
12:10:20.967,0.37999994,-0.18711744,-0.15168798,0.392359,0.6117319,-0.2804579,-0.51681,0.51709324,0.909788,0.06924231,0.09719162,0.92360586,1.0764142,0.25635892,0.3847574,1.0598768,0.97187734,0.09948406,0.22443624,1.0770822,786.1172,811.50183,811.50183,798.60803,850.18317,-0.00958251953125,0.1300048828125,0.976318359375,1.562652587890625,-3.955230712890625,-0.19439697265625,1.0,1.0,1.0,1.0,1.0,95.0,event
12:10:20.968,0.37999994,-0.18711744,-0.15168798,0.392359,0.6117319,-0.2804579,-0.51681,0.51709324,0.909788,0.06924231,0.09719162,0.92360586,1.0764142,0.25635892,0.3847574,1.0598768,0.97187734,0.09948406,0.22443624,1.0770822,795.78754,806.6667,810.293,803.0403,788.93774,-0.00958251953125,0.1300048828125,0.976318359375,1.562652587890625,-3.955230712890625,-0.19439697265625,1.0,1.0,1.0,1.0,1.0,95.0,event
12:10:20.969,0.37999994,-0.18711744,-0.15168798,0.392359,0.6117319,-0.2804579,-0.51681,0.51709324,0.909788,0.06924231,0.09719162,0.92360586,1.0764142,0.25635892,0.3847574,1.0598768,0.97187734,0.09948406,0.22443624,1.0770822,813.91943,805.4579,803.44324,791.75824,790.14655,-0.00958251953125,0.1300048828125,0.976318359375,1.562652587890625,-3.955230712890625,-0.19439697265625,1.0,1.0,1.0,1.0,1.0,95.0,event
12:10:20.971,0.37999994,-0.18711744,-0.15168798,0.392359,0.6117319,-0.2804579,-0.51681,0.51709324,0.909788,0.06924231,0.09719162,0.92360586,1.0764142,0.25635892,0.3847574,1.0598768,0.97187734,0.09948406,0.22443624,1.0770822,803.0403,811.0989,803.8461,800.2198,829.2308,-0.00958251953125,0.1300048828125,0.976318359375,1.562652587890625,-3.955230712890625,-0.19439697265625,1.0,1.0,1.0,1.0,1.0,95.0,event
12:10:20.972,0.37999994,-0.18711744,-0.15168798,0.392359,0.6117319,-0.2804579,-0.51681,0.51709324,0.909788,0.06924231,0.09719162,0.92360586,1.0764142,0.25635892,0.3847574,1.0598768,0.97187734,0.09948406,0.22443624,1.0770822,780.87915,805.05493,812.3077,794.9817,1002.8938,-0.00958251953125,0.1300048828125,0.976318359375,1.562652587890625,-3.955230712890625,-0.19439697265625,1.0,1.0,1.0,1.0,1.0,95.0,event
12:10:20.973,0.36075574,-0.16594328,-0.21283165,0.3789753,0.58936054,-0.2670006,-0.53680336,0.50317466,0.9170807,0.06924231,0.05137631,0.92360586,1.0712475,0.25419688,0.3790916,1.0493963,0.9724094,0.11262639,0.23045063,1.0920281,766.3736,805.4579,811.9048,822.7839,1057.2894,-0.00958251953125,0.1300048828125,0.976318359375,1.562652587890625,-3.955230712890625,-0.19439697265625,1.0,1.0,1.0,1.0,1.0,95.0,event
12:10:20.977,0.36075574,-0.16594328,-0.21283165,0.3789753,0.58936054,-0.2670006,-0.53680336,0.50317466,0.9170807,0.06924231,0.05137631,0.92360586,1.0712475,0.25419688,0.3790916,1.0493963,0.9724094,0.11262639,0.23045063,1.0920281,772.4176,808.2784,806.26373,806.6667,766.77655,-0.00958251953125,0.1300048828125,0.976318359375,1.562652587890625,-3.955230712890625,-0.19439697265625,1.0,1.0,1.0,1.0,1.0,95.0,event
12:10:20.978,0.36075574,-0.16594328,-0.21283165,0.3789753,0.58936054,-0.2670006,-0.53680336,0.50317466,0.9170807,0.06924231,0.05137631,0.92360586,1.0712475,0.25419688,0.3790916,1.0493963,0.9724094,0.11262639,0.23045063,1.0920281,801.02563,810.696,805.4579,801.4286,900.9524,-0.00958251953125,0.1300048828125,0.976318359375,1.562652587890625,-3.955230712890625,-0.19439697265625,1.0,1.0,1.0,1.0,1.0,95.0,event
12:10:20.978,0.36075574,-0.16594328,-0.21283165,0.3789753,0.58936054,-0.2670006,-0.53680336,0.50317466,0.9170807,0.06924231,0.05137631,0.92360586,1.0712475,0.25419688,0.3790916,1.0493963,0.9724094,0.11262639,0.23045063,1.0920281,797.3993,813.91943,808.2784,778.0586,691.02563,-0.00958251953125,0.1300048828125,0.976318359375,1.562652587890625,-3.955230712890625,-0.19439697265625,1.0,1.0,1.0,1.0,1.0,95.0,event
12:10:20.979,0.36075574,-0.16594328,-0.21283165,0.3789753,0.58936054,-0.2670006,-0.53680336,0.50317466,0.9170807,0.06924231,0.05137631,0.92360586,1.0712475,0.25419688,0.3790916,1.0493963,0.9724094,0.11262639,0.23045063,1.0920281,803.44324,799.41394,801.4286,799.011,830.4396,-0.00958251953125,0.1300048828125,0.976318359375,1.562652587890625,-3.955230712890625,-0.19439697265625,1.0,1.0,1.0,1.0,1.0,95.0,event
12:10:21.010,0.36075574,-0.16594328,-0.21283165,0.3789753,0.58936054,-0.2670006,-0.53680336,0.50317466,0.9170807,0.06924231,0.05137631,0.92360586,1.0712475,0.25419688,0.3790916,1.0493963,0.9724094,0.11262639,0.23045063,1.0920281,789.34064,807.8755,809.0842,788.1319,760.7326,-0.00750732421875,0.13104248046875,0.9749755859375,2.27294921875,-3.75335693359375,0.11962890625,1.0,1.0,1.0,1.0,1.0,95.0,event
12:10:21.011,0.36075574,-0.16594328,-0.21283165,0.3789753,0.58936054,-0.2670006,-0.53680336,0.50317466,0.9170807,0.06924231,0.05137631,0.92360586,1.0712475,0.25419688,0.3790916,1.0493963,0.9724094,0.11262639,0.23045063,1.0920281,771.2088,804.65204,818.3516,783.2967,791.3553,-0.00750732421875,0.13104248046875,0.9749755859375,2.27294921875,-3.75335693359375,0.11962890625,1.0,1.0,1.0,1.0,1.0,95.0,event
12:10:21.012,0.36075574,-0.16594328,-0.21283165,0.3789753,0.58936054,-0.2670006,-0.53680336,0.50317466,0.9170807,0.06924231,0.05137631,0.92360586,1.0712475,0.25419688,0.3790916,1.0493963,0.9724094,0.11262639,0.23045063,1.0920281,776.4469,803.8461,817.9487,803.0403,765.9707,-0.00750732421875,0.13104248046875,0.9749755859375,2.27294921875,-3.75335693359375,0.11962890625,1.0,1.0,1.0,1.0,1.0,95.0,event
12:10:21.012,0.36075574,-0.16594328,-0.21283165,0.3789753,0.58936054,-0.2670006,-0.53680336,0.50317466,0.9170807,0.06924231,0.05137631,0.92360586,1.0712475,0.25419688,0.3790916,1.0493963,0.9724094,0.11262639,0.23045063,1.0920281,781.28204,813.91943,812.71063,807.8755,733.73627,-0.00750732421875,0.13104248046875,0.9749755859375,2.27294921875,-3.75335693359375,0.11962890625,1.0,1.0,1.0,1.0,1.0,95.0,event
12:10:21.013,0.36075574,-0.16594328,-0.21283165,0.3789753,0.58936054,-0.2670006,-0.53680336,0.50317466,0.9170807,0.06924231,0.05137631,0.92360586,1.0712475,0.25419688,0.3790916,1.0493963,0.9724094,0.11262639,0.23045063,1.0920281,772.8205,804.65204,807.47253,796.5934,720.0366,-0.00750732421875,0.13104248046875,0.9749755859375,2.27294921875,-3.75335693359375,0.11962890625,1.0,1.0,1.0,1.0,1.0,95.0,event
12:10:21.013,0.36075574,-0.16594328,-0.21283165,0.3789753,0.58936054,-0.2670006,-0.53680336,0.50317466,0.9170807,0.06924231,0.05137631,0.92360586,1.0712475,0.25419688,0.3790916,1.0493963,0.9724094,0.11262639,0.23045063,1.0920281,777.6557,797.8022,796.5934,806.26373,891.685,-0.00750732421875,0.13104248046875,0.9749755859375,2.27294921875,-3.75335693359375,0.11962890625,1.0,1.0,1.0,1.0,1.0,95.0,event
12:10:21.014,0.36075574,-0.16594328,-0.21283165,0.3789753,0.58936054,-0.2670006,-0.53680336,0.50317466,0.9170807,0.06924231,0.05137631,0.92360586,1.0712475,0.25419688,0.3790916,1.0493963,0.9724094,0.11262639,0.23045063,1.0920281,801.02563,807.0696,792.96704,801.8315,979.92676,-0.00750732421875,0.13104248046875,0.9749755859375,2.27294921875,-3.75335693359375,0.11962890625,1.0,1.0,1.0,1.0,1.0,95.0,event
12:10:21.014,0.36075574,-0.16594328,-0.21283165,0.3789753,0.58936054,-0.2670006,-0.53680336,0.50317466,0.9170807,0.06924231,0.05137631,0.92360586,1.0712475,0.25419688,0.3790916,1.0493963,0.9724094,0.11262639,0.23045063,1.0920281,794.57874,812.71063,807.0696,800.2198,830.84247,-0.00750732421875,0.13104248046875,0.9749755859375,2.27294921875,-3.75335693359375,0.11962890625,1.0,1.0,1.0,1.0,1.0,95.0,event
12:10:21.015,0.36075574,-0.16594328,-0.21283165,0.3789753,0.58936054,-0.2670006,-0.53680336,0.50317466,0.9170807,0.06924231,0.05137631,0.92360586,1.0712475,0.25419688,0.3790916,1.0493963,0.9724094,0.11262639,0.23045063,1.0920281,801.4286,803.8461,816.337,786.9231,778.46155,-0.00750732421875,0.13104248046875,0.9749755859375,2.27294921875,-3.75335693359375,0.11962890625,1.0,1.0,1.0,1.0,1.0,95.0,event
12:10:21.015,0.36075574,-0.16594328,-0.21283165,0.3789753,0.58936054,-0.2670006,-0.53680336,0.50317466,0.9170807,0.06924231,0.05137631,0.92360586,1.0712475,0.25419688,0.3790916,1.0493963,0.9724094,0.11262639,0.23045063,1.0920281,792.5641,808.68134,819.15753,796.5934,742.1978,-0.00750732421875,0.13104248046875,0.9749755859375,2.27294921875,-3.75335693359375,0.11962890625,1.0,1.0,1.0,1.0,1.0,95.0,event
12:10:21.016,0.36075574,-0.16594328,-0.21283165,0.3789753,0.58936054,-0.2670006,-0.53680336,0.50317466,0.9170807,0.06924231,0.05137631,0.92360586,1.0712475,0.25419688,0.3790916,1.0493963,0.9724094,0.11262639,0.23045063,1.0920281,772.8205,800.6227,808.68134,803.0403,887.25275,-0.00750732421875,0.13104248046875,0.9749755859375,2.27294921875,-3.75335693359375,0.11962890625,1.0,1.0,1.0,1.0,1.0,95.0,event
12:10:21.017,0.36075574,-0.16594328,-0.21283165,0.3789753,0.58936054,-0.2670006,-0.53680336,0.50317466,0.9170807,0.06924231,0.05137631,0.92360586,1.0712475,0.25419688,0.3790916,1.0493963,0.9724094,0.11262639,0.23045063,1.0920281,775.2381,805.05493,813.5165,811.9048,812.3077,-0.00750732421875,0.13104248046875,0.9749755859375,2.27294921875,-3.75335693359375,0.11962890625,1.0,1.0,1.0,1.0,1.0,95.0,event
12:10:21.017,0.36075574,-0.16594328,-0.21283165,0.3789753,0.58936054,-0.2670006,-0.53680336,0.50317466,0.9170807,0.06924231,0.05137631,0.92360586,1.0712475,0.25419688,0.3790916,1.0493963,0.9724094,0.11262639,0.23045063,1.0920281,799.011,802.6374,814.7253,800.2198,674.90845,-0.01165771484375,0.13037109375,0.97955322265625,3.00567626953125,-3.551483154296875,0.13458251953125,1.0,1.0,1.0,1.0,1.0,95.0,event
12:10:21.018,0.36075574,-0.16594328,-0.21283165,0.3789753,0.58936054,-0.2670006,-0.53680336,0.50317466,0.9170807,0.06924231,0.05137631,0.92360586,1.0712475,0.25419688,0.3790916,1.0493963,0.9724094,0.11262639,0.23045063,1.0920281,797.8022,807.0696,809.0842,805.8608,760.32965,-0.01165771484375,0.13037109375,0.97955322265625,3.00567626953125,-3.551483154296875,0.13458251953125,1.0,1.0,1.0,1.0,1.0,95.0,event
12:10:21.019,0.36075574,-0.16594328,-0.21283165,0.3789753,0.58936054,-0.2670006,-0.53680336,0.50317466,0.9170807,0.06924231,0.05137631,0.92360586,1.0712475,0.25419688,0.3790916,1.0493963,0.9724094,0.11262639,0.23045063,1.0920281,793.7729,817.1429,809.4872,802.23444,826.4103,-0.01165771484375,0.13037109375,0.97955322265625,3.00567626953125,-3.551483154296875,0.13458251953125,1.0,1.0,1.0,1.0,1.0,95.0,event
12:10:21.019,0.36075574,-0.16594328,-0.21283165,0.3789753,0.58936054,-0.2670006,-0.53680336,0.50317466,0.9170807,0.06924231,0.05137631,0.92360586,1.0712475,0.25419688,0.3790916,1.0493963,0.9724094,0.11262639,0.23045063,1.0920281,793.36993,809.89014,815.9341,790.14655,759.92676,-0.01165771484375,0.13037109375,0.97955322265625,3.00567626953125,-3.551483154296875,0.13458251953125,1.0,1.0,1.0,1.0,1.0,95.0,event
12:10:21.020,0.36075574,-0.16594328,-0.21283165,0.3789753,0.58936054,-0.2670006,-0.53680336,0.50317466,0.9170807,0.06924231,0.05137631,0.92360586,1.0712475,0.25419688,0.3790916,1.0493963,0.9724094,0.11262639,0.23045063,1.0920281,794.17584,802.6374,812.71063,801.4286,747.4359,-0.01165771484375,0.13037109375,0.97955322265625,3.00567626953125,-3.551483154296875,0.13458251953125,1.0,1.0,1.0,1.0,1.0,95.0,event
12:10:21.020,0.36075574,-0.16594328,-0.21283165,0.3789753,0.58936054,-0.2670006,-0.53680336,0.50317466,0.9170807,0.06924231,0.05137631,0.92360586,1.0712475,0.25419688,0.3790916,1.0493963,0.9724094,0.11262639,0.23045063,1.0920281,794.17584,801.02563,809.0842,808.68134,896.52014,-0.01165771484375,0.13037109375,0.97955322265625,3.00567626953125,-3.551483154296875,0.13458251953125,1.0,1.0,1.0,1.0,1.0,95.0,event
12:10:21.021,0.36075574,-0.16594328,-0.21283165,0.3789753,0.58936054,-0.2670006,-0.53680336,0.50317466,0.9170807,0.06924231,0.05137631,0.92360586,1.0712475,0.25419688,0.3790916,1.0493963,0.9724094,0.11262639,0.23045063,1.0920281,780.07324,800.6227,810.293,806.6667,935.2015,-0.01165771484375,0.13037109375,0.97955322265625,3.00567626953125,-3.551483154296875,0.13458251953125,1.0,1.0,1.0,1.0,1.0,95.0,event
12:10:21.021,0.36075574,-0.16594328,-0.21283165,0.3789753,0.58936054,-0.2670006,-0.53680336,0.50317466,0.9170807,0.06924231,0.05137631,0.92360586,1.0712475,0.25419688,0.3790916,1.0493963,0.9724094,0.11262639,0.23045063,1.0920281,786.9231,812.3077,805.05493,811.0989,784.5055,-0.01165771484375,0.13037109375,0.97955322265625,3.00567626953125,-3.551483154296875,0.13458251953125,1.0,1.0,1.0,1.0,1.0,95.0,event
12:10:21.022,0.3366027,-0.14321142,-0.2385646,0.3798361,0.5649274,-0.25158322,-0.5622017,0.50246525,0.93502337,0.06855733,-0.020782333,0.92360586,1.0594554,0.24819817,0.36911294,1.0364393,0.9675537,0.13587058,0.23542581,1.0987445,805.05493,814.3223,812.71063,811.9048,847.3626,-0.01165771484375,0.13037109375,0.97955322265625,3.00567626953125,-3.551483154296875,0.13458251953125,1.0,1.0,1.0,1.0,1.0,95.0,event
12:10:21.022,0.36075574,-0.16594328,-0.21283165,0.3789753,0.58936054,-0.2670006,-0.53680336,0.50317466,0.9170807,0.06924231,0.05137631,0.92360586,1.0712475,0.25419688,0.3790916,1.0493963,0.9724094,0.11262639,0.23045063,1.0920281,809.0842,819.15753,801.8315,806.26373,741.79486,-0.01165771484375,0.13037109375,0.97955322265625,3.00567626953125,-3.551483154296875,0.13458251953125,1.0,1.0,1.0,1.0,1.0,95.0,event
12:10:21.026,0.3366027,-0.14321142,-0.2385646,0.3798361,0.5649274,-0.25158322,-0.5622017,0.50246525,0.93502337,0.06855733,-0.020782333,0.92360586,1.0594554,0.24819817,0.36911294,1.0364393,0.9675537,0.13587058,0.23542581,1.0987445,794.9817,809.4872,808.2784,806.6667,793.7729,-0.01165771484375,0.13037109375,0.97955322265625,3.00567626953125,-3.551483154296875,0.13458251953125,1.0,1.0,1.0,1.0,1.0,95.0,event
12:10:21.027,0.3366027,-0.14321142,-0.2385646,0.3798361,0.5649274,-0.25158322,-0.5622017,0.50246525,0.93502337,0.06855733,-0.020782333,0.92360586,1.0594554,0.24819817,0.36911294,1.0364393,0.9675537,0.13587058,0.23542581,1.0987445,777.25275,805.4579,799.011,794.57874,718.4249,-0.01165771484375,0.13037109375,0.97955322265625,3.00567626953125,-3.551483154296875,0.13458251953125,1.0,1.0,1.0,1.0,1.0,95.0,event
12:10:21.074,0.3366027,-0.14321142,-0.2385646,0.3798361,0.5649274,-0.25158322,-0.5622017,0.50246525,0.93502337,0.06855733,-0.020782333,0.92360586,1.0594554,0.24819817,0.36911294,1.0364393,0.9675537,0.13587058,0.23542581,1.0987445,777.6557,798.20514,804.2491,788.93774,766.77655,-0.0089111328125,0.13507080078125,0.98016357421875,2.235565185546875,-3.880462646484375,-0.059814453125,1.0,1.0,1.0,1.0,1.0,95.0,event
12:10:21.075,0.3366027,-0.14321142,-0.2385646,0.3798361,0.5649274,-0.25158322,-0.5622017,0.50246525,0.93502337,0.06855733,-0.020782333,0.92360586,1.0594554,0.24819817,0.36911294,1.0364393,0.9675537,0.13587058,0.23542581,1.0987445,784.90845,796.5934,807.8755,782.49084,979.5238,-0.0089111328125,0.13507080078125,0.98016357421875,2.235565185546875,-3.880462646484375,-0.059814453125,1.0,1.0,1.0,1.0,1.0,95.0,event
12:10:21.076,0.3366027,-0.14321142,-0.2385646,0.3798361,0.5649274,-0.25158322,-0.5622017,0.50246525,0.93502337,0.06855733,-0.020782333,0.92360586,1.0594554,0.24819817,0.36911294,1.0364393,0.9675537,0.13587058,0.23542581,1.0987445,801.02563,803.8461,811.0989,801.4286,921.9048,-0.0089111328125,0.13507080078125,0.98016357421875,2.235565185546875,-3.880462646484375,-0.059814453125,1.0,1.0,1.0,1.0,1.0,95.0,event
12:10:21.077,0.3366027,-0.14321142,-0.2385646,0.3798361,0.5649274,-0.25158322,-0.5622017,0.50246525,0.93502337,0.06855733,-0.020782333,0.92360586,1.0594554,0.24819817,0.36911294,1.0364393,0.9675537,0.13587058,0.23542581,1.0987445,810.696,804.2491,807.8755,808.2784,683.7729,-0.0089111328125,0.13507080078125,0.98016357421875,2.235565185546875,-3.880462646484375,-0.059814453125,1.0,1.0,1.0,1.0,1.0,95.0,event
12:10:21.077,0.3366027,-0.14321142,-0.2385646,0.3798361,0.5649274,-0.25158322,-0.5622017,0.50246525,0.93502337,0.06855733,-0.020782333,0.92360586,1.0594554,0.24819817,0.36911294,1.0364393,0.9675537,0.13587058,0.23542581,1.0987445,771.2088,806.26373,799.41394,792.96704,732.1245,-0.0089111328125,0.13507080078125,0.98016357421875,2.235565185546875,-3.880462646484375,-0.059814453125,1.0,1.0,1.0,1.0,1.0,95.0,event
12:10:21.078,0.3366027,-0.14321142,-0.2385646,0.3798361,0.5649274,-0.25158322,-0.5622017,0.50246525,0.93502337,0.06855733,-0.020782333,0.92360586,1.0594554,0.24819817,0.36911294,1.0364393,0.9675537,0.13587058,0.23542581,1.0987445,762.3443,812.71063,797.8022,796.1905,981.13556,-0.0089111328125,0.13507080078125,0.98016357421875,2.235565185546875,-3.880462646484375,-0.059814453125,1.0,1.0,1.0,1.0,1.0,95.0,event
12:10:21.079,0.3366027,-0.14321142,-0.2385646,0.3798361,0.5649274,-0.25158322,-0.5622017,0.50246525,0.93502337,0.06855733,-0.020782333,0.92360586,1.0594554,0.24819817,0.36911294,1.0364393,0.9675537,0.13587058,0.23542581,1.0987445,779.2674,814.7253,796.99634,801.02563,747.4359,-0.0089111328125,0.13507080078125,0.98016357421875,2.235565185546875,-3.880462646484375,-0.059814453125,1.0,1.0,1.0,1.0,1.0,95.0,event
12:10:21.079,0.3366027,-0.14321142,-0.2385646,0.3798361,0.5649274,-0.25158322,-0.5622017,0.50246525,0.93502337,0.06855733,-0.020782333,0.92360586,1.0594554,0.24819817,0.36911294,1.0364393,0.9675537,0.13587058,0.23542581,1.0987445,774.83514,813.5165,798.20514,805.8608,956.9597,-0.0089111328125,0.13507080078125,0.98016357421875,2.235565185546875,-3.880462646484375,-0.059814453125,1.0,1.0,1.0,1.0,1.0,95.0,event
12:10:21.080,0.3366027,-0.14321142,-0.2385646,0.3798361,0.5649274,-0.25158322,-0.5622017,0.50246525,0.93502337,0.06855733,-0.020782333,0.92360586,1.0594554,0.24819817,0.36911294,1.0364393,0.9675537,0.13587058,0.23542581,1.0987445,790.9524,813.91943,799.81683,795.78754,827.2161,-0.0089111328125,0.13507080078125,0.98016357421875,2.235565185546875,-3.880462646484375,-0.059814453125,1.0,1.0,1.0,1.0,1.0,95.0,event
12:10:21.081,0.3366027,-0.14321142,-0.2385646,0.3798361,0.5649274,-0.25158322,-0.5622017,0.50246525,0.93502337,0.06855733,-0.020782333,0.92360586,1.0594554,0.24819817,0.36911294,1.0364393,0.9675537,0.13587058,0.23542581,1.0987445,796.1905,807.0696,807.8755,786.52014,1021.8315,-0.0089111328125,0.13507080078125,0.98016357421875,2.235565185546875,-3.880462646484375,-0.059814453125,1.0,1.0,1.0,1.0,1.0,95.0,event
12:10:21.081,0.3366027,-0.14321142,-0.2385646,0.3798361,0.5649274,-0.25158322,-0.5622017,0.50246525,0.93502337,0.06855733,-0.020782333,0.92360586,1.0594554,0.24819817,0.36911294,1.0364393,0.9675537,0.13587058,0.23542581,1.0987445,809.0842,809.89014,813.91943,784.90845,780.4762,-0.0089111328125,0.13507080078125,0.98016357421875,2.235565185546875,-3.880462646484375,-0.059814453125,1.0,1.0,1.0,1.0,1.0,95.0,event
12:10:21.082,0.3366027,-0.14321142,-0.2385646,0.3798361,0.5649274,-0.25158322,-0.5622017,0.50246525,0.93502337,0.06855733,-0.020782333,0.92360586,1.0594554,0.24819817,0.36911294,1.0364393,0.9675537,0.13587058,0.23542581,1.0987445,819.5604,814.3223,807.47253,788.5348,685.38464,-0.0089111328125,0.13507080078125,0.98016357421875,2.235565185546875,-3.880462646484375,-0.059814453125,1.0,1.0,1.0,1.0,1.0,95.0,event
12:10:21.107,0.3366027,-0.14321142,-0.2385646,0.3798361,0.5649274,-0.25158322,-0.5622017,0.50246525,0.93502337,0.06855733,-0.020782333,0.92360586,1.0594554,0.24819817,0.36911294,1.0364393,0.9675537,0.13587058,0.23542581,1.0987445,811.0989,804.2491,800.2198,807.0696,813.1135,-0.0089111328125,0.13507080078125,0.98016357421875,2.235565185546875,-3.880462646484375,-0.059814453125,1.0,1.0,1.0,1.0,1.0,95.0,event
12:10:21.108,0.3366027,-0.14321142,-0.2385646,0.3798361,0.5649274,-0.25158322,-0.5622017,0.50246525,0.93502337,0.06855733,-0.020782333,0.92360586,1.0594554,0.24819817,0.36911294,1.0364393,0.9675537,0.13587058,0.23542581,1.0987445,797.8022,803.0403,809.4872,817.9487,801.4286,-0.0089111328125,0.13507080078125,0.98016357421875,2.235565185546875,-3.880462646484375,-0.059814453125,1.0,1.0,1.0,1.0,1.0,95.0,event
12:10:21.109,0.3366027,-0.14321142,-0.2385646,0.3798361,0.5649274,-0.25158322,-0.5622017,0.50246525,0.93502337,0.06855733,-0.020782333,0.92360586,1.0594554,0.24819817,0.36911294,1.0364393,0.9675537,0.13587058,0.23542581,1.0987445,772.4176,808.2784,811.0989,796.1905,742.6007,-0.0089111328125,0.13507080078125,0.98016357421875,2.235565185546875,-3.880462646484375,-0.059814453125,1.0,1.0,1.0,1.0,1.0,95.0,event
12:10:21.109,0.3366027,-0.14321142,-0.2385646,0.3798361,0.5649274,-0.25158322,-0.5622017,0.50246525,0.93502337,0.06855733,-0.020782333,0.92360586,1.0594554,0.24819817,0.36911294,1.0364393,0.9675537,0.13587058,0.23542581,1.0987445,756.30035,809.0842,797.3993,788.1319,723.663,-0.0089111328125,0.13507080078125,0.98016357421875,2.235565185546875,-3.880462646484375,-0.059814453125,1.0,1.0,1.0,1.0,1.0,95.0,event
12:10:21.110,0.3366027,-0.14321142,-0.2385646,0.3798361,0.5649274,-0.25158322,-0.5622017,0.50246525,0.93502337,0.06855733,-0.020782333,0.92360586,1.0594554,0.24819817,0.36911294,1.0364393,0.9675537,0.13587058,0.23542581,1.0987445,768.3883,805.05493,794.57874,794.9817,812.3077,-0.0089111328125,0.13507080078125,0.98016357421875,2.235565185546875,-3.880462646484375,-0.059814453125,1.0,1.0,1.0,1.0,1.0,95.0,event
12:10:21.111,0.3366027,-0.14321142,-0.2385646,0.3798361,0.5649274,-0.25158322,-0.5622017,0.50246525,0.93502337,0.06855733,-0.020782333,0.92360586,1.0594554,0.24819817,0.36911294,1.0364393,0.9675537,0.13587058,0.23542581,1.0987445,803.44324,803.44324,811.9048,812.3077,794.57874,-0.0089111328125,0.13507080078125,0.98016357421875,2.235565185546875,-3.880462646484375,-0.059814453125,1.0,1.0,1.0,1.0,1.0,95.0,event
12:10:21.111,0.3366027,-0.14321142,-0.2385646,0.3798361,0.5649274,-0.25158322,-0.5622017,0.50246525,0.93502337,0.06855733,-0.020782333,0.92360586,1.0594554,0.24819817,0.36911294,1.0364393,0.9675537,0.13587058,0.23542581,1.0987445,786.9231,798.60803,809.4872,802.23444,862.674,-0.0089111328125,0.13507080078125,0.98016357421875,2.235565185546875,-3.880462646484375,-0.059814453125,1.0,1.0,1.0,1.0,1.0,95.0,event
12:10:21.112,0.3366027,-0.14321142,-0.2385646,0.3798361,0.5649274,-0.25158322,-0.5622017,0.50246525,0.93502337,0.06855733,-0.020782333,0.92360586,1.0594554,0.24819817,0.36911294,1.0364393,0.9675537,0.13587058,0.23542581,1.0987445,799.81683,809.0842,810.293,807.0696,787.326,-0.0089111328125,0.13507080078125,0.98016357421875,2.235565185546875,-3.880462646484375,-0.059814453125,1.0,1.0,1.0,1.0,1.0,95.0,event
12:10:21.112,0.3366027,-0.14321142,-0.2385646,0.3798361,0.5649274,-0.25158322,-0.5622017,0.50246525,0.93502337,0.06855733,-0.020782333,0.92360586,1.0594554,0.24819817,0.36911294,1.0364393,0.9675537,0.13587058,0.23542581,1.0987445,798.20514,811.50183,809.4872,812.3077,1008.1319,-0.0089111328125,0.13507080078125,0.98016357421875,2.235565185546875,-3.880462646484375,-0.059814453125,1.0,1.0,1.0,1.0,1.0,95.0,event
12:10:21.113,0.3366027,-0.14321142,-0.2385646,0.3798361,0.5649274,-0.25158322,-0.5622017,0.50246525,0.93502337,0.06855733,-0.020782333,0.92360586,1.0594554,0.24819817,0.36911294,1.0364393,0.9675537,0.13587058,0.23542581,1.0987445,805.8608,810.293,794.9817,809.89014,1058.4982,-0.0089111328125,0.13507080078125,0.98016357421875,2.235565185546875,-3.880462646484375,-0.059814453125,1.0,1.0,1.0,1.0,1.0,95.0,event
12:10:21.114,0.3366027,-0.14321142,-0.2385646,0.3798361,0.5649274,-0.25158322,-0.5622017,0.50246525,0.93502337,0.06855733,-0.020782333,0.92360586,1.0594554,0.24819817,0.36911294,1.0364393,0.9675537,0.13587058,0.23542581,1.0987445,817.9487,799.41394,792.96704,806.6667,752.674,-0.0089111328125,0.13507080078125,0.98016357421875,2.235565185546875,-3.880462646484375,-0.059814453125,1.0,1.0,1.0,1.0,1.0,95.0,event
12:10:21.114,0.31825337,-0.12083502,-0.2587323,0.37511024,0.55787355,-0.23355643,-0.59231466,0.50008565,0.9406747,0.10028328,-0.03058301,0.9209316,1.0518402,0.23711614,0.35585147,1.0394384,0.95759594,0.15820181,0.24158211,1.1064641,796.5934,790.54944,802.6374,808.2784,730.9158,-0.0089111328125,0.13507080078125,0.98016357421875,2.235565185546875,-3.880462646484375,-0.059814453125,1.0,1.0,1.0,1.0,1.0,95.0,event
12:10:21.215,0.31825337,-0.12083502,-0.2587323,0.37511024,0.55787355,-0.23355643,-0.59231466,0.50008565,0.9406747,0.10028328,-0.03058301,0.9209316,1.0518402,0.23711614,0.35585147,1.0394384,0.95759594,0.15820181,0.24158211,1.1064641,797.3993,806.26373,806.6667,791.3553,805.8608,-0.0074462890625,0.13165283203125,0.98095703125,2.265472412109375,-3.686065673828125,0.321502685546875,1.0,1.0,1.0,1.0,1.0,95.0,event
12:10:21.216,0.31825337,-0.12083502,-0.2587323,0.37511024,0.55787355,-0.23355643,-0.59231466,0.50008565,0.9406747,0.10028328,-0.03058301,0.9209316,1.0518402,0.23711614,0.35585147,1.0394384,0.95759594,0.15820181,0.24158211,1.1064641,808.2784,811.50183,805.05493,784.5055,745.82416,-0.0074462890625,0.13165283203125,0.98095703125,2.265472412109375,-3.686065673828125,0.321502685546875,1.0,1.0,1.0,1.0,1.0,95.0,event
12:10:21.217,0.31825337,-0.12083502,-0.2587323,0.37511024,0.55787355,-0.23355643,-0.59231466,0.50008565,0.9406747,0.10028328,-0.03058301,0.9209316,1.0518402,0.23711614,0.35585147,1.0394384,0.95759594,0.15820181,0.24158211,1.1064641,794.17584,802.6374,805.05493,782.0879,748.24176,-0.0074462890625,0.13165283203125,0.98095703125,2.265472412109375,-3.686065673828125,0.321502685546875,1.0,1.0,1.0,1.0,1.0,95.0,event
12:10:21.218,0.31825337,-0.12083502,-0.2587323,0.37511024,0.55787355,-0.23355643,-0.59231466,0.50008565,0.9406747,0.10028328,-0.03058301,0.9209316,1.0518402,0.23711614,0.35585147,1.0394384,0.95759594,0.15820181,0.24158211,1.1064641,761.9414,800.6227,803.0403,778.0586,711.1722,-0.0074462890625,0.13165283203125,0.98095703125,2.265472412109375,-3.686065673828125,0.321502685546875,1.0,1.0,1.0,1.0,1.0,95.0,event
12:10:21.219,0.31825337,-0.12083502,-0.2587323,0.37511024,0.55787355,-0.23355643,-0.59231466,0.50008565,0.9406747,0.10028328,-0.03058301,0.9209316,1.0518402,0.23711614,0.35585147,1.0394384,0.95759594,0.15820181,0.24158211,1.1064641,757.1062,801.8315,801.02563,790.54944,725.2747,-0.0074462890625,0.13165283203125,0.98095703125,2.265472412109375,-3.686065673828125,0.321502685546875,1.0,1.0,1.0,1.0,1.0,95.0,event
12:10:21.220,0.31825337,-0.12083502,-0.2587323,0.37511024,0.55787355,-0.23355643,-0.59231466,0.50008565,0.9406747,0.10028328,-0.03058301,0.9209316,1.0518402,0.23711614,0.35585147,1.0394384,0.95759594,0.15820181,0.24158211,1.1064641,786.9231,803.8461,798.20514,818.3516,812.71063,-0.0074462890625,0.13165283203125,0.98095703125,2.265472412109375,-3.686065673828125,0.321502685546875,1.0,1.0,1.0,1.0,1.0,95.0,event
12:10:21.221,0.31825337,-0.12083502,-0.2587323,0.37511024,0.55787355,-0.23355643,-0.59231466,0.50008565,0.9406747,0.10028328,-0.03058301,0.9209316,1.0518402,0.23711614,0.35585147,1.0394384,0.95759594,0.15820181,0.24158211,1.1064641,812.71063,804.65204,800.2198,803.0403,786.1172,-0.0074462890625,0.13165283203125,0.98095703125,2.265472412109375,-3.686065673828125,0.321502685546875,1.0,1.0,1.0,1.0,1.0,95.0,event
12:10:21.221,0.31825337,-0.12083502,-0.2587323,0.37511024,0.55787355,-0.23355643,-0.59231466,0.50008565,0.9406747,0.10028328,-0.03058301,0.9209316,1.0518402,0.23711614,0.35585147,1.0394384,0.95759594,0.15820181,0.24158211,1.1064641,793.7729,801.8315,807.47253,770.80585,778.86444,-0.0074462890625,0.13165283203125,0.98095703125,2.265472412109375,-3.686065673828125,0.321502685546875,1.0,1.0,1.0,1.0,1.0,95.0,event
12:10:21.222,0.31825337,-0.12083502,-0.2587323,0.37511024,0.55787355,-0.23355643,-0.59231466,0.50008565,0.9406747,0.10028328,-0.03058301,0.9209316,1.0518402,0.23711614,0.35585147,1.0394384,0.95759594,0.15820181,0.24158211,1.1064641,779.2674,799.41394,810.293,801.8315,1075.8242,-0.0074462890625,0.13165283203125,0.98095703125,2.265472412109375,-3.686065673828125,0.321502685546875,1.0,1.0,1.0,1.0,1.0,95.0,event
12:10:21.223,0.31825337,-0.12083502,-0.2587323,0.37511024,0.55787355,-0.23355643,-0.59231466,0.50008565,0.9406747,0.10028328,-0.03058301,0.9209316,1.0518402,0.23711614,0.35585147,1.0394384,0.95759594,0.15820181,0.24158211,1.1064641,785.31134,811.0989,807.47253,806.26373,935.6044,-0.0074462890625,0.13165283203125,0.98095703125,2.265472412109375,-3.686065673828125,0.321502685546875,1.0,1.0,1.0,1.0,1.0,95.0,event
12:10:21.224,0.31825337,-0.12083502,-0.2587323,0.37511024,0.55787355,-0.23355643,-0.59231466,0.50008565,0.9406747,0.10028328,-0.03058301,0.9209316,1.0518402,0.23711614,0.35585147,1.0394384,0.95759594,0.15820181,0.24158211,1.1064641,786.9231,814.3223,807.0696,786.52014,688.20514,-0.0074462890625,0.13165283203125,0.98095703125,2.265472412109375,-3.686065673828125,0.321502685546875,1.0,1.0,1.0,1.0,1.0,95.0,event
12:10:21.224,0.31825337,-0.12083502,-0.2587323,0.37511024,0.55787355,-0.23355643,-0.59231466,0.50008565,0.9406747,0.10028328,-0.03058301,0.9209316,1.0518402,0.23711614,0.35585147,1.0394384,0.95759594,0.15820181,0.24158211,1.1064641,802.6374,808.2784,808.2784,787.72894,747.8388,-0.0074462890625,0.13165283203125,0.98095703125,2.265472412109375,-3.686065673828125,0.321502685546875,1.0,1.0,1.0,1.0,1.0,95.0,event
12:10:21.225,0.31825337,-0.12083502,-0.2587323,0.37511024,0.55787355,-0.23355643,-0.59231466,0.50008565,0.9406747,0.10028328,-0.03058301,0.9209316,1.0518402,0.23711614,0.35585147,1.0394384,0.95759594,0.15820181,0.24158211,1.1064641,801.4286,811.0989,809.89014,794.57874,769.19415,-0.010986328125,0.13226318359375,0.9759521484375,2.1533203125,-3.536529541015625,0.351409912109375,1.0,1.0,1.0,1.0,1.0,95.0,event
12:10:21.226,0.31825337,-0.12083502,-0.2587323,0.37511024,0.55787355,-0.23355643,-0.59231466,0.50008565,0.9406747,0.10028328,-0.03058301,0.9209316,1.0518402,0.23711614,0.35585147,1.0394384,0.95759594,0.15820181,0.24158211,1.1064641,804.65204,813.5165,809.89014,809.4872,706.7399,-0.010986328125,0.13226318359375,0.9759521484375,2.1533203125,-3.536529541015625,0.351409912109375,1.0,1.0,1.0,1.0,1.0,95.0,event
12:10:21.227,0.31825337,-0.12083502,-0.2587323,0.37511024,0.55787355,-0.23355643,-0.59231466,0.50008565,0.9406747,0.10028328,-0.03058301,0.9209316,1.0518402,0.23711614,0.35585147,1.0394384,0.95759594,0.15820181,0.24158211,1.1064641,817.9487,796.99634,807.47253,802.6374,770.80585,-0.010986328125,0.13226318359375,0.9759521484375,2.1533203125,-3.536529541015625,0.351409912109375,1.0,1.0,1.0,1.0,1.0,95.0,event
12:10:21.227,0.31825337,-0.12083502,-0.2587323,0.37511024,0.55787355,-0.23355643,-0.59231466,0.50008565,0.9406747,0.10028328,-0.03058301,0.9209316,1.0518402,0.23711614,0.35585147,1.0394384,0.95759594,0.15820181,0.24158211,1.1064641,817.5458,804.65204,807.47253,802.6374,695.05493,-0.010986328125,0.13226318359375,0.9759521484375,2.1533203125,-3.536529541015625,0.351409912109375,1.0,1.0,1.0,1.0,1.0,95.0,event
12:10:21.228,0.31825337,-0.12083502,-0.2587323,0.37511024,0.55787355,-0.23355643,-0.59231466,0.50008565,0.9406747,0.10028328,-0.03058301,0.9209316,1.0518402,0.23711614,0.35585147,1.0394384,0.95759594,0.15820181,0.24158211,1.1064641,799.011,801.02563,807.8755,816.337,783.69965,-0.010986328125,0.13226318359375,0.9759521484375,2.1533203125,-3.536529541015625,0.351409912109375,1.0,1.0,1.0,1.0,1.0,95.0,event
12:10:21.229,0.31825337,-0.12083502,-0.2587323,0.37511024,0.55787355,-0.23355643,-0.59231466,0.50008565,0.9406747,0.10028328,-0.03058301,0.9209316,1.0518402,0.23711614,0.35585147,1.0394384,0.95759594,0.15820181,0.24158211,1.1064641,779.2674,805.05493,806.26373,803.0403,765.9707,-0.010986328125,0.13226318359375,0.9759521484375,2.1533203125,-3.536529541015625,0.351409912109375,1.0,1.0,1.0,1.0,1.0,95.0,event
12:10:21.229,0.31825337,-0.12083502,-0.2587323,0.37511024,0.55787355,-0.23355643,-0.59231466,0.50008565,0.9406747,0.10028328,-0.03058301,0.9209316,1.0518402,0.23711614,0.35585147,1.0394384,0.95759594,0.15820181,0.24158211,1.1064641,813.1135,810.293,794.17584,789.34064,734.1392,-0.010986328125,0.13226318359375,0.9759521484375,2.1533203125,-3.536529541015625,0.351409912109375,1.0,1.0,1.0,1.0,1.0,95.0,event
12:10:21.230,0.31825337,-0.12083502,-0.2587323,0.37511024,0.55787355,-0.23355643,-0.59231466,0.50008565,0.9406747,0.10028328,-0.03058301,0.9209316,1.0518402,0.23711614,0.35585147,1.0394384,0.95759594,0.15820181,0.24158211,1.1064641,825.6044,811.9048,792.1612,794.57874,932.7839,-0.010986328125,0.13226318359375,0.9759521484375,2.1533203125,-3.536529541015625,0.351409912109375,1.0,1.0,1.0,1.0,1.0,95.0,event
12:10:21.231,0.31825337,-0.12083502,-0.2587323,0.37511024,0.55787355,-0.23355643,-0.59231466,0.50008565,0.9406747,0.10028328,-0.03058301,0.9209316,1.0518402,0.23711614,0.35585147,1.0394384,0.95759594,0.15820181,0.24158211,1.1064641,788.93774,807.8755,801.8315,797.8022,938.022,-0.010986328125,0.13226318359375,0.9759521484375,2.1533203125,-3.536529541015625,0.351409912109375,1.0,1.0,1.0,1.0,1.0,95.0,event
12:10:21.231,0.31825337,-0.12083502,-0.2587323,0.37511024,0.55787355,-0.23355643,-0.59231466,0.50008565,0.9406747,0.10028328,-0.03058301,0.9209316,1.0518402,0.23711614,0.35585147,1.0394384,0.95759594,0.15820181,0.24158211,1.1064641,784.90845,802.6374,809.89014,795.78754,681.3553,-0.010986328125,0.13226318359375,0.9759521484375,2.1533203125,-3.536529541015625,0.351409912109375,1.0,1.0,1.0,1.0,1.0,95.0,event
12:10:21.232,0.31825337,-0.12083502,-0.2587323,0.37511024,0.55787355,-0.23355643,-0.59231466,0.50008565,0.9406747,0.10028328,-0.03058301,0.9209316,1.0518402,0.23711614,0.35585147,1.0394384,0.95759594,0.15820181,0.24158211,1.1064641,794.57874,799.41394,816.7399,792.96704,749.0476,-0.010986328125,0.13226318359375,0.9759521484375,2.1533203125,-3.536529541015625,0.351409912109375,1.0,1.0,1.0,1.0,1.0,95.0,event
12:10:21.233,0.31825337,-0.12083502,-0.2587323,0.37511024,0.55787355,-0.23355643,-0.59231466,0.50008565,0.9406747,0.10028328,-0.03058301,0.9209316,1.0518402,0.23711614,0.35585147,1.0394384,0.95759594,0.15820181,0.24158211,1.1064641,801.8315,800.6227,815.9341,811.9048,1012.1612,-0.010986328125,0.13226318359375,0.9759521484375,2.1533203125,-3.536529541015625,0.351409912109375,1.0,1.0,1.0,1.0,1.0,95.0,event
12:10:21.262,0.31825337,-0.12083502,-0.2587323,0.37511024,0.55787355,-0.23355643,-0.59231466,0.50008565,0.9406747,0.10028328,-0.03058301,0.9209316,1.0518402,0.23711614,0.35585147,1.0394384,0.95759594,0.15820181,0.24158211,1.1064641,827.619,807.47253,809.0842,829.6337,878.7912,-0.01129150390625,0.12750244140625,0.9830322265625,1.60003662109375,-3.84307861328125,0.16448974609375,1.0,1.0,1.0,1.0,1.0,95.0,event
12:10:21.263,0.30669442,-0.10437657,-0.30046967,0.39106968,0.5465106,-0.21603204,-0.62562865,0.4768675,0.94064385,0.12702623,-0.031180708,0.9107776,1.0438592,0.2192924,0.34262922,1.036364,0.9514963,0.17184374,0.25001484,1.1054362,817.1429,813.91943,804.2491,810.293,702.71063,-0.01129150390625,0.12750244140625,0.9830322265625,1.60003662109375,-3.84307861328125,0.16448974609375,1.0,1.0,1.0,1.0,1.0,95.0,event
12:10:21.268,0.30669442,-0.10437657,-0.30046967,0.39106968,0.5465106,-0.21603204,-0.62562865,0.4768675,0.94064385,0.12702623,-0.031180708,0.9107776,1.0438592,0.2192924,0.34262922,1.036364,0.9514963,0.17184374,0.25001484,1.1054362,784.10254,808.68134,807.0696,815.12823,812.3077,-0.01129150390625,0.12750244140625,0.9830322265625,1.60003662109375,-3.84307861328125,0.16448974609375,1.0,1.0,1.0,1.0,1.0,95.0,event
12:10:21.269,0.30669442,-0.10437657,-0.30046967,0.39106968,0.5465106,-0.21603204,-0.62562865,0.4768675,0.94064385,0.12702623,-0.031180708,0.9107776,1.0438592,0.2192924,0.34262922,1.036364,0.9514963,0.17184374,0.25001484,1.1054362,775.2381,806.26373,807.8755,811.9048,998.0586,-0.01129150390625,0.12750244140625,0.9830322265625,1.60003662109375,-3.84307861328125,0.16448974609375,1.0,1.0,1.0,1.0,1.0,95.0,event
12:10:21.269,0.30669442,-0.10437657,-0.30046967,0.39106968,0.5465106,-0.21603204,-0.62562865,0.4768675,0.94064385,0.12702623,-0.031180708,0.9107776,1.0438592,0.2192924,0.34262922,1.036364,0.9514963,0.17184374,0.25001484,1.1054362,790.54944,812.3077,805.8608,794.9817,886.04395,-0.01129150390625,0.12750244140625,0.9830322265625,1.60003662109375,-3.84307861328125,0.16448974609375,1.0,1.0,1.0,1.0,1.0,95.0,event
12:10:21.270,0.30669442,-0.10437657,-0.30046967,0.39106968,0.5465106,-0.21603204,-0.62562865,0.4768675,0.94064385,0.12702623,-0.031180708,0.9107776,1.0438592,0.2192924,0.34262922,1.036364,0.9514963,0.17184374,0.25001484,1.1054362,808.2784,815.5311,803.8461,792.1612,870.7326,-0.01129150390625,0.12750244140625,0.9830322265625,1.60003662109375,-3.84307861328125,0.16448974609375,1.0,1.0,1.0,1.0,1.0,95.0,event
12:10:21.270,0.30669442,-0.10437657,-0.30046967,0.39106968,0.5465106,-0.21603204,-0.62562865,0.4768675,0.94064385,0.12702623,-0.031180708,0.9107776,1.0438592,0.2192924,0.34262922,1.036364,0.9514963,0.17184374,0.25001484,1.1054362,785.7143,807.0696,803.44324,795.38464,1029.0842,-0.01129150390625,0.12750244140625,0.9830322265625,1.60003662109375,-3.84307861328125,0.16448974609375,1.0,1.0,1.0,1.0,1.0,95.0,event
12:10:21.271,0.30669442,-0.10437657,-0.30046967,0.39106968,0.5465106,-0.21603204,-0.62562865,0.4768675,0.94064385,0.12702623,-0.031180708,0.9107776,1.0438592,0.2192924,0.34262922,1.036364,0.9514963,0.17184374,0.25001484,1.1054362,776.4469,796.99634,811.50183,801.8315,1077.8389,-0.01129150390625,0.12750244140625,0.9830322265625,1.60003662109375,-3.84307861328125,0.16448974609375,1.0,1.0,1.0,1.0,1.0,95.0,event
12:10:21.272,0.30669442,-0.10437657,-0.30046967,0.39106968,0.5465106,-0.21603204,-0.62562865,0.4768675,0.94064385,0.12702623,-0.031180708,0.9107776,1.0438592,0.2192924,0.34262922,1.036364,0.9514963,0.17184374,0.25001484,1.1054362,800.2198,809.0842,810.696,809.0842,875.56775,-0.01129150390625,0.12750244140625,0.9830322265625,1.60003662109375,-3.84307861328125,0.16448974609375,1.0,1.0,1.0,1.0,1.0,95.0,event
12:10:21.272,0.30669442,-0.10437657,-0.30046967,0.39106968,0.5465106,-0.21603204,-0.62562865,0.4768675,0.94064385,0.12702623,-0.031180708,0.9107776,1.0438592,0.2192924,0.34262922,1.036364,0.9514963,0.17184374,0.25001484,1.1054362,811.9048,809.0842,804.65204,851.79486,764.35895,-0.01129150390625,0.12750244140625,0.9830322265625,1.60003662109375,-3.84307861328125,0.16448974609375,1.0,1.0,1.0,1.0,1.0,95.0,event
12:10:21.273,0.30669442,-0.10437657,-0.30046967,0.39106968,0.5465106,-0.21603204,-0.62562865,0.4768675,0.94064385,0.12702623,-0.031180708,0.9107776,1.0438592,0.2192924,0.34262922,1.036364,0.9514963,0.17184374,0.25001484,1.1054362,807.0696,805.4579,813.91943,848.1685,832.4542,-0.01129150390625,0.12750244140625,0.9830322265625,1.60003662109375,-3.84307861328125,0.16448974609375,1.0,1.0,1.0,1.0,1.0,95.0,event
12:10:21.274,0.30669442,-0.10437657,-0.30046967,0.39106968,0.5465106,-0.21603204,-0.62562865,0.4768675,0.94064385,0.12702623,-0.031180708,0.9107776,1.0438592,0.2192924,0.34262922,1.036364,0.9514963,0.17184374,0.25001484,1.1054362,779.67035,817.5458,818.7546,784.10254,794.57874,-0.01129150390625,0.12750244140625,0.9830322265625,1.60003662109375,-3.84307861328125,0.16448974609375,1.0,1.0,1.0,1.0,1.0,95.0,event
12:10:21.297,0.30669442,-0.10437657,-0.30046967,0.39106968,0.5465106,-0.21603204,-0.62562865,0.4768675,0.94064385,0.12702623,-0.031180708,0.9107776,1.0438592,0.2192924,0.34262922,1.036364,0.9514963,0.17184374,0.25001484,1.1054362,780.07324,820.3663,811.9048,770.0,680.9524,-0.01129150390625,0.12750244140625,0.9830322265625,1.60003662109375,-3.84307861328125,0.16448974609375,1.0,1.0,1.0,1.0,1.0,95.0,event
12:10:21.298,0.30669442,-0.10437657,-0.30046967,0.39106968,0.5465106,-0.21603204,-0.62562865,0.4768675,0.94064385,0.12702623,-0.031180708,0.9107776,1.0438592,0.2192924,0.34262922,1.036364,0.9514963,0.17184374,0.25001484,1.1054362,780.87915,809.4872,806.26373,784.5055,725.6777,-0.01129150390625,0.12750244140625,0.9830322265625,1.60003662109375,-3.84307861328125,0.16448974609375,1.0,1.0,1.0,1.0,1.0,95.0,event
12:10:21.299,0.30669442,-0.10437657,-0.30046967,0.39106968,0.5465106,-0.21603204,-0.62562865,0.4768675,0.94064385,0.12702623,-0.031180708,0.9107776,1.0438592,0.2192924,0.34262922,1.036364,0.9514963,0.17184374,0.25001484,1.1054362,774.83514,811.50183,803.8461,773.22345,884.43225,-0.01129150390625,0.12750244140625,0.9830322265625,1.60003662109375,-3.84307861328125,0.16448974609375,1.0,1.0,1.0,1.0,1.0,95.0,event
12:10:21.299,0.30669442,-0.10437657,-0.30046967,0.39106968,0.5465106,-0.21603204,-0.62562865,0.4768675,0.94064385,0.12702623,-0.031180708,0.9107776,1.0438592,0.2192924,0.34262922,1.036364,0.9514963,0.17184374,0.25001484,1.1054362,767.98535,811.0989,803.44324,760.32965,836.08057,-0.01129150390625,0.12750244140625,0.9830322265625,1.60003662109375,-3.84307861328125,0.16448974609375,1.0,1.0,1.0,1.0,1.0,95.0,event
12:10:21.300,0.30669442,-0.10437657,-0.30046967,0.39106968,0.5465106,-0.21603204,-0.62562865,0.4768675,0.94064385,0.12702623,-0.031180708,0.9107776,1.0438592,0.2192924,0.34262922,1.036364,0.9514963,0.17184374,0.25001484,1.1054362,747.8388,786.9231,801.02563,767.98535,731.31866,-0.01129150390625,0.12750244140625,0.9830322265625,1.60003662109375,-3.84307861328125,0.16448974609375,1.0,1.0,1.0,1.0,1.0,95.0,event
12:10:21.301,0.30669442,-0.10437657,-0.30046967,0.39106968,0.5465106,-0.21603204,-0.62562865,0.4768675,0.94064385,0.12702623,-0.031180708,0.9107776,1.0438592,0.2192924,0.34262922,1.036364,0.9514963,0.17184374,0.25001484,1.1054362,728.0952,789.7436,810.696,763.95605,817.1429,-0.01129150390625,0.12750244140625,0.9830322265625,1.60003662109375,-3.84307861328125,0.16448974609375,1.0,1.0,1.0,1.0,1.0,95.0,event
12:10:21.302,0.30669442,-0.10437657,-0.30046967,0.39106968,0.5465106,-0.21603204,-0.62562865,0.4768675,0.94064385,0.12702623,-0.031180708,0.9107776,1.0438592,0.2192924,0.34262922,1.036364,0.9514963,0.17184374,0.25001484,1.1054362,738.97437,798.20514,825.6044,769.19415,1069.7803,-0.01129150390625,0.12750244140625,0.9830322265625,1.60003662109375,-3.84307861328125,0.16448974609375,1.0,1.0,1.0,1.0,1.0,95.0,event
12:10:21.303,0.30669442,-0.10437657,-0.30046967,0.39106968,0.5465106,-0.21603204,-0.62562865,0.4768675,0.94064385,0.12702623,-0.031180708,0.9107776,1.0438592,0.2192924,0.34262922,1.036364,0.9514963,0.17184374,0.25001484,1.1054362,749.85345,804.65204,820.7692,765.9707,1060.1099,-0.01129150390625,0.12750244140625,0.9830322265625,1.60003662109375,-3.84307861328125,0.16448974609375,1.0,1.0,1.0,1.0,1.0,95.0,event
12:10:21.304,0.30669442,-0.10437657,-0.30046967,0.39106968,0.5465106,-0.21603204,-0.62562865,0.4768675,0.94064385,0.12702623,-0.031180708,0.9107776,1.0438592,0.2192924,0.34262922,1.036364,0.9514963,0.17184374,0.25001484,1.1054362,746.63007,821.1722,805.4579,766.3736,748.24176,-0.01129150390625,0.12750244140625,0.9830322265625,1.60003662109375,-3.84307861328125,0.16448974609375,1.0,1.0,1.0,1.0,1.0,95.0,event
12:10:21.305,0.30669442,-0.10437657,-0.30046967,0.39106968,0.5465106,-0.21603204,-0.62562865,0.4768675,0.94064385,0.12702623,-0.031180708,0.9107776,1.0438592,0.2192924,0.34262922,1.036364,0.9514963,0.17184374,0.25001484,1.1054362,749.85345,818.3516,800.6227,766.77655,722.4542,-0.01129150390625,0.12750244140625,0.9830322265625,1.60003662109375,-3.84307861328125,0.16448974609375,1.0,1.0,1.0,1.0,1.0,95.0,event
12:10:21.306,0.30669442,-0.10437657,-0.30046967,0.39106968,0.5465106,-0.21603204,-0.62562865,0.4768675,0.94064385,0.12702623,-0.031180708,0.9107776,1.0438592,0.2192924,0.34262922,1.036364,0.9514963,0.17184374,0.25001484,1.1054362,747.4359,807.0696,803.44324,752.674,801.4286,-0.01129150390625,0.12750244140625,0.9830322265625,1.60003662109375,-3.84307861328125,0.16448974609375,1.0,1.0,1.0,1.0,1.0,95.0,event
12:10:21.306,0.30669442,-0.10437657,-0.30046967,0.39106968,0.5465106,-0.21603204,-0.62562865,0.4768675,0.94064385,0.12702623,-0.031180708,0.9107776,1.0438592,0.2192924,0.34262922,1.036364,0.9514963,0.17184374,0.25001484,1.1054362,751.06226,803.0403,807.0696,750.2564,795.78754,-0.01129150390625,0.12750244140625,0.9830322265625,1.60003662109375,-3.84307861328125,0.16448974609375,1.0,1.0,1.0,1.0,1.0,95.0,event
12:10:21.357,0.30669442,-0.10437657,-0.30046967,0.39106968,0.5465106,-0.21603204,-0.62562865,0.4768675,0.94064385,0.12702623,-0.031180708,0.9107776,1.0438592,0.2192924,0.34262922,1.036364,0.9514963,0.17184374,0.25001484,1.1054362,761.13556,804.2491,805.4579,757.9121,753.47986,-0.01251220703125,0.1319580078125,0.98382568359375,2.13836669921875,-3.656158447265625,-0.04486083984375,1.0,1.0,1.0,1.0,1.0,95.0,event
12:10:21.358,0.30669442,-0.10437657,-0.30046967,0.39106968,0.5465106,-0.21603204,-0.62562865,0.4768675,0.94064385,0.12702623,-0.031180708,0.9107776,1.0438592,0.2192924,0.34262922,1.036364,0.9514963,0.17184374,0.25001484,1.1054362,769.19415,805.8608,805.05493,786.1172,754.2857,-0.01251220703125,0.1319580078125,0.98382568359375,2.13836669921875,-3.656158447265625,-0.04486083984375,1.0,1.0,1.0,1.0,1.0,95.0,event
12:10:21.359,0.30669442,-0.10437657,-0.30046967,0.39106968,0.5465106,-0.21603204,-0.62562865,0.4768675,0.94064385,0.12702623,-0.031180708,0.9107776,1.0438592,0.2192924,0.34262922,1.036364,0.9514963,0.17184374,0.25001484,1.1054362,764.7619,806.26373,806.6667,788.93774,796.1905,-0.01251220703125,0.1319580078125,0.98382568359375,2.13836669921875,-3.656158447265625,-0.04486083984375,1.0,1.0,1.0,1.0,1.0,95.0,event
12:10:21.359,0.29723006,-0.10424664,-0.3521254,0.3931666,0.52311873,-0.20560312,-0.6581009,0.40835544,0.92921835,0.13645647,-0.03437984,0.6526146,1.0343311,0.19747873,0.33131805,1.0213991,0.951784,0.17864075,0.26025453,1.0939364,790.9524,809.89014,801.02563,782.8938,741.79486,-0.01251220703125,0.1319580078125,0.98382568359375,2.13836669921875,-3.656158447265625,-0.04486083984375,1.0,1.0,1.0,1.0,1.0,95.0,event
12:10:21.363,0.29723006,-0.10424664,-0.3521254,0.3931666,0.52311873,-0.20560312,-0.6581009,0.40835544,0.92921835,0.13645647,-0.03437984,0.6526146,1.0343311,0.19747873,0.33131805,1.0213991,0.951784,0.17864075,0.26025453,1.0939364,840.9158,809.89014,802.23444,810.293,753.47986,-0.01251220703125,0.1319580078125,0.98382568359375,2.13836669921875,-3.656158447265625,-0.04486083984375,1.0,1.0,1.0,1.0,1.0,95.0,event
12:10:21.364,0.29723006,-0.10424664,-0.3521254,0.3931666,0.52311873,-0.20560312,-0.6581009,0.40835544,0.92921835,0.13645647,-0.03437984,0.6526146,1.0343311,0.19747873,0.33131805,1.0213991,0.951784,0.17864075,0.26025453,1.0939364,797.8022,802.23444,812.71063,811.0989,895.7143,-0.01251220703125,0.1319580078125,0.98382568359375,2.13836669921875,-3.656158447265625,-0.04486083984375,1.0,1.0,1.0,1.0,1.0,95.0,event
12:10:21.364,0.29723006,-0.10424664,-0.3521254,0.3931666,0.52311873,-0.20560312,-0.6581009,0.40835544,0.92921835,0.13645647,-0.03437984,0.6526146,1.0343311,0.19747873,0.33131805,1.0213991,0.951784,0.17864075,0.26025453,1.0939364,746.63007,799.011,811.0989,767.5824,1004.90845,-0.01251220703125,0.1319580078125,0.98382568359375,2.13836669921875,-3.656158447265625,-0.04486083984375,1.0,1.0,1.0,1.0,1.0,95.0,event
12:10:21.365,0.29723006,-0.10424664,-0.3521254,0.3931666,0.52311873,-0.20560312,-0.6581009,0.40835544,0.92921835,0.13645647,-0.03437984,0.6526146,1.0343311,0.19747873,0.33131805,1.0213991,0.951784,0.17864075,0.26025453,1.0939364,778.86444,799.011,801.02563,777.6557,973.0769,-0.01251220703125,0.1319580078125,0.98382568359375,2.13836669921875,-3.656158447265625,-0.04486083984375,1.0,1.0,1.0,1.0,1.0,95.0,event
12:10:21.365,0.29723006,-0.10424664,-0.3521254,0.3931666,0.52311873,-0.20560312,-0.6581009,0.40835544,0.92921835,0.13645647,-0.03437984,0.6526146,1.0343311,0.19747873,0.33131805,1.0213991,0.951784,0.17864075,0.26025453,1.0939364,814.3223,803.0403,794.57874,809.4872,857.03296,-0.01251220703125,0.1319580078125,0.98382568359375,2.13836669921875,-3.656158447265625,-0.04486083984375,1.0,1.0,1.0,1.0,1.0,95.0,event
12:10:21.366,0.29723006,-0.10424664,-0.3521254,0.3931666,0.52311873,-0.20560312,-0.6581009,0.40835544,0.92921835,0.13645647,-0.03437984,0.6526146,1.0343311,0.19747873,0.33131805,1.0213991,0.951784,0.17864075,0.26025453,1.0939364,789.34064,794.9817,808.2784,804.65204,819.9634,-0.01251220703125,0.1319580078125,0.98382568359375,2.13836669921875,-3.656158447265625,-0.04486083984375,1.0,1.0,1.0,1.0,1.0,95.0,event
12:10:21.366,0.29723006,-0.10424664,-0.3521254,0.3931666,0.52311873,-0.20560312,-0.6581009,0.40835544,0.92921835,0.13645647,-0.03437984,0.6526146,1.0343311,0.19747873,0.33131805,1.0213991,0.951784,0.17864075,0.26025453,1.0939364,789.7436,799.81683,818.3516,809.0842,1019.011,-0.01251220703125,0.1319580078125,0.98382568359375,2.13836669921875,-3.656158447265625,-0.04486083984375,1.0,1.0,1.0,1.0,1.0,95.0,event
12:10:21.367,0.29723006,-0.10424664,-0.3521254,0.3931666,0.52311873,-0.20560312,-0.6581009,0.40835544,0.92921835,0.13645647,-0.03437984,0.6526146,1.0343311,0.19747873,0.33131805,1.0213991,0.951784,0.17864075,0.26025453,1.0939364,807.0696,815.12823,814.7253,802.23444,882.4176,-0.01251220703125,0.1319580078125,0.98382568359375,2.13836669921875,-3.656158447265625,-0.04486083984375,1.0,1.0,1.0,1.0,1.0,95.0,event
12:10:21.392,0.29723006,-0.10424664,-0.3521254,0.3931666,0.52311873,-0.20560312,-0.6581009,0.40835544,0.92921835,0.13645647,-0.03437984,0.6526146,1.0343311,0.19747873,0.33131805,1.0213991,0.951784,0.17864075,0.26025453,1.0939364,817.9487,813.5165,805.8608,797.8022,733.73627,-0.01141357421875,0.1331787109375,0.9774169921875,1.966400146484375,-4.119720458984375,0.70281982421875,1.0,1.0,1.0,1.0,1.0,95.0,event
12:10:21.393,0.29723006,-0.10424664,-0.3521254,0.3931666,0.52311873,-0.20560312,-0.6581009,0.40835544,0.92921835,0.13645647,-0.03437984,0.6526146,1.0343311,0.19747873,0.33131805,1.0213991,0.951784,0.17864075,0.26025453,1.0939364,805.05493,811.50183,794.17584,800.2198,824.7985,-0.01141357421875,0.1331787109375,0.9774169921875,1.966400146484375,-4.119720458984375,0.70281982421875,1.0,1.0,1.0,1.0,1.0,95.0,event
12:10:21.394,0.29723006,-0.10424664,-0.3521254,0.3931666,0.52311873,-0.20560312,-0.6581009,0.40835544,0.92921835,0.13645647,-0.03437984,0.6526146,1.0343311,0.19747873,0.33131805,1.0213991,0.951784,0.17864075,0.26025453,1.0939364,764.7619,809.0842,794.9817,781.28204,787.72894,-0.01141357421875,0.1331787109375,0.9774169921875,1.966400146484375,-4.119720458984375,0.70281982421875,1.0,1.0,1.0,1.0,1.0,95.0,event
12:10:21.394,0.29723006,-0.10424664,-0.3521254,0.3931666,0.52311873,-0.20560312,-0.6581009,0.40835544,0.92921835,0.13645647,-0.03437984,0.6526146,1.0343311,0.19747873,0.33131805,1.0213991,0.951784,0.17864075,0.26025453,1.0939364,792.96704,805.8608,802.23444,782.49084,765.9707,-0.01141357421875,0.1331787109375,0.9774169921875,1.966400146484375,-4.119720458984375,0.70281982421875,1.0,1.0,1.0,1.0,1.0,95.0,event
12:10:21.395,0.29723006,-0.10424664,-0.3521254,0.3931666,0.52311873,-0.20560312,-0.6581009,0.40835544,0.92921835,0.13645647,-0.03437984,0.6526146,1.0343311,0.19747873,0.33131805,1.0213991,0.951784,0.17864075,0.26025453,1.0939364,804.2491,803.8461,804.65204,784.10254,830.4396,-0.01141357421875,0.1331787109375,0.9774169921875,1.966400146484375,-4.119720458984375,0.70281982421875,1.0,1.0,1.0,1.0,1.0,95.0,event
12:10:21.395,0.29723006,-0.10424664,-0.3521254,0.3931666,0.52311873,-0.20560312,-0.6581009,0.40835544,0.92921835,0.13645647,-0.03437984,0.6526146,1.0343311,0.19747873,0.33131805,1.0213991,0.951784,0.17864075,0.26025453,1.0939364,780.4762,800.2198,805.8608,771.6117,914.2491,-0.01141357421875,0.1331787109375,0.9774169921875,1.966400146484375,-4.119720458984375,0.70281982421875,1.0,1.0,1.0,1.0,1.0,95.0,event
12:10:21.396,0.29723006,-0.10424664,-0.3521254,0.3931666,0.52311873,-0.20560312,-0.6581009,0.40835544,0.92921835,0.13645647,-0.03437984,0.6526146,1.0343311,0.19747873,0.33131805,1.0213991,0.951784,0.17864075,0.26025453,1.0939364,780.07324,801.4286,813.5165,786.1172,932.381,-0.01141357421875,0.1331787109375,0.9774169921875,1.966400146484375,-4.119720458984375,0.70281982421875,1.0,1.0,1.0,1.0,1.0,95.0,event
12:10:21.396,0.29723006,-0.10424664,-0.3521254,0.3931666,0.52311873,-0.20560312,-0.6581009,0.40835544,0.92921835,0.13645647,-0.03437984,0.6526146,1.0343311,0.19747873,0.33131805,1.0213991,0.951784,0.17864075,0.26025453,1.0939364,774.83514,800.6227,809.89014,789.7436,777.6557,-0.01141357421875,0.1331787109375,0.9774169921875,1.966400146484375,-4.119720458984375,0.70281982421875,1.0,1.0,1.0,1.0,1.0,95.0,event
12:10:21.397,0.29723006,-0.10424664,-0.3521254,0.3931666,0.52311873,-0.20560312,-0.6581009,0.40835544,0.92921835,0.13645647,-0.03437984,0.6526146,1.0343311,0.19747873,0.33131805,1.0213991,0.951784,0.17864075,0.26025453,1.0939364,789.7436,795.38464,799.81683,792.96704,738.5714,-0.01141357421875,0.1331787109375,0.9774169921875,1.966400146484375,-4.119720458984375,0.70281982421875,1.0,1.0,1.0,1.0,1.0,95.0,event
12:10:21.397,0.29723006,-0.10424664,-0.3521254,0.3931666,0.52311873,-0.20560312,-0.6581009,0.40835544,0.92921835,0.13645647,-0.03437984,0.6526146,1.0343311,0.19747873,0.33131805,1.0213991,0.951784,0.17864075,0.26025453,1.0939364,795.38464,801.4286,801.8315,801.02563,823.1868,-0.01141357421875,0.1331787109375,0.9774169921875,1.966400146484375,-4.119720458984375,0.70281982421875,1.0,1.0,1.0,1.0,1.0,95.0,event
12:10:21.398,0.29723006,-0.10424664,-0.3521254,0.3931666,0.52311873,-0.20560312,-0.6581009,0.40835544,0.92921835,0.13645647,-0.03437984,0.6526146,1.0343311,0.19747873,0.33131805,1.0213991,0.951784,0.17864075,0.26025453,1.0939364,814.3223,817.1429,803.8461,812.71063,689.41394,-0.01141357421875,0.1331787109375,0.9774169921875,1.966400146484375,-4.119720458984375,0.70281982421875,1.0,1.0,1.0,1.0,1.0,95.0,event
12:10:21.398,0.29723006,-0.10424664,-0.3521254,0.3931666,0.52311873,-0.20560312,-0.6581009,0.40835544,0.92921835,0.13645647,-0.03437984,0.6526146,1.0343311,0.19747873,0.33131805,1.0213991,0.951784,0.17864075,0.26025453,1.0939364,801.8315,811.9048,808.68134,805.4579,760.7326,-0.01141357421875,0.1331787109375,0.9774169921875,1.966400146484375,-4.119720458984375,0.70281982421875,1.0,1.0,1.0,1.0,1.0,95.0,event
12:10:21.428,0.29723006,-0.10424664,-0.3521254,0.3931666,0.52311873,-0.20560312,-0.6581009,0.40835544,0.92921835,0.13645647,-0.03437984,0.6526146,1.0343311,0.19747873,0.33131805,1.0213991,0.951784,0.17864075,0.26025453,1.0939364,786.9231,816.337,801.8315,794.57874,751.4652,-0.0107421875,0.128173828125,0.9759521484375,1.06170654296875,-3.865509033203125,0.037384033203125,1.0,1.0,1.0,1.0,1.0,95.0,event
12:10:21.430,0.29723006,-0.10424664,-0.3521254,0.3931666,0.52311873,-0.20560312,-0.6581009,0.40835544,0.92921835,0.13645647,-0.03437984,0.6526146,1.0343311,0.19747873,0.33131805,1.0213991,0.951784,0.17864075,0.26025453,1.0939364,770.0,805.4579,809.89014,801.8315,1019.81683,-0.0107421875,0.128173828125,0.9759521484375,1.06170654296875,-3.865509033203125,0.037384033203125,1.0,1.0,1.0,1.0,1.0,95.0,event
12:10:21.431,0.29723006,-0.10424664,-0.3521254,0.3931666,0.52311873,-0.20560312,-0.6581009,0.40835544,0.92921835,0.13645647,-0.03437984,0.6526146,1.0343311,0.19747873,0.33131805,1.0213991,0.951784,0.17864075,0.26025453,1.0939364,767.5824,800.2198,811.50183,834.87177,1021.8315,-0.0107421875,0.128173828125,0.9759521484375,1.06170654296875,-3.865509033203125,0.037384033203125,1.0,1.0,1.0,1.0,1.0,95.0,event
12:10:21.432,0.29723006,-0.10424664,-0.3521254,0.3931666,0.52311873,-0.20560312,-0.6581009,0.40835544,0.92921835,0.13645647,-0.03437984,0.6526146,1.0343311,0.19747873,0.33131805,1.0213991,0.951784,0.17864075,0.26025453,1.0939364,793.36993,809.0842,810.293,827.619,779.67035,-0.0107421875,0.128173828125,0.9759521484375,1.06170654296875,-3.865509033203125,0.037384033203125,1.0,1.0,1.0,1.0,1.0,95.0,event
12:10:21.433,0.29723006,-0.10424664,-0.3521254,0.3931666,0.52311873,-0.20560312,-0.6581009,0.40835544,0.92921835,0.13645647,-0.03437984,0.6526146,1.0343311,0.19747873,0.33131805,1.0213991,0.951784,0.17864075,0.26025453,1.0939364,807.8755,810.696,801.8315,782.8938,754.2857,-0.0107421875,0.128173828125,0.9759521484375,1.06170654296875,-3.865509033203125,0.037384033203125,1.0,1.0,1.0,1.0,1.0,95.0,event
12:10:21.434,0.29640126,-0.11452702,-0.3921222,0.39940614,0.48600578,-0.21057916,-0.68334365,0.4060729,0.9082587,0.13699526,-0.06266936,0.6631338,1.0266227,0.1797701,0.31908053,1.004053,0.95607895,0.18592627,0.26903066,1.0762765,791.3553,806.6667,797.8022,792.96704,882.8205,-0.0107421875,0.128173828125,0.9759521484375,1.06170654296875,-3.865509033203125,0.037384033203125,1.0,1.0,1.0,1.0,1.0,95.0,event
12:10:21.439,0.29640126,-0.11452702,-0.3921222,0.39940614,0.48600578,-0.21057916,-0.68334365,0.4060729,0.9082587,0.13699526,-0.06266936,0.6631338,1.0266227,0.1797701,0.31908053,1.004053,0.95607895,0.18592627,0.26903066,1.0762765,772.01465,803.44324,799.41394,792.1612,867.9121,-0.0107421875,0.128173828125,0.9759521484375,1.06170654296875,-3.865509033203125,0.037384033203125,1.0,1.0,1.0,1.0,1.0,95.0,event
12:10:21.440,0.29640126,-0.11452702,-0.3921222,0.39940614,0.48600578,-0.21057916,-0.68334365,0.4060729,0.9082587,0.13699526,-0.06266936,0.6631338,1.0266227,0.1797701,0.31908053,1.004053,0.95607895,0.18592627,0.26903066,1.0762765,780.4762,800.6227,797.8022,787.72894,708.7546,-0.0107421875,0.128173828125,0.9759521484375,1.06170654296875,-3.865509033203125,0.037384033203125,1.0,1.0,1.0,1.0,1.0,95.0,event
12:10:21.441,0.29640126,-0.11452702,-0.3921222,0.39940614,0.48600578,-0.21057916,-0.68334365,0.4060729,0.9082587,0.13699526,-0.06266936,0.6631338,1.0266227,0.1797701,0.31908053,1.004053,0.95607895,0.18592627,0.26903066,1.0762765,795.38464,802.23444,796.5934,801.8315,768.3883,-0.0107421875,0.128173828125,0.9759521484375,1.06170654296875,-3.865509033203125,0.037384033203125,1.0,1.0,1.0,1.0,1.0,95.0,event
12:10:21.442,0.29640126,-0.11452702,-0.3921222,0.39940614,0.48600578,-0.21057916,-0.68334365,0.4060729,0.9082587,0.13699526,-0.06266936,0.6631338,1.0266227,0.1797701,0.31908053,1.004053,0.95607895,0.18592627,0.26903066,1.0762765,790.14655,798.20514,809.0842,796.99634,796.99634,-0.0107421875,0.128173828125,0.9759521484375,1.06170654296875,-3.865509033203125,0.037384033203125,1.0,1.0,1.0,1.0,1.0,95.0,event
12:10:21.442,0.29640126,-0.11452702,-0.3921222,0.39940614,0.48600578,-0.21057916,-0.68334365,0.4060729,0.9082587,0.13699526,-0.06266936,0.6631338,1.0266227,0.1797701,0.31908053,1.004053,0.95607895,0.18592627,0.26903066,1.0762765,800.6227,802.6374,801.4286,797.8022,1027.4725,-0.0107421875,0.128173828125,0.9759521484375,1.06170654296875,-3.865509033203125,0.037384033203125,1.0,1.0,1.0,1.0,1.0,95.0,event
12:10:21.443,0.29640126,-0.11452702,-0.3921222,0.39940614,0.48600578,-0.21057916,-0.68334365,0.4060729,0.9082587,0.13699526,-0.06266936,0.6631338,1.0266227,0.1797701,0.31908053,1.004053,0.95607895,0.18592627,0.26903066,1.0762765,777.25275,799.81683,817.5458,798.20514,660.0,-0.0107421875,0.128173828125,0.9759521484375,1.06170654296875,-3.865509033203125,0.037384033203125,1.0,1.0,1.0,1.0,1.0,95.0,event
12:10:21.479,0.29640126,-0.11452702,-0.3921222,0.39940614,0.48600578,-0.21057916,-0.68334365,0.4060729,0.9082587,0.13699526,-0.06266936,0.6631338,1.0266227,0.1797701,0.31908053,1.004053,0.95607895,0.18592627,0.26903066,1.0762765,769.19415,803.0403,815.9341,802.23444,877.1795,-0.007568359375,0.12359619140625,0.98101806640625,1.577606201171875,-3.671112060546875,-0.336456298828125,1.0,1.0,1.0,1.0,1.0,95.0,event
12:10:21.481,0.29640126,-0.11452702,-0.3921222,0.39940614,0.48600578,-0.21057916,-0.68334365,0.4060729,0.9082587,0.13699526,-0.06266936,0.6631338,1.0266227,0.1797701,0.31908053,1.004053,0.95607895,0.18592627,0.26903066,1.0762765,765.56775,804.65204,805.8608,794.17584,871.13556,-0.007568359375,0.12359619140625,0.98101806640625,1.577606201171875,-3.671112060546875,-0.336456298828125,1.0,1.0,1.0,1.0,1.0,95.0,event
12:10:21.482,0.29640126,-0.11452702,-0.3921222,0.39940614,0.48600578,-0.21057916,-0.68334365,0.4060729,0.9082587,0.13699526,-0.06266936,0.6631338,1.0266227,0.1797701,0.31908053,1.004053,0.95607895,0.18592627,0.26903066,1.0762765,776.4469,801.02563,801.4286,781.28204,719.6337,-0.007568359375,0.12359619140625,0.98101806640625,1.577606201171875,-3.671112060546875,-0.336456298828125,1.0,1.0,1.0,1.0,1.0,95.0,event
12:10:21.483,0.29640126,-0.11452702,-0.3921222,0.39940614,0.48600578,-0.21057916,-0.68334365,0.4060729,0.9082587,0.13699526,-0.06266936,0.6631338,1.0266227,0.1797701,0.31908053,1.004053,0.95607895,0.18592627,0.26903066,1.0762765,780.87915,794.57874,798.20514,784.10254,709.9634,-0.007568359375,0.12359619140625,0.98101806640625,1.577606201171875,-3.671112060546875,-0.336456298828125,1.0,1.0,1.0,1.0,1.0,95.0,event
12:10:21.484,0.29640126,-0.11452702,-0.3921222,0.39940614,0.48600578,-0.21057916,-0.68334365,0.4060729,0.9082587,0.13699526,-0.06266936,0.6631338,1.0266227,0.1797701,0.31908053,1.004053,0.95607895,0.18592627,0.26903066,1.0762765,795.38464,803.8461,798.60803,796.1905,799.81683,-0.007568359375,0.12359619140625,0.98101806640625,1.577606201171875,-3.671112060546875,-0.336456298828125,1.0,1.0,1.0,1.0,1.0,95.0,event
12:10:21.485,0.29640126,-0.11452702,-0.3921222,0.39940614,0.48600578,-0.21057916,-0.68334365,0.4060729,0.9082587,0.13699526,-0.06266936,0.6631338,1.0266227,0.1797701,0.31908053,1.004053,0.95607895,0.18592627,0.26903066,1.0762765,813.91943,805.05493,803.44324,800.6227,892.0879,-0.007568359375,0.12359619140625,0.98101806640625,1.577606201171875,-3.671112060546875,-0.336456298828125,1.0,1.0,1.0,1.0,1.0,95.0,event
12:10:21.486,0.29640126,-0.11452702,-0.3921222,0.39940614,0.48600578,-0.21057916,-0.68334365,0.4060729,0.9082587,0.13699526,-0.06266936,0.6631338,1.0266227,0.1797701,0.31908053,1.004053,0.95607895,0.18592627,0.26903066,1.0762765,804.65204,802.6374,802.23444,814.7253,936.4103,-0.007568359375,0.12359619140625,0.98101806640625,1.577606201171875,-3.671112060546875,-0.336456298828125,1.0,1.0,1.0,1.0,1.0,95.0,event
12:10:21.487,0.29640126,-0.11452702,-0.3921222,0.39940614,0.48600578,-0.21057916,-0.68334365,0.4060729,0.9082587,0.13699526,-0.06266936,0.6631338,1.0266227,0.1797701,0.31908053,1.004053,0.95607895,0.18592627,0.26903066,1.0762765,797.3993,815.12823,811.50183,807.8755,812.3077,-0.007568359375,0.12359619140625,0.98101806640625,1.577606201171875,-3.671112060546875,-0.336456298828125,1.0,1.0,1.0,1.0,1.0,95.0,event
12:10:21.488,0.29640126,-0.11452702,-0.3921222,0.39940614,0.48600578,-0.21057916,-0.68334365,0.4060729,0.9082587,0.13699526,-0.06266936,0.6631338,1.0266227,0.1797701,0.31908053,1.004053,0.95607895,0.18592627,0.26903066,1.0762765,793.36993,813.91943,815.9341,789.7436,908.20514,-0.007568359375,0.12359619140625,0.98101806640625,1.577606201171875,-3.671112060546875,-0.336456298828125,1.0,1.0,1.0,1.0,1.0,95.0,event
12:10:21.489,0.29640126,-0.11452702,-0.3921222,0.39940614,0.48600578,-0.21057916,-0.68334365,0.4060729,0.9082587,0.13699526,-0.06266936,0.6631338,1.0266227,0.1797701,0.31908053,1.004053,0.95607895,0.18592627,0.26903066,1.0762765,796.1905,804.65204,809.0842,796.5934,886.4469,-0.007568359375,0.12359619140625,0.98101806640625,1.577606201171875,-3.671112060546875,-0.336456298828125,1.0,1.0,1.0,1.0,1.0,95.0,event
12:10:21.490,0.29640126,-0.11452702,-0.3921222,0.39940614,0.48600578,-0.21057916,-0.68334365,0.4060729,0.9082587,0.13699526,-0.06266936,0.6631338,1.0266227,0.1797701,0.31908053,1.004053,0.95607895,0.18592627,0.26903066,1.0762765,787.72894,799.011,804.65204,799.81683,680.9524,-0.007568359375,0.12359619140625,0.98101806640625,1.577606201171875,-3.671112060546875,-0.336456298828125,1.0,1.0,1.0,1.0,1.0,95.0,event
12:10:21.492,0.29640126,-0.11452702,-0.3921222,0.39940614,0.48600578,-0.21057916,-0.68334365,0.4060729,0.9082587,0.13699526,-0.06266936,0.6631338,1.0266227,0.1797701,0.31908053,1.004053,0.95607895,0.18592627,0.26903066,1.0762765,776.8498,796.1905,803.0403,802.23444,698.2784,-0.007568359375,0.12359619140625,0.98101806640625,1.577606201171875,-3.671112060546875,-0.336456298828125,1.0,1.0,1.0,1.0,1.0,95.0,event
12:10:21.536,0.29640126,-0.11452702,-0.3921222,0.39940614,0.48600578,-0.21057916,-0.68334365,0.4060729,0.9082587,0.13699526,-0.06266936,0.6631338,1.0266227,0.1797701,0.31908053,1.004053,0.95607895,0.18592627,0.26903066,1.0762765,797.3993,804.65204,796.1905,805.8608,768.3883,-0.007568359375,0.12359619140625,0.98101806640625,1.577606201171875,-3.671112060546875,-0.336456298828125,1.0,1.0,1.0,1.0,1.0,95.0,event
12:10:21.536,0.29640126,-0.11452702,-0.3921222,0.39940614,0.48600578,-0.21057916,-0.68334365,0.4060729,0.9082587,0.13699526,-0.06266936,0.6631338,1.0266227,0.1797701,0.31908053,1.004053,0.95607895,0.18592627,0.26903066,1.0762765,803.44324,811.50183,786.1172,798.20514,743.00366,-0.007568359375,0.12359619140625,0.98101806640625,1.577606201171875,-3.671112060546875,-0.336456298828125,1.0,1.0,1.0,1.0,1.0,95.0,event
12:10:21.537,0.29640126,-0.11452702,-0.3921222,0.39940614,0.48600578,-0.21057916,-0.68334365,0.4060729,0.9082587,0.13699526,-0.06266936,0.6631338,1.0266227,0.1797701,0.31908053,1.004053,0.95607895,0.18592627,0.26903066,1.0762765,799.81683,808.68134,796.99634,782.8938,730.5128,-0.007568359375,0.12359619140625,0.98101806640625,1.577606201171875,-3.671112060546875,-0.336456298828125,1.0,1.0,1.0,1.0,1.0,95.0,event
12:10:21.537,0.29640126,-0.11452702,-0.3921222,0.39940614,0.48600578,-0.21057916,-0.68334365,0.4060729,0.9082587,0.13699526,-0.06266936,0.6631338,1.0266227,0.1797701,0.31908053,1.004053,0.95607895,0.18592627,0.26903066,1.0762765,779.2674,802.6374,815.9341,796.99634,872.74725,-0.007568359375,0.12359619140625,0.98101806640625,1.577606201171875,-3.671112060546875,-0.336456298828125,1.0,1.0,1.0,1.0,1.0,95.0,event
12:10:21.538,0.29640126,-0.11452702,-0.3921222,0.39940614,0.48600578,-0.21057916,-0.68334365,0.4060729,0.9082587,0.13699526,-0.06266936,0.6631338,1.0266227,0.1797701,0.31908053,1.004053,0.95607895,0.18592627,0.26903066,1.0762765,772.4176,800.2198,814.7253,797.8022,946.08057,-0.007568359375,0.12359619140625,0.98101806640625,1.577606201171875,-3.671112060546875,-0.336456298828125,1.0,1.0,1.0,1.0,1.0,95.0,event
12:10:21.539,0.29640126,-0.11452702,-0.3921222,0.39940614,0.48600578,-0.21057916,-0.68334365,0.4060729,0.9082587,0.13699526,-0.06266936,0.6631338,1.0266227,0.1797701,0.31908053,1.004053,0.95607895,0.18592627,0.26903066,1.0762765,782.49084,800.2198,805.8608,783.2967,897.72894,-0.007568359375,0.12359619140625,0.98101806640625,1.577606201171875,-3.671112060546875,-0.336456298828125,1.0,1.0,1.0,1.0,1.0,95.0,event
12:10:21.539,0.29640126,-0.11452702,-0.3921222,0.39940614,0.48600578,-0.21057916,-0.68334365,0.4060729,0.9082587,0.13699526,-0.06266936,0.6631338,1.0266227,0.1797701,0.31908053,1.004053,0.95607895,0.18592627,0.26903066,1.0762765,787.72894,802.6374,803.8461,794.9817,790.54944,-0.007568359375,0.12359619140625,0.98101806640625,1.577606201171875,-3.671112060546875,-0.336456298828125,1.0,1.0,1.0,1.0,1.0,95.0,event
12:10:21.540,0.32337287,-0.12918077,-0.41873878,0.41043726,0.46416086,-0.2357902,-0.69735277,0.4350701,0.9137139,0.13699526,-0.11863268,0.76041675,1.027319,0.17433529,0.3012799,0.99814916,0.9603919,0.20038539,0.27251738,1.0563425,782.8938,808.68134,803.0403,800.6227,835.6777,-0.007568359375,0.12359619140625,0.98101806640625,1.577606201171875,-3.671112060546875,-0.336456298828125,1.0,1.0,1.0,1.0,1.0,95.0,event
12:10:21.542,,,,,,,,,,,,,,,,,,,,,,,,,,,,,,,,,,,,,,blink
12:10:21.543,0.32337287,-0.12918077,-0.41873878,0.41043726,0.46416086,-0.2357902,-0.69735277,0.4350701,0.9137139,0.13699526,-0.11863268,0.76041675,1.027319,0.17433529,0.3012799,0.99814916,0.9603919,0.20038539,0.27251738,1.0563425,777.6557,809.4872,807.8755,798.60803,1004.90845,-0.007568359375,0.12359619140625,0.98101806640625,1.577606201171875,-3.671112060546875,-0.336456298828125,1.0,1.0,1.0,1.0,1.0,95.0,event
12:10:21.543,0.32337287,-0.12918077,-0.41873878,0.41043726,0.46416086,-0.2357902,-0.69735277,0.4350701,0.9137139,0.13699526,-0.11863268,0.76041675,1.027319,0.17433529,0.3012799,0.99814916,0.9603919,0.20038539,0.27251738,1.0563425,775.2381,802.23444,813.91943,790.14655,766.77655,-0.007568359375,0.12359619140625,0.98101806640625,1.577606201171875,-3.671112060546875,-0.336456298828125,1.0,1.0,1.0,1.0,1.0,95.0,event
12:10:21.543,0.32337287,-0.12918077,-0.41873878,0.41043726,0.46416086,-0.2357902,-0.69735277,0.4350701,0.9137139,0.13699526,-0.11863268,0.76041675,1.027319,0.17433529,0.3012799,0.99814916,0.9603919,0.20038539,0.27251738,1.0563425,796.5934,796.99634,807.47253,787.72894,654.35895,-0.007568359375,0.12359619140625,0.98101806640625,1.577606201171875,-3.671112060546875,-0.336456298828125,1.0,1.0,1.0,1.0,1.0,95.0,event
12:10:21.544,0.32337287,-0.12918077,-0.41873878,0.41043726,0.46416086,-0.2357902,-0.69735277,0.4350701,0.9137139,0.13699526,-0.11863268,0.76041675,1.027319,0.17433529,0.3012799,0.99814916,0.9603919,0.20038539,0.27251738,1.0563425,807.47253,796.99634,799.81683,792.1612,789.34064,-0.007568359375,0.12359619140625,0.98101806640625,1.577606201171875,-3.671112060546875,-0.336456298828125,1.0,1.0,1.0,1.0,1.0,95.0,event
12:10:21.586,0.32337287,-0.12918077,-0.41873878,0.41043726,0.46416086,-0.2357902,-0.69735277,0.4350701,0.9137139,0.13699526,-0.11863268,0.76041675,1.027319,0.17433529,0.3012799,0.99814916,0.9603919,0.20038539,0.27251738,1.0563425,786.9231,797.3993,803.8461,792.5641,770.40295,-0.0050048828125,0.130615234375,0.97979736328125,2.295379638671875,-3.409423828125,-0.299072265625,1.0,1.0,1.0,1.0,1.0,95.0,event
12:10:21.587,0.32337287,-0.12918077,-0.41873878,0.41043726,0.46416086,-0.2357902,-0.69735277,0.4350701,0.9137139,0.13699526,-0.11863268,0.76041675,1.027319,0.17433529,0.3012799,0.99814916,0.9603919,0.20038539,0.27251738,1.0563425,794.17584,799.011,811.50183,809.89014,691.8315,-0.0050048828125,0.130615234375,0.97979736328125,2.295379638671875,-3.409423828125,-0.299072265625,1.0,1.0,1.0,1.0,1.0,95.0,event
12:10:21.587,0.32337287,-0.12918077,-0.41873878,0.41043726,0.46416086,-0.2357902,-0.69735277,0.4350701,0.9137139,0.13699526,-0.11863268,0.76041675,1.027319,0.17433529,0.3012799,0.99814916,0.9603919,0.20038539,0.27251738,1.0563425,805.8608,805.8608,811.0989,820.3663,710.3663,-0.0050048828125,0.130615234375,0.97979736328125,2.295379638671875,-3.409423828125,-0.299072265625,1.0,1.0,1.0,1.0,1.0,95.0,event
12:10:21.588,0.32337287,-0.12918077,-0.41873878,0.41043726,0.46416086,-0.2357902,-0.69735277,0.4350701,0.9137139,0.13699526,-0.11863268,0.76041675,1.027319,0.17433529,0.3012799,0.99814916,0.9603919,0.20038539,0.27251738,1.0563425,802.23444,805.05493,805.05493,800.2198,824.3956,-0.0050048828125,0.130615234375,0.97979736328125,2.295379638671875,-3.409423828125,-0.299072265625,1.0,1.0,1.0,1.0,1.0,95.0,event
12:10:21.589,0.32337287,-0.12918077,-0.41873878,0.41043726,0.46416086,-0.2357902,-0.69735277,0.4350701,0.9137139,0.13699526,-0.11863268,0.76041675,1.027319,0.17433529,0.3012799,0.99814916,0.9603919,0.20038539,0.27251738,1.0563425,801.8315,805.8608,794.57874,808.2784,768.7912,-0.0050048828125,0.130615234375,0.97979736328125,2.295379638671875,-3.409423828125,-0.299072265625,1.0,1.0,1.0,1.0,1.0,95.0,event
12:10:21.590,0.32337287,-0.12918077,-0.41873878,0.41043726,0.46416086,-0.2357902,-0.69735277,0.4350701,0.9137139,0.13699526,-0.11863268,0.76041675,1.027319,0.17433529,0.3012799,0.99814916,0.9603919,0.20038539,0.27251738,1.0563425,761.53845,799.41394,812.71063,788.5348,743.4066,-0.0050048828125,0.130615234375,0.97979736328125,2.295379638671875,-3.409423828125,-0.299072265625,1.0,1.0,1.0,1.0,1.0,95.0,event
12:10:21.590,0.32337287,-0.12918077,-0.41873878,0.41043726,0.46416086,-0.2357902,-0.69735277,0.4350701,0.9137139,0.13699526,-0.11863268,0.76041675,1.027319,0.17433529,0.3012799,0.99814916,0.9603919,0.20038539,0.27251738,1.0563425,786.1172,807.0696,790.9524,811.0989,763.1502,-0.0050048828125,0.130615234375,0.97979736328125,2.295379638671875,-3.409423828125,-0.299072265625,1.0,1.0,1.0,1.0,1.0,95.0,event
12:10:21.591,0.32337287,-0.12918077,-0.41873878,0.41043726,0.46416086,-0.2357902,-0.69735277,0.4350701,0.9137139,0.13699526,-0.11863268,0.76041675,1.027319,0.17433529,0.3012799,0.99814916,0.9603919,0.20038539,0.27251738,1.0563425,774.0293,794.9817,821.1722,784.5055,949.707,-0.0050048828125,0.130615234375,0.97979736328125,2.295379638671875,-3.409423828125,-0.299072265625,1.0,1.0,1.0,1.0,1.0,95.0,event
12:10:21.592,0.32337287,-0.12918077,-0.41873878,0.41043726,0.46416086,-0.2357902,-0.69735277,0.4350701,0.9137139,0.13699526,-0.11863268,0.76041675,1.027319,0.17433529,0.3012799,0.99814916,0.9603919,0.20038539,0.27251738,1.0563425,798.60803,799.011,815.5311,797.3993,1104.8352,-0.0050048828125,0.130615234375,0.97979736328125,2.295379638671875,-3.409423828125,-0.299072265625,1.0,1.0,1.0,1.0,1.0,95.0,event
12:10:21.592,0.32337287,-0.12918077,-0.41873878,0.41043726,0.46416086,-0.2357902,-0.69735277,0.4350701,0.9137139,0.13699526,-0.11863268,0.76041675,1.027319,0.17433529,0.3012799,0.99814916,0.9603919,0.20038539,0.27251738,1.0563425,777.6557,802.6374,811.50183,781.685,750.2564,-0.0050048828125,0.130615234375,0.97979736328125,2.295379638671875,-3.409423828125,-0.299072265625,1.0,1.0,1.0,1.0,1.0,95.0,event
12:10:21.593,0.32337287,-0.12918077,-0.41873878,0.41043726,0.46416086,-0.2357902,-0.69735277,0.4350701,0.9137139,0.13699526,-0.11863268,0.76041675,1.027319,0.17433529,0.3012799,0.99814916,0.9603919,0.20038539,0.27251738,1.0563425,788.1319,799.011,806.26373,765.16486,661.6117,-0.0050048828125,0.130615234375,0.97979736328125,2.295379638671875,-3.409423828125,-0.299072265625,1.0,1.0,1.0,1.0,1.0,95.0,event
12:10:21.594,0.32337287,-0.12918077,-0.41873878,0.41043726,0.46416086,-0.2357902,-0.69735277,0.4350701,0.9137139,0.13699526,-0.11863268,0.76041675,1.027319,0.17433529,0.3012799,0.99814916,0.9603919,0.20038539,0.27251738,1.0563425,829.2308,805.05493,808.2784,800.6227,761.53845,-0.0050048828125,0.130615234375,0.97979736328125,2.295379638671875,-3.409423828125,-0.299072265625,1.0,1.0,1.0,1.0,1.0,95.0,event
12:10:21.635,0.32337287,-0.12918077,-0.41873878,0.41043726,0.46416086,-0.2357902,-0.69735277,0.4350701,0.9137139,0.13699526,-0.11863268,0.76041675,1.027319,0.17433529,0.3012799,0.99814916,0.9603919,0.20038539,0.27251738,1.0563425,805.4579,810.696,815.5311,842.52747,712.7839,-0.01373291015625,0.13067626953125,0.973876953125,1.9439697265625,-4.08233642578125,0.01495361328125,1.0,1.0,1.0,1.0,1.0,95.0,event
12:10:21.635,0.32337287,-0.12918077,-0.41873878,0.41043726,0.46416086,-0.2357902,-0.69735277,0.4350701,0.9137139,0.13699526,-0.11863268,0.76041675,1.027319,0.17433529,0.3012799,0.99814916,0.9603919,0.20038539,0.27251738,1.0563425,789.7436,795.78754,810.696,820.3663,743.00366,-0.01373291015625,0.13067626953125,0.973876953125,1.9439697265625,-4.08233642578125,0.01495361328125,1.0,1.0,1.0,1.0,1.0,95.0,event
12:10:21.636,0.32337287,-0.12918077,-0.41873878,0.41043726,0.46416086,-0.2357902,-0.69735277,0.4350701,0.9137139,0.13699526,-0.11863268,0.76041675,1.027319,0.17433529,0.3012799,0.99814916,0.9603919,0.20038539,0.27251738,1.0563425,803.44324,786.52014,794.9817,805.8608,822.7839,-0.01373291015625,0.13067626953125,0.973876953125,1.9439697265625,-4.08233642578125,0.01495361328125,1.0,1.0,1.0,1.0,1.0,95.0,event
12:10:21.636,0.32337287,-0.12918077,-0.41873878,0.41043726,0.46416086,-0.2357902,-0.69735277,0.4350701,0.9137139,0.13699526,-0.11863268,0.76041675,1.027319,0.17433529,0.3012799,0.99814916,0.9603919,0.20038539,0.27251738,1.0563425,791.3553,787.326,796.5934,814.3223,812.3077,-0.01373291015625,0.13067626953125,0.973876953125,1.9439697265625,-4.08233642578125,0.01495361328125,1.0,1.0,1.0,1.0,1.0,95.0,event
12:10:21.637,0.32337287,-0.12918077,-0.41873878,0.41043726,0.46416086,-0.2357902,-0.69735277,0.4350701,0.9137139,0.13699526,-0.11863268,0.76041675,1.027319,0.17433529,0.3012799,0.99814916,0.9603919,0.20038539,0.27251738,1.0563425,785.7143,809.0842,813.5165,803.44324,881.2088,-0.01373291015625,0.13067626953125,0.973876953125,1.9439697265625,-4.08233642578125,0.01495361328125,1.0,1.0,1.0,1.0,1.0,95.0,event
12:10:21.637,0.32337287,-0.12918077,-0.41873878,0.41043726,0.46416086,-0.2357902,-0.69735277,0.4350701,0.9137139,0.13699526,-0.11863268,0.76041675,1.027319,0.17433529,0.3012799,0.99814916,0.9603919,0.20038539,0.27251738,1.0563425,776.8498,793.36993,801.8315,783.2967,770.80585,-0.01373291015625,0.13067626953125,0.973876953125,1.9439697265625,-4.08233642578125,0.01495361328125,1.0,1.0,1.0,1.0,1.0,95.0,event
12:10:21.637,0.32337287,-0.12918077,-0.41873878,0.41043726,0.46416086,-0.2357902,-0.69735277,0.4350701,0.9137139,0.13699526,-0.11863268,0.76041675,1.027319,0.17433529,0.3012799,0.99814916,0.9603919,0.20038539,0.27251738,1.0563425,781.28204,803.8461,805.05493,772.8205,822.381,-0.01373291015625,0.13067626953125,0.973876953125,1.9439697265625,-4.08233642578125,0.01495361328125,1.0,1.0,1.0,1.0,1.0,95.0,event
12:10:21.638,0.32337287,-0.12918077,-0.41873878,0.41043726,0.46416086,-0.2357902,-0.69735277,0.4350701,0.9137139,0.13699526,-0.11863268,0.76041675,1.027319,0.17433529,0.3012799,0.99814916,0.9603919,0.20038539,0.27251738,1.0563425,773.6264,808.2784,814.7253,796.5934,977.9121,-0.01373291015625,0.13067626953125,0.973876953125,1.9439697265625,-4.08233642578125,0.01495361328125,1.0,1.0,1.0,1.0,1.0,95.0,event
12:10:21.638,0.32337287,-0.12918077,-0.41873878,0.41043726,0.46416086,-0.2357902,-0.69735277,0.4350701,0.9137139,0.13699526,-0.11863268,0.76041675,1.027319,0.17433529,0.3012799,0.99814916,0.9603919,0.20038539,0.27251738,1.0563425,774.43225,802.23444,808.68134,783.2967,794.17584,-0.01373291015625,0.13067626953125,0.973876953125,1.9439697265625,-4.08233642578125,0.01495361328125,1.0,1.0,1.0,1.0,1.0,95.0,event
12:10:21.639,0.38331696,-0.14576316,-0.43823957,0.44169772,0.5040506,-0.27523136,-0.70049995,0.50705093,0.9901687,0.1400694,-0.12913744,0.95443624,1.0386927,0.18367432,0.27891457,1.0051605,0.96302736,0.22339372,0.2716435,1.0375801,775.64105,792.1612,811.9048,796.1905,726.4835,-0.01373291015625,0.13067626953125,0.973876953125,1.9439697265625,-4.08233642578125,0.01495361328125,1.0,1.0,1.0,1.0,1.0,95.0,event
12:10:21.643,0.38331696,-0.14576316,-0.43823957,0.44169772,0.5040506,-0.27523136,-0.70049995,0.50705093,0.9901687,0.1400694,-0.12913744,0.95443624,1.0386927,0.18367432,0.27891457,1.0051605,0.96302736,0.22339372,0.2716435,1.0375801,765.9707,791.3553,810.293,786.52014,847.76556,-0.01373291015625,0.13067626953125,0.973876953125,1.9439697265625,-4.08233642578125,0.01495361328125,1.0,1.0,1.0,1.0,1.0,95.0,event
12:10:21.643,0.38331696,-0.14576316,-0.43823957,0.44169772,0.5040506,-0.27523136,-0.70049995,0.50705093,0.9901687,0.1400694,-0.12913744,0.95443624,1.0386927,0.18367432,0.27891457,1.0051605,0.96302736,0.22339372,0.2716435,1.0375801,784.5055,799.011,804.65204,786.9231,858.24176,-0.01373291015625,0.13067626953125,0.973876953125,1.9439697265625,-4.08233642578125,0.01495361328125,1.0,1.0,1.0,1.0,1.0,95.0,event
12:10:21.693,0.38331696,-0.14576316,-0.43823957,0.44169772,0.5040506,-0.27523136,-0.70049995,0.50705093,0.9901687,0.1400694,-0.12913744,0.95443624,1.0386927,0.18367432,0.27891457,1.0051605,0.96302736,0.22339372,0.2716435,1.0375801,794.57874,807.0696,803.0403,807.8755,737.76556,-0.0115966796875,0.1312255859375,0.98028564453125,2.0635986328125,-3.6785888671875,-0.0299072265625,1.0,1.0,1.0,1.0,1.0,95.0,event
12:10:21.694,0.38331696,-0.14576316,-0.43823957,0.44169772,0.5040506,-0.27523136,-0.70049995,0.50705093,0.9901687,0.1400694,-0.12913744,0.95443624,1.0386927,0.18367432,0.27891457,1.0051605,0.96302736,0.22339372,0.2716435,1.0375801,781.685,811.0989,806.26373,808.68134,698.68134,-0.0115966796875,0.1312255859375,0.98028564453125,2.0635986328125,-3.6785888671875,-0.0299072265625,1.0,1.0,1.0,1.0,1.0,95.0,event
12:10:21.695,0.38331696,-0.14576316,-0.43823957,0.44169772,0.5040506,-0.27523136,-0.70049995,0.50705093,0.9901687,0.1400694,-0.12913744,0.95443624,1.0386927,0.18367432,0.27891457,1.0051605,0.96302736,0.22339372,0.2716435,1.0375801,834.4689,811.0989,796.5934,792.1612,823.1868,-0.0115966796875,0.1312255859375,0.98028564453125,2.0635986328125,-3.6785888671875,-0.0299072265625,1.0,1.0,1.0,1.0,1.0,95.0,event
12:10:21.695,0.38331696,-0.14576316,-0.43823957,0.44169772,0.5040506,-0.27523136,-0.70049995,0.50705093,0.9901687,0.1400694,-0.12913744,0.95443624,1.0386927,0.18367432,0.27891457,1.0051605,0.96302736,0.22339372,0.2716435,1.0375801,802.23444,807.47253,803.8461,797.3993,805.05493,-0.0115966796875,0.1312255859375,0.98028564453125,2.0635986328125,-3.6785888671875,-0.0299072265625,1.0,1.0,1.0,1.0,1.0,95.0,event
12:10:21.696,0.38331696,-0.14576316,-0.43823957,0.44169772,0.5040506,-0.27523136,-0.70049995,0.50705093,0.9901687,0.1400694,-0.12913744,0.95443624,1.0386927,0.18367432,0.27891457,1.0051605,0.96302736,0.22339372,0.2716435,1.0375801,816.337,813.91943,805.4579,800.2198,781.28204,-0.0115966796875,0.1312255859375,0.98028564453125,2.0635986328125,-3.6785888671875,-0.0299072265625,1.0,1.0,1.0,1.0,1.0,95.0,event
12:10:21.697,0.38331696,-0.14576316,-0.43823957,0.44169772,0.5040506,-0.27523136,-0.70049995,0.50705093,0.9901687,0.1400694,-0.12913744,0.95443624,1.0386927,0.18367432,0.27891457,1.0051605,0.96302736,0.22339372,0.2716435,1.0375801,795.78754,805.8608,815.9341,806.26373,887.25275,-0.0115966796875,0.1312255859375,0.98028564453125,2.0635986328125,-3.6785888671875,-0.0299072265625,1.0,1.0,1.0,1.0,1.0,95.0,event
12:10:21.697,0.38331696,-0.14576316,-0.43823957,0.44169772,0.5040506,-0.27523136,-0.70049995,0.50705093,0.9901687,0.1400694,-0.12913744,0.95443624,1.0386927,0.18367432,0.27891457,1.0051605,0.96302736,0.22339372,0.2716435,1.0375801,789.7436,806.6667,817.9487,806.26373,1063.3334,-0.0115966796875,0.1312255859375,0.98028564453125,2.0635986328125,-3.6785888671875,-0.0299072265625,1.0,1.0,1.0,1.0,1.0,95.0,event
12:10:21.698,0.38331696,-0.14576316,-0.43823957,0.44169772,0.5040506,-0.27523136,-0.70049995,0.50705093,0.9901687,0.1400694,-0.12913744,0.95443624,1.0386927,0.18367432,0.27891457,1.0051605,0.96302736,0.22339372,0.2716435,1.0375801,772.01465,801.02563,813.1135,795.78754,960.989,-0.0115966796875,0.1312255859375,0.98028564453125,2.0635986328125,-3.6785888671875,-0.0299072265625,1.0,1.0,1.0,1.0,1.0,95.0,event
12:10:21.698,0.38331696,-0.14576316,-0.43823957,0.44169772,0.5040506,-0.27523136,-0.70049995,0.50705093,0.9901687,0.1400694,-0.12913744,0.95443624,1.0386927,0.18367432,0.27891457,1.0051605,0.96302736,0.22339372,0.2716435,1.0375801,772.8205,793.36993,804.2491,788.1319,773.6264,-0.0115966796875,0.1312255859375,0.98028564453125,2.0635986328125,-3.6785888671875,-0.0299072265625,1.0,1.0,1.0,1.0,1.0,95.0,event
12:10:21.699,0.38331696,-0.14576316,-0.43823957,0.44169772,0.5040506,-0.27523136,-0.70049995,0.50705093,0.9901687,0.1400694,-0.12913744,0.95443624,1.0386927,0.18367432,0.27891457,1.0051605,0.96302736,0.22339372,0.2716435,1.0375801,803.0403,804.65204,804.2491,804.2491,771.6117,-0.0115966796875,0.1312255859375,0.98028564453125,2.0635986328125,-3.6785888671875,-0.0299072265625,1.0,1.0,1.0,1.0,1.0,95.0,event
12:10:21.700,0.38331696,-0.14576316,-0.43823957,0.44169772,0.5040506,-0.27523136,-0.70049995,0.50705093,0.9901687,0.1400694,-0.12913744,0.95443624,1.0386927,0.18367432,0.27891457,1.0051605,0.96302736,0.22339372,0.2716435,1.0375801,811.9048,808.68134,815.5311,833.2601,793.7729,-0.0115966796875,0.1312255859375,0.98028564453125,2.0635986328125,-3.6785888671875,-0.0299072265625,1.0,1.0,1.0,1.0,1.0,95.0,event
12:10:21.700,0.38331696,-0.14576316,-0.43823957,0.44169772,0.5040506,-0.27523136,-0.70049995,0.50705093,0.9901687,0.1400694,-0.12913744,0.95443624,1.0386927,0.18367432,0.27891457,1.0051605,0.96302736,0.22339372,0.2716435,1.0375801,802.23444,803.0403,823.5897,832.0513,785.31134,-0.0115966796875,0.1312255859375,0.98028564453125,2.0635986328125,-3.6785888671875,-0.0299072265625,1.0,1.0,1.0,1.0,1.0,95.0,event
12:10:21.728,0.38331696,-0.14576316,-0.43823957,0.44169772,0.5040506,-0.27523136,-0.70049995,0.50705093,0.9901687,0.1400694,-0.12913744,0.95443624,1.0386927,0.18367432,0.27891457,1.0051605,0.96302736,0.22339372,0.2716435,1.0375801,800.6227,805.8608,820.3663,808.2784,758.71796,-0.0093994140625,0.1298828125,0.97723388671875,2.1533203125,-3.715972900390625,0.3289794921875,1.0,1.0,1.0,1.0,1.0,95.0,event
12:10:21.729,0.38331696,-0.14576316,-0.43823957,0.44169772,0.5040506,-0.27523136,-0.70049995,0.50705093,0.9901687,0.1400694,-0.12913744,0.95443624,1.0386927,0.18367432,0.27891457,1.0051605,0.96302736,0.22339372,0.2716435,1.0375801,797.8022,807.47253,806.6667,803.8461,834.0659,-0.0093994140625,0.1298828125,0.97723388671875,2.1533203125,-3.715972900390625,0.3289794921875,1.0,1.0,1.0,1.0,1.0,95.0,event
12:10:21.729,0.38331696,-0.14576316,-0.43823957,0.44169772,0.5040506,-0.27523136,-0.70049995,0.50705093,0.9901687,0.1400694,-0.12913744,0.95443624,1.0386927,0.18367432,0.27891457,1.0051605,0.96302736,0.22339372,0.2716435,1.0375801,803.8461,811.50183,811.9048,820.7692,760.7326,-0.0093994140625,0.1298828125,0.97723388671875,2.1533203125,-3.715972900390625,0.3289794921875,1.0,1.0,1.0,1.0,1.0,95.0,event
12:10:21.730,0.38331696,-0.14576316,-0.43823957,0.44169772,0.5040506,-0.27523136,-0.70049995,0.50705093,0.9901687,0.1400694,-0.12913744,0.95443624,1.0386927,0.18367432,0.27891457,1.0051605,0.96302736,0.22339372,0.2716435,1.0375801,790.14655,803.0403,804.65204,774.83514,824.3956,-0.0093994140625,0.1298828125,0.97723388671875,2.1533203125,-3.715972900390625,0.3289794921875,1.0,1.0,1.0,1.0,1.0,95.0,event
12:10:21.730,0.38331696,-0.14576316,-0.43823957,0.44169772,0.5040506,-0.27523136,-0.70049995,0.50705093,0.9901687,0.1400694,-0.12913744,0.95443624,1.0386927,0.18367432,0.27891457,1.0051605,0.96302736,0.22339372,0.2716435,1.0375801,805.8608,805.8608,803.44324,807.47253,743.4066,-0.0093994140625,0.1298828125,0.97723388671875,2.1533203125,-3.715972900390625,0.3289794921875,1.0,1.0,1.0,1.0,1.0,95.0,event
12:10:21.730,0.38331696,-0.14576316,-0.43823957,0.44169772,0.5040506,-0.27523136,-0.70049995,0.50705093,0.9901687,0.1400694,-0.12913744,0.95443624,1.0386927,0.18367432,0.27891457,1.0051605,0.96302736,0.22339372,0.2716435,1.0375801,810.293,808.68134,810.696,827.2161,889.2674,-0.0093994140625,0.1298828125,0.97723388671875,2.1533203125,-3.715972900390625,0.3289794921875,1.0,1.0,1.0,1.0,1.0,95.0,event
12:10:21.731,0.38331696,-0.14576316,-0.43823957,0.44169772,0.5040506,-0.27523136,-0.70049995,0.50705093,0.9901687,0.1400694,-0.12913744,0.95443624,1.0386927,0.18367432,0.27891457,1.0051605,0.96302736,0.22339372,0.2716435,1.0375801,810.293,803.8461,817.1429,815.12823,1091.9414,-0.0093994140625,0.1298828125,0.97723388671875,2.1533203125,-3.715972900390625,0.3289794921875,1.0,1.0,1.0,1.0,1.0,95.0,event
12:10:21.731,0.38331696,-0.14576316,-0.43823957,0.44169772,0.5040506,-0.27523136,-0.70049995,0.50705093,0.9901687,0.1400694,-0.12913744,0.95443624,1.0386927,0.18367432,0.27891457,1.0051605,0.96302736,0.22339372,0.2716435,1.0375801,801.4286,807.0696,815.12823,804.2491,889.67035,-0.0093994140625,0.1298828125,0.97723388671875,2.1533203125,-3.715972900390625,0.3289794921875,1.0,1.0,1.0,1.0,1.0,95.0,event
12:10:21.731,0.38331696,-0.14576316,-0.43823957,0.44169772,0.5040506,-0.27523136,-0.70049995,0.50705093,0.9901687,0.1400694,-0.12913744,0.95443624,1.0386927,0.18367432,0.27891457,1.0051605,0.96302736,0.22339372,0.2716435,1.0375801,802.6374,815.5311,816.337,779.2674,754.68866,-0.0093994140625,0.1298828125,0.97723388671875,2.1533203125,-3.715972900390625,0.3289794921875,1.0,1.0,1.0,1.0,1.0,95.0,event
12:10:21.732,0.38331696,-0.14576316,-0.43823957,0.44169772,0.5040506,-0.27523136,-0.70049995,0.50705093,0.9901687,0.1400694,-0.12913744,0.95443624,1.0386927,0.18367432,0.27891457,1.0051605,0.96302736,0.22339372,0.2716435,1.0375801,822.7839,812.71063,817.5458,800.6227,832.8571,-0.0093994140625,0.1298828125,0.97723388671875,2.1533203125,-3.715972900390625,0.3289794921875,1.0,1.0,1.0,1.0,1.0,95.0,event
12:10:21.732,0.38331696,-0.14576316,-0.43823957,0.44169772,0.5040506,-0.27523136,-0.70049995,0.50705093,0.9901687,0.1400694,-0.12913744,0.95443624,1.0386927,0.18367432,0.27891457,1.0051605,0.96302736,0.22339372,0.2716435,1.0375801,792.96704,809.89014,811.50183,830.4396,825.2015,-0.0093994140625,0.1298828125,0.97723388671875,2.1533203125,-3.715972900390625,0.3289794921875,1.0,1.0,1.0,1.0,1.0,95.0,event
12:10:21.733,0.45612302,-0.1620942,-0.4453803,0.48871702,0.5968454,-0.3134471,-0.6978388,0.5893174,1.0707213,0.14243287,-0.14732234,1.0778556,1.0556719,0.20125343,0.26166227,1.018631,0.9634068,0.25103533,0.27319536,1.0232192,797.3993,812.3077,805.4579,787.326,732.52747,-0.0093994140625,0.1298828125,0.97723388671875,2.1533203125,-3.715972900390625,0.3289794921875,1.0,1.0,1.0,1.0,1.0,95.0,event
12:10:21.773,0.45612302,-0.1620942,-0.4453803,0.48871702,0.5968454,-0.3134471,-0.6978388,0.5893174,1.0707213,0.14243287,-0.14732234,1.0778556,1.0556719,0.20125343,0.26166227,1.018631,0.9634068,0.25103533,0.27319536,1.0232192,831.6484,813.1135,800.6227,785.7143,715.6044,-0.0093994140625,0.1298828125,0.97723388671875,2.1533203125,-3.715972900390625,0.3289794921875,1.0,1.0,1.0,1.0,1.0,95.0,event
12:10:21.774,0.45612302,-0.1620942,-0.4453803,0.48871702,0.5968454,-0.3134471,-0.6978388,0.5893174,1.0707213,0.14243287,-0.14732234,1.0778556,1.0556719,0.20125343,0.26166227,1.018631,0.9634068,0.25103533,0.27319536,1.0232192,773.22345,804.65204,809.0842,787.72894,701.0989,-0.0093994140625,0.1298828125,0.97723388671875,2.1533203125,-3.715972900390625,0.3289794921875,1.0,1.0,1.0,1.0,1.0,95.0,event
12:10:21.774,0.45612302,-0.1620942,-0.4453803,0.48871702,0.5968454,-0.3134471,-0.6978388,0.5893174,1.0707213,0.14243287,-0.14732234,1.0778556,1.0556719,0.20125343,0.26166227,1.018631,0.9634068,0.25103533,0.27319536,1.0232192,826.0073,809.4872,805.4579,808.68134,749.85345,-0.0093994140625,0.1298828125,0.97723388671875,2.1533203125,-3.715972900390625,0.3289794921875,1.0,1.0,1.0,1.0,1.0,95.0,event
12:10:21.775,0.45612302,-0.1620942,-0.4453803,0.48871702,0.5968454,-0.3134471,-0.6978388,0.5893174,1.0707213,0.14243287,-0.14732234,1.0778556,1.0556719,0.20125343,0.26166227,1.018631,0.9634068,0.25103533,0.27319536,1.0232192,743.8095,799.011,809.0842,788.1319,676.9231,-0.0093994140625,0.1298828125,0.97723388671875,2.1533203125,-3.715972900390625,0.3289794921875,1.0,1.0,1.0,1.0,1.0,95.0,event
12:10:21.775,0.45612302,-0.1620942,-0.4453803,0.48871702,0.5968454,-0.3134471,-0.6978388,0.5893174,1.0707213,0.14243287,-0.14732234,1.0778556,1.0556719,0.20125343,0.26166227,1.018631,0.9634068,0.25103533,0.27319536,1.0232192,768.7912,797.3993,815.12823,805.8608,730.10986,-0.0093994140625,0.1298828125,0.97723388671875,2.1533203125,-3.715972900390625,0.3289794921875,1.0,1.0,1.0,1.0,1.0,95.0,event
12:10:21.776,0.45612302,-0.1620942,-0.4453803,0.48871702,0.5968454,-0.3134471,-0.6978388,0.5893174,1.0707213,0.14243287,-0.14732234,1.0778556,1.0556719,0.20125343,0.26166227,1.018631,0.9634068,0.25103533,0.27319536,1.0232192,782.49084,797.8022,809.0842,816.7399,927.1429,-0.0093994140625,0.1298828125,0.97723388671875,2.1533203125,-3.715972900390625,0.3289794921875,1.0,1.0,1.0,1.0,1.0,95.0,event
12:10:21.776,0.45612302,-0.1620942,-0.4453803,0.48871702,0.5968454,-0.3134471,-0.6978388,0.5893174,1.0707213,0.14243287,-0.14732234,1.0778556,1.0556719,0.20125343,0.26166227,1.018631,0.9634068,0.25103533,0.27319536,1.0232192,806.26373,800.2198,802.23444,827.2161,1027.8755,-0.0093994140625,0.1298828125,0.97723388671875,2.1533203125,-3.715972900390625,0.3289794921875,1.0,1.0,1.0,1.0,1.0,95.0,event
12:10:21.776,0.45612302,-0.1620942,-0.4453803,0.48871702,0.5968454,-0.3134471,-0.6978388,0.5893174,1.0707213,0.14243287,-0.14732234,1.0778556,1.0556719,0.20125343,0.26166227,1.018631,0.9634068,0.25103533,0.27319536,1.0232192,803.0403,800.2198,814.7253,798.60803,803.0403,-0.0093994140625,0.1298828125,0.97723388671875,2.1533203125,-3.715972900390625,0.3289794921875,1.0,1.0,1.0,1.0,1.0,95.0,event
12:10:21.777,0.45612302,-0.1620942,-0.4453803,0.48871702,0.5968454,-0.3134471,-0.6978388,0.5893174,1.0707213,0.14243287,-0.14732234,1.0778556,1.0556719,0.20125343,0.26166227,1.018631,0.9634068,0.25103533,0.27319536,1.0232192,792.96704,806.26373,818.3516,788.93774,707.5458,-0.0093994140625,0.1298828125,0.97723388671875,2.1533203125,-3.715972900390625,0.3289794921875,1.0,1.0,1.0,1.0,1.0,95.0,event
12:10:21.777,0.45612302,-0.1620942,-0.4453803,0.48871702,0.5968454,-0.3134471,-0.6978388,0.5893174,1.0707213,0.14243287,-0.14732234,1.0778556,1.0556719,0.20125343,0.26166227,1.018631,0.9634068,0.25103533,0.27319536,1.0232192,785.31134,804.65204,815.12823,798.20514,898.5348,-0.0093994140625,0.1298828125,0.97723388671875,2.1533203125,-3.715972900390625,0.3289794921875,1.0,1.0,1.0,1.0,1.0,95.0,event
12:10:21.779,0.45612302,-0.1620942,-0.4453803,0.48871702,0.5968454,-0.3134471,-0.6978388,0.5893174,1.0707213,0.14243287,-0.14732234,1.0778556,1.0556719,0.20125343,0.26166227,1.018631,0.9634068,0.25103533,0.27319536,1.0232192,754.2857,802.23444,808.2784,807.8755,888.0586,-0.0093994140625,0.1298828125,0.97723388671875,2.1533203125,-3.715972900390625,0.3289794921875,1.0,1.0,1.0,1.0,1.0,95.0,event
12:10:21.780,0.45612302,-0.1620942,-0.4453803,0.48871702,0.5968454,-0.3134471,-0.6978388,0.5893174,1.0707213,0.14243287,-0.14732234,1.0778556,1.0556719,0.20125343,0.26166227,1.018631,0.9634068,0.25103533,0.27319536,1.0232192,778.86444,806.26373,801.8315,811.50183,745.82416,-0.0093994140625,0.1298828125,0.97723388671875,2.1533203125,-3.715972900390625,0.3289794921875,1.0,1.0,1.0,1.0,1.0,95.0,event
12:10:21.812,0.45612302,-0.1620942,-0.4453803,0.48871702,0.5968454,-0.3134471,-0.6978388,0.5893174,1.0707213,0.14243287,-0.14732234,1.0778556,1.0556719,0.20125343,0.26166227,1.018631,0.9634068,0.25103533,0.27319536,1.0232192,802.23444,803.44324,805.4579,808.68134,728.9011,-0.01544189453125,0.12255859375,0.979248046875,2.355194091796875,-3.760833740234375,0.022430419921875,1.0,1.0,1.0,1.0,1.0,95.0,event
12:10:21.813,0.45612302,-0.1620942,-0.4453803,0.48871702,0.5968454,-0.3134471,-0.6978388,0.5893174,1.0707213,0.14243287,-0.14732234,1.0778556,1.0556719,0.20125343,0.26166227,1.018631,0.9634068,0.25103533,0.27319536,1.0232192,785.31134,801.8315,808.2784,794.17584,750.65936,-0.01544189453125,0.12255859375,0.979248046875,2.355194091796875,-3.760833740234375,0.022430419921875,1.0,1.0,1.0,1.0,1.0,95.0,event
12:10:21.814,0.45612302,-0.1620942,-0.4453803,0.48871702,0.5968454,-0.3134471,-0.6978388,0.5893174,1.0707213,0.14243287,-0.14732234,1.0778556,1.0556719,0.20125343,0.26166227,1.018631,0.9634068,0.25103533,0.27319536,1.0232192,774.43225,803.0403,809.4872,770.80585,776.04395,-0.01544189453125,0.12255859375,0.979248046875,2.355194091796875,-3.760833740234375,0.022430419921875,1.0,1.0,1.0,1.0,1.0,95.0,event
12:10:21.814,0.45612302,-0.1620942,-0.4453803,0.48871702,0.5968454,-0.3134471,-0.6978388,0.5893174,1.0707213,0.14243287,-0.14732234,1.0778556,1.0556719,0.20125343,0.26166227,1.018631,0.9634068,0.25103533,0.27319536,1.0232192,776.04395,801.4286,813.1135,785.31134,749.85345,-0.01544189453125,0.12255859375,0.979248046875,2.355194091796875,-3.760833740234375,0.022430419921875,1.0,1.0,1.0,1.0,1.0,95.0,event
12:10:21.815,0.45612302,-0.1620942,-0.4453803,0.48871702,0.5968454,-0.3134471,-0.6978388,0.5893174,1.0707213,0.14243287,-0.14732234,1.0778556,1.0556719,0.20125343,0.26166227,1.018631,0.9634068,0.25103533,0.27319536,1.0232192,788.93774,799.41394,797.8022,812.3077,808.2784,-0.01544189453125,0.12255859375,0.979248046875,2.355194091796875,-3.760833740234375,0.022430419921875,1.0,1.0,1.0,1.0,1.0,95.0,event
12:10:21.815,0.45612302,-0.1620942,-0.4453803,0.48871702,0.5968454,-0.3134471,-0.6978388,0.5893174,1.0707213,0.14243287,-0.14732234,1.0778556,1.0556719,0.20125343,0.26166227,1.018631,0.9634068,0.25103533,0.27319536,1.0232192,807.47253,801.4286,794.57874,805.8608,920.293,-0.01544189453125,0.12255859375,0.979248046875,2.355194091796875,-3.760833740234375,0.022430419921875,1.0,1.0,1.0,1.0,1.0,95.0,event
12:10:21.816,0.45612302,-0.1620942,-0.4453803,0.48871702,0.5968454,-0.3134471,-0.6978388,0.5893174,1.0707213,0.14243287,-0.14732234,1.0778556,1.0556719,0.20125343,0.26166227,1.018631,0.9634068,0.25103533,0.27319536,1.0232192,797.8022,806.26373,818.3516,773.6264,917.47253,-0.01544189453125,0.12255859375,0.979248046875,2.355194091796875,-3.760833740234375,0.022430419921875,1.0,1.0,1.0,1.0,1.0,95.0,event
12:10:21.816,0.45612302,-0.1620942,-0.4453803,0.48871702,0.5968454,-0.3134471,-0.6978388,0.5893174,1.0707213,0.14243287,-0.14732234,1.0778556,1.0556719,0.20125343,0.26166227,1.018631,0.9634068,0.25103533,0.27319536,1.0232192,786.1172,813.1135,817.9487,779.67035,851.39197,-0.01544189453125,0.12255859375,0.979248046875,2.355194091796875,-3.760833740234375,0.022430419921875,1.0,1.0,1.0,1.0,1.0,95.0,event
12:10:21.817,0.45612302,-0.1620942,-0.4453803,0.48871702,0.5968454,-0.3134471,-0.6978388,0.5893174,1.0707213,0.14243287,-0.14732234,1.0778556,1.0556719,0.20125343,0.26166227,1.018631,0.9634068,0.25103533,0.27319536,1.0232192,787.72894,811.9048,797.8022,800.2198,826.4103,-0.01544189453125,0.12255859375,0.979248046875,2.355194091796875,-3.760833740234375,0.022430419921875,1.0,1.0,1.0,1.0,1.0,95.0,event
12:10:21.817,0.45612302,-0.1620942,-0.4453803,0.48871702,0.5968454,-0.3134471,-0.6978388,0.5893174,1.0707213,0.14243287,-0.14732234,1.0778556,1.0556719,0.20125343,0.26166227,1.018631,0.9634068,0.25103533,0.27319536,1.0232192,788.5348,801.8315,803.8461,805.05493,1043.9927,-0.01544189453125,0.12255859375,0.979248046875,2.355194091796875,-3.760833740234375,0.022430419921875,1.0,1.0,1.0,1.0,1.0,95.0,event
12:10:21.818,0.45612302,-0.1620942,-0.4453803,0.48871702,0.5968454,-0.3134471,-0.6978388,0.5893174,1.0707213,0.14243287,-0.14732234,1.0778556,1.0556719,0.20125343,0.26166227,1.018631,0.9634068,0.25103533,0.27319536,1.0232192,794.57874,806.6667,811.9048,809.0842,711.978,-0.01544189453125,0.12255859375,0.979248046875,2.355194091796875,-3.760833740234375,0.022430419921875,1.0,1.0,1.0,1.0,1.0,95.0,event
12:10:21.818,0.45612302,-0.1620942,-0.4453803,0.48871702,0.5968454,-0.3134471,-0.6978388,0.5893174,1.0707213,0.14243287,-0.14732234,1.0778556,1.0556719,0.20125343,0.26166227,1.018631,0.9634068,0.25103533,0.27319536,1.0232192,788.93774,799.41394,809.4872,813.91943,964.61536,-0.01544189453125,0.12255859375,0.979248046875,2.355194091796875,-3.760833740234375,0.022430419921875,1.0,1.0,1.0,1.0,1.0,95.0,event
12:10:21.845,0.45612302,-0.1620942,-0.4453803,0.48871702,0.5968454,-0.3134471,-0.6978388,0.5893174,1.0707213,0.14243287,-0.14732234,1.0778556,1.0556719,0.20125343,0.26166227,1.018631,0.9634068,0.25103533,0.27319536,1.0232192,792.1612,808.2784,820.3663,788.5348,693.44324,-0.0115966796875,0.12384033203125,0.98065185546875,3.170166015625,-4.127197265625,-0.396270751953125,1.0,1.0,1.0,1.0,1.0,95.0,event
12:10:21.846,0.51676315,-0.1679506,-0.44488192,0.53298134,0.6881611,-0.33361337,-0.6980562,0.6471584,1.1054186,0.13709937,-0.17487997,1.102491,1.0718428,0.2168209,0.26135424,1.0303996,0.9625885,0.2794524,0.2818312,1.0128723,782.0879,803.0403,811.9048,784.5055,672.8938,-0.0115966796875,0.12384033203125,0.98065185546875,3.170166015625,-4.127197265625,-0.396270751953125,1.0,1.0,1.0,1.0,1.0,95.0,event
12:10:21.851,0.51676315,-0.1679506,-0.44488192,0.53298134,0.6881611,-0.33361337,-0.6980562,0.6471584,1.1054186,0.13709937,-0.17487997,1.102491,1.0718428,0.2168209,0.26135424,1.0303996,0.9625885,0.2794524,0.2818312,1.0128723,787.326,797.3993,808.68134,810.696,685.38464,-0.0115966796875,0.12384033203125,0.98065185546875,3.170166015625,-4.127197265625,-0.396270751953125,1.0,1.0,1.0,1.0,1.0,95.0,event
12:10:21.851,0.51676315,-0.1679506,-0.44488192,0.53298134,0.6881611,-0.33361337,-0.6980562,0.6471584,1.1054186,0.13709937,-0.17487997,1.102491,1.0718428,0.2168209,0.26135424,1.0303996,0.9625885,0.2794524,0.2818312,1.0128723,795.38464,806.26373,811.50183,801.4286,743.8095,-0.0115966796875,0.12384033203125,0.98065185546875,3.170166015625,-4.127197265625,-0.396270751953125,1.0,1.0,1.0,1.0,1.0,95.0,event
12:10:21.852,0.51676315,-0.1679506,-0.44488192,0.53298134,0.6881611,-0.33361337,-0.6980562,0.6471584,1.1054186,0.13709937,-0.17487997,1.102491,1.0718428,0.2168209,0.26135424,1.0303996,0.9625885,0.2794524,0.2818312,1.0128723,800.2198,811.9048,808.2784,784.10254,794.57874,-0.0115966796875,0.12384033203125,0.98065185546875,3.170166015625,-4.127197265625,-0.396270751953125,1.0,1.0,1.0,1.0,1.0,95.0,event
12:10:21.852,0.51676315,-0.1679506,-0.44488192,0.53298134,0.6881611,-0.33361337,-0.6980562,0.6471584,1.1054186,0.13709937,-0.17487997,1.102491,1.0718428,0.2168209,0.26135424,1.0303996,0.9625885,0.2794524,0.2818312,1.0128723,799.81683,809.0842,805.4579,803.0403,832.8571,-0.0115966796875,0.12384033203125,0.98065185546875,3.170166015625,-4.127197265625,-0.396270751953125,1.0,1.0,1.0,1.0,1.0,95.0,event
12:10:21.853,0.51676315,-0.1679506,-0.44488192,0.53298134,0.6881611,-0.33361337,-0.6980562,0.6471584,1.1054186,0.13709937,-0.17487997,1.102491,1.0718428,0.2168209,0.26135424,1.0303996,0.9625885,0.2794524,0.2818312,1.0128723,788.1319,809.0842,806.26373,809.89014,871.53845,-0.0115966796875,0.12384033203125,0.98065185546875,3.170166015625,-4.127197265625,-0.396270751953125,1.0,1.0,1.0,1.0,1.0,95.0,event
12:10:21.853,0.51676315,-0.1679506,-0.44488192,0.53298134,0.6881611,-0.33361337,-0.6980562,0.6471584,1.1054186,0.13709937,-0.17487997,1.102491,1.0718428,0.2168209,0.26135424,1.0303996,0.9625885,0.2794524,0.2818312,1.0128723,793.7729,808.68134,809.4872,809.0842,816.7399,-0.0115966796875,0.12384033203125,0.98065185546875,3.170166015625,-4.127197265625,-0.396270751953125,1.0,1.0,1.0,1.0,1.0,95.0,event
12:10:21.854,0.51676315,-0.1679506,-0.44488192,0.53298134,0.6881611,-0.33361337,-0.6980562,0.6471584,1.1054186,0.13709937,-0.17487997,1.102491,1.0718428,0.2168209,0.26135424,1.0303996,0.9625885,0.2794524,0.2818312,1.0128723,807.47253,815.5311,805.8608,817.5458,1073.8096,-0.0115966796875,0.12384033203125,0.98065185546875,3.170166015625,-4.127197265625,-0.396270751953125,1.0,1.0,1.0,1.0,1.0,95.0,event
12:10:21.854,0.51676315,-0.1679506,-0.44488192,0.53298134,0.6881611,-0.33361337,-0.6980562,0.6471584,1.1054186,0.13709937,-0.17487997,1.102491,1.0718428,0.2168209,0.26135424,1.0303996,0.9625885,0.2794524,0.2818312,1.0128723,799.011,810.293,809.0842,815.9341,942.8571,-0.0115966796875,0.12384033203125,0.98065185546875,3.170166015625,-4.127197265625,-0.396270751953125,1.0,1.0,1.0,1.0,1.0,95.0,event
12:10:21.855,0.51676315,-0.1679506,-0.44488192,0.53298134,0.6881611,-0.33361337,-0.6980562,0.6471584,1.1054186,0.13709937,-0.17487997,1.102491,1.0718428,0.2168209,0.26135424,1.0303996,0.9625885,0.2794524,0.2818312,1.0128723,836.8865,814.7253,809.0842,815.12823,834.0659,-0.0115966796875,0.12384033203125,0.98065185546875,3.170166015625,-4.127197265625,-0.396270751953125,1.0,1.0,1.0,1.0,1.0,95.0,event
12:10:21.855,0.51676315,-0.1679506,-0.44488192,0.53298134,0.6881611,-0.33361337,-0.6980562,0.6471584,1.1054186,0.13709937,-0.17487997,1.102491,1.0718428,0.2168209,0.26135424,1.0303996,0.9625885,0.2794524,0.2818312,1.0128723,821.978,803.0403,805.4579,823.1868,707.1429,-0.0115966796875,0.12384033203125,0.98065185546875,3.170166015625,-4.127197265625,-0.396270751953125,1.0,1.0,1.0,1.0,1.0,95.0,event
12:10:21.910,0.51676315,-0.1679506,-0.44488192,0.53298134,0.6881611,-0.33361337,-0.6980562,0.6471584,1.1054186,0.13709937,-0.17487997,1.102491,1.0718428,0.2168209,0.26135424,1.0303996,0.9625885,0.2794524,0.2818312,1.0128723,786.1172,796.1905,805.05493,826.4103,828.022,-0.00848388671875,0.1314697265625,0.9739990234375,3.566436767578125,-4.134674072265625,1.45050048828125,1.0,1.0,1.0,1.0,1.0,95.0,event
12:10:21.911,0.51676315,-0.1679506,-0.44488192,0.53298134,0.6881611,-0.33361337,-0.6980562,0.6471584,1.1054186,0.13709937,-0.17487997,1.102491,1.0718428,0.2168209,0.26135424,1.0303996,0.9625885,0.2794524,0.2818312,1.0128723,782.49084,797.3993,809.89014,791.75824,836.4835,-0.00848388671875,0.1314697265625,0.9739990234375,3.566436767578125,-4.134674072265625,1.45050048828125,1.0,1.0,1.0,1.0,1.0,95.0,event
12:10:21.912,0.51676315,-0.1679506,-0.44488192,0.53298134,0.6881611,-0.33361337,-0.6980562,0.6471584,1.1054186,0.13709937,-0.17487997,1.102491,1.0718428,0.2168209,0.26135424,1.0303996,0.9625885,0.2794524,0.2818312,1.0128723,806.6667,802.6374,808.2784,778.46155,750.2564,-0.00848388671875,0.1314697265625,0.9739990234375,3.566436767578125,-4.134674072265625,1.45050048828125,1.0,1.0,1.0,1.0,1.0,95.0,event
12:10:21.913,0.51676315,-0.1679506,-0.44488192,0.53298134,0.6881611,-0.33361337,-0.6980562,0.6471584,1.1054186,0.13709937,-0.17487997,1.102491,1.0718428,0.2168209,0.26135424,1.0303996,0.9625885,0.2794524,0.2818312,1.0128723,820.7692,806.26373,805.8608,786.9231,704.3223,-0.00848388671875,0.1314697265625,0.9739990234375,3.566436767578125,-4.134674072265625,1.45050048828125,1.0,1.0,1.0,1.0,1.0,95.0,event
12:10:21.913,0.51676315,-0.1679506,-0.44488192,0.53298134,0.6881611,-0.33361337,-0.6980562,0.6471584,1.1054186,0.13709937,-0.17487997,1.102491,1.0718428,0.2168209,0.26135424,1.0303996,0.9625885,0.2794524,0.2818312,1.0128723,806.6667,808.68134,806.26373,816.337,780.07324,-0.00848388671875,0.1314697265625,0.9739990234375,3.566436767578125,-4.134674072265625,1.45050048828125,1.0,1.0,1.0,1.0,1.0,95.0,event
12:10:21.914,0.51676315,-0.1679506,-0.44488192,0.53298134,0.6881611,-0.33361337,-0.6980562,0.6471584,1.1054186,0.13709937,-0.17487997,1.102491,1.0718428,0.2168209,0.26135424,1.0303996,0.9625885,0.2794524,0.2818312,1.0128723,788.1319,802.6374,811.9048,810.293,941.6484,-0.00848388671875,0.1314697265625,0.9739990234375,3.566436767578125,-4.134674072265625,1.45050048828125,1.0,1.0,1.0,1.0,1.0,95.0,event
12:10:21.914,0.51676315,-0.1679506,-0.44488192,0.53298134,0.6881611,-0.33361337,-0.6980562,0.6471584,1.1054186,0.13709937,-0.17487997,1.102491,1.0718428,0.2168209,0.26135424,1.0303996,0.9625885,0.2794524,0.2818312,1.0128723,770.80585,796.99634,812.71063,788.1319,971.4652,-0.00848388671875,0.1314697265625,0.9739990234375,3.566436767578125,-4.134674072265625,1.45050048828125,1.0,1.0,1.0,1.0,1.0,95.0,event
12:10:21.915,0.51676315,-0.1679506,-0.44488192,0.53298134,0.6881611,-0.33361337,-0.6980562,0.6471584,1.1054186,0.13709937,-0.17487997,1.102491,1.0718428,0.2168209,0.26135424,1.0303996,0.9625885,0.2794524,0.2818312,1.0128723,805.8608,804.2491,795.78754,780.87915,1016.99634,-0.00848388671875,0.1314697265625,0.9739990234375,3.566436767578125,-4.134674072265625,1.45050048828125,1.0,1.0,1.0,1.0,1.0,95.0,event
12:10:21.915,0.51676315,-0.1679506,-0.44488192,0.53298134,0.6881611,-0.33361337,-0.6980562,0.6471584,1.1054186,0.13709937,-0.17487997,1.102491,1.0718428,0.2168209,0.26135424,1.0303996,0.9625885,0.2794524,0.2818312,1.0128723,792.5641,801.4286,802.23444,778.0586,918.68134,-0.00848388671875,0.1314697265625,0.9739990234375,3.566436767578125,-4.134674072265625,1.45050048828125,1.0,1.0,1.0,1.0,1.0,95.0,event
12:10:21.916,0.51676315,-0.1679506,-0.44488192,0.53298134,0.6881611,-0.33361337,-0.6980562,0.6471584,1.1054186,0.13709937,-0.17487997,1.102491,1.0718428,0.2168209,0.26135424,1.0303996,0.9625885,0.2794524,0.2818312,1.0128723,788.5348,809.4872,794.9817,772.01465,681.75824,-0.00848388671875,0.1314697265625,0.9739990234375,3.566436767578125,-4.134674072265625,1.45050048828125,1.0,1.0,1.0,1.0,1.0,95.0,event
12:10:21.916,0.51676315,-0.1679506,-0.44488192,0.53298134,0.6881611,-0.33361337,-0.6980562,0.6471584,1.1054186,0.13709937,-0.17487997,1.102491,1.0718428,0.2168209,0.26135424,1.0303996,0.9625885,0.2794524,0.2818312,1.0128723,799.41394,809.89014,795.78754,776.8498,853.8095,-0.00848388671875,0.1314697265625,0.9739990234375,3.566436767578125,-4.134674072265625,1.45050048828125,1.0,1.0,1.0,1.0,1.0,95.0,event
12:10:21.917,0.51676315,-0.1679506,-0.44488192,0.53298134,0.6881611,-0.33361337,-0.6980562,0.6471584,1.1054186,0.13709937,-0.17487997,1.102491,1.0718428,0.2168209,0.26135424,1.0303996,0.9625885,0.2794524,0.2818312,1.0128723,790.54944,806.6667,799.81683,790.9524,775.64105,-0.00848388671875,0.1314697265625,0.9739990234375,3.566436767578125,-4.134674072265625,1.45050048828125,1.0,1.0,1.0,1.0,1.0,95.0,event
12:10:21.945,0.51676315,-0.1679506,-0.44488192,0.53298134,0.6881611,-0.33361337,-0.6980562,0.6471584,1.1054186,0.13709937,-0.17487997,1.102491,1.0718428,0.2168209,0.26135424,1.0303996,0.9625885,0.2794524,0.2818312,1.0128723,793.7729,804.2491,806.26373,809.89014,784.90845,-0.01275634765625,0.13177490234375,0.98333740234375,2.893524169921875,-3.4991455078125,0.43365478515625,1.0,1.0,1.0,1.0,1.0,95.0,event
12:10:21.946,0.51676315,-0.1679506,-0.44488192,0.53298134,0.6881611,-0.33361337,-0.6980562,0.6471584,1.1054186,0.13709937,-0.17487997,1.102491,1.0718428,0.2168209,0.26135424,1.0303996,0.9625885,0.2794524,0.2818312,1.0128723,787.72894,801.4286,803.0403,809.0842,735.7509,-0.01275634765625,0.13177490234375,0.98333740234375,2.893524169921875,-3.4991455078125,0.43365478515625,1.0,1.0,1.0,1.0,1.0,95.0,event
12:10:21.947,0.51676315,-0.1679506,-0.44488192,0.53298134,0.6881611,-0.33361337,-0.6980562,0.6471584,1.1054186,0.13709937,-0.17487997,1.102491,1.0718428,0.2168209,0.26135424,1.0303996,0.9625885,0.2794524,0.2818312,1.0128723,783.2967,800.2198,802.23444,773.6264,734.1392,-0.01275634765625,0.13177490234375,0.98333740234375,2.893524169921875,-3.4991455078125,0.43365478515625,1.0,1.0,1.0,1.0,1.0,95.0,event
12:10:21.948,0.5530849,-0.16088471,-0.42888516,0.55081165,0.74679613,-0.33056933,-0.70195395,0.6789625,1.1054186,0.114918046,-0.18496136,1.1068112,1.0834991,0.2253941,0.27964306,1.0324354,0.96193177,0.3064402,0.29333398,1.003802,784.90845,792.96704,807.47253,765.16486,798.20514,-0.01275634765625,0.13177490234375,0.98333740234375,2.893524169921875,-3.4991455078125,0.43365478515625,1.0,1.0,1.0,1.0,1.0,95.0,event
12:10:21.952,0.5530849,-0.16088471,-0.42888516,0.55081165,0.74679613,-0.33056933,-0.70195395,0.6789625,1.1054186,0.114918046,-0.18496136,1.1068112,1.0834991,0.2253941,0.27964306,1.0324354,0.96193177,0.3064402,0.29333398,1.003802,778.0586,800.6227,806.26373,778.86444,807.0696,-0.01275634765625,0.13177490234375,0.98333740234375,2.893524169921875,-3.4991455078125,0.43365478515625,1.0,1.0,1.0,1.0,1.0,95.0,event
12:10:21.953,0.5530849,-0.16088471,-0.42888516,0.55081165,0.74679613,-0.33056933,-0.70195395,0.6789625,1.1054186,0.114918046,-0.18496136,1.1068112,1.0834991,0.2253941,0.27964306,1.0324354,0.96193177,0.3064402,0.29333398,1.003802,790.14655,808.68134,807.47253,802.23444,853.4066,-0.01275634765625,0.13177490234375,0.98333740234375,2.893524169921875,-3.4991455078125,0.43365478515625,1.0,1.0,1.0,1.0,1.0,95.0,event
12:10:21.954,0.5530849,-0.16088471,-0.42888516,0.55081165,0.74679613,-0.33056933,-0.70195395,0.6789625,1.1054186,0.114918046,-0.18496136,1.1068112,1.0834991,0.2253941,0.27964306,1.0324354,0.96193177,0.3064402,0.29333398,1.003802,802.23444,794.9817,812.3077,826.8132,830.0366,-0.01275634765625,0.13177490234375,0.98333740234375,2.893524169921875,-3.4991455078125,0.43365478515625,1.0,1.0,1.0,1.0,1.0,95.0,event
12:10:21.955,0.5530849,-0.16088471,-0.42888516,0.55081165,0.74679613,-0.33056933,-0.70195395,0.6789625,1.1054186,0.114918046,-0.18496136,1.1068112,1.0834991,0.2253941,0.27964306,1.0324354,0.96193177,0.3064402,0.29333398,1.003802,784.90845,790.9524,811.0989,828.022,929.9634,-0.01275634765625,0.13177490234375,0.98333740234375,2.893524169921875,-3.4991455078125,0.43365478515625,1.0,1.0,1.0,1.0,1.0,95.0,event
12:10:21.955,0.5530849,-0.16088471,-0.42888516,0.55081165,0.74679613,-0.33056933,-0.70195395,0.6789625,1.1054186,0.114918046,-0.18496136,1.1068112,1.0834991,0.2253941,0.27964306,1.0324354,0.96193177,0.3064402,0.29333398,1.003802,791.3553,801.02563,803.44324,812.3077,966.63007,-0.01275634765625,0.13177490234375,0.98333740234375,2.893524169921875,-3.4991455078125,0.43365478515625,1.0,1.0,1.0,1.0,1.0,95.0,event
12:10:21.956,0.5530849,-0.16088471,-0.42888516,0.55081165,0.74679613,-0.33056933,-0.70195395,0.6789625,1.1054186,0.114918046,-0.18496136,1.1068112,1.0834991,0.2253941,0.27964306,1.0324354,0.96193177,0.3064402,0.29333398,1.003802,788.93774,805.05493,798.20514,788.5348,728.9011,-0.01275634765625,0.13177490234375,0.98333740234375,2.893524169921875,-3.4991455078125,0.43365478515625,1.0,1.0,1.0,1.0,1.0,95.0,event
12:10:21.957,0.5530849,-0.16088471,-0.42888516,0.55081165,0.74679613,-0.33056933,-0.70195395,0.6789625,1.1054186,0.114918046,-0.18496136,1.1068112,1.0834991,0.2253941,0.27964306,1.0324354,0.96193177,0.3064402,0.29333398,1.003802,784.5055,799.41394,802.23444,777.25275,780.07324,-0.01275634765625,0.13177490234375,0.98333740234375,2.893524169921875,-3.4991455078125,0.43365478515625,1.0,1.0,1.0,1.0,1.0,95.0,event
12:10:21.958,0.5530849,-0.16088471,-0.42888516,0.55081165,0.74679613,-0.33056933,-0.70195395,0.6789625,1.1054186,0.114918046,-0.18496136,1.1068112,1.0834991,0.2253941,0.27964306,1.0324354,0.96193177,0.3064402,0.29333398,1.003802,788.93774,789.7436,808.68134,781.685,867.9121,-0.01275634765625,0.13177490234375,0.98333740234375,2.893524169921875,-3.4991455078125,0.43365478515625,1.0,1.0,1.0,1.0,1.0,95.0,event
12:10:21.982,0.5530849,-0.16088471,-0.42888516,0.55081165,0.74679613,-0.33056933,-0.70195395,0.6789625,1.1054186,0.114918046,-0.18496136,1.1068112,1.0834991,0.2253941,0.27964306,1.0324354,0.96193177,0.3064402,0.29333398,1.003802,779.67035,796.5934,809.4872,794.9817,745.42126,-0.01275634765625,0.13177490234375,0.98333740234375,2.893524169921875,-3.4991455078125,0.43365478515625,1.0,1.0,1.0,1.0,1.0,95.0,event
12:10:21.983,0.5530849,-0.16088471,-0.42888516,0.55081165,0.74679613,-0.33056933,-0.70195395,0.6789625,1.1054186,0.114918046,-0.18496136,1.1068112,1.0834991,0.2253941,0.27964306,1.0324354,0.96193177,0.3064402,0.29333398,1.003802,779.67035,810.293,805.4579,799.41394,726.08057,-0.01275634765625,0.13177490234375,0.98333740234375,2.893524169921875,-3.4991455078125,0.43365478515625,1.0,1.0,1.0,1.0,1.0,95.0,event
12:10:21.983,0.5530849,-0.16088471,-0.42888516,0.55081165,0.74679613,-0.33056933,-0.70195395,0.6789625,1.1054186,0.114918046,-0.18496136,1.1068112,1.0834991,0.2253941,0.27964306,1.0324354,0.96193177,0.3064402,0.29333398,1.003802,795.78754,808.68134,811.9048,817.1429,774.83514,-0.01275634765625,0.13177490234375,0.98333740234375,2.893524169921875,-3.4991455078125,0.43365478515625,1.0,1.0,1.0,1.0,1.0,95.0,event
12:10:21.984,0.5530849,-0.16088471,-0.42888516,0.55081165,0.74679613,-0.33056933,-0.70195395,0.6789625,1.1054186,0.114918046,-0.18496136,1.1068112,1.0834991,0.2253941,0.27964306,1.0324354,0.96193177,0.3064402,0.29333398,1.003802,800.2198,803.44324,815.5311,817.1429,872.74725,-0.01275634765625,0.13177490234375,0.98333740234375,2.893524169921875,-3.4991455078125,0.43365478515625,1.0,1.0,1.0,1.0,1.0,95.0,event
12:10:21.984,0.5530849,-0.16088471,-0.42888516,0.55081165,0.74679613,-0.33056933,-0.70195395,0.6789625,1.1054186,0.114918046,-0.18496136,1.1068112,1.0834991,0.2253941,0.27964306,1.0324354,0.96193177,0.3064402,0.29333398,1.003802,772.4176,801.8315,807.47253,802.6374,868.71796,-0.01275634765625,0.13177490234375,0.98333740234375,2.893524169921875,-3.4991455078125,0.43365478515625,1.0,1.0,1.0,1.0,1.0,95.0,event
12:10:21.985,0.5530849,-0.16088471,-0.42888516,0.55081165,0.74679613,-0.33056933,-0.70195395,0.6789625,1.1054186,0.114918046,-0.18496136,1.1068112,1.0834991,0.2253941,0.27964306,1.0324354,0.96193177,0.3064402,0.29333398,1.003802,767.1795,797.3993,805.05493,807.8755,794.57874,-0.01275634765625,0.13177490234375,0.98333740234375,2.893524169921875,-3.4991455078125,0.43365478515625,1.0,1.0,1.0,1.0,1.0,95.0,event
12:10:21.985,0.5530849,-0.16088471,-0.42888516,0.55081165,0.74679613,-0.33056933,-0.70195395,0.6789625,1.1054186,0.114918046,-0.18496136,1.1068112,1.0834991,0.2253941,0.27964306,1.0324354,0.96193177,0.3064402,0.29333398,1.003802,772.8205,797.8022,815.12823,800.2198,856.2271,-0.01275634765625,0.13177490234375,0.98333740234375,2.893524169921875,-3.4991455078125,0.43365478515625,1.0,1.0,1.0,1.0,1.0,95.0,event
12:10:21.986,0.5530849,-0.16088471,-0.42888516,0.55081165,0.74679613,-0.33056933,-0.70195395,0.6789625,1.1054186,0.114918046,-0.18496136,1.1068112,1.0834991,0.2253941,0.27964306,1.0324354,0.96193177,0.3064402,0.29333398,1.003802,797.8022,805.8608,809.89014,819.15753,933.9927,-0.01275634765625,0.13177490234375,0.98333740234375,2.893524169921875,-3.4991455078125,0.43365478515625,1.0,1.0,1.0,1.0,1.0,95.0,event
12:10:21.986,0.5530849,-0.16088471,-0.42888516,0.55081165,0.74679613,-0.33056933,-0.70195395,0.6789625,1.1054186,0.114918046,-0.18496136,1.1068112,1.0834991,0.2253941,0.27964306,1.0324354,0.96193177,0.3064402,0.29333398,1.003802,787.72894,800.6227,819.5604,807.0696,1053.663,-0.01275634765625,0.13177490234375,0.98333740234375,2.893524169921875,-3.4991455078125,0.43365478515625,1.0,1.0,1.0,1.0,1.0,95.0,event
12:10:21.987,0.5530849,-0.16088471,-0.42888516,0.55081165,0.74679613,-0.33056933,-0.70195395,0.6789625,1.1054186,0.114918046,-0.18496136,1.1068112,1.0834991,0.2253941,0.27964306,1.0324354,0.96193177,0.3064402,0.29333398,1.003802,807.8755,811.0989,796.99634,819.9634,720.4396,-0.01275634765625,0.13177490234375,0.98333740234375,2.893524169921875,-3.4991455078125,0.43365478515625,1.0,1.0,1.0,1.0,1.0,95.0,event
12:10:21.987,0.5530849,-0.16088471,-0.42888516,0.55081165,0.74679613,-0.33056933,-0.70195395,0.6789625,1.1054186,0.114918046,-0.18496136,1.1068112,1.0834991,0.2253941,0.27964306,1.0324354,0.96193177,0.3064402,0.29333398,1.003802,823.9927,809.89014,803.44324,812.71063,759.5238,-0.01275634765625,0.13177490234375,0.98333740234375,2.893524169921875,-3.4991455078125,0.43365478515625,1.0,1.0,1.0,1.0,1.0,95.0,event
12:10:21.988,0.5530849,-0.16088471,-0.42888516,0.55081165,0.74679613,-0.33056933,-0.70195395,0.6789625,1.1054186,0.114918046,-0.18496136,1.1068112,1.0834991,0.2253941,0.27964306,1.0324354,0.96193177,0.3064402,0.29333398,1.003802,805.8608,809.4872,811.0989,803.8461,728.49817,-0.01275634765625,0.13177490234375,0.98333740234375,2.893524169921875,-3.4991455078125,0.43365478515625,1.0,1.0,1.0,1.0,1.0,95.0,event
12:10:22.049,0.5530849,-0.16088471,-0.42888516,0.55081165,0.74679613,-0.33056933,-0.70195395,0.6789625,1.1054186,0.114918046,-0.18496136,1.1068112,1.0834991,0.2253941,0.27964306,1.0324354,0.96193177,0.3064402,0.29333398,1.003802,772.8205,810.696,808.68134,789.7436,691.8315,-0.0059814453125,0.13226318359375,0.98260498046875,2.056121826171875,-3.96270751953125,-0.276641845703125,1.0,1.0,1.0,1.0,1.0,95.0,event
12:10:22.050,0.5530849,-0.16088471,-0.42888516,0.55081165,0.74679613,-0.33056933,-0.70195395,0.6789625,1.1054186,0.114918046,-0.18496136,1.1068112,1.0834991,0.2253941,0.27964306,1.0324354,0.96193177,0.3064402,0.29333398,1.003802,787.72894,810.293,810.293,788.5348,737.3626,-0.0059814453125,0.13226318359375,0.98260498046875,2.056121826171875,-3.96270751953125,-0.276641845703125,1.0,1.0,1.0,1.0,1.0,95.0,event
12:10:22.051,0.5530849,-0.16088471,-0.42888516,0.55081165,0.74679613,-0.33056933,-0.70195395,0.6789625,1.1054186,0.114918046,-0.18496136,1.1068112,1.0834991,0.2253941,0.27964306,1.0324354,0.96193177,0.3064402,0.29333398,1.003802,799.011,808.2784,809.4872,808.2784,793.7729,-0.0059814453125,0.13226318359375,0.98260498046875,2.056121826171875,-3.96270751953125,-0.276641845703125,1.0,1.0,1.0,1.0,1.0,95.0,event
12:10:22.051,0.5530849,-0.16088471,-0.42888516,0.55081165,0.74679613,-0.33056933,-0.70195395,0.6789625,1.1054186,0.114918046,-0.18496136,1.1068112,1.0834991,0.2253941,0.27964306,1.0324354,0.96193177,0.3064402,0.29333398,1.003802,797.8022,803.0403,804.65204,806.26373,760.7326,-0.0059814453125,0.13226318359375,0.98260498046875,2.056121826171875,-3.96270751953125,-0.276641845703125,1.0,1.0,1.0,1.0,1.0,95.0,event
12:10:22.052,0.5530849,-0.16088471,-0.42888516,0.55081165,0.74679613,-0.33056933,-0.70195395,0.6789625,1.1054186,0.114918046,-0.18496136,1.1068112,1.0834991,0.2253941,0.27964306,1.0324354,0.96193177,0.3064402,0.29333398,1.003802,797.8022,801.4286,802.6374,796.1905,723.663,-0.0059814453125,0.13226318359375,0.98260498046875,2.056121826171875,-3.96270751953125,-0.276641845703125,1.0,1.0,1.0,1.0,1.0,95.0,event
12:10:22.052,0.5640995,-0.15735206,-0.39643013,0.564716,0.77683336,-0.3134081,-0.7071589,0.692085,1.1054186,0.09579791,-0.18708071,1.1068112,1.0882493,0.22857684,0.30391082,1.0206813,0.96245843,0.32803503,0.29913625,0.9923769,788.93774,803.44324,807.0696,806.6667,900.14655,-0.0059814453125,0.13226318359375,0.98260498046875,2.056121826171875,-3.96270751953125,-0.276641845703125,1.0,1.0,1.0,1.0,1.0,95.0,event
12:10:22.056,0.5640995,-0.15735206,-0.39643013,0.564716,0.77683336,-0.3134081,-0.7071589,0.692085,1.1054186,0.09579791,-0.18708071,1.1068112,1.0882493,0.22857684,0.30391082,1.0206813,0.96245843,0.32803503,0.29913625,0.9923769,813.1135,804.65204,805.8608,816.337,1102.4176,-0.0059814453125,0.13226318359375,0.98260498046875,2.056121826171875,-3.96270751953125,-0.276641845703125,1.0,1.0,1.0,1.0,1.0,95.0,event
12:10:22.057,0.5640995,-0.15735206,-0.39643013,0.564716,0.77683336,-0.3134081,-0.7071589,0.692085,1.1054186,0.09579791,-0.18708071,1.1068112,1.0882493,0.22857684,0.30391082,1.0206813,0.96245843,0.32803503,0.29913625,0.9923769,809.4872,809.89014,806.6667,808.68134,1038.7546,-0.0059814453125,0.13226318359375,0.98260498046875,2.056121826171875,-3.96270751953125,-0.276641845703125,1.0,1.0,1.0,1.0,1.0,95.0,event
12:10:22.057,0.5640995,-0.15735206,-0.39643013,0.564716,0.77683336,-0.3134081,-0.7071589,0.692085,1.1054186,0.09579791,-0.18708071,1.1068112,1.0882493,0.22857684,0.30391082,1.0206813,0.96245843,0.32803503,0.29913625,0.9923769,805.05493,808.68134,809.0842,809.89014,743.00366,-0.0059814453125,0.13226318359375,0.98260498046875,2.056121826171875,-3.96270751953125,-0.276641845703125,1.0,1.0,1.0,1.0,1.0,95.0,event
12:10:22.058,0.5640995,-0.15735206,-0.39643013,0.564716,0.77683336,-0.3134081,-0.7071589,0.692085,1.1054186,0.09579791,-0.18708071,1.1068112,1.0882493,0.22857684,0.30391082,1.0206813,0.96245843,0.32803503,0.29913625,0.9923769,838.9011,802.6374,803.8461,822.381,704.3223,-0.0059814453125,0.13226318359375,0.98260498046875,2.056121826171875,-3.96270751953125,-0.276641845703125,1.0,1.0,1.0,1.0,1.0,95.0,event
12:10:22.058,0.5640995,-0.15735206,-0.39643013,0.564716,0.77683336,-0.3134081,-0.7071589,0.692085,1.1054186,0.09579791,-0.18708071,1.1068112,1.0882493,0.22857684,0.30391082,1.0206813,0.96245843,0.32803503,0.29913625,0.9923769,834.87177,804.2491,792.1612,831.2454,920.696,-0.0059814453125,0.13226318359375,0.98260498046875,2.056121826171875,-3.96270751953125,-0.276641845703125,1.0,1.0,1.0,1.0,1.0,95.0,event
12:10:22.059,0.5640995,-0.15735206,-0.39643013,0.564716,0.77683336,-0.3134081,-0.7071589,0.692085,1.1054186,0.09579791,-0.18708071,1.1068112,1.0882493,0.22857684,0.30391082,1.0206813,0.96245843,0.32803503,0.29913625,0.9923769,824.3956,812.3077,803.8461,835.2747,842.52747,-0.0059814453125,0.13226318359375,0.98260498046875,2.056121826171875,-3.96270751953125,-0.276641845703125,1.0,1.0,1.0,1.0,1.0,95.0,event
12:10:22.096,0.5640995,-0.15735206,-0.39643013,0.564716,0.77683336,-0.3134081,-0.7071589,0.692085,1.1054186,0.09579791,-0.18708071,1.1068112,1.0882493,0.22857684,0.30391082,1.0206813,0.96245843,0.32803503,0.29913625,0.9923769,822.7839,812.71063,815.5311,840.10986,733.3333,-0.0069580078125,0.13262939453125,0.9764404296875,1.2860107421875,-3.27484130859375,0.022430419921875,1.0,1.0,1.0,1.0,1.0,95.0,event
12:10:22.098,0.5640995,-0.15735206,-0.39643013,0.564716,0.77683336,-0.3134081,-0.7071589,0.692085,1.1054186,0.09579791,-0.18708071,1.1068112,1.0882493,0.22857684,0.30391082,1.0206813,0.96245843,0.32803503,0.29913625,0.9923769,805.8608,806.6667,811.9048,821.1722,764.35895,-0.0069580078125,0.13262939453125,0.9764404296875,1.2860107421875,-3.27484130859375,0.022430419921875,1.0,1.0,1.0,1.0,1.0,95.0,event
12:10:22.098,0.5640995,-0.15735206,-0.39643013,0.564716,0.77683336,-0.3134081,-0.7071589,0.692085,1.1054186,0.09579791,-0.18708071,1.1068112,1.0882493,0.22857684,0.30391082,1.0206813,0.96245843,0.32803503,0.29913625,0.9923769,807.47253,805.05493,811.9048,796.5934,776.8498,-0.0069580078125,0.13262939453125,0.9764404296875,1.2860107421875,-3.27484130859375,0.022430419921875,1.0,1.0,1.0,1.0,1.0,95.0,event
12:10:22.099,0.5640995,-0.15735206,-0.39643013,0.564716,0.77683336,-0.3134081,-0.7071589,0.692085,1.1054186,0.09579791,-0.18708071,1.1068112,1.0882493,0.22857684,0.30391082,1.0206813,0.96245843,0.32803503,0.29913625,0.9923769,822.7839,805.4579,808.68134,808.68134,751.4652,-0.0069580078125,0.13262939453125,0.9764404296875,1.2860107421875,-3.27484130859375,0.022430419921875,1.0,1.0,1.0,1.0,1.0,95.0,event
12:10:22.100,0.5640995,-0.15735206,-0.39643013,0.564716,0.77683336,-0.3134081,-0.7071589,0.692085,1.1054186,0.09579791,-0.18708071,1.1068112,1.0882493,0.22857684,0.30391082,1.0206813,0.96245843,0.32803503,0.29913625,0.9923769,809.4872,805.05493,803.44324,810.293,885.2381,-0.0069580078125,0.13262939453125,0.9764404296875,1.2860107421875,-3.27484130859375,0.022430419921875,1.0,1.0,1.0,1.0,1.0,95.0,event
12:10:22.100,0.5640995,-0.15735206,-0.39643013,0.564716,0.77683336,-0.3134081,-0.7071589,0.692085,1.1054186,0.09579791,-0.18708071,1.1068112,1.0882493,0.22857684,0.30391082,1.0206813,0.96245843,0.32803503,0.29913625,0.9923769,808.2784,799.81683,806.26373,818.7546,756.30035,-0.0069580078125,0.13262939453125,0.9764404296875,1.2860107421875,-3.27484130859375,0.022430419921875,1.0,1.0,1.0,1.0,1.0,95.0,event
12:10:22.101,0.5640995,-0.15735206,-0.39643013,0.564716,0.77683336,-0.3134081,-0.7071589,0.692085,1.1054186,0.09579791,-0.18708071,1.1068112,1.0882493,0.22857684,0.30391082,1.0206813,0.96245843,0.32803503,0.29913625,0.9923769,807.0696,813.91943,807.0696,808.2784,992.4176,-0.0069580078125,0.13262939453125,0.9764404296875,1.2860107421875,-3.27484130859375,0.022430419921875,1.0,1.0,1.0,1.0,1.0,95.0,event
12:10:22.102,0.5640995,-0.15735206,-0.39643013,0.564716,0.77683336,-0.3134081,-0.7071589,0.692085,1.1054186,0.09579791,-0.18708071,1.1068112,1.0882493,0.22857684,0.30391082,1.0206813,0.96245843,0.32803503,0.29913625,0.9923769,799.81683,808.2784,807.0696,815.5311,812.71063,-0.0069580078125,0.13262939453125,0.9764404296875,1.2860107421875,-3.27484130859375,0.022430419921875,1.0,1.0,1.0,1.0,1.0,95.0,event
12:10:22.102,0.5640995,-0.15735206,-0.39643013,0.564716,0.77683336,-0.3134081,-0.7071589,0.692085,1.1054186,0.09579791,-0.18708071,1.1068112,1.0882493,0.22857684,0.30391082,1.0206813,0.96245843,0.32803503,0.29913625,0.9923769,809.89014,802.6374,799.011,827.619,723.2601,-0.0069580078125,0.13262939453125,0.9764404296875,1.2860107421875,-3.27484130859375,0.022430419921875,1.0,1.0,1.0,1.0,1.0,95.0,event
12:10:22.103,0.5640995,-0.15735206,-0.39643013,0.564716,0.77683336,-0.3134081,-0.7071589,0.692085,1.1054186,0.09579791,-0.18708071,1.1068112,1.0882493,0.22857684,0.30391082,1.0206813,0.96245843,0.32803503,0.29913625,0.9923769,831.2454,805.05493,799.41394,814.3223,830.4396,-0.0069580078125,0.13262939453125,0.9764404296875,1.2860107421875,-3.27484130859375,0.022430419921875,1.0,1.0,1.0,1.0,1.0,95.0,event
12:10:22.104,0.5640995,-0.15735206,-0.39643013,0.564716,0.77683336,-0.3134081,-0.7071589,0.692085,1.1054186,0.09579791,-0.18708071,1.1068112,1.0882493,0.22857684,0.30391082,1.0206813,0.96245843,0.32803503,0.29913625,0.9923769,809.4872,803.0403,801.4286,806.26373,939.6337,-0.0069580078125,0.13262939453125,0.9764404296875,1.2860107421875,-3.27484130859375,0.022430419921875,1.0,1.0,1.0,1.0,1.0,95.0,event
12:10:22.105,0.5640995,-0.15735206,-0.39643013,0.564716,0.77683336,-0.3134081,-0.7071589,0.692085,1.1054186,0.09579791,-0.18708071,1.1068112,1.0882493,0.22857684,0.30391082,1.0206813,0.96245843,0.32803503,0.29913625,0.9923769,778.0586,797.8022,796.1905,816.337,771.6117,-0.0069580078125,0.13262939453125,0.9764404296875,1.2860107421875,-3.27484130859375,0.022430419921875,1.0,1.0,1.0,1.0,1.0,95.0,event
12:10:22.143,0.5640995,-0.15735206,-0.39643013,0.564716,0.77683336,-0.3134081,-0.7071589,0.692085,1.1054186,0.09579791,-0.18708071,1.1068112,1.0882493,0.22857684,0.30391082,1.0206813,0.96245843,0.32803503,0.29913625,0.9923769,804.65204,812.3077,802.23444,817.1429,699.4872,-0.01153564453125,0.12823486328125,0.9744873046875,0.97198486328125,-3.611297607421875,0.261688232421875,1.0,1.0,1.0,1.0,1.0,95.0,event
12:10:22.144,0.5640995,-0.15735206,-0.39643013,0.564716,0.77683336,-0.3134081,-0.7071589,0.692085,1.1054186,0.09579791,-0.18708071,1.1068112,1.0882493,0.22857684,0.30391082,1.0206813,0.96245843,0.32803503,0.29913625,0.9923769,796.99634,811.0989,813.5165,801.02563,756.30035,-0.01153564453125,0.12823486328125,0.9744873046875,0.97198486328125,-3.611297607421875,0.261688232421875,1.0,1.0,1.0,1.0,1.0,95.0,event
12:10:22.145,0.5640995,-0.15735206,-0.39643013,0.564716,0.77683336,-0.3134081,-0.7071589,0.692085,1.1054186,0.09579791,-0.18708071,1.1068112,1.0882493,0.22857684,0.30391082,1.0206813,0.96245843,0.32803503,0.29913625,0.9923769,774.83514,799.81683,807.47253,810.696,750.2564,-0.01153564453125,0.12823486328125,0.9744873046875,0.97198486328125,-3.611297607421875,0.261688232421875,1.0,1.0,1.0,1.0,1.0,95.0,event
12:10:22.146,0.5640995,-0.15735206,-0.39643013,0.564716,0.77683336,-0.3134081,-0.7071589,0.692085,1.1054186,0.09579791,-0.18708071,1.1068112,1.0882493,0.22857684,0.30391082,1.0206813,0.96245843,0.32803503,0.29913625,0.9923769,801.4286,799.011,805.4579,795.78754,724.87177,-0.01153564453125,0.12823486328125,0.9744873046875,0.97198486328125,-3.611297607421875,0.261688232421875,1.0,1.0,1.0,1.0,1.0,95.0,event
12:10:22.146,0.5640995,-0.15735206,-0.39643013,0.564716,0.77683336,-0.3134081,-0.7071589,0.692085,1.1054186,0.09579791,-0.18708071,1.1068112,1.0882493,0.22857684,0.30391082,1.0206813,0.96245843,0.32803503,0.29913625,0.9923769,791.75824,804.65204,799.011,827.619,746.63007,-0.01153564453125,0.12823486328125,0.9744873046875,0.97198486328125,-3.611297607421875,0.261688232421875,1.0,1.0,1.0,1.0,1.0,95.0,event
12:10:22.147,0.5640995,-0.15735206,-0.39643013,0.564716,0.77683336,-0.3134081,-0.7071589,0.692085,1.1054186,0.09579791,-0.18708071,1.1068112,1.0882493,0.22857684,0.30391082,1.0206813,0.96245843,0.32803503,0.29913625,0.9923769,817.9487,799.41394,810.293,791.3553,850.58606,-0.01153564453125,0.12823486328125,0.9744873046875,0.97198486328125,-3.611297607421875,0.261688232421875,1.0,1.0,1.0,1.0,1.0,95.0,event
12:10:22.148,0.5640995,-0.15735206,-0.39643013,0.564716,0.77683336,-0.3134081,-0.7071589,0.692085,1.1054186,0.09579791,-0.18708071,1.1068112,1.0882493,0.22857684,0.30391082,1.0206813,0.96245843,0.32803503,0.29913625,0.9923769,824.3956,814.3223,812.71063,823.5897,935.2015,-0.01153564453125,0.12823486328125,0.9744873046875,0.97198486328125,-3.611297607421875,0.261688232421875,1.0,1.0,1.0,1.0,1.0,95.0,event
12:10:22.148,0.5563879,-0.1688868,-0.3530151,0.5699576,0.79764366,-0.29181498,-0.70515436,0.69879764,1.1054186,0.07271569,-0.18635778,1.1072472,1.0839577,0.2305911,0.31973797,1.0004373,0.9621923,0.34035563,0.29558137,0.9831081,816.337,817.9487,800.6227,821.1722,783.69965,-0.01153564453125,0.12823486328125,0.9744873046875,0.97198486328125,-3.611297607421875,0.261688232421875,1.0,1.0,1.0,1.0,1.0,95.0,event
12:10:22.153,0.5563879,-0.1688868,-0.3530151,0.5699576,0.79764366,-0.29181498,-0.70515436,0.69879764,1.1054186,0.07271569,-0.18635778,1.1072472,1.0839577,0.2305911,0.31973797,1.0004373,0.9621923,0.34035563,0.29558137,0.9831081,819.9634,813.5165,784.10254,814.7253,709.15753,-0.01153564453125,0.12823486328125,0.9744873046875,0.97198486328125,-3.611297607421875,0.261688232421875,1.0,1.0,1.0,1.0,1.0,95.0,event
12:10:22.154,0.5563879,-0.1688868,-0.3530151,0.5699576,0.79764366,-0.29181498,-0.70515436,0.69879764,1.1054186,0.07271569,-0.18635778,1.1072472,1.0839577,0.2305911,0.31973797,1.0004373,0.9621923,0.34035563,0.29558137,0.9831081,801.4286,811.0989,802.6374,818.7546,921.0989,-0.01153564453125,0.12823486328125,0.9744873046875,0.97198486328125,-3.611297607421875,0.261688232421875,1.0,1.0,1.0,1.0,1.0,95.0,event
12:10:22.155,0.5563879,-0.1688868,-0.3530151,0.5699576,0.79764366,-0.29181498,-0.70515436,0.69879764,1.1054186,0.07271569,-0.18635778,1.1072472,1.0839577,0.2305911,0.31973797,1.0004373,0.9621923,0.34035563,0.29558137,0.9831081,792.1612,812.71063,816.337,804.65204,943.663,-0.01153564453125,0.12823486328125,0.9744873046875,0.97198486328125,-3.611297607421875,0.261688232421875,1.0,1.0,1.0,1.0,1.0,95.0,event
12:10:22.156,0.5563879,-0.1688868,-0.3530151,0.5699576,0.79764366,-0.29181498,-0.70515436,0.69879764,1.1054186,0.07271569,-0.18635778,1.1072472,1.0839577,0.2305911,0.31973797,1.0004373,0.9621923,0.34035563,0.29558137,0.9831081,806.6667,808.2784,815.5311,833.2601,729.707,-0.01153564453125,0.12823486328125,0.9744873046875,0.97198486328125,-3.611297607421875,0.261688232421875,1.0,1.0,1.0,1.0,1.0,95.0,event
12:10:22.179,0.5563879,-0.1688868,-0.3530151,0.5699576,0.79764366,-0.29181498,-0.70515436,0.69879764,1.1054186,0.07271569,-0.18635778,1.1072472,1.0839577,0.2305911,0.31973797,1.0004373,0.9621923,0.34035563,0.29558137,0.9831081,787.72894,806.6667,810.696,823.9927,737.76556,-0.0079345703125,0.12615966796875,0.98236083984375,1.7047119140625,-3.3197021484375,0.6878662109375,1.0,1.0,1.0,1.0,1.0,95.0,event
12:10:22.179,0.5563879,-0.1688868,-0.3530151,0.5699576,0.79764366,-0.29181498,-0.70515436,0.69879764,1.1054186,0.07271569,-0.18635778,1.1072472,1.0839577,0.2305911,0.31973797,1.0004373,0.9621923,0.34035563,0.29558137,0.9831081,780.87915,809.4872,798.60803,774.0293,827.619,-0.0079345703125,0.12615966796875,0.98236083984375,1.7047119140625,-3.3197021484375,0.6878662109375,1.0,1.0,1.0,1.0,1.0,95.0,event
12:10:22.180,0.5563879,-0.1688868,-0.3530151,0.5699576,0.79764366,-0.29181498,-0.70515436,0.69879764,1.1054186,0.07271569,-0.18635778,1.1072472,1.0839577,0.2305911,0.31973797,1.0004373,0.9621923,0.34035563,0.29558137,0.9831081,794.9817,809.0842,801.4286,774.0293,753.47986,-0.0079345703125,0.12615966796875,0.98236083984375,1.7047119140625,-3.3197021484375,0.6878662109375,1.0,1.0,1.0,1.0,1.0,95.0,event
12:10:22.181,0.5563879,-0.1688868,-0.3530151,0.5699576,0.79764366,-0.29181498,-0.70515436,0.69879764,1.1054186,0.07271569,-0.18635778,1.1072472,1.0839577,0.2305911,0.31973797,1.0004373,0.9621923,0.34035563,0.29558137,0.9831081,809.0842,807.8755,808.68134,786.9231,668.0586,-0.0079345703125,0.12615966796875,0.98236083984375,1.7047119140625,-3.3197021484375,0.6878662109375,1.0,1.0,1.0,1.0,1.0,95.0,event
12:10:22.181,0.5563879,-0.1688868,-0.3530151,0.5699576,0.79764366,-0.29181498,-0.70515436,0.69879764,1.1054186,0.07271569,-0.18635778,1.1072472,1.0839577,0.2305911,0.31973797,1.0004373,0.9621923,0.34035563,0.29558137,0.9831081,804.2491,796.99634,804.2491,807.0696,740.18317,-0.0079345703125,0.12615966796875,0.98236083984375,1.7047119140625,-3.3197021484375,0.6878662109375,1.0,1.0,1.0,1.0,1.0,95.0,event
12:10:22.182,0.5563879,-0.1688868,-0.3530151,0.5699576,0.79764366,-0.29181498,-0.70515436,0.69879764,1.1054186,0.07271569,-0.18635778,1.1072472,1.0839577,0.2305911,0.31973797,1.0004373,0.9621923,0.34035563,0.29558137,0.9831081,810.293,789.7436,807.0696,826.8132,877.1795,-0.0079345703125,0.12615966796875,0.98236083984375,1.7047119140625,-3.3197021484375,0.6878662109375,1.0,1.0,1.0,1.0,1.0,95.0,event
12:10:22.182,0.5563879,-0.1688868,-0.3530151,0.5699576,0.79764366,-0.29181498,-0.70515436,0.69879764,1.1054186,0.07271569,-0.18635778,1.1072472,1.0839577,0.2305911,0.31973797,1.0004373,0.9621923,0.34035563,0.29558137,0.9831081,819.9634,798.20514,809.0842,805.4579,830.4396,-0.0079345703125,0.12615966796875,0.98236083984375,1.7047119140625,-3.3197021484375,0.6878662109375,1.0,1.0,1.0,1.0,1.0,95.0,event
12:10:22.183,0.5563879,-0.1688868,-0.3530151,0.5699576,0.79764366,-0.29181498,-0.70515436,0.69879764,1.1054186,0.07271569,-0.18635778,1.1072472,1.0839577,0.2305911,0.31973797,1.0004373,0.9621923,0.34035563,0.29558137,0.9831081,799.81683,803.44324,801.8315,813.91943,781.28204,-0.0079345703125,0.12615966796875,0.98236083984375,1.7047119140625,-3.3197021484375,0.6878662109375,1.0,1.0,1.0,1.0,1.0,95.0,event
12:10:22.183,0.5563879,-0.1688868,-0.3530151,0.5699576,0.79764366,-0.29181498,-0.70515436,0.69879764,1.1054186,0.07271569,-0.18635778,1.1072472,1.0839577,0.2305911,0.31973797,1.0004373,0.9621923,0.34035563,0.29558137,0.9831081,803.8461,791.3553,792.96704,824.3956,772.4176,-0.0079345703125,0.12615966796875,0.98236083984375,1.7047119140625,-3.3197021484375,0.6878662109375,1.0,1.0,1.0,1.0,1.0,95.0,event
12:10:22.184,0.5563879,-0.1688868,-0.3530151,0.5699576,0.79764366,-0.29181498,-0.70515436,0.69879764,1.1054186,0.07271569,-0.18635778,1.1072472,1.0839577,0.2305911,0.31973797,1.0004373,0.9621923,0.34035563,0.29558137,0.9831081,801.8315,787.72894,800.2198,836.8865,950.9158,-0.0079345703125,0.12615966796875,0.98236083984375,1.7047119140625,-3.3197021484375,0.6878662109375,1.0,1.0,1.0,1.0,1.0,95.0,event
12:10:22.185,0.5563879,-0.1688868,-0.3530151,0.5699576,0.79764366,-0.29181498,-0.70515436,0.69879764,1.1054186,0.07271569,-0.18635778,1.1072472,1.0839577,0.2305911,0.31973797,1.0004373,0.9621923,0.34035563,0.29558137,0.9831081,800.2198,801.8315,816.337,834.87177,841.31866,-0.0079345703125,0.12615966796875,0.98236083984375,1.7047119140625,-3.3197021484375,0.6878662109375,1.0,1.0,1.0,1.0,1.0,95.0,event
12:10:22.185,0.5563879,-0.1688868,-0.3530151,0.5699576,0.79764366,-0.29181498,-0.70515436,0.69879764,1.1054186,0.07271569,-0.18635778,1.1072472,1.0839577,0.2305911,0.31973797,1.0004373,0.9621923,0.34035563,0.29558137,0.9831081,823.1868,813.91943,813.1135,801.8315,657.5824,-0.0079345703125,0.12615966796875,0.98236083984375,1.7047119140625,-3.3197021484375,0.6878662109375,1.0,1.0,1.0,1.0,1.0,95.0,event
12:10:22.244,0.5563879,-0.1688868,-0.3530151,0.5699576,0.79764366,-0.29181498,-0.70515436,0.69879764,1.1054186,0.07271569,-0.18635778,1.1072472,1.0839577,0.2305911,0.31973797,1.0004373,0.9621923,0.34035563,0.29558137,0.9831081,822.7839,807.0696,807.8755,781.28204,772.01465,-0.0079345703125,0.12615966796875,0.98236083984375,1.7047119140625,-3.3197021484375,0.6878662109375,1.0,1.0,1.0,1.0,1.0,95.0,event
12:10:22.246,0.5563879,-0.1688868,-0.3530151,0.5699576,0.79764366,-0.29181498,-0.70515436,0.69879764,1.1054186,0.07271569,-0.18635778,1.1072472,1.0839577,0.2305911,0.31973797,1.0004373,0.9621923,0.34035563,0.29558137,0.9831081,778.0586,790.54944,811.9048,770.80585,834.0659,-0.0079345703125,0.12615966796875,0.98236083984375,1.7047119140625,-3.3197021484375,0.6878662109375,1.0,1.0,1.0,1.0,1.0,95.0,event
12:10:22.247,0.5563879,-0.1688868,-0.3530151,0.5699576,0.79764366,-0.29181498,-0.70515436,0.69879764,1.1054186,0.07271569,-0.18635778,1.1072472,1.0839577,0.2305911,0.31973797,1.0004373,0.9621923,0.34035563,0.29558137,0.9831081,762.3443,797.3993,813.1135,788.5348,790.9524,-0.0079345703125,0.12615966796875,0.98236083984375,1.7047119140625,-3.3197021484375,0.6878662109375,1.0,1.0,1.0,1.0,1.0,95.0,event
12:10:22.247,0.5563879,-0.1688868,-0.3530151,0.5699576,0.79764366,-0.29181498,-0.70515436,0.69879764,1.1054186,0.07271569,-0.18635778,1.1072472,1.0839577,0.2305911,0.31973797,1.0004373,0.9621923,0.34035563,0.29558137,0.9831081,798.20514,807.47253,815.12823,830.0366,815.12823,-0.0079345703125,0.12615966796875,0.98236083984375,1.7047119140625,-3.3197021484375,0.6878662109375,1.0,1.0,1.0,1.0,1.0,95.0,event
12:10:22.248,0.5563879,-0.1688868,-0.3530151,0.5699576,0.79764366,-0.29181498,-0.70515436,0.69879764,1.1054186,0.07271569,-0.18635778,1.1072472,1.0839577,0.2305911,0.31973797,1.0004373,0.9621923,0.34035563,0.29558137,0.9831081,799.41394,807.47253,813.5165,821.5751,947.6923,-0.0079345703125,0.12615966796875,0.98236083984375,1.7047119140625,-3.3197021484375,0.6878662109375,1.0,1.0,1.0,1.0,1.0,95.0,event
12:10:22.249,0.5563879,-0.1688868,-0.3530151,0.5699576,0.79764366,-0.29181498,-0.70515436,0.69879764,1.1054186,0.07271569,-0.18635778,1.1072472,1.0839577,0.2305911,0.31973797,1.0004373,0.9621923,0.34035563,0.29558137,0.9831081,800.2198,808.2784,809.89014,807.47253,956.1539,-0.0079345703125,0.12615966796875,0.98236083984375,1.7047119140625,-3.3197021484375,0.6878662109375,1.0,1.0,1.0,1.0,1.0,95.0,event
12:10:22.249,0.5563879,-0.1688868,-0.3530151,0.5699576,0.79764366,-0.29181498,-0.70515436,0.69879764,1.1054186,0.07271569,-0.18635778,1.1072472,1.0839577,0.2305911,0.31973797,1.0004373,0.9621923,0.34035563,0.29558137,0.9831081,815.12823,805.8608,811.50183,813.91943,832.0513,-0.0079345703125,0.12615966796875,0.98236083984375,1.7047119140625,-3.3197021484375,0.6878662109375,1.0,1.0,1.0,1.0,1.0,95.0,event
12:10:22.250,0.5563879,-0.1688868,-0.3530151,0.5699576,0.79764366,-0.29181498,-0.70515436,0.69879764,1.1054186,0.07271569,-0.18635778,1.1072472,1.0839577,0.2305911,0.31973797,1.0004373,0.9621923,0.34035563,0.29558137,0.9831081,801.8315,804.2491,814.3223,820.3663,689.011,-0.0079345703125,0.12615966796875,0.98236083984375,1.7047119140625,-3.3197021484375,0.6878662109375,1.0,1.0,1.0,1.0,1.0,95.0,event
12:10:22.251,0.5563879,-0.1688868,-0.3530151,0.5699576,0.79764366,-0.29181498,-0.70515436,0.69879764,1.1054186,0.07271569,-0.18635778,1.1072472,1.0839577,0.2305911,0.31973797,1.0004373,0.9621923,0.34035563,0.29558137,0.9831081,795.38464,803.0403,805.05493,824.3956,905.78754,-0.0079345703125,0.12615966796875,0.98236083984375,1.7047119140625,-3.3197021484375,0.6878662109375,1.0,1.0,1.0,1.0,1.0,95.0,event
12:10:22.252,0.5463605,-0.19137944,-0.31435984,0.57533485,0.8231808,-0.26975513,-0.68650496,0.70696706,1.1054186,0.04665682,-0.19316927,1.120658,1.0731281,0.23190281,0.3213845,0.9807988,0.9586898,0.3417101,0.28712332,0.9783956,814.3223,805.05493,811.0989,810.696,1023.0403,-0.0079345703125,0.12615966796875,0.98236083984375,1.7047119140625,-3.3197021484375,0.6878662109375,1.0,1.0,1.0,1.0,1.0,95.0,event
12:10:22.257,0.5463605,-0.19137944,-0.31435984,0.57533485,0.8231808,-0.26975513,-0.68650496,0.70696706,1.1054186,0.04665682,-0.19316927,1.120658,1.0731281,0.23190281,0.3213845,0.9807988,0.9586898,0.3417101,0.28712332,0.9783956,805.05493,800.6227,823.5897,794.57874,765.9707,-0.0079345703125,0.12615966796875,0.98236083984375,1.7047119140625,-3.3197021484375,0.6878662109375,1.0,1.0,1.0,1.0,1.0,95.0,event
12:10:22.258,0.5463605,-0.19137944,-0.31435984,0.57533485,0.8231808,-0.26975513,-0.68650496,0.70696706,1.1054186,0.04665682,-0.19316927,1.120658,1.0731281,0.23190281,0.3213845,0.9807988,0.9586898,0.3417101,0.28712332,0.9783956,792.5641,798.60803,817.9487,789.34064,731.31866,-0.0079345703125,0.12615966796875,0.98236083984375,1.7047119140625,-3.3197021484375,0.6878662109375,1.0,1.0,1.0,1.0,1.0,95.0,event
12:10:22.290,0.5463605,-0.19137944,-0.31435984,0.57533485,0.8231808,-0.26975513,-0.68650496,0.70696706,1.1054186,0.04665682,-0.19316927,1.120658,1.0731281,0.23190281,0.3213845,0.9807988,0.9586898,0.3417101,0.28712332,0.9783956,799.81683,787.326,811.9048,805.8608,757.9121,-0.0133056640625,0.12701416015625,0.97955322265625,1.562652587890625,-3.78326416015625,0.0897216796875,1.0,1.0,1.0,1.0,1.0,95.0,event
12:10:22.291,0.5463605,-0.19137944,-0.31435984,0.57533485,0.8231808,-0.26975513,-0.68650496,0.70696706,1.1054186,0.04665682,-0.19316927,1.120658,1.0731281,0.23190281,0.3213845,0.9807988,0.9586898,0.3417101,0.28712332,0.9783956,797.8022,796.99634,806.26373,813.91943,729.304,-0.0133056640625,0.12701416015625,0.97955322265625,1.562652587890625,-3.78326416015625,0.0897216796875,1.0,1.0,1.0,1.0,1.0,95.0,event
12:10:22.292,0.5463605,-0.19137944,-0.31435984,0.57533485,0.8231808,-0.26975513,-0.68650496,0.70696706,1.1054186,0.04665682,-0.19316927,1.120658,1.0731281,0.23190281,0.3213845,0.9807988,0.9586898,0.3417101,0.28712332,0.9783956,801.02563,815.12823,799.41394,828.022,747.4359,-0.0133056640625,0.12701416015625,0.97955322265625,1.562652587890625,-3.78326416015625,0.0897216796875,1.0,1.0,1.0,1.0,1.0,95.0,event
12:10:22.292,0.5463605,-0.19137944,-0.31435984,0.57533485,0.8231808,-0.26975513,-0.68650496,0.70696706,1.1054186,0.04665682,-0.19316927,1.120658,1.0731281,0.23190281,0.3213845,0.9807988,0.9586898,0.3417101,0.28712332,0.9783956,796.99634,809.89014,808.2784,822.381,757.9121,-0.0133056640625,0.12701416015625,0.97955322265625,1.562652587890625,-3.78326416015625,0.0897216796875,1.0,1.0,1.0,1.0,1.0,95.0,event
12:10:22.293,0.5463605,-0.19137944,-0.31435984,0.57533485,0.8231808,-0.26975513,-0.68650496,0.70696706,1.1054186,0.04665682,-0.19316927,1.120658,1.0731281,0.23190281,0.3213845,0.9807988,0.9586898,0.3417101,0.28712332,0.9783956,789.34064,807.47253,817.9487,796.5934,733.3333,-0.0133056640625,0.12701416015625,0.97955322265625,1.562652587890625,-3.78326416015625,0.0897216796875,1.0,1.0,1.0,1.0,1.0,95.0,event
12:10:22.294,0.5463605,-0.19137944,-0.31435984,0.57533485,0.8231808,-0.26975513,-0.68650496,0.70696706,1.1054186,0.04665682,-0.19316927,1.120658,1.0731281,0.23190281,0.3213845,0.9807988,0.9586898,0.3417101,0.28712332,0.9783956,803.0403,806.6667,809.0842,807.8755,814.7253,-0.0133056640625,0.12701416015625,0.97955322265625,1.562652587890625,-3.78326416015625,0.0897216796875,1.0,1.0,1.0,1.0,1.0,95.0,event
12:10:22.294,0.5463605,-0.19137944,-0.31435984,0.57533485,0.8231808,-0.26975513,-0.68650496,0.70696706,1.1054186,0.04665682,-0.19316927,1.120658,1.0731281,0.23190281,0.3213845,0.9807988,0.9586898,0.3417101,0.28712332,0.9783956,799.41394,805.05493,805.05493,811.0989,833.663,-0.0133056640625,0.12701416015625,0.97955322265625,1.562652587890625,-3.78326416015625,0.0897216796875,1.0,1.0,1.0,1.0,1.0,95.0,event
12:10:22.295,0.5463605,-0.19137944,-0.31435984,0.57533485,0.8231808,-0.26975513,-0.68650496,0.70696706,1.1054186,0.04665682,-0.19316927,1.120658,1.0731281,0.23190281,0.3213845,0.9807988,0.9586898,0.3417101,0.28712332,0.9783956,799.41394,798.20514,803.8461,805.8608,850.58606,-0.0133056640625,0.12701416015625,0.97955322265625,1.562652587890625,-3.78326416015625,0.0897216796875,1.0,1.0,1.0,1.0,1.0,95.0,event
12:10:22.296,0.5463605,-0.19137944,-0.31435984,0.57533485,0.8231808,-0.26975513,-0.68650496,0.70696706,1.1054186,0.04665682,-0.19316927,1.120658,1.0731281,0.23190281,0.3213845,0.9807988,0.9586898,0.3417101,0.28712332,0.9783956,815.9341,798.20514,802.23444,807.8755,1082.674,-0.0133056640625,0.12701416015625,0.97955322265625,1.562652587890625,-3.78326416015625,0.0897216796875,1.0,1.0,1.0,1.0,1.0,95.0,event
12:10:22.296,0.5463605,-0.19137944,-0.31435984,0.57533485,0.8231808,-0.26975513,-0.68650496,0.70696706,1.1054186,0.04665682,-0.19316927,1.120658,1.0731281,0.23190281,0.3213845,0.9807988,0.9586898,0.3417101,0.28712332,0.9783956,808.68134,813.91943,809.89014,796.99634,939.6337,-0.0133056640625,0.12701416015625,0.97955322265625,1.562652587890625,-3.78326416015625,0.0897216796875,1.0,1.0,1.0,1.0,1.0,95.0,event
12:10:22.297,0.5463605,-0.19137944,-0.31435984,0.57533485,0.8231808,-0.26975513,-0.68650496,0.70696706,1.1054186,0.04665682,-0.19316927,1.120658,1.0731281,0.23190281,0.3213845,0.9807988,0.9586898,0.3417101,0.28712332,0.9783956,788.5348,813.5165,815.12823,801.8315,704.3223,-0.0133056640625,0.12701416015625,0.97955322265625,1.562652587890625,-3.78326416015625,0.0897216796875,1.0,1.0,1.0,1.0,1.0,95.0,event
12:10:22.298,0.5463605,-0.19137944,-0.31435984,0.57533485,0.8231808,-0.26975513,-0.68650496,0.70696706,1.1054186,0.04665682,-0.19316927,1.120658,1.0731281,0.23190281,0.3213845,0.9807988,0.9586898,0.3417101,0.28712332,0.9783956,783.69965,809.4872,817.1429,798.20514,837.6923,-0.0133056640625,0.12701416015625,0.97955322265625,1.562652587890625,-3.78326416015625,0.0897216796875,1.0,1.0,1.0,1.0,1.0,95.0,event
12:10:22.336,0.5463605,-0.19137944,-0.31435984,0.57533485,0.8231808,-0.26975513,-0.68650496,0.70696706,1.1054186,0.04665682,-0.19316927,1.120658,1.0731281,0.23190281,0.3213845,0.9807988,0.9586898,0.3417101,0.28712332,0.9783956,793.7729,811.9048,816.7399,809.0842,818.3516,-0.01220703125,0.12225341796875,0.984130859375,1.622467041015625,-3.39447021484375,-0.22430419921875,1.0,1.0,1.0,1.0,1.0,95.0,event
12:10:22.337,0.5463605,-0.19137944,-0.31435984,0.57533485,0.8231808,-0.26975513,-0.68650496,0.70696706,1.1054186,0.04665682,-0.19316927,1.120658,1.0731281,0.23190281,0.3213845,0.9807988,0.9586898,0.3417101,0.28712332,0.9783956,800.2198,801.4286,810.696,832.4542,707.9487,-0.01220703125,0.12225341796875,0.984130859375,1.622467041015625,-3.39447021484375,-0.22430419921875,1.0,1.0,1.0,1.0,1.0,95.0,event
12:10:22.338,0.5463605,-0.19137944,-0.31435984,0.57533485,0.8231808,-0.26975513,-0.68650496,0.70696706,1.1054186,0.04665682,-0.19316927,1.120658,1.0731281,0.23190281,0.3213845,0.9807988,0.9586898,0.3417101,0.28712332,0.9783956,798.60803,799.41394,806.26373,814.3223,750.2564,-0.01220703125,0.12225341796875,0.984130859375,1.622467041015625,-3.39447021484375,-0.22430419921875,1.0,1.0,1.0,1.0,1.0,95.0,event
12:10:22.339,0.5463605,-0.19137944,-0.31435984,0.57533485,0.8231808,-0.26975513,-0.68650496,0.70696706,1.1054186,0.04665682,-0.19316927,1.120658,1.0731281,0.23190281,0.3213845,0.9807988,0.9586898,0.3417101,0.28712332,0.9783956,796.1905,813.5165,801.4286,799.011,782.49084,-0.01220703125,0.12225341796875,0.984130859375,1.622467041015625,-3.39447021484375,-0.22430419921875,1.0,1.0,1.0,1.0,1.0,95.0,event
12:10:22.340,0.5463605,-0.19137944,-0.31435984,0.57533485,0.8231808,-0.26975513,-0.68650496,0.70696706,1.1054186,0.04665682,-0.19316927,1.120658,1.0731281,0.23190281,0.3213845,0.9807988,0.9586898,0.3417101,0.28712332,0.9783956,802.6374,814.3223,809.0842,811.50183,742.1978,-0.01220703125,0.12225341796875,0.984130859375,1.622467041015625,-3.39447021484375,-0.22430419921875,1.0,1.0,1.0,1.0,1.0,95.0,event
12:10:22.341,0.5463605,-0.19137944,-0.31435984,0.57533485,0.8231808,-0.26975513,-0.68650496,0.70696706,1.1054186,0.04665682,-0.19316927,1.120658,1.0731281,0.23190281,0.3213845,0.9807988,0.9586898,0.3417101,0.28712332,0.9783956,800.2198,811.0989,816.7399,831.6484,780.87915,-0.01220703125,0.12225341796875,0.984130859375,1.622467041015625,-3.39447021484375,-0.22430419921875,1.0,1.0,1.0,1.0,1.0,95.0,event
12:10:22.341,0.5463605,-0.19137944,-0.31435984,0.57533485,0.8231808,-0.26975513,-0.68650496,0.70696706,1.1054186,0.04665682,-0.19316927,1.120658,1.0731281,0.23190281,0.3213845,0.9807988,0.9586898,0.3417101,0.28712332,0.9783956,794.57874,807.0696,810.293,832.4542,829.2308,-0.01220703125,0.12225341796875,0.984130859375,1.622467041015625,-3.39447021484375,-0.22430419921875,1.0,1.0,1.0,1.0,1.0,95.0,event
12:10:22.342,0.5463605,-0.19137944,-0.31435984,0.57533485,0.8231808,-0.26975513,-0.68650496,0.70696706,1.1054186,0.04665682,-0.19316927,1.120658,1.0731281,0.23190281,0.3213845,0.9807988,0.9586898,0.3417101,0.28712332,0.9783956,809.4872,801.8315,804.65204,796.99634,946.8865,-0.01220703125,0.12225341796875,0.984130859375,1.622467041015625,-3.39447021484375,-0.22430419921875,1.0,1.0,1.0,1.0,1.0,95.0,event
12:10:22.343,0.5463605,-0.19137944,-0.31435984,0.57533485,0.8231808,-0.26975513,-0.68650496,0.70696706,1.1054186,0.04665682,-0.19316927,1.120658,1.0731281,0.23190281,0.3213845,0.9807988,0.9586898,0.3417101,0.28712332,0.9783956,807.8755,805.05493,814.7253,809.0842,899.7436,-0.01220703125,0.12225341796875,0.984130859375,1.622467041015625,-3.39447021484375,-0.22430419921875,1.0,1.0,1.0,1.0,1.0,95.0,event
12:10:22.344,0.5463605,-0.19137944,-0.31435984,0.57533485,0.8231808,-0.26975513,-0.68650496,0.70696706,1.1054186,0.04665682,-0.19316927,1.120658,1.0731281,0.23190281,0.3213845,0.9807988,0.9586898,0.3417101,0.28712332,0.9783956,797.3993,809.4872,812.3077,821.1722,664.83514,-0.01220703125,0.12225341796875,0.984130859375,1.622467041015625,-3.39447021484375,-0.22430419921875,1.0,1.0,1.0,1.0,1.0,95.0,event
12:10:22.345,0.5463605,-0.19137944,-0.31435984,0.57533485,0.8231808,-0.26975513,-0.68650496,0.70696706,1.1054186,0.04665682,-0.19316927,1.120658,1.0731281,0.23190281,0.3213845,0.9807988,0.9586898,0.3417101,0.28712332,0.9783956,800.2198,814.3223,803.8461,803.8461,722.4542,-0.01220703125,0.12225341796875,0.984130859375,1.622467041015625,-3.39447021484375,-0.22430419921875,1.0,1.0,1.0,1.0,1.0,95.0,event
12:10:22.346,0.5564977,-0.21282195,-0.28889507,0.596935,0.85493374,-0.24900769,-0.6503035,0.7154899,1.1054186,-0.008596511,-0.19550839,1.1320465,1.0628198,0.23007572,0.3123332,0.96937,0.9522019,0.3330887,0.2813166,0.9764807,812.3077,815.5311,806.26373,803.0403,852.6007,-0.01220703125,0.12225341796875,0.984130859375,1.622467041015625,-3.39447021484375,-0.22430419921875,1.0,1.0,1.0,1.0,1.0,95.0,event
12:10:22.382,0.5564977,-0.21282195,-0.28889507,0.596935,0.85493374,-0.24900769,-0.6503035,0.7154899,1.1054186,-0.008596511,-0.19550839,1.1320465,1.0628198,0.23007572,0.3123332,0.96937,0.9522019,0.3330887,0.2813166,0.9764807,796.1905,797.8022,804.2491,802.23444,710.7692,-0.0140380859375,0.1256103515625,0.97943115234375,2.534637451171875,-3.94775390625,-0.740203857421875,1.0,1.0,1.0,1.0,1.0,95.0,event
12:10:22.383,0.5564977,-0.21282195,-0.28889507,0.596935,0.85493374,-0.24900769,-0.6503035,0.7154899,1.1054186,-0.008596511,-0.19550839,1.1320465,1.0628198,0.23007572,0.3123332,0.96937,0.9522019,0.3330887,0.2813166,0.9764807,766.3736,789.7436,800.6227,788.5348,639.0476,-0.0140380859375,0.1256103515625,0.97943115234375,2.534637451171875,-3.94775390625,-0.740203857421875,1.0,1.0,1.0,1.0,1.0,95.0,event
12:10:22.383,0.5564977,-0.21282195,-0.28889507,0.596935,0.85493374,-0.24900769,-0.6503035,0.7154899,1.1054186,-0.008596511,-0.19550839,1.1320465,1.0628198,0.23007572,0.3123332,0.96937,0.9522019,0.3330887,0.2813166,0.9764807,764.7619,798.20514,807.0696,785.7143,744.61536,-0.0140380859375,0.1256103515625,0.97943115234375,2.534637451171875,-3.94775390625,-0.740203857421875,1.0,1.0,1.0,1.0,1.0,95.0,event
12:10:22.384,0.5564977,-0.21282195,-0.28889507,0.596935,0.85493374,-0.24900769,-0.6503035,0.7154899,1.1054186,-0.008596511,-0.19550839,1.1320465,1.0628198,0.23007572,0.3123332,0.96937,0.9522019,0.3330887,0.2813166,0.9764807,789.34064,806.6667,798.20514,803.44324,761.13556,-0.0140380859375,0.1256103515625,0.97943115234375,2.534637451171875,-3.94775390625,-0.740203857421875,1.0,1.0,1.0,1.0,1.0,95.0,event
12:10:22.385,0.5564977,-0.21282195,-0.28889507,0.596935,0.85493374,-0.24900769,-0.6503035,0.7154899,1.1054186,-0.008596511,-0.19550839,1.1320465,1.0628198,0.23007572,0.3123332,0.96937,0.9522019,0.3330887,0.2813166,0.9764807,794.17584,811.9048,798.20514,816.337,733.3333,-0.0140380859375,0.1256103515625,0.97943115234375,2.534637451171875,-3.94775390625,-0.740203857421875,1.0,1.0,1.0,1.0,1.0,95.0,event
12:10:22.385,0.5564977,-0.21282195,-0.28889507,0.596935,0.85493374,-0.24900769,-0.6503035,0.7154899,1.1054186,-0.008596511,-0.19550839,1.1320465,1.0628198,0.23007572,0.3123332,0.96937,0.9522019,0.3330887,0.2813166,0.9764807,786.52014,809.89014,814.3223,775.2381,835.2747,-0.0140380859375,0.1256103515625,0.97943115234375,2.534637451171875,-3.94775390625,-0.740203857421875,1.0,1.0,1.0,1.0,1.0,95.0,event
12:10:22.387,0.5564977,-0.21282195,-0.28889507,0.596935,0.85493374,-0.24900769,-0.6503035,0.7154899,1.1054186,-0.008596511,-0.19550839,1.1320465,1.0628198,0.23007572,0.3123332,0.96937,0.9522019,0.3330887,0.2813166,0.9764807,786.1172,811.9048,807.47253,729.304,923.91943,-0.0140380859375,0.1256103515625,0.97943115234375,2.534637451171875,-3.94775390625,-0.740203857421875,1.0,1.0,1.0,1.0,1.0,95.0,event
12:10:22.388,0.5564977,-0.21282195,-0.28889507,0.596935,0.85493374,-0.24900769,-0.6503035,0.7154899,1.1054186,-0.008596511,-0.19550839,1.1320465,1.0628198,0.23007572,0.3123332,0.96937,0.9522019,0.3330887,0.2813166,0.9764807,780.4762,809.4872,807.47253,753.8828,1078.6447,-0.0140380859375,0.1256103515625,0.97943115234375,2.534637451171875,-3.94775390625,-0.740203857421875,1.0,1.0,1.0,1.0,1.0,95.0,event
12:10:22.389,0.5564977,-0.21282195,-0.28889507,0.596935,0.85493374,-0.24900769,-0.6503035,0.7154899,1.1054186,-0.008596511,-0.19550839,1.1320465,1.0628198,0.23007572,0.3123332,0.96937,0.9522019,0.3330887,0.2813166,0.9764807,787.326,805.8608,806.26373,789.34064,882.4176,-0.0140380859375,0.1256103515625,0.97943115234375,2.534637451171875,-3.94775390625,-0.740203857421875,1.0,1.0,1.0,1.0,1.0,95.0,event
12:10:22.389,0.5564977,-0.21282195,-0.28889507,0.596935,0.85493374,-0.24900769,-0.6503035,0.7154899,1.1054186,-0.008596511,-0.19550839,1.1320465,1.0628198,0.23007572,0.3123332,0.96937,0.9522019,0.3330887,0.2813166,0.9764807,821.5751,814.3223,799.41394,789.34064,720.4396,-0.0140380859375,0.1256103515625,0.97943115234375,2.534637451171875,-3.94775390625,-0.740203857421875,1.0,1.0,1.0,1.0,1.0,95.0,event
12:10:22.390,0.5564977,-0.21282195,-0.28889507,0.596935,0.85493374,-0.24900769,-0.6503035,0.7154899,1.1054186,-0.008596511,-0.19550839,1.1320465,1.0628198,0.23007572,0.3123332,0.96937,0.9522019,0.3330887,0.2813166,0.9764807,809.89014,807.47253,806.26373,786.9231,781.28204,-0.0140380859375,0.1256103515625,0.97943115234375,2.534637451171875,-3.94775390625,-0.740203857421875,1.0,1.0,1.0,1.0,1.0,95.0,event
12:10:22.391,0.5564977,-0.21282195,-0.28889507,0.596935,0.85493374,-0.24900769,-0.6503035,0.7154899,1.1054186,-0.008596511,-0.19550839,1.1320465,1.0628198,0.23007572,0.3123332,0.96937,0.9522019,0.3330887,0.2813166,0.9764807,779.67035,788.1319,815.12823,788.1319,747.8388,-0.0140380859375,0.1256103515625,0.97943115234375,2.534637451171875,-3.94775390625,-0.740203857421875,1.0,1.0,1.0,1.0,1.0,95.0,event
12:10:22.412,0.5564977,-0.21282195,-0.28889507,0.596935,0.85493374,-0.24900769,-0.6503035,0.7154899,1.1054186,-0.008596511,-0.19550839,1.1320465,1.0628198,0.23007572,0.3123332,0.96937,0.9522019,0.3330887,0.2813166,0.9764807,803.44324,802.23444,815.9341,818.7546,682.5641,-0.00994873046875,0.13031005859375,0.97967529296875,2.52716064453125,-4.403839111328125,0.829925537109375,1.0,1.0,1.0,1.0,1.0,95.0,event
12:10:22.414,0.5564977,-0.21282195,-0.28889507,0.596935,0.85493374,-0.24900769,-0.6503035,0.7154899,1.1054186,-0.008596511,-0.19550839,1.1320465,1.0628198,0.23007572,0.3123332,0.96937,0.9522019,0.3330887,0.2813166,0.9764807,806.26373,811.0989,814.3223,834.4689,766.77655,-0.00994873046875,0.13031005859375,0.97967529296875,2.52716064453125,-4.403839111328125,0.829925537109375,1.0,1.0,1.0,1.0,1.0,95.0,event
12:10:22.415,0.5564977,-0.21282195,-0.28889507,0.596935,0.85493374,-0.24900769,-0.6503035,0.7154899,1.1054186,-0.008596511,-0.19550839,1.1320465,1.0628198,0.23007572,0.3123332,0.96937,0.9522019,0.3330887,0.2813166,0.9764807,786.9231,805.05493,804.2491,814.7253,963.00366,-0.00994873046875,0.13031005859375,0.97967529296875,2.52716064453125,-4.403839111328125,0.829925537109375,1.0,1.0,1.0,1.0,1.0,95.0,event
12:10:22.417,0.5564977,-0.21282195,-0.28889507,0.596935,0.85493374,-0.24900769,-0.6503035,0.7154899,1.1054186,-0.008596511,-0.19550839,1.1320465,1.0628198,0.23007572,0.3123332,0.96937,0.9522019,0.3330887,0.2813166,0.9764807,784.90845,806.6667,805.05493,793.7729,905.78754,-0.00994873046875,0.13031005859375,0.97967529296875,2.52716064453125,-4.403839111328125,0.829925537109375,1.0,1.0,1.0,1.0,1.0,95.0,event
12:10:22.418,0.5564977,-0.21282195,-0.28889507,0.596935,0.85493374,-0.24900769,-0.6503035,0.7154899,1.1054186,-0.008596511,-0.19550839,1.1320465,1.0628198,0.23007572,0.3123332,0.96937,0.9522019,0.3330887,0.2813166,0.9764807,794.9817,807.47253,805.8608,789.7436,750.65936,-0.00994873046875,0.13031005859375,0.97967529296875,2.52716064453125,-4.403839111328125,0.829925537109375,1.0,1.0,1.0,1.0,1.0,95.0,event
12:10:22.418,0.5564977,-0.21282195,-0.28889507,0.596935,0.85493374,-0.24900769,-0.6503035,0.7154899,1.1054186,-0.008596511,-0.19550839,1.1320465,1.0628198,0.23007572,0.3123332,0.96937,0.9522019,0.3330887,0.2813166,0.9764807,804.65204,805.8608,809.0842,794.17584,793.36993,-0.00994873046875,0.13031005859375,0.97967529296875,2.52716064453125,-4.403839111328125,0.829925537109375,1.0,1.0,1.0,1.0,1.0,95.0,event
12:10:22.419,0.5564977,-0.21282195,-0.28889507,0.596935,0.85493374,-0.24900769,-0.6503035,0.7154899,1.1054186,-0.008596511,-0.19550839,1.1320465,1.0628198,0.23007572,0.3123332,0.96937,0.9522019,0.3330887,0.2813166,0.9764807,801.4286,803.44324,811.9048,790.14655,1002.0879,-0.00994873046875,0.13031005859375,0.97967529296875,2.52716064453125,-4.403839111328125,0.829925537109375,1.0,1.0,1.0,1.0,1.0,95.0,event
12:10:22.419,0.5564977,-0.21282195,-0.28889507,0.596935,0.85493374,-0.24900769,-0.6503035,0.7154899,1.1054186,-0.008596511,-0.19550839,1.1320465,1.0628198,0.23007572,0.3123332,0.96937,0.9522019,0.3330887,0.2813166,0.9764807,779.67035,805.4579,804.2491,792.1612,948.0952,-0.00994873046875,0.13031005859375,0.97967529296875,2.52716064453125,-4.403839111328125,0.829925537109375,1.0,1.0,1.0,1.0,1.0,95.0,event
12:10:22.420,0.5564977,-0.21282195,-0.28889507,0.596935,0.85493374,-0.24900769,-0.6503035,0.7154899,1.1054186,-0.008596511,-0.19550839,1.1320465,1.0628198,0.23007572,0.3123332,0.96937,0.9522019,0.3330887,0.2813166,0.9764807,770.0,810.293,799.41394,774.43225,698.2784,-0.00994873046875,0.13031005859375,0.97967529296875,2.52716064453125,-4.403839111328125,0.829925537109375,1.0,1.0,1.0,1.0,1.0,95.0,event
12:10:22.421,0.5564977,-0.21282195,-0.28889507,0.596935,0.85493374,-0.24900769,-0.6503035,0.7154899,1.1054186,-0.008596511,-0.19550839,1.1320465,1.0628198,0.23007572,0.3123332,0.96937,0.9522019,0.3330887,0.2813166,0.9764807,793.7729,806.26373,798.20514,795.38464,759.92676,-0.00994873046875,0.13031005859375,0.97967529296875,2.52716064453125,-4.403839111328125,0.829925537109375,1.0,1.0,1.0,1.0,1.0,95.0,event
12:10:22.421,0.5564977,-0.21282195,-0.28889507,0.596935,0.85493374,-0.24900769,-0.6503035,0.7154899,1.1054186,-0.008596511,-0.19550839,1.1320465,1.0628198,0.23007572,0.3123332,0.96937,0.9522019,0.3330887,0.2813166,0.9764807,788.5348,810.293,796.5934,772.4176,692.6374,-0.00994873046875,0.13031005859375,0.97967529296875,2.52716064453125,-4.403839111328125,0.829925537109375,1.0,1.0,1.0,1.0,1.0,95.0,event
12:10:22.422,0.5564977,-0.21282195,-0.28889507,0.596935,0.85493374,-0.24900769,-0.6503035,0.7154899,1.1054186,-0.008596511,-0.19550839,1.1320465,1.0628198,0.23007572,0.3123332,0.96937,0.9522019,0.3330887,0.2813166,0.9764807,801.8315,807.0696,803.8461,809.4872,720.84247,-0.00994873046875,0.13031005859375,0.97967529296875,2.52716064453125,-4.403839111328125,0.829925537109375,1.0,1.0,1.0,1.0,1.0,95.0,event
12:10:22.512,0.5564977,-0.21282195,-0.28889507,0.596935,0.85493374,-0.24900769,-0.6503035,0.7154899,1.1054186,-0.008596511,-0.19550839,1.1320465,1.0628198,0.23007572,0.3123332,0.96937,0.9522019,0.3330887,0.2813166,0.9764807,799.41394,797.3993,807.0696,797.8022,683.7729,-0.00994873046875,0.13031005859375,0.97967529296875,2.52716064453125,-4.403839111328125,0.829925537109375,1.0,1.0,1.0,1.0,1.0,95.0,event
12:10:22.513,0.5935805,-0.22828975,-0.26928675,0.6320879,0.8868919,-0.23179288,-0.6015943,0.7206234,1.1054182,-0.061563127,-0.19541669,1.1320465,1.0605487,0.22622101,0.30001318,0.9709125,0.9468308,0.3185532,0.2819594,0.97386754,782.8938,794.57874,809.89014,768.3883,720.4396,-0.00994873046875,0.13031005859375,0.97967529296875,2.52716064453125,-4.403839111328125,0.829925537109375,1.0,1.0,1.0,1.0,1.0,95.0,event
12:10:22.519,0.5935805,-0.22828975,-0.26928675,0.6320879,0.8868919,-0.23179288,-0.6015943,0.7206234,1.1054182,-0.061563127,-0.19541669,1.1320465,1.0605487,0.22622101,0.30001318,0.9709125,0.9468308,0.3185532,0.2819594,0.97386754,802.23444,811.9048,802.23444,789.34064,753.8828,-0.00994873046875,0.13031005859375,0.97967529296875,2.52716064453125,-4.403839111328125,0.829925537109375,1.0,1.0,1.0,1.0,1.0,95.0,event
12:10:22.519,0.5935805,-0.22828975,-0.26928675,0.6320879,0.8868919,-0.23179288,-0.6015943,0.7206234,1.1054182,-0.061563127,-0.19541669,1.1320465,1.0605487,0.22622101,0.30001318,0.9709125,0.9468308,0.3185532,0.2819594,0.97386754,802.6374,817.5458,804.65204,811.50183,700.293,-0.00994873046875,0.13031005859375,0.97967529296875,2.52716064453125,-4.403839111328125,0.829925537109375,1.0,1.0,1.0,1.0,1.0,95.0,event
12:10:22.520,0.5935805,-0.22828975,-0.26928675,0.6320879,0.8868919,-0.23179288,-0.6015943,0.7206234,1.1054182,-0.061563127,-0.19541669,1.1320465,1.0605487,0.22622101,0.30001318,0.9709125,0.9468308,0.3185532,0.2819594,0.97386754,786.1172,811.9048,811.9048,813.5165,741.79486,-0.00994873046875,0.13031005859375,0.97967529296875,2.52716064453125,-4.403839111328125,0.829925537109375,1.0,1.0,1.0,1.0,1.0,95.0,event
12:10:22.521,0.5935805,-0.22828975,-0.26928675,0.6320879,0.8868919,-0.23179288,-0.6015943,0.7206234,1.1054182,-0.061563127,-0.19541669,1.1320465,1.0605487,0.22622101,0.30001318,0.9709125,0.9468308,0.3185532,0.2819594,0.97386754,787.72894,810.696,806.6667,818.3516,920.293,-0.00994873046875,0.13031005859375,0.97967529296875,2.52716064453125,-4.403839111328125,0.829925537109375,1.0,1.0,1.0,1.0,1.0,95.0,event
12:10:22.522,0.5935805,-0.22828975,-0.26928675,0.6320879,0.8868919,-0.23179288,-0.6015943,0.7206234,1.1054182,-0.061563127,-0.19541669,1.1320465,1.0605487,0.22622101,0.30001318,0.9709125,0.9468308,0.3185532,0.2819594,0.97386754,805.8608,811.9048,805.05493,801.4286,936.8132,-0.00994873046875,0.13031005859375,0.97967529296875,2.52716064453125,-4.403839111328125,0.829925537109375,1.0,1.0,1.0,1.0,1.0,95.0,event
12:10:22.522,0.5935805,-0.22828975,-0.26928675,0.6320879,0.8868919,-0.23179288,-0.6015943,0.7206234,1.1054182,-0.061563127,-0.19541669,1.1320465,1.0605487,0.22622101,0.30001318,0.9709125,0.9468308,0.3185532,0.2819594,0.97386754,827.619,803.44324,804.65204,789.7436,835.6777,-0.00994873046875,0.13031005859375,0.97967529296875,2.52716064453125,-4.403839111328125,0.829925537109375,1.0,1.0,1.0,1.0,1.0,95.0,event
12:10:22.523,0.5935805,-0.22828975,-0.26928675,0.6320879,0.8868919,-0.23179288,-0.6015943,0.7206234,1.1054182,-0.061563127,-0.19541669,1.1320465,1.0605487,0.22622101,0.30001318,0.9709125,0.9468308,0.3185532,0.2819594,0.97386754,816.7399,789.34064,810.293,790.54944,669.2674,-0.00994873046875,0.13031005859375,0.97967529296875,2.52716064453125,-4.403839111328125,0.829925537109375,1.0,1.0,1.0,1.0,1.0,95.0,event
12:10:22.524,0.5935805,-0.22828975,-0.26928675,0.6320879,0.8868919,-0.23179288,-0.6015943,0.7206234,1.1054182,-0.061563127,-0.19541669,1.1320465,1.0605487,0.22622101,0.30001318,0.9709125,0.9468308,0.3185532,0.2819594,0.97386754,798.60803,800.2198,810.293,791.75824,1082.2711,-0.00994873046875,0.13031005859375,0.97967529296875,2.52716064453125,-4.403839111328125,0.829925537109375,1.0,1.0,1.0,1.0,1.0,95.0,event
12:10:22.524,0.5935805,-0.22828975,-0.26928675,0.6320879,0.8868919,-0.23179288,-0.6015943,0.7206234,1.1054182,-0.061563127,-0.19541669,1.1320465,1.0605487,0.22622101,0.30001318,0.9709125,0.9468308,0.3185532,0.2819594,0.97386754,820.7692,793.36993,812.71063,787.326,776.4469,-0.00994873046875,0.13031005859375,0.97967529296875,2.52716064453125,-4.403839111328125,0.829925537109375,1.0,1.0,1.0,1.0,1.0,95.0,event
12:10:22.525,0.5935805,-0.22828975,-0.26928675,0.6320879,0.8868919,-0.23179288,-0.6015943,0.7206234,1.1054182,-0.061563127,-0.19541669,1.1320465,1.0605487,0.22622101,0.30001318,0.9709125,0.9468308,0.3185532,0.2819594,0.97386754,765.56775,802.6374,805.05493,807.47253,874.7619,-0.00994873046875,0.13031005859375,0.97967529296875,2.52716064453125,-4.403839111328125,0.829925537109375,1.0,1.0,1.0,1.0,1.0,95.0,event
12:10:22.550,0.5935805,-0.22828975,-0.26928675,0.6320879,0.8868919,-0.23179288,-0.6015943,0.7206234,1.1054182,-0.061563127,-0.19541669,1.1320465,1.0605487,0.22622101,0.30001318,0.9709125,0.9468308,0.3185532,0.2819594,0.97386754,779.2674,814.7253,803.8461,810.696,663.6264,-0.01239013671875,0.1268310546875,0.98175048828125,1.62994384765625,-3.641204833984375,-0.246734619140625,1.0,1.0,1.0,1.0,1.0,95.0,event
12:10:22.551,0.5935805,-0.22828975,-0.26928675,0.6320879,0.8868919,-0.23179288,-0.6015943,0.7206234,1.1054182,-0.061563127,-0.19541669,1.1320465,1.0605487,0.22622101,0.30001318,0.9709125,0.9468308,0.3185532,0.2819594,0.97386754,804.65204,812.3077,814.3223,792.1612,739.3773,-0.01239013671875,0.1268310546875,0.98175048828125,1.62994384765625,-3.641204833984375,-0.246734619140625,1.0,1.0,1.0,1.0,1.0,95.0,event
12:10:22.551,0.5935805,-0.22828975,-0.26928675,0.6320879,0.8868919,-0.23179288,-0.6015943,0.7206234,1.1054182,-0.061563127,-0.19541669,1.1320465,1.0605487,0.22622101,0.30001318,0.9709125,0.9468308,0.3185532,0.2819594,0.97386754,781.28204,803.8461,818.3516,813.91943,717.619,-0.01239013671875,0.1268310546875,0.98175048828125,1.62994384765625,-3.641204833984375,-0.246734619140625,1.0,1.0,1.0,1.0,1.0,95.0,event
12:10:22.552,0.5935805,-0.22828975,-0.26928675,0.6320879,0.8868919,-0.23179288,-0.6015943,0.7206234,1.1054182,-0.061563127,-0.19541669,1.1320465,1.0605487,0.22622101,0.30001318,0.9709125,0.9468308,0.3185532,0.2819594,0.97386754,771.6117,814.3223,811.9048,807.8755,679.7436,-0.01239013671875,0.1268310546875,0.98175048828125,1.62994384765625,-3.641204833984375,-0.246734619140625,1.0,1.0,1.0,1.0,1.0,95.0,event
12:10:22.553,0.5935805,-0.22828975,-0.26928675,0.6320879,0.8868919,-0.23179288,-0.6015943,0.7206234,1.1054182,-0.061563127,-0.19541669,1.1320465,1.0605487,0.22622101,0.30001318,0.9709125,0.9468308,0.3185532,0.2819594,0.97386754,799.41394,814.7253,810.293,786.1172,727.6923,-0.01239013671875,0.1268310546875,0.98175048828125,1.62994384765625,-3.641204833984375,-0.246734619140625,1.0,1.0,1.0,1.0,1.0,95.0,event
12:10:22.553,0.5935805,-0.22828975,-0.26928675,0.6320879,0.8868919,-0.23179288,-0.6015943,0.7206234,1.1054182,-0.061563127,-0.19541669,1.1320465,1.0605487,0.22622101,0.30001318,0.9709125,0.9468308,0.3185532,0.2819594,0.97386754,800.2198,813.5165,808.68134,777.6557,841.31866,-0.01239013671875,0.1268310546875,0.98175048828125,1.62994384765625,-3.641204833984375,-0.246734619140625,1.0,1.0,1.0,1.0,1.0,95.0,event
12:10:22.554,0.5935805,-0.22828975,-0.26928675,0.6320879,0.8868919,-0.23179288,-0.6015943,0.7206234,1.1054182,-0.061563127,-0.19541669,1.1320465,1.0605487,0.22622101,0.30001318,0.9709125,0.9468308,0.3185532,0.2819594,0.97386754,783.2967,813.91943,807.47253,765.9707,840.10986,-0.01239013671875,0.1268310546875,0.98175048828125,1.62994384765625,-3.641204833984375,-0.246734619140625,1.0,1.0,1.0,1.0,1.0,95.0,event
12:10:22.555,0.5935805,-0.22828975,-0.26928675,0.6320879,0.8868919,-0.23179288,-0.6015943,0.7206234,1.1054182,-0.061563127,-0.19541669,1.1320465,1.0605487,0.22622101,0.30001318,0.9709125,0.9468308,0.3185532,0.2819594,0.97386754,804.2491,808.2784,815.5311,827.619,831.6484,-0.01239013671875,0.1268310546875,0.98175048828125,1.62994384765625,-3.641204833984375,-0.246734619140625,1.0,1.0,1.0,1.0,1.0,95.0,event
12:10:22.555,0.5935805,-0.22828975,-0.26928675,0.6320879,0.8868919,-0.23179288,-0.6015943,0.7206234,1.1054182,-0.061563127,-0.19541669,1.1320465,1.0605487,0.22622101,0.30001318,0.9709125,0.9468308,0.3185532,0.2819594,0.97386754,785.31134,803.0403,812.71063,796.1905,833.663,-0.01239013671875,0.1268310546875,0.98175048828125,1.62994384765625,-3.641204833984375,-0.246734619140625,1.0,1.0,1.0,1.0,1.0,95.0,event
12:10:22.556,0.5935805,-0.22828975,-0.26928675,0.6320879,0.8868919,-0.23179288,-0.6015943,0.7206234,1.1054182,-0.061563127,-0.19541669,1.1320465,1.0605487,0.22622101,0.30001318,0.9709125,0.9468308,0.3185532,0.2819594,0.97386754,805.05493,815.12823,809.4872,815.9341,950.9158,-0.01239013671875,0.1268310546875,0.98175048828125,1.62994384765625,-3.641204833984375,-0.246734619140625,1.0,1.0,1.0,1.0,1.0,95.0,event
12:10:22.557,0.5935805,-0.22828975,-0.26928675,0.6320879,0.8868919,-0.23179288,-0.6015943,0.7206234,1.1054182,-0.061563127,-0.19541669,1.1320465,1.0605487,0.22622101,0.30001318,0.9709125,0.9468308,0.3185532,0.2819594,0.97386754,776.4469,818.3516,801.4286,797.3993,942.8571,-0.01239013671875,0.1268310546875,0.98175048828125,1.62994384765625,-3.641204833984375,-0.246734619140625,1.0,1.0,1.0,1.0,1.0,95.0,event
12:10:22.557,0.5935805,-0.22828975,-0.26928675,0.6320879,0.8868919,-0.23179288,-0.6015943,0.7206234,1.1054182,-0.061563127,-0.19541669,1.1320465,1.0605487,0.22622101,0.30001318,0.9709125,0.9468308,0.3185532,0.2819594,0.97386754,775.2381,815.12823,797.8022,791.75824,696.6667,-0.01239013671875,0.1268310546875,0.98175048828125,1.62994384765625,-3.641204833984375,-0.246734619140625,1.0,1.0,1.0,1.0,1.0,95.0,event
12:10:22.558,0.5935805,-0.22828975,-0.26928675,0.6320879,0.8868919,-0.23179288,-0.6015943,0.7206234,1.1054182,-0.061563127,-0.19541669,1.1320465,1.0605487,0.22622101,0.30001318,0.9709125,0.9468308,0.3185532,0.2819594,0.97386754,780.07324,802.6374,809.89014,787.72894,707.5458,-0.00640869140625,0.12091064453125,0.9815673828125,2.04864501953125,-3.641204833984375,-0.381317138671875,1.0,1.0,1.0,1.0,1.0,95.0,event
12:10:22.559,0.5935805,-0.22828975,-0.26928675,0.6320879,0.8868919,-0.23179288,-0.6015943,0.7206234,1.1054182,-0.061563127,-0.19541669,1.1320465,1.0605487,0.22622101,0.30001318,0.9709125,0.9468308,0.3185532,0.2819594,0.97386754,784.5055,805.8608,817.5458,792.5641,762.3443,-0.00640869140625,0.12091064453125,0.9815673828125,2.04864501953125,-3.641204833984375,-0.381317138671875,1.0,1.0,1.0,1.0,1.0,95.0,event
12:10:22.559,0.5935805,-0.22828975,-0.26928675,0.6320879,0.8868919,-0.23179288,-0.6015943,0.7206234,1.1054182,-0.061563127,-0.19541669,1.1320465,1.0605487,0.22622101,0.30001318,0.9709125,0.9468308,0.3185532,0.2819594,0.97386754,790.9524,809.0842,816.7399,795.38464,735.7509,-0.00640869140625,0.12091064453125,0.9815673828125,2.04864501953125,-3.641204833984375,-0.381317138671875,1.0,1.0,1.0,1.0,1.0,95.0,event
12:10:22.560,0.6436869,-0.24527219,-0.24286029,0.6721834,0.912636,-0.22103642,-0.5500451,0.72014266,1.1054182,-0.06649043,-0.16246222,1.1320465,1.0671707,0.2260401,0.28945717,0.9866878,0.94397724,0.30408126,0.28804627,0.96723425,785.7143,813.5165,819.9634,796.5934,737.3626,-0.00640869140625,0.12091064453125,0.9815673828125,2.04864501953125,-3.641204833984375,-0.381317138671875,1.0,1.0,1.0,1.0,1.0,95.0,event
12:10:22.564,0.6436869,-0.24527219,-0.24286029,0.6721834,0.912636,-0.22103642,-0.5500451,0.72014266,1.1054182,-0.06649043,-0.16246222,1.1320465,1.0671707,0.2260401,0.28945717,0.9866878,0.94397724,0.30408126,0.28804627,0.96723425,790.54944,811.0989,814.7253,796.5934,779.67035,-0.00640869140625,0.12091064453125,0.9815673828125,2.04864501953125,-3.641204833984375,-0.381317138671875,1.0,1.0,1.0,1.0,1.0,95.0,event
12:10:22.565,0.6436869,-0.24527219,-0.24286029,0.6721834,0.912636,-0.22103642,-0.5500451,0.72014266,1.1054182,-0.06649043,-0.16246222,1.1320465,1.0671707,0.2260401,0.28945717,0.9866878,0.94397724,0.30408126,0.28804627,0.96723425,785.31134,800.2198,809.89014,791.3553,875.16486,-0.00640869140625,0.12091064453125,0.9815673828125,2.04864501953125,-3.641204833984375,-0.381317138671875,1.0,1.0,1.0,1.0,1.0,95.0,event
12:10:22.565,0.6436869,-0.24527219,-0.24286029,0.6721834,0.912636,-0.22103642,-0.5500451,0.72014266,1.1054182,-0.06649043,-0.16246222,1.1320465,1.0671707,0.2260401,0.28945717,0.9866878,0.94397724,0.30408126,0.28804627,0.96723425,782.8938,801.8315,807.0696,780.87915,884.0293,-0.00640869140625,0.12091064453125,0.9815673828125,2.04864501953125,-3.641204833984375,-0.381317138671875,1.0,1.0,1.0,1.0,1.0,95.0,event
12:10:22.566,0.6436869,-0.24527219,-0.24286029,0.6721834,0.912636,-0.22103642,-0.5500451,0.72014266,1.1054182,-0.06649043,-0.16246222,1.1320465,1.0671707,0.2260401,0.28945717,0.9866878,0.94397724,0.30408126,0.28804627,0.96723425,822.7839,803.0403,807.8755,817.5458,744.61536,-0.00640869140625,0.12091064453125,0.9815673828125,2.04864501953125,-3.641204833984375,-0.381317138671875,1.0,1.0,1.0,1.0,1.0,95.0,event
12:10:22.567,0.6436869,-0.24527219,-0.24286029,0.6721834,0.912636,-0.22103642,-0.5500451,0.72014266,1.1054182,-0.06649043,-0.16246222,1.1320465,1.0671707,0.2260401,0.28945717,0.9866878,0.94397724,0.30408126,0.28804627,0.96723425,817.9487,813.91943,786.9231,811.50183,759.12085,-0.00640869140625,0.12091064453125,0.9815673828125,2.04864501953125,-3.641204833984375,-0.381317138671875,1.0,1.0,1.0,1.0,1.0,95.0,event
12:10:22.567,0.6436869,-0.24527219,-0.24286029,0.6721834,0.912636,-0.22103642,-0.5500451,0.72014266,1.1054182,-0.06649043,-0.16246222,1.1320465,1.0671707,0.2260401,0.28945717,0.9866878,0.94397724,0.30408126,0.28804627,0.96723425,768.3883,815.5311,793.7729,792.1612,860.65936,-0.00640869140625,0.12091064453125,0.9815673828125,2.04864501953125,-3.641204833984375,-0.381317138671875,1.0,1.0,1.0,1.0,1.0,95.0,event
12:10:22.568,0.6436869,-0.24527219,-0.24286029,0.6721834,0.912636,-0.22103642,-0.5500451,0.72014266,1.1054182,-0.06649043,-0.16246222,1.1320465,1.0671707,0.2260401,0.28945717,0.9866878,0.94397724,0.30408126,0.28804627,0.96723425,758.71796,807.8755,816.7399,792.1612,809.4872,-0.00640869140625,0.12091064453125,0.9815673828125,2.04864501953125,-3.641204833984375,-0.381317138671875,1.0,1.0,1.0,1.0,1.0,95.0,event
12:10:22.568,0.6436869,-0.24527219,-0.24286029,0.6721834,0.912636,-0.22103642,-0.5500451,0.72014266,1.1054182,-0.06649043,-0.16246222,1.1320465,1.0671707,0.2260401,0.28945717,0.9866878,0.94397724,0.30408126,0.28804627,0.96723425,773.22345,804.65204,822.381,807.8755,764.35895,-0.00640869140625,0.12091064453125,0.9815673828125,2.04864501953125,-3.641204833984375,-0.381317138671875,1.0,1.0,1.0,1.0,1.0,95.0,event
12:10:22.636,0.6436869,-0.24527219,-0.24286029,0.6721834,0.912636,-0.22103642,-0.5500451,0.72014266,1.1054182,-0.06649043,-0.16246222,1.1320465,1.0671707,0.2260401,0.28945717,0.9866878,0.94397724,0.30408126,0.28804627,0.96723425,784.10254,795.38464,810.293,784.90845,886.8498,-0.00701904296875,0.1270751953125,0.9757080078125,3.177642822265625,-3.596343994140625,0.04486083984375,1.0,1.0,1.0,1.0,1.0,95.0,event
12:10:22.638,0.6436869,-0.24527219,-0.24286029,0.6721834,0.912636,-0.22103642,-0.5500451,0.72014266,1.1054182,-0.06649043,-0.16246222,1.1320465,1.0671707,0.2260401,0.28945717,0.9866878,0.94397724,0.30408126,0.28804627,0.96723425,782.49084,792.1612,797.8022,770.40295,1071.392,-0.00701904296875,0.1270751953125,0.9757080078125,3.177642822265625,-3.596343994140625,0.04486083984375,1.0,1.0,1.0,1.0,1.0,95.0,event
12:10:22.638,0.6436869,-0.24527219,-0.24286029,0.6721834,0.912636,-0.22103642,-0.5500451,0.72014266,1.1054182,-0.06649043,-0.16246222,1.1320465,1.0671707,0.2260401,0.28945717,0.9866878,0.94397724,0.30408126,0.28804627,0.96723425,783.69965,804.2491,810.696,790.14655,782.8938,-0.00701904296875,0.1270751953125,0.9757080078125,3.177642822265625,-3.596343994140625,0.04486083984375,1.0,1.0,1.0,1.0,1.0,95.0,event
12:10:22.639,0.6436869,-0.24527219,-0.24286029,0.6721834,0.912636,-0.22103642,-0.5500451,0.72014266,1.1054182,-0.06649043,-0.16246222,1.1320465,1.0671707,0.2260401,0.28945717,0.9866878,0.94397724,0.30408126,0.28804627,0.96723425,771.2088,814.3223,813.5165,803.0403,668.0586,-0.00701904296875,0.1270751953125,0.9757080078125,3.177642822265625,-3.596343994140625,0.04486083984375,1.0,1.0,1.0,1.0,1.0,95.0,event
12:10:22.639,0.6436869,-0.24527219,-0.24286029,0.6721834,0.912636,-0.22103642,-0.5500451,0.72014266,1.1054182,-0.06649043,-0.16246222,1.1320465,1.0671707,0.2260401,0.28945717,0.9866878,0.94397724,0.30408126,0.28804627,0.96723425,778.86444,811.50183,807.8755,801.02563,827.619,-0.00701904296875,0.1270751953125,0.9757080078125,3.177642822265625,-3.596343994140625,0.04486083984375,1.0,1.0,1.0,1.0,1.0,95.0,event
12:10:22.640,0.6436869,-0.24527219,-0.24286029,0.6721834,0.912636,-0.22103642,-0.5500451,0.72014266,1.1054182,-0.06649043,-0.16246222,1.1320465,1.0671707,0.2260401,0.28945717,0.9866878,0.94397724,0.30408126,0.28804627,0.96723425,793.7729,808.2784,807.47253,796.99634,880.40295,-0.00701904296875,0.1270751953125,0.9757080078125,3.177642822265625,-3.596343994140625,0.04486083984375,1.0,1.0,1.0,1.0,1.0,95.0,event
12:10:22.641,0.6436869,-0.24527219,-0.24286029,0.6721834,0.912636,-0.22103642,-0.5500451,0.72014266,1.1054182,-0.06649043,-0.16246222,1.1320465,1.0671707,0.2260401,0.28945717,0.9866878,0.94397724,0.30408126,0.28804627,0.96723425,801.8315,810.696,816.337,812.3077,907.3993,-0.00701904296875,0.1270751953125,0.9757080078125,3.177642822265625,-3.596343994140625,0.04486083984375,1.0,1.0,1.0,1.0,1.0,95.0,event
12:10:22.641,0.6436869,-0.24527219,-0.24286029,0.6721834,0.912636,-0.22103642,-0.5500451,0.72014266,1.1054182,-0.06649043,-0.16246222,1.1320465,1.0671707,0.2260401,0.28945717,0.9866878,0.94397724,0.30408126,0.28804627,0.96723425,792.1612,804.65204,817.1429,797.3993,904.9817,-0.00701904296875,0.1270751953125,0.9757080078125,3.177642822265625,-3.596343994140625,0.04486083984375,1.0,1.0,1.0,1.0,1.0,95.0,event
12:10:22.642,0.6436869,-0.24527219,-0.24286029,0.6721834,0.912636,-0.22103642,-0.5500451,0.72014266,1.1054182,-0.06649043,-0.16246222,1.1320465,1.0671707,0.2260401,0.28945717,0.9866878,0.94397724,0.30408126,0.28804627,0.96723425,799.81683,801.8315,803.0403,780.4762,917.8755,-0.00701904296875,0.1270751953125,0.9757080078125,3.177642822265625,-3.596343994140625,0.04486083984375,1.0,1.0,1.0,1.0,1.0,95.0,event
12:10:22.643,0.6436869,-0.24527219,-0.24286029,0.6721834,0.912636,-0.22103642,-0.5500451,0.72014266,1.1054182,-0.06649043,-0.16246222,1.1320465,1.0671707,0.2260401,0.28945717,0.9866878,0.94397724,0.30408126,0.28804627,0.96723425,812.3077,799.011,807.47253,806.6667,913.44324,-0.00701904296875,0.1270751953125,0.9757080078125,3.177642822265625,-3.596343994140625,0.04486083984375,1.0,1.0,1.0,1.0,1.0,95.0,event
12:10:22.643,0.6436869,-0.24527219,-0.24286029,0.6721834,0.912636,-0.22103642,-0.5500451,0.72014266,1.1054182,-0.06649043,-0.16246222,1.1320465,1.0671707,0.2260401,0.28945717,0.9866878,0.94397724,0.30408126,0.28804627,0.96723425,785.7143,799.41394,817.1429,806.26373,688.20514,-0.00701904296875,0.1270751953125,0.9757080078125,3.177642822265625,-3.596343994140625,0.04486083984375,1.0,1.0,1.0,1.0,1.0,95.0,event
12:10:22.644,0.6436869,-0.24527219,-0.24286029,0.6721834,0.912636,-0.22103642,-0.5500451,0.72014266,1.1054182,-0.06649043,-0.16246222,1.1320465,1.0671707,0.2260401,0.28945717,0.9866878,0.94397724,0.30408126,0.28804627,0.96723425,768.3883,809.4872,813.91943,799.41394,637.8388,-0.00701904296875,0.1270751953125,0.9757080078125,3.177642822265625,-3.596343994140625,0.04486083984375,1.0,1.0,1.0,1.0,1.0,95.0,event
12:10:22.669,0.6436869,-0.24527219,-0.24286029,0.6721834,0.912636,-0.22103642,-0.5500451,0.72014266,1.1054182,-0.06649043,-0.16246222,1.1320465,1.0671707,0.2260401,0.28945717,0.9866878,0.94397724,0.30408126,0.28804627,0.96723425,769.19415,810.293,813.5165,789.7436,707.5458,-0.00701904296875,0.1270751953125,0.9757080078125,3.177642822265625,-3.596343994140625,0.04486083984375,1.0,1.0,1.0,1.0,1.0,95.0,event
12:10:22.670,0.6436869,-0.24527219,-0.24286029,0.6721834,0.912636,-0.22103642,-0.5500451,0.72014266,1.1054182,-0.06649043,-0.16246222,1.1320465,1.0671707,0.2260401,0.28945717,0.9866878,0.94397724,0.30408126,0.28804627,0.96723425,794.17584,805.05493,815.12823,802.23444,663.22345,-0.00701904296875,0.1270751953125,0.9757080078125,3.177642822265625,-3.596343994140625,0.04486083984375,1.0,1.0,1.0,1.0,1.0,95.0,event
12:10:22.671,0.6436869,-0.24527219,-0.24286029,0.6721834,0.912636,-0.22103642,-0.5500451,0.72014266,1.1054182,-0.06649043,-0.16246222,1.1320465,1.0671707,0.2260401,0.28945717,0.9866878,0.94397724,0.30408126,0.28804627,0.96723425,813.5165,805.05493,812.71063,833.2601,709.9634,-0.00701904296875,0.1270751953125,0.9757080078125,3.177642822265625,-3.596343994140625,0.04486083984375,1.0,1.0,1.0,1.0,1.0,95.0,event
12:10:22.672,0.6436869,-0.24527219,-0.24286029,0.6721834,0.912636,-0.22103642,-0.5500451,0.72014266,1.1054182,-0.06649043,-0.16246222,1.1320465,1.0671707,0.2260401,0.28945717,0.9866878,0.94397724,0.30408126,0.28804627,0.96723425,774.0293,814.7253,808.68134,754.68866,896.52014,-0.00701904296875,0.1270751953125,0.9757080078125,3.177642822265625,-3.596343994140625,0.04486083984375,1.0,1.0,1.0,1.0,1.0,95.0,event
12:10:22.672,0.6436869,-0.24527219,-0.24286029,0.6721834,0.912636,-0.22103642,-0.5500451,0.72014266,1.1054182,-0.06649043,-0.16246222,1.1320465,1.0671707,0.2260401,0.28945717,0.9866878,0.94397724,0.30408126,0.28804627,0.96723425,781.28204,805.4579,810.696,797.3993,809.89014,-0.00701904296875,0.1270751953125,0.9757080078125,3.177642822265625,-3.596343994140625,0.04486083984375,1.0,1.0,1.0,1.0,1.0,95.0,event
12:10:22.673,0.68818635,-0.270779,-0.21039627,0.71012497,0.92902625,-0.21786505,-0.5054411,0.7169051,1.1054182,-0.06756488,-0.076302916,1.1320465,1.0776306,0.23363075,0.28101885,1.0151201,0.93987393,0.29644185,0.29626617,0.9550827,792.5641,821.1722,809.4872,778.46155,821.1722,-0.00701904296875,0.1270751953125,0.9757080078125,3.177642822265625,-3.596343994140625,0.04486083984375,1.0,1.0,1.0,1.0,1.0,95.0,event
12:10:22.677,0.68818635,-0.270779,-0.21039627,0.71012497,0.92902625,-0.21786505,-0.5054411,0.7169051,1.1054182,-0.06756488,-0.076302916,1.1320465,1.0776306,0.23363075,0.28101885,1.0151201,0.93987393,0.29644185,0.29626617,0.9550827,781.28204,815.12823,815.9341,777.6557,839.707,-0.00701904296875,0.1270751953125,0.9757080078125,3.177642822265625,-3.596343994140625,0.04486083984375,1.0,1.0,1.0,1.0,1.0,95.0,event
12:10:22.678,0.68818635,-0.270779,-0.21039627,0.71012497,0.92902625,-0.21786505,-0.5054411,0.7169051,1.1054182,-0.06756488,-0.076302916,1.1320465,1.0776306,0.23363075,0.28101885,1.0151201,0.93987393,0.29644185,0.29626617,0.9550827,768.3883,809.4872,813.1135,760.32965,902.1612,-0.00701904296875,0.1270751953125,0.9757080078125,3.177642822265625,-3.596343994140625,0.04486083984375,1.0,1.0,1.0,1.0,1.0,95.0,event
12:10:22.678,0.68818635,-0.270779,-0.21039627,0.71012497,0.92902625,-0.21786505,-0.5054411,0.7169051,1.1054182,-0.06756488,-0.076302916,1.1320465,1.0776306,0.23363075,0.28101885,1.0151201,0.93987393,0.29644185,0.29626617,0.9550827,770.0,816.7399,805.8608,787.72894,817.1429,-0.00701904296875,0.1270751953125,0.9757080078125,3.177642822265625,-3.596343994140625,0.04486083984375,1.0,1.0,1.0,1.0,1.0,95.0,event
12:10:22.679,0.68818635,-0.270779,-0.21039627,0.71012497,0.92902625,-0.21786505,-0.5054411,0.7169051,1.1054182,-0.06756488,-0.076302916,1.1320465,1.0776306,0.23363075,0.28101885,1.0151201,0.93987393,0.29644185,0.29626617,0.9550827,777.6557,819.9634,811.9048,793.36993,737.3626,-0.00701904296875,0.1270751953125,0.9757080078125,3.177642822265625,-3.596343994140625,0.04486083984375,1.0,1.0,1.0,1.0,1.0,95.0,event
12:10:22.679,0.68818635,-0.270779,-0.21039627,0.71012497,0.92902625,-0.21786505,-0.5054411,0.7169051,1.1054182,-0.06756488,-0.076302916,1.1320465,1.0776306,0.23363075,0.28101885,1.0151201,0.93987393,0.29644185,0.29626617,0.9550827,767.5824,813.91943,811.0989,767.98535,699.4872,-0.00701904296875,0.1270751953125,0.9757080078125,3.177642822265625,-3.596343994140625,0.04486083984375,1.0,1.0,1.0,1.0,1.0,95.0,event
12:10:22.680,0.68818635,-0.270779,-0.21039627,0.71012497,0.92902625,-0.21786505,-0.5054411,0.7169051,1.1054182,-0.06756488,-0.076302916,1.1320465,1.0776306,0.23363075,0.28101885,1.0151201,0.93987393,0.29644185,0.29626617,0.9550827,767.98535,805.4579,806.26373,753.47986,760.7326,-0.00701904296875,0.1270751953125,0.9757080078125,3.177642822265625,-3.596343994140625,0.04486083984375,1.0,1.0,1.0,1.0,1.0,95.0,event
12:10:22.714,0.68818635,-0.270779,-0.21039627,0.71012497,0.92902625,-0.21786505,-0.5054411,0.7169051,1.1054182,-0.06756488,-0.076302916,1.1320465,1.0776306,0.23363075,0.28101885,1.0151201,0.93987393,0.29644185,0.29626617,0.9550827,767.5824,807.47253,798.20514,773.6264,894.10254,-0.01116943359375,0.1259765625,0.97332763671875,2.332763671875,-3.656158447265625,0.904693603515625,1.0,1.0,1.0,1.0,1.0,95.0,event
12:10:22.715,0.68818635,-0.270779,-0.21039627,0.71012497,0.92902625,-0.21786505,-0.5054411,0.7169051,1.1054182,-0.06756488,-0.076302916,1.1320465,1.0776306,0.23363075,0.28101885,1.0151201,0.93987393,0.29644185,0.29626617,0.9550827,749.45056,805.4579,796.99634,778.0586,754.2857,-0.01116943359375,0.1259765625,0.97332763671875,2.332763671875,-3.656158447265625,0.904693603515625,1.0,1.0,1.0,1.0,1.0,95.0,event
12:10:22.716,0.68818635,-0.270779,-0.21039627,0.71012497,0.92902625,-0.21786505,-0.5054411,0.7169051,1.1054182,-0.06756488,-0.076302916,1.1320465,1.0776306,0.23363075,0.28101885,1.0151201,0.93987393,0.29644185,0.29626617,0.9550827,755.4945,804.2491,803.8461,757.1062,709.5604,-0.01116943359375,0.1259765625,0.97332763671875,2.332763671875,-3.656158447265625,0.904693603515625,1.0,1.0,1.0,1.0,1.0,95.0,event
12:10:22.717,0.68818635,-0.270779,-0.21039627,0.71012497,0.92902625,-0.21786505,-0.5054411,0.7169051,1.1054182,-0.06756488,-0.076302916,1.1320465,1.0776306,0.23363075,0.28101885,1.0151201,0.93987393,0.29644185,0.29626617,0.9550827,775.2381,806.26373,813.5165,772.8205,805.8608,-0.01116943359375,0.1259765625,0.97332763671875,2.332763671875,-3.656158447265625,0.904693603515625,1.0,1.0,1.0,1.0,1.0,95.0,event
12:10:22.718,0.68818635,-0.270779,-0.21039627,0.71012497,0.92902625,-0.21786505,-0.5054411,0.7169051,1.1054182,-0.06756488,-0.076302916,1.1320465,1.0776306,0.23363075,0.28101885,1.0151201,0.93987393,0.29644185,0.29626617,0.9550827,792.5641,803.44324,817.5458,799.011,757.50916,-0.01116943359375,0.1259765625,0.97332763671875,2.332763671875,-3.656158447265625,0.904693603515625,1.0,1.0,1.0,1.0,1.0,95.0,event
12:10:22.718,0.68818635,-0.270779,-0.21039627,0.71012497,0.92902625,-0.21786505,-0.5054411,0.7169051,1.1054182,-0.06756488,-0.076302916,1.1320465,1.0776306,0.23363075,0.28101885,1.0151201,0.93987393,0.29644185,0.29626617,0.9550827,788.1319,807.47253,811.9048,792.96704,774.43225,-0.01116943359375,0.1259765625,0.97332763671875,2.332763671875,-3.656158447265625,0.904693603515625,1.0,1.0,1.0,1.0,1.0,95.0,event
12:10:22.719,0.68818635,-0.270779,-0.21039627,0.71012497,0.92902625,-0.21786505,-0.5054411,0.7169051,1.1054182,-0.06756488,-0.076302916,1.1320465,1.0776306,0.23363075,0.28101885,1.0151201,0.93987393,0.29644185,0.29626617,0.9550827,782.49084,814.3223,809.0842,799.41394,900.14655,-0.01116943359375,0.1259765625,0.97332763671875,2.332763671875,-3.656158447265625,0.904693603515625,1.0,1.0,1.0,1.0,1.0,95.0,event
12:10:22.720,0.68818635,-0.270779,-0.21039627,0.71012497,0.92902625,-0.21786505,-0.5054411,0.7169051,1.1054182,-0.06756488,-0.076302916,1.1320465,1.0776306,0.23363075,0.28101885,1.0151201,0.93987393,0.29644185,0.29626617,0.9550827,783.69965,811.0989,810.293,818.7546,1125.7876,-0.01116943359375,0.1259765625,0.97332763671875,2.332763671875,-3.656158447265625,0.904693603515625,1.0,1.0,1.0,1.0,1.0,95.0,event
12:10:22.720,0.68818635,-0.270779,-0.21039627,0.71012497,0.92902625,-0.21786505,-0.5054411,0.7169051,1.1054182,-0.06756488,-0.076302916,1.1320465,1.0776306,0.23363075,0.28101885,1.0151201,0.93987393,0.29644185,0.29626617,0.9550827,777.25275,811.50183,804.65204,789.7436,1150.3663,-0.01116943359375,0.1259765625,0.97332763671875,2.332763671875,-3.656158447265625,0.904693603515625,1.0,1.0,1.0,1.0,1.0,95.0,event
12:10:22.721,0.68818635,-0.270779,-0.21039627,0.71012497,0.92902625,-0.21786505,-0.5054411,0.7169051,1.1054182,-0.06756488,-0.076302916,1.1320465,1.0776306,0.23363075,0.28101885,1.0151201,0.93987393,0.29644185,0.29626617,0.9550827,779.2674,811.9048,802.23444,766.77655,810.293,-0.01116943359375,0.1259765625,0.97332763671875,2.332763671875,-3.656158447265625,0.904693603515625,1.0,1.0,1.0,1.0,1.0,95.0,event
12:10:22.721,0.68818635,-0.270779,-0.21039627,0.71012497,0.92902625,-0.21786505,-0.5054411,0.7169051,1.1054182,-0.06756488,-0.076302916,1.1320465,1.0776306,0.23363075,0.28101885,1.0151201,0.93987393,0.29644185,0.29626617,0.9550827,797.3993,812.3077,809.4872,766.3736,729.707,-0.01116943359375,0.1259765625,0.97332763671875,2.332763671875,-3.656158447265625,0.904693603515625,1.0,1.0,1.0,1.0,1.0,95.0,event
12:10:22.722,0.68818635,-0.270779,-0.21039627,0.71012497,0.92902625,-0.21786505,-0.5054411,0.7169051,1.1054182,-0.06756488,-0.076302916,1.1320465,1.0776306,0.23363075,0.28101885,1.0151201,0.93987393,0.29644185,0.29626617,0.9550827,792.1612,806.26373,808.2784,777.6557,774.43225,-0.01116943359375,0.1259765625,0.97332763671875,2.332763671875,-3.656158447265625,0.904693603515625,1.0,1.0,1.0,1.0,1.0,95.0,event
12:10:22.757,0.68818635,-0.270779,-0.21039627,0.71012497,0.92902625,-0.21786505,-0.5054411,0.7169051,1.1054182,-0.06756488,-0.076302916,1.1320465,1.0776306,0.23363075,0.28101885,1.0151201,0.93987393,0.29644185,0.29626617,0.9550827,794.17584,800.6227,807.47253,786.52014,733.73627,-0.01458740234375,0.12701416015625,0.98504638671875,2.699127197265625,-3.57391357421875,0.725250244140625,1.0,1.0,1.0,1.0,1.0,95.0,event
12:10:22.758,0.68818635,-0.270779,-0.21039627,0.71012497,0.92902625,-0.21786505,-0.5054411,0.7169051,1.1054182,-0.06756488,-0.076302916,1.1320465,1.0776306,0.23363075,0.28101885,1.0151201,0.93987393,0.29644185,0.29626617,0.9550827,807.8755,800.6227,806.26373,784.10254,675.7143,-0.01458740234375,0.12701416015625,0.98504638671875,2.699127197265625,-3.57391357421875,0.725250244140625,1.0,1.0,1.0,1.0,1.0,95.0,event
12:10:22.759,0.68818635,-0.270779,-0.21039627,0.71012497,0.92902625,-0.21786505,-0.5054411,0.7169051,1.1054182,-0.06756488,-0.076302916,1.1320465,1.0776306,0.23363075,0.28101885,1.0151201,0.93987393,0.29644185,0.29626617,0.9550827,805.4579,796.99634,793.36993,791.3553,681.75824,-0.01458740234375,0.12701416015625,0.98504638671875,2.699127197265625,-3.57391357421875,0.725250244140625,1.0,1.0,1.0,1.0,1.0,95.0,event
12:10:22.760,0.68818635,-0.270779,-0.21039627,0.71012497,0.92902625,-0.21786505,-0.5054411,0.7169051,1.1054182,-0.06756488,-0.076302916,1.1320465,1.0776306,0.23363075,0.28101885,1.0151201,0.93987393,0.29644185,0.29626617,0.9550827,783.69965,803.8461,799.011,787.326,711.978,-0.01458740234375,0.12701416015625,0.98504638671875,2.699127197265625,-3.57391357421875,0.725250244140625,1.0,1.0,1.0,1.0,1.0,95.0,event
12:10:22.761,0.68818635,-0.270779,-0.21039627,0.71012497,0.92902625,-0.21786505,-0.5054411,0.7169051,1.1054182,-0.06756488,-0.076302916,1.1320465,1.0776306,0.23363075,0.28101885,1.0151201,0.93987393,0.29644185,0.29626617,0.9550827,769.19415,811.9048,817.5458,786.9231,720.4396,-0.01458740234375,0.12701416015625,0.98504638671875,2.699127197265625,-3.57391357421875,0.725250244140625,1.0,1.0,1.0,1.0,1.0,95.0,event
12:10:22.762,0.68818635,-0.270779,-0.21039627,0.71012497,0.92902625,-0.21786505,-0.5054411,0.7169051,1.1054182,-0.06756488,-0.076302916,1.1320465,1.0776306,0.23363075,0.28101885,1.0151201,0.93987393,0.29644185,0.29626617,0.9550827,790.54944,810.696,813.91943,799.011,792.5641,-0.01458740234375,0.12701416015625,0.98504638671875,2.699127197265625,-3.57391357421875,0.725250244140625,1.0,1.0,1.0,1.0,1.0,95.0,event
12:10:22.762,0.68818635,-0.270779,-0.21039627,0.71012497,0.92902625,-0.21786505,-0.5054411,0.7169051,1.1054182,-0.06756488,-0.076302916,1.1320465,1.0776306,0.23363075,0.28101885,1.0151201,0.93987393,0.29644185,0.29626617,0.9550827,814.3223,809.4872,813.5165,805.4579,891.28204,-0.01458740234375,0.12701416015625,0.98504638671875,2.699127197265625,-3.57391357421875,0.725250244140625,1.0,1.0,1.0,1.0,1.0,95.0,event
12:10:22.763,0.72460943,-0.30405375,-0.18125917,0.7491184,0.93770766,-0.21931204,-0.47336206,0.7170059,1.1015573,-0.049444307,-0.023581492,1.1320465,1.086993,0.24948488,0.2736464,1.0510741,0.93000776,0.3000711,0.30269957,0.9409597,804.65204,811.50183,815.5311,797.8022,1043.1868,-0.01458740234375,0.12701416015625,0.98504638671875,2.699127197265625,-3.57391357421875,0.725250244140625,1.0,1.0,1.0,1.0,1.0,95.0,event
12:10:22.766,0.72460943,-0.30405375,-0.18125917,0.7491184,0.93770766,-0.21931204,-0.47336206,0.7170059,1.1015573,-0.049444307,-0.023581492,1.1320465,1.086993,0.24948488,0.2736464,1.0510741,0.93000776,0.3000711,0.30269957,0.9409597,788.5348,804.65204,809.4872,796.99634,934.3956,-0.01458740234375,0.12701416015625,0.98504638671875,2.699127197265625,-3.57391357421875,0.725250244140625,1.0,1.0,1.0,1.0,1.0,95.0,event
12:10:22.767,0.72460943,-0.30405375,-0.18125917,0.7491184,0.93770766,-0.21931204,-0.47336206,0.7170059,1.1015573,-0.049444307,-0.023581492,1.1320465,1.086993,0.24948488,0.2736464,1.0510741,0.93000776,0.3000711,0.30269957,0.9409597,801.4286,798.60803,812.71063,798.20514,785.7143,-0.01458740234375,0.12701416015625,0.98504638671875,2.699127197265625,-3.57391357421875,0.725250244140625,1.0,1.0,1.0,1.0,1.0,95.0,event
12:10:22.767,0.72460943,-0.30405375,-0.18125917,0.7491184,0.93770766,-0.21931204,-0.47336206,0.7170059,1.1015573,-0.049444307,-0.023581492,1.1320465,1.086993,0.24948488,0.2736464,1.0510741,0.93000776,0.3000711,0.30269957,0.9409597,806.26373,808.2784,815.5311,813.1135,819.9634,-0.01458740234375,0.12701416015625,0.98504638671875,2.699127197265625,-3.57391357421875,0.725250244140625,1.0,1.0,1.0,1.0,1.0,95.0,event
12:10:22.768,0.72460943,-0.30405375,-0.18125917,0.7491184,0.93770766,-0.21931204,-0.47336206,0.7170059,1.1015573,-0.049444307,-0.023581492,1.1320465,1.086993,0.24948488,0.2736464,1.0510741,0.93000776,0.3000711,0.30269957,0.9409597,791.75824,816.7399,814.7253,810.696,828.4249,-0.01458740234375,0.12701416015625,0.98504638671875,2.699127197265625,-3.57391357421875,0.725250244140625,1.0,1.0,1.0,1.0,1.0,95.0,event
12:10:22.795,0.72460943,-0.30405375,-0.18125917,0.7491184,0.93770766,-0.21931204,-0.47336206,0.7170059,1.1015573,-0.049444307,-0.023581492,1.1320465,1.086993,0.24948488,0.2736464,1.0510741,0.93000776,0.3000711,0.30269957,0.9409597,797.8022,818.3516,815.5311,803.44324,799.41394,-0.00885009765625,0.12646484375,0.9793701171875,2.564544677734375,-4.015045166015625,0.800018310546875,1.0,1.0,1.0,1.0,1.0,95.0,event
12:10:22.796,0.72460943,-0.30405375,-0.18125917,0.7491184,0.93770766,-0.21931204,-0.47336206,0.7170059,1.1015573,-0.049444307,-0.023581492,1.1320465,1.086993,0.24948488,0.2736464,1.0510741,0.93000776,0.3000711,0.30269957,0.9409597,803.44324,809.0842,808.68134,799.011,743.00366,-0.00885009765625,0.12646484375,0.9793701171875,2.564544677734375,-4.015045166015625,0.800018310546875,1.0,1.0,1.0,1.0,1.0,95.0,event
12:10:22.796,0.72460943,-0.30405375,-0.18125917,0.7491184,0.93770766,-0.21931204,-0.47336206,0.7170059,1.1015573,-0.049444307,-0.023581492,1.1320465,1.086993,0.24948488,0.2736464,1.0510741,0.93000776,0.3000711,0.30269957,0.9409597,789.34064,796.5934,806.6667,803.0403,755.89746,-0.00885009765625,0.12646484375,0.9793701171875,2.564544677734375,-4.015045166015625,0.800018310546875,1.0,1.0,1.0,1.0,1.0,95.0,event
12:10:22.797,0.72460943,-0.30405375,-0.18125917,0.7491184,0.93770766,-0.21931204,-0.47336206,0.7170059,1.1015573,-0.049444307,-0.023581492,1.1320465,1.086993,0.24948488,0.2736464,1.0510741,0.93000776,0.3000711,0.30269957,0.9409597,801.4286,804.2491,813.91943,807.47253,791.3553,-0.00885009765625,0.12646484375,0.9793701171875,2.564544677734375,-4.015045166015625,0.800018310546875,1.0,1.0,1.0,1.0,1.0,95.0,event
12:10:22.797,0.72460943,-0.30405375,-0.18125917,0.7491184,0.93770766,-0.21931204,-0.47336206,0.7170059,1.1015573,-0.049444307,-0.023581492,1.1320465,1.086993,0.24948488,0.2736464,1.0510741,0.93000776,0.3000711,0.30269957,0.9409597,828.022,809.4872,811.50183,790.54944,743.8095,-0.00885009765625,0.12646484375,0.9793701171875,2.564544677734375,-4.015045166015625,0.800018310546875,1.0,1.0,1.0,1.0,1.0,95.0,event
12:10:22.798,0.72460943,-0.30405375,-0.18125917,0.7491184,0.93770766,-0.21931204,-0.47336206,0.7170059,1.1015573,-0.049444307,-0.023581492,1.1320465,1.086993,0.24948488,0.2736464,1.0510741,0.93000776,0.3000711,0.30269957,0.9409597,815.5311,808.2784,812.3077,800.6227,770.0,-0.00885009765625,0.12646484375,0.9793701171875,2.564544677734375,-4.015045166015625,0.800018310546875,1.0,1.0,1.0,1.0,1.0,95.0,event
12:10:22.798,0.72460943,-0.30405375,-0.18125917,0.7491184,0.93770766,-0.21931204,-0.47336206,0.7170059,1.1015573,-0.049444307,-0.023581492,1.1320465,1.086993,0.24948488,0.2736464,1.0510741,0.93000776,0.3000711,0.30269957,0.9409597,794.57874,811.9048,803.0403,806.6667,970.65936,-0.00885009765625,0.12646484375,0.9793701171875,2.564544677734375,-4.015045166015625,0.800018310546875,1.0,1.0,1.0,1.0,1.0,95.0,event
12:10:22.799,0.72460943,-0.30405375,-0.18125917,0.7491184,0.93770766,-0.21931204,-0.47336206,0.7170059,1.1015573,-0.049444307,-0.023581492,1.1320465,1.086993,0.24948488,0.2736464,1.0510741,0.93000776,0.3000711,0.30269957,0.9409597,802.23444,809.89014,799.41394,797.8022,948.9011,-0.00885009765625,0.12646484375,0.9793701171875,2.564544677734375,-4.015045166015625,0.800018310546875,1.0,1.0,1.0,1.0,1.0,95.0,event
12:10:22.799,0.72460943,-0.30405375,-0.18125917,0.7491184,0.93770766,-0.21931204,-0.47336206,0.7170059,1.1015573,-0.049444307,-0.023581492,1.1320465,1.086993,0.24948488,0.2736464,1.0510741,0.93000776,0.3000711,0.30269957,0.9409597,807.8755,808.2784,809.89014,799.41394,725.2747,-0.00885009765625,0.12646484375,0.9793701171875,2.564544677734375,-4.015045166015625,0.800018310546875,1.0,1.0,1.0,1.0,1.0,95.0,event
12:10:22.800,0.72460943,-0.30405375,-0.18125917,0.7491184,0.93770766,-0.21931204,-0.47336206,0.7170059,1.1015573,-0.049444307,-0.023581492,1.1320465,1.086993,0.24948488,0.2736464,1.0510741,0.93000776,0.3000711,0.30269957,0.9409597,801.02563,807.8755,810.696,801.8315,680.54944,-0.00885009765625,0.12646484375,0.9793701171875,2.564544677734375,-4.015045166015625,0.800018310546875,1.0,1.0,1.0,1.0,1.0,95.0,event
12:10:22.800,0.72460943,-0.30405375,-0.18125917,0.7491184,0.93770766,-0.21931204,-0.47336206,0.7170059,1.1015573,-0.049444307,-0.023581492,1.1320465,1.086993,0.24948488,0.2736464,1.0510741,0.93000776,0.3000711,0.30269957,0.9409597,766.77655,808.2784,811.9048,815.12823,751.8681,-0.00885009765625,0.12646484375,0.9793701171875,2.564544677734375,-4.015045166015625,0.800018310546875,1.0,1.0,1.0,1.0,1.0,95.0,event
12:10:22.801,0.72460943,-0.30405375,-0.18125917,0.7491184,0.93770766,-0.21931204,-0.47336206,0.7170059,1.1015573,-0.049444307,-0.023581492,1.1320465,1.086993,0.24948488,0.2736464,1.0510741,0.93000776,0.3000711,0.30269957,0.9409597,768.7912,805.05493,816.337,799.011,802.23444,-0.00885009765625,0.12646484375,0.9793701171875,2.564544677734375,-4.015045166015625,0.800018310546875,1.0,1.0,1.0,1.0,1.0,95.0,event
12:10:22.865,0.72460943,-0.30405375,-0.18125917,0.7491184,0.93770766,-0.21931204,-0.47336206,0.7170059,1.1015573,-0.049444307,-0.023581492,1.1320465,1.086993,0.24948488,0.2736464,1.0510741,0.93000776,0.3000711,0.30269957,0.9409597,814.7253,795.38464,811.9048,795.78754,696.26373,-0.01702880859375,0.122802734375,0.979248046875,1.95892333984375,-3.887939453125,0.37384033203125,1.0,1.0,1.0,1.0,1.0,95.0,event
12:10:22.866,0.72460943,-0.30405375,-0.18125917,0.7491184,0.93770766,-0.21931204,-0.47336206,0.7170059,1.1015573,-0.049444307,-0.023581492,1.1320465,1.086993,0.24948488,0.2736464,1.0510741,0.93000776,0.3000711,0.30269957,0.9409597,813.91943,797.8022,803.0403,808.68134,705.9341,-0.01702880859375,0.122802734375,0.979248046875,1.95892333984375,-3.887939453125,0.37384033203125,1.0,1.0,1.0,1.0,1.0,95.0,event
12:10:22.867,0.72460943,-0.30405375,-0.18125917,0.7491184,0.93770766,-0.21931204,-0.47336206,0.7170059,1.1015573,-0.049444307,-0.023581492,1.1320465,1.086993,0.24948488,0.2736464,1.0510741,0.93000776,0.3000711,0.30269957,0.9409597,786.1172,815.5311,801.4286,791.75824,926.337,-0.01702880859375,0.122802734375,0.979248046875,1.95892333984375,-3.887939453125,0.37384033203125,1.0,1.0,1.0,1.0,1.0,95.0,event
12:10:22.868,0.72460943,-0.30405375,-0.18125917,0.7491184,0.93770766,-0.21931204,-0.47336206,0.7170059,1.1015573,-0.049444307,-0.023581492,1.1320465,1.086993,0.24948488,0.2736464,1.0510741,0.93000776,0.3000711,0.30269957,0.9409597,782.49084,819.5604,804.2491,790.54944,832.8571,-0.01702880859375,0.122802734375,0.979248046875,1.95892333984375,-3.887939453125,0.37384033203125,1.0,1.0,1.0,1.0,1.0,95.0,event
12:10:22.868,0.72460943,-0.30405375,-0.18125917,0.7491184,0.93770766,-0.21931204,-0.47336206,0.7170059,1.1015573,-0.049444307,-0.023581492,1.1320465,1.086993,0.24948488,0.2736464,1.0510741,0.93000776,0.3000711,0.30269957,0.9409597,782.8938,807.8755,798.60803,799.81683,739.7802,-0.01702880859375,0.122802734375,0.979248046875,1.95892333984375,-3.887939453125,0.37384033203125,1.0,1.0,1.0,1.0,1.0,95.0,event
12:10:22.869,0.72460943,-0.30405375,-0.18125917,0.7491184,0.93770766,-0.21931204,-0.47336206,0.7170059,1.1015573,-0.049444307,-0.023581492,1.1320465,1.086993,0.24948488,0.2736464,1.0510741,0.93000776,0.3000711,0.30269957,0.9409597,815.9341,804.65204,800.6227,806.26373,878.7912,-0.01702880859375,0.122802734375,0.979248046875,1.95892333984375,-3.887939453125,0.37384033203125,1.0,1.0,1.0,1.0,1.0,95.0,event
12:10:22.869,0.72460943,-0.30405375,-0.18125917,0.7491184,0.93770766,-0.21931204,-0.47336206,0.7170059,1.1015573,-0.049444307,-0.023581492,1.1320465,1.086993,0.24948488,0.2736464,1.0510741,0.93000776,0.3000711,0.30269957,0.9409597,819.5604,810.293,810.696,785.7143,945.2747,-0.01702880859375,0.122802734375,0.979248046875,1.95892333984375,-3.887939453125,0.37384033203125,1.0,1.0,1.0,1.0,1.0,95.0,event
12:10:22.870,0.72460943,-0.30405375,-0.18125917,0.7491184,0.93770766,-0.21931204,-0.47336206,0.7170059,1.1015573,-0.049444307,-0.023581492,1.1320465,1.086993,0.24948488,0.2736464,1.0510741,0.93000776,0.3000711,0.30269957,0.9409597,761.13556,804.65204,821.978,745.0183,785.31134,-0.01702880859375,0.122802734375,0.979248046875,1.95892333984375,-3.887939453125,0.37384033203125,1.0,1.0,1.0,1.0,1.0,95.0,event
12:10:22.870,0.72460943,-0.30405375,-0.18125917,0.7491184,0.93770766,-0.21931204,-0.47336206,0.7170059,1.1015573,-0.049444307,-0.023581492,1.1320465,1.086993,0.24948488,0.2736464,1.0510741,0.93000776,0.3000711,0.30269957,0.9409597,747.4359,800.6227,824.3956,762.3443,667.6557,-0.01702880859375,0.122802734375,0.979248046875,1.95892333984375,-3.887939453125,0.37384033203125,1.0,1.0,1.0,1.0,1.0,95.0,event
12:10:22.871,0.7525247,-0.3294729,-0.16448571,0.7791331,0.9665779,-0.21936977,-0.45488685,0.72418654,1.0946921,-0.05025404,-0.018771151,1.1320465,1.0989841,0.27021286,0.26898926,1.087206,0.9242868,0.31246987,0.3042598,0.93166417,772.8205,800.2198,813.1135,784.5055,729.707,-0.01702880859375,0.122802734375,0.979248046875,1.95892333984375,-3.887939453125,0.37384033203125,1.0,1.0,1.0,1.0,1.0,95.0,event
12:10:22.876,0.7525247,-0.3294729,-0.16448571,0.7791331,0.9665779,-0.21936977,-0.45488685,0.72418654,1.0946921,-0.05025404,-0.018771151,1.1320465,1.0989841,0.27021286,0.26898926,1.087206,0.9242868,0.31246987,0.3042598,0.93166417,762.74725,807.8755,813.1135,804.65204,689.81683,-0.01702880859375,0.122802734375,0.979248046875,1.95892333984375,-3.887939453125,0.37384033203125,1.0,1.0,1.0,1.0,1.0,95.0,event
12:10:22.876,0.7525247,-0.3294729,-0.16448571,0.7791331,0.9665779,-0.21936977,-0.45488685,0.72418654,1.0946921,-0.05025404,-0.018771151,1.1320465,1.0989841,0.27021286,0.26898926,1.087206,0.9242868,0.31246987,0.3042598,0.93166417,780.87915,806.26373,802.23444,783.69965,800.6227,-0.01702880859375,0.122802734375,0.979248046875,1.95892333984375,-3.887939453125,0.37384033203125,1.0,1.0,1.0,1.0,1.0,95.0,event
12:10:22.901,0.7525247,-0.3294729,-0.16448571,0.7791331,0.9665779,-0.21936977,-0.45488685,0.72418654,1.0946921,-0.05025404,-0.018771151,1.1320465,1.0989841,0.27021286,0.26898926,1.087206,0.9242868,0.31246987,0.3042598,0.93166417,751.4652,795.78754,821.5751,784.90845,620.9158,-0.01702880859375,0.122802734375,0.979248046875,1.95892333984375,-3.887939453125,0.37384033203125,1.0,1.0,1.0,1.0,1.0,95.0,event
12:10:22.902,0.7525247,-0.3294729,-0.16448571,0.7791331,0.9665779,-0.21936977,-0.45488685,0.72418654,1.0946921,-0.05025404,-0.018771151,1.1320465,1.0989841,0.27021286,0.26898926,1.087206,0.9242868,0.31246987,0.3042598,0.93166417,767.5824,790.54944,817.9487,768.7912,720.84247,-0.01702880859375,0.122802734375,0.979248046875,1.95892333984375,-3.887939453125,0.37384033203125,1.0,1.0,1.0,1.0,1.0,95.0,event
12:10:22.903,0.7525247,-0.3294729,-0.16448571,0.7791331,0.9665779,-0.21936977,-0.45488685,0.72418654,1.0946921,-0.05025404,-0.018771151,1.1320465,1.0989841,0.27021286,0.26898926,1.087206,0.9242868,0.31246987,0.3042598,0.93166417,772.4176,797.8022,811.50183,775.64105,791.75824,-0.01702880859375,0.122802734375,0.979248046875,1.95892333984375,-3.887939453125,0.37384033203125,1.0,1.0,1.0,1.0,1.0,95.0,event
12:10:22.903,0.7525247,-0.3294729,-0.16448571,0.7791331,0.9665779,-0.21936977,-0.45488685,0.72418654,1.0946921,-0.05025404,-0.018771151,1.1320465,1.0989841,0.27021286,0.26898926,1.087206,0.9242868,0.31246987,0.3042598,0.93166417,772.8205,803.44324,808.2784,784.90845,801.02563,-0.01702880859375,0.122802734375,0.979248046875,1.95892333984375,-3.887939453125,0.37384033203125,1.0,1.0,1.0,1.0,1.0,95.0,event
12:10:22.904,0.7525247,-0.3294729,-0.16448571,0.7791331,0.9665779,-0.21936977,-0.45488685,0.72418654,1.0946921,-0.05025404,-0.018771151,1.1320465,1.0989841,0.27021286,0.26898926,1.087206,0.9242868,0.31246987,0.3042598,0.93166417,790.9524,798.60803,807.47253,790.9524,807.47253,-0.01702880859375,0.122802734375,0.979248046875,1.95892333984375,-3.887939453125,0.37384033203125,1.0,1.0,1.0,1.0,1.0,95.0,event
12:10:22.904,0.7525247,-0.3294729,-0.16448571,0.7791331,0.9665779,-0.21936977,-0.45488685,0.72418654,1.0946921,-0.05025404,-0.018771151,1.1320465,1.0989841,0.27021286,0.26898926,1.087206,0.9242868,0.31246987,0.3042598,0.93166417,787.326,794.9817,812.3077,793.7729,1004.5055,-0.01702880859375,0.122802734375,0.979248046875,1.95892333984375,-3.887939453125,0.37384033203125,1.0,1.0,1.0,1.0,1.0,95.0,event
12:10:22.906,0.7525247,-0.3294729,-0.16448571,0.7791331,0.9665779,-0.21936977,-0.45488685,0.72418654,1.0946921,-0.05025404,-0.018771151,1.1320465,1.0989841,0.27021286,0.26898926,1.087206,0.9242868,0.31246987,0.3042598,0.93166417,782.0879,794.9817,809.0842,775.64105,1124.1758,-0.01702880859375,0.122802734375,0.979248046875,1.95892333984375,-3.887939453125,0.37384033203125,1.0,1.0,1.0,1.0,1.0,95.0,event
12:10:22.907,0.7525247,-0.3294729,-0.16448571,0.7791331,0.9665779,-0.21936977,-0.45488685,0.72418654,1.0946921,-0.05025404,-0.018771151,1.1320465,1.0989841,0.27021286,0.26898926,1.087206,0.9242868,0.31246987,0.3042598,0.93166417,796.99634,797.8022,800.6227,776.4469,786.52014,-0.01702880859375,0.122802734375,0.979248046875,1.95892333984375,-3.887939453125,0.37384033203125,1.0,1.0,1.0,1.0,1.0,95.0,event
12:10:22.908,0.7525247,-0.3294729,-0.16448571,0.7791331,0.9665779,-0.21936977,-0.45488685,0.72418654,1.0946921,-0.05025404,-0.018771151,1.1320465,1.0989841,0.27021286,0.26898926,1.087206,0.9242868,0.31246987,0.3042598,0.93166417,784.10254,801.02563,810.293,780.87915,643.8828,-0.01702880859375,0.122802734375,0.979248046875,1.95892333984375,-3.887939453125,0.37384033203125,1.0,1.0,1.0,1.0,1.0,95.0,event
12:10:22.909,0.7525247,-0.3294729,-0.16448571,0.7791331,0.9665779,-0.21936977,-0.45488685,0.72418654,1.0946921,-0.05025404,-0.018771151,1.1320465,1.0989841,0.27021286,0.26898926,1.087206,0.9242868,0.31246987,0.3042598,0.93166417,770.40295,811.0989,819.15753,780.4762,825.6044,-0.01702880859375,0.122802734375,0.979248046875,1.95892333984375,-3.887939453125,0.37384033203125,1.0,1.0,1.0,1.0,1.0,95.0,event
12:10:22.910,0.7525247,-0.3294729,-0.16448571,0.7791331,0.9665779,-0.21936977,-0.45488685,0.72418654,1.0946921,-0.05025404,-0.018771151,1.1320465,1.0989841,0.27021286,0.26898926,1.087206,0.9242868,0.31246987,0.3042598,0.93166417,786.52014,820.7692,819.15753,810.696,821.978,-0.01702880859375,0.122802734375,0.979248046875,1.95892333984375,-3.887939453125,0.37384033203125,1.0,1.0,1.0,1.0,1.0,95.0,event
12:10:22.911,0.7525247,-0.3294729,-0.16448571,0.7791331,0.9665779,-0.21936977,-0.45488685,0.72418654,1.0946921,-0.05025404,-0.018771151,1.1320465,1.0989841,0.27021286,0.26898926,1.087206,0.9242868,0.31246987,0.3042598,0.93166417,790.54944,816.7399,821.978,790.54944,741.39197,-0.01702880859375,0.122802734375,0.979248046875,1.95892333984375,-3.887939453125,0.37384033203125,1.0,1.0,1.0,1.0,1.0,95.0,event
12:10:22.965,0.7525247,-0.3294729,-0.16448571,0.7791331,0.9665779,-0.21936977,-0.45488685,0.72418654,1.0946921,-0.05025404,-0.018771151,1.1320465,1.0989841,0.27021286,0.26898926,1.087206,0.9242868,0.31246987,0.3042598,0.93166417,790.54944,811.50183,824.3956,787.72894,749.45056,-0.01641845703125,0.1285400390625,0.980712890625,2.52716064453125,-4.32159423828125,-0.007476806640625,1.0,1.0,1.0,1.0,1.0,95.0,event
12:10:22.966,0.7525247,-0.3294729,-0.16448571,0.7791331,0.9665779,-0.21936977,-0.45488685,0.72418654,1.0946921,-0.05025404,-0.018771151,1.1320465,1.0989841,0.27021286,0.26898926,1.087206,0.9242868,0.31246987,0.3042598,0.93166417,805.8608,809.0842,822.7839,815.5311,919.0842,-0.01641845703125,0.1285400390625,0.980712890625,2.52716064453125,-4.32159423828125,-0.007476806640625,1.0,1.0,1.0,1.0,1.0,95.0,event
12:10:22.966,0.7525247,-0.3294729,-0.16448571,0.7791331,0.9665779,-0.21936977,-0.45488685,0.72418654,1.0946921,-0.05025404,-0.018771151,1.1320465,1.0989841,0.27021286,0.26898926,1.087206,0.9242868,0.31246987,0.3042598,0.93166417,804.65204,809.89014,827.2161,819.15753,922.3077,-0.01641845703125,0.1285400390625,0.980712890625,2.52716064453125,-4.32159423828125,-0.007476806640625,1.0,1.0,1.0,1.0,1.0,95.0,event
12:10:22.967,0.7525247,-0.3294729,-0.16448571,0.7791331,0.9665779,-0.21936977,-0.45488685,0.72418654,1.0946921,-0.05025404,-0.018771151,1.1320465,1.0989841,0.27021286,0.26898926,1.087206,0.9242868,0.31246987,0.3042598,0.93166417,776.4469,804.65204,825.2015,792.96704,829.6337,-0.01641845703125,0.1285400390625,0.980712890625,2.52716064453125,-4.32159423828125,-0.007476806640625,1.0,1.0,1.0,1.0,1.0,95.0,event
12:10:22.967,0.7525247,-0.3294729,-0.16448571,0.7791331,0.9665779,-0.21936977,-0.45488685,0.72418654,1.0946921,-0.05025404,-0.018771151,1.1320465,1.0989841,0.27021286,0.26898926,1.087206,0.9242868,0.31246987,0.3042598,0.93166417,746.63007,801.4286,813.5165,774.43225,849.3773,-0.01641845703125,0.1285400390625,0.980712890625,2.52716064453125,-4.32159423828125,-0.007476806640625,1.0,1.0,1.0,1.0,1.0,95.0,event
12:10:22.968,0.7525247,-0.3294729,-0.16448571,0.7791331,0.9665779,-0.21936977,-0.45488685,0.72418654,1.0946921,-0.05025404,-0.018771151,1.1320465,1.0989841,0.27021286,0.26898926,1.087206,0.9242868,0.31246987,0.3042598,0.93166417,746.63007,810.293,814.7253,771.6117,887.6557,-0.01641845703125,0.1285400390625,0.980712890625,2.52716064453125,-4.32159423828125,-0.007476806640625,1.0,1.0,1.0,1.0,1.0,95.0,event
12:10:22.968,0.7525247,-0.3294729,-0.16448571,0.7791331,0.9665779,-0.21936977,-0.45488685,0.72418654,1.0946921,-0.05025404,-0.018771151,1.1320465,1.0989841,0.27021286,0.26898926,1.087206,0.9242868,0.31246987,0.3042598,0.93166417,736.55676,801.8315,826.4103,759.92676,876.3736,-0.01641845703125,0.1285400390625,0.980712890625,2.52716064453125,-4.32159423828125,-0.007476806640625,1.0,1.0,1.0,1.0,1.0,95.0,event
12:10:22.969,0.7525247,-0.3294729,-0.16448571,0.7791331,0.9665779,-0.21936977,-0.45488685,0.72418654,1.0946921,-0.05025404,-0.018771151,1.1320465,1.0989841,0.27021286,0.26898926,1.087206,0.9242868,0.31246987,0.3042598,0.93166417,741.39197,788.5348,838.9011,760.7326,890.87915,-0.01641845703125,0.1285400390625,0.980712890625,2.52716064453125,-4.32159423828125,-0.007476806640625,1.0,1.0,1.0,1.0,1.0,95.0,event
12:10:22.970,0.7525247,-0.3294729,-0.16448571,0.7791331,0.9665779,-0.21936977,-0.45488685,0.72418654,1.0946921,-0.05025404,-0.018771151,1.1320465,1.0989841,0.27021286,0.26898926,1.087206,0.9242868,0.31246987,0.3042598,0.93166417,698.2784,812.3077,822.381,708.7546,860.65936,-0.01641845703125,0.1285400390625,0.980712890625,2.52716064453125,-4.32159423828125,-0.007476806640625,1.0,1.0,1.0,1.0,1.0,95.0,event
12:10:22.970,0.7525247,-0.3294729,-0.16448571,0.7791331,0.9665779,-0.21936977,-0.45488685,0.72418654,1.0946921,-0.05025404,-0.018771151,1.1320465,1.0989841,0.27021286,0.26898926,1.087206,0.9242868,0.31246987,0.3042598,0.93166417,727.28937,798.60803,832.8571,739.3773,892.0879,-0.01641845703125,0.1285400390625,0.980712890625,2.52716064453125,-4.32159423828125,-0.007476806640625,1.0,1.0,1.0,1.0,1.0,95.0,event
12:10:22.971,0.7525247,-0.3294729,-0.16448571,0.7791331,0.9665779,-0.21936977,-0.45488685,0.72418654,1.0946921,-0.05025404,-0.018771151,1.1320465,1.0989841,0.27021286,0.26898926,1.087206,0.9242868,0.31246987,0.3042598,0.93166417,691.8315,811.9048,821.1722,691.8315,776.04395,-0.01641845703125,0.1285400390625,0.980712890625,2.52716064453125,-4.32159423828125,-0.007476806640625,1.0,1.0,1.0,1.0,1.0,95.0,event
12:10:22.971,0.77721936,-0.33822095,-0.16330595,0.7950724,0.9939996,-0.21176603,-0.44432852,0.7407608,1.0943447,-0.030438848,-0.0058009108,1.1320465,1.1051733,0.29070497,0.26865578,1.1027676,0.9171434,0.3258687,0.30089203,0.937331,650.32965,813.1135,828.4249,657.5824,688.20514,-0.01641845703125,0.1285400390625,0.980712890625,2.52716064453125,-4.32159423828125,-0.007476806640625,1.0,1.0,1.0,1.0,1.0,95.0,event
12:10:23.003,0.77721936,-0.33822095,-0.16330595,0.7950724,0.9939996,-0.21176603,-0.44432852,0.7407608,1.0943447,-0.030438848,-0.0058009108,1.1320465,1.1051733,0.29070497,0.26865578,1.1027676,0.9171434,0.3258687,0.30089203,0.937331,622.9304,823.5897,839.707,609.6337,774.0293,-0.00469970703125,0.130859375,0.97845458984375,2.6318359375,-3.75335693359375,0.88226318359375,1.0,1.0,1.0,1.0,1.0,95.0,event
12:10:23.004,0.77721936,-0.33822095,-0.16330595,0.7950724,0.9939996,-0.21176603,-0.44432852,0.7407608,1.0943447,-0.030438848,-0.0058009108,1.1320465,1.1051733,0.29070497,0.26865578,1.1027676,0.9171434,0.3258687,0.30089203,0.937331,602.381,830.0366,834.87177,595.12823,1058.4982,-0.00469970703125,0.130859375,0.97845458984375,2.6318359375,-3.75335693359375,0.88226318359375,1.0,1.0,1.0,1.0,1.0,95.0,event
12:10:23.005,0.77721936,-0.33822095,-0.16330595,0.7950724,0.9939996,-0.21176603,-0.44432852,0.7407608,1.0943447,-0.030438848,-0.0058009108,1.1320465,1.1051733,0.29070497,0.26865578,1.1027676,0.9171434,0.3258687,0.30089203,0.937331,538.71796,826.4103,839.304,567.72894,902.5641,-0.00469970703125,0.130859375,0.97845458984375,2.6318359375,-3.75335693359375,0.88226318359375,1.0,1.0,1.0,1.0,1.0,95.0,event
12:10:23.006,0.77721936,-0.33822095,-0.16330595,0.7950724,0.9939996,-0.21176603,-0.44432852,0.7407608,1.0943447,-0.030438848,-0.0058009108,1.1320465,1.1051733,0.29070497,0.26865578,1.1027676,0.9171434,0.3258687,0.30089203,0.937331,499.23077,830.4396,855.82416,524.61536,675.31134,-0.00469970703125,0.130859375,0.97845458984375,2.6318359375,-3.75335693359375,0.88226318359375,1.0,1.0,1.0,1.0,1.0,95.0,event
12:10:23.006,0.77721936,-0.33822095,-0.16330595,0.7950724,0.9939996,-0.21176603,-0.44432852,0.7407608,1.0943447,-0.030438848,-0.0058009108,1.1320465,1.1051733,0.29070497,0.26865578,1.1027676,0.9171434,0.3258687,0.30089203,0.937331,508.9011,840.9158,854.21246,532.27106,774.83514,-0.00469970703125,0.130859375,0.97845458984375,2.6318359375,-3.75335693359375,0.88226318359375,1.0,1.0,1.0,1.0,1.0,95.0,event
12:10:23.007,0.77721936,-0.33822095,-0.16330595,0.7950724,0.9939996,-0.21176603,-0.44432852,0.7407608,1.0943447,-0.030438848,-0.0058009108,1.1320465,1.1051733,0.29070497,0.26865578,1.1027676,0.9171434,0.3258687,0.30089203,0.937331,521.39197,841.31866,865.09155,552.8205,794.9817,-0.00469970703125,0.130859375,0.97845458984375,2.6318359375,-3.75335693359375,0.88226318359375,1.0,1.0,1.0,1.0,1.0,95.0,event
12:10:23.008,0.77721936,-0.33822095,-0.16330595,0.7950724,0.9939996,-0.21176603,-0.44432852,0.7407608,1.0943447,-0.030438848,-0.0058009108,1.1320465,1.1051733,0.29070497,0.26865578,1.1027676,0.9171434,0.3258687,0.30089203,0.937331,539.12085,834.0659,871.9414,551.2088,722.0513,-0.00469970703125,0.130859375,0.97845458984375,2.6318359375,-3.75335693359375,0.88226318359375,1.0,1.0,1.0,1.0,1.0,95.0,event
12:10:23.009,0.77721936,-0.33822095,-0.16330595,0.7950724,0.9939996,-0.21176603,-0.44432852,0.7407608,1.0943447,-0.030438848,-0.0058009108,1.1320465,1.1051733,0.29070497,0.26865578,1.1027676,0.9171434,0.3258687,0.30089203,0.937331,567.326,818.7546,853.00366,589.89014,936.0073,-0.00469970703125,0.130859375,0.97845458984375,2.6318359375,-3.75335693359375,0.88226318359375,1.0,1.0,1.0,1.0,1.0,95.0,event
12:10:23.009,0.77721936,-0.33822095,-0.16330595,0.7950724,0.9939996,-0.21176603,-0.44432852,0.7407608,1.0943447,-0.030438848,-0.0058009108,1.1320465,1.1051733,0.29070497,0.26865578,1.1027676,0.9171434,0.3258687,0.30089203,0.937331,560.87915,822.7839,854.21246,566.52014,710.7692,-0.00469970703125,0.130859375,0.97845458984375,2.6318359375,-3.75335693359375,0.88226318359375,1.0,1.0,1.0,1.0,1.0,95.0,event
12:10:23.010,0.77721936,-0.33822095,-0.16330595,0.7950724,0.9939996,-0.21176603,-0.44432852,0.7407608,1.0943447,-0.030438848,-0.0058009108,1.1320465,1.1051733,0.29070497,0.26865578,1.1027676,0.9171434,0.3258687,0.30089203,0.937331,585.05493,820.3663,858.6447,590.293,992.8205,-0.00469970703125,0.130859375,0.97845458984375,2.6318359375,-3.75335693359375,0.88226318359375,1.0,1.0,1.0,1.0,1.0,95.0,event
12:10:23.011,0.77721936,-0.33822095,-0.16330595,0.7950724,0.9939996,-0.21176603,-0.44432852,0.7407608,1.0943447,-0.030438848,-0.0058009108,1.1320465,1.1051733,0.29070497,0.26865578,1.1027676,0.9171434,0.3258687,0.30089203,0.937331,618.49817,821.5751,853.4066,600.7692,748.24176,-0.00469970703125,0.130859375,0.97845458984375,2.6318359375,-3.75335693359375,0.88226318359375,1.0,1.0,1.0,1.0,1.0,95.0,event
12:10:23.011,0.77721936,-0.33822095,-0.16330595,0.7950724,0.9939996,-0.21176603,-0.44432852,0.7407608,1.0943447,-0.030438848,-0.0058009108,1.1320465,1.1051733,0.29070497,0.26865578,1.1027676,0.9171434,0.3258687,0.30089203,0.937331,653.5531,816.7399,838.49817,618.49817,741.39197,-0.00469970703125,0.130859375,0.97845458984375,2.6318359375,-3.75335693359375,0.88226318359375,1.0,1.0,1.0,1.0,1.0,95.0,event
12:10:23.038,0.77721936,-0.33822095,-0.16330595,0.7950724,0.9939996,-0.21176603,-0.44432852,0.7407608,1.0943447,-0.030438848,-0.0058009108,1.1320465,1.1051733,0.29070497,0.26865578,1.1027676,0.9171434,0.3258687,0.30089203,0.937331,658.7912,808.68134,823.5897,657.1795,846.9597,-0.0174560546875,0.12689208984375,0.98175048828125,1.517791748046875,-3.581390380859375,-0.31402587890625,1.0,1.0,1.0,1.0,1.0,95.0,event
12:10:23.039,0.77721936,-0.33822095,-0.16330595,0.7950724,0.9939996,-0.21176603,-0.44432852,0.7407608,1.0943447,-0.030438848,-0.0058009108,1.1320465,1.1051733,0.29070497,0.26865578,1.1027676,0.9171434,0.3258687,0.30089203,0.937331,670.07324,809.4872,821.1722,696.26373,760.7326,-0.0174560546875,0.12689208984375,0.98175048828125,1.517791748046875,-3.581390380859375,-0.31402587890625,1.0,1.0,1.0,1.0,1.0,95.0,event
12:10:23.040,0.77721936,-0.33822095,-0.16330595,0.7950724,0.9939996,-0.21176603,-0.44432852,0.7407608,1.0943447,-0.030438848,-0.0058009108,1.1320465,1.1051733,0.29070497,0.26865578,1.1027676,0.9171434,0.3258687,0.30089203,0.937331,695.05493,811.0989,825.6044,704.3223,684.17584,-0.0174560546875,0.12689208984375,0.98175048828125,1.517791748046875,-3.581390380859375,-0.31402587890625,1.0,1.0,1.0,1.0,1.0,95.0,event
12:10:23.040,0.77721936,-0.33822095,-0.16330595,0.7950724,0.9939996,-0.21176603,-0.44432852,0.7407608,1.0943447,-0.030438848,-0.0058009108,1.1320465,1.1051733,0.29070497,0.26865578,1.1027676,0.9171434,0.3258687,0.30089203,0.937331,718.4249,797.8022,818.7546,716.0073,763.95605,-0.0174560546875,0.12689208984375,0.98175048828125,1.517791748046875,-3.581390380859375,-0.31402587890625,1.0,1.0,1.0,1.0,1.0,95.0,event
12:10:23.041,0.77721936,-0.33822095,-0.16330595,0.7950724,0.9939996,-0.21176603,-0.44432852,0.7407608,1.0943447,-0.030438848,-0.0058009108,1.1320465,1.1051733,0.29070497,0.26865578,1.1027676,0.9171434,0.3258687,0.30089203,0.937331,730.9158,788.93774,803.0403,747.4359,955.7509,-0.0174560546875,0.12689208984375,0.98175048828125,1.517791748046875,-3.581390380859375,-0.31402587890625,1.0,1.0,1.0,1.0,1.0,95.0,event
12:10:23.042,0.77721936,-0.33822095,-0.16330595,0.7950724,0.9939996,-0.21176603,-0.44432852,0.7407608,1.0943447,-0.030438848,-0.0058009108,1.1320465,1.1051733,0.29070497,0.26865578,1.1027676,0.9171434,0.3258687,0.30089203,0.937331,775.2381,799.41394,828.022,777.6557,826.0073,-0.0174560546875,0.12689208984375,0.98175048828125,1.517791748046875,-3.581390380859375,-0.31402587890625,1.0,1.0,1.0,1.0,1.0,95.0,event
12:10:23.042,0.77721936,-0.33822095,-0.16330595,0.7950724,0.9939996,-0.21176603,-0.44432852,0.7407608,1.0943447,-0.030438848,-0.0058009108,1.1320465,1.1051733,0.29070497,0.26865578,1.1027676,0.9171434,0.3258687,0.30089203,0.937331,750.65936,797.3993,816.337,770.40295,909.41394,-0.0174560546875,0.12689208984375,0.98175048828125,1.517791748046875,-3.581390380859375,-0.31402587890625,1.0,1.0,1.0,1.0,1.0,95.0,event
12:10:23.043,0.77721936,-0.33822095,-0.16330595,0.7950724,0.9939996,-0.21176603,-0.44432852,0.7407608,1.0943447,-0.030438848,-0.0058009108,1.1320465,1.1051733,0.29070497,0.26865578,1.1027676,0.9171434,0.3258687,0.30089203,0.937331,800.6227,788.93774,796.99634,805.05493,993.6264,-0.0174560546875,0.12689208984375,0.98175048828125,1.517791748046875,-3.581390380859375,-0.31402587890625,1.0,1.0,1.0,1.0,1.0,95.0,event
12:10:23.043,0.77721936,-0.33822095,-0.16330595,0.7950724,0.9939996,-0.21176603,-0.44432852,0.7407608,1.0943447,-0.030438848,-0.0058009108,1.1320465,1.1051733,0.29070497,0.26865578,1.1027676,0.9171434,0.3258687,0.30089203,0.937331,774.83514,796.5934,809.4872,786.9231,849.7802,-0.0174560546875,0.12689208984375,0.98175048828125,1.517791748046875,-3.581390380859375,-0.31402587890625,1.0,1.0,1.0,1.0,1.0,95.0,event
12:10:23.044,0.77721936,-0.33822095,-0.16330595,0.7950724,0.9939996,-0.21176603,-0.44432852,0.7407608,1.0943447,-0.030438848,-0.0058009108,1.1320465,1.1051733,0.29070497,0.26865578,1.1027676,0.9171434,0.3258687,0.30089203,0.937331,822.7839,784.90845,800.2198,836.4835,875.9707,-0.0174560546875,0.12689208984375,0.98175048828125,1.517791748046875,-3.581390380859375,-0.31402587890625,1.0,1.0,1.0,1.0,1.0,95.0,event
12:10:23.045,0.77721936,-0.33822095,-0.16330595,0.7950724,0.9939996,-0.21176603,-0.44432852,0.7407608,1.0943447,-0.030438848,-0.0058009108,1.1320465,1.1051733,0.29070497,0.26865578,1.1027676,0.9171434,0.3258687,0.30089203,0.937331,819.9634,791.75824,800.2198,850.58606,686.1905,-0.0174560546875,0.12689208984375,0.98175048828125,1.517791748046875,-3.581390380859375,-0.31402587890625,1.0,1.0,1.0,1.0,1.0,95.0,event
12:10:23.045,0.77721936,-0.33822095,-0.16330595,0.7950724,0.9939996,-0.21176603,-0.44432852,0.7407608,1.0943447,-0.030438848,-0.0058009108,1.1320465,1.1051733,0.29070497,0.26865578,1.1027676,0.9171434,0.3258687,0.30089203,0.937331,841.31866,798.60803,796.5934,860.65936,788.93774,-0.0174560546875,0.12689208984375,0.98175048828125,1.517791748046875,-3.581390380859375,-0.31402587890625,1.0,1.0,1.0,1.0,1.0,95.0,event
12:10:23.077,0.77721936,-0.33822095,-0.16330595,0.7950724,0.9939996,-0.21176603,-0.44432852,0.7407608,1.0943447,-0.030438848,-0.0058009108,1.1320465,1.1051733,0.29070497,0.26865578,1.1027676,0.9171434,0.3258687,0.30089203,0.937331,855.82416,795.78754,798.20514,843.73627,828.022,-0.00048828125,0.12451171875,0.97857666015625,1.906585693359375,-3.850555419921875,-0.2392578125,1.0,1.0,1.0,1.0,1.0,95.0,event
12:10:23.078,0.78857267,-0.34137267,-0.13805526,0.8106181,1.0092868,-0.19036639,-0.41958714,0.7458718,1.0943447,0.0072666076,0.078850314,1.1320465,1.1026536,0.30684248,0.2726428,1.1137326,0.9119205,0.33377025,0.29533702,0.9493336,866.30035,794.57874,791.75824,835.6777,726.8865,-0.00048828125,0.12451171875,0.97857666015625,1.906585693359375,-3.850555419921875,-0.2392578125,1.0,1.0,1.0,1.0,1.0,95.0,event
12:10:23.083,0.78857267,-0.34137267,-0.13805526,0.8106181,1.0092868,-0.19036639,-0.41958714,0.7458718,1.0943447,0.0072666076,0.078850314,1.1320465,1.1026536,0.30684248,0.2726428,1.1137326,0.9119205,0.33377025,0.29533702,0.9493336,877.1795,798.60803,789.34064,871.9414,761.9414,-0.00048828125,0.12451171875,0.97857666015625,1.906585693359375,-3.850555419921875,-0.2392578125,1.0,1.0,1.0,1.0,1.0,95.0,event
12:10:23.083,0.78857267,-0.34137267,-0.13805526,0.8106181,1.0092868,-0.19036639,-0.41958714,0.7458718,1.0943447,0.0072666076,0.078850314,1.1320465,1.1026536,0.30684248,0.2726428,1.1137326,0.9119205,0.33377025,0.29533702,0.9493336,863.8828,792.96704,801.02563,878.3883,933.5897,-0.00048828125,0.12451171875,0.97857666015625,1.906585693359375,-3.850555419921875,-0.2392578125,1.0,1.0,1.0,1.0,1.0,95.0,event
12:10:23.085,0.78857267,-0.34137267,-0.13805526,0.8106181,1.0092868,-0.19036639,-0.41958714,0.7458718,1.0943447,0.0072666076,0.078850314,1.1320465,1.1026536,0.30684248,0.2726428,1.1137326,0.9119205,0.33377025,0.29533702,0.9493336,842.52747,795.78754,801.4286,859.45056,911.4286,-0.00048828125,0.12451171875,0.97857666015625,1.906585693359375,-3.850555419921875,-0.2392578125,1.0,1.0,1.0,1.0,1.0,95.0,event
12:10:23.086,0.78857267,-0.34137267,-0.13805526,0.8106181,1.0092868,-0.19036639,-0.41958714,0.7458718,1.0943447,0.0072666076,0.078850314,1.1320465,1.1026536,0.30684248,0.2726428,1.1137326,0.9119205,0.33377025,0.29533702,0.9493336,865.4945,803.44324,792.5641,856.63007,799.41394,-0.00048828125,0.12451171875,0.97857666015625,1.906585693359375,-3.850555419921875,-0.2392578125,1.0,1.0,1.0,1.0,1.0,95.0,event
12:10:23.086,0.78857267,-0.34137267,-0.13805526,0.8106181,1.0092868,-0.19036639,-0.41958714,0.7458718,1.0943447,0.0072666076,0.078850314,1.1320465,1.1026536,0.30684248,0.2726428,1.1137326,0.9119205,0.33377025,0.29533702,0.9493336,892.49084,805.05493,789.34064,877.98535,796.99634,-0.00048828125,0.12451171875,0.97857666015625,1.906585693359375,-3.850555419921875,-0.2392578125,1.0,1.0,1.0,1.0,1.0,95.0,event
12:10:23.087,0.78857267,-0.34137267,-0.13805526,0.8106181,1.0092868,-0.19036639,-0.41958714,0.7458718,1.0943447,0.0072666076,0.078850314,1.1320465,1.1026536,0.30684248,0.2726428,1.1137326,0.9119205,0.33377025,0.29533702,0.9493336,882.4176,798.60803,793.36993,887.25275,924.7253,-0.00048828125,0.12451171875,0.97857666015625,1.906585693359375,-3.850555419921875,-0.2392578125,1.0,1.0,1.0,1.0,1.0,95.0,event
12:10:23.088,0.78857267,-0.34137267,-0.13805526,0.8106181,1.0092868,-0.19036639,-0.41958714,0.7458718,1.0943447,0.0072666076,0.078850314,1.1320465,1.1026536,0.30684248,0.2726428,1.1137326,0.9119205,0.33377025,0.29533702,0.9493336,877.1795,799.41394,800.2198,885.64105,946.4835,-0.00048828125,0.12451171875,0.97857666015625,1.906585693359375,-3.850555419921875,-0.2392578125,1.0,1.0,1.0,1.0,1.0,95.0,event
12:10:23.088,0.78857267,-0.34137267,-0.13805526,0.8106181,1.0092868,-0.19036639,-0.41958714,0.7458718,1.0943447,0.0072666076,0.078850314,1.1320465,1.1026536,0.30684248,0.2726428,1.1137326,0.9119205,0.33377025,0.29533702,0.9493336,889.2674,803.8461,783.2967,883.6264,729.304,-0.00048828125,0.12451171875,0.97857666015625,1.906585693359375,-3.850555419921875,-0.2392578125,1.0,1.0,1.0,1.0,1.0,95.0,event
12:10:23.089,0.78857267,-0.34137267,-0.13805526,0.8106181,1.0092868,-0.19036639,-0.41958714,0.7458718,1.0943447,0.0072666076,0.078850314,1.1320465,1.1026536,0.30684248,0.2726428,1.1137326,0.9119205,0.33377025,0.29533702,0.9493336,887.25275,803.44324,779.2674,863.47986,719.2308,-0.00048828125,0.12451171875,0.97857666015625,1.906585693359375,-3.850555419921875,-0.2392578125,1.0,1.0,1.0,1.0,1.0,95.0,event
12:10:23.090,0.78857267,-0.34137267,-0.13805526,0.8106181,1.0092868,-0.19036639,-0.41958714,0.7458718,1.0943447,0.0072666076,0.078850314,1.1320465,1.1026536,0.30684248,0.2726428,1.1137326,0.9119205,0.33377025,0.29533702,0.9493336,854.21246,803.8461,796.5934,850.58606,805.4579,-0.00048828125,0.12451171875,0.97857666015625,1.906585693359375,-3.850555419921875,-0.2392578125,1.0,1.0,1.0,1.0,1.0,95.0,event
12:10:23.112,0.78857267,-0.34137267,-0.13805526,0.8106181,1.0092868,-0.19036639,-0.41958714,0.7458718,1.0943447,0.0072666076,0.078850314,1.1320465,1.1026536,0.30684248,0.2726428,1.1137326,0.9119205,0.33377025,0.29533702,0.9493336,851.39197,795.38464,799.41394,871.53845,795.38464,-0.00048828125,0.12451171875,0.97857666015625,1.906585693359375,-3.850555419921875,-0.2392578125,1.0,1.0,1.0,1.0,1.0,95.0,event
12:10:23.113,0.78857267,-0.34137267,-0.13805526,0.8106181,1.0092868,-0.19036639,-0.41958714,0.7458718,1.0943447,0.0072666076,0.078850314,1.1320465,1.1026536,0.30684248,0.2726428,1.1137326,0.9119205,0.33377025,0.29533702,0.9493336,853.00366,784.90845,799.41394,867.1062,767.1795,-0.00048828125,0.12451171875,0.97857666015625,1.906585693359375,-3.850555419921875,-0.2392578125,1.0,1.0,1.0,1.0,1.0,95.0,event
12:10:23.114,0.78857267,-0.34137267,-0.13805526,0.8106181,1.0092868,-0.19036639,-0.41958714,0.7458718,1.0943447,0.0072666076,0.078850314,1.1320465,1.1026536,0.30684248,0.2726428,1.1137326,0.9119205,0.33377025,0.29533702,0.9493336,839.707,788.1319,804.2491,865.89746,802.23444,-0.00048828125,0.12451171875,0.97857666015625,1.906585693359375,-3.850555419921875,-0.2392578125,1.0,1.0,1.0,1.0,1.0,95.0,event
12:10:23.115,0.78857267,-0.34137267,-0.13805526,0.8106181,1.0092868,-0.19036639,-0.41958714,0.7458718,1.0943447,0.0072666076,0.078850314,1.1320465,1.1026536,0.30684248,0.2726428,1.1137326,0.9119205,0.33377025,0.29533702,0.9493336,855.0183,797.3993,794.9817,875.9707,888.86444,-0.00048828125,0.12451171875,0.97857666015625,1.906585693359375,-3.850555419921875,-0.2392578125,1.0,1.0,1.0,1.0,1.0,95.0,event
12:10:23.116,0.78857267,-0.34137267,-0.13805526,0.8106181,1.0092868,-0.19036639,-0.41958714,0.7458718,1.0943447,0.0072666076,0.078850314,1.1320465,1.1026536,0.30684248,0.2726428,1.1137326,0.9119205,0.33377025,0.29533702,0.9493336,867.9121,805.4579,795.78754,868.71796,784.5055,-0.00048828125,0.12451171875,0.97857666015625,1.906585693359375,-3.850555419921875,-0.2392578125,1.0,1.0,1.0,1.0,1.0,95.0,event
12:10:23.117,0.78857267,-0.34137267,-0.13805526,0.8106181,1.0092868,-0.19036639,-0.41958714,0.7458718,1.0943447,0.0072666076,0.078850314,1.1320465,1.1026536,0.30684248,0.2726428,1.1137326,0.9119205,0.33377025,0.29533702,0.9493336,876.3736,805.05493,799.41394,846.55676,915.05493,-0.00048828125,0.12451171875,0.97857666015625,1.906585693359375,-3.850555419921875,-0.2392578125,1.0,1.0,1.0,1.0,1.0,95.0,event
12:10:23.117,0.78857267,-0.34137267,-0.13805526,0.8106181,1.0092868,-0.19036639,-0.41958714,0.7458718,1.0943447,0.0072666076,0.078850314,1.1320465,1.1026536,0.30684248,0.2726428,1.1137326,0.9119205,0.33377025,0.29533702,0.9493336,872.3443,806.26373,803.8461,863.47986,777.25275,-0.00048828125,0.12451171875,0.97857666015625,1.906585693359375,-3.850555419921875,-0.2392578125,1.0,1.0,1.0,1.0,1.0,95.0,event
12:10:23.118,0.78857267,-0.34137267,-0.13805526,0.8106181,1.0092868,-0.19036639,-0.41958714,0.7458718,1.0943447,0.0072666076,0.078850314,1.1320465,1.1026536,0.30684248,0.2726428,1.1137326,0.9119205,0.33377025,0.29533702,0.9493336,867.1062,798.20514,799.41394,855.0183,1090.3297,-0.00048828125,0.12451171875,0.97857666015625,1.906585693359375,-3.850555419921875,-0.2392578125,1.0,1.0,1.0,1.0,1.0,95.0,event
12:10:23.119,0.78857267,-0.34137267,-0.13805526,0.8106181,1.0092868,-0.19036639,-0.41958714,0.7458718,1.0943447,0.0072666076,0.078850314,1.1320465,1.1026536,0.30684248,0.2726428,1.1137326,0.9119205,0.33377025,0.29533702,0.9493336,849.3773,799.81683,799.41394,849.7802,920.696,-0.00048828125,0.12451171875,0.97857666015625,1.906585693359375,-3.850555419921875,-0.2392578125,1.0,1.0,1.0,1.0,1.0,95.0,event
12:10:23.119,0.78857267,-0.34137267,-0.13805526,0.8106181,1.0092868,-0.19036639,-0.41958714,0.7458718,1.0943447,0.0072666076,0.078850314,1.1320465,1.1026536,0.30684248,0.2726428,1.1137326,0.9119205,0.33377025,0.29533702,0.9493336,849.7802,803.44324,779.2674,831.2454,666.4469,-0.00048828125,0.12451171875,0.97857666015625,1.906585693359375,-3.850555419921875,-0.2392578125,1.0,1.0,1.0,1.0,1.0,95.0,event
12:10:23.120,0.78857267,-0.34137267,-0.13805526,0.8106181,1.0092868,-0.19036639,-0.41958714,0.7458718,1.0943447,0.0072666076,0.078850314,1.1320465,1.1026536,0.30684248,0.2726428,1.1137326,0.9119205,0.33377025,0.29533702,0.9493336,865.09155,803.8461,781.28204,834.4689,709.15753,-0.00048828125,0.12451171875,0.97857666015625,1.906585693359375,-3.850555419921875,-0.2392578125,1.0,1.0,1.0,1.0,1.0,95.0,event
12:10:23.120,0.78857267,-0.34137267,-0.13805526,0.8106181,1.0092868,-0.19036639,-0.41958714,0.7458718,1.0943447,0.0072666076,0.078850314,1.1320465,1.1026536,0.30684248,0.2726428,1.1137326,0.9119205,0.33377025,0.29533702,0.9493336,867.1062,799.011,803.8461,858.6447,775.2381,-0.00048828125,0.12451171875,0.97857666015625,1.906585693359375,-3.850555419921875,-0.2392578125,1.0,1.0,1.0,1.0,1.0,95.0,event
12:10:23.177,0.78857267,-0.34137267,-0.13805526,0.8106181,1.0092868,-0.19036639,-0.41958714,0.7458718,1.0943447,0.0072666076,0.078850314,1.1320465,1.1026536,0.30684248,0.2726428,1.1137326,0.9119205,0.33377025,0.29533702,0.9493336,848.5714,793.7729,797.3993,880.40295,753.0769,-0.01043701171875,0.12615966796875,0.97686767578125,2.6617431640625,-3.177642822265625,0.37384033203125,1.0,1.0,1.0,1.0,1.0,95.0,event
12:10:23.178,0.78857267,-0.34137267,-0.13805526,0.8106181,1.0092868,-0.19036639,-0.41958714,0.7458718,1.0943447,0.0072666076,0.078850314,1.1320465,1.1026536,0.30684248,0.2726428,1.1137326,0.9119205,0.33377025,0.29533702,0.9493336,833.2601,793.7729,792.5641,854.21246,705.12823,-0.01043701171875,0.12615966796875,0.97686767578125,2.6617431640625,-3.177642822265625,0.37384033203125,1.0,1.0,1.0,1.0,1.0,95.0,event
12:10:23.178,0.78857267,-0.34137267,-0.13805526,0.8106181,1.0092868,-0.19036639,-0.41958714,0.7458718,1.0943447,0.0072666076,0.078850314,1.1320465,1.1026536,0.30684248,0.2726428,1.1137326,0.9119205,0.33377025,0.29533702,0.9493336,844.1392,796.1905,799.011,851.79486,747.8388,-0.01043701171875,0.12615966796875,0.97686767578125,2.6617431640625,-3.177642822265625,0.37384033203125,1.0,1.0,1.0,1.0,1.0,95.0,event
12:10:23.179,0.77768934,-0.31670767,-0.022059295,0.8183645,0.9985042,-0.13655888,-0.30081776,0.7222771,1.0943447,0.052350033,0.18554005,1.1320465,1.0921569,0.31837934,0.28119993,1.1163137,0.909011,0.33346605,0.28935486,0.9644081,849.7802,796.5934,805.4579,863.8828,733.3333,-0.01043701171875,0.12615966796875,0.97686767578125,2.6617431640625,-3.177642822265625,0.37384033203125,1.0,1.0,1.0,1.0,1.0,95.0,event
12:10:23.182,,,,,,,,,,,,,,,,,,,,,,,,,,,,,,,,,,,,,,blink
12:10:23.184,0.77768934,-0.31670767,-0.022059295,0.8183645,0.9985042,-0.13655888,-0.30081776,0.7222771,1.0943447,0.052350033,0.18554005,1.1320465,1.0921569,0.31837934,0.28119993,1.1163137,0.909011,0.33346605,0.28935486,0.9644081,845.7509,795.78754,805.05493,848.97437,725.2747,-0.01043701171875,0.12615966796875,0.97686767578125,2.6617431640625,-3.177642822265625,0.37384033203125,1.0,1.0,1.0,1.0,1.0,95.0,event
12:10:23.184,0.77768934,-0.31670767,-0.022059295,0.8183645,0.9985042,-0.13655888,-0.30081776,0.7222771,1.0943447,0.052350033,0.18554005,1.1320465,1.0921569,0.31837934,0.28119993,1.1163137,0.909011,0.33346605,0.28935486,0.9644081,840.5128,805.8608,803.8461,837.6923,813.91943,-0.01043701171875,0.12615966796875,0.97686767578125,2.6617431640625,-3.177642822265625,0.37384033203125,1.0,1.0,1.0,1.0,1.0,95.0,event
12:10:23.185,0.77768934,-0.31670767,-0.022059295,0.8183645,0.9985042,-0.13655888,-0.30081776,0.7222771,1.0943447,0.052350033,0.18554005,1.1320465,1.0921569,0.31837934,0.28119993,1.1163137,0.909011,0.33346605,0.28935486,0.9644081,820.7692,812.3077,802.23444,842.1245,1013.7729,-0.01043701171875,0.12615966796875,0.97686767578125,2.6617431640625,-3.177642822265625,0.37384033203125,1.0,1.0,1.0,1.0,1.0,95.0,event
12:10:23.185,0.77768934,-0.31670767,-0.022059295,0.8183645,0.9985042,-0.13655888,-0.30081776,0.7222771,1.0943447,0.052350033,0.18554005,1.1320465,1.0921569,0.31837934,0.28119993,1.1163137,0.909011,0.33346605,0.28935486,0.9644081,823.9927,811.0989,797.8022,843.3333,1036.7399,-0.01043701171875,0.12615966796875,0.97686767578125,2.6617431640625,-3.177642822265625,0.37384033203125,1.0,1.0,1.0,1.0,1.0,95.0,event
12:10:23.186,0.77768934,-0.31670767,-0.022059295,0.8183645,0.9985042,-0.13655888,-0.30081776,0.7222771,1.0943447,0.052350033,0.18554005,1.1320465,1.0921569,0.31837934,0.28119993,1.1163137,0.909011,0.33346605,0.28935486,0.9644081,841.7216,809.4872,797.3993,816.337,771.6117,-0.01043701171875,0.12615966796875,0.97686767578125,2.6617431640625,-3.177642822265625,0.37384033203125,1.0,1.0,1.0,1.0,1.0,95.0,event
12:10:23.186,0.77768934,-0.31670767,-0.022059295,0.8183645,0.9985042,-0.13655888,-0.30081776,0.7222771,1.0943447,0.052350033,0.18554005,1.1320465,1.0921569,0.31837934,0.28119993,1.1163137,0.909011,0.33346605,0.28935486,0.9644081,833.663,799.011,798.60803,815.12823,800.6227,-0.01043701171875,0.12615966796875,0.97686767578125,2.6617431640625,-3.177642822265625,0.37384033203125,1.0,1.0,1.0,1.0,1.0,95.0,event
12:10:23.187,0.77768934,-0.31670767,-0.022059295,0.8183645,0.9985042,-0.13655888,-0.30081776,0.7222771,1.0943447,0.052350033,0.18554005,1.1320465,1.0921569,0.31837934,0.28119993,1.1163137,0.909011,0.33346605,0.28935486,0.9644081,826.4103,796.1905,797.3993,843.73627,1014.17584,-0.01043701171875,0.12615966796875,0.97686767578125,2.6617431640625,-3.177642822265625,0.37384033203125,1.0,1.0,1.0,1.0,1.0,95.0,event
12:10:23.188,0.77768934,-0.31670767,-0.022059295,0.8183645,0.9985042,-0.13655888,-0.30081776,0.7222771,1.0943447,0.052350033,0.18554005,1.1320465,1.0921569,0.31837934,0.28119993,1.1163137,0.909011,0.33346605,0.28935486,0.9644081,835.6777,802.23444,795.38464,860.65936,887.6557,-0.01043701171875,0.12615966796875,0.97686767578125,2.6617431640625,-3.177642822265625,0.37384033203125,1.0,1.0,1.0,1.0,1.0,95.0,event
12:10:23.213,0.77768934,-0.31670767,-0.022059295,0.8183645,0.9985042,-0.13655888,-0.30081776,0.7222771,1.0943447,0.052350033,0.18554005,1.1320465,1.0921569,0.31837934,0.28119993,1.1163137,0.909011,0.33346605,0.28935486,0.9644081,840.5128,803.8461,809.89014,854.21246,742.1978,-0.0072021484375,0.1256103515625,0.98040771484375,2.46734619140625,-3.865509033203125,0.665435791015625,1.0,1.0,1.0,1.0,1.0,95.0,event
12:10:23.214,0.77768934,-0.31670767,-0.022059295,0.8183645,0.9985042,-0.13655888,-0.30081776,0.7222771,1.0943447,0.052350033,0.18554005,1.1320465,1.0921569,0.31837934,0.28119993,1.1163137,0.909011,0.33346605,0.28935486,0.9644081,854.61536,803.0403,806.6667,854.21246,766.77655,-0.0072021484375,0.1256103515625,0.98040771484375,2.46734619140625,-3.865509033203125,0.665435791015625,1.0,1.0,1.0,1.0,1.0,95.0,event
12:10:23.215,0.77768934,-0.31670767,-0.022059295,0.8183645,0.9985042,-0.13655888,-0.30081776,0.7222771,1.0943447,0.052350033,0.18554005,1.1320465,1.0921569,0.31837934,0.28119993,1.1163137,0.909011,0.33346605,0.28935486,0.9644081,832.8571,807.0696,796.5934,840.5128,841.31866,-0.0072021484375,0.1256103515625,0.98040771484375,2.46734619140625,-3.865509033203125,0.665435791015625,1.0,1.0,1.0,1.0,1.0,95.0,event
12:10:23.215,0.77768934,-0.31670767,-0.022059295,0.8183645,0.9985042,-0.13655888,-0.30081776,0.7222771,1.0943447,0.052350033,0.18554005,1.1320465,1.0921569,0.31837934,0.28119993,1.1163137,0.909011,0.33346605,0.28935486,0.9644081,802.6374,807.47253,809.0842,834.0659,821.978,-0.0072021484375,0.1256103515625,0.98040771484375,2.46734619140625,-3.865509033203125,0.665435791015625,1.0,1.0,1.0,1.0,1.0,95.0,event
12:10:23.216,0.77768934,-0.31670767,-0.022059295,0.8183645,0.9985042,-0.13655888,-0.30081776,0.7222771,1.0943447,0.052350033,0.18554005,1.1320465,1.0921569,0.31837934,0.28119993,1.1163137,0.909011,0.33346605,0.28935486,0.9644081,811.9048,799.81683,811.9048,827.2161,713.5897,-0.0072021484375,0.1256103515625,0.98040771484375,2.46734619140625,-3.865509033203125,0.665435791015625,1.0,1.0,1.0,1.0,1.0,95.0,event
12:10:23.217,0.77768934,-0.31670767,-0.022059295,0.8183645,0.9985042,-0.13655888,-0.30081776,0.7222771,1.0943447,0.052350033,0.18554005,1.1320465,1.0921569,0.31837934,0.28119993,1.1163137,0.909011,0.33346605,0.28935486,0.9644081,818.7546,796.5934,799.81683,814.3223,843.3333,-0.0072021484375,0.1256103515625,0.98040771484375,2.46734619140625,-3.865509033203125,0.665435791015625,1.0,1.0,1.0,1.0,1.0,95.0,event
12:10:23.217,0.77768934,-0.31670767,-0.022059295,0.8183645,0.9985042,-0.13655888,-0.30081776,0.7222771,1.0943447,0.052350033,0.18554005,1.1320465,1.0921569,0.31837934,0.28119993,1.1163137,0.909011,0.33346605,0.28935486,0.9644081,812.3077,808.68134,792.1612,833.2601,1100.0,-0.0072021484375,0.1256103515625,0.98040771484375,2.46734619140625,-3.865509033203125,0.665435791015625,1.0,1.0,1.0,1.0,1.0,95.0,event
12:10:23.218,0.77768934,-0.31670767,-0.022059295,0.8183645,0.9985042,-0.13655888,-0.30081776,0.7222771,1.0943447,0.052350033,0.18554005,1.1320465,1.0921569,0.31837934,0.28119993,1.1163137,0.909011,0.33346605,0.28935486,0.9644081,816.337,817.9487,800.6227,838.0952,903.36993,-0.0072021484375,0.1256103515625,0.98040771484375,2.46734619140625,-3.865509033203125,0.665435791015625,1.0,1.0,1.0,1.0,1.0,95.0,event
12:10:23.219,0.77768934,-0.31670767,-0.022059295,0.8183645,0.9985042,-0.13655888,-0.30081776,0.7222771,1.0943447,0.052350033,0.18554005,1.1320465,1.0921569,0.31837934,0.28119993,1.1163137,0.909011,0.33346605,0.28935486,0.9644081,812.71063,811.0989,812.3077,842.9304,745.82416,-0.0072021484375,0.1256103515625,0.98040771484375,2.46734619140625,-3.865509033203125,0.665435791015625,1.0,1.0,1.0,1.0,1.0,95.0,event
12:10:23.219,0.77768934,-0.31670767,-0.022059295,0.8183645,0.9985042,-0.13655888,-0.30081776,0.7222771,1.0943447,0.052350033,0.18554005,1.1320465,1.0921569,0.31837934,0.28119993,1.1163137,0.909011,0.33346605,0.28935486,0.9644081,826.8132,803.44324,801.4286,828.4249,917.47253,-0.0072021484375,0.1256103515625,0.98040771484375,2.46734619140625,-3.865509033203125,0.665435791015625,1.0,1.0,1.0,1.0,1.0,95.0,event
12:10:23.220,0.77768934,-0.31670767,-0.022059295,0.8183645,0.9985042,-0.13655888,-0.30081776,0.7222771,1.0943447,0.052350033,0.18554005,1.1320465,1.0921569,0.31837934,0.28119993,1.1163137,0.909011,0.33346605,0.28935486,0.9644081,821.978,800.6227,804.2491,824.3956,784.5055,-0.0072021484375,0.1256103515625,0.98040771484375,2.46734619140625,-3.865509033203125,0.665435791015625,1.0,1.0,1.0,1.0,1.0,95.0,event
12:10:23.220,0.77768934,-0.31670767,-0.022059295,0.8183645,0.9985042,-0.13655888,-0.30081776,0.7222771,1.0943447,0.052350033,0.18554005,1.1320465,1.0921569,0.31837934,0.28119993,1.1163137,0.909011,0.33346605,0.28935486,0.9644081,836.8865,791.75824,802.23444,828.022,945.2747,-0.0072021484375,0.1256103515625,0.98040771484375,2.46734619140625,-3.865509033203125,0.665435791015625,1.0,1.0,1.0,1.0,1.0,95.0,event
12:10:23.283,0.77768934,-0.31670767,-0.022059295,0.8183645,0.9985042,-0.13655888,-0.30081776,0.7222771,1.0943447,0.052350033,0.18554005,1.1320465,1.0921569,0.31837934,0.28119993,1.1163137,0.909011,0.33346605,0.28935486,0.9644081,815.5311,815.9341,800.6227,810.293,715.6044,-0.00634765625,0.12615966796875,0.97979736328125,2.572021484375,-3.81317138671875,0.515899658203125,1.0,1.0,1.0,1.0,1.0,95.0,event
12:10:23.284,0.77768934,-0.31670767,-0.022059295,0.8183645,0.9985042,-0.13655888,-0.30081776,0.7222771,1.0943447,0.052350033,0.18554005,1.1320465,1.0921569,0.31837934,0.28119993,1.1163137,0.909011,0.33346605,0.28935486,0.9644081,808.2784,811.9048,809.4872,814.7253,755.4945,-0.00634765625,0.12615966796875,0.97979736328125,2.572021484375,-3.81317138671875,0.515899658203125,1.0,1.0,1.0,1.0,1.0,95.0,event
12:10:23.285,0.77768934,-0.31670767,-0.022059295,0.8183645,0.9985042,-0.13655888,-0.30081776,0.7222771,1.0943447,0.052350033,0.18554005,1.1320465,1.0921569,0.31837934,0.28119993,1.1163137,0.909011,0.33346605,0.28935486,0.9644081,816.337,808.68134,813.5165,801.8315,766.77655,-0.00634765625,0.12615966796875,0.97979736328125,2.572021484375,-3.81317138671875,0.515899658203125,1.0,1.0,1.0,1.0,1.0,95.0,event
12:10:23.285,0.77768934,-0.31670767,-0.022059295,0.8183645,0.9985042,-0.13655888,-0.30081776,0.7222771,1.0943447,0.052350033,0.18554005,1.1320465,1.0921569,0.31837934,0.28119993,1.1163137,0.909011,0.33346605,0.28935486,0.9644081,820.3663,813.1135,808.2784,804.2491,667.6557,-0.00634765625,0.12615966796875,0.97979736328125,2.572021484375,-3.81317138671875,0.515899658203125,1.0,1.0,1.0,1.0,1.0,95.0,event
12:10:23.286,0.77768934,-0.31670767,-0.022059295,0.8183645,0.9985042,-0.13655888,-0.30081776,0.7222771,1.0943447,0.052350033,0.18554005,1.1320465,1.0921569,0.31837934,0.28119993,1.1163137,0.909011,0.33346605,0.28935486,0.9644081,814.3223,812.71063,810.696,824.3956,651.9414,-0.00634765625,0.12615966796875,0.97979736328125,2.572021484375,-3.81317138671875,0.515899658203125,1.0,1.0,1.0,1.0,1.0,95.0,event
12:10:23.287,0.744924,-0.24244377,0.24211062,0.8146949,0.9566828,-0.021823365,-0.029352102,0.66369814,1.0866408,0.29031718,0.4042027,1.1009679,1.0778774,0.3307643,0.297342,1.1117239,0.9073546,0.32609487,0.28064,0.9782189,807.0696,809.0842,815.9341,825.2015,813.1135,-0.00634765625,0.12615966796875,0.97979736328125,2.572021484375,-3.81317138671875,0.515899658203125,1.0,1.0,1.0,1.0,1.0,95.0,event
12:10:23.292,0.744924,-0.24244377,0.24211062,0.8146949,0.9566828,-0.021823365,-0.029352102,0.66369814,1.0866408,0.29031718,0.4042027,1.1009679,1.0778774,0.3307643,0.297342,1.1117239,0.9073546,0.32609487,0.28064,0.9782189,812.71063,808.2784,810.696,832.8571,978.315,-0.00634765625,0.12615966796875,0.97979736328125,2.572021484375,-3.81317138671875,0.515899658203125,1.0,1.0,1.0,1.0,1.0,95.0,event
12:10:23.293,0.744924,-0.24244377,0.24211062,0.8146949,0.9566828,-0.021823365,-0.029352102,0.66369814,1.0866408,0.29031718,0.4042027,1.1009679,1.0778774,0.3307643,0.297342,1.1117239,0.9073546,0.32609487,0.28064,0.9782189,840.5128,802.23444,802.23444,809.89014,708.3516,-0.00634765625,0.12615966796875,0.97979736328125,2.572021484375,-3.81317138671875,0.515899658203125,1.0,1.0,1.0,1.0,1.0,95.0,event
12:10:23.293,0.744924,-0.24244377,0.24211062,0.8146949,0.9566828,-0.021823365,-0.029352102,0.66369814,1.0866408,0.29031718,0.4042027,1.1009679,1.0778774,0.3307643,0.297342,1.1117239,0.9073546,0.32609487,0.28064,0.9782189,827.619,808.2784,805.8608,821.978,875.9707,-0.00634765625,0.12615966796875,0.97979736328125,2.572021484375,-3.81317138671875,0.515899658203125,1.0,1.0,1.0,1.0,1.0,95.0,event
12:10:23.294,0.744924,-0.24244377,0.24211062,0.8146949,0.9566828,-0.021823365,-0.029352102,0.66369814,1.0866408,0.29031718,0.4042027,1.1009679,1.0778774,0.3307643,0.297342,1.1117239,0.9073546,0.32609487,0.28064,0.9782189,828.022,803.8461,800.2198,819.5604,898.1319,-0.00634765625,0.12615966796875,0.97979736328125,2.572021484375,-3.81317138671875,0.515899658203125,1.0,1.0,1.0,1.0,1.0,95.0,event
12:10:23.295,0.744924,-0.24244377,0.24211062,0.8146949,0.9566828,-0.021823365,-0.029352102,0.66369814,1.0866408,0.29031718,0.4042027,1.1009679,1.0778774,0.3307643,0.297342,1.1117239,0.9073546,0.32609487,0.28064,0.9782189,794.9817,810.696,803.8461,819.9634,755.89746,-0.00634765625,0.12615966796875,0.97979736328125,2.572021484375,-3.81317138671875,0.515899658203125,1.0,1.0,1.0,1.0,1.0,95.0,event
12:10:23.295,0.744924,-0.24244377,0.24211062,0.8146949,0.9566828,-0.021823365,-0.029352102,0.66369814,1.0866408,0.29031718,0.4042027,1.1009679,1.0778774,0.3307643,0.297342,1.1117239,0.9073546,0.32609487,0.28064,0.9782189,798.20514,811.9048,803.44324,812.3077,908.60803,-0.00634765625,0.12615966796875,0.97979736328125,2.572021484375,-3.81317138671875,0.515899658203125,1.0,1.0,1.0,1.0,1.0,95.0,event
12:10:23.323,0.744924,-0.24244377,0.24211062,0.8146949,0.9566828,-0.021823365,-0.029352102,0.66369814,1.0866408,0.29031718,0.4042027,1.1009679,1.0778774,0.3307643,0.297342,1.1117239,0.9073546,0.32609487,0.28064,0.9782189,815.5311,803.8461,795.38464,797.3993,932.381,-0.00994873046875,0.13018798828125,0.97930908203125,2.415008544921875,-3.566436767578125,0.46356201171875,1.0,1.0,1.0,1.0,1.0,95.0,event
12:10:23.323,0.744924,-0.24244377,0.24211062,0.8146949,0.9566828,-0.021823365,-0.029352102,0.66369814,1.0866408,0.29031718,0.4042027,1.1009679,1.0778774,0.3307643,0.297342,1.1117239,0.9073546,0.32609487,0.28064,0.9782189,816.7399,806.6667,794.9817,804.2491,880.40295,-0.00994873046875,0.13018798828125,0.97930908203125,2.415008544921875,-3.566436767578125,0.46356201171875,1.0,1.0,1.0,1.0,1.0,95.0,event
12:10:23.324,0.744924,-0.24244377,0.24211062,0.8146949,0.9566828,-0.021823365,-0.029352102,0.66369814,1.0866408,0.29031718,0.4042027,1.1009679,1.0778774,0.3307643,0.297342,1.1117239,0.9073546,0.32609487,0.28064,0.9782189,810.293,809.4872,805.8608,799.41394,730.9158,-0.00994873046875,0.13018798828125,0.97930908203125,2.415008544921875,-3.566436767578125,0.46356201171875,1.0,1.0,1.0,1.0,1.0,95.0,event
12:10:23.324,0.744924,-0.24244377,0.24211062,0.8146949,0.9566828,-0.021823365,-0.029352102,0.66369814,1.0866408,0.29031718,0.4042027,1.1009679,1.0778774,0.3307643,0.297342,1.1117239,0.9073546,0.32609487,0.28064,0.9782189,835.6777,815.12823,807.8755,801.02563,649.5238,-0.00994873046875,0.13018798828125,0.97930908203125,2.415008544921875,-3.566436767578125,0.46356201171875,1.0,1.0,1.0,1.0,1.0,95.0,event
12:10:23.325,0.744924,-0.24244377,0.24211062,0.8146949,0.9566828,-0.021823365,-0.029352102,0.66369814,1.0866408,0.29031718,0.4042027,1.1009679,1.0778774,0.3307643,0.297342,1.1117239,0.9073546,0.32609487,0.28064,0.9782189,803.44324,818.3516,807.47253,819.5604,756.30035,-0.00994873046875,0.13018798828125,0.97930908203125,2.415008544921875,-3.566436767578125,0.46356201171875,1.0,1.0,1.0,1.0,1.0,95.0,event
12:10:23.325,0.744924,-0.24244377,0.24211062,0.8146949,0.9566828,-0.021823365,-0.029352102,0.66369814,1.0866408,0.29031718,0.4042027,1.1009679,1.0778774,0.3307643,0.297342,1.1117239,0.9073546,0.32609487,0.28064,0.9782189,782.49084,816.7399,801.8315,823.1868,903.7729,-0.00994873046875,0.13018798828125,0.97930908203125,2.415008544921875,-3.566436767578125,0.46356201171875,1.0,1.0,1.0,1.0,1.0,95.0,event
12:10:23.326,0.744924,-0.24244377,0.24211062,0.8146949,0.9566828,-0.021823365,-0.029352102,0.66369814,1.0866408,0.29031718,0.4042027,1.1009679,1.0778774,0.3307643,0.297342,1.1117239,0.9073546,0.32609487,0.28064,0.9782189,798.20514,810.696,792.1612,826.4103,902.1612,-0.00994873046875,0.13018798828125,0.97930908203125,2.415008544921875,-3.566436767578125,0.46356201171875,1.0,1.0,1.0,1.0,1.0,95.0,event
12:10:23.326,0.744924,-0.24244377,0.24211062,0.8146949,0.9566828,-0.021823365,-0.029352102,0.66369814,1.0866408,0.29031718,0.4042027,1.1009679,1.0778774,0.3307643,0.297342,1.1117239,0.9073546,0.32609487,0.28064,0.9782189,815.12823,818.7546,797.3993,844.1392,763.95605,-0.00994873046875,0.13018798828125,0.97930908203125,2.415008544921875,-3.566436767578125,0.46356201171875,1.0,1.0,1.0,1.0,1.0,95.0,event
12:10:23.327,0.744924,-0.24244377,0.24211062,0.8146949,0.9566828,-0.021823365,-0.029352102,0.66369814,1.0866408,0.29031718,0.4042027,1.1009679,1.0778774,0.3307643,0.297342,1.1117239,0.9073546,0.32609487,0.28064,0.9782189,825.2015,803.8461,801.8315,835.6777,746.2271,-0.00994873046875,0.13018798828125,0.97930908203125,2.415008544921875,-3.566436767578125,0.46356201171875,1.0,1.0,1.0,1.0,1.0,95.0,event
12:10:23.327,0.744924,-0.24244377,0.24211062,0.8146949,0.9566828,-0.021823365,-0.029352102,0.66369814,1.0866408,0.29031718,0.4042027,1.1009679,1.0778774,0.3307643,0.297342,1.1117239,0.9073546,0.32609487,0.28064,0.9782189,813.5165,801.02563,805.05493,802.6374,1012.5641,-0.00994873046875,0.13018798828125,0.97930908203125,2.415008544921875,-3.566436767578125,0.46356201171875,1.0,1.0,1.0,1.0,1.0,95.0,event
12:10:23.327,0.744924,-0.24244377,0.24211062,0.8146949,0.9566828,-0.021823365,-0.029352102,0.66369814,1.0866408,0.29031718,0.4042027,1.1009679,1.0778774,0.3307643,0.297342,1.1117239,0.9073546,0.32609487,0.28064,0.9782189,825.2015,815.9341,805.05493,786.52014,909.011,-0.00994873046875,0.13018798828125,0.97930908203125,2.415008544921875,-3.566436767578125,0.46356201171875,1.0,1.0,1.0,1.0,1.0,95.0,event
12:10:23.328,0.744924,-0.24244377,0.24211062,0.8146949,0.9566828,-0.021823365,-0.029352102,0.66369814,1.0866408,0.29031718,0.4042027,1.1009679,1.0778774,0.3307643,0.297342,1.1117239,0.9073546,0.32609487,0.28064,0.9782189,839.304,815.12823,795.78754,802.6374,724.4689,-0.00994873046875,0.13018798828125,0.97930908203125,2.415008544921875,-3.566436767578125,0.46356201171875,1.0,1.0,1.0,1.0,1.0,95.0,event
12:10:23.384,0.744924,-0.24244377,0.24211062,0.8146949,0.9566828,-0.021823365,-0.029352102,0.66369814,1.0866408,0.29031718,0.4042027,1.1009679,1.0778774,0.3307643,0.297342,1.1117239,0.9073546,0.32609487,0.28064,0.9782189,811.50183,813.5165,799.011,809.89014,778.46155,-0.00994873046875,0.13018798828125,0.97930908203125,2.415008544921875,-3.566436767578125,0.46356201171875,1.0,1.0,1.0,1.0,1.0,95.0,event
12:10:23.385,0.744924,-0.24244377,0.24211062,0.8146949,0.9566828,-0.021823365,-0.029352102,0.66369814,1.0866408,0.29031718,0.4042027,1.1009679,1.0778774,0.3307643,0.297342,1.1117239,0.9073546,0.32609487,0.28064,0.9782189,791.75824,808.68134,804.65204,772.8205,738.1685,-0.00994873046875,0.13018798828125,0.97930908203125,2.415008544921875,-3.566436767578125,0.46356201171875,1.0,1.0,1.0,1.0,1.0,95.0,event
12:10:23.386,0.744924,-0.24244377,0.24211062,0.8146949,0.9566828,-0.021823365,-0.029352102,0.66369814,1.0866408,0.29031718,0.4042027,1.1009679,1.0778774,0.3307643,0.297342,1.1117239,0.9073546,0.32609487,0.28064,0.9782189,805.4579,809.4872,794.9817,779.2674,701.0989,-0.00994873046875,0.13018798828125,0.97930908203125,2.415008544921875,-3.566436767578125,0.46356201171875,1.0,1.0,1.0,1.0,1.0,95.0,event
12:10:23.387,0.744924,-0.24244377,0.24211062,0.8146949,0.9566828,-0.021823365,-0.029352102,0.66369814,1.0866408,0.29031718,0.4042027,1.1009679,1.0778774,0.3307643,0.297342,1.1117239,0.9073546,0.32609487,0.28064,0.9782189,801.8315,812.71063,799.41394,804.2491,810.696,-0.00994873046875,0.13018798828125,0.97930908203125,2.415008544921875,-3.566436767578125,0.46356201171875,1.0,1.0,1.0,1.0,1.0,95.0,event
12:10:23.387,0.744924,-0.24244377,0.24211062,0.8146949,0.9566828,-0.021823365,-0.029352102,0.66369814,1.0866408,0.29031718,0.4042027,1.1009679,1.0778774,0.3307643,0.297342,1.1117239,0.9073546,0.32609487,0.28064,0.9782189,781.685,806.26373,811.9048,811.0989,876.3736,-0.00994873046875,0.13018798828125,0.97930908203125,2.415008544921875,-3.566436767578125,0.46356201171875,1.0,1.0,1.0,1.0,1.0,95.0,event
12:10:23.388,0.744924,-0.24244377,0.24211062,0.8146949,0.9566828,-0.021823365,-0.029352102,0.66369814,1.0866408,0.29031718,0.4042027,1.1009679,1.0778774,0.3307643,0.297342,1.1117239,0.9073546,0.32609487,0.28064,0.9782189,792.96704,798.20514,810.293,830.84247,898.93774,-0.00994873046875,0.13018798828125,0.97930908203125,2.415008544921875,-3.566436767578125,0.46356201171875,1.0,1.0,1.0,1.0,1.0,95.0,event
12:10:23.389,0.744924,-0.24244377,0.24211062,0.8146949,0.9566828,-0.021823365,-0.029352102,0.66369814,1.0866408,0.29031718,0.4042027,1.1009679,1.0778774,0.3307643,0.297342,1.1117239,0.9073546,0.32609487,0.28064,0.9782189,796.5934,805.05493,805.4579,830.84247,898.1319,-0.00994873046875,0.13018798828125,0.97930908203125,2.415008544921875,-3.566436767578125,0.46356201171875,1.0,1.0,1.0,1.0,1.0,95.0,event
12:10:23.389,0.7044424,-0.11463173,0.26224044,0.8045053,0.89878136,0.13008922,-0.0036182872,0.5857414,0.9972248,0.54545164,0.4042027,0.98339504,1.0637052,0.3492453,0.29041326,1.1056186,0.90626353,0.31358725,0.26899302,0.99031866,799.41394,810.293,803.0403,809.89014,770.0,-0.00994873046875,0.13018798828125,0.97930908203125,2.415008544921875,-3.566436767578125,0.46356201171875,1.0,1.0,1.0,1.0,1.0,95.0,event
12:10:23.394,0.7044424,-0.11463173,0.26224044,0.8045053,0.89878136,0.13008922,-0.0036182872,0.5857414,0.9972248,0.54545164,0.4042027,0.98339504,1.0637052,0.3492453,0.29041326,1.1056186,0.90626353,0.31358725,0.26899302,0.99031866,828.4249,807.8755,796.99634,806.26373,958.97437,-0.00994873046875,0.13018798828125,0.97930908203125,2.415008544921875,-3.566436767578125,0.46356201171875,1.0,1.0,1.0,1.0,1.0,95.0,event
12:10:23.395,0.7044424,-0.11463173,0.26224044,0.8045053,0.89878136,0.13008922,-0.0036182872,0.5857414,0.9972248,0.54545164,0.4042027,0.98339504,1.0637052,0.3492453,0.29041326,1.1056186,0.90626353,0.31358725,0.26899302,0.99031866,825.6044,809.89014,804.65204,796.1905,1091.1355,-0.00994873046875,0.13018798828125,0.97930908203125,2.415008544921875,-3.566436767578125,0.46356201171875,1.0,1.0,1.0,1.0,1.0,95.0,event
12:10:23.396,0.7044424,-0.11463173,0.26224044,0.8045053,0.89878136,0.13008922,-0.0036182872,0.5857414,0.9972248,0.54545164,0.4042027,0.98339504,1.0637052,0.3492453,0.29041326,1.1056186,0.90626353,0.31358725,0.26899302,0.99031866,798.60803,801.02563,803.0403,803.44324,701.9048,-0.00994873046875,0.13018798828125,0.97930908203125,2.415008544921875,-3.566436767578125,0.46356201171875,1.0,1.0,1.0,1.0,1.0,95.0,event
12:10:23.396,0.7044424,-0.11463173,0.26224044,0.8045053,0.89878136,0.13008922,-0.0036182872,0.5857414,0.9972248,0.54545164,0.4042027,0.98339504,1.0637052,0.3492453,0.29041326,1.1056186,0.90626353,0.31358725,0.26899302,0.99031866,803.0403,803.8461,812.3077,791.3553,780.07324,-0.00994873046875,0.13018798828125,0.97930908203125,2.415008544921875,-3.566436767578125,0.46356201171875,1.0,1.0,1.0,1.0,1.0,95.0,event
12:10:23.424,0.7044424,-0.11463173,0.26224044,0.8045053,0.89878136,0.13008922,-0.0036182872,0.5857414,0.9972248,0.54545164,0.4042027,0.98339504,1.0637052,0.3492453,0.29041326,1.1056186,0.90626353,0.31358725,0.26899302,0.99031866,776.8498,807.47253,803.0403,801.4286,772.01465,-0.01165771484375,0.126708984375,0.98333740234375,1.68975830078125,-3.768310546875,-0.082244873046875,1.0,1.0,1.0,1.0,1.0,95.0,event
12:10:23.425,0.7044424,-0.11463173,0.26224044,0.8045053,0.89878136,0.13008922,-0.0036182872,0.5857414,0.9972248,0.54545164,0.4042027,0.98339504,1.0637052,0.3492453,0.29041326,1.1056186,0.90626353,0.31358725,0.26899302,0.99031866,788.5348,805.8608,809.0842,802.6374,681.75824,-0.01165771484375,0.126708984375,0.98333740234375,1.68975830078125,-3.768310546875,-0.082244873046875,1.0,1.0,1.0,1.0,1.0,95.0,event
12:10:23.426,0.7044424,-0.11463173,0.26224044,0.8045053,0.89878136,0.13008922,-0.0036182872,0.5857414,0.9972248,0.54545164,0.4042027,0.98339504,1.0637052,0.3492453,0.29041326,1.1056186,0.90626353,0.31358725,0.26899302,0.99031866,788.93774,805.4579,805.8608,803.8461,637.4359,-0.01165771484375,0.126708984375,0.98333740234375,1.68975830078125,-3.768310546875,-0.082244873046875,1.0,1.0,1.0,1.0,1.0,95.0,event
12:10:23.426,0.7044424,-0.11463173,0.26224044,0.8045053,0.89878136,0.13008922,-0.0036182872,0.5857414,0.9972248,0.54545164,0.4042027,0.98339504,1.0637052,0.3492453,0.29041326,1.1056186,0.90626353,0.31358725,0.26899302,0.99031866,792.1612,806.6667,803.0403,813.5165,747.4359,-0.01165771484375,0.126708984375,0.98333740234375,1.68975830078125,-3.768310546875,-0.082244873046875,1.0,1.0,1.0,1.0,1.0,95.0,event
12:10:23.428,0.7044424,-0.11463173,0.26224044,0.8045053,0.89878136,0.13008922,-0.0036182872,0.5857414,0.9972248,0.54545164,0.4042027,0.98339504,1.0637052,0.3492453,0.29041326,1.1056186,0.90626353,0.31358725,0.26899302,0.99031866,804.2491,810.293,807.8755,813.91943,776.8498,-0.01165771484375,0.126708984375,0.98333740234375,1.68975830078125,-3.768310546875,-0.082244873046875,1.0,1.0,1.0,1.0,1.0,95.0,event
12:10:23.429,0.7044424,-0.11463173,0.26224044,0.8045053,0.89878136,0.13008922,-0.0036182872,0.5857414,0.9972248,0.54545164,0.4042027,0.98339504,1.0637052,0.3492453,0.29041326,1.1056186,0.90626353,0.31358725,0.26899302,0.99031866,818.3516,810.293,811.0989,801.8315,827.2161,-0.01165771484375,0.126708984375,0.98333740234375,1.68975830078125,-3.768310546875,-0.082244873046875,1.0,1.0,1.0,1.0,1.0,95.0,event
12:10:23.430,0.7044424,-0.11463173,0.26224044,0.8045053,0.89878136,0.13008922,-0.0036182872,0.5857414,0.9972248,0.54545164,0.4042027,0.98339504,1.0637052,0.3492453,0.29041326,1.1056186,0.90626353,0.31358725,0.26899302,0.99031866,819.15753,802.23444,817.1429,816.337,827.619,-0.01165771484375,0.126708984375,0.98333740234375,1.68975830078125,-3.768310546875,-0.082244873046875,1.0,1.0,1.0,1.0,1.0,95.0,event
12:10:23.431,0.7044424,-0.11463173,0.26224044,0.8045053,0.89878136,0.13008922,-0.0036182872,0.5857414,0.9972248,0.54545164,0.4042027,0.98339504,1.0637052,0.3492453,0.29041326,1.1056186,0.90626353,0.31358725,0.26899302,0.99031866,817.5458,816.337,807.8755,792.96704,1106.8499,-0.01165771484375,0.126708984375,0.98333740234375,1.68975830078125,-3.768310546875,-0.082244873046875,1.0,1.0,1.0,1.0,1.0,95.0,event
12:10:23.431,0.7044424,-0.11463173,0.26224044,0.8045053,0.89878136,0.13008922,-0.0036182872,0.5857414,0.9972248,0.54545164,0.4042027,0.98339504,1.0637052,0.3492453,0.29041326,1.1056186,0.90626353,0.31358725,0.26899302,0.99031866,810.696,806.26373,817.1429,809.89014,879.59705,-0.01165771484375,0.126708984375,0.98333740234375,1.68975830078125,-3.768310546875,-0.082244873046875,1.0,1.0,1.0,1.0,1.0,95.0,event
12:10:23.432,0.7044424,-0.11463173,0.26224044,0.8045053,0.89878136,0.13008922,-0.0036182872,0.5857414,0.9972248,0.54545164,0.4042027,0.98339504,1.0637052,0.3492453,0.29041326,1.1056186,0.90626353,0.31358725,0.26899302,0.99031866,791.3553,812.3077,808.2784,798.20514,934.3956,-0.01165771484375,0.126708984375,0.98333740234375,1.68975830078125,-3.768310546875,-0.082244873046875,1.0,1.0,1.0,1.0,1.0,95.0,event
12:10:23.433,0.7044424,-0.11463173,0.26224044,0.8045053,0.89878136,0.13008922,-0.0036182872,0.5857414,0.9972248,0.54545164,0.4042027,0.98339504,1.0637052,0.3492453,0.29041326,1.1056186,0.90626353,0.31358725,0.26899302,0.99031866,794.9817,804.2491,818.3516,819.15753,677.72894,-0.01165771484375,0.126708984375,0.98333740234375,1.68975830078125,-3.768310546875,-0.082244873046875,1.0,1.0,1.0,1.0,1.0,95.0,event
12:10:23.433,0.7044424,-0.11463173,0.26224044,0.8045053,0.89878136,0.13008922,-0.0036182872,0.5857414,0.9972248,0.54545164,0.4042027,0.98339504,1.0637052,0.3492453,0.29041326,1.1056186,0.90626353,0.31358725,0.26899302,0.99031866,798.60803,804.2491,817.1429,821.5751,698.68134,-0.01165771484375,0.126708984375,0.98333740234375,1.68975830078125,-3.768310546875,-0.082244873046875,1.0,1.0,1.0,1.0,1.0,95.0,event
12:10:23.467,0.7044424,-0.11463173,0.26224044,0.8045053,0.89878136,0.13008922,-0.0036182872,0.5857414,0.9972248,0.54545164,0.4042027,0.98339504,1.0637052,0.3492453,0.29041326,1.1056186,0.90626353,0.31358725,0.26899302,0.99031866,782.49084,808.2784,806.6667,796.5934,712.7839,-0.01300048828125,0.1260986328125,0.98077392578125,2.2430419921875,-3.775787353515625,-0.299072265625,1.0,1.0,1.0,1.0,1.0,95.0,event
12:10:23.468,0.7044424,-0.11463173,0.26224044,0.8045053,0.89878136,0.13008922,-0.0036182872,0.5857414,0.9972248,0.54545164,0.4042027,0.98339504,1.0637052,0.3492453,0.29041326,1.1056186,0.90626353,0.31358725,0.26899302,0.99031866,803.8461,815.5311,799.41394,799.81683,697.0696,-0.01300048828125,0.1260986328125,0.98077392578125,2.2430419921875,-3.775787353515625,-0.299072265625,1.0,1.0,1.0,1.0,1.0,95.0,event
12:10:23.469,0.7044424,-0.11463173,0.26224044,0.8045053,0.89878136,0.13008922,-0.0036182872,0.5857414,0.9972248,0.54545164,0.4042027,0.98339504,1.0637052,0.3492453,0.29041326,1.1056186,0.90626353,0.31358725,0.26899302,0.99031866,819.15753,809.89014,801.8315,796.1905,751.06226,-0.01300048828125,0.1260986328125,0.98077392578125,2.2430419921875,-3.775787353515625,-0.299072265625,1.0,1.0,1.0,1.0,1.0,95.0,event
12:10:23.470,0.7044424,-0.11463173,0.26224044,0.8045053,0.89878136,0.13008922,-0.0036182872,0.5857414,0.9972248,0.54545164,0.4042027,0.98339504,1.0637052,0.3492453,0.29041326,1.1056186,0.90626353,0.31358725,0.26899302,0.99031866,790.54944,800.6227,805.4579,786.1172,821.5751,-0.01300048828125,0.1260986328125,0.98077392578125,2.2430419921875,-3.775787353515625,-0.299072265625,1.0,1.0,1.0,1.0,1.0,95.0,event
12:10:23.470,0.7044424,-0.11463173,0.26224044,0.8045053,0.89878136,0.13008922,-0.0036182872,0.5857414,0.9972248,0.54545164,0.4042027,0.98339504,1.0637052,0.3492453,0.29041326,1.1056186,0.90626353,0.31358725,0.26899302,0.99031866,780.4762,800.2198,802.6374,815.12823,799.41394,-0.01300048828125,0.1260986328125,0.98077392578125,2.2430419921875,-3.775787353515625,-0.299072265625,1.0,1.0,1.0,1.0,1.0,95.0,event
12:10:23.471,0.7044424,-0.11463173,0.26224044,0.8045053,0.89878136,0.13008922,-0.0036182872,0.5857414,0.9972248,0.54545164,0.4042027,0.98339504,1.0637052,0.3492453,0.29041326,1.1056186,0.90626353,0.31358725,0.26899302,0.99031866,802.6374,807.0696,797.8022,817.9487,815.5311,-0.01300048828125,0.1260986328125,0.98077392578125,2.2430419921875,-3.775787353515625,-0.299072265625,1.0,1.0,1.0,1.0,1.0,95.0,event
12:10:23.471,0.7044424,-0.11463173,0.26224044,0.8045053,0.89878136,0.13008922,-0.0036182872,0.5857414,0.9972248,0.54545164,0.4042027,0.98339504,1.0637052,0.3492453,0.29041326,1.1056186,0.90626353,0.31358725,0.26899302,0.99031866,812.71063,801.02563,805.05493,801.02563,839.707,-0.01300048828125,0.1260986328125,0.98077392578125,2.2430419921875,-3.775787353515625,-0.299072265625,1.0,1.0,1.0,1.0,1.0,95.0,event
12:10:23.472,0.7044424,-0.11463173,0.26224044,0.8045053,0.89878136,0.13008922,-0.0036182872,0.5857414,0.9972248,0.54545164,0.4042027,0.98339504,1.0637052,0.3492453,0.29041326,1.1056186,0.90626353,0.31358725,0.26899302,0.99031866,783.69965,792.1612,806.6667,795.78754,1004.90845,-0.01300048828125,0.1260986328125,0.98077392578125,2.2430419921875,-3.775787353515625,-0.299072265625,1.0,1.0,1.0,1.0,1.0,95.0,event
12:10:23.472,0.7044424,-0.11463173,0.26224044,0.8045053,0.89878136,0.13008922,-0.0036182872,0.5857414,0.9972248,0.54545164,0.4042027,0.98339504,1.0637052,0.3492453,0.29041326,1.1056186,0.90626353,0.31358725,0.26899302,0.99031866,774.0293,801.02563,800.6227,799.011,1034.3224,-0.01300048828125,0.1260986328125,0.98077392578125,2.2430419921875,-3.775787353515625,-0.299072265625,1.0,1.0,1.0,1.0,1.0,95.0,event
12:10:23.473,0.6779358,0.03250724,0.28379595,0.80304456,0.856395,0.2642618,0.024527602,0.5249479,0.8243984,0.6778411,0.4042027,0.87941647,1.0484306,0.3708035,0.27459487,1.1042571,0.90403855,0.2976361,0.25734374,1.0023837,787.326,810.696,801.8315,821.978,799.011,-0.01300048828125,0.1260986328125,0.98077392578125,2.2430419921875,-3.775787353515625,-0.299072265625,1.0,1.0,1.0,1.0,1.0,95.0,event
12:10:23.477,0.6779358,0.03250724,0.28379595,0.80304456,0.856395,0.2642618,0.024527602,0.5249479,0.8243984,0.6778411,0.4042027,0.87941647,1.0484306,0.3708035,0.27459487,1.1042571,0.90403855,0.2976361,0.25734374,1.0023837,802.6374,818.7546,806.26373,802.23444,788.93774,-0.01300048828125,0.1260986328125,0.98077392578125,2.2430419921875,-3.775787353515625,-0.299072265625,1.0,1.0,1.0,1.0,1.0,95.0,event
12:10:23.478,0.6779358,0.03250724,0.28379595,0.80304456,0.856395,0.2642618,0.024527602,0.5249479,0.8243984,0.6778411,0.4042027,0.87941647,1.0484306,0.3708035,0.27459487,1.1042571,0.90403855,0.2976361,0.25734374,1.0023837,829.2308,815.5311,799.011,788.93774,850.989,-0.01300048828125,0.1260986328125,0.98077392578125,2.2430419921875,-3.775787353515625,-0.299072265625,1.0,1.0,1.0,1.0,1.0,95.0,event
12:10:23.504,0.6779358,0.03250724,0.28379595,0.80304456,0.856395,0.2642618,0.024527602,0.5249479,0.8243984,0.6778411,0.4042027,0.87941647,1.0484306,0.3708035,0.27459487,1.1042571,0.90403855,0.2976361,0.25734374,1.0023837,807.8755,800.6227,796.1905,798.60803,763.1502,-0.00958251953125,0.1265869140625,0.9761962890625,2.265472412109375,-4.62066650390625,0.725250244140625,1.0,1.0,1.0,1.0,1.0,95.0,event
12:10:23.505,0.6779358,0.03250724,0.28379595,0.80304456,0.856395,0.2642618,0.024527602,0.5249479,0.8243984,0.6778411,0.4042027,0.87941647,1.0484306,0.3708035,0.27459487,1.1042571,0.90403855,0.2976361,0.25734374,1.0023837,778.0586,802.6374,806.6667,807.47253,695.4579,-0.00958251953125,0.1265869140625,0.9761962890625,2.265472412109375,-4.62066650390625,0.725250244140625,1.0,1.0,1.0,1.0,1.0,95.0,event
12:10:23.505,0.6779358,0.03250724,0.28379595,0.80304456,0.856395,0.2642618,0.024527602,0.5249479,0.8243984,0.6778411,0.4042027,0.87941647,1.0484306,0.3708035,0.27459487,1.1042571,0.90403855,0.2976361,0.25734374,1.0023837,804.2491,807.47253,804.2491,800.2198,774.0293,-0.00958251953125,0.1265869140625,0.9761962890625,2.265472412109375,-4.62066650390625,0.725250244140625,1.0,1.0,1.0,1.0,1.0,95.0,event
12:10:23.506,0.6779358,0.03250724,0.28379595,0.80304456,0.856395,0.2642618,0.024527602,0.5249479,0.8243984,0.6778411,0.4042027,0.87941647,1.0484306,0.3708035,0.27459487,1.1042571,0.90403855,0.2976361,0.25734374,1.0023837,805.05493,807.0696,807.0696,799.81683,789.7436,-0.00958251953125,0.1265869140625,0.9761962890625,2.265472412109375,-4.62066650390625,0.725250244140625,1.0,1.0,1.0,1.0,1.0,95.0,event
12:10:23.506,0.6779358,0.03250724,0.28379595,0.80304456,0.856395,0.2642618,0.024527602,0.5249479,0.8243984,0.6778411,0.4042027,0.87941647,1.0484306,0.3708035,0.27459487,1.1042571,0.90403855,0.2976361,0.25734374,1.0023837,793.7729,811.9048,816.337,808.68134,731.7216,-0.00958251953125,0.1265869140625,0.9761962890625,2.265472412109375,-4.62066650390625,0.725250244140625,1.0,1.0,1.0,1.0,1.0,95.0,event
12:10:23.507,0.6779358,0.03250724,0.28379595,0.80304456,0.856395,0.2642618,0.024527602,0.5249479,0.8243984,0.6778411,0.4042027,0.87941647,1.0484306,0.3708035,0.27459487,1.1042571,0.90403855,0.2976361,0.25734374,1.0023837,807.0696,812.3077,811.9048,795.38464,790.54944,-0.00958251953125,0.1265869140625,0.9761962890625,2.265472412109375,-4.62066650390625,0.725250244140625,1.0,1.0,1.0,1.0,1.0,95.0,event
12:10:23.507,0.6779358,0.03250724,0.28379595,0.80304456,0.856395,0.2642618,0.024527602,0.5249479,0.8243984,0.6778411,0.4042027,0.87941647,1.0484306,0.3708035,0.27459487,1.1042571,0.90403855,0.2976361,0.25734374,1.0023837,790.9524,807.0696,806.6667,780.4762,927.5458,-0.00958251953125,0.1265869140625,0.9761962890625,2.265472412109375,-4.62066650390625,0.725250244140625,1.0,1.0,1.0,1.0,1.0,95.0,event
12:10:23.508,0.6779358,0.03250724,0.28379595,0.80304456,0.856395,0.2642618,0.024527602,0.5249479,0.8243984,0.6778411,0.4042027,0.87941647,1.0484306,0.3708035,0.27459487,1.1042571,0.90403855,0.2976361,0.25734374,1.0023837,795.78754,801.4286,803.44324,801.4286,1081.8682,-0.00958251953125,0.1265869140625,0.9761962890625,2.265472412109375,-4.62066650390625,0.725250244140625,1.0,1.0,1.0,1.0,1.0,95.0,event
12:10:23.509,0.6779358,0.03250724,0.28379595,0.80304456,0.856395,0.2642618,0.024527602,0.5249479,0.8243984,0.6778411,0.4042027,0.87941647,1.0484306,0.3708035,0.27459487,1.1042571,0.90403855,0.2976361,0.25734374,1.0023837,802.6374,798.60803,802.23444,811.0989,879.59705,-0.00958251953125,0.1265869140625,0.9761962890625,2.265472412109375,-4.62066650390625,0.725250244140625,1.0,1.0,1.0,1.0,1.0,95.0,event
12:10:23.510,0.6779358,0.03250724,0.28379595,0.80304456,0.856395,0.2642618,0.024527602,0.5249479,0.8243984,0.6778411,0.4042027,0.87941647,1.0484306,0.3708035,0.27459487,1.1042571,0.90403855,0.2976361,0.25734374,1.0023837,792.1612,803.0403,803.44324,797.8022,690.6227,-0.00958251953125,0.1265869140625,0.9761962890625,2.265472412109375,-4.62066650390625,0.725250244140625,1.0,1.0,1.0,1.0,1.0,95.0,event
12:10:23.510,0.6779358,0.03250724,0.28379595,0.80304456,0.856395,0.2642618,0.024527602,0.5249479,0.8243984,0.6778411,0.4042027,0.87941647,1.0484306,0.3708035,0.27459487,1.1042571,0.90403855,0.2976361,0.25734374,1.0023837,794.57874,808.68134,801.8315,796.5934,720.0366,-0.00958251953125,0.1265869140625,0.9761962890625,2.265472412109375,-4.62066650390625,0.725250244140625,1.0,1.0,1.0,1.0,1.0,95.0,event
12:10:23.511,0.6779358,0.03250724,0.28379595,0.80304456,0.856395,0.2642618,0.024527602,0.5249479,0.8243984,0.6778411,0.4042027,0.87941647,1.0484306,0.3708035,0.27459487,1.1042571,0.90403855,0.2976361,0.25734374,1.0023837,797.3993,804.65204,804.65204,802.6374,730.5128,-0.00958251953125,0.1265869140625,0.9761962890625,2.265472412109375,-4.62066650390625,0.725250244140625,1.0,1.0,1.0,1.0,1.0,95.0,event
12:10:23.532,0.6779358,0.03250724,0.28379595,0.80304456,0.856395,0.2642618,0.024527602,0.5249479,0.8243984,0.6778411,0.4042027,0.87941647,1.0484306,0.3708035,0.27459487,1.1042571,0.90403855,0.2976361,0.25734374,1.0023837,797.8022,805.05493,801.02563,798.60803,759.12085,-0.009521484375,0.129150390625,0.98248291015625,1.54022216796875,-3.656158447265625,0.471038818359375,1.0,1.0,1.0,1.0,1.0,95.0,event
12:10:23.533,0.6779358,0.03250724,0.28379595,0.80304456,0.856395,0.2642618,0.024527602,0.5249479,0.8243984,0.6778411,0.4042027,0.87941647,1.0484306,0.3708035,0.27459487,1.1042571,0.90403855,0.2976361,0.25734374,1.0023837,801.02563,811.9048,801.4286,802.23444,809.89014,-0.009521484375,0.129150390625,0.98248291015625,1.54022216796875,-3.656158447265625,0.471038818359375,1.0,1.0,1.0,1.0,1.0,95.0,event
12:10:23.534,0.6779358,0.03250724,0.28379595,0.80304456,0.856395,0.2642618,0.024527602,0.5249479,0.8243984,0.6778411,0.4042027,0.87941647,1.0484306,0.3708035,0.27459487,1.1042571,0.90403855,0.2976361,0.25734374,1.0023837,810.293,809.4872,806.26373,819.5604,846.1539,-0.009521484375,0.129150390625,0.98248291015625,1.54022216796875,-3.656158447265625,0.471038818359375,1.0,1.0,1.0,1.0,1.0,95.0,event
12:10:23.535,0.6779358,0.03250724,0.28379595,0.80304456,0.856395,0.2642618,0.024527602,0.5249479,0.8243984,0.6778411,0.4042027,0.87941647,1.0484306,0.3708035,0.27459487,1.1042571,0.90403855,0.2976361,0.25734374,1.0023837,803.44324,806.26373,812.3077,798.60803,836.8865,-0.009521484375,0.129150390625,0.98248291015625,1.54022216796875,-3.656158447265625,0.471038818359375,1.0,1.0,1.0,1.0,1.0,95.0,event
12:10:23.535,0.6779358,0.03250724,0.28379595,0.80304456,0.856395,0.2642618,0.024527602,0.5249479,0.8243984,0.6778411,0.4042027,0.87941647,1.0484306,0.3708035,0.27459487,1.1042571,0.90403855,0.2976361,0.25734374,1.0023837,816.337,807.47253,816.7399,780.87915,725.2747,-0.009521484375,0.129150390625,0.98248291015625,1.54022216796875,-3.656158447265625,0.471038818359375,1.0,1.0,1.0,1.0,1.0,95.0,event
12:10:23.536,0.6779358,0.03250724,0.28379595,0.80304456,0.856395,0.2642618,0.024527602,0.5249479,0.8243984,0.6778411,0.4042027,0.87941647,1.0484306,0.3708035,0.27459487,1.1042571,0.90403855,0.2976361,0.25734374,1.0023837,812.71063,808.68134,805.8608,811.9048,782.0879,-0.009521484375,0.129150390625,0.98248291015625,1.54022216796875,-3.656158447265625,0.471038818359375,1.0,1.0,1.0,1.0,1.0,95.0,event
12:10:23.537,0.6779358,0.03250724,0.28379595,0.80304456,0.856395,0.2642618,0.024527602,0.5249479,0.8243984,0.6778411,0.4042027,0.87941647,1.0484306,0.3708035,0.27459487,1.1042571,0.90403855,0.2976361,0.25734374,1.0023837,802.23444,806.6667,799.81683,817.9487,1049.2307,-0.009521484375,0.129150390625,0.98248291015625,1.54022216796875,-3.656158447265625,0.471038818359375,1.0,1.0,1.0,1.0,1.0,95.0,event
12:10:23.538,0.6779358,0.03250724,0.28379595,0.80304456,0.856395,0.2642618,0.024527602,0.5249479,0.8243984,0.6778411,0.4042027,0.87941647,1.0484306,0.3708035,0.27459487,1.1042571,0.90403855,0.2976361,0.25734374,1.0023837,792.5641,803.0403,815.12823,788.5348,756.30035,-0.009521484375,0.129150390625,0.98248291015625,1.54022216796875,-3.656158447265625,0.471038818359375,1.0,1.0,1.0,1.0,1.0,95.0,event
12:10:23.538,0.6779358,0.03250724,0.28379595,0.80304456,0.856395,0.2642618,0.024527602,0.5249479,0.8243984,0.6778411,0.4042027,0.87941647,1.0484306,0.3708035,0.27459487,1.1042571,0.90403855,0.2976361,0.25734374,1.0023837,808.2784,804.2491,810.293,794.57874,1043.5897,-0.009521484375,0.129150390625,0.98248291015625,1.54022216796875,-3.656158447265625,0.471038818359375,1.0,1.0,1.0,1.0,1.0,95.0,event
12:10:23.539,0.6779358,0.03250724,0.28379595,0.80304456,0.856395,0.2642618,0.024527602,0.5249479,0.8243984,0.6778411,0.4042027,0.87941647,1.0484306,0.3708035,0.27459487,1.1042571,0.90403855,0.2976361,0.25734374,1.0023837,790.14655,818.7546,809.4872,805.4579,754.68866,-0.009521484375,0.129150390625,0.98248291015625,1.54022216796875,-3.656158447265625,0.471038818359375,1.0,1.0,1.0,1.0,1.0,95.0,event
12:10:23.540,0.6779358,0.03250724,0.28379595,0.80304456,0.856395,0.2642618,0.024527602,0.5249479,0.8243984,0.6778411,0.4042027,0.87941647,1.0484306,0.3708035,0.27459487,1.1042571,0.90403855,0.2976361,0.25734374,1.0023837,800.6227,822.7839,803.8461,806.6667,819.5604,-0.009521484375,0.129150390625,0.98248291015625,1.54022216796875,-3.656158447265625,0.471038818359375,1.0,1.0,1.0,1.0,1.0,95.0,event
12:10:23.540,0.6831866,0.15865654,0.30535534,0.82103574,0.84666467,0.3499068,0.05400464,0.50778085,0.6500799,0.68506396,0.4042027,0.8428605,1.0281061,0.386652,0.25174066,1.1117828,0.8970745,0.28202656,0.25037512,1.0147402,806.26373,810.293,803.8461,788.1319,729.304,-0.009521484375,0.129150390625,0.98248291015625,1.54022216796875,-3.656158447265625,0.471038818359375,1.0,1.0,1.0,1.0,1.0,95.0,event
12:10:23.630,0.6831866,0.15865654,0.30535534,0.82103574,0.84666467,0.3499068,0.05400464,0.50778085,0.6500799,0.68506396,0.4042027,0.8428605,1.0281061,0.386652,0.25174066,1.1117828,0.8970745,0.28202656,0.25037512,1.0147402,807.8755,804.2491,810.696,793.36993,658.3883,-0.009521484375,0.129150390625,0.98248291015625,1.54022216796875,-3.656158447265625,0.471038818359375,1.0,1.0,1.0,1.0,1.0,95.0,event
12:10:23.631,0.6831866,0.15865654,0.30535534,0.82103574,0.84666467,0.3499068,0.05400464,0.50778085,0.6500799,0.68506396,0.4042027,0.8428605,1.0281061,0.386652,0.25174066,1.1117828,0.8970745,0.28202656,0.25037512,1.0147402,804.2491,803.44324,812.3077,790.54944,700.293,-0.009521484375,0.129150390625,0.98248291015625,1.54022216796875,-3.656158447265625,0.471038818359375,1.0,1.0,1.0,1.0,1.0,95.0,event
12:10:23.632,0.6831866,0.15865654,0.30535534,0.82103574,0.84666467,0.3499068,0.05400464,0.50778085,0.6500799,0.68506396,0.4042027,0.8428605,1.0281061,0.386652,0.25174066,1.1117828,0.8970745,0.28202656,0.25037512,1.0147402,781.28204,801.02563,809.0842,773.6264,740.58606,-0.009521484375,0.129150390625,0.98248291015625,1.54022216796875,-3.656158447265625,0.471038818359375,1.0,1.0,1.0,1.0,1.0,95.0,event
12:10:23.632,0.6831866,0.15865654,0.30535534,0.82103574,0.84666467,0.3499068,0.05400464,0.50778085,0.6500799,0.68506396,0.4042027,0.8428605,1.0281061,0.386652,0.25174066,1.1117828,0.8970745,0.28202656,0.25037512,1.0147402,784.90845,802.23444,806.26373,796.1905,758.315,-0.009521484375,0.129150390625,0.98248291015625,1.54022216796875,-3.656158447265625,0.471038818359375,1.0,1.0,1.0,1.0,1.0,95.0,event
12:10:23.633,0.6831866,0.15865654,0.30535534,0.82103574,0.84666467,0.3499068,0.05400464,0.50778085,0.6500799,0.68506396,0.4042027,0.8428605,1.0281061,0.386652,0.25174066,1.1117828,0.8970745,0.28202656,0.25037512,1.0147402,810.696,808.68134,801.8315,819.9634,797.8022,-0.009521484375,0.129150390625,0.98248291015625,1.54022216796875,-3.656158447265625,0.471038818359375,1.0,1.0,1.0,1.0,1.0,95.0,event
12:10:23.634,0.6831866,0.15865654,0.30535534,0.82103574,0.84666467,0.3499068,0.05400464,0.50778085,0.6500799,0.68506396,0.4042027,0.8428605,1.0281061,0.386652,0.25174066,1.1117828,0.8970745,0.28202656,0.25037512,1.0147402,796.99634,802.23444,811.0989,805.8608,937.619,-0.009521484375,0.129150390625,0.98248291015625,1.54022216796875,-3.656158447265625,0.471038818359375,1.0,1.0,1.0,1.0,1.0,95.0,event
12:10:23.634,0.6831866,0.15865654,0.30535534,0.82103574,0.84666467,0.3499068,0.05400464,0.50778085,0.6500799,0.68506396,0.4042027,0.8428605,1.0281061,0.386652,0.25174066,1.1117828,0.8970745,0.28202656,0.25037512,1.0147402,805.4579,802.23444,821.1722,793.36993,1243.0403,-0.009521484375,0.129150390625,0.98248291015625,1.54022216796875,-3.656158447265625,0.471038818359375,1.0,1.0,1.0,1.0,1.0,95.0,event
12:10:23.635,0.6831866,0.15865654,0.30535534,0.82103574,0.84666467,0.3499068,0.05400464,0.50778085,0.6500799,0.68506396,0.4042027,0.8428605,1.0281061,0.386652,0.25174066,1.1117828,0.8970745,0.28202656,0.25037512,1.0147402,818.3516,809.4872,822.7839,780.4762,1060.5128,-0.009521484375,0.129150390625,0.98248291015625,1.54022216796875,-3.656158447265625,0.471038818359375,1.0,1.0,1.0,1.0,1.0,95.0,event
12:10:23.636,0.6831866,0.15865654,0.30535534,0.82103574,0.84666467,0.3499068,0.05400464,0.50778085,0.6500799,0.68506396,0.4042027,0.8428605,1.0281061,0.386652,0.25174066,1.1117828,0.8970745,0.28202656,0.25037512,1.0147402,797.8022,810.293,823.1868,792.1612,740.989,-0.009521484375,0.129150390625,0.98248291015625,1.54022216796875,-3.656158447265625,0.471038818359375,1.0,1.0,1.0,1.0,1.0,95.0,event
12:10:23.636,0.6831866,0.15865654,0.30535534,0.82103574,0.84666467,0.3499068,0.05400464,0.50778085,0.6500799,0.68506396,0.4042027,0.8428605,1.0281061,0.386652,0.25174066,1.1117828,0.8970745,0.28202656,0.25037512,1.0147402,796.99634,815.9341,818.7546,811.0989,715.2015,-0.009521484375,0.129150390625,0.98248291015625,1.54022216796875,-3.656158447265625,0.471038818359375,1.0,1.0,1.0,1.0,1.0,95.0,event
12:10:23.637,0.6831866,0.15865654,0.30535534,0.82103574,0.84666467,0.3499068,0.05400464,0.50778085,0.6500799,0.68506396,0.4042027,0.8428605,1.0281061,0.386652,0.25174066,1.1117828,0.8970745,0.28202656,0.25037512,1.0147402,805.8608,813.1135,813.91943,795.38464,772.8205,-0.009521484375,0.129150390625,0.98248291015625,1.54022216796875,-3.656158447265625,0.471038818359375,1.0,1.0,1.0,1.0,1.0,95.0,event
12:10:23.637,0.6831866,0.15865654,0.30535534,0.82103574,0.84666467,0.3499068,0.05400464,0.50778085,0.6500799,0.68506396,0.4042027,0.8428605,1.0281061,0.386652,0.25174066,1.1117828,0.8970745,0.28202656,0.25037512,1.0147402,798.60803,810.696,807.0696,773.22345,778.0586,-0.009521484375,0.129150390625,0.98248291015625,1.54022216796875,-3.656158447265625,0.471038818359375,1.0,1.0,1.0,1.0,1.0,95.0,event
12:10:23.662,0.6831866,0.15865654,0.30535534,0.82103574,0.84666467,0.3499068,0.05400464,0.50778085,0.6500799,0.68506396,0.4042027,0.8428605,1.0281061,0.386652,0.25174066,1.1117828,0.8970745,0.28202656,0.25037512,1.0147402,794.57874,815.12823,794.17584,795.38464,710.7692,-0.00799560546875,0.12353515625,0.97833251953125,1.876678466796875,-3.671112060546875,-0.299072265625,1.0,1.0,1.0,1.0,1.0,95.0,event
12:10:23.663,0.6831866,0.15865654,0.30535534,0.82103574,0.84666467,0.3499068,0.05400464,0.50778085,0.6500799,0.68506396,0.4042027,0.8428605,1.0281061,0.386652,0.25174066,1.1117828,0.8970745,0.28202656,0.25037512,1.0147402,801.4286,811.0989,794.9817,824.7985,718.4249,-0.00799560546875,0.12353515625,0.97833251953125,1.876678466796875,-3.671112060546875,-0.299072265625,1.0,1.0,1.0,1.0,1.0,95.0,event
12:10:23.664,0.6831866,0.15865654,0.30535534,0.82103574,0.84666467,0.3499068,0.05400464,0.50778085,0.6500799,0.68506396,0.4042027,0.8428605,1.0281061,0.386652,0.25174066,1.1117828,0.8970745,0.28202656,0.25037512,1.0147402,806.26373,807.47253,805.05493,815.5311,766.77655,-0.00799560546875,0.12353515625,0.97833251953125,1.876678466796875,-3.671112060546875,-0.299072265625,1.0,1.0,1.0,1.0,1.0,95.0,event
12:10:23.664,0.6831866,0.15865654,0.30535534,0.82103574,0.84666467,0.3499068,0.05400464,0.50778085,0.6500799,0.68506396,0.4042027,0.8428605,1.0281061,0.386652,0.25174066,1.1117828,0.8970745,0.28202656,0.25037512,1.0147402,790.9524,807.8755,810.293,809.4872,718.8278,-0.00799560546875,0.12353515625,0.97833251953125,1.876678466796875,-3.671112060546875,-0.299072265625,1.0,1.0,1.0,1.0,1.0,95.0,event
12:10:23.665,0.6831866,0.15865654,0.30535534,0.82103574,0.84666467,0.3499068,0.05400464,0.50778085,0.6500799,0.68506396,0.4042027,0.8428605,1.0281061,0.386652,0.25174066,1.1117828,0.8970745,0.28202656,0.25037512,1.0147402,781.28204,805.8608,807.8755,801.8315,718.8278,-0.00799560546875,0.12353515625,0.97833251953125,1.876678466796875,-3.671112060546875,-0.299072265625,1.0,1.0,1.0,1.0,1.0,95.0,event
12:10:23.666,0.6831866,0.15865654,0.30535534,0.82103574,0.84666467,0.3499068,0.05400464,0.50778085,0.6500799,0.68506396,0.4042027,0.8428605,1.0281061,0.386652,0.25174066,1.1117828,0.8970745,0.28202656,0.25037512,1.0147402,801.8315,807.8755,813.91943,794.57874,890.4762,-0.00799560546875,0.12353515625,0.97833251953125,1.876678466796875,-3.671112060546875,-0.299072265625,1.0,1.0,1.0,1.0,1.0,95.0,event
12:10:23.666,0.6831866,0.15865654,0.30535534,0.82103574,0.84666467,0.3499068,0.05400464,0.50778085,0.6500799,0.68506396,0.4042027,0.8428605,1.0281061,0.386652,0.25174066,1.1117828,0.8970745,0.28202656,0.25037512,1.0147402,782.49084,804.2491,803.8461,806.26373,917.0696,-0.00799560546875,0.12353515625,0.97833251953125,1.876678466796875,-3.671112060546875,-0.299072265625,1.0,1.0,1.0,1.0,1.0,95.0,event
12:10:23.667,0.6831866,0.15865654,0.30535534,0.82103574,0.84666467,0.3499068,0.05400464,0.50778085,0.6500799,0.68506396,0.4042027,0.8428605,1.0281061,0.386652,0.25174066,1.1117828,0.8970745,0.28202656,0.25037512,1.0147402,809.89014,807.47253,817.1429,792.96704,796.5934,-0.00799560546875,0.12353515625,0.97833251953125,1.876678466796875,-3.671112060546875,-0.299072265625,1.0,1.0,1.0,1.0,1.0,95.0,event
12:10:23.667,0.6831866,0.15865654,0.30535534,0.82103574,0.84666467,0.3499068,0.05400464,0.50778085,0.6500799,0.68506396,0.4042027,0.8428605,1.0281061,0.386652,0.25174066,1.1117828,0.8970745,0.28202656,0.25037512,1.0147402,811.0989,805.8608,811.0989,823.1868,777.6557,-0.00799560546875,0.12353515625,0.97833251953125,1.876678466796875,-3.671112060546875,-0.299072265625,1.0,1.0,1.0,1.0,1.0,95.0,event
12:10:23.668,0.6831866,0.15865654,0.30535534,0.82103574,0.84666467,0.3499068,0.05400464,0.50778085,0.6500799,0.68506396,0.4042027,0.8428605,1.0281061,0.386652,0.25174066,1.1117828,0.8970745,0.28202656,0.25037512,1.0147402,792.96704,800.6227,807.0696,817.9487,891.28204,-0.00799560546875,0.12353515625,0.97833251953125,1.876678466796875,-3.671112060546875,-0.299072265625,1.0,1.0,1.0,1.0,1.0,95.0,event
12:10:23.669,0.6831866,0.15865654,0.30535534,0.82103574,0.84666467,0.3499068,0.05400464,0.50778085,0.6500799,0.68506396,0.4042027,0.8428605,1.0281061,0.386652,0.25174066,1.1117828,0.8970745,0.28202656,0.25037512,1.0147402,789.7436,794.17584,801.4286,811.50183,973.47986,-0.00799560546875,0.12353515625,0.97833251953125,1.876678466796875,-3.671112060546875,-0.299072265625,1.0,1.0,1.0,1.0,1.0,95.0,event
12:10:23.669,0.6831866,0.15865654,0.30535534,0.82103574,0.84666467,0.3499068,0.05400464,0.50778085,0.6500799,0.68506396,0.4042027,0.8428605,1.0281061,0.386652,0.25174066,1.1117828,0.8970745,0.28202656,0.25037512,1.0147402,811.50183,799.011,801.8315,815.5311,760.32965,-0.00799560546875,0.12353515625,0.97833251953125,1.876678466796875,-3.671112060546875,-0.299072265625,1.0,1.0,1.0,1.0,1.0,95.0,event
12:10:23.700,0.6831866,0.15865654,0.30535534,0.82103574,0.84666467,0.3499068,0.05400464,0.50778085,0.6500799,0.68506396,0.4042027,0.8428605,1.0281061,0.386652,0.25174066,1.1117828,0.8970745,0.28202656,0.25037512,1.0147402,795.38464,803.44324,812.3077,802.23444,704.3223,-0.0048828125,0.1258544921875,0.97528076171875,2.28790283203125,-3.626251220703125,0.067291259765625,1.0,1.0,1.0,1.0,1.0,95.0,event
12:10:23.702,0.72388625,0.24265887,0.32761836,0.8615145,0.85021883,0.38724935,0.08341649,0.51935124,0.5230377,0.68506396,0.4042027,0.82896805,1.0050496,0.39165264,0.22867484,1.13035,0.8817339,0.27165812,0.2511007,1.0216757,788.5348,806.6667,811.9048,790.9524,793.7729,-0.0048828125,0.1258544921875,0.97528076171875,2.28790283203125,-3.626251220703125,0.067291259765625,1.0,1.0,1.0,1.0,1.0,95.0,event
12:10:23.708,0.72388625,0.24265887,0.32761836,0.8615145,0.85021883,0.38724935,0.08341649,0.51935124,0.5230377,0.68506396,0.4042027,0.82896805,1.0050496,0.39165264,0.22867484,1.13035,0.8817339,0.27165812,0.2511007,1.0216757,807.8755,806.6667,806.6667,792.96704,726.08057,-0.0048828125,0.1258544921875,0.97528076171875,2.28790283203125,-3.626251220703125,0.067291259765625,1.0,1.0,1.0,1.0,1.0,95.0,event
12:10:23.709,0.72388625,0.24265887,0.32761836,0.8615145,0.85021883,0.38724935,0.08341649,0.51935124,0.5230377,0.68506396,0.4042027,0.82896805,1.0050496,0.39165264,0.22867484,1.13035,0.8817339,0.27165812,0.2511007,1.0216757,812.71063,800.2198,816.337,791.75824,695.8608,-0.0048828125,0.1258544921875,0.97528076171875,2.28790283203125,-3.626251220703125,0.067291259765625,1.0,1.0,1.0,1.0,1.0,95.0,event
12:10:23.710,0.72388625,0.24265887,0.32761836,0.8615145,0.85021883,0.38724935,0.08341649,0.51935124,0.5230377,0.68506396,0.4042027,0.82896805,1.0050496,0.39165264,0.22867484,1.13035,0.8817339,0.27165812,0.2511007,1.0216757,796.5934,810.293,812.3077,787.326,747.4359,-0.0048828125,0.1258544921875,0.97528076171875,2.28790283203125,-3.626251220703125,0.067291259765625,1.0,1.0,1.0,1.0,1.0,95.0,event
12:10:23.711,0.72388625,0.24265887,0.32761836,0.8615145,0.85021883,0.38724935,0.08341649,0.51935124,0.5230377,0.68506396,0.4042027,0.82896805,1.0050496,0.39165264,0.22867484,1.13035,0.8817339,0.27165812,0.2511007,1.0216757,776.8498,819.15753,802.6374,774.83514,809.0842,-0.0048828125,0.1258544921875,0.97528076171875,2.28790283203125,-3.626251220703125,0.067291259765625,1.0,1.0,1.0,1.0,1.0,95.0,event
12:10:23.713,0.72388625,0.24265887,0.32761836,0.8615145,0.85021883,0.38724935,0.08341649,0.51935124,0.5230377,0.68506396,0.4042027,0.82896805,1.0050496,0.39165264,0.22867484,1.13035,0.8817339,0.27165812,0.2511007,1.0216757,782.8938,819.15753,803.0403,790.54944,904.9817,-0.0048828125,0.1258544921875,0.97528076171875,2.28790283203125,-3.626251220703125,0.067291259765625,1.0,1.0,1.0,1.0,1.0,95.0,event
12:10:23.714,0.72388625,0.24265887,0.32761836,0.8615145,0.85021883,0.38724935,0.08341649,0.51935124,0.5230377,0.68506396,0.4042027,0.82896805,1.0050496,0.39165264,0.22867484,1.13035,0.8817339,0.27165812,0.2511007,1.0216757,792.96704,813.91943,804.2491,799.81683,807.0696,-0.0048828125,0.1258544921875,0.97528076171875,2.28790283203125,-3.626251220703125,0.067291259765625,1.0,1.0,1.0,1.0,1.0,95.0,event
12:10:23.715,0.72388625,0.24265887,0.32761836,0.8615145,0.85021883,0.38724935,0.08341649,0.51935124,0.5230377,0.68506396,0.4042027,0.82896805,1.0050496,0.39165264,0.22867484,1.13035,0.8817339,0.27165812,0.2511007,1.0216757,790.9524,807.47253,811.0989,794.9817,775.2381,-0.0048828125,0.1258544921875,0.97528076171875,2.28790283203125,-3.626251220703125,0.067291259765625,1.0,1.0,1.0,1.0,1.0,95.0,event
12:10:23.716,0.72388625,0.24265887,0.32761836,0.8615145,0.85021883,0.38724935,0.08341649,0.51935124,0.5230377,0.68506396,0.4042027,0.82896805,1.0050496,0.39165264,0.22867484,1.13035,0.8817339,0.27165812,0.2511007,1.0216757,785.31134,803.0403,814.7253,790.9524,1041.5751,-0.0048828125,0.1258544921875,0.97528076171875,2.28790283203125,-3.626251220703125,0.067291259765625,1.0,1.0,1.0,1.0,1.0,95.0,event
12:10:23.717,0.72388625,0.24265887,0.32761836,0.8615145,0.85021883,0.38724935,0.08341649,0.51935124,0.5230377,0.68506396,0.4042027,0.82896805,1.0050496,0.39165264,0.22867484,1.13035,0.8817339,0.27165812,0.2511007,1.0216757,805.05493,807.0696,808.2784,776.4469,945.2747,-0.0048828125,0.1258544921875,0.97528076171875,2.28790283203125,-3.626251220703125,0.067291259765625,1.0,1.0,1.0,1.0,1.0,95.0,event
12:10:23.718,0.72388625,0.24265887,0.32761836,0.8615145,0.85021883,0.38724935,0.08341649,0.51935124,0.5230377,0.68506396,0.4042027,0.82896805,1.0050496,0.39165264,0.22867484,1.13035,0.8817339,0.27165812,0.2511007,1.0216757,807.0696,810.293,799.41394,793.7729,709.5604,-0.0048828125,0.1258544921875,0.97528076171875,2.28790283203125,-3.626251220703125,0.067291259765625,1.0,1.0,1.0,1.0,1.0,95.0,event
12:10:23.746,0.72388625,0.24265887,0.32761836,0.8615145,0.85021883,0.38724935,0.08341649,0.51935124,0.5230377,0.68506396,0.4042027,0.82896805,1.0050496,0.39165264,0.22867484,1.13035,0.8817339,0.27165812,0.2511007,1.0216757,785.31134,799.41394,798.60803,811.0989,765.56775,-0.0120849609375,0.12860107421875,0.97906494140625,2.51220703125,-4.239349365234375,0.478515625,1.0,1.0,1.0,1.0,1.0,95.0,event
12:10:23.747,0.72388625,0.24265887,0.32761836,0.8615145,0.85021883,0.38724935,0.08341649,0.51935124,0.5230377,0.68506396,0.4042027,0.82896805,1.0050496,0.39165264,0.22867484,1.13035,0.8817339,0.27165812,0.2511007,1.0216757,791.3553,794.9817,801.8315,796.5934,757.1062,-0.0120849609375,0.12860107421875,0.97906494140625,2.51220703125,-4.239349365234375,0.478515625,1.0,1.0,1.0,1.0,1.0,95.0,event
12:10:23.748,0.72388625,0.24265887,0.32761836,0.8615145,0.85021883,0.38724935,0.08341649,0.51935124,0.5230377,0.68506396,0.4042027,0.82896805,1.0050496,0.39165264,0.22867484,1.13035,0.8817339,0.27165812,0.2511007,1.0216757,790.9524,801.02563,811.0989,776.04395,702.71063,-0.0120849609375,0.12860107421875,0.97906494140625,2.51220703125,-4.239349365234375,0.478515625,1.0,1.0,1.0,1.0,1.0,95.0,event
12:10:23.749,0.72388625,0.24265887,0.32761836,0.8615145,0.85021883,0.38724935,0.08341649,0.51935124,0.5230377,0.68506396,0.4042027,0.82896805,1.0050496,0.39165264,0.22867484,1.13035,0.8817339,0.27165812,0.2511007,1.0216757,783.2967,811.9048,808.68134,816.7399,828.022,-0.0120849609375,0.12860107421875,0.97906494140625,2.51220703125,-4.239349365234375,0.478515625,1.0,1.0,1.0,1.0,1.0,95.0,event
12:10:23.749,0.72388625,0.24265887,0.32761836,0.8615145,0.85021883,0.38724935,0.08341649,0.51935124,0.5230377,0.68506396,0.4042027,0.82896805,1.0050496,0.39165264,0.22867484,1.13035,0.8817339,0.27165812,0.2511007,1.0216757,785.7143,812.3077,809.4872,782.49084,767.5824,-0.0120849609375,0.12860107421875,0.97906494140625,2.51220703125,-4.239349365234375,0.478515625,1.0,1.0,1.0,1.0,1.0,95.0,event
12:10:23.750,0.72388625,0.24265887,0.32761836,0.8615145,0.85021883,0.38724935,0.08341649,0.51935124,0.5230377,0.68506396,0.4042027,0.82896805,1.0050496,0.39165264,0.22867484,1.13035,0.8817339,0.27165812,0.2511007,1.0216757,779.67035,805.05493,813.1135,821.5751,833.663,-0.0120849609375,0.12860107421875,0.97906494140625,2.51220703125,-4.239349365234375,0.478515625,1.0,1.0,1.0,1.0,1.0,95.0,event
12:10:23.751,0.72388625,0.24265887,0.32761836,0.8615145,0.85021883,0.38724935,0.08341649,0.51935124,0.5230377,0.68506396,0.4042027,0.82896805,1.0050496,0.39165264,0.22867484,1.13035,0.8817339,0.27165812,0.2511007,1.0216757,783.2967,807.0696,798.20514,812.3077,829.2308,-0.0120849609375,0.12860107421875,0.97906494140625,2.51220703125,-4.239349365234375,0.478515625,1.0,1.0,1.0,1.0,1.0,95.0,event
12:10:23.751,0.72388625,0.24265887,0.32761836,0.8615145,0.85021883,0.38724935,0.08341649,0.51935124,0.5230377,0.68506396,0.4042027,0.82896805,1.0050496,0.39165264,0.22867484,1.13035,0.8817339,0.27165812,0.2511007,1.0216757,790.9524,808.68134,802.23444,814.3223,773.6264,-0.0120849609375,0.12860107421875,0.97906494140625,2.51220703125,-4.239349365234375,0.478515625,1.0,1.0,1.0,1.0,1.0,95.0,event
12:10:23.752,0.72388625,0.24265887,0.32761836,0.8615145,0.85021883,0.38724935,0.08341649,0.51935124,0.5230377,0.68506396,0.4042027,0.82896805,1.0050496,0.39165264,0.22867484,1.13035,0.8817339,0.27165812,0.2511007,1.0216757,805.8608,802.23444,819.15753,825.6044,902.96704,-0.0120849609375,0.12860107421875,0.97906494140625,2.51220703125,-4.239349365234375,0.478515625,1.0,1.0,1.0,1.0,1.0,95.0,event
12:10:23.754,0.72388625,0.24265887,0.32761836,0.8615145,0.85021883,0.38724935,0.08341649,0.51935124,0.5230377,0.68506396,0.4042027,0.82896805,1.0050496,0.39165264,0.22867484,1.13035,0.8817339,0.27165812,0.2511007,1.0216757,812.3077,808.68134,818.7546,801.02563,942.4542,-0.0120849609375,0.12860107421875,0.97906494140625,2.51220703125,-4.239349365234375,0.478515625,1.0,1.0,1.0,1.0,1.0,95.0,event
12:10:23.755,0.72388625,0.24265887,0.32761836,0.8615145,0.85021883,0.38724935,0.08341649,0.51935124,0.5230377,0.68506396,0.4042027,0.82896805,1.0050496,0.39165264,0.22867484,1.13035,0.8817339,0.27165812,0.2511007,1.0216757,780.87915,810.696,815.12823,766.77655,707.5458,-0.0120849609375,0.12860107421875,0.97906494140625,2.51220703125,-4.239349365234375,0.478515625,1.0,1.0,1.0,1.0,1.0,95.0,event
12:10:23.756,0.72388625,0.24265887,0.32761836,0.8615145,0.85021883,0.38724935,0.08341649,0.51935124,0.5230377,0.68506396,0.4042027,0.82896805,1.0050496,0.39165264,0.22867484,1.13035,0.8817339,0.27165812,0.2511007,1.0216757,785.7143,803.8461,802.6374,777.25275,724.87177,-0.0120849609375,0.12860107421875,0.97906494140625,2.51220703125,-4.239349365234375,0.478515625,1.0,1.0,1.0,1.0,1.0,95.0,event
12:10:23.785,0.72388625,0.24265887,0.32761836,0.8615145,0.85021883,0.38724935,0.08341649,0.51935124,0.5230377,0.68506396,0.4042027,0.82896805,1.0050496,0.39165264,0.22867484,1.13035,0.8817339,0.27165812,0.2511007,1.0216757,798.60803,803.0403,800.2198,793.36993,859.45056,-0.00189208984375,0.13067626953125,0.97802734375,2.51220703125,-3.087921142578125,0.351409912109375,1.0,1.0,1.0,1.0,1.0,95.0,event
12:10:23.786,0.72388625,0.24265887,0.32761836,0.8615145,0.85021883,0.38724935,0.08341649,0.51935124,0.5230377,0.68506396,0.4042027,0.82896805,1.0050496,0.39165264,0.22867484,1.13035,0.8817339,0.27165812,0.2511007,1.0216757,803.44324,808.68134,816.7399,825.6044,846.55676,-0.00189208984375,0.13067626953125,0.97802734375,2.51220703125,-3.087921142578125,0.351409912109375,1.0,1.0,1.0,1.0,1.0,95.0,event
12:10:23.787,0.7844887,0.28802094,0.35414708,0.91210455,0.8392456,0.39269808,0.11164208,0.53051454,0.43946317,0.68506396,0.4042027,0.8219102,0.9890159,0.38859543,0.21373734,1.1605998,0.85761887,0.26971886,0.25873756,1.0117073,770.80585,800.2198,812.3077,794.57874,823.9927,-0.00189208984375,0.13067626953125,0.97802734375,2.51220703125,-3.087921142578125,0.351409912109375,1.0,1.0,1.0,1.0,1.0,95.0,event
12:10:23.787,0.72388625,0.24265887,0.32761836,0.8615145,0.85021883,0.38724935,0.08341649,0.51935124,0.5230377,0.68506396,0.4042027,0.82896805,1.0050496,0.39165264,0.22867484,1.13035,0.8817339,0.27165812,0.2511007,1.0216757,807.47253,805.4579,819.9634,824.7985,811.0989,-0.00189208984375,0.13067626953125,0.97802734375,2.51220703125,-3.087921142578125,0.351409912109375,1.0,1.0,1.0,1.0,1.0,95.0,event
12:10:23.792,0.7844887,0.28802094,0.35414708,0.91210455,0.8392456,0.39269808,0.11164208,0.53051454,0.43946317,0.68506396,0.4042027,0.8219102,0.9890159,0.38859543,0.21373734,1.1605998,0.85761887,0.26971886,0.25873756,1.0117073,768.3883,798.60803,804.2491,798.20514,847.3626,-0.00189208984375,0.13067626953125,0.97802734375,2.51220703125,-3.087921142578125,0.351409912109375,1.0,1.0,1.0,1.0,1.0,95.0,event
12:10:23.792,0.7844887,0.28802094,0.35414708,0.91210455,0.8392456,0.39269808,0.11164208,0.53051454,0.43946317,0.68506396,0.4042027,0.8219102,0.9890159,0.38859543,0.21373734,1.1605998,0.85761887,0.26971886,0.25873756,1.0117073,791.75824,799.011,801.02563,801.02563,813.91943,-0.00189208984375,0.13067626953125,0.97802734375,2.51220703125,-3.087921142578125,0.351409912109375,1.0,1.0,1.0,1.0,1.0,95.0,event
12:10:23.793,0.7844887,0.28802094,0.35414708,0.91210455,0.8392456,0.39269808,0.11164208,0.53051454,0.43946317,0.68506396,0.4042027,0.8219102,0.9890159,0.38859543,0.21373734,1.1605998,0.85761887,0.26971886,0.25873756,1.0117073,777.6557,803.0403,798.60803,797.8022,828.8278,-0.00189208984375,0.13067626953125,0.97802734375,2.51220703125,-3.087921142578125,0.351409912109375,1.0,1.0,1.0,1.0,1.0,95.0,event
12:10:23.793,0.7844887,0.28802094,0.35414708,0.91210455,0.8392456,0.39269808,0.11164208,0.53051454,0.43946317,0.68506396,0.4042027,0.8219102,0.9890159,0.38859543,0.21373734,1.1605998,0.85761887,0.26971886,0.25873756,1.0117073,787.72894,803.8461,799.41394,798.20514,872.3443,-0.00189208984375,0.13067626953125,0.97802734375,2.51220703125,-3.087921142578125,0.351409912109375,1.0,1.0,1.0,1.0,1.0,95.0,event
12:10:23.794,0.7844887,0.28802094,0.35414708,0.91210455,0.8392456,0.39269808,0.11164208,0.53051454,0.43946317,0.68506396,0.4042027,0.8219102,0.9890159,0.38859543,0.21373734,1.1605998,0.85761887,0.26971886,0.25873756,1.0117073,811.0989,803.44324,798.20514,782.8938,1031.0989,-0.00189208984375,0.13067626953125,0.97802734375,2.51220703125,-3.087921142578125,0.351409912109375,1.0,1.0,1.0,1.0,1.0,95.0,event
12:10:23.795,0.7844887,0.28802094,0.35414708,0.91210455,0.8392456,0.39269808,0.11164208,0.53051454,0.43946317,0.68506396,0.4042027,0.8219102,0.9890159,0.38859543,0.21373734,1.1605998,0.85761887,0.26971886,0.25873756,1.0117073,789.7436,798.60803,807.0696,800.6227,896.9231,-0.00189208984375,0.13067626953125,0.97802734375,2.51220703125,-3.087921142578125,0.351409912109375,1.0,1.0,1.0,1.0,1.0,95.0,event
12:10:23.796,0.7844887,0.28802094,0.35414708,0.91210455,0.8392456,0.39269808,0.11164208,0.53051454,0.43946317,0.68506396,0.4042027,0.8219102,0.9890159,0.38859543,0.21373734,1.1605998,0.85761887,0.26971886,0.25873756,1.0117073,766.3736,793.7729,812.71063,807.0696,680.14655,-0.00189208984375,0.13067626953125,0.97802734375,2.51220703125,-3.087921142578125,0.351409912109375,1.0,1.0,1.0,1.0,1.0,95.0,event
12:10:23.797,0.7844887,0.28802094,0.35414708,0.91210455,0.8392456,0.39269808,0.11164208,0.53051454,0.43946317,0.68506396,0.4042027,0.8219102,0.9890159,0.38859543,0.21373734,1.1605998,0.85761887,0.26971886,0.25873756,1.0117073,770.40295,791.3553,807.47253,801.4286,705.5311,-0.00189208984375,0.13067626953125,0.97802734375,2.51220703125,-3.087921142578125,0.351409912109375,1.0,1.0,1.0,1.0,1.0,95.0,event
12:10:23.821,0.7844887,0.28802094,0.35414708,0.91210455,0.8392456,0.39269808,0.11164208,0.53051454,0.43946317,0.68506396,0.4042027,0.8219102,0.9890159,0.38859543,0.21373734,1.1605998,0.85761887,0.26971886,0.25873756,1.0117073,796.99634,788.5348,803.0403,797.3993,750.2564,-0.00189208984375,0.13067626953125,0.97802734375,2.51220703125,-3.087921142578125,0.351409912109375,1.0,1.0,1.0,1.0,1.0,95.0,event
12:10:23.822,0.7844887,0.28802094,0.35414708,0.91210455,0.8392456,0.39269808,0.11164208,0.53051454,0.43946317,0.68506396,0.4042027,0.8219102,0.9890159,0.38859543,0.21373734,1.1605998,0.85761887,0.26971886,0.25873756,1.0117073,802.23444,804.2491,805.8608,792.1612,699.0842,-0.00189208984375,0.13067626953125,0.97802734375,2.51220703125,-3.087921142578125,0.351409912109375,1.0,1.0,1.0,1.0,1.0,95.0,event
12:10:23.823,0.7844887,0.28802094,0.35414708,0.91210455,0.8392456,0.39269808,0.11164208,0.53051454,0.43946317,0.68506396,0.4042027,0.8219102,0.9890159,0.38859543,0.21373734,1.1605998,0.85761887,0.26971886,0.25873756,1.0117073,796.99634,818.3516,803.0403,779.67035,690.6227,-0.00189208984375,0.13067626953125,0.97802734375,2.51220703125,-3.087921142578125,0.351409912109375,1.0,1.0,1.0,1.0,1.0,95.0,event
12:10:23.823,0.7844887,0.28802094,0.35414708,0.91210455,0.8392456,0.39269808,0.11164208,0.53051454,0.43946317,0.68506396,0.4042027,0.8219102,0.9890159,0.38859543,0.21373734,1.1605998,0.85761887,0.26971886,0.25873756,1.0117073,801.8315,812.3077,798.60803,791.75824,830.0366,-0.00189208984375,0.13067626953125,0.97802734375,2.51220703125,-3.087921142578125,0.351409912109375,1.0,1.0,1.0,1.0,1.0,95.0,event
12:10:23.824,0.7844887,0.28802094,0.35414708,0.91210455,0.8392456,0.39269808,0.11164208,0.53051454,0.43946317,0.68506396,0.4042027,0.8219102,0.9890159,0.38859543,0.21373734,1.1605998,0.85761887,0.26971886,0.25873756,1.0117073,792.96704,797.8022,805.4579,830.4396,938.4249,-0.00189208984375,0.13067626953125,0.97802734375,2.51220703125,-3.087921142578125,0.351409912109375,1.0,1.0,1.0,1.0,1.0,95.0,event
12:10:23.824,0.7844887,0.28802094,0.35414708,0.91210455,0.8392456,0.39269808,0.11164208,0.53051454,0.43946317,0.68506396,0.4042027,0.8219102,0.9890159,0.38859543,0.21373734,1.1605998,0.85761887,0.26971886,0.25873756,1.0117073,792.5641,796.5934,809.89014,811.0989,931.5751,-0.00189208984375,0.13067626953125,0.97802734375,2.51220703125,-3.087921142578125,0.351409912109375,1.0,1.0,1.0,1.0,1.0,95.0,event
12:10:23.825,0.7844887,0.28802094,0.35414708,0.91210455,0.8392456,0.39269808,0.11164208,0.53051454,0.43946317,0.68506396,0.4042027,0.8219102,0.9890159,0.38859543,0.21373734,1.1605998,0.85761887,0.26971886,0.25873756,1.0117073,809.0842,802.6374,805.8608,774.0293,861.4652,-0.00189208984375,0.13067626953125,0.97802734375,2.51220703125,-3.087921142578125,0.351409912109375,1.0,1.0,1.0,1.0,1.0,95.0,event
12:10:23.825,0.7844887,0.28802094,0.35414708,0.91210455,0.8392456,0.39269808,0.11164208,0.53051454,0.43946317,0.68506396,0.4042027,0.8219102,0.9890159,0.38859543,0.21373734,1.1605998,0.85761887,0.26971886,0.25873756,1.0117073,795.38464,795.78754,807.0696,771.2088,953.3333,-0.00189208984375,0.13067626953125,0.97802734375,2.51220703125,-3.087921142578125,0.351409912109375,1.0,1.0,1.0,1.0,1.0,95.0,event
12:10:23.826,0.7844887,0.28802094,0.35414708,0.91210455,0.8392456,0.39269808,0.11164208,0.53051454,0.43946317,0.68506396,0.4042027,0.8219102,0.9890159,0.38859543,0.21373734,1.1605998,0.85761887,0.26971886,0.25873756,1.0117073,766.3736,791.3553,805.8608,784.5055,1026.6666,-0.00189208984375,0.13067626953125,0.97802734375,2.51220703125,-3.087921142578125,0.351409912109375,1.0,1.0,1.0,1.0,1.0,95.0,event
12:10:23.826,0.7844887,0.28802094,0.35414708,0.91210455,0.8392456,0.39269808,0.11164208,0.53051454,0.43946317,0.68506396,0.4042027,0.8219102,0.9890159,0.38859543,0.21373734,1.1605998,0.85761887,0.26971886,0.25873756,1.0117073,772.01465,800.2198,806.6667,812.3077,799.011,-0.00189208984375,0.13067626953125,0.97802734375,2.51220703125,-3.087921142578125,0.351409912109375,1.0,1.0,1.0,1.0,1.0,95.0,event
12:10:23.827,0.7844887,0.28802094,0.35414708,0.91210455,0.8392456,0.39269808,0.11164208,0.53051454,0.43946317,0.68506396,0.4042027,0.8219102,0.9890159,0.38859543,0.21373734,1.1605998,0.85761887,0.26971886,0.25873756,1.0117073,778.0586,803.0403,813.5165,820.3663,727.28937,-0.00189208984375,0.13067626953125,0.97802734375,2.51220703125,-3.087921142578125,0.351409912109375,1.0,1.0,1.0,1.0,1.0,95.0,event
12:10:23.827,0.7844887,0.28802094,0.35414708,0.91210455,0.8392456,0.39269808,0.11164208,0.53051454,0.43946317,0.68506396,0.4042027,0.8219102,0.9890159,0.38859543,0.21373734,1.1605998,0.85761887,0.26971886,0.25873756,1.0117073,778.0586,803.0403,811.0989,801.8315,792.96704,-0.00189208984375,0.13067626953125,0.97802734375,2.51220703125,-3.087921142578125,0.351409912109375,1.0,1.0,1.0,1.0,1.0,95.0,event
12:10:23.866,0.7844887,0.28802094,0.35414708,0.91210455,0.8392456,0.39269808,0.11164208,0.53051454,0.43946317,0.68506396,0.4042027,0.8219102,0.9890159,0.38859543,0.21373734,1.1605998,0.85761887,0.26971886,0.25873756,1.0117073,797.3993,805.05493,801.02563,781.28204,718.022,-0.007080078125,0.12762451171875,0.97906494140625,1.68975830078125,-3.850555419921875,0.500946044921875,1.0,1.0,1.0,1.0,1.0,95.0,event
12:10:23.867,0.7844887,0.28802094,0.35414708,0.91210455,0.8392456,0.39269808,0.11164208,0.53051454,0.43946317,0.68506396,0.4042027,0.8219102,0.9890159,0.38859543,0.21373734,1.1605998,0.85761887,0.26971886,0.25873756,1.0117073,814.7253,806.26373,802.6374,780.4762,711.5751,-0.007080078125,0.12762451171875,0.97906494140625,1.68975830078125,-3.850555419921875,0.500946044921875,1.0,1.0,1.0,1.0,1.0,95.0,event
12:10:23.868,0.7844887,0.28802094,0.35414708,0.91210455,0.8392456,0.39269808,0.11164208,0.53051454,0.43946317,0.68506396,0.4042027,0.8219102,0.9890159,0.38859543,0.21373734,1.1605998,0.85761887,0.26971886,0.25873756,1.0117073,806.26373,807.0696,803.8461,808.68134,742.1978,-0.007080078125,0.12762451171875,0.97906494140625,1.68975830078125,-3.850555419921875,0.500946044921875,1.0,1.0,1.0,1.0,1.0,95.0,event
12:10:23.869,0.7844887,0.28802094,0.35414708,0.91210455,0.8392456,0.39269808,0.11164208,0.53051454,0.43946317,0.68506396,0.4042027,0.8219102,0.9890159,0.38859543,0.21373734,1.1605998,0.85761887,0.26971886,0.25873756,1.0117073,790.54944,802.23444,803.0403,821.978,728.0952,-0.007080078125,0.12762451171875,0.97906494140625,1.68975830078125,-3.850555419921875,0.500946044921875,1.0,1.0,1.0,1.0,1.0,95.0,event
12:10:23.870,0.7844887,0.28802094,0.35414708,0.91210455,0.8392456,0.39269808,0.11164208,0.53051454,0.43946317,0.68506396,0.4042027,0.8219102,0.9890159,0.38859543,0.21373734,1.1605998,0.85761887,0.26971886,0.25873756,1.0117073,776.4469,802.6374,811.0989,802.6374,726.4835,-0.007080078125,0.12762451171875,0.97906494140625,1.68975830078125,-3.850555419921875,0.500946044921875,1.0,1.0,1.0,1.0,1.0,95.0,event
12:10:23.870,0.83614576,0.30730715,0.3876353,0.9525542,0.7977309,0.3857989,0.1389668,0.5340059,0.43028662,0.68506396,0.4042027,0.7866369,0.98892486,0.38534346,0.20995058,1.2003256,0.83046514,0.2741765,0.27039334,0.97397727,776.04395,805.05493,808.68134,780.07324,780.4762,-0.007080078125,0.12762451171875,0.97906494140625,1.68975830078125,-3.850555419921875,0.500946044921875,1.0,1.0,1.0,1.0,1.0,95.0,event
12:10:23.875,0.83614576,0.30730715,0.3876353,0.9525542,0.7977309,0.3857989,0.1389668,0.5340059,0.43028662,0.68506396,0.4042027,0.7866369,0.98892486,0.38534346,0.20995058,1.2003256,0.83046514,0.2741765,0.27039334,0.97397727,784.5055,807.8755,805.4579,794.17584,904.9817,-0.007080078125,0.12762451171875,0.97906494140625,1.68975830078125,-3.850555419921875,0.500946044921875,1.0,1.0,1.0,1.0,1.0,95.0,event
12:10:23.875,0.83614576,0.30730715,0.3876353,0.9525542,0.7977309,0.3857989,0.1389668,0.5340059,0.43028662,0.68506396,0.4042027,0.7866369,0.98892486,0.38534346,0.20995058,1.2003256,0.83046514,0.2741765,0.27039334,0.97397727,807.47253,808.2784,809.89014,816.7399,1140.6959,-0.007080078125,0.12762451171875,0.97906494140625,1.68975830078125,-3.850555419921875,0.500946044921875,1.0,1.0,1.0,1.0,1.0,95.0,event
12:10:23.876,0.83614576,0.30730715,0.3876353,0.9525542,0.7977309,0.3857989,0.1389668,0.5340059,0.43028662,0.68506396,0.4042027,0.7866369,0.98892486,0.38534346,0.20995058,1.2003256,0.83046514,0.2741765,0.27039334,0.97397727,830.84247,804.65204,806.6667,817.1429,1003.2967,-0.007080078125,0.12762451171875,0.97906494140625,1.68975830078125,-3.850555419921875,0.500946044921875,1.0,1.0,1.0,1.0,1.0,95.0,event
12:10:23.877,0.83614576,0.30730715,0.3876353,0.9525542,0.7977309,0.3857989,0.1389668,0.5340059,0.43028662,0.68506396,0.4042027,0.7866369,0.98892486,0.38534346,0.20995058,1.2003256,0.83046514,0.2741765,0.27039334,0.97397727,806.26373,809.0842,809.89014,818.3516,776.8498,-0.007080078125,0.12762451171875,0.97906494140625,1.68975830078125,-3.850555419921875,0.500946044921875,1.0,1.0,1.0,1.0,1.0,95.0,event
12:10:23.877,0.83614576,0.30730715,0.3876353,0.9525542,0.7977309,0.3857989,0.1389668,0.5340059,0.43028662,0.68506396,0.4042027,0.7866369,0.98892486,0.38534346,0.20995058,1.2003256,0.83046514,0.2741765,0.27039334,0.97397727,795.78754,810.293,811.50183,819.9634,794.17584,-0.007080078125,0.12762451171875,0.97906494140625,1.68975830078125,-3.850555419921875,0.500946044921875,1.0,1.0,1.0,1.0,1.0,95.0,event
12:10:23.878,0.83614576,0.30730715,0.3876353,0.9525542,0.7977309,0.3857989,0.1389668,0.5340059,0.43028662,0.68506396,0.4042027,0.7866369,0.98892486,0.38534346,0.20995058,1.2003256,0.83046514,0.2741765,0.27039334,0.97397727,793.7729,798.20514,805.8608,801.4286,713.5897,-0.007080078125,0.12762451171875,0.97906494140625,1.68975830078125,-3.850555419921875,0.500946044921875,1.0,1.0,1.0,1.0,1.0,95.0,event
12:10:23.966,0.83614576,0.30730715,0.3876353,0.9525542,0.7977309,0.3857989,0.1389668,0.5340059,0.43028662,0.68506396,0.4042027,0.7866369,0.98892486,0.38534346,0.20995058,1.2003256,0.83046514,0.2741765,0.27039334,0.97397727,794.57874,800.2198,813.5165,785.31134,616.08057,-0.01080322265625,0.1241455078125,0.9754638671875,1.92901611328125,-3.90289306640625,0.067291259765625,1.0,1.0,1.0,1.0,1.0,95.0,event
12:10:23.967,0.83614576,0.30730715,0.3876353,0.9525542,0.7977309,0.3857989,0.1389668,0.5340059,0.43028662,0.68506396,0.4042027,0.7866369,0.98892486,0.38534346,0.20995058,1.2003256,0.83046514,0.2741765,0.27039334,0.97397727,815.12823,806.6667,810.696,804.2491,670.07324,-0.01080322265625,0.1241455078125,0.9754638671875,1.92901611328125,-3.90289306640625,0.067291259765625,1.0,1.0,1.0,1.0,1.0,95.0,event
12:10:23.968,0.83614576,0.30730715,0.3876353,0.9525542,0.7977309,0.3857989,0.1389668,0.5340059,0.43028662,0.68506396,0.4042027,0.7866369,0.98892486,0.38534346,0.20995058,1.2003256,0.83046514,0.2741765,0.27039334,0.97397727,816.337,805.4579,803.8461,816.7399,759.12085,-0.01080322265625,0.1241455078125,0.9754638671875,1.92901611328125,-3.90289306640625,0.067291259765625,1.0,1.0,1.0,1.0,1.0,95.0,event
12:10:23.969,0.83614576,0.30730715,0.3876353,0.9525542,0.7977309,0.3857989,0.1389668,0.5340059,0.43028662,0.68506396,0.4042027,0.7866369,0.98892486,0.38534346,0.20995058,1.2003256,0.83046514,0.2741765,0.27039334,0.97397727,798.20514,814.7253,811.0989,800.6227,695.8608,-0.01080322265625,0.1241455078125,0.9754638671875,1.92901611328125,-3.90289306640625,0.067291259765625,1.0,1.0,1.0,1.0,1.0,95.0,event
12:10:23.969,0.83614576,0.30730715,0.3876353,0.9525542,0.7977309,0.3857989,0.1389668,0.5340059,0.43028662,0.68506396,0.4042027,0.7866369,0.98892486,0.38534346,0.20995058,1.2003256,0.83046514,0.2741765,0.27039334,0.97397727,794.57874,819.15753,803.0403,802.6374,649.12085,-0.01080322265625,0.1241455078125,0.9754638671875,1.92901611328125,-3.90289306640625,0.067291259765625,1.0,1.0,1.0,1.0,1.0,95.0,event
12:10:23.970,0.83614576,0.30730715,0.3876353,0.9525542,0.7977309,0.3857989,0.1389668,0.5340059,0.43028662,0.68506396,0.4042027,0.7866369,0.98892486,0.38534346,0.20995058,1.2003256,0.83046514,0.2741765,0.27039334,0.97397727,802.23444,810.696,798.60803,815.9341,700.696,-0.01080322265625,0.1241455078125,0.9754638671875,1.92901611328125,-3.90289306640625,0.067291259765625,1.0,1.0,1.0,1.0,1.0,95.0,event
12:10:23.971,0.83614576,0.30730715,0.3876353,0.9525542,0.7977309,0.3857989,0.1389668,0.5340059,0.43028662,0.68506396,0.4042027,0.7866369,0.98892486,0.38534346,0.20995058,1.2003256,0.83046514,0.2741765,0.27039334,0.97397727,802.23444,801.02563,812.3077,816.337,958.5714,-0.01080322265625,0.1241455078125,0.9754638671875,1.92901611328125,-3.90289306640625,0.067291259765625,1.0,1.0,1.0,1.0,1.0,95.0,event
12:10:23.972,0.83614576,0.30730715,0.3876353,0.9525542,0.7977309,0.3857989,0.1389668,0.5340059,0.43028662,0.68506396,0.4042027,0.7866369,0.98892486,0.38534346,0.20995058,1.2003256,0.83046514,0.2741765,0.27039334,0.97397727,803.44324,800.2198,817.9487,806.26373,1047.619,-0.01080322265625,0.1241455078125,0.9754638671875,1.92901611328125,-3.90289306640625,0.067291259765625,1.0,1.0,1.0,1.0,1.0,95.0,event
12:10:23.972,0.83614576,0.30730715,0.3876353,0.9525542,0.7977309,0.3857989,0.1389668,0.5340059,0.43028662,0.68506396,0.4042027,0.7866369,0.98892486,0.38534346,0.20995058,1.2003256,0.83046514,0.2741765,0.27039334,0.97397727,777.6557,802.23444,809.89014,791.3553,783.2967,-0.01080322265625,0.1241455078125,0.9754638671875,1.92901611328125,-3.90289306640625,0.067291259765625,1.0,1.0,1.0,1.0,1.0,95.0,event
12:10:23.973,0.83614576,0.30730715,0.3876353,0.9525542,0.7977309,0.3857989,0.1389668,0.5340059,0.43028662,0.68506396,0.4042027,0.7866369,0.98892486,0.38534346,0.20995058,1.2003256,0.83046514,0.2741765,0.27039334,0.97397727,776.04395,800.6227,802.23444,808.68134,716.0073,-0.01080322265625,0.1241455078125,0.9754638671875,1.92901611328125,-3.90289306640625,0.067291259765625,1.0,1.0,1.0,1.0,1.0,95.0,event
12:10:23.974,0.83614576,0.30730715,0.3876353,0.9525542,0.7977309,0.3857989,0.1389668,0.5340059,0.43028662,0.68506396,0.4042027,0.7866369,0.98892486,0.38534346,0.20995058,1.2003256,0.83046514,0.2741765,0.27039334,0.97397727,792.1612,811.0989,809.0842,792.5641,844.1392,-0.01080322265625,0.1241455078125,0.9754638671875,1.92901611328125,-3.90289306640625,0.067291259765625,1.0,1.0,1.0,1.0,1.0,95.0,event
12:10:23.974,0.83614576,0.30730715,0.3876353,0.9525542,0.7977309,0.3857989,0.1389668,0.5340059,0.43028662,0.68506396,0.4042027,0.7866369,0.98892486,0.38534346,0.20995058,1.2003256,0.83046514,0.2741765,0.27039334,0.97397727,794.9817,809.89014,805.05493,817.1429,829.2308,-0.01080322265625,0.1241455078125,0.9754638671875,1.92901611328125,-3.90289306640625,0.067291259765625,1.0,1.0,1.0,1.0,1.0,95.0,event
12:10:23.976,0.83614576,0.30730715,0.3876353,0.9525542,0.7977309,0.3857989,0.1389668,0.5340059,0.43028662,0.68506396,0.4042027,0.7866369,0.98892486,0.38534346,0.20995058,1.2003256,0.83046514,0.2741765,0.27039334,0.97397727,793.7729,807.8755,807.47253,812.71063,746.63007,-0.00897216796875,0.12335205078125,0.9825439453125,2.4822998046875,-3.521575927734375,-0.067291259765625,1.0,1.0,1.0,1.0,1.0,95.0,event
12:10:23.976,0.83614576,0.30730715,0.3876353,0.9525542,0.7977309,0.3857989,0.1389668,0.5340059,0.43028662,0.68506396,0.4042027,0.7866369,0.98892486,0.38534346,0.20995058,1.2003256,0.83046514,0.2741765,0.27039334,0.97397727,782.0879,809.89014,805.8608,822.7839,748.24176,-0.00897216796875,0.12335205078125,0.9825439453125,2.4822998046875,-3.521575927734375,-0.067291259765625,1.0,1.0,1.0,1.0,1.0,95.0,event
12:10:23.977,0.83614576,0.30730715,0.3876353,0.9525542,0.7977309,0.3857989,0.1389668,0.5340059,0.43028662,0.68506396,0.4042027,0.7866369,0.98892486,0.38534346,0.20995058,1.2003256,0.83046514,0.2741765,0.27039334,0.97397727,796.5934,811.0989,806.6667,783.69965,863.0769,-0.00897216796875,0.12335205078125,0.9825439453125,2.4822998046875,-3.521575927734375,-0.067291259765625,1.0,1.0,1.0,1.0,1.0,95.0,event
12:10:23.978,0.83614576,0.30730715,0.3876353,0.9525542,0.7977309,0.3857989,0.1389668,0.5340059,0.43028662,0.68506396,0.4042027,0.7866369,0.98892486,0.38534346,0.20995058,1.2003256,0.83046514,0.2741765,0.27039334,0.97397727,816.337,807.0696,812.71063,771.2088,815.5311,-0.00897216796875,0.12335205078125,0.9825439453125,2.4822998046875,-3.521575927734375,-0.067291259765625,1.0,1.0,1.0,1.0,1.0,95.0,event
12:10:23.978,0.83614576,0.30730715,0.3876353,0.9525542,0.7977309,0.3857989,0.1389668,0.5340059,0.43028662,0.68506396,0.4042027,0.7866369,0.98892486,0.38534346,0.20995058,1.2003256,0.83046514,0.2741765,0.27039334,0.97397727,792.1612,800.6227,801.4286,780.07324,691.02563,-0.00897216796875,0.12335205078125,0.9825439453125,2.4822998046875,-3.521575927734375,-0.067291259765625,1.0,1.0,1.0,1.0,1.0,95.0,event
12:10:23.979,0.83614576,0.30730715,0.3876353,0.9525542,0.7977309,0.3857989,0.1389668,0.5340059,0.43028662,0.68506396,0.4042027,0.7866369,0.98892486,0.38534346,0.20995058,1.2003256,0.83046514,0.2741765,0.27039334,0.97397727,786.52014,802.23444,795.78754,809.4872,890.87915,-0.00897216796875,0.12335205078125,0.9825439453125,2.4822998046875,-3.521575927734375,-0.067291259765625,1.0,1.0,1.0,1.0,1.0,95.0,event
12:10:23.980,0.83614576,0.30730715,0.3876353,0.9525542,0.7977309,0.3857989,0.1389668,0.5340059,0.43028662,0.68506396,0.4042027,0.7866369,0.98892486,0.38534346,0.20995058,1.2003256,0.83046514,0.2741765,0.27039334,0.97397727,794.17584,802.23444,806.26373,834.87177,1091.1355,-0.00897216796875,0.12335205078125,0.9825439453125,2.4822998046875,-3.521575927734375,-0.067291259765625,1.0,1.0,1.0,1.0,1.0,95.0,event
12:10:23.981,0.83614576,0.31320667,0.42782828,0.9780919,0.7977309,0.3769897,0.16724238,0.5383641,0.43028662,0.68506396,0.4042027,0.723559,0.98892486,0.38698426,0.21566427,1.2417432,0.83046514,0.2788503,0.28190044,0.90632266,794.9817,805.05493,811.0989,810.293,836.4835,-0.00897216796875,0.12335205078125,0.9825439453125,2.4822998046875,-3.521575927734375,-0.067291259765625,1.0,1.0,1.0,1.0,1.0,95.0,event
12:10:23.985,0.83614576,0.31320667,0.42782828,0.9780919,0.7977309,0.3769897,0.16724238,0.5383641,0.43028662,0.68506396,0.4042027,0.723559,0.98892486,0.38698426,0.21566427,1.2417432,0.83046514,0.2788503,0.28190044,0.90632266,794.9817,802.23444,806.6667,797.3993,719.2308,-0.00897216796875,0.12335205078125,0.9825439453125,2.4822998046875,-3.521575927734375,-0.067291259765625,1.0,1.0,1.0,1.0,1.0,95.0,event
12:10:23.986,0.83614576,0.31320667,0.42782828,0.9780919,0.7977309,0.3769897,0.16724238,0.5383641,0.43028662,0.68506396,0.4042027,0.723559,0.98892486,0.38698426,0.21566427,1.2417432,0.83046514,0.2788503,0.28190044,0.90632266,791.75824,797.8022,799.81683,785.31134,786.9231,-0.00897216796875,0.12335205078125,0.9825439453125,2.4822998046875,-3.521575927734375,-0.067291259765625,1.0,1.0,1.0,1.0,1.0,95.0,event
12:10:23.987,0.83614576,0.31320667,0.42782828,0.9780919,0.7977309,0.3769897,0.16724238,0.5383641,0.43028662,0.68506396,0.4042027,0.723559,0.98892486,0.38698426,0.21566427,1.2417432,0.83046514,0.2788503,0.28190044,0.90632266,803.8461,807.8755,802.23444,770.0,834.0659,-0.00897216796875,0.12335205078125,0.9825439453125,2.4822998046875,-3.521575927734375,-0.067291259765625,1.0,1.0,1.0,1.0,1.0,95.0,event
12:10:23.988,0.83614576,0.31320667,0.42782828,0.9780919,0.7977309,0.3769897,0.16724238,0.5383641,0.43028662,0.68506396,0.4042027,0.723559,0.98892486,0.38698426,0.21566427,1.2417432,0.83046514,0.2788503,0.28190044,0.90632266,786.9231,812.71063,816.7399,800.2198,801.02563,-0.00897216796875,0.12335205078125,0.9825439453125,2.4822998046875,-3.521575927734375,-0.067291259765625,1.0,1.0,1.0,1.0,1.0,95.0,event
12:10:24.013,0.83614576,0.31320667,0.42782828,0.9780919,0.7977309,0.3769897,0.16724238,0.5383641,0.43028662,0.68506396,0.4042027,0.723559,0.98892486,0.38698426,0.21566427,1.2417432,0.83046514,0.2788503,0.28190044,0.90632266,767.98535,809.0842,818.7546,799.011,755.4945,-0.0042724609375,0.12322998046875,0.972900390625,2.34771728515625,-4.164581298828125,0.201873779296875,1.0,1.0,1.0,1.0,1.0,95.0,event
12:10:24.014,0.83614576,0.31320667,0.42782828,0.9780919,0.7977309,0.3769897,0.16724238,0.5383641,0.43028662,0.68506396,0.4042027,0.723559,0.98892486,0.38698426,0.21566427,1.2417432,0.83046514,0.2788503,0.28190044,0.90632266,783.69965,801.4286,810.293,799.41394,862.27106,-0.0042724609375,0.12322998046875,0.972900390625,2.34771728515625,-4.164581298828125,0.201873779296875,1.0,1.0,1.0,1.0,1.0,95.0,event
12:10:24.015,0.83614576,0.31320667,0.42782828,0.9780919,0.7977309,0.3769897,0.16724238,0.5383641,0.43028662,0.68506396,0.4042027,0.723559,0.98892486,0.38698426,0.21566427,1.2417432,0.83046514,0.2788503,0.28190044,0.90632266,793.7729,807.0696,806.6667,817.5458,819.9634,-0.0042724609375,0.12322998046875,0.972900390625,2.34771728515625,-4.164581298828125,0.201873779296875,1.0,1.0,1.0,1.0,1.0,95.0,event
12:10:24.016,0.83614576,0.31320667,0.42782828,0.9780919,0.7977309,0.3769897,0.16724238,0.5383641,0.43028662,0.68506396,0.4042027,0.723559,0.98892486,0.38698426,0.21566427,1.2417432,0.83046514,0.2788503,0.28190044,0.90632266,797.3993,813.91943,809.0842,796.99634,667.25275,-0.0042724609375,0.12322998046875,0.972900390625,2.34771728515625,-4.164581298828125,0.201873779296875,1.0,1.0,1.0,1.0,1.0,95.0,event
12:10:24.016,0.83614576,0.31320667,0.42782828,0.9780919,0.7977309,0.3769897,0.16724238,0.5383641,0.43028662,0.68506396,0.4042027,0.723559,0.98892486,0.38698426,0.21566427,1.2417432,0.83046514,0.2788503,0.28190044,0.90632266,774.0293,809.89014,805.05493,793.36993,697.0696,-0.0042724609375,0.12322998046875,0.972900390625,2.34771728515625,-4.164581298828125,0.201873779296875,1.0,1.0,1.0,1.0,1.0,95.0,event
12:10:24.017,0.83614576,0.31320667,0.42782828,0.9780919,0.7977309,0.3769897,0.16724238,0.5383641,0.43028662,0.68506396,0.4042027,0.723559,0.98892486,0.38698426,0.21566427,1.2417432,0.83046514,0.2788503,0.28190044,0.90632266,783.69965,809.4872,795.38464,789.7436,904.57874,-0.0042724609375,0.12322998046875,0.972900390625,2.34771728515625,-4.164581298828125,0.201873779296875,1.0,1.0,1.0,1.0,1.0,95.0,event
12:10:24.017,0.83614576,0.31320667,0.42782828,0.9780919,0.7977309,0.3769897,0.16724238,0.5383641,0.43028662,0.68506396,0.4042027,0.723559,0.98892486,0.38698426,0.21566427,1.2417432,0.83046514,0.2788503,0.28190044,0.90632266,788.93774,814.7253,800.6227,774.43225,962.6007,-0.0042724609375,0.12322998046875,0.972900390625,2.34771728515625,-4.164581298828125,0.201873779296875,1.0,1.0,1.0,1.0,1.0,95.0,event
12:10:24.018,0.83614576,0.31320667,0.42782828,0.9780919,0.7977309,0.3769897,0.16724238,0.5383641,0.43028662,0.68506396,0.4042027,0.723559,0.98892486,0.38698426,0.21566427,1.2417432,0.83046514,0.2788503,0.28190044,0.90632266,770.40295,811.0989,814.7253,805.4579,779.2674,-0.0042724609375,0.12322998046875,0.972900390625,2.34771728515625,-4.164581298828125,0.201873779296875,1.0,1.0,1.0,1.0,1.0,95.0,event
12:10:24.019,0.83614576,0.31320667,0.42782828,0.9780919,0.7977309,0.3769897,0.16724238,0.5383641,0.43028662,0.68506396,0.4042027,0.723559,0.98892486,0.38698426,0.21566427,1.2417432,0.83046514,0.2788503,0.28190044,0.90632266,808.2784,803.44324,812.3077,826.8132,739.3773,-0.0042724609375,0.12322998046875,0.972900390625,2.34771728515625,-4.164581298828125,0.201873779296875,1.0,1.0,1.0,1.0,1.0,95.0,event
12:10:24.019,0.83614576,0.31320667,0.42782828,0.9780919,0.7977309,0.3769897,0.16724238,0.5383641,0.43028662,0.68506396,0.4042027,0.723559,0.98892486,0.38698426,0.21566427,1.2417432,0.83046514,0.2788503,0.28190044,0.90632266,825.2015,802.6374,806.6667,797.3993,889.67035,-0.0042724609375,0.12322998046875,0.972900390625,2.34771728515625,-4.164581298828125,0.201873779296875,1.0,1.0,1.0,1.0,1.0,95.0,event
12:10:24.020,0.83614576,0.31320667,0.42782828,0.9780919,0.7977309,0.3769897,0.16724238,0.5383641,0.43028662,0.68506396,0.4042027,0.723559,0.98892486,0.38698426,0.21566427,1.2417432,0.83046514,0.2788503,0.28190044,0.90632266,800.6227,807.8755,806.6667,788.93774,846.55676,-0.0042724609375,0.12322998046875,0.972900390625,2.34771728515625,-4.164581298828125,0.201873779296875,1.0,1.0,1.0,1.0,1.0,95.0,event
12:10:24.020,0.83614576,0.31320667,0.42782828,0.9780919,0.7977309,0.3769897,0.16724238,0.5383641,0.43028662,0.68506396,0.4042027,0.723559,0.98892486,0.38698426,0.21566427,1.2417432,0.83046514,0.2788503,0.28190044,0.90632266,792.1612,810.293,809.0842,801.8315,689.81683,-0.0042724609375,0.12322998046875,0.972900390625,2.34771728515625,-4.164581298828125,0.201873779296875,1.0,1.0,1.0,1.0,1.0,95.0,event
12:10:24.087,0.83614576,0.31320667,0.42782828,0.9780919,0.7977309,0.3769897,0.16724238,0.5383641,0.43028662,0.68506396,0.4042027,0.723559,0.98892486,0.38698426,0.21566427,1.2417432,0.83046514,0.2788503,0.28190044,0.90632266,781.28204,807.8755,811.9048,807.8755,728.9011,-0.0042724609375,0.12322998046875,0.972900390625,2.34771728515625,-4.164581298828125,0.201873779296875,1.0,1.0,1.0,1.0,1.0,95.0,event
12:10:24.088,0.83614576,0.31320667,0.42782828,0.9780919,0.7977309,0.3769897,0.16724238,0.5383641,0.43028662,0.68506396,0.4042027,0.723559,0.98892486,0.38698426,0.21566427,1.2417432,0.83046514,0.2788503,0.28190044,0.90632266,806.6667,808.2784,809.89014,804.65204,769.59705,-0.0042724609375,0.12322998046875,0.972900390625,2.34771728515625,-4.164581298828125,0.201873779296875,1.0,1.0,1.0,1.0,1.0,95.0,event
12:10:24.089,0.83614576,0.31320667,0.42782828,0.9780919,0.7977309,0.3769897,0.16724238,0.5383641,0.43028662,0.68506396,0.4042027,0.723559,0.98892486,0.38698426,0.21566427,1.2417432,0.83046514,0.2788503,0.28190044,0.90632266,810.293,812.71063,807.47253,793.36993,751.8681,-0.0042724609375,0.12322998046875,0.972900390625,2.34771728515625,-4.164581298828125,0.201873779296875,1.0,1.0,1.0,1.0,1.0,95.0,event
12:10:24.090,0.83614576,0.31320667,0.42782828,0.9780919,0.7977309,0.3769897,0.16724238,0.5383641,0.43028662,0.68506396,0.4042027,0.723559,0.98892486,0.38698426,0.21566427,1.2417432,0.83046514,0.2788503,0.28190044,0.90632266,801.02563,813.5165,810.696,803.8461,743.8095,-0.0042724609375,0.12322998046875,0.972900390625,2.34771728515625,-4.164581298828125,0.201873779296875,1.0,1.0,1.0,1.0,1.0,95.0,event
12:10:24.090,0.83614576,0.31320667,0.42782828,0.9780919,0.7977309,0.3769897,0.16724238,0.5383641,0.43028662,0.68506396,0.4042027,0.723559,0.98892486,0.38698426,0.21566427,1.2417432,0.83046514,0.2788503,0.28190044,0.90632266,808.68134,806.26373,817.5458,806.26373,767.98535,-0.0042724609375,0.12322998046875,0.972900390625,2.34771728515625,-4.164581298828125,0.201873779296875,1.0,1.0,1.0,1.0,1.0,95.0,event
12:10:24.091,0.83614576,0.31320667,0.42782828,0.9780919,0.7977309,0.3769897,0.16724238,0.5383641,0.43028662,0.68506396,0.4042027,0.723559,0.98892486,0.38698426,0.21566427,1.2417432,0.83046514,0.2788503,0.28190044,0.90632266,788.93774,794.57874,819.9634,805.8608,841.31866,-0.0042724609375,0.12322998046875,0.972900390625,2.34771728515625,-4.164581298828125,0.201873779296875,1.0,1.0,1.0,1.0,1.0,95.0,event
12:10:24.092,0.83614576,0.31320667,0.42782828,0.9780919,0.7977309,0.3769897,0.16724238,0.5383641,0.43028662,0.68506396,0.4042027,0.723559,0.98892486,0.38698426,0.21566427,1.2417432,0.83046514,0.2788503,0.28190044,0.90632266,787.72894,805.4579,800.2198,799.41394,842.1245,-0.0042724609375,0.12322998046875,0.972900390625,2.34771728515625,-4.164581298828125,0.201873779296875,1.0,1.0,1.0,1.0,1.0,95.0,event
12:10:24.092,0.83614576,0.31320667,0.42782828,0.9780919,0.7977309,0.3769897,0.16724238,0.5383641,0.43028662,0.68506396,0.4042027,0.723559,0.98892486,0.38698426,0.21566427,1.2417432,0.83046514,0.2788503,0.28190044,0.90632266,792.1612,795.78754,811.9048,815.9341,884.43225,-0.0042724609375,0.12322998046875,0.972900390625,2.34771728515625,-4.164581298828125,0.201873779296875,1.0,1.0,1.0,1.0,1.0,95.0,event
12:10:24.093,0.83614576,0.31320667,0.42782828,0.9780919,0.7977309,0.3769897,0.16724238,0.5383641,0.43028662,0.68506396,0.4042027,0.723559,0.98892486,0.38698426,0.21566427,1.2417432,0.83046514,0.2788503,0.28190044,0.90632266,792.96704,813.1135,813.91943,792.5641,856.63007,-0.0042724609375,0.12322998046875,0.972900390625,2.34771728515625,-4.164581298828125,0.201873779296875,1.0,1.0,1.0,1.0,1.0,95.0,event
12:10:24.094,0.83614576,0.31467098,0.427619,0.9780919,0.7977309,0.3691229,0.16817161,0.5383641,0.43028662,0.68506396,0.41242173,0.723559,0.98892486,0.39290932,0.25147387,1.2417432,0.83046514,0.27872595,0.279015,0.90632266,807.0696,811.0989,817.1429,799.41394,1077.4359,-0.0042724609375,0.12322998046875,0.972900390625,2.34771728515625,-4.164581298828125,0.201873779296875,1.0,1.0,1.0,1.0,1.0,95.0,event
12:10:24.099,0.83614576,0.31467098,0.427619,0.9780919,0.7977309,0.3691229,0.16817161,0.5383641,0.43028662,0.68506396,0.41242173,0.723559,0.98892486,0.39290932,0.25147387,1.2417432,0.83046514,0.27872595,0.279015,0.90632266,796.99634,808.2784,803.8461,779.2674,904.9817,-0.0042724609375,0.12322998046875,0.972900390625,2.34771728515625,-4.164581298828125,0.201873779296875,1.0,1.0,1.0,1.0,1.0,95.0,event
12:10:24.100,0.83614576,0.31467098,0.427619,0.9780919,0.7977309,0.3691229,0.16817161,0.5383641,0.43028662,0.68506396,0.41242173,0.723559,0.98892486,0.39290932,0.25147387,1.2417432,0.83046514,0.27872595,0.279015,0.90632266,792.5641,808.68134,812.71063,805.05493,733.73627,-0.0042724609375,0.12322998046875,0.972900390625,2.34771728515625,-4.164581298828125,0.201873779296875,1.0,1.0,1.0,1.0,1.0,95.0,event
12:10:24.128,0.83614576,0.31467098,0.427619,0.9780919,0.7977309,0.3691229,0.16817161,0.5383641,0.43028662,0.68506396,0.41242173,0.723559,0.98892486,0.39290932,0.25147387,1.2417432,0.83046514,0.27872595,0.279015,0.90632266,790.9524,813.1135,810.293,816.337,743.00366,-0.00628662109375,0.12689208984375,0.9803466796875,2.5421142578125,-3.5888671875,0.10467529296875,1.0,1.0,1.0,1.0,1.0,95.0,event
12:10:24.129,0.83614576,0.31467098,0.427619,0.9780919,0.7977309,0.3691229,0.16817161,0.5383641,0.43028662,0.68506396,0.41242173,0.723559,0.98892486,0.39290932,0.25147387,1.2417432,0.83046514,0.27872595,0.279015,0.90632266,788.93774,807.47253,804.65204,785.31134,698.68134,-0.00628662109375,0.12689208984375,0.9803466796875,2.5421142578125,-3.5888671875,0.10467529296875,1.0,1.0,1.0,1.0,1.0,95.0,event
12:10:24.130,0.83614576,0.31467098,0.427619,0.9780919,0.7977309,0.3691229,0.16817161,0.5383641,0.43028662,0.68506396,0.41242173,0.723559,0.98892486,0.39290932,0.25147387,1.2417432,0.83046514,0.27872595,0.279015,0.90632266,788.93774,793.7729,804.65204,799.011,685.78754,-0.00628662109375,0.12689208984375,0.9803466796875,2.5421142578125,-3.5888671875,0.10467529296875,1.0,1.0,1.0,1.0,1.0,95.0,event
12:10:24.131,0.83614576,0.31467098,0.427619,0.9780919,0.7977309,0.3691229,0.16817161,0.5383641,0.43028662,0.68506396,0.41242173,0.723559,0.98892486,0.39290932,0.25147387,1.2417432,0.83046514,0.27872595,0.279015,0.90632266,794.17584,798.60803,805.05493,832.4542,703.1135,-0.00628662109375,0.12689208984375,0.9803466796875,2.5421142578125,-3.5888671875,0.10467529296875,1.0,1.0,1.0,1.0,1.0,95.0,event
12:10:24.131,0.83614576,0.31467098,0.427619,0.9780919,0.7977309,0.3691229,0.16817161,0.5383641,0.43028662,0.68506396,0.41242173,0.723559,0.98892486,0.39290932,0.25147387,1.2417432,0.83046514,0.27872595,0.279015,0.90632266,805.4579,809.89014,817.9487,836.4835,744.61536,-0.00628662109375,0.12689208984375,0.9803466796875,2.5421142578125,-3.5888671875,0.10467529296875,1.0,1.0,1.0,1.0,1.0,95.0,event
12:10:24.132,0.83614576,0.31467098,0.427619,0.9780919,0.7977309,0.3691229,0.16817161,0.5383641,0.43028662,0.68506396,0.41242173,0.723559,0.98892486,0.39290932,0.25147387,1.2417432,0.83046514,0.27872595,0.279015,0.90632266,776.4469,804.65204,810.696,783.2967,928.3516,-0.00628662109375,0.12689208984375,0.9803466796875,2.5421142578125,-3.5888671875,0.10467529296875,1.0,1.0,1.0,1.0,1.0,95.0,event
12:10:24.132,0.83614576,0.31467098,0.427619,0.9780919,0.7977309,0.3691229,0.16817161,0.5383641,0.43028662,0.68506396,0.41242173,0.723559,0.98892486,0.39290932,0.25147387,1.2417432,0.83046514,0.27872595,0.279015,0.90632266,788.1319,809.0842,822.7839,796.99634,848.97437,-0.00628662109375,0.12689208984375,0.9803466796875,2.5421142578125,-3.5888671875,0.10467529296875,1.0,1.0,1.0,1.0,1.0,95.0,event
12:10:24.133,0.83614576,0.31467098,0.427619,0.9780919,0.7977309,0.3691229,0.16817161,0.5383641,0.43028662,0.68506396,0.41242173,0.723559,0.98892486,0.39290932,0.25147387,1.2417432,0.83046514,0.27872595,0.279015,0.90632266,801.02563,801.02563,806.26373,771.2088,822.7839,-0.00628662109375,0.12689208984375,0.9803466796875,2.5421142578125,-3.5888671875,0.10467529296875,1.0,1.0,1.0,1.0,1.0,95.0,event
12:10:24.134,0.83614576,0.31467098,0.427619,0.9780919,0.7977309,0.3691229,0.16817161,0.5383641,0.43028662,0.68506396,0.41242173,0.723559,0.98892486,0.39290932,0.25147387,1.2417432,0.83046514,0.27872595,0.279015,0.90632266,799.81683,805.8608,816.337,780.07324,916.6667,-0.00628662109375,0.12689208984375,0.9803466796875,2.5421142578125,-3.5888671875,0.10467529296875,1.0,1.0,1.0,1.0,1.0,95.0,event
12:10:24.134,0.83614576,0.31467098,0.427619,0.9780919,0.7977309,0.3691229,0.16817161,0.5383641,0.43028662,0.68506396,0.41242173,0.723559,0.98892486,0.39290932,0.25147387,1.2417432,0.83046514,0.27872595,0.279015,0.90632266,790.54944,811.9048,813.5165,821.5751,1052.0513,-0.00628662109375,0.12689208984375,0.9803466796875,2.5421142578125,-3.5888671875,0.10467529296875,1.0,1.0,1.0,1.0,1.0,95.0,event
12:10:24.135,0.83614576,0.31467098,0.427619,0.9780919,0.7977309,0.3691229,0.16817161,0.5383641,0.43028662,0.68506396,0.41242173,0.723559,0.98892486,0.39290932,0.25147387,1.2417432,0.83046514,0.27872595,0.279015,0.90632266,790.14655,814.3223,808.2784,806.26373,763.1502,-0.00628662109375,0.12689208984375,0.9803466796875,2.5421142578125,-3.5888671875,0.10467529296875,1.0,1.0,1.0,1.0,1.0,95.0,event
12:10:24.135,0.83614576,0.31467098,0.427619,0.9780919,0.7977309,0.3691229,0.16817161,0.5383641,0.43028662,0.68506396,0.41242173,0.723559,0.98892486,0.39290932,0.25147387,1.2417432,0.83046514,0.27872595,0.279015,0.90632266,794.57874,811.0989,811.50183,781.685,639.85345,-0.00628662109375,0.12689208984375,0.9803466796875,2.5421142578125,-3.5888671875,0.10467529296875,1.0,1.0,1.0,1.0,1.0,95.0,event
12:10:24.167,0.83614576,0.31467098,0.427619,0.9780919,0.7977309,0.3691229,0.16817161,0.5383641,0.43028662,0.68506396,0.41242173,0.723559,0.98892486,0.39290932,0.25147387,1.2417432,0.83046514,0.27872595,0.279015,0.90632266,788.1319,799.81683,812.3077,797.8022,770.0,-0.00787353515625,0.12860107421875,0.982421875,2.474822998046875,-3.955230712890625,-0.01495361328125,1.0,1.0,1.0,1.0,1.0,95.0,event
12:10:24.168,0.83614576,0.31467098,0.427619,0.9780919,0.7977309,0.3691229,0.16817161,0.5383641,0.43028662,0.68506396,0.41242173,0.723559,0.98892486,0.39290932,0.25147387,1.2417432,0.83046514,0.27872595,0.279015,0.90632266,809.0842,807.8755,809.4872,814.3223,789.34064,-0.00787353515625,0.12860107421875,0.982421875,2.474822998046875,-3.955230712890625,-0.01495361328125,1.0,1.0,1.0,1.0,1.0,95.0,event
12:10:24.169,0.83614576,0.31467098,0.427619,0.9780919,0.7977309,0.3691229,0.16817161,0.5383641,0.43028662,0.68506396,0.41242173,0.723559,0.98892486,0.39290932,0.25147387,1.2417432,0.83046514,0.27872595,0.279015,0.90632266,809.89014,818.3516,807.47253,816.7399,712.381,-0.00787353515625,0.12860107421875,0.982421875,2.474822998046875,-3.955230712890625,-0.01495361328125,1.0,1.0,1.0,1.0,1.0,95.0,event
12:10:24.170,0.83614576,0.31467098,0.427619,0.9780919,0.7977309,0.3691229,0.16817161,0.5383641,0.43028662,0.68506396,0.41242173,0.723559,0.98892486,0.39290932,0.25147387,1.2417432,0.83046514,0.27872595,0.279015,0.90632266,778.46155,815.12823,809.0842,801.8315,745.82416,-0.00787353515625,0.12860107421875,0.982421875,2.474822998046875,-3.955230712890625,-0.01495361328125,1.0,1.0,1.0,1.0,1.0,95.0,event
12:10:24.171,0.83614576,0.31467098,0.427619,0.9780919,0.7977309,0.3691229,0.16817161,0.5383641,0.43028662,0.68506396,0.41242173,0.723559,0.98892486,0.39290932,0.25147387,1.2417432,0.83046514,0.27872595,0.279015,0.90632266,784.5055,812.71063,807.0696,803.0403,826.8132,-0.00787353515625,0.12860107421875,0.982421875,2.474822998046875,-3.955230712890625,-0.01495361328125,1.0,1.0,1.0,1.0,1.0,95.0,event
12:10:24.172,0.83614576,0.31467098,0.427619,0.9780919,0.7977309,0.3691229,0.16817161,0.5383641,0.43028662,0.68506396,0.41242173,0.723559,0.98892486,0.39290932,0.25147387,1.2417432,0.83046514,0.27872595,0.279015,0.90632266,803.44324,799.41394,805.4579,791.75824,803.44324,-0.00787353515625,0.12860107421875,0.982421875,2.474822998046875,-3.955230712890625,-0.01495361328125,1.0,1.0,1.0,1.0,1.0,95.0,event
12:10:24.172,0.83614576,0.31467098,0.427619,0.9780919,0.7977309,0.3691229,0.16817161,0.5383641,0.43028662,0.68506396,0.41242173,0.723559,0.98892486,0.39290932,0.25147387,1.2417432,0.83046514,0.27872595,0.279015,0.90632266,800.2198,806.26373,805.8608,820.7692,815.9341,-0.00787353515625,0.12860107421875,0.982421875,2.474822998046875,-3.955230712890625,-0.01495361328125,1.0,1.0,1.0,1.0,1.0,95.0,event
12:10:24.173,0.83614576,0.31467098,0.427619,0.9780919,0.7977309,0.3691229,0.16817161,0.5383641,0.43028662,0.68506396,0.41242173,0.723559,0.98892486,0.39290932,0.25147387,1.2417432,0.83046514,0.27872595,0.279015,0.90632266,792.5641,803.0403,807.0696,790.54944,880.40295,-0.00787353515625,0.12860107421875,0.982421875,2.474822998046875,-3.955230712890625,-0.01495361328125,1.0,1.0,1.0,1.0,1.0,95.0,event
12:10:24.174,0.83614576,0.31467098,0.427619,0.9780919,0.7977309,0.3691229,0.16817161,0.5383641,0.43028662,0.68506396,0.41242173,0.723559,0.98892486,0.39290932,0.25147387,1.2417432,0.83046514,0.27872595,0.279015,0.90632266,786.9231,805.8608,806.6667,805.8608,1047.2161,-0.00787353515625,0.12860107421875,0.982421875,2.474822998046875,-3.955230712890625,-0.01495361328125,1.0,1.0,1.0,1.0,1.0,95.0,event
12:10:24.174,0.83614576,0.31467098,0.427619,0.9780919,0.7977309,0.3691229,0.16817161,0.5383641,0.43028662,0.68506396,0.41242173,0.723559,0.98892486,0.39290932,0.25147387,1.2417432,0.83046514,0.27872595,0.279015,0.90632266,797.3993,805.4579,800.2198,801.4286,896.9231,-0.00787353515625,0.12860107421875,0.982421875,2.474822998046875,-3.955230712890625,-0.01495361328125,1.0,1.0,1.0,1.0,1.0,95.0,event
12:10:24.175,0.83614576,0.31467098,0.427619,0.9780919,0.7977309,0.3691229,0.16817161,0.5383641,0.43028662,0.68506396,0.41242173,0.723559,0.98892486,0.39290932,0.25147387,1.2417432,0.83046514,0.27872595,0.279015,0.90632266,818.3516,804.2491,804.65204,795.38464,698.68134,-0.00787353515625,0.12860107421875,0.982421875,2.474822998046875,-3.955230712890625,-0.01495361328125,1.0,1.0,1.0,1.0,1.0,95.0,event
12:10:24.175,0.83614576,0.31798434,0.41876155,0.9780919,0.7977309,0.36373276,0.16294514,0.5383641,0.43028662,0.68506396,0.41242173,0.723559,0.98892486,0.39856952,0.28159773,1.2417432,0.83046514,0.27272204,0.27951613,0.90632266,798.20514,807.8755,812.3077,789.7436,806.26373,-0.00787353515625,0.12860107421875,0.982421875,2.474822998046875,-3.955230712890625,-0.01495361328125,1.0,1.0,1.0,1.0,1.0,95.0,event
12:10:24.203,0.83614576,0.31798434,0.41876155,0.9780919,0.7977309,0.36373276,0.16294514,0.5383641,0.43028662,0.68506396,0.41242173,0.723559,0.98892486,0.39856952,0.28159773,1.2417432,0.83046514,0.27272204,0.27951613,0.90632266,763.95605,805.4579,810.696,785.7143,844.94507,-0.01483154296875,0.128662109375,0.97467041015625,1.8841552734375,-3.327178955078125,-0.059814453125,1.0,1.0,1.0,1.0,1.0,95.0,event
12:10:24.204,0.83614576,0.31798434,0.41876155,0.9780919,0.7977309,0.36373276,0.16294514,0.5383641,0.43028662,0.68506396,0.41242173,0.723559,0.98892486,0.39856952,0.28159773,1.2417432,0.83046514,0.27272204,0.27951613,0.90632266,758.71796,801.02563,807.0696,805.8608,756.30035,-0.01483154296875,0.128662109375,0.97467041015625,1.8841552734375,-3.327178955078125,-0.059814453125,1.0,1.0,1.0,1.0,1.0,95.0,event
12:10:24.205,0.83614576,0.31798434,0.41876155,0.9780919,0.7977309,0.36373276,0.16294514,0.5383641,0.43028662,0.68506396,0.41242173,0.723559,0.98892486,0.39856952,0.28159773,1.2417432,0.83046514,0.27272204,0.27951613,0.90632266,762.74725,802.6374,807.8755,808.68134,755.4945,-0.01483154296875,0.128662109375,0.97467041015625,1.8841552734375,-3.327178955078125,-0.059814453125,1.0,1.0,1.0,1.0,1.0,95.0,event
12:10:24.205,0.83614576,0.31798434,0.41876155,0.9780919,0.7977309,0.36373276,0.16294514,0.5383641,0.43028662,0.68506396,0.41242173,0.723559,0.98892486,0.39856952,0.28159773,1.2417432,0.83046514,0.27272204,0.27951613,0.90632266,781.685,804.65204,812.71063,776.04395,832.4542,-0.01483154296875,0.128662109375,0.97467041015625,1.8841552734375,-3.327178955078125,-0.059814453125,1.0,1.0,1.0,1.0,1.0,95.0,event
12:10:24.206,0.83614576,0.31798434,0.41876155,0.9780919,0.7977309,0.36373276,0.16294514,0.5383641,0.43028662,0.68506396,0.41242173,0.723559,0.98892486,0.39856952,0.28159773,1.2417432,0.83046514,0.27272204,0.27951613,0.90632266,813.5165,803.8461,811.9048,770.80585,815.5311,-0.01483154296875,0.128662109375,0.97467041015625,1.8841552734375,-3.327178955078125,-0.059814453125,1.0,1.0,1.0,1.0,1.0,95.0,event
12:10:24.208,0.83614576,0.31798434,0.41876155,0.9780919,0.7977309,0.36373276,0.16294514,0.5383641,0.43028662,0.68506396,0.41242173,0.723559,0.98892486,0.39856952,0.28159773,1.2417432,0.83046514,0.27272204,0.27951613,0.90632266,801.8315,807.8755,807.47253,783.69965,775.2381,-0.01483154296875,0.128662109375,0.97467041015625,1.8841552734375,-3.327178955078125,-0.059814453125,1.0,1.0,1.0,1.0,1.0,95.0,event
12:10:24.209,0.83614576,0.31798434,0.41876155,0.9780919,0.7977309,0.36373276,0.16294514,0.5383641,0.43028662,0.68506396,0.41242173,0.723559,0.98892486,0.39856952,0.28159773,1.2417432,0.83046514,0.27272204,0.27951613,0.90632266,780.87915,811.9048,804.2491,788.93774,866.7033,-0.01483154296875,0.128662109375,0.97467041015625,1.8841552734375,-3.327178955078125,-0.059814453125,1.0,1.0,1.0,1.0,1.0,95.0,event
12:10:24.210,0.83614576,0.31798434,0.41876155,0.9780919,0.7977309,0.36373276,0.16294514,0.5383641,0.43028662,0.68506396,0.41242173,0.723559,0.98892486,0.39856952,0.28159773,1.2417432,0.83046514,0.27272204,0.27951613,0.90632266,790.14655,800.2198,807.0696,807.8755,1033.5165,-0.01483154296875,0.128662109375,0.97467041015625,1.8841552734375,-3.327178955078125,-0.059814453125,1.0,1.0,1.0,1.0,1.0,95.0,event
12:10:24.211,0.83614576,0.31798434,0.41876155,0.9780919,0.7977309,0.36373276,0.16294514,0.5383641,0.43028662,0.68506396,0.41242173,0.723559,0.98892486,0.39856952,0.28159773,1.2417432,0.83046514,0.27272204,0.27951613,0.90632266,796.1905,809.4872,810.696,826.8132,963.00366,-0.01483154296875,0.128662109375,0.97467041015625,1.8841552734375,-3.327178955078125,-0.059814453125,1.0,1.0,1.0,1.0,1.0,95.0,event
12:10:24.212,0.83614576,0.31798434,0.41876155,0.9780919,0.7977309,0.36373276,0.16294514,0.5383641,0.43028662,0.68506396,0.41242173,0.723559,0.98892486,0.39856952,0.28159773,1.2417432,0.83046514,0.27272204,0.27951613,0.90632266,790.9524,812.71063,809.0842,807.47253,743.8095,-0.01483154296875,0.128662109375,0.97467041015625,1.8841552734375,-3.327178955078125,-0.059814453125,1.0,1.0,1.0,1.0,1.0,95.0,event
12:10:24.213,0.83614576,0.31798434,0.41876155,0.9780919,0.7977309,0.36373276,0.16294514,0.5383641,0.43028662,0.68506396,0.41242173,0.723559,0.98892486,0.39856952,0.28159773,1.2417432,0.83046514,0.27272204,0.27951613,0.90632266,791.75824,809.4872,809.4872,776.04395,701.50183,-0.01483154296875,0.128662109375,0.97467041015625,1.8841552734375,-3.327178955078125,-0.059814453125,1.0,1.0,1.0,1.0,1.0,95.0,event
12:10:24.214,0.83614576,0.31798434,0.41876155,0.9780919,0.7977309,0.36373276,0.16294514,0.5383641,0.43028662,0.68506396,0.41242173,0.723559,0.98892486,0.39856952,0.28159773,1.2417432,0.83046514,0.27272204,0.27951613,0.90632266,790.54944,814.3223,807.0696,782.0879,754.68866,-0.01483154296875,0.128662109375,0.97467041015625,1.8841552734375,-3.327178955078125,-0.059814453125,1.0,1.0,1.0,1.0,1.0,95.0,event
12:10:24.240,0.83614576,0.31798434,0.41876155,0.9780919,0.7977309,0.36373276,0.16294514,0.5383641,0.43028662,0.68506396,0.41242173,0.723559,0.98892486,0.39856952,0.28159773,1.2417432,0.83046514,0.27272204,0.27951613,0.90632266,792.96704,812.3077,802.23444,796.5934,800.6227,-0.01483154296875,0.128662109375,0.97467041015625,1.8841552734375,-3.327178955078125,-0.059814453125,1.0,1.0,1.0,1.0,1.0,95.0,event
12:10:24.241,0.83614576,0.31798434,0.41876155,0.9780919,0.7977309,0.36373276,0.16294514,0.5383641,0.43028662,0.68506396,0.41242173,0.723559,0.98892486,0.39856952,0.28159773,1.2417432,0.83046514,0.27272204,0.27951613,0.90632266,791.75824,811.50183,799.011,784.10254,766.77655,-0.01483154296875,0.128662109375,0.97467041015625,1.8841552734375,-3.327178955078125,-0.059814453125,1.0,1.0,1.0,1.0,1.0,95.0,event
12:10:24.241,0.83614576,0.31798434,0.41876155,0.9780919,0.7977309,0.36373276,0.16294514,0.5383641,0.43028662,0.68506396,0.41242173,0.723559,0.98892486,0.39856952,0.28159773,1.2417432,0.83046514,0.27272204,0.27951613,0.90632266,765.16486,811.9048,801.4286,813.5165,830.84247,-0.01483154296875,0.128662109375,0.97467041015625,1.8841552734375,-3.327178955078125,-0.059814453125,1.0,1.0,1.0,1.0,1.0,95.0,event
12:10:24.242,0.83614576,0.31798434,0.41876155,0.9780919,0.7977309,0.36373276,0.16294514,0.5383641,0.43028662,0.68506396,0.41242173,0.723559,0.98892486,0.39856952,0.28159773,1.2417432,0.83046514,0.27272204,0.27951613,0.90632266,803.0403,801.8315,805.4579,786.9231,809.4872,-0.01483154296875,0.128662109375,0.97467041015625,1.8841552734375,-3.327178955078125,-0.059814453125,1.0,1.0,1.0,1.0,1.0,95.0,event
12:10:24.242,0.83614576,0.31798434,0.41876155,0.9780919,0.7977309,0.36373276,0.16294514,0.5383641,0.43028662,0.68506396,0.41242173,0.723559,0.98892486,0.39856952,0.28159773,1.2417432,0.83046514,0.27272204,0.27951613,0.90632266,767.98535,801.8315,807.47253,830.0366,937.2161,-0.01483154296875,0.128662109375,0.97467041015625,1.8841552734375,-3.327178955078125,-0.059814453125,1.0,1.0,1.0,1.0,1.0,95.0,event
12:10:24.243,0.83614576,0.31798434,0.41876155,0.9780919,0.7977309,0.36373276,0.16294514,0.5383641,0.43028662,0.68506396,0.41242173,0.723559,0.98892486,0.39856952,0.28159773,1.2417432,0.83046514,0.27272204,0.27951613,0.90632266,821.1722,809.89014,808.2784,764.35895,866.7033,-0.01483154296875,0.128662109375,0.97467041015625,1.8841552734375,-3.327178955078125,-0.059814453125,1.0,1.0,1.0,1.0,1.0,95.0,event
12:10:24.244,0.83614576,0.31798434,0.41876155,0.9780919,0.7977309,0.36373276,0.16294514,0.5383641,0.43028662,0.68506396,0.41242173,0.723559,0.98892486,0.39856952,0.28159773,1.2417432,0.83046514,0.27272204,0.27951613,0.90632266,803.8461,808.2784,814.7253,769.19415,994.83514,-0.01483154296875,0.128662109375,0.97467041015625,1.8841552734375,-3.327178955078125,-0.059814453125,1.0,1.0,1.0,1.0,1.0,95.0,event
12:10:24.244,0.83614576,0.31798434,0.41876155,0.9780919,0.7977309,0.36373276,0.16294514,0.5383641,0.43028662,0.68506396,0.41242173,0.723559,0.98892486,0.39856952,0.28159773,1.2417432,0.83046514,0.27272204,0.27951613,0.90632266,790.14655,808.68134,810.293,783.69965,1046.4103,-0.01483154296875,0.128662109375,0.97467041015625,1.8841552734375,-3.327178955078125,-0.059814453125,1.0,1.0,1.0,1.0,1.0,95.0,event
12:10:24.245,0.83614576,0.31798434,0.41876155,0.9780919,0.7977309,0.36373276,0.16294514,0.5383641,0.43028662,0.68506396,0.41242173,0.723559,0.98892486,0.39856952,0.28159773,1.2417432,0.83046514,0.27272204,0.27951613,0.90632266,778.86444,805.4579,801.02563,810.293,781.28204,-0.01483154296875,0.128662109375,0.97467041015625,1.8841552734375,-3.327178955078125,-0.059814453125,1.0,1.0,1.0,1.0,1.0,95.0,event
12:10:24.246,0.83614576,0.31798434,0.41876155,0.9780919,0.7977309,0.36373276,0.16294514,0.5383641,0.43028662,0.68506396,0.41242173,0.723559,0.98892486,0.39856952,0.28159773,1.2417432,0.83046514,0.27272204,0.27951613,0.90632266,772.01465,792.96704,804.65204,821.1722,677.326,-0.01483154296875,0.128662109375,0.97467041015625,1.8841552734375,-3.327178955078125,-0.059814453125,1.0,1.0,1.0,1.0,1.0,95.0,event
12:10:24.247,0.83614576,0.31798434,0.41876155,0.9780919,0.7977309,0.36373276,0.16294514,0.5383641,0.43028662,0.68506396,0.41242173,0.723559,0.98892486,0.39856952,0.28159773,1.2417432,0.83046514,0.27272204,0.27951613,0.90632266,791.75824,794.17584,814.7253,794.17584,798.20514,-0.01483154296875,0.128662109375,0.97467041015625,1.8841552734375,-3.327178955078125,-0.059814453125,1.0,1.0,1.0,1.0,1.0,95.0,event
12:10:24.247,0.83614576,0.31798434,0.41876155,0.9780919,0.7977309,0.36373276,0.16294514,0.5383641,0.43028662,0.68506396,0.41242173,0.723559,0.98892486,0.39856952,0.28159773,1.2417432,0.83046514,0.27272204,0.27951613,0.90632266,803.0403,806.26373,815.9341,795.78754,769.59705,-0.01483154296875,0.128662109375,0.97467041015625,1.8841552734375,-3.327178955078125,-0.059814453125,1.0,1.0,1.0,1.0,1.0,95.0,event
12:10:24.324,0.83614576,0.31798434,0.41876155,0.9780919,0.7977309,0.36373276,0.16294514,0.5383641,0.43028662,0.68506396,0.41242173,0.723559,0.98892486,0.39856952,0.28159773,1.2417432,0.83046514,0.27272204,0.27951613,0.90632266,806.6667,813.1135,809.89014,806.6667,711.978,-0.01043701171875,0.1275634765625,0.98394775390625,2.0635986328125,-3.94775390625,0.037384033203125,1.0,1.0,1.0,1.0,1.0,95.0,event
12:10:24.325,0.83614576,0.3252543,0.4073141,0.9780919,0.7977309,0.36091676,0.15753397,0.5383641,0.43028662,0.68506396,0.41129568,0.723559,0.98892486,0.3993064,0.29708666,1.2417432,0.83046514,0.26178822,0.27820382,0.90632266,818.3516,809.0842,801.4286,782.49084,686.99634,-0.01043701171875,0.1275634765625,0.98394775390625,2.0635986328125,-3.94775390625,0.037384033203125,1.0,1.0,1.0,1.0,1.0,95.0,event
12:10:24.328,0.83614576,0.3252543,0.4073141,0.9780919,0.7977309,0.36091676,0.15753397,0.5383641,0.43028662,0.68506396,0.41129568,0.723559,0.98892486,0.3993064,0.29708666,1.2417432,0.83046514,0.26178822,0.27820382,0.90632266,774.83514,807.8755,807.0696,835.6777,736.1539,-0.01043701171875,0.1275634765625,0.98394775390625,2.0635986328125,-3.94775390625,0.037384033203125,1.0,1.0,1.0,1.0,1.0,95.0,event
12:10:24.328,0.83614576,0.3252543,0.4073141,0.9780919,0.7977309,0.36091676,0.15753397,0.5383641,0.43028662,0.68506396,0.41129568,0.723559,0.98892486,0.3993064,0.29708666,1.2417432,0.83046514,0.26178822,0.27820382,0.90632266,788.1319,803.0403,805.8608,805.4579,712.381,-0.01043701171875,0.1275634765625,0.98394775390625,2.0635986328125,-3.94775390625,0.037384033203125,1.0,1.0,1.0,1.0,1.0,95.0,event
12:10:24.329,0.83614576,0.3252543,0.4073141,0.9780919,0.7977309,0.36091676,0.15753397,0.5383641,0.43028662,0.68506396,0.41129568,0.723559,0.98892486,0.3993064,0.29708666,1.2417432,0.83046514,0.26178822,0.27820382,0.90632266,784.5055,809.4872,801.4286,794.57874,742.1978,-0.01043701171875,0.1275634765625,0.98394775390625,2.0635986328125,-3.94775390625,0.037384033203125,1.0,1.0,1.0,1.0,1.0,95.0,event
12:10:24.329,0.83614576,0.3252543,0.4073141,0.9780919,0.7977309,0.36091676,0.15753397,0.5383641,0.43028662,0.68506396,0.41129568,0.723559,0.98892486,0.3993064,0.29708666,1.2417432,0.83046514,0.26178822,0.27820382,0.90632266,780.4762,803.0403,795.78754,764.7619,827.2161,-0.01043701171875,0.1275634765625,0.98394775390625,2.0635986328125,-3.94775390625,0.037384033203125,1.0,1.0,1.0,1.0,1.0,95.0,event
12:10:24.329,0.83614576,0.3252543,0.4073141,0.9780919,0.7977309,0.36091676,0.15753397,0.5383641,0.43028662,0.68506396,0.41129568,0.723559,0.98892486,0.3993064,0.29708666,1.2417432,0.83046514,0.26178822,0.27820382,0.90632266,806.6667,804.2491,801.02563,801.8315,1023.0403,-0.01043701171875,0.1275634765625,0.98394775390625,2.0635986328125,-3.94775390625,0.037384033203125,1.0,1.0,1.0,1.0,1.0,95.0,event
12:10:24.330,0.83614576,0.3252543,0.4073141,0.9780919,0.7977309,0.36091676,0.15753397,0.5383641,0.43028662,0.68506396,0.41129568,0.723559,0.98892486,0.3993064,0.29708666,1.2417432,0.83046514,0.26178822,0.27820382,0.90632266,825.6044,804.65204,815.12823,829.2308,1090.7325,-0.01043701171875,0.1275634765625,0.98394775390625,2.0635986328125,-3.94775390625,0.037384033203125,1.0,1.0,1.0,1.0,1.0,95.0,event
12:10:24.330,0.83614576,0.3252543,0.4073141,0.9780919,0.7977309,0.36091676,0.15753397,0.5383641,0.43028662,0.68506396,0.41129568,0.723559,0.98892486,0.3993064,0.29708666,1.2417432,0.83046514,0.26178822,0.27820382,0.90632266,810.696,800.2198,815.9341,828.022,800.2198,-0.01043701171875,0.1275634765625,0.98394775390625,2.0635986328125,-3.94775390625,0.037384033203125,1.0,1.0,1.0,1.0,1.0,95.0,event
12:10:24.330,0.83614576,0.3252543,0.4073141,0.9780919,0.7977309,0.36091676,0.15753397,0.5383641,0.43028662,0.68506396,0.41129568,0.723559,0.98892486,0.3993064,0.29708666,1.2417432,0.83046514,0.26178822,0.27820382,0.90632266,815.9341,803.0403,814.3223,822.381,664.0293,-0.01043701171875,0.1275634765625,0.98394775390625,2.0635986328125,-3.94775390625,0.037384033203125,1.0,1.0,1.0,1.0,1.0,95.0,event
12:10:24.331,0.83614576,0.3252543,0.4073141,0.9780919,0.7977309,0.36091676,0.15753397,0.5383641,0.43028662,0.68506396,0.41129568,0.723559,0.98892486,0.3993064,0.29708666,1.2417432,0.83046514,0.26178822,0.27820382,0.90632266,799.41394,810.696,811.0989,786.1172,846.9597,-0.01043701171875,0.1275634765625,0.98394775390625,2.0635986328125,-3.94775390625,0.037384033203125,1.0,1.0,1.0,1.0,1.0,95.0,event
12:10:24.331,0.83614576,0.3252543,0.4073141,0.9780919,0.7977309,0.36091676,0.15753397,0.5383641,0.43028662,0.68506396,0.41129568,0.723559,0.98892486,0.3993064,0.29708666,1.2417432,0.83046514,0.26178822,0.27820382,0.90632266,782.8938,815.5311,809.4872,775.64105,802.6374,-0.01043701171875,0.1275634765625,0.98394775390625,2.0635986328125,-3.94775390625,0.037384033203125,1.0,1.0,1.0,1.0,1.0,95.0,event
12:10:24.373,0.83614576,0.3252543,0.4073141,0.9780919,0.7977309,0.36091676,0.15753397,0.5383641,0.43028662,0.68506396,0.41129568,0.723559,0.98892486,0.3993064,0.29708666,1.2417432,0.83046514,0.26178822,0.27820382,0.90632266,794.9817,814.3223,814.3223,790.54944,712.381,-0.00567626953125,0.12884521484375,0.97930908203125,1.981353759765625,-3.84307861328125,0.366363525390625,1.0,1.0,1.0,1.0,1.0,95.0,event
12:10:24.374,0.83614576,0.3252543,0.4073141,0.9780919,0.7977309,0.36091676,0.15753397,0.5383641,0.43028662,0.68506396,0.41129568,0.723559,0.98892486,0.3993064,0.29708666,1.2417432,0.83046514,0.26178822,0.27820382,0.90632266,800.2198,813.5165,804.2491,804.2491,814.3223,-0.00567626953125,0.12884521484375,0.97930908203125,1.981353759765625,-3.84307861328125,0.366363525390625,1.0,1.0,1.0,1.0,1.0,95.0,event
12:10:24.375,0.83614576,0.3252543,0.4073141,0.9780919,0.7977309,0.36091676,0.15753397,0.5383641,0.43028662,0.68506396,0.41129568,0.723559,0.98892486,0.3993064,0.29708666,1.2417432,0.83046514,0.26178822,0.27820382,0.90632266,790.54944,810.696,801.8315,809.0842,989.19415,-0.00567626953125,0.12884521484375,0.97930908203125,1.981353759765625,-3.84307861328125,0.366363525390625,1.0,1.0,1.0,1.0,1.0,95.0,event
12:10:24.375,0.83614576,0.3252543,0.4073141,0.9780919,0.7977309,0.36091676,0.15753397,0.5383641,0.43028662,0.68506396,0.41129568,0.723559,0.98892486,0.3993064,0.29708666,1.2417432,0.83046514,0.26178822,0.27820382,0.90632266,804.2491,805.05493,814.7253,795.38464,855.0183,-0.00567626953125,0.12884521484375,0.97930908203125,1.981353759765625,-3.84307861328125,0.366363525390625,1.0,1.0,1.0,1.0,1.0,95.0,event
12:10:24.376,0.83614576,0.3252543,0.4073141,0.9780919,0.7977309,0.36091676,0.15753397,0.5383641,0.43028662,0.68506396,0.41129568,0.723559,0.98892486,0.3993064,0.29708666,1.2417432,0.83046514,0.26178822,0.27820382,0.90632266,808.2784,803.8461,819.15753,791.75824,726.8865,-0.00567626953125,0.12884521484375,0.97930908203125,1.981353759765625,-3.84307861328125,0.366363525390625,1.0,1.0,1.0,1.0,1.0,95.0,event
12:10:24.376,0.83614576,0.3252543,0.4073141,0.9780919,0.7977309,0.36091676,0.15753397,0.5383641,0.43028662,0.68506396,0.41129568,0.723559,0.98892486,0.3993064,0.29708666,1.2417432,0.83046514,0.26178822,0.27820382,0.90632266,793.36993,809.4872,817.5458,786.1172,891.28204,-0.00567626953125,0.12884521484375,0.97930908203125,1.981353759765625,-3.84307861328125,0.366363525390625,1.0,1.0,1.0,1.0,1.0,95.0,event
12:10:24.376,0.83614576,0.3252543,0.4073141,0.9780919,0.7977309,0.36091676,0.15753397,0.5383641,0.43028662,0.68506396,0.41129568,0.723559,0.98892486,0.3993064,0.29708666,1.2417432,0.83046514,0.26178822,0.27820382,0.90632266,791.3553,816.7399,813.5165,792.96704,956.55676,-0.00567626953125,0.12884521484375,0.97930908203125,1.981353759765625,-3.84307861328125,0.366363525390625,1.0,1.0,1.0,1.0,1.0,95.0,event
12:10:24.377,0.83614576,0.3252543,0.4073141,0.9780919,0.7977309,0.36091676,0.15753397,0.5383641,0.43028662,0.68506396,0.41129568,0.723559,0.98892486,0.3993064,0.29708666,1.2417432,0.83046514,0.26178822,0.27820382,0.90632266,786.1172,812.71063,810.293,793.7729,819.15753,-0.00567626953125,0.12884521484375,0.97930908203125,1.981353759765625,-3.84307861328125,0.366363525390625,1.0,1.0,1.0,1.0,1.0,95.0,event
12:10:24.377,0.83614576,0.3252543,0.4073141,0.9780919,0.7977309,0.36091676,0.15753397,0.5383641,0.43028662,0.68506396,0.41129568,0.723559,0.98892486,0.3993064,0.29708666,1.2417432,0.83046514,0.26178822,0.27820382,0.90632266,795.78754,805.05493,811.0989,808.68134,809.4872,-0.00567626953125,0.12884521484375,0.97930908203125,1.981353759765625,-3.84307861328125,0.366363525390625,1.0,1.0,1.0,1.0,1.0,95.0,event
12:10:24.378,0.83614576,0.3252543,0.4073141,0.9780919,0.7977309,0.36091676,0.15753397,0.5383641,0.43028662,0.68506396,0.41129568,0.723559,0.98892486,0.3993064,0.29708666,1.2417432,0.83046514,0.26178822,0.27820382,0.90632266,825.6044,804.2491,811.0989,817.5458,855.82416,-0.00567626953125,0.12884521484375,0.97930908203125,1.981353759765625,-3.84307861328125,0.366363525390625,1.0,1.0,1.0,1.0,1.0,95.0,event
12:10:24.378,0.83614576,0.3252543,0.4073141,0.9780919,0.7977309,0.36091676,0.15753397,0.5383641,0.43028662,0.68506396,0.41129568,0.723559,0.98892486,0.3993064,0.29708666,1.2417432,0.83046514,0.26178822,0.27820382,0.90632266,836.4835,803.44324,812.71063,811.9048,1061.7216,-0.00567626953125,0.12884521484375,0.97930908203125,1.981353759765625,-3.84307861328125,0.366363525390625,1.0,1.0,1.0,1.0,1.0,95.0,event
12:10:24.379,0.83614576,0.3252543,0.4073141,0.9780919,0.7977309,0.36091676,0.15753397,0.5383641,0.43028662,0.68506396,0.41129568,0.723559,0.98892486,0.3993064,0.29708666,1.2417432,0.83046514,0.26178822,0.27820382,0.90632266,823.9927,799.011,813.5165,822.381,927.1429,-0.00567626953125,0.12884521484375,0.97930908203125,1.981353759765625,-3.84307861328125,0.366363525390625,1.0,1.0,1.0,1.0,1.0,95.0,event
12:10:24.405,0.83614576,0.3252543,0.4073141,0.9780919,0.7977309,0.36091676,0.15753397,0.5383641,0.43028662,0.68506396,0.41129568,0.723559,0.98892486,0.3993064,0.29708666,1.2417432,0.83046514,0.26178822,0.27820382,0.90632266,789.34064,809.89014,811.50183,805.8608,718.8278,-0.00341796875,0.1300048828125,0.97955322265625,2.73651123046875,-3.701019287109375,0.231781005859375,1.0,1.0,1.0,1.0,1.0,95.0,event
12:10:24.405,0.83614576,0.3252543,0.4073141,0.9780919,0.7977309,0.36091676,0.15753397,0.5383641,0.43028662,0.68506396,0.41129568,0.723559,0.98892486,0.3993064,0.29708666,1.2417432,0.83046514,0.26178822,0.27820382,0.90632266,777.6557,817.1429,809.89014,774.83514,799.81683,-0.00341796875,0.1300048828125,0.97955322265625,2.73651123046875,-3.701019287109375,0.231781005859375,1.0,1.0,1.0,1.0,1.0,95.0,event
12:10:24.406,0.83614576,0.3252543,0.4073141,0.9780919,0.7977309,0.36091676,0.15753397,0.5383641,0.43028662,0.68506396,0.41129568,0.723559,0.98892486,0.3993064,0.29708666,1.2417432,0.83046514,0.26178822,0.27820382,0.90632266,788.1319,816.337,808.2784,769.59705,743.00366,-0.00341796875,0.1300048828125,0.97955322265625,2.73651123046875,-3.701019287109375,0.231781005859375,1.0,1.0,1.0,1.0,1.0,95.0,event
12:10:24.406,0.83614576,0.33214274,0.3987125,0.9780919,0.7977309,0.35871845,0.15421037,0.5383641,0.43028662,0.68506396,0.4085745,0.723559,0.98892486,0.3933651,0.29710993,1.2417432,0.83046514,0.24785715,0.26886988,0.90632266,792.1612,811.0989,813.5165,810.696,670.07324,-0.00341796875,0.1300048828125,0.97955322265625,2.73651123046875,-3.701019287109375,0.231781005859375,1.0,1.0,1.0,1.0,1.0,95.0,event
12:10:24.408,0.83614576,0.33214274,0.3987125,0.9780919,0.7977309,0.35871845,0.15421037,0.5383641,0.43028662,0.68506396,0.4085745,0.723559,0.98892486,0.3933651,0.29710993,1.2417432,0.83046514,0.24785715,0.26886988,0.90632266,791.3553,805.05493,821.5751,842.1245,742.6007,-0.00341796875,0.1300048828125,0.97955322265625,2.73651123046875,-3.701019287109375,0.231781005859375,1.0,1.0,1.0,1.0,1.0,95.0,event
12:10:24.408,0.83614576,0.33214274,0.3987125,0.9780919,0.7977309,0.35871845,0.15421037,0.5383641,0.43028662,0.68506396,0.4085745,0.723559,0.98892486,0.3933651,0.29710993,1.2417432,0.83046514,0.24785715,0.26886988,0.90632266,788.5348,806.26373,814.7253,803.44324,896.9231,-0.00341796875,0.1300048828125,0.97955322265625,2.73651123046875,-3.701019287109375,0.231781005859375,1.0,1.0,1.0,1.0,1.0,95.0,event
12:10:24.409,0.83614576,0.33214274,0.3987125,0.9780919,0.7977309,0.35871845,0.15421037,0.5383641,0.43028662,0.68506396,0.4085745,0.723559,0.98892486,0.3933651,0.29710993,1.2417432,0.83046514,0.24785715,0.26886988,0.90632266,782.49084,803.0403,812.3077,775.2381,903.7729,-0.00341796875,0.1300048828125,0.97955322265625,2.73651123046875,-3.701019287109375,0.231781005859375,1.0,1.0,1.0,1.0,1.0,95.0,event
12:10:24.409,0.83614576,0.33214274,0.3987125,0.9780919,0.7977309,0.35871845,0.15421037,0.5383641,0.43028662,0.68506396,0.4085745,0.723559,0.98892486,0.3933651,0.29710993,1.2417432,0.83046514,0.24785715,0.26886988,0.90632266,788.1319,798.60803,818.3516,777.25275,788.93774,-0.00341796875,0.1300048828125,0.97955322265625,2.73651123046875,-3.701019287109375,0.231781005859375,1.0,1.0,1.0,1.0,1.0,95.0,event
12:10:24.409,0.83614576,0.33214274,0.3987125,0.9780919,0.7977309,0.35871845,0.15421037,0.5383641,0.43028662,0.68506396,0.4085745,0.723559,0.98892486,0.3933651,0.29710993,1.2417432,0.83046514,0.24785715,0.26886988,0.90632266,811.9048,811.0989,817.5458,798.60803,718.8278,-0.00341796875,0.1300048828125,0.97955322265625,2.73651123046875,-3.701019287109375,0.231781005859375,1.0,1.0,1.0,1.0,1.0,95.0,event
12:10:24.410,0.83614576,0.33214274,0.3987125,0.9780919,0.7977309,0.35871845,0.15421037,0.5383641,0.43028662,0.68506396,0.4085745,0.723559,0.98892486,0.3933651,0.29710993,1.2417432,0.83046514,0.24785715,0.26886988,0.90632266,804.65204,811.50183,809.0842,798.60803,895.31134,-0.00341796875,0.1300048828125,0.97955322265625,2.73651123046875,-3.701019287109375,0.231781005859375,1.0,1.0,1.0,1.0,1.0,95.0,event
12:10:24.411,0.83614576,0.33214274,0.3987125,0.9780919,0.7977309,0.35871845,0.15421037,0.5383641,0.43028662,0.68506396,0.4085745,0.723559,0.98892486,0.3933651,0.29710993,1.2417432,0.83046514,0.24785715,0.26886988,0.90632266,799.81683,812.71063,804.65204,781.685,863.47986,-0.00341796875,0.1300048828125,0.97955322265625,2.73651123046875,-3.701019287109375,0.231781005859375,1.0,1.0,1.0,1.0,1.0,95.0,event
12:10:24.411,0.83614576,0.33214274,0.3987125,0.9780919,0.7977309,0.35871845,0.15421037,0.5383641,0.43028662,0.68506396,0.4085745,0.723559,0.98892486,0.3933651,0.29710993,1.2417432,0.83046514,0.24785715,0.26886988,0.90632266,779.67035,811.0989,801.8315,772.8205,962.1978,-0.00341796875,0.1300048828125,0.97955322265625,2.73651123046875,-3.701019287109375,0.231781005859375,1.0,1.0,1.0,1.0,1.0,95.0,event
12:10:24.438,0.83614576,0.33214274,0.3987125,0.9780919,0.7977309,0.35871845,0.15421037,0.5383641,0.43028662,0.68506396,0.4085745,0.723559,0.98892486,0.3933651,0.29710993,1.2417432,0.83046514,0.24785715,0.26886988,0.90632266,805.4579,805.05493,811.50183,805.8608,843.3333,-0.01788330078125,0.12738037109375,0.97705078125,2.115936279296875,-3.349609375,0.059814453125,1.0,1.0,1.0,1.0,1.0,95.0,event
12:10:24.439,0.83614576,0.33214274,0.3987125,0.9780919,0.7977309,0.35871845,0.15421037,0.5383641,0.43028662,0.68506396,0.4085745,0.723559,0.98892486,0.3933651,0.29710993,1.2417432,0.83046514,0.24785715,0.26886988,0.90632266,785.31134,803.8461,810.293,811.0989,873.5531,-0.01788330078125,0.12738037109375,0.97705078125,2.115936279296875,-3.349609375,0.059814453125,1.0,1.0,1.0,1.0,1.0,95.0,event
12:10:24.439,0.83614576,0.33214274,0.3987125,0.9780919,0.7977309,0.35871845,0.15421037,0.5383641,0.43028662,0.68506396,0.4085745,0.723559,0.98892486,0.3933651,0.29710993,1.2417432,0.83046514,0.24785715,0.26886988,0.90632266,813.91943,805.8608,805.05493,839.304,820.3663,-0.01788330078125,0.12738037109375,0.97705078125,2.115936279296875,-3.349609375,0.059814453125,1.0,1.0,1.0,1.0,1.0,95.0,event
12:10:24.441,0.83614576,0.33214274,0.3987125,0.9780919,0.7977309,0.35871845,0.15421037,0.5383641,0.43028662,0.68506396,0.4085745,0.723559,0.98892486,0.3933651,0.29710993,1.2417432,0.83046514,0.24785715,0.26886988,0.90632266,819.15753,808.68134,802.6374,834.0659,735.34796,-0.01788330078125,0.12738037109375,0.97705078125,2.115936279296875,-3.349609375,0.059814453125,1.0,1.0,1.0,1.0,1.0,95.0,event
12:10:24.442,0.83614576,0.33214274,0.3987125,0.9780919,0.7977309,0.35871845,0.15421037,0.5383641,0.43028662,0.68506396,0.4085745,0.723559,0.98892486,0.3933651,0.29710993,1.2417432,0.83046514,0.24785715,0.26886988,0.90632266,755.89746,801.02563,814.3223,784.90845,736.55676,-0.01788330078125,0.12738037109375,0.97705078125,2.115936279296875,-3.349609375,0.059814453125,1.0,1.0,1.0,1.0,1.0,95.0,event
12:10:24.442,0.83614576,0.33214274,0.3987125,0.9780919,0.7977309,0.35871845,0.15421037,0.5383641,0.43028662,0.68506396,0.4085745,0.723559,0.98892486,0.3933651,0.29710993,1.2417432,0.83046514,0.24785715,0.26886988,0.90632266,749.45056,790.54944,823.9927,781.28204,854.21246,-0.01788330078125,0.12738037109375,0.97705078125,2.115936279296875,-3.349609375,0.059814453125,1.0,1.0,1.0,1.0,1.0,95.0,event
12:10:24.442,0.83614576,0.33214274,0.3987125,0.9780919,0.7977309,0.35871845,0.15421037,0.5383641,0.43028662,0.68506396,0.4085745,0.723559,0.98892486,0.3933651,0.29710993,1.2417432,0.83046514,0.24785715,0.26886988,0.90632266,795.38464,800.2198,817.9487,796.99634,929.15753,-0.01788330078125,0.12738037109375,0.97705078125,2.115936279296875,-3.349609375,0.059814453125,1.0,1.0,1.0,1.0,1.0,95.0,event
12:10:24.443,0.83614576,0.33214274,0.3987125,0.9780919,0.7977309,0.35871845,0.15421037,0.5383641,0.43028662,0.68506396,0.4085745,0.723559,0.98892486,0.3933651,0.29710993,1.2417432,0.83046514,0.24785715,0.26886988,0.90632266,792.1612,801.4286,811.0989,770.0,825.2015,-0.01788330078125,0.12738037109375,0.97705078125,2.115936279296875,-3.349609375,0.059814453125,1.0,1.0,1.0,1.0,1.0,95.0,event
12:10:24.443,0.83614576,0.33214274,0.3987125,0.9780919,0.7977309,0.35871845,0.15421037,0.5383641,0.43028662,0.68506396,0.4085745,0.723559,0.98892486,0.3933651,0.29710993,1.2417432,0.83046514,0.24785715,0.26886988,0.90632266,791.3553,804.2491,810.293,795.78754,1002.8938,-0.01788330078125,0.12738037109375,0.97705078125,2.115936279296875,-3.349609375,0.059814453125,1.0,1.0,1.0,1.0,1.0,95.0,event
12:10:24.443,0.83614576,0.33214274,0.3987125,0.9780919,0.7977309,0.35871845,0.15421037,0.5383641,0.43028662,0.68506396,0.4085745,0.723559,0.98892486,0.3933651,0.29710993,1.2417432,0.83046514,0.24785715,0.26886988,0.90632266,794.57874,809.4872,811.0989,804.2491,823.9927,-0.01788330078125,0.12738037109375,0.97705078125,2.115936279296875,-3.349609375,0.059814453125,1.0,1.0,1.0,1.0,1.0,95.0,event
12:10:24.443,0.83614576,0.33214274,0.3987125,0.9780919,0.7977309,0.35871845,0.15421037,0.5383641,0.43028662,0.68506396,0.4085745,0.723559,0.98892486,0.3933651,0.29710993,1.2417432,0.83046514,0.24785715,0.26886988,0.90632266,805.4579,808.68134,811.9048,788.5348,839.304,-0.01788330078125,0.12738037109375,0.97705078125,2.115936279296875,-3.349609375,0.059814453125,1.0,1.0,1.0,1.0,1.0,95.0,event
12:10:24.444,0.83614576,0.33214274,0.3987125,0.9780919,0.7977309,0.35871845,0.15421037,0.5383641,0.43028662,0.68506396,0.4085745,0.723559,0.98892486,0.3933651,0.29710993,1.2417432,0.83046514,0.24785715,0.26886988,0.90632266,792.1612,806.6667,814.7253,792.96704,657.98535,-0.01788330078125,0.12738037109375,0.97705078125,2.115936279296875,-3.349609375,0.059814453125,1.0,1.0,1.0,1.0,1.0,95.0,event
12:10:24.470,0.83614576,0.33214274,0.3987125,0.9780919,0.7977309,0.35871845,0.15421037,0.5383641,0.43028662,0.68506396,0.4085745,0.723559,0.98892486,0.3933651,0.29710993,1.2417432,0.83046514,0.24785715,0.26886988,0.90632266,804.65204,804.2491,809.0842,802.6374,801.8315,-0.01788330078125,0.12738037109375,0.97705078125,2.115936279296875,-3.349609375,0.059814453125,1.0,1.0,1.0,1.0,1.0,95.0,event
12:10:24.471,0.83614576,0.33214274,0.3987125,0.9780919,0.7977309,0.35871845,0.15421037,0.5383641,0.43028662,0.68506396,0.4085745,0.723559,0.98892486,0.3933651,0.29710993,1.2417432,0.83046514,0.24785715,0.26886988,0.90632266,799.011,809.89014,801.4286,801.4286,825.6044,-0.01788330078125,0.12738037109375,0.97705078125,2.115936279296875,-3.349609375,0.059814453125,1.0,1.0,1.0,1.0,1.0,95.0,event
12:10:24.471,0.83614576,0.33214274,0.3987125,0.9780919,0.7977309,0.35871845,0.15421037,0.5383641,0.43028662,0.68506396,0.4085745,0.723559,0.98892486,0.3933651,0.29710993,1.2417432,0.83046514,0.24785715,0.26886988,0.90632266,778.86444,798.20514,808.68134,810.293,729.707,-0.01788330078125,0.12738037109375,0.97705078125,2.115936279296875,-3.349609375,0.059814453125,1.0,1.0,1.0,1.0,1.0,95.0,event
12:10:24.472,0.83614576,0.33214274,0.3987125,0.9780919,0.7977309,0.35871845,0.15421037,0.5383641,0.43028662,0.68506396,0.4085745,0.723559,0.98892486,0.3933651,0.29710993,1.2417432,0.83046514,0.24785715,0.26886988,0.90632266,775.2381,774.0293,821.978,816.337,718.8278,-0.01788330078125,0.12738037109375,0.97705078125,2.115936279296875,-3.349609375,0.059814453125,1.0,1.0,1.0,1.0,1.0,95.0,event
12:10:24.472,0.83614576,0.33214274,0.3987125,0.9780919,0.7977309,0.35871845,0.15421037,0.5383641,0.43028662,0.68506396,0.4085745,0.723559,0.98892486,0.3933651,0.29710993,1.2417432,0.83046514,0.24785715,0.26886988,0.90632266,788.5348,797.3993,818.7546,813.5165,812.71063,-0.01788330078125,0.12738037109375,0.97705078125,2.115936279296875,-3.349609375,0.059814453125,1.0,1.0,1.0,1.0,1.0,95.0,event
12:10:24.472,0.83614576,0.33563578,0.39447945,0.9780919,0.7977309,0.3544925,0.15118067,0.5383641,0.43028662,0.68506396,0.40459976,0.723559,0.98892486,0.38207883,0.28564277,1.2417432,0.83046514,0.23358057,0.24975792,0.90632266,782.8938,816.337,806.26373,799.41394,918.2784,-0.01788330078125,0.12738037109375,0.97705078125,2.115936279296875,-3.349609375,0.059814453125,1.0,1.0,1.0,1.0,1.0,95.0,event
12:10:24.474,0.83614576,0.33563578,0.39447945,0.9780919,0.7977309,0.3544925,0.15118067,0.5383641,0.43028662,0.68506396,0.40459976,0.723559,0.98892486,0.38207883,0.28564277,1.2417432,0.83046514,0.23358057,0.24975792,0.90632266,781.685,811.50183,805.05493,811.50183,861.4652,-0.01788330078125,0.12738037109375,0.97705078125,2.115936279296875,-3.349609375,0.059814453125,1.0,1.0,1.0,1.0,1.0,95.0,event
12:10:24.475,0.83614576,0.33563578,0.39447945,0.9780919,0.7977309,0.3544925,0.15118067,0.5383641,0.43028662,0.68506396,0.40459976,0.723559,0.98892486,0.38207883,0.28564277,1.2417432,0.83046514,0.23358057,0.24975792,0.90632266,794.57874,806.6667,804.65204,784.10254,883.22345,-0.01788330078125,0.12738037109375,0.97705078125,2.115936279296875,-3.349609375,0.059814453125,1.0,1.0,1.0,1.0,1.0,95.0,event
12:10:24.475,0.83614576,0.33563578,0.39447945,0.9780919,0.7977309,0.3544925,0.15118067,0.5383641,0.43028662,0.68506396,0.40459976,0.723559,0.98892486,0.38207883,0.28564277,1.2417432,0.83046514,0.23358057,0.24975792,0.90632266,789.34064,809.4872,809.4872,799.011,752.674,-0.01788330078125,0.12738037109375,0.97705078125,2.115936279296875,-3.349609375,0.059814453125,1.0,1.0,1.0,1.0,1.0,95.0,event
12:10:24.476,0.83614576,0.33563578,0.39447945,0.9780919,0.7977309,0.3544925,0.15118067,0.5383641,0.43028662,0.68506396,0.40459976,0.723559,0.98892486,0.38207883,0.28564277,1.2417432,0.83046514,0.23358057,0.24975792,0.90632266,795.78754,813.1135,809.89014,811.0989,831.6484,-0.01788330078125,0.12738037109375,0.97705078125,2.115936279296875,-3.349609375,0.059814453125,1.0,1.0,1.0,1.0,1.0,95.0,event
12:10:24.476,0.83614576,0.33563578,0.39447945,0.9780919,0.7977309,0.3544925,0.15118067,0.5383641,0.43028662,0.68506396,0.40459976,0.723559,0.98892486,0.38207883,0.28564277,1.2417432,0.83046514,0.23358057,0.24975792,0.90632266,805.4579,804.65204,802.6374,785.31134,921.0989,-0.01788330078125,0.12738037109375,0.97705078125,2.115936279296875,-3.349609375,0.059814453125,1.0,1.0,1.0,1.0,1.0,95.0,event
12:10:24.476,0.83614576,0.33563578,0.39447945,0.9780919,0.7977309,0.3544925,0.15118067,0.5383641,0.43028662,0.68506396,0.40459976,0.723559,0.98892486,0.38207883,0.28564277,1.2417432,0.83046514,0.23358057,0.24975792,0.90632266,805.05493,807.0696,807.47253,786.52014,730.5128,-0.01788330078125,0.12738037109375,0.97705078125,2.115936279296875,-3.349609375,0.059814453125,1.0,1.0,1.0,1.0,1.0,95.0,event
12:10:24.539,0.83614576,0.33563578,0.39447945,0.9780919,0.7977309,0.3544925,0.15118067,0.5383641,0.43028662,0.68506396,0.40459976,0.723559,0.98892486,0.38207883,0.28564277,1.2417432,0.83046514,0.23358057,0.24975792,0.90632266,790.14655,808.2784,802.6374,813.1135,885.2381,-0.005615234375,0.12744140625,0.9715576171875,1.83929443359375,-3.686065673828125,-0.31402587890625,1.0,1.0,1.0,1.0,1.0,95.0,event
12:10:24.540,0.83614576,0.33563578,0.39447945,0.9780919,0.7977309,0.3544925,0.15118067,0.5383641,0.43028662,0.68506396,0.40459976,0.723559,0.98892486,0.38207883,0.28564277,1.2417432,0.83046514,0.23358057,0.24975792,0.90632266,804.65204,801.02563,801.4286,810.293,811.0989,-0.005615234375,0.12744140625,0.9715576171875,1.83929443359375,-3.686065673828125,-0.31402587890625,1.0,1.0,1.0,1.0,1.0,95.0,event
12:10:24.540,0.83614576,0.33563578,0.39447945,0.9780919,0.7977309,0.3544925,0.15118067,0.5383641,0.43028662,0.68506396,0.40459976,0.723559,0.98892486,0.38207883,0.28564277,1.2417432,0.83046514,0.23358057,0.24975792,0.90632266,796.5934,803.44324,818.7546,807.47253,778.46155,-0.005615234375,0.12744140625,0.9715576171875,1.83929443359375,-3.686065673828125,-0.31402587890625,1.0,1.0,1.0,1.0,1.0,95.0,event
12:10:24.540,0.83614576,0.33563578,0.39447945,0.9780919,0.7977309,0.3544925,0.15118067,0.5383641,0.43028662,0.68506396,0.40459976,0.723559,0.98892486,0.38207883,0.28564277,1.2417432,0.83046514,0.23358057,0.24975792,0.90632266,792.5641,806.26373,824.3956,797.8022,810.293,-0.005615234375,0.12744140625,0.9715576171875,1.83929443359375,-3.686065673828125,-0.31402587890625,1.0,1.0,1.0,1.0,1.0,95.0,event
12:10:24.541,0.83614576,0.33563578,0.39447945,0.9780919,0.7977309,0.3544925,0.15118067,0.5383641,0.43028662,0.68506396,0.40459976,0.723559,0.98892486,0.38207883,0.28564277,1.2417432,0.83046514,0.23358057,0.24975792,0.90632266,803.8461,803.8461,814.3223,787.326,832.8571,-0.005615234375,0.12744140625,0.9715576171875,1.83929443359375,-3.686065673828125,-0.31402587890625,1.0,1.0,1.0,1.0,1.0,95.0,event
12:10:24.541,0.83614576,0.33563578,0.39447945,0.9780919,0.7977309,0.3544925,0.15118067,0.5383641,0.43028662,0.68506396,0.40459976,0.723559,0.98892486,0.38207883,0.28564277,1.2417432,0.83046514,0.23358057,0.24975792,0.90632266,783.2967,798.60803,809.4872,782.49084,819.15753,-0.005615234375,0.12744140625,0.9715576171875,1.83929443359375,-3.686065673828125,-0.31402587890625,1.0,1.0,1.0,1.0,1.0,95.0,event
12:10:24.542,0.83614576,0.33563578,0.39447945,0.9780919,0.7977309,0.3544925,0.15118067,0.5383641,0.43028662,0.68506396,0.40459976,0.723559,0.98892486,0.38207883,0.28564277,1.2417432,0.83046514,0.23358057,0.24975792,0.90632266,797.8022,807.0696,812.71063,829.2308,786.1172,-0.005615234375,0.12744140625,0.9715576171875,1.83929443359375,-3.686065673828125,-0.31402587890625,1.0,1.0,1.0,1.0,1.0,95.0,event
12:10:24.542,0.83614576,0.33563578,0.39447945,0.9780919,0.7977309,0.3544925,0.15118067,0.5383641,0.43028662,0.68506396,0.40459976,0.723559,0.98892486,0.38207883,0.28564277,1.2417432,0.83046514,0.23358057,0.24975792,0.90632266,793.36993,809.89014,800.2198,799.011,997.25275,-0.005615234375,0.12744140625,0.9715576171875,1.83929443359375,-3.686065673828125,-0.31402587890625,1.0,1.0,1.0,1.0,1.0,95.0,event
12:10:24.542,0.83614576,0.33563578,0.39447945,0.9780919,0.7977309,0.3544925,0.15118067,0.5383641,0.43028662,0.68506396,0.40459976,0.723559,0.98892486,0.38207883,0.28564277,1.2417432,0.83046514,0.23358057,0.24975792,0.90632266,790.14655,799.81683,813.91943,801.8315,788.1319,-0.005615234375,0.12744140625,0.9715576171875,1.83929443359375,-3.686065673828125,-0.31402587890625,1.0,1.0,1.0,1.0,1.0,95.0,event
12:10:24.543,0.83614576,0.33563578,0.39447945,0.9780919,0.7977309,0.3544925,0.15118067,0.5383641,0.43028662,0.68506396,0.40459976,0.723559,0.98892486,0.38207883,0.28564277,1.2417432,0.83046514,0.23358057,0.24975792,0.90632266,802.23444,807.47253,806.26373,786.52014,913.44324,-0.005615234375,0.12744140625,0.9715576171875,1.83929443359375,-3.686065673828125,-0.31402587890625,1.0,1.0,1.0,1.0,1.0,95.0,event
12:10:24.543,0.83614576,0.33563578,0.39447945,0.9780919,0.7977309,0.3544925,0.15118067,0.5383641,0.43028662,0.68506396,0.40459976,0.723559,0.98892486,0.38207883,0.28564277,1.2417432,0.83046514,0.23358057,0.24975792,0.90632266,807.8755,809.4872,810.293,794.57874,686.99634,-0.005615234375,0.12744140625,0.9715576171875,1.83929443359375,-3.686065673828125,-0.31402587890625,1.0,1.0,1.0,1.0,1.0,95.0,event
12:10:24.544,0.83614576,0.33563578,0.39447945,0.9780919,0.7977309,0.3544925,0.15118067,0.5383641,0.43028662,0.68506396,0.40459976,0.723559,0.98892486,0.38207883,0.28564277,1.2417432,0.83046514,0.23358057,0.24975792,0.90632266,805.8608,812.3077,810.293,793.7729,722.4542,-0.005615234375,0.12744140625,0.9715576171875,1.83929443359375,-3.686065673828125,-0.31402587890625,1.0,1.0,1.0,1.0,1.0,95.0,event
12:10:24.573,0.83614576,0.33563578,0.39447945,0.9780919,0.7977309,0.3544925,0.15118067,0.5383641,0.43028662,0.68506396,0.40459976,0.723559,0.98892486,0.38207883,0.28564277,1.2417432,0.83046514,0.23358057,0.24975792,0.90632266,787.326,804.2491,816.337,799.41394,757.1062,-0.00604248046875,0.1265869140625,0.97967529296875,2.370147705078125,-4.239349365234375,0.635528564453125,1.0,1.0,1.0,1.0,1.0,95.0,event
12:10:24.573,0.83614576,0.33563578,0.39447945,0.9780919,0.7977309,0.3544925,0.15118067,0.5383641,0.43028662,0.68506396,0.40459976,0.723559,0.98892486,0.38207883,0.28564277,1.2417432,0.83046514,0.23358057,0.24975792,0.90632266,788.5348,802.6374,811.0989,796.5934,744.61536,-0.00604248046875,0.1265869140625,0.97967529296875,2.370147705078125,-4.239349365234375,0.635528564453125,1.0,1.0,1.0,1.0,1.0,95.0,event
12:10:24.574,0.83614576,0.33563578,0.39447945,0.9780919,0.7977309,0.3544925,0.15118067,0.5383641,0.43028662,0.68506396,0.40459976,0.723559,0.98892486,0.38207883,0.28564277,1.2417432,0.83046514,0.23358057,0.24975792,0.90632266,789.34064,803.8461,810.696,790.54944,756.7033,-0.00604248046875,0.1265869140625,0.97967529296875,2.370147705078125,-4.239349365234375,0.635528564453125,1.0,1.0,1.0,1.0,1.0,95.0,event
12:10:24.574,0.83614576,0.33563578,0.39447945,0.9780919,0.7977309,0.3544925,0.15118067,0.5383641,0.43028662,0.68506396,0.40459976,0.723559,0.98892486,0.38207883,0.28564277,1.2417432,0.83046514,0.23358057,0.24975792,0.90632266,762.74725,803.44324,811.0989,811.0989,878.7912,-0.00604248046875,0.1265869140625,0.97967529296875,2.370147705078125,-4.239349365234375,0.635528564453125,1.0,1.0,1.0,1.0,1.0,95.0,event
12:10:24.574,0.83614576,0.33563578,0.39447945,0.9780919,0.7977309,0.3544925,0.15118067,0.5383641,0.43028662,0.68506396,0.40459976,0.723559,0.98892486,0.38207883,0.28564277,1.2417432,0.83046514,0.23358057,0.24975792,0.90632266,763.5531,805.4579,810.293,792.5641,829.6337,-0.00604248046875,0.1265869140625,0.97967529296875,2.370147705078125,-4.239349365234375,0.635528564453125,1.0,1.0,1.0,1.0,1.0,95.0,event
12:10:24.575,0.83614576,0.33563578,0.39447945,0.9780919,0.7977309,0.3544925,0.15118067,0.5383641,0.43028662,0.68506396,0.40459976,0.723559,0.98892486,0.38207883,0.28564277,1.2417432,0.83046514,0.23358057,0.24975792,0.90632266,774.83514,805.8608,803.8461,752.27106,776.4469,-0.00604248046875,0.1265869140625,0.97967529296875,2.370147705078125,-4.239349365234375,0.635528564453125,1.0,1.0,1.0,1.0,1.0,95.0,event
12:10:24.575,0.83614576,0.33563578,0.39447945,0.9780919,0.7977309,0.3544925,0.15118067,0.5383641,0.43028662,0.68506396,0.40459976,0.723559,0.98892486,0.38207883,0.28564277,1.2417432,0.83046514,0.23358057,0.24975792,0.90632266,794.9817,796.99634,801.4286,794.17584,828.022,-0.00604248046875,0.1265869140625,0.97967529296875,2.370147705078125,-4.239349365234375,0.635528564453125,1.0,1.0,1.0,1.0,1.0,95.0,event
12:10:24.576,0.83614576,0.33643284,0.3751559,0.9780919,0.7977309,0.34618104,0.13942859,0.5383641,0.43028662,0.68506396,0.40459976,0.723559,0.98892486,0.36733493,0.26589718,1.2417432,0.83046514,0.22147556,0.22292358,0.90632266,806.6667,788.1319,811.50183,819.15753,937.2161,-0.00604248046875,0.1265869140625,0.97967529296875,2.370147705078125,-4.239349365234375,0.635528564453125,1.0,1.0,1.0,1.0,1.0,95.0,event
12:10:24.578,0.83614576,0.33643284,0.3751559,0.9780919,0.7977309,0.34618104,0.13942859,0.5383641,0.43028662,0.68506396,0.40459976,0.723559,0.98892486,0.36733493,0.26589718,1.2417432,0.83046514,0.22147556,0.22292358,0.90632266,794.9817,800.6227,807.47253,799.41394,1023.44324,-0.00604248046875,0.1265869140625,0.97967529296875,2.370147705078125,-4.239349365234375,0.635528564453125,1.0,1.0,1.0,1.0,1.0,95.0,event
12:10:24.578,0.83614576,0.33643284,0.3751559,0.9780919,0.7977309,0.34618104,0.13942859,0.5383641,0.43028662,0.68506396,0.40459976,0.723559,0.98892486,0.36733493,0.26589718,1.2417432,0.83046514,0.22147556,0.22292358,0.90632266,768.3883,812.71063,799.011,785.7143,909.41394,-0.00604248046875,0.1265869140625,0.97967529296875,2.370147705078125,-4.239349365234375,0.635528564453125,1.0,1.0,1.0,1.0,1.0,95.0,event
12:10:24.579,0.83614576,0.33643284,0.3751559,0.9780919,0.7977309,0.34618104,0.13942859,0.5383641,0.43028662,0.68506396,0.40459976,0.723559,0.98892486,0.36733493,0.26589718,1.2417432,0.83046514,0.22147556,0.22292358,0.90632266,774.0293,810.293,801.02563,785.7143,811.9048,-0.00604248046875,0.1265869140625,0.97967529296875,2.370147705078125,-4.239349365234375,0.635528564453125,1.0,1.0,1.0,1.0,1.0,95.0,event
12:10:24.579,0.83614576,0.33643284,0.3751559,0.9780919,0.7977309,0.34618104,0.13942859,0.5383641,0.43028662,0.68506396,0.40459976,0.723559,0.98892486,0.36733493,0.26589718,1.2417432,0.83046514,0.22147556,0.22292358,0.90632266,807.47253,807.8755,809.89014,790.54944,867.50916,-0.00604248046875,0.1265869140625,0.97967529296875,2.370147705078125,-4.239349365234375,0.635528564453125,1.0,1.0,1.0,1.0,1.0,95.0,event
12:10:24.630,0.83614576,0.33643284,0.3751559,0.9780919,0.7977309,0.34618104,0.13942859,0.5383641,0.43028662,0.68506396,0.40459976,0.723559,0.98892486,0.36733493,0.26589718,1.2417432,0.83046514,0.22147556,0.22292358,0.90632266,811.50183,813.91943,815.5311,801.02563,784.10254,-0.01361083984375,0.12506103515625,0.97613525390625,2.1533203125,-3.790740966796875,0.299072265625,1.0,1.0,1.0,1.0,1.0,95.0,event
12:10:24.631,0.83614576,0.33643284,0.3751559,0.9780919,0.7977309,0.34618104,0.13942859,0.5383641,0.43028662,0.68506396,0.40459976,0.723559,0.98892486,0.36733493,0.26589718,1.2417432,0.83046514,0.22147556,0.22292358,0.90632266,793.7729,816.337,815.5311,809.89014,676.9231,-0.01361083984375,0.12506103515625,0.97613525390625,2.1533203125,-3.790740966796875,0.299072265625,1.0,1.0,1.0,1.0,1.0,95.0,event
12:10:24.631,0.83614576,0.33643284,0.3751559,0.9780919,0.7977309,0.34618104,0.13942859,0.5383641,0.43028662,0.68506396,0.40459976,0.723559,0.98892486,0.36733493,0.26589718,1.2417432,0.83046514,0.22147556,0.22292358,0.90632266,773.22345,809.89014,809.4872,810.293,711.978,-0.01361083984375,0.12506103515625,0.97613525390625,2.1533203125,-3.790740966796875,0.299072265625,1.0,1.0,1.0,1.0,1.0,95.0,event
12:10:24.631,0.83614576,0.33643284,0.3751559,0.9780919,0.7977309,0.34618104,0.13942859,0.5383641,0.43028662,0.68506396,0.40459976,0.723559,0.98892486,0.36733493,0.26589718,1.2417432,0.83046514,0.22147556,0.22292358,0.90632266,779.2674,805.05493,803.44324,774.83514,730.5128,-0.01361083984375,0.12506103515625,0.97613525390625,2.1533203125,-3.790740966796875,0.299072265625,1.0,1.0,1.0,1.0,1.0,95.0,event
12:10:24.632,0.83614576,0.33643284,0.3751559,0.9780919,0.7977309,0.34618104,0.13942859,0.5383641,0.43028662,0.68506396,0.40459976,0.723559,0.98892486,0.36733493,0.26589718,1.2417432,0.83046514,0.22147556,0.22292358,0.90632266,790.54944,803.8461,813.1135,803.44324,698.68134,-0.01361083984375,0.12506103515625,0.97613525390625,2.1533203125,-3.790740966796875,0.299072265625,1.0,1.0,1.0,1.0,1.0,95.0,event
12:10:24.632,0.83614576,0.33643284,0.3751559,0.9780919,0.7977309,0.34618104,0.13942859,0.5383641,0.43028662,0.68506396,0.40459976,0.723559,0.98892486,0.36733493,0.26589718,1.2417432,0.83046514,0.22147556,0.22292358,0.90632266,793.7729,803.0403,808.2784,762.74725,695.05493,-0.01361083984375,0.12506103515625,0.97613525390625,2.1533203125,-3.790740966796875,0.299072265625,1.0,1.0,1.0,1.0,1.0,95.0,event
12:10:24.633,0.83614576,0.33643284,0.3751559,0.9780919,0.7977309,0.34618104,0.13942859,0.5383641,0.43028662,0.68506396,0.40459976,0.723559,0.98892486,0.36733493,0.26589718,1.2417432,0.83046514,0.22147556,0.22292358,0.90632266,801.8315,810.293,812.71063,808.68134,871.9414,-0.01361083984375,0.12506103515625,0.97613525390625,2.1533203125,-3.790740966796875,0.299072265625,1.0,1.0,1.0,1.0,1.0,95.0,event
12:10:24.633,0.83614576,0.33643284,0.3751559,0.9780919,0.7977309,0.34618104,0.13942859,0.5383641,0.43028662,0.68506396,0.40459976,0.723559,0.98892486,0.36733493,0.26589718,1.2417432,0.83046514,0.22147556,0.22292358,0.90632266,816.337,809.4872,805.4579,800.2198,1067.3627,-0.01361083984375,0.12506103515625,0.97613525390625,2.1533203125,-3.790740966796875,0.299072265625,1.0,1.0,1.0,1.0,1.0,95.0,event
12:10:24.633,0.83614576,0.33643284,0.3751559,0.9780919,0.7977309,0.34618104,0.13942859,0.5383641,0.43028662,0.68506396,0.40459976,0.723559,0.98892486,0.36733493,0.26589718,1.2417432,0.83046514,0.22147556,0.22292358,0.90632266,786.52014,799.41394,799.011,789.7436,839.304,-0.01361083984375,0.12506103515625,0.97613525390625,2.1533203125,-3.790740966796875,0.299072265625,1.0,1.0,1.0,1.0,1.0,95.0,event
12:10:24.634,0.83614576,0.33643284,0.3751559,0.9780919,0.7977309,0.34618104,0.13942859,0.5383641,0.43028662,0.68506396,0.40459976,0.723559,0.98892486,0.36733493,0.26589718,1.2417432,0.83046514,0.22147556,0.22292358,0.90632266,769.19415,798.20514,809.4872,787.326,700.293,-0.01361083984375,0.12506103515625,0.97613525390625,2.1533203125,-3.790740966796875,0.299072265625,1.0,1.0,1.0,1.0,1.0,95.0,event
12:10:24.634,0.83614576,0.33643284,0.3751559,0.9780919,0.7977309,0.34618104,0.13942859,0.5383641,0.43028662,0.68506396,0.40459976,0.723559,0.98892486,0.36733493,0.26589718,1.2417432,0.83046514,0.22147556,0.22292358,0.90632266,755.89746,805.05493,815.5311,785.7143,776.04395,-0.01361083984375,0.12506103515625,0.97613525390625,2.1533203125,-3.790740966796875,0.299072265625,1.0,1.0,1.0,1.0,1.0,95.0,event
12:10:24.635,0.83614576,0.33643284,0.3751559,0.9780919,0.7977309,0.34618104,0.13942859,0.5383641,0.43028662,0.68506396,0.40459976,0.723559,0.98892486,0.36733493,0.26589718,1.2417432,0.83046514,0.22147556,0.22292358,0.90632266,754.68866,802.6374,812.3077,780.4762,775.64105,-0.01361083984375,0.12506103515625,0.97613525390625,2.1533203125,-3.790740966796875,0.299072265625,1.0,1.0,1.0,1.0,1.0,95.0,event
12:10:24.666,0.83614576,0.33643284,0.3751559,0.9780919,0.7977309,0.34618104,0.13942859,0.5383641,0.43028662,0.68506396,0.40459976,0.723559,0.98892486,0.36733493,0.26589718,1.2417432,0.83046514,0.22147556,0.22292358,0.90632266,778.46155,807.0696,811.9048,772.4176,790.54944,-0.0067138671875,0.12518310546875,0.978271484375,2.3028564453125,-3.648681640625,-0.10467529296875,1.0,1.0,1.0,1.0,1.0,95.0,event
12:10:24.668,0.83614576,0.33643284,0.3751559,0.9780919,0.7977309,0.34618104,0.13942859,0.5383641,0.43028662,0.68506396,0.40459976,0.723559,0.98892486,0.36733493,0.26589718,1.2417432,0.83046514,0.22147556,0.22292358,0.90632266,778.86444,806.6667,809.4872,785.31134,683.36993,-0.0067138671875,0.12518310546875,0.978271484375,2.3028564453125,-3.648681640625,-0.10467529296875,1.0,1.0,1.0,1.0,1.0,95.0,event
12:10:24.669,0.83614576,0.33643284,0.3751559,0.9780919,0.7977309,0.34618104,0.13942859,0.5383641,0.43028662,0.68506396,0.40459976,0.723559,0.98892486,0.36733493,0.26589718,1.2417432,0.83046514,0.22147556,0.22292358,0.90632266,767.98535,802.23444,805.4579,798.20514,736.9597,-0.0067138671875,0.12518310546875,0.978271484375,2.3028564453125,-3.648681640625,-0.10467529296875,1.0,1.0,1.0,1.0,1.0,95.0,event
12:10:24.670,0.83614576,0.33643284,0.3751559,0.9780919,0.7977309,0.34618104,0.13942859,0.5383641,0.43028662,0.68506396,0.40459976,0.723559,0.98892486,0.36733493,0.26589718,1.2417432,0.83046514,0.22147556,0.22292358,0.90632266,793.36993,807.47253,806.6667,796.5934,829.2308,-0.0067138671875,0.12518310546875,0.978271484375,2.3028564453125,-3.648681640625,-0.10467529296875,1.0,1.0,1.0,1.0,1.0,95.0,event
12:10:24.671,0.83614576,0.33643284,0.3751559,0.9780919,0.7977309,0.34618104,0.13942859,0.5383641,0.43028662,0.68506396,0.40459976,0.723559,0.98892486,0.36733493,0.26589718,1.2417432,0.83046514,0.22147556,0.22292358,0.90632266,798.60803,808.2784,802.6374,788.5348,740.18317,-0.0067138671875,0.12518310546875,0.978271484375,2.3028564453125,-3.648681640625,-0.10467529296875,1.0,1.0,1.0,1.0,1.0,95.0,event
12:10:24.672,0.83614576,0.33643284,0.3751559,0.9780919,0.7977309,0.34618104,0.13942859,0.5383641,0.43028662,0.68506396,0.40459976,0.723559,0.98892486,0.36733493,0.26589718,1.2417432,0.83046514,0.22147556,0.22292358,0.90632266,784.5055,799.011,809.0842,781.28204,816.7399,-0.0067138671875,0.12518310546875,0.978271484375,2.3028564453125,-3.648681640625,-0.10467529296875,1.0,1.0,1.0,1.0,1.0,95.0,event
12:10:24.673,0.83614576,0.33643284,0.3751559,0.9780919,0.7977309,0.34618104,0.13942859,0.5383641,0.43028662,0.68506396,0.40459976,0.723559,0.98892486,0.36733493,0.26589718,1.2417432,0.83046514,0.22147556,0.22292358,0.90632266,785.31134,797.3993,807.47253,795.78754,1052.0513,-0.0067138671875,0.12518310546875,0.978271484375,2.3028564453125,-3.648681640625,-0.10467529296875,1.0,1.0,1.0,1.0,1.0,95.0,event
12:10:24.674,0.83614576,0.33643284,0.3751559,0.9780919,0.7977309,0.34618104,0.13942859,0.5383641,0.43028662,0.68506396,0.40459976,0.723559,0.98892486,0.36733493,0.26589718,1.2417432,0.83046514,0.22147556,0.22292358,0.90632266,791.75824,800.2198,794.9817,799.41394,1023.0403,-0.0067138671875,0.12518310546875,0.978271484375,2.3028564453125,-3.648681640625,-0.10467529296875,1.0,1.0,1.0,1.0,1.0,95.0,event
12:10:24.676,0.83614576,0.33643284,0.3751559,0.9780919,0.7977309,0.34618104,0.13942859,0.5383641,0.43028662,0.68506396,0.40459976,0.723559,0.98892486,0.36733493,0.26589718,1.2417432,0.83046514,0.22147556,0.22292358,0.90632266,796.99634,795.78754,799.81683,808.2784,759.12085,-0.0067138671875,0.12518310546875,0.978271484375,2.3028564453125,-3.648681640625,-0.10467529296875,1.0,1.0,1.0,1.0,1.0,95.0,event
12:10:24.678,0.09175009,0.33011422,0.28771546,-0.18970813,0.29099804,0.32768244,0.06312751,0.30686074,0.36795452,0.68506396,0.40459976,0.28860158,0.73809385,0.34887198,0.23542988,0.7613889,1.0614097,0.21336536,0.19023433,1.1790044,789.7436,804.65204,815.9341,788.93774,764.7619,-0.0067138671875,0.12518310546875,0.978271484375,2.3028564453125,-3.648681640625,-0.10467529296875,1.0,1.0,1.0,1.0,1.0,95.0,event
12:10:24.682,0.09175009,0.33011422,0.28771546,-0.18970813,0.29099804,0.32768244,0.06312751,0.30686074,0.36795452,0.68506396,0.40459976,0.28860158,0.73809385,0.34887198,0.23542988,0.7613889,1.0614097,0.21336536,0.19023433,1.1790044,793.7729,813.1135,824.3956,784.10254,834.87177,-0.0067138671875,0.12518310546875,0.978271484375,2.3028564453125,-3.648681640625,-0.10467529296875,1.0,1.0,1.0,1.0,1.0,95.0,event
12:10:24.684,0.09175009,0.33011422,0.28771546,-0.18970813,0.29099804,0.32768244,0.06312751,0.30686074,0.36795452,0.68506396,0.40459976,0.28860158,0.73809385,0.34887198,0.23542988,0.7613889,1.0614097,0.21336536,0.19023433,1.1790044,791.3553,807.0696,811.9048,821.978,779.2674,-0.0067138671875,0.12518310546875,0.978271484375,2.3028564453125,-3.648681640625,-0.10467529296875,1.0,1.0,1.0,1.0,1.0,95.0,event
12:10:24.733,0.09175009,0.33011422,0.28771546,-0.18970813,0.29099804,0.32768244,0.06312751,0.30686074,0.36795452,0.68506396,0.40459976,0.28860158,0.73809385,0.34887198,0.23542988,0.7613889,1.0614097,0.21336536,0.19023433,1.1790044,809.4872,806.26373,803.0403,790.9524,697.47253,-0.0067138671875,0.12518310546875,0.978271484375,2.3028564453125,-3.648681640625,-0.10467529296875,1.0,1.0,1.0,1.0,1.0,95.0,event
12:10:24.734,0.09175009,0.33011422,0.28771546,-0.18970813,0.29099804,0.32768244,0.06312751,0.30686074,0.36795452,0.68506396,0.40459976,0.28860158,0.73809385,0.34887198,0.23542988,0.7613889,1.0614097,0.21336536,0.19023433,1.1790044,809.4872,807.47253,805.4579,777.25275,731.7216,-0.0067138671875,0.12518310546875,0.978271484375,2.3028564453125,-3.648681640625,-0.10467529296875,1.0,1.0,1.0,1.0,1.0,95.0,event
12:10:24.735,0.09175009,0.33011422,0.28771546,-0.18970813,0.29099804,0.32768244,0.06312751,0.30686074,0.36795452,0.68506396,0.40459976,0.28860158,0.73809385,0.34887198,0.23542988,0.7613889,1.0614097,0.21336536,0.19023433,1.1790044,779.67035,803.0403,810.293,808.2784,854.61536,-0.0067138671875,0.12518310546875,0.978271484375,2.3028564453125,-3.648681640625,-0.10467529296875,1.0,1.0,1.0,1.0,1.0,95.0,event
12:10:24.736,0.09175009,0.33011422,0.28771546,-0.18970813,0.29099804,0.32768244,0.06312751,0.30686074,0.36795452,0.68506396,0.40459976,0.28860158,0.73809385,0.34887198,0.23542988,0.7613889,1.0614097,0.21336536,0.19023433,1.1790044,768.7912,797.3993,818.7546,805.8608,900.54944,-0.0067138671875,0.12518310546875,0.978271484375,2.3028564453125,-3.648681640625,-0.10467529296875,1.0,1.0,1.0,1.0,1.0,95.0,event
12:10:24.737,0.09175009,0.33011422,0.28771546,-0.18970813,0.29099804,0.32768244,0.06312751,0.30686074,0.36795452,0.68506396,0.40459976,0.28860158,0.73809385,0.34887198,0.23542988,0.7613889,1.0614097,0.21336536,0.19023433,1.1790044,790.9524,809.0842,809.0842,769.19415,809.4872,-0.0067138671875,0.12518310546875,0.978271484375,2.3028564453125,-3.648681640625,-0.10467529296875,1.0,1.0,1.0,1.0,1.0,95.0,event
12:10:24.737,0.09175009,0.33011422,0.28771546,-0.18970813,0.29099804,0.32768244,0.06312751,0.30686074,0.36795452,0.68506396,0.40459976,0.28860158,0.73809385,0.34887198,0.23542988,0.7613889,1.0614097,0.21336536,0.19023433,1.1790044,779.2674,805.4579,818.3516,770.40295,788.5348,-0.0067138671875,0.12518310546875,0.978271484375,2.3028564453125,-3.648681640625,-0.10467529296875,1.0,1.0,1.0,1.0,1.0,95.0,event
12:10:24.738,0.09175009,0.33011422,0.28771546,-0.18970813,0.29099804,0.32768244,0.06312751,0.30686074,0.36795452,0.68506396,0.40459976,0.28860158,0.73809385,0.34887198,0.23542988,0.7613889,1.0614097,0.21336536,0.19023433,1.1790044,788.1319,803.8461,805.4579,799.81683,1110.8792,-0.0067138671875,0.12518310546875,0.978271484375,2.3028564453125,-3.648681640625,-0.10467529296875,1.0,1.0,1.0,1.0,1.0,95.0,event
12:10:24.739,0.09175009,0.33011422,0.28771546,-0.18970813,0.29099804,0.32768244,0.06312751,0.30686074,0.36795452,0.68506396,0.40459976,0.28860158,0.73809385,0.34887198,0.23542988,0.7613889,1.0614097,0.21336536,0.19023433,1.1790044,803.0403,806.6667,808.2784,833.663,1013.7729,-0.0067138671875,0.12518310546875,0.978271484375,2.3028564453125,-3.648681640625,-0.10467529296875,1.0,1.0,1.0,1.0,1.0,95.0,event
12:10:24.740,0.09175009,0.33011422,0.28771546,-0.18970813,0.29099804,0.32768244,0.06312751,0.30686074,0.36795452,0.68506396,0.40459976,0.28860158,0.73809385,0.34887198,0.23542988,0.7613889,1.0614097,0.21336536,0.19023433,1.1790044,814.7253,811.0989,808.68134,830.84247,750.65936,-0.0067138671875,0.12518310546875,0.978271484375,2.3028564453125,-3.648681640625,-0.10467529296875,1.0,1.0,1.0,1.0,1.0,95.0,event
12:10:24.740,0.09175009,0.33011422,0.28771546,-0.18970813,0.29099804,0.32768244,0.06312751,0.30686074,0.36795452,0.68506396,0.40459976,0.28860158,0.73809385,0.34887198,0.23542988,0.7613889,1.0614097,0.21336536,0.19023433,1.1790044,805.4579,813.91943,809.4872,808.2784,709.9634,-0.0067138671875,0.12518310546875,0.978271484375,2.3028564453125,-3.648681640625,-0.10467529296875,1.0,1.0,1.0,1.0,1.0,95.0,event
12:10:24.741,0.09175009,0.33011422,0.28771546,-0.18970813,0.29099804,0.32768244,0.06312751,0.30686074,0.36795452,0.68506396,0.40459976,0.28860158,0.73809385,0.34887198,0.23542988,0.7613889,1.0614097,0.21336536,0.19023433,1.1790044,799.011,803.0403,813.5165,802.23444,702.3077,-0.0067138671875,0.12518310546875,0.978271484375,2.3028564453125,-3.648681640625,-0.10467529296875,1.0,1.0,1.0,1.0,1.0,95.0,event
12:10:24.742,0.09175009,0.33011422,0.28771546,-0.18970813,0.29099804,0.32768244,0.06312751,0.30686074,0.36795452,0.68506396,0.40459976,0.28860158,0.73809385,0.34887198,0.23542988,0.7613889,1.0614097,0.21336536,0.19023433,1.1790044,799.41394,786.9231,814.7253,782.0879,656.3736,-0.0067138671875,0.12518310546875,0.978271484375,2.3028564453125,-3.648681640625,-0.10467529296875,1.0,1.0,1.0,1.0,1.0,95.0,event
12:10:24.783,0.09175009,0.33011422,0.28771546,-0.18970813,0.29099804,0.32768244,0.06312751,0.30686074,0.36795452,0.68506396,0.40459976,0.28860158,0.73809385,0.34887198,0.23542988,0.7613889,1.0614097,0.21336536,0.19023433,1.1790044,796.99634,801.4286,813.91943,784.90845,648.71796,-0.01422119140625,0.123779296875,0.978271484375,2.250518798828125,-3.78326416015625,0.171966552734375,1.0,1.0,1.0,1.0,1.0,95.0,event
12:10:24.785,0.09175009,0.33011422,0.28771546,-0.18970813,0.29099804,0.32768244,0.06312751,0.30686074,0.36795452,0.68506396,0.40459976,0.28860158,0.73809385,0.34887198,0.23542988,0.7613889,1.0614097,0.21336536,0.19023433,1.1790044,792.5641,816.337,813.91943,816.7399,765.56775,-0.01422119140625,0.123779296875,0.978271484375,2.250518798828125,-3.78326416015625,0.171966552734375,1.0,1.0,1.0,1.0,1.0,95.0,event
12:10:24.786,0.09175009,0.33011422,0.28771546,-0.18970813,0.29099804,0.32768244,0.06312751,0.30686074,0.36795452,0.68506396,0.40459976,0.28860158,0.73809385,0.34887198,0.23542988,0.7613889,1.0614097,0.21336536,0.19023433,1.1790044,786.52014,811.9048,806.26373,795.78754,767.5824,-0.01422119140625,0.123779296875,0.978271484375,2.250518798828125,-3.78326416015625,0.171966552734375,1.0,1.0,1.0,1.0,1.0,95.0,event
12:10:24.787,0.09175009,0.33011422,0.28771546,-0.18970813,0.29099804,0.32768244,0.06312751,0.30686074,0.36795452,0.68506396,0.40459976,0.28860158,0.73809385,0.34887198,0.23542988,0.7613889,1.0614097,0.21336536,0.19023433,1.1790044,796.1905,809.0842,801.02563,792.96704,695.8608,-0.01422119140625,0.123779296875,0.978271484375,2.250518798828125,-3.78326416015625,0.171966552734375,1.0,1.0,1.0,1.0,1.0,95.0,event
12:10:24.788,0.09175009,0.33011422,0.28771546,-0.18970813,0.29099804,0.32768244,0.06312751,0.30686074,0.36795452,0.68506396,0.40459976,0.28860158,0.73809385,0.34887198,0.23542988,0.7613889,1.0614097,0.21336536,0.19023433,1.1790044,790.9524,806.26373,802.23444,803.44324,774.43225,-0.01422119140625,0.123779296875,0.978271484375,2.250518798828125,-3.78326416015625,0.171966552734375,1.0,1.0,1.0,1.0,1.0,95.0,event
12:10:24.789,0.09175009,0.33011422,0.28771546,-0.18970813,0.29099804,0.32768244,0.06312751,0.30686074,0.36795452,0.68506396,0.40459976,0.28860158,0.73809385,0.34887198,0.23542988,0.7613889,1.0614097,0.21336536,0.19023433,1.1790044,794.9817,806.6667,791.3553,792.96704,915.8608,-0.01422119140625,0.123779296875,0.978271484375,2.250518798828125,-3.78326416015625,0.171966552734375,1.0,1.0,1.0,1.0,1.0,95.0,event
12:10:24.789,0.09175009,0.33011422,0.28771546,-0.18970813,0.29099804,0.32768244,0.06312751,0.30686074,0.36795452,0.68506396,0.40459976,0.28860158,0.73809385,0.34887198,0.23542988,0.7613889,1.0614097,0.21336536,0.19023433,1.1790044,793.7729,808.68134,793.36993,796.99634,876.77655,-0.01422119140625,0.123779296875,0.978271484375,2.250518798828125,-3.78326416015625,0.171966552734375,1.0,1.0,1.0,1.0,1.0,95.0,event
12:10:24.790,0.09175009,0.33011422,0.28771546,-0.18970813,0.29099804,0.32768244,0.06312751,0.30686074,0.36795452,0.68506396,0.40459976,0.28860158,0.73809385,0.34887198,0.23542988,0.7613889,1.0614097,0.21336536,0.19023433,1.1790044,787.72894,809.0842,807.47253,797.8022,881.2088,-0.01422119140625,0.123779296875,0.978271484375,2.250518798828125,-3.78326416015625,0.171966552734375,1.0,1.0,1.0,1.0,1.0,95.0,event
12:10:24.790,0.09175009,0.33011422,0.28771546,-0.18970813,0.29099804,0.32768244,0.06312751,0.30686074,0.36795452,0.68506396,0.40459976,0.28860158,0.73809385,0.34887198,0.23542988,0.7613889,1.0614097,0.21336536,0.19023433,1.1790044,795.78754,805.8608,815.12823,805.8608,766.77655,-0.01422119140625,0.123779296875,0.978271484375,2.250518798828125,-3.78326416015625,0.171966552734375,1.0,1.0,1.0,1.0,1.0,95.0,event
12:10:24.791,0.09175009,0.33011422,0.28771546,-0.18970813,0.29099804,0.32768244,0.06312751,0.30686074,0.36795452,0.68506396,0.40459976,0.28860158,0.73809385,0.34887198,0.23542988,0.7613889,1.0614097,0.21336536,0.19023433,1.1790044,796.5934,805.05493,818.7546,807.47253,902.1612,-0.01422119140625,0.123779296875,0.978271484375,2.250518798828125,-3.78326416015625,0.171966552734375,1.0,1.0,1.0,1.0,1.0,95.0,event
12:10:24.792,0.09175009,0.33011422,0.28771546,-0.18970813,0.29099804,0.32768244,0.06312751,0.30686074,0.36795452,0.68506396,0.40459976,0.28860158,0.73809385,0.34887198,0.23542988,0.7613889,1.0614097,0.21336536,0.19023433,1.1790044,797.3993,803.44324,813.5165,780.87915,1057.2894,-0.01422119140625,0.123779296875,0.978271484375,2.250518798828125,-3.78326416015625,0.171966552734375,1.0,1.0,1.0,1.0,1.0,95.0,event
12:10:24.792,0.14466546,0.3111665,-0.34118468,-0.19931385,0.2861018,0.28049707,-0.46138284,0.2642588,0.3823776,0.68506396,-0.1765099,0.2956977,0.7664772,0.32503033,0.18153758,0.8002469,1.0861472,0.20882203,0.15440558,1.2139573,802.23444,808.2784,805.4579,790.54944,842.52747,-0.01422119140625,0.123779296875,0.978271484375,2.250518798828125,-3.78326416015625,0.171966552734375,1.0,1.0,1.0,1.0,1.0,95.0,event
12:10:24.847,0.14466546,0.3111665,-0.34118468,-0.19931385,0.2861018,0.28049707,-0.46138284,0.2642588,0.3823776,0.68506396,-0.1765099,0.2956977,0.7664772,0.32503033,0.18153758,0.8002469,1.0861472,0.20882203,0.15440558,1.2139573,807.47253,808.68134,806.26373,800.2198,813.91943,-0.01031494140625,0.1292724609375,0.98504638671875,2.489776611328125,-3.54400634765625,0.5682373046875,1.0,1.0,1.0,1.0,1.0,95.0,event
12:10:24.848,0.14466546,0.3111665,-0.34118468,-0.19931385,0.2861018,0.28049707,-0.46138284,0.2642588,0.3823776,0.68506396,-0.1765099,0.2956977,0.7664772,0.32503033,0.18153758,0.8002469,1.0861472,0.20882203,0.15440558,1.2139573,800.6227,797.8022,804.65204,771.6117,759.12085,-0.01031494140625,0.1292724609375,0.98504638671875,2.489776611328125,-3.54400634765625,0.5682373046875,1.0,1.0,1.0,1.0,1.0,95.0,event
12:10:24.849,0.14466546,0.3111665,-0.34118468,-0.19931385,0.2861018,0.28049707,-0.46138284,0.2642588,0.3823776,0.68506396,-0.1765099,0.2956977,0.7664772,0.32503033,0.18153758,0.8002469,1.0861472,0.20882203,0.15440558,1.2139573,799.011,807.0696,809.0842,776.8498,711.978,-0.01031494140625,0.1292724609375,0.98504638671875,2.489776611328125,-3.54400634765625,0.5682373046875,1.0,1.0,1.0,1.0,1.0,95.0,event
12:10:24.850,0.14466546,0.3111665,-0.34118468,-0.19931385,0.2861018,0.28049707,-0.46138284,0.2642588,0.3823776,0.68506396,-0.1765099,0.2956977,0.7664772,0.32503033,0.18153758,0.8002469,1.0861472,0.20882203,0.15440558,1.2139573,798.20514,821.978,810.696,801.8315,740.989,-0.01031494140625,0.1292724609375,0.98504638671875,2.489776611328125,-3.54400634765625,0.5682373046875,1.0,1.0,1.0,1.0,1.0,95.0,event
12:10:24.850,0.14466546,0.3111665,-0.34118468,-0.19931385,0.2861018,0.28049707,-0.46138284,0.2642588,0.3823776,0.68506396,-0.1765099,0.2956977,0.7664772,0.32503033,0.18153758,0.8002469,1.0861472,0.20882203,0.15440558,1.2139573,789.34064,821.1722,803.8461,813.5165,806.6667,-0.01031494140625,0.1292724609375,0.98504638671875,2.489776611328125,-3.54400634765625,0.5682373046875,1.0,1.0,1.0,1.0,1.0,95.0,event
12:10:24.851,0.14466546,0.3111665,-0.34118468,-0.19931385,0.2861018,0.28049707,-0.46138284,0.2642588,0.3823776,0.68506396,-0.1765099,0.2956977,0.7664772,0.32503033,0.18153758,0.8002469,1.0861472,0.20882203,0.15440558,1.2139573,770.40295,805.4579,807.8755,792.5641,888.46155,-0.01031494140625,0.1292724609375,0.98504638671875,2.489776611328125,-3.54400634765625,0.5682373046875,1.0,1.0,1.0,1.0,1.0,95.0,event
12:10:24.851,0.14466546,0.3111665,-0.34118468,-0.19931385,0.2861018,0.28049707,-0.46138284,0.2642588,0.3823776,0.68506396,-0.1765099,0.2956977,0.7664772,0.32503033,0.18153758,0.8002469,1.0861472,0.20882203,0.15440558,1.2139573,777.25275,794.17584,809.0842,766.77655,893.69965,-0.01031494140625,0.1292724609375,0.98504638671875,2.489776611328125,-3.54400634765625,0.5682373046875,1.0,1.0,1.0,1.0,1.0,95.0,event
12:10:24.852,0.14466546,0.3111665,-0.34118468,-0.19931385,0.2861018,0.28049707,-0.46138284,0.2642588,0.3823776,0.68506396,-0.1765099,0.2956977,0.7664772,0.32503033,0.18153758,0.8002469,1.0861472,0.20882203,0.15440558,1.2139573,819.15753,810.293,821.978,780.4762,755.4945,-0.01031494140625,0.1292724609375,0.98504638671875,2.489776611328125,-3.54400634765625,0.5682373046875,1.0,1.0,1.0,1.0,1.0,95.0,event
12:10:24.853,0.14466546,0.3111665,-0.34118468,-0.19931385,0.2861018,0.28049707,-0.46138284,0.2642588,0.3823776,0.68506396,-0.1765099,0.2956977,0.7664772,0.32503033,0.18153758,0.8002469,1.0861472,0.20882203,0.15440558,1.2139573,804.2491,815.12823,821.978,799.81683,733.3333,-0.01031494140625,0.1292724609375,0.98504638671875,2.489776611328125,-3.54400634765625,0.5682373046875,1.0,1.0,1.0,1.0,1.0,95.0,event
12:10:24.853,0.14466546,0.3111665,-0.34118468,-0.19931385,0.2861018,0.28049707,-0.46138284,0.2642588,0.3823776,0.68506396,-0.1765099,0.2956977,0.7664772,0.32503033,0.18153758,0.8002469,1.0861472,0.20882203,0.15440558,1.2139573,799.81683,811.9048,816.337,809.4872,1120.5494,-0.01031494140625,0.1292724609375,0.98504638671875,2.489776611328125,-3.54400634765625,0.5682373046875,1.0,1.0,1.0,1.0,1.0,95.0,event
12:10:24.854,0.14466546,0.3111665,-0.34118468,-0.19931385,0.2861018,0.28049707,-0.46138284,0.2642588,0.3823776,0.68506396,-0.1765099,0.2956977,0.7664772,0.32503033,0.18153758,0.8002469,1.0861472,0.20882203,0.15440558,1.2139573,784.90845,818.3516,814.7253,792.96704,1019.011,-0.01031494140625,0.1292724609375,0.98504638671875,2.489776611328125,-3.54400634765625,0.5682373046875,1.0,1.0,1.0,1.0,1.0,95.0,event
12:10:24.855,0.14466546,0.3111665,-0.34118468,-0.19931385,0.2861018,0.28049707,-0.46138284,0.2642588,0.3823776,0.68506396,-0.1765099,0.2956977,0.7664772,0.32503033,0.18153758,0.8002469,1.0861472,0.20882203,0.15440558,1.2139573,761.53845,816.7399,810.293,778.46155,700.696,-0.01031494140625,0.1292724609375,0.98504638671875,2.489776611328125,-3.54400634765625,0.5682373046875,1.0,1.0,1.0,1.0,1.0,95.0,event
12:10:24.880,0.14466546,0.3111665,-0.34118468,-0.19931385,0.2861018,0.28049707,-0.46138284,0.2642588,0.3823776,0.68506396,-0.1765099,0.2956977,0.7664772,0.32503033,0.18153758,0.8002469,1.0861472,0.20882203,0.15440558,1.2139573,765.16486,817.5458,815.5311,772.8205,728.0952,-0.006103515625,0.12786865234375,0.9818115234375,2.213134765625,-4.05242919921875,0.022430419921875,1.0,1.0,1.0,1.0,1.0,95.0,event
12:10:24.882,0.14466546,0.3111665,-0.34118468,-0.19931385,0.2861018,0.28049707,-0.46138284,0.2642588,0.3823776,0.68506396,-0.1765099,0.2956977,0.7664772,0.32503033,0.18153758,0.8002469,1.0861472,0.20882203,0.15440558,1.2139573,742.1978,810.293,813.1135,748.24176,693.44324,-0.006103515625,0.12786865234375,0.9818115234375,2.213134765625,-4.05242919921875,0.022430419921875,1.0,1.0,1.0,1.0,1.0,95.0,event
12:10:24.882,0.14466546,0.3111665,-0.34118468,-0.19931385,0.2861018,0.28049707,-0.46138284,0.2642588,0.3823776,0.68506396,-0.1765099,0.2956977,0.7664772,0.32503033,0.18153758,0.8002469,1.0861472,0.20882203,0.15440558,1.2139573,761.9414,816.337,824.3956,757.1062,725.2747,-0.006103515625,0.12786865234375,0.9818115234375,2.213134765625,-4.05242919921875,0.022430419921875,1.0,1.0,1.0,1.0,1.0,95.0,event
12:10:24.883,0.14466546,0.3111665,-0.34118468,-0.19931385,0.2861018,0.28049707,-0.46138284,0.2642588,0.3823776,0.68506396,-0.1765099,0.2956977,0.7664772,0.32503033,0.18153758,0.8002469,1.0861472,0.20882203,0.15440558,1.2139573,716.4103,804.65204,813.5165,731.31866,655.56775,-0.006103515625,0.12786865234375,0.9818115234375,2.213134765625,-4.05242919921875,0.022430419921875,1.0,1.0,1.0,1.0,1.0,95.0,event
12:10:24.884,0.14466546,0.3111665,-0.34118468,-0.19931385,0.2861018,0.28049707,-0.46138284,0.2642588,0.3823776,0.68506396,-0.1765099,0.2956977,0.7664772,0.32503033,0.18153758,0.8002469,1.0861472,0.20882203,0.15440558,1.2139573,714.3956,816.337,826.8132,695.05493,694.65204,-0.006103515625,0.12786865234375,0.9818115234375,2.213134765625,-4.05242919921875,0.022430419921875,1.0,1.0,1.0,1.0,1.0,95.0,event
12:10:24.884,0.14466546,0.3111665,-0.34118468,-0.19931385,0.2861018,0.28049707,-0.46138284,0.2642588,0.3823776,0.68506396,-0.1765099,0.2956977,0.7664772,0.32503033,0.18153758,0.8002469,1.0861472,0.20882203,0.15440558,1.2139573,666.8498,834.0659,836.4835,666.04395,805.4579,-0.006103515625,0.12786865234375,0.9818115234375,2.213134765625,-4.05242919921875,0.022430419921875,1.0,1.0,1.0,1.0,1.0,95.0,event
12:10:24.885,0.14466546,0.3111665,-0.34118468,-0.19931385,0.2861018,0.28049707,-0.46138284,0.2642588,0.3823776,0.68506396,-0.1765099,0.2956977,0.7664772,0.32503033,0.18153758,0.8002469,1.0861472,0.20882203,0.15440558,1.2139573,594.7253,834.0659,832.0513,626.9597,905.38464,-0.006103515625,0.12786865234375,0.9818115234375,2.213134765625,-4.05242919921875,0.022430419921875,1.0,1.0,1.0,1.0,1.0,95.0,event
12:10:24.886,0.14466546,0.3111665,-0.34118468,-0.19931385,0.2861018,0.28049707,-0.46138284,0.2642588,0.3823776,0.68506396,-0.1765099,0.2956977,0.7664772,0.32503033,0.18153758,0.8002469,1.0861472,0.20882203,0.15440558,1.2139573,558.46155,829.2308,837.28937,583.0403,795.38464,-0.006103515625,0.12786865234375,0.9818115234375,2.213134765625,-4.05242919921875,0.022430419921875,1.0,1.0,1.0,1.0,1.0,95.0,event
12:10:24.886,0.14466546,0.3111665,-0.34118468,-0.19931385,0.2861018,0.28049707,-0.46138284,0.2642588,0.3823776,0.68506396,-0.1765099,0.2956977,0.7664772,0.32503033,0.18153758,0.8002469,1.0861472,0.20882203,0.15440558,1.2139573,530.65936,834.4689,855.0183,556.8498,924.7253,-0.006103515625,0.12786865234375,0.9818115234375,2.213134765625,-4.05242919921875,0.022430419921875,1.0,1.0,1.0,1.0,1.0,95.0,event
12:10:24.888,0.14466546,0.3111665,-0.34118468,-0.19931385,0.2861018,0.28049707,-0.46138284,0.2642588,0.3823776,0.68506396,-0.1765099,0.2956977,0.7664772,0.32503033,0.18153758,0.8002469,1.0861472,0.20882203,0.15440558,1.2139573,487.94873,850.989,854.21246,512.9304,1025.0549,-0.006103515625,0.12786865234375,0.9818115234375,2.213134765625,-4.05242919921875,0.022430419921875,1.0,1.0,1.0,1.0,1.0,95.0,event
12:10:24.889,0.14466546,0.3111665,-0.34118468,-0.19931385,0.2861018,0.28049707,-0.46138284,0.2642588,0.3823776,0.68506396,-0.1765099,0.2956977,0.7664772,0.32503033,0.18153758,0.8002469,1.0861472,0.20882203,0.15440558,1.2139573,479.08426,843.3333,858.24176,489.56042,772.01465,-0.006103515625,0.12786865234375,0.9818115234375,2.213134765625,-4.05242919921875,0.022430419921875,1.0,1.0,1.0,1.0,1.0,95.0,event
12:10:24.890,0.14466546,0.3111665,-0.34118468,-0.19931385,0.2861018,0.28049707,-0.46138284,0.2642588,0.3823776,0.68506396,-0.1765099,0.2956977,0.7664772,0.32503033,0.18153758,0.8002469,1.0861472,0.20882203,0.15440558,1.2139573,481.0989,859.45056,863.47986,474.652,795.38464,-0.006103515625,0.12786865234375,0.9818115234375,2.213134765625,-4.05242919921875,0.022430419921875,1.0,1.0,1.0,1.0,1.0,95.0,event
12:10:24.916,0.14466546,0.3111665,-0.34118468,-0.19931385,0.2861018,0.28049707,-0.46138284,0.2642588,0.3823776,0.68506396,-0.1765099,0.2956977,0.7664772,0.32503033,0.18153758,0.8002469,1.0861472,0.20882203,0.15440558,1.2139573,455.7143,866.7033,859.85345,456.92307,904.57874,-0.00390625,0.12774658203125,0.9764404296875,2.370147705078125,-3.521575927734375,0.321502685546875,1.0,1.0,1.0,1.0,1.0,95.0,event
12:10:24.918,0.14466546,0.2694617,-0.31743878,-0.19931385,0.2861018,0.1815532,-0.47094718,0.2642588,0.3823776,0.6839756,-0.1629165,0.2956977,0.7664772,0.29602295,0.18788072,0.8002469,1.0861472,0.20581236,0.13469413,1.2139573,457.32602,858.6447,871.9414,477.47253,817.9487,-0.00390625,0.12774658203125,0.9764404296875,2.370147705078125,-3.521575927734375,0.321502685546875,1.0,1.0,1.0,1.0,1.0,95.0,event
12:10:24.922,0.14466546,0.2694617,-0.31743878,-0.19931385,0.2861018,0.1815532,-0.47094718,0.2642588,0.3823776,0.6839756,-0.1629165,0.2956977,0.7664772,0.29602295,0.18788072,0.8002469,1.0861472,0.20581236,0.13469413,1.2139573,453.2967,853.8095,869.12085,468.60806,734.1392,-0.00390625,0.12774658203125,0.9764404296875,2.370147705078125,-3.521575927734375,0.321502685546875,1.0,1.0,1.0,1.0,1.0,95.0,event
12:10:24.923,0.14466546,0.2694617,-0.31743878,-0.19931385,0.2861018,0.1815532,-0.47094718,0.2642588,0.3823776,0.6839756,-0.1629165,0.2956977,0.7664772,0.29602295,0.18788072,0.8002469,1.0861472,0.20581236,0.13469413,1.2139573,456.52014,847.3626,858.6447,481.50183,717.2161,-0.00390625,0.12774658203125,0.9764404296875,2.370147705078125,-3.521575927734375,0.321502685546875,1.0,1.0,1.0,1.0,1.0,95.0,event
12:10:24.924,0.14466546,0.2694617,-0.31743878,-0.19931385,0.2861018,0.1815532,-0.47094718,0.2642588,0.3823776,0.6839756,-0.1629165,0.2956977,0.7664772,0.29602295,0.18788072,0.8002469,1.0861472,0.20581236,0.13469413,1.2139573,491.17215,844.94507,850.989,512.9304,790.54944,-0.00390625,0.12774658203125,0.9764404296875,2.370147705078125,-3.521575927734375,0.321502685546875,1.0,1.0,1.0,1.0,1.0,95.0,event
12:10:24.924,0.14466546,0.2694617,-0.31743878,-0.19931385,0.2861018,0.1815532,-0.47094718,0.2642588,0.3823776,0.6839756,-0.1629165,0.2956977,0.7664772,0.29602295,0.18788072,0.8002469,1.0861472,0.20581236,0.13469413,1.2139573,508.49817,832.8571,850.18317,517.3626,796.99634,-0.00390625,0.12774658203125,0.9764404296875,2.370147705078125,-3.521575927734375,0.321502685546875,1.0,1.0,1.0,1.0,1.0,95.0,event
12:10:24.925,0.14466546,0.2694617,-0.31743878,-0.19931385,0.2861018,0.1815532,-0.47094718,0.2642588,0.3823776,0.6839756,-0.1629165,0.2956977,0.7664772,0.29602295,0.18788072,0.8002469,1.0861472,0.20581236,0.13469413,1.2139573,510.91574,822.7839,858.6447,538.315,844.5421,-0.00390625,0.12774658203125,0.9764404296875,2.370147705078125,-3.521575927734375,0.321502685546875,1.0,1.0,1.0,1.0,1.0,95.0,event
12:10:24.925,0.14466546,0.2694617,-0.31743878,-0.19931385,0.2861018,0.1815532,-0.47094718,0.2642588,0.3823776,0.6839756,-0.1629165,0.2956977,0.7664772,0.29602295,0.18788072,0.8002469,1.0861472,0.20581236,0.13469413,1.2139573,537.1062,819.15753,856.63007,572.5641,819.9634,-0.00390625,0.12774658203125,0.9764404296875,2.370147705078125,-3.521575927734375,0.321502685546875,1.0,1.0,1.0,1.0,1.0,95.0,event
12:10:24.926,0.14466546,0.2694617,-0.31743878,-0.19931385,0.2861018,0.1815532,-0.47094718,0.2642588,0.3823776,0.6839756,-0.1629165,0.2956977,0.7664772,0.29602295,0.18788072,0.8002469,1.0861472,0.20581236,0.13469413,1.2139573,581.8315,819.15753,856.2271,598.7546,956.55676,-0.00390625,0.12774658203125,0.9764404296875,2.370147705078125,-3.521575927734375,0.321502685546875,1.0,1.0,1.0,1.0,1.0,95.0,event
12:10:24.927,0.14466546,0.2694617,-0.31743878,-0.19931385,0.2861018,0.1815532,-0.47094718,0.2642588,0.3823776,0.6839756,-0.1629165,0.2956977,0.7664772,0.29602295,0.18788072,0.8002469,1.0861472,0.20581236,0.13469413,1.2139573,642.674,819.5604,855.82416,609.6337,845.34796,-0.00390625,0.12774658203125,0.9764404296875,2.370147705078125,-3.521575927734375,0.321502685546875,1.0,1.0,1.0,1.0,1.0,95.0,event
12:10:24.927,0.14466546,0.2694617,-0.31743878,-0.19931385,0.2861018,0.1815532,-0.47094718,0.2642588,0.3823776,0.6839756,-0.1629165,0.2956977,0.7664772,0.29602295,0.18788072,0.8002469,1.0861472,0.20581236,0.13469413,1.2139573,639.45056,817.9487,844.1392,634.21246,668.0586,-0.00390625,0.12774658203125,0.9764404296875,2.370147705078125,-3.521575927734375,0.321502685546875,1.0,1.0,1.0,1.0,1.0,95.0,event
12:10:24.928,0.14466546,0.2694617,-0.31743878,-0.19931385,0.2861018,0.1815532,-0.47094718,0.2642588,0.3823776,0.6839756,-0.1629165,0.2956977,0.7664772,0.29602295,0.18788072,0.8002469,1.0861472,0.20581236,0.13469413,1.2139573,633.00366,809.89014,834.87177,660.0,806.6667,-0.00390625,0.12774658203125,0.9764404296875,2.370147705078125,-3.521575927734375,0.321502685546875,1.0,1.0,1.0,1.0,1.0,95.0,event
12:10:24.966,0.14466546,0.2694617,-0.31743878,-0.19931385,0.2861018,0.1815532,-0.47094718,0.2642588,0.3823776,0.6839756,-0.1629165,0.2956977,0.7664772,0.29602295,0.18788072,0.8002469,1.0861472,0.20581236,0.13469413,1.2139573,662.01465,789.34064,822.7839,682.96704,802.23444,-0.00390625,0.12774658203125,0.9764404296875,2.370147705078125,-3.521575927734375,0.321502685546875,1.0,1.0,1.0,1.0,1.0,95.0,event
12:10:24.968,0.14466546,0.2694617,-0.31743878,-0.19931385,0.2861018,0.1815532,-0.47094718,0.2642588,0.3823776,0.6839756,-0.1629165,0.2956977,0.7664772,0.29602295,0.18788072,0.8002469,1.0861472,0.20581236,0.13469413,1.2139573,684.17584,801.8315,815.9341,706.7399,740.989,-0.00390625,0.12774658203125,0.9764404296875,2.370147705078125,-3.521575927734375,0.321502685546875,1.0,1.0,1.0,1.0,1.0,95.0,event
12:10:24.969,0.14466546,0.2694617,-0.31743878,-0.19931385,0.2861018,0.1815532,-0.47094718,0.2642588,0.3823776,0.6839756,-0.1629165,0.2956977,0.7664772,0.29602295,0.18788072,0.8002469,1.0861472,0.20581236,0.13469413,1.2139573,718.8278,811.0989,815.12823,736.1539,723.663,-0.00390625,0.12774658203125,0.9764404296875,2.370147705078125,-3.521575927734375,0.321502685546875,1.0,1.0,1.0,1.0,1.0,95.0,event
12:10:24.969,0.14466546,0.2694617,-0.31743878,-0.19931385,0.2861018,0.1815532,-0.47094718,0.2642588,0.3823776,0.6839756,-0.1629165,0.2956977,0.7664772,0.29602295,0.18788072,0.8002469,1.0861472,0.20581236,0.13469413,1.2139573,742.1978,802.6374,801.4286,772.8205,840.9158,-0.00390625,0.12774658203125,0.9764404296875,2.370147705078125,-3.521575927734375,0.321502685546875,1.0,1.0,1.0,1.0,1.0,95.0,event
12:10:24.970,0.14466546,0.2694617,-0.31743878,-0.19931385,0.2861018,0.1815532,-0.47094718,0.2642588,0.3823776,0.6839756,-0.1629165,0.2956977,0.7664772,0.29602295,0.18788072,0.8002469,1.0861472,0.20581236,0.13469413,1.2139573,767.98535,800.2198,799.011,774.43225,824.3956,-0.00390625,0.12774658203125,0.9764404296875,2.370147705078125,-3.521575927734375,0.321502685546875,1.0,1.0,1.0,1.0,1.0,95.0,event
12:10:24.970,0.14466546,0.2694617,-0.31743878,-0.19931385,0.2861018,0.1815532,-0.47094718,0.2642588,0.3823776,0.6839756,-0.1629165,0.2956977,0.7664772,0.29602295,0.18788072,0.8002469,1.0861472,0.20581236,0.13469413,1.2139573,821.978,798.20514,794.57874,785.31134,799.41394,-0.00390625,0.12774658203125,0.9764404296875,2.370147705078125,-3.521575927734375,0.321502685546875,1.0,1.0,1.0,1.0,1.0,95.0,event
12:10:24.971,0.14466546,0.2694617,-0.31743878,-0.19931385,0.2861018,0.1815532,-0.47094718,0.2642588,0.3823776,0.6839756,-0.1629165,0.2956977,0.7664772,0.29602295,0.18788072,0.8002469,1.0861472,0.20581236,0.13469413,1.2139573,840.10986,796.99634,780.87915,821.1722,831.6484,-0.00390625,0.12774658203125,0.9764404296875,2.370147705078125,-3.521575927734375,0.321502685546875,1.0,1.0,1.0,1.0,1.0,95.0,event
12:10:24.972,0.14466546,0.2694617,-0.31743878,-0.19931385,0.2861018,0.1815532,-0.47094718,0.2642588,0.3823776,0.6839756,-0.1629165,0.2956977,0.7664772,0.29602295,0.18788072,0.8002469,1.0861472,0.20581236,0.13469413,1.2139573,830.84247,791.75824,784.10254,809.4872,882.4176,-0.00390625,0.12774658203125,0.9764404296875,2.370147705078125,-3.521575927734375,0.321502685546875,1.0,1.0,1.0,1.0,1.0,95.0,event
12:10:24.972,0.14466546,0.2694617,-0.31743878,-0.19931385,0.2861018,0.1815532,-0.47094718,0.2642588,0.3823776,0.6839756,-0.1629165,0.2956977,0.7664772,0.29602295,0.18788072,0.8002469,1.0861472,0.20581236,0.13469413,1.2139573,861.4652,791.3553,785.7143,820.3663,1004.10254,-0.00390625,0.12774658203125,0.9764404296875,2.370147705078125,-3.521575927734375,0.321502685546875,1.0,1.0,1.0,1.0,1.0,95.0,event
12:10:24.973,0.14466546,0.2694617,-0.31743878,-0.19931385,0.2861018,0.1815532,-0.47094718,0.2642588,0.3823776,0.6839756,-0.1629165,0.2956977,0.7664772,0.29602295,0.18788072,0.8002469,1.0861472,0.20581236,0.13469413,1.2139573,863.47986,788.1319,786.1172,841.7216,833.2601,-0.00390625,0.12774658203125,0.9764404296875,2.370147705078125,-3.521575927734375,0.321502685546875,1.0,1.0,1.0,1.0,1.0,95.0,event
12:10:24.974,0.14466546,0.2694617,-0.31743878,-0.19931385,0.2861018,0.1815532,-0.47094718,0.2642588,0.3823776,0.6839756,-0.1629165,0.2956977,0.7664772,0.29602295,0.18788072,0.8002469,1.0861472,0.20581236,0.13469413,1.2139573,860.65936,787.326,792.1612,894.10254,763.1502,-0.00390625,0.12774658203125,0.9764404296875,2.370147705078125,-3.521575927734375,0.321502685546875,1.0,1.0,1.0,1.0,1.0,95.0,event
12:10:24.974,0.14466546,0.2694617,-0.31743878,-0.19931385,0.2861018,0.1815532,-0.47094718,0.2642588,0.3823776,0.6839756,-0.1629165,0.2956977,0.7664772,0.29602295,0.18788072,0.8002469,1.0861472,0.20581236,0.13469413,1.2139573,853.4066,784.10254,791.3553,867.50916,713.9927,-0.00390625,0.12774658203125,0.9764404296875,2.370147705078125,-3.521575927734375,0.321502685546875,1.0,1.0,1.0,1.0,1.0,95.0,event
12:10:25.013,0.14466546,0.2694617,-0.31743878,-0.19931385,0.2861018,0.1815532,-0.47094718,0.2642588,0.3823776,0.6839756,-0.1629165,0.2956977,0.7664772,0.29602295,0.18788072,0.8002469,1.0861472,0.20581236,0.13469413,1.2139573,887.6557,792.1612,774.83514,891.28204,731.7216,-0.0130615234375,0.1243896484375,0.9788818359375,2.03369140625,-3.3795166015625,0.59814453125,1.0,1.0,1.0,1.0,1.0,95.0,event
12:10:25.014,0.14466546,0.2694617,-0.31743878,-0.19931385,0.2861018,0.1815532,-0.47094718,0.2642588,0.3823776,0.6839756,-0.1629165,0.2956977,0.7664772,0.29602295,0.18788072,0.8002469,1.0861472,0.20581236,0.13469413,1.2139573,907.3993,793.36993,767.5824,897.326,641.4652,-0.0130615234375,0.1243896484375,0.9788818359375,2.03369140625,-3.3795166015625,0.59814453125,1.0,1.0,1.0,1.0,1.0,95.0,event
12:10:25.015,0.14466546,0.2694617,-0.31743878,-0.19931385,0.2861018,0.1815532,-0.47094718,0.2642588,0.3823776,0.6839756,-0.1629165,0.2956977,0.7664772,0.29602295,0.18788072,0.8002469,1.0861472,0.20581236,0.13469413,1.2139573,910.2198,790.14655,774.43225,916.26373,716.0073,-0.0130615234375,0.1243896484375,0.9788818359375,2.03369140625,-3.3795166015625,0.59814453125,1.0,1.0,1.0,1.0,1.0,95.0,event
12:10:25.015,0.14466546,0.20900986,-0.31743878,-0.19931385,0.2861018,0.027911436,-0.47094718,0.2642588,0.3823776,0.65075386,-0.1629165,0.2956977,0.7664772,0.26750293,0.18788072,0.8002469,1.0861472,0.20252338,0.13469413,1.2139573,907.3993,776.4469,782.49084,932.381,778.46155,-0.0130615234375,0.1243896484375,0.9788818359375,2.03369140625,-3.3795166015625,0.59814453125,1.0,1.0,1.0,1.0,1.0,95.0,event
12:10:25.020,0.14466546,0.20900986,-0.31743878,-0.19931385,0.2861018,0.027911436,-0.47094718,0.2642588,0.3823776,0.65075386,-0.1629165,0.2956977,0.7664772,0.26750293,0.18788072,0.8002469,1.0861472,0.20252338,0.13469413,1.2139573,903.7729,782.49084,784.10254,938.8278,720.4396,-0.0130615234375,0.1243896484375,0.9788818359375,2.03369140625,-3.3795166015625,0.59814453125,1.0,1.0,1.0,1.0,1.0,95.0,event
12:10:25.020,0.14466546,0.20900986,-0.31743878,-0.19931385,0.2861018,0.027911436,-0.47094718,0.2642588,0.3823776,0.65075386,-0.1629165,0.2956977,0.7664772,0.26750293,0.18788072,0.8002469,1.0861472,0.20252338,0.13469413,1.2139573,908.20514,786.9231,778.0586,917.0696,778.0586,-0.0130615234375,0.1243896484375,0.9788818359375,2.03369140625,-3.3795166015625,0.59814453125,1.0,1.0,1.0,1.0,1.0,95.0,event
12:10:25.021,0.14466546,0.20900986,-0.31743878,-0.19931385,0.2861018,0.027911436,-0.47094718,0.2642588,0.3823776,0.65075386,-0.1629165,0.2956977,0.7664772,0.26750293,0.18788072,0.8002469,1.0861472,0.20252338,0.13469413,1.2139573,915.05493,780.4762,779.2674,915.8608,859.45056,-0.0130615234375,0.1243896484375,0.9788818359375,2.03369140625,-3.3795166015625,0.59814453125,1.0,1.0,1.0,1.0,1.0,95.0,event
12:10:25.022,0.14466546,0.20900986,-0.31743878,-0.19931385,0.2861018,0.027911436,-0.47094718,0.2642588,0.3823776,0.65075386,-0.1629165,0.2956977,0.7664772,0.26750293,0.18788072,0.8002469,1.0861472,0.20252338,0.13469413,1.2139573,914.2491,793.7729,784.5055,903.36993,974.68866,-0.0130615234375,0.1243896484375,0.9788818359375,2.03369140625,-3.3795166015625,0.59814453125,1.0,1.0,1.0,1.0,1.0,95.0,event
12:10:25.022,0.14466546,0.20900986,-0.31743878,-0.19931385,0.2861018,0.027911436,-0.47094718,0.2642588,0.3823776,0.65075386,-0.1629165,0.2956977,0.7664772,0.26750293,0.18788072,0.8002469,1.0861472,0.20252338,0.13469413,1.2139573,923.1135,794.17584,782.49084,921.9048,1077.033,-0.0130615234375,0.1243896484375,0.9788818359375,2.03369140625,-3.3795166015625,0.59814453125,1.0,1.0,1.0,1.0,1.0,95.0,event
12:10:25.023,0.14466546,0.20900986,-0.31743878,-0.19931385,0.2861018,0.027911436,-0.47094718,0.2642588,0.3823776,0.65075386,-0.1629165,0.2956977,0.7664772,0.26750293,0.18788072,0.8002469,1.0861472,0.20252338,0.13469413,1.2139573,937.2161,801.02563,774.0293,931.1722,693.44324,-0.0130615234375,0.1243896484375,0.9788818359375,2.03369140625,-3.3795166015625,0.59814453125,1.0,1.0,1.0,1.0,1.0,95.0,event
12:10:25.023,0.14466546,0.20900986,-0.31743878,-0.19931385,0.2861018,0.027911436,-0.47094718,0.2642588,0.3823776,0.65075386,-0.1629165,0.2956977,0.7664772,0.26750293,0.18788072,0.8002469,1.0861472,0.20252338,0.13469413,1.2139573,923.91943,792.1612,771.6117,911.02563,686.5934,-0.0130615234375,0.1243896484375,0.9788818359375,2.03369140625,-3.3795166015625,0.59814453125,1.0,1.0,1.0,1.0,1.0,95.0,event
12:10:25.024,0.14466546,0.20900986,-0.31743878,-0.19931385,0.2861018,0.027911436,-0.47094718,0.2642588,0.3823776,0.65075386,-0.1629165,0.2956977,0.7664772,0.26750293,0.18788072,0.8002469,1.0861472,0.20252338,0.13469413,1.2139573,914.2491,797.8022,786.1172,922.71063,671.28204,-0.0130615234375,0.1243896484375,0.9788818359375,2.03369140625,-3.3795166015625,0.59814453125,1.0,1.0,1.0,1.0,1.0,95.0,event
12:10:25.049,0.14466546,0.20900986,-0.31743878,-0.19931385,0.2861018,0.027911436,-0.47094718,0.2642588,0.3823776,0.65075386,-0.1629165,0.2956977,0.7664772,0.26750293,0.18788072,0.8002469,1.0861472,0.20252338,0.13469413,1.2139573,894.10254,796.5934,784.90845,931.1722,690.2198,-0.0128173828125,0.120361328125,0.9814453125,1.353302001953125,-3.955230712890625,-0.171966552734375,1.0,1.0,1.0,1.0,1.0,95.0,event
12:10:25.049,0.14466546,0.20900986,-0.31743878,-0.19931385,0.2861018,0.027911436,-0.47094718,0.2642588,0.3823776,0.65075386,-0.1629165,0.2956977,0.7664772,0.26750293,0.18788072,0.8002469,1.0861472,0.20252338,0.13469413,1.2139573,903.36993,797.8022,778.46155,948.0952,754.2857,-0.0128173828125,0.120361328125,0.9814453125,1.353302001953125,-3.955230712890625,-0.171966552734375,1.0,1.0,1.0,1.0,1.0,95.0,event
12:10:25.050,0.14466546,0.20900986,-0.31743878,-0.19931385,0.2861018,0.027911436,-0.47094718,0.2642588,0.3823776,0.65075386,-0.1629165,0.2956977,0.7664772,0.26750293,0.18788072,0.8002469,1.0861472,0.20252338,0.13469413,1.2139573,903.7729,794.57874,775.2381,933.1868,782.0879,-0.0128173828125,0.120361328125,0.9814453125,1.353302001953125,-3.955230712890625,-0.171966552734375,1.0,1.0,1.0,1.0,1.0,95.0,event
12:10:25.051,0.14466546,0.20900986,-0.31743878,-0.19931385,0.2861018,0.027911436,-0.47094718,0.2642588,0.3823776,0.65075386,-0.1629165,0.2956977,0.7664772,0.26750293,0.18788072,0.8002469,1.0861472,0.20252338,0.13469413,1.2139573,900.9524,792.96704,776.4469,890.4762,738.5714,-0.0128173828125,0.120361328125,0.9814453125,1.353302001953125,-3.955230712890625,-0.171966552734375,1.0,1.0,1.0,1.0,1.0,95.0,event
12:10:25.051,0.14466546,0.20900986,-0.31743878,-0.19931385,0.2861018,0.027911436,-0.47094718,0.2642588,0.3823776,0.65075386,-0.1629165,0.2956977,0.7664772,0.26750293,0.18788072,0.8002469,1.0861472,0.20252338,0.13469413,1.2139573,906.1905,794.17584,771.6117,890.87915,676.1172,-0.0128173828125,0.120361328125,0.9814453125,1.353302001953125,-3.955230712890625,-0.171966552734375,1.0,1.0,1.0,1.0,1.0,95.0,event
12:10:25.052,0.14466546,0.20900986,-0.31743878,-0.19931385,0.2861018,0.027911436,-0.47094718,0.2642588,0.3823776,0.65075386,-0.1629165,0.2956977,0.7664772,0.26750293,0.18788072,0.8002469,1.0861472,0.20252338,0.13469413,1.2139573,903.36993,796.1905,776.04395,919.4872,841.7216,-0.0128173828125,0.120361328125,0.9814453125,1.353302001953125,-3.955230712890625,-0.171966552734375,1.0,1.0,1.0,1.0,1.0,95.0,event
12:10:25.052,0.14466546,0.20900986,-0.31743878,-0.19931385,0.2861018,0.027911436,-0.47094718,0.2642588,0.3823776,0.65075386,-0.1629165,0.2956977,0.7664772,0.26750293,0.18788072,0.8002469,1.0861472,0.20252338,0.13469413,1.2139573,907.3993,799.81683,783.2967,907.8022,1042.381,-0.0128173828125,0.120361328125,0.9814453125,1.353302001953125,-3.955230712890625,-0.171966552734375,1.0,1.0,1.0,1.0,1.0,95.0,event
12:10:25.053,0.14466546,0.20900986,-0.31743878,-0.19931385,0.2861018,0.027911436,-0.47094718,0.2642588,0.3823776,0.65075386,-0.1629165,0.2956977,0.7664772,0.26750293,0.18788072,0.8002469,1.0861472,0.20252338,0.13469413,1.2139573,910.2198,799.81683,776.4469,895.31134,903.36993,-0.0128173828125,0.120361328125,0.9814453125,1.353302001953125,-3.955230712890625,-0.171966552734375,1.0,1.0,1.0,1.0,1.0,95.0,event
12:10:25.054,0.14466546,0.20900986,-0.31743878,-0.19931385,0.2861018,0.027911436,-0.47094718,0.2642588,0.3823776,0.65075386,-0.1629165,0.2956977,0.7664772,0.26750293,0.18788072,0.8002469,1.0861472,0.20252338,0.13469413,1.2139573,888.0586,800.6227,787.72894,915.4579,776.8498,-0.0128173828125,0.120361328125,0.9814453125,1.353302001953125,-3.955230712890625,-0.171966552734375,1.0,1.0,1.0,1.0,1.0,95.0,event
12:10:25.054,0.14466546,0.20900986,-0.31743878,-0.19931385,0.2861018,0.027911436,-0.47094718,0.2642588,0.3823776,0.65075386,-0.1629165,0.2956977,0.7664772,0.26750293,0.18788072,0.8002469,1.0861472,0.20252338,0.13469413,1.2139573,890.4762,802.6374,780.87915,902.1612,711.978,-0.0128173828125,0.120361328125,0.9814453125,1.353302001953125,-3.955230712890625,-0.171966552734375,1.0,1.0,1.0,1.0,1.0,95.0,event
12:10:25.055,0.14466546,0.20900986,-0.31743878,-0.19931385,0.2861018,0.027911436,-0.47094718,0.2642588,0.3823776,0.65075386,-0.1629165,0.2956977,0.7664772,0.26750293,0.18788072,0.8002469,1.0861472,0.20252338,0.13469413,1.2139573,900.9524,788.93774,783.2967,924.7253,1006.1172,-0.0128173828125,0.120361328125,0.9814453125,1.353302001953125,-3.955230712890625,-0.171966552734375,1.0,1.0,1.0,1.0,1.0,95.0,event
12:10:25.055,0.14466546,0.20900986,-0.31743878,-0.19931385,0.2861018,0.027911436,-0.47094718,0.2642588,0.3823776,0.65075386,-0.1629165,0.2956977,0.7664772,0.26750293,0.18788072,0.8002469,1.0861472,0.20252338,0.13469413,1.2139573,884.43225,794.57874,788.1319,918.68134,895.7143,-0.0128173828125,0.120361328125,0.9814453125,1.353302001953125,-3.955230712890625,-0.171966552734375,1.0,1.0,1.0,1.0,1.0,95.0,event
12:10:25.084,0.14466546,0.20900986,-0.31743878,-0.19931385,0.2861018,0.027911436,-0.47094718,0.2642588,0.3823776,0.65075386,-0.1629165,0.2956977,0.7664772,0.26750293,0.18788072,0.8002469,1.0861472,0.20252338,0.13469413,1.2139573,866.7033,805.05493,792.96704,891.28204,660.80585,-0.00213623046875,0.12310791015625,0.9822998046875,2.03369140625,-4.044952392578125,0.2691650390625,1.0,1.0,1.0,1.0,1.0,95.0,event
12:10:25.085,0.14466546,0.20900986,-0.31743878,-0.19931385,0.2861018,0.027911436,-0.47094718,0.2642588,0.3823776,0.65075386,-0.1629165,0.2956977,0.7664772,0.26750293,0.18788072,0.8002469,1.0861472,0.20252338,0.13469413,1.2139573,882.4176,804.2491,777.6557,873.1502,657.5824,-0.00213623046875,0.12310791015625,0.9822998046875,2.03369140625,-4.044952392578125,0.2691650390625,1.0,1.0,1.0,1.0,1.0,95.0,event
12:10:25.086,0.14466546,0.20900986,-0.31743878,-0.19931385,0.2861018,0.027911436,-0.47094718,0.2642588,0.3823776,0.65075386,-0.1629165,0.2956977,0.7664772,0.26750293,0.18788072,0.8002469,1.0861472,0.20252338,0.13469413,1.2139573,880.0,801.8315,771.6117,886.04395,822.7839,-0.00213623046875,0.12310791015625,0.9822998046875,2.03369140625,-4.044952392578125,0.2691650390625,1.0,1.0,1.0,1.0,1.0,95.0,event
12:10:25.086,0.14466546,0.20900986,-0.31743878,-0.19931385,0.2861018,0.027911436,-0.47094718,0.2642588,0.3823776,0.65075386,-0.1629165,0.2956977,0.7664772,0.26750293,0.18788072,0.8002469,1.0861472,0.20252338,0.13469413,1.2139573,872.74725,797.8022,786.1172,912.6374,758.315,-0.00213623046875,0.12310791015625,0.9822998046875,2.03369140625,-4.044952392578125,0.2691650390625,1.0,1.0,1.0,1.0,1.0,95.0,event
12:10:25.087,0.14466546,0.20900986,-0.31743878,-0.19931385,0.2861018,0.027911436,-0.47094718,0.2642588,0.3823776,0.65075386,-0.1629165,0.2956977,0.7664772,0.26750293,0.18788072,0.8002469,1.0861472,0.20252338,0.13469413,1.2139573,877.98535,796.1905,796.5934,899.7436,591.9048,-0.00213623046875,0.12310791015625,0.9822998046875,2.03369140625,-4.044952392578125,0.2691650390625,1.0,1.0,1.0,1.0,1.0,95.0,event
12:10:25.088,0.14466546,0.18848291,-0.31743878,-0.19931385,0.2861018,-0.070856765,-0.47094718,0.2642588,0.3823776,0.4921124,-0.1629165,0.2956977,0.7664772,0.2514899,0.18788072,0.8002469,1.0861472,0.20057513,0.13469413,1.2139573,885.2381,799.81683,795.38464,872.3443,762.3443,-0.00213623046875,0.12310791015625,0.9822998046875,2.03369140625,-4.044952392578125,0.2691650390625,1.0,1.0,1.0,1.0,1.0,95.0,event
12:10:25.091,,,,,,,,,,,,,,,,,,,,,,,,,,,,,,,,,,,,,,blink
12:10:25.093,0.14466546,0.18848291,-0.31743878,-0.19931385,0.2861018,-0.070856765,-0.47094718,0.2642588,0.3823776,0.4921124,-0.1629165,0.2956977,0.7664772,0.2514899,0.18788072,0.8002469,1.0861472,0.20057513,0.13469413,1.2139573,859.45056,801.02563,798.20514,861.4652,890.87915,-0.00213623046875,0.12310791015625,0.9822998046875,2.03369140625,-4.044952392578125,0.2691650390625,1.0,1.0,1.0,1.0,1.0,95.0,event
12:10:25.093,0.14466546,0.18848291,-0.31743878,-0.19931385,0.2861018,-0.070856765,-0.47094718,0.2642588,0.3823776,0.4921124,-0.1629165,0.2956977,0.7664772,0.2514899,0.18788072,0.8002469,1.0861472,0.20057513,0.13469413,1.2139573,872.3443,800.2198,797.3993,861.06226,1064.1392,-0.00213623046875,0.12310791015625,0.9822998046875,2.03369140625,-4.044952392578125,0.2691650390625,1.0,1.0,1.0,1.0,1.0,95.0,event
12:10:25.094,0.14466546,0.18848291,-0.31743878,-0.19931385,0.2861018,-0.070856765,-0.47094718,0.2642588,0.3823776,0.4921124,-0.1629165,0.2956977,0.7664772,0.2514899,0.18788072,0.8002469,1.0861472,0.20057513,0.13469413,1.2139573,845.7509,804.65204,792.96704,870.32965,703.1135,-0.00213623046875,0.12310791015625,0.9822998046875,2.03369140625,-4.044952392578125,0.2691650390625,1.0,1.0,1.0,1.0,1.0,95.0,event
12:10:25.095,0.14466546,0.18848291,-0.31743878,-0.19931385,0.2861018,-0.070856765,-0.47094718,0.2642588,0.3823776,0.4921124,-0.1629165,0.2956977,0.7664772,0.2514899,0.18788072,0.8002469,1.0861472,0.20057513,0.13469413,1.2139573,832.0513,803.8461,796.99634,867.1062,826.4103,-0.00213623046875,0.12310791015625,0.9822998046875,2.03369140625,-4.044952392578125,0.2691650390625,1.0,1.0,1.0,1.0,1.0,95.0,event
12:10:25.095,0.14466546,0.18848291,-0.31743878,-0.19931385,0.2861018,-0.070856765,-0.47094718,0.2642588,0.3823776,0.4921124,-0.1629165,0.2956977,0.7664772,0.2514899,0.18788072,0.8002469,1.0861472,0.20057513,0.13469413,1.2139573,851.79486,804.2491,801.8315,873.95605,850.989,-0.00213623046875,0.12310791015625,0.9822998046875,2.03369140625,-4.044952392578125,0.2691650390625,1.0,1.0,1.0,1.0,1.0,95.0,event
12:10:25.096,0.14466546,0.18848291,-0.31743878,-0.19931385,0.2861018,-0.070856765,-0.47094718,0.2642588,0.3823776,0.4921124,-0.1629165,0.2956977,0.7664772,0.2514899,0.18788072,0.8002469,1.0861472,0.20057513,0.13469413,1.2139573,859.0476,804.65204,794.57874,856.2271,747.8388,-0.00213623046875,0.12310791015625,0.9822998046875,2.03369140625,-4.044952392578125,0.2691650390625,1.0,1.0,1.0,1.0,1.0,95.0,event
12:10:25.124,0.14466546,0.18848291,-0.31743878,-0.19931385,0.2861018,-0.070856765,-0.47094718,0.2642588,0.3823776,0.4921124,-0.1629165,0.2956977,0.7664772,0.2514899,0.18788072,0.8002469,1.0861472,0.20057513,0.13469413,1.2139573,859.85345,801.4286,782.8938,844.1392,726.8865,-0.00469970703125,0.12567138671875,0.98077392578125,1.9439697265625,-4.1571044921875,-0.10467529296875,1.0,1.0,1.0,1.0,1.0,95.0,event
12:10:25.125,0.14466546,0.18848291,-0.31743878,-0.19931385,0.2861018,-0.070856765,-0.47094718,0.2642588,0.3823776,0.4921124,-0.1629165,0.2956977,0.7664772,0.2514899,0.18788072,0.8002469,1.0861472,0.20057513,0.13469413,1.2139573,855.82416,799.41394,784.90845,849.3773,816.7399,-0.00469970703125,0.12567138671875,0.98077392578125,1.9439697265625,-4.1571044921875,-0.10467529296875,1.0,1.0,1.0,1.0,1.0,95.0,event
12:10:25.126,0.14466546,0.18848291,-0.31743878,-0.19931385,0.2861018,-0.070856765,-0.47094718,0.2642588,0.3823776,0.4921124,-0.1629165,0.2956977,0.7664772,0.2514899,0.18788072,0.8002469,1.0861472,0.20057513,0.13469413,1.2139573,843.73627,803.44324,790.54944,866.30035,849.3773,-0.00469970703125,0.12567138671875,0.98077392578125,1.9439697265625,-4.1571044921875,-0.10467529296875,1.0,1.0,1.0,1.0,1.0,95.0,event
12:10:25.128,0.14466546,0.18848291,-0.31743878,-0.19931385,0.2861018,-0.070856765,-0.47094718,0.2642588,0.3823776,0.4921124,-0.1629165,0.2956977,0.7664772,0.2514899,0.18788072,0.8002469,1.0861472,0.20057513,0.13469413,1.2139573,846.9597,810.696,785.31134,867.9121,755.89746,-0.00469970703125,0.12567138671875,0.98077392578125,1.9439697265625,-4.1571044921875,-0.10467529296875,1.0,1.0,1.0,1.0,1.0,95.0,event
12:10:25.129,0.14466546,0.18848291,-0.31743878,-0.19931385,0.2861018,-0.070856765,-0.47094718,0.2642588,0.3823776,0.4921124,-0.1629165,0.2956977,0.7664772,0.2514899,0.18788072,0.8002469,1.0861472,0.20057513,0.13469413,1.2139573,847.3626,813.5165,789.34064,863.0769,759.12085,-0.00469970703125,0.12567138671875,0.98077392578125,1.9439697265625,-4.1571044921875,-0.10467529296875,1.0,1.0,1.0,1.0,1.0,95.0,event
12:10:25.130,0.14466546,0.18848291,-0.31743878,-0.19931385,0.2861018,-0.070856765,-0.47094718,0.2642588,0.3823776,0.4921124,-0.1629165,0.2956977,0.7664772,0.2514899,0.18788072,0.8002469,1.0861472,0.20057513,0.13469413,1.2139573,846.9597,803.8461,798.60803,837.6923,981.13556,-0.00469970703125,0.12567138671875,0.98077392578125,1.9439697265625,-4.1571044921875,-0.10467529296875,1.0,1.0,1.0,1.0,1.0,95.0,event
12:10:25.130,0.14466546,0.18848291,-0.31743878,-0.19931385,0.2861018,-0.070856765,-0.47094718,0.2642588,0.3823776,0.4921124,-0.1629165,0.2956977,0.7664772,0.2514899,0.18788072,0.8002469,1.0861472,0.20057513,0.13469413,1.2139573,839.707,805.8608,795.78754,846.1539,903.36993,-0.00469970703125,0.12567138671875,0.98077392578125,1.9439697265625,-4.1571044921875,-0.10467529296875,1.0,1.0,1.0,1.0,1.0,95.0,event
12:10:25.131,0.14466546,0.18848291,-0.31743878,-0.19931385,0.2861018,-0.070856765,-0.47094718,0.2642588,0.3823776,0.4921124,-0.1629165,0.2956977,0.7664772,0.2514899,0.18788072,0.8002469,1.0861472,0.20057513,0.13469413,1.2139573,843.73627,805.05493,805.8608,848.97437,943.663,-0.00469970703125,0.12567138671875,0.98077392578125,1.9439697265625,-4.1571044921875,-0.10467529296875,1.0,1.0,1.0,1.0,1.0,95.0,event
12:10:25.132,0.14466546,0.18848291,-0.31743878,-0.19931385,0.2861018,-0.070856765,-0.47094718,0.2642588,0.3823776,0.4921124,-0.1629165,0.2956977,0.7664772,0.2514899,0.18788072,0.8002469,1.0861472,0.20057513,0.13469413,1.2139573,832.4542,797.8022,808.2784,832.8571,855.0183,-0.00469970703125,0.12567138671875,0.98077392578125,1.9439697265625,-4.1571044921875,-0.10467529296875,1.0,1.0,1.0,1.0,1.0,95.0,event
12:10:25.132,0.14466546,0.18848291,-0.31743878,-0.19931385,0.2861018,-0.070856765,-0.47094718,0.2642588,0.3823776,0.4921124,-0.1629165,0.2956977,0.7664772,0.2514899,0.18788072,0.8002469,1.0861472,0.20057513,0.13469413,1.2139573,850.18317,801.02563,806.26373,816.337,1008.1319,-0.00469970703125,0.12567138671875,0.98077392578125,1.9439697265625,-4.1571044921875,-0.10467529296875,1.0,1.0,1.0,1.0,1.0,95.0,event
12:10:25.133,0.14466546,0.18848291,-0.31743878,-0.19931385,0.2861018,-0.070856765,-0.47094718,0.2642588,0.3823776,0.4921124,-0.1629165,0.2956977,0.7664772,0.2514899,0.18788072,0.8002469,1.0861472,0.20057513,0.13469413,1.2139573,844.1392,806.6667,800.2198,825.6044,1032.3077,-0.00469970703125,0.12567138671875,0.98077392578125,1.9439697265625,-4.1571044921875,-0.10467529296875,1.0,1.0,1.0,1.0,1.0,95.0,event
12:10:25.133,0.14466546,0.18848291,-0.31743878,-0.19931385,0.2861018,-0.070856765,-0.47094718,0.2642588,0.3823776,0.4921124,-0.1629165,0.2956977,0.7664772,0.2514899,0.18788072,0.8002469,1.0861472,0.20057513,0.13469413,1.2139573,814.3223,804.65204,794.57874,831.6484,731.7216,-0.00469970703125,0.12567138671875,0.98077392578125,1.9439697265625,-4.1571044921875,-0.10467529296875,1.0,1.0,1.0,1.0,1.0,95.0,event
12:10:25.218,0.14466546,0.18848291,-0.31743878,-0.19931385,0.2861018,-0.070856765,-0.47094718,0.2642588,0.3823776,0.4921124,-0.1629165,0.2956977,0.7664772,0.2514899,0.18788072,0.8002469,1.0861472,0.20057513,0.13469413,1.2139573,825.6044,805.05493,799.41394,840.10986,761.9414,-0.00469970703125,0.12567138671875,0.98077392578125,1.9439697265625,-4.1571044921875,-0.10467529296875,1.0,1.0,1.0,1.0,1.0,95.0,event
12:10:25.219,0.14466546,0.18848291,-0.31743878,-0.19931385,0.2861018,-0.070856765,-0.47094718,0.2642588,0.3823776,0.4921124,-0.1629165,0.2956977,0.7664772,0.2514899,0.18788072,0.8002469,1.0861472,0.20057513,0.13469413,1.2139573,836.8865,806.6667,805.4579,837.28937,843.3333,-0.00469970703125,0.12567138671875,0.98077392578125,1.9439697265625,-4.1571044921875,-0.10467529296875,1.0,1.0,1.0,1.0,1.0,95.0,event
12:10:25.220,0.14466546,0.18848291,-0.31743878,-0.19931385,0.2861018,-0.070856765,-0.47094718,0.2642588,0.3823776,0.4921124,-0.1629165,0.2956977,0.7664772,0.2514899,0.18788072,0.8002469,1.0861472,0.20057513,0.13469413,1.2139573,822.381,800.2198,799.41394,833.2601,729.707,-0.00469970703125,0.12567138671875,0.98077392578125,1.9439697265625,-4.1571044921875,-0.10467529296875,1.0,1.0,1.0,1.0,1.0,95.0,event
12:10:25.220,0.14466546,0.18848291,-0.31743878,-0.19931385,0.2861018,-0.070856765,-0.47094718,0.2642588,0.3823776,0.4921124,-0.1629165,0.2956977,0.7664772,0.2514899,0.18788072,0.8002469,1.0861472,0.20057513,0.13469413,1.2139573,807.47253,792.5641,799.41394,834.0659,701.50183,-0.00469970703125,0.12567138671875,0.98077392578125,1.9439697265625,-4.1571044921875,-0.10467529296875,1.0,1.0,1.0,1.0,1.0,95.0,event
12:10:25.221,0.14466546,0.18848291,-0.31743878,-0.19931385,0.2861018,-0.070856765,-0.47094718,0.2642588,0.3823776,0.4921124,-0.1629165,0.2956977,0.7664772,0.2514899,0.18788072,0.8002469,1.0861472,0.20057513,0.13469413,1.2139573,823.5897,797.3993,794.9817,821.978,862.27106,-0.00469970703125,0.12567138671875,0.98077392578125,1.9439697265625,-4.1571044921875,-0.10467529296875,1.0,1.0,1.0,1.0,1.0,95.0,event
12:10:25.222,0.14466546,0.18848291,-0.31743878,-0.19931385,0.2861018,-0.070856765,-0.47094718,0.2642588,0.3823776,0.4921124,-0.1629165,0.2956977,0.7664772,0.2514899,0.18788072,0.8002469,1.0861472,0.20057513,0.13469413,1.2139573,834.87177,800.6227,793.7729,835.2747,1135.4579,-0.00469970703125,0.12567138671875,0.98077392578125,1.9439697265625,-4.1571044921875,-0.10467529296875,1.0,1.0,1.0,1.0,1.0,95.0,event
12:10:25.222,0.14466546,0.18848291,-0.31743878,-0.19931385,0.2861018,-0.070856765,-0.47094718,0.2642588,0.3823776,0.4921124,-0.1629165,0.2956977,0.7664772,0.2514899,0.18788072,0.8002469,1.0861472,0.20057513,0.13469413,1.2139573,803.0403,794.17584,809.4872,818.3516,1038.3517,-0.00469970703125,0.12567138671875,0.98077392578125,1.9439697265625,-4.1571044921875,-0.10467529296875,1.0,1.0,1.0,1.0,1.0,95.0,event
12:10:25.223,0.14466546,0.31401643,-0.31743878,-0.19931385,0.2861018,0.097496144,-0.47094718,0.2642588,0.3823776,0.53772104,-0.1629165,0.2956977,0.7664772,0.25755745,0.18788072,0.8002469,1.0861472,0.20231041,0.13469413,1.2139573,809.89014,797.8022,810.696,812.3077,775.2381,-0.00469970703125,0.12567138671875,0.98077392578125,1.9439697265625,-4.1571044921875,-0.10467529296875,1.0,1.0,1.0,1.0,1.0,95.0,event
12:10:25.228,0.14466546,0.31401643,-0.31743878,-0.19931385,0.2861018,0.097496144,-0.47094718,0.2642588,0.3823776,0.53772104,-0.1629165,0.2956977,0.7664772,0.25755745,0.18788072,0.8002469,1.0861472,0.20231041,0.13469413,1.2139573,813.1135,796.1905,802.23444,839.707,782.49084,-0.00469970703125,0.12567138671875,0.98077392578125,1.9439697265625,-4.1571044921875,-0.10467529296875,1.0,1.0,1.0,1.0,1.0,95.0,event
12:10:25.229,0.14466546,0.31401643,-0.31743878,-0.19931385,0.2861018,0.097496144,-0.47094718,0.2642588,0.3823776,0.53772104,-0.1629165,0.2956977,0.7664772,0.25755745,0.18788072,0.8002469,1.0861472,0.20231041,0.13469413,1.2139573,799.81683,799.41394,803.44324,817.9487,879.59705,-0.00469970703125,0.12567138671875,0.98077392578125,1.9439697265625,-4.1571044921875,-0.10467529296875,1.0,1.0,1.0,1.0,1.0,95.0,event
12:10:25.230,0.14466546,0.31401643,-0.31743878,-0.19931385,0.2861018,0.097496144,-0.47094718,0.2642588,0.3823776,0.53772104,-0.1629165,0.2956977,0.7664772,0.25755745,0.18788072,0.8002469,1.0861472,0.20231041,0.13469413,1.2139573,804.2491,809.0842,801.4286,799.41394,823.5897,-0.00469970703125,0.12567138671875,0.98077392578125,1.9439697265625,-4.1571044921875,-0.10467529296875,1.0,1.0,1.0,1.0,1.0,95.0,event
12:10:25.230,0.14466546,0.31401643,-0.31743878,-0.19931385,0.2861018,0.097496144,-0.47094718,0.2642588,0.3823776,0.53772104,-0.1629165,0.2956977,0.7664772,0.25755745,0.18788072,0.8002469,1.0861472,0.20231041,0.13469413,1.2139573,820.3663,804.65204,795.78754,809.89014,767.5824,-0.00469970703125,0.12567138671875,0.98077392578125,1.9439697265625,-4.1571044921875,-0.10467529296875,1.0,1.0,1.0,1.0,1.0,95.0,event
12:10:25.254,0.14466546,0.31401643,-0.31743878,-0.19931385,0.2861018,0.097496144,-0.47094718,0.2642588,0.3823776,0.53772104,-0.1629165,0.2956977,0.7664772,0.25755745,0.18788072,0.8002469,1.0861472,0.20231041,0.13469413,1.2139573,817.5458,797.8022,799.81683,809.89014,842.9304,-0.01202392578125,0.1221923828125,0.9798583984375,1.831817626953125,-3.701019287109375,0.201873779296875,1.0,1.0,1.0,1.0,1.0,95.0,event
12:10:25.255,0.14466546,0.31401643,-0.31743878,-0.19931385,0.2861018,0.097496144,-0.47094718,0.2642588,0.3823776,0.53772104,-0.1629165,0.2956977,0.7664772,0.25755745,0.18788072,0.8002469,1.0861472,0.20231041,0.13469413,1.2139573,797.8022,796.99634,809.0842,836.4835,823.5897,-0.01202392578125,0.1221923828125,0.9798583984375,1.831817626953125,-3.701019287109375,0.201873779296875,1.0,1.0,1.0,1.0,1.0,95.0,event
12:10:25.256,0.14466546,0.31401643,-0.31743878,-0.19931385,0.2861018,0.097496144,-0.47094718,0.2642588,0.3823776,0.53772104,-0.1629165,0.2956977,0.7664772,0.25755745,0.18788072,0.8002469,1.0861472,0.20231041,0.13469413,1.2139573,803.44324,801.02563,797.8022,795.38464,732.52747,-0.01202392578125,0.1221923828125,0.9798583984375,1.831817626953125,-3.701019287109375,0.201873779296875,1.0,1.0,1.0,1.0,1.0,95.0,event
12:10:25.256,0.14466546,0.31401643,-0.31743878,-0.19931385,0.2861018,0.097496144,-0.47094718,0.2642588,0.3823776,0.53772104,-0.1629165,0.2956977,0.7664772,0.25755745,0.18788072,0.8002469,1.0861472,0.20231041,0.13469413,1.2139573,802.23444,798.20514,805.05493,841.7216,747.03296,-0.01202392578125,0.1221923828125,0.9798583984375,1.831817626953125,-3.701019287109375,0.201873779296875,1.0,1.0,1.0,1.0,1.0,95.0,event
12:10:25.257,0.14466546,0.31401643,-0.31743878,-0.19931385,0.2861018,0.097496144,-0.47094718,0.2642588,0.3823776,0.53772104,-0.1629165,0.2956977,0.7664772,0.25755745,0.18788072,0.8002469,1.0861472,0.20231041,0.13469413,1.2139573,816.7399,804.2491,799.81683,793.36993,773.22345,-0.01202392578125,0.1221923828125,0.9798583984375,1.831817626953125,-3.701019287109375,0.201873779296875,1.0,1.0,1.0,1.0,1.0,95.0,event
12:10:25.258,0.14466546,0.31401643,-0.31743878,-0.19931385,0.2861018,0.097496144,-0.47094718,0.2642588,0.3823776,0.53772104,-0.1629165,0.2956977,0.7664772,0.25755745,0.18788072,0.8002469,1.0861472,0.20231041,0.13469413,1.2139573,830.84247,800.2198,796.5934,788.1319,815.5311,-0.01202392578125,0.1221923828125,0.9798583984375,1.831817626953125,-3.701019287109375,0.201873779296875,1.0,1.0,1.0,1.0,1.0,95.0,event
12:10:25.258,0.14466546,0.31401643,-0.31743878,-0.19931385,0.2861018,0.097496144,-0.47094718,0.2642588,0.3823776,0.53772104,-0.1629165,0.2956977,0.7664772,0.25755745,0.18788072,0.8002469,1.0861472,0.20231041,0.13469413,1.2139573,821.1722,792.96704,801.8315,782.49084,857.4359,-0.01202392578125,0.1221923828125,0.9798583984375,1.831817626953125,-3.701019287109375,0.201873779296875,1.0,1.0,1.0,1.0,1.0,95.0,event
12:10:25.259,0.14466546,0.31401643,-0.31743878,-0.19931385,0.2861018,0.097496144,-0.47094718,0.2642588,0.3823776,0.53772104,-0.1629165,0.2956977,0.7664772,0.25755745,0.18788072,0.8002469,1.0861472,0.20231041,0.13469413,1.2139573,801.4286,793.7729,805.8608,800.2198,856.2271,-0.01202392578125,0.1221923828125,0.9798583984375,1.831817626953125,-3.701019287109375,0.201873779296875,1.0,1.0,1.0,1.0,1.0,95.0,event
12:10:25.259,0.14466546,0.31401643,-0.31743878,-0.19931385,0.2861018,0.097496144,-0.47094718,0.2642588,0.3823776,0.53772104,-0.1629165,0.2956977,0.7664772,0.25755745,0.18788072,0.8002469,1.0861472,0.20231041,0.13469413,1.2139573,780.4762,792.1612,802.6374,814.7253,964.21246,-0.01202392578125,0.1221923828125,0.9798583984375,1.831817626953125,-3.701019287109375,0.201873779296875,1.0,1.0,1.0,1.0,1.0,95.0,event
12:10:25.260,0.14466546,0.31401643,-0.31743878,-0.19931385,0.2861018,0.097496144,-0.47094718,0.2642588,0.3823776,0.53772104,-0.1629165,0.2956977,0.7664772,0.25755745,0.18788072,0.8002469,1.0861472,0.20231041,0.13469413,1.2139573,782.0879,787.72894,806.6667,827.2161,1072.6007,-0.01202392578125,0.1221923828125,0.9798583984375,1.831817626953125,-3.701019287109375,0.201873779296875,1.0,1.0,1.0,1.0,1.0,95.0,event
12:10:25.261,0.14466546,0.31401643,-0.31743878,-0.19931385,0.2861018,0.097496144,-0.47094718,0.2642588,0.3823776,0.53772104,-0.1629165,0.2956977,0.7664772,0.25755745,0.18788072,0.8002469,1.0861472,0.20231041,0.13469413,1.2139573,796.1905,795.38464,812.3077,810.293,803.44324,-0.01202392578125,0.1221923828125,0.9798583984375,1.831817626953125,-3.701019287109375,0.201873779296875,1.0,1.0,1.0,1.0,1.0,95.0,event
12:10:25.261,0.14466546,0.31401643,-0.31743878,-0.19931385,0.2861018,0.097496144,-0.47094718,0.2642588,0.3823776,0.53772104,-0.1629165,0.2956977,0.7664772,0.25755745,0.18788072,0.8002469,1.0861472,0.20231041,0.13469413,1.2139573,801.02563,801.02563,804.65204,799.011,742.1978,-0.01202392578125,0.1221923828125,0.9798583984375,1.831817626953125,-3.701019287109375,0.201873779296875,1.0,1.0,1.0,1.0,1.0,95.0,event
12:10:25.284,0.14466546,0.31401643,-0.31743878,-0.19931385,0.2861018,0.097496144,-0.47094718,0.2642588,0.3823776,0.53772104,-0.1629165,0.2956977,0.7664772,0.25755745,0.18788072,0.8002469,1.0861472,0.20231041,0.13469413,1.2139573,807.0696,800.2198,802.23444,814.3223,823.1868,-0.0013427734375,0.12225341796875,0.97381591796875,2.19818115234375,-3.895416259765625,-0.396270751953125,1.0,1.0,1.0,1.0,1.0,95.0,event
12:10:25.285,0.14466546,0.31401643,-0.31743878,-0.19931385,0.2861018,0.097496144,-0.47094718,0.2642588,0.3823776,0.53772104,-0.1629165,0.2956977,0.7664772,0.25755745,0.18788072,0.8002469,1.0861472,0.20231041,0.13469413,1.2139573,829.6337,799.41394,805.4579,805.8608,736.9597,-0.0013427734375,0.12225341796875,0.97381591796875,2.19818115234375,-3.895416259765625,-0.396270751953125,1.0,1.0,1.0,1.0,1.0,95.0,event
12:10:25.285,0.14466546,0.31401643,-0.31743878,-0.19931385,0.2861018,0.097496144,-0.47094718,0.2642588,0.3823776,0.53772104,-0.1629165,0.2956977,0.7664772,0.25755745,0.18788072,0.8002469,1.0861472,0.20231041,0.13469413,1.2139573,827.2161,804.2491,807.0696,823.9927,770.80585,-0.0013427734375,0.12225341796875,0.97381591796875,2.19818115234375,-3.895416259765625,-0.396270751953125,1.0,1.0,1.0,1.0,1.0,95.0,event
12:10:25.286,0.14466546,0.31401643,-0.31743878,-0.19931385,0.2861018,0.097496144,-0.47094718,0.2642588,0.3823776,0.53772104,-0.1629165,0.2956977,0.7664772,0.25755745,0.18788072,0.8002469,1.0861472,0.20231041,0.13469413,1.2139573,789.34064,798.60803,802.23444,791.3553,746.63007,-0.0013427734375,0.12225341796875,0.97381591796875,2.19818115234375,-3.895416259765625,-0.396270751953125,1.0,1.0,1.0,1.0,1.0,95.0,event
12:10:25.287,0.14466546,0.31401643,-0.31743878,-0.19931385,0.2861018,0.097496144,-0.47094718,0.2642588,0.3823776,0.53772104,-0.1629165,0.2956977,0.7664772,0.25755745,0.18788072,0.8002469,1.0861472,0.20231041,0.13469413,1.2139573,775.64105,807.8755,794.57874,796.5934,779.2674,-0.0013427734375,0.12225341796875,0.97381591796875,2.19818115234375,-3.895416259765625,-0.396270751953125,1.0,1.0,1.0,1.0,1.0,95.0,event
12:10:25.287,0.14466546,0.31401643,-0.31743878,-0.19931385,0.2861018,0.097496144,-0.47094718,0.2642588,0.3823776,0.53772104,-0.1629165,0.2956977,0.7664772,0.25755745,0.18788072,0.8002469,1.0861472,0.20231041,0.13469413,1.2139573,786.1172,801.8315,801.02563,818.3516,817.1429,-0.0013427734375,0.12225341796875,0.97381591796875,2.19818115234375,-3.895416259765625,-0.396270751953125,1.0,1.0,1.0,1.0,1.0,95.0,event
12:10:25.289,0.14466546,0.31401643,-0.31743878,-0.19931385,0.2861018,0.097496144,-0.47094718,0.2642588,0.3823776,0.53772104,-0.1629165,0.2956977,0.7664772,0.25755745,0.18788072,0.8002469,1.0861472,0.20231041,0.13469413,1.2139573,796.99634,796.5934,808.68134,822.381,766.3736,-0.0013427734375,0.12225341796875,0.97381591796875,2.19818115234375,-3.895416259765625,-0.396270751953125,1.0,1.0,1.0,1.0,1.0,95.0,event
12:10:25.290,0.14466546,0.31401643,-0.31743878,-0.19931385,0.2861018,0.097496144,-0.47094718,0.2642588,0.3823776,0.53772104,-0.1629165,0.2956977,0.7664772,0.25755745,0.18788072,0.8002469,1.0861472,0.20231041,0.13469413,1.2139573,806.6667,800.6227,811.9048,801.4286,778.46155,-0.0013427734375,0.12225341796875,0.97381591796875,2.19818115234375,-3.895416259765625,-0.396270751953125,1.0,1.0,1.0,1.0,1.0,95.0,event
12:10:25.291,0.14466546,0.31401643,-0.31743878,-0.19931385,0.2861018,0.097496144,-0.47094718,0.2642588,0.3823776,0.53772104,-0.1629165,0.2956977,0.7664772,0.25755745,0.18788072,0.8002469,1.0861472,0.20231041,0.13469413,1.2139573,797.3993,799.81683,812.3077,791.75824,983.1502,-0.0013427734375,0.12225341796875,0.97381591796875,2.19818115234375,-3.895416259765625,-0.396270751953125,1.0,1.0,1.0,1.0,1.0,95.0,event
12:10:25.292,0.14466546,0.5340537,-0.31743878,-0.19931385,0.2861018,0.37779236,-0.47094718,0.2642588,0.3823776,0.7365862,-0.1629165,0.2956977,0.7664772,0.28204572,0.18788072,0.8002469,1.0861472,0.2070069,0.13469413,1.2139573,788.93774,797.8022,803.44324,800.6227,865.4945,-0.0013427734375,0.12225341796875,0.97381591796875,2.19818115234375,-3.895416259765625,-0.396270751953125,1.0,1.0,1.0,1.0,1.0,95.0,event
12:10:25.296,0.14466546,0.5340537,-0.31743878,-0.19931385,0.2861018,0.37779236,-0.47094718,0.2642588,0.3823776,0.7365862,-0.1629165,0.2956977,0.7664772,0.28204572,0.18788072,0.8002469,1.0861472,0.2070069,0.13469413,1.2139573,797.3993,794.9817,804.65204,799.41394,774.0293,-0.0013427734375,0.12225341796875,0.97381591796875,2.19818115234375,-3.895416259765625,-0.396270751953125,1.0,1.0,1.0,1.0,1.0,95.0,event
12:10:25.297,0.14466546,0.5340537,-0.31743878,-0.19931385,0.2861018,0.37779236,-0.47094718,0.2642588,0.3823776,0.7365862,-0.1629165,0.2956977,0.7664772,0.28204572,0.18788072,0.8002469,1.0861472,0.2070069,0.13469413,1.2139573,795.78754,799.011,805.4579,778.0586,828.4249,-0.0013427734375,0.12225341796875,0.97381591796875,2.19818115234375,-3.895416259765625,-0.396270751953125,1.0,1.0,1.0,1.0,1.0,95.0,event
12:10:25.319,0.14466546,0.5340537,-0.31743878,-0.19931385,0.2861018,0.37779236,-0.47094718,0.2642588,0.3823776,0.7365862,-0.1629165,0.2956977,0.7664772,0.28204572,0.18788072,0.8002469,1.0861472,0.2070069,0.13469413,1.2139573,789.7436,804.2491,808.68134,777.25275,823.5897,-0.0045166015625,0.127197265625,0.9842529296875,2.51220703125,-3.491668701171875,0.34393310546875,1.0,1.0,1.0,1.0,1.0,95.0,event
12:10:25.320,0.14466546,0.5340537,-0.31743878,-0.19931385,0.2861018,0.37779236,-0.47094718,0.2642588,0.3823776,0.7365862,-0.1629165,0.2956977,0.7664772,0.28204572,0.18788072,0.8002469,1.0861472,0.2070069,0.13469413,1.2139573,799.81683,801.4286,813.1135,784.10254,741.39197,-0.0045166015625,0.127197265625,0.9842529296875,2.51220703125,-3.491668701171875,0.34393310546875,1.0,1.0,1.0,1.0,1.0,95.0,event
12:10:25.320,0.14466546,0.5340537,-0.31743878,-0.19931385,0.2861018,0.37779236,-0.47094718,0.2642588,0.3823776,0.7365862,-0.1629165,0.2956977,0.7664772,0.28204572,0.18788072,0.8002469,1.0861472,0.2070069,0.13469413,1.2139573,794.9817,800.2198,806.6667,779.67035,699.4872,-0.0045166015625,0.127197265625,0.9842529296875,2.51220703125,-3.491668701171875,0.34393310546875,1.0,1.0,1.0,1.0,1.0,95.0,event
12:10:25.321,0.14466546,0.5340537,-0.31743878,-0.19931385,0.2861018,0.37779236,-0.47094718,0.2642588,0.3823776,0.7365862,-0.1629165,0.2956977,0.7664772,0.28204572,0.18788072,0.8002469,1.0861472,0.2070069,0.13469413,1.2139573,796.99634,801.8315,805.05493,797.3993,736.55676,-0.0045166015625,0.127197265625,0.9842529296875,2.51220703125,-3.491668701171875,0.34393310546875,1.0,1.0,1.0,1.0,1.0,95.0,event
12:10:25.321,0.14466546,0.5340537,-0.31743878,-0.19931385,0.2861018,0.37779236,-0.47094718,0.2642588,0.3823776,0.7365862,-0.1629165,0.2956977,0.7664772,0.28204572,0.18788072,0.8002469,1.0861472,0.2070069,0.13469413,1.2139573,819.5604,803.8461,809.89014,823.9927,767.1795,-0.0045166015625,0.127197265625,0.9842529296875,2.51220703125,-3.491668701171875,0.34393310546875,1.0,1.0,1.0,1.0,1.0,95.0,event
12:10:25.322,0.14466546,0.5340537,-0.31743878,-0.19931385,0.2861018,0.37779236,-0.47094718,0.2642588,0.3823776,0.7365862,-0.1629165,0.2956977,0.7664772,0.28204572,0.18788072,0.8002469,1.0861472,0.2070069,0.13469413,1.2139573,815.9341,799.011,809.4872,829.2308,854.61536,-0.0045166015625,0.127197265625,0.9842529296875,2.51220703125,-3.491668701171875,0.34393310546875,1.0,1.0,1.0,1.0,1.0,95.0,event
12:10:25.322,0.14466546,0.5340537,-0.31743878,-0.19931385,0.2861018,0.37779236,-0.47094718,0.2642588,0.3823776,0.7365862,-0.1629165,0.2956977,0.7664772,0.28204572,0.18788072,0.8002469,1.0861472,0.2070069,0.13469413,1.2139573,797.8022,801.8315,802.6374,811.0989,855.42126,-0.0045166015625,0.127197265625,0.9842529296875,2.51220703125,-3.491668701171875,0.34393310546875,1.0,1.0,1.0,1.0,1.0,95.0,event
12:10:25.323,0.14466546,0.5340537,-0.31743878,-0.19931385,0.2861018,0.37779236,-0.47094718,0.2642588,0.3823776,0.7365862,-0.1629165,0.2956977,0.7664772,0.28204572,0.18788072,0.8002469,1.0861472,0.2070069,0.13469413,1.2139573,784.10254,806.6667,797.3993,793.36993,870.7326,-0.0045166015625,0.127197265625,0.9842529296875,2.51220703125,-3.491668701171875,0.34393310546875,1.0,1.0,1.0,1.0,1.0,95.0,event
12:10:25.323,0.14466546,0.5340537,-0.31743878,-0.19931385,0.2861018,0.37779236,-0.47094718,0.2642588,0.3823776,0.7365862,-0.1629165,0.2956977,0.7664772,0.28204572,0.18788072,0.8002469,1.0861472,0.2070069,0.13469413,1.2139573,779.2674,803.0403,804.65204,806.26373,904.17584,-0.0045166015625,0.127197265625,0.9842529296875,2.51220703125,-3.491668701171875,0.34393310546875,1.0,1.0,1.0,1.0,1.0,95.0,event
12:10:25.324,0.14466546,0.5340537,-0.31743878,-0.19931385,0.2861018,0.37779236,-0.47094718,0.2642588,0.3823776,0.7365862,-0.1629165,0.2956977,0.7664772,0.28204572,0.18788072,0.8002469,1.0861472,0.2070069,0.13469413,1.2139573,797.8022,801.4286,809.89014,804.2491,785.7143,-0.0045166015625,0.127197265625,0.9842529296875,2.51220703125,-3.491668701171875,0.34393310546875,1.0,1.0,1.0,1.0,1.0,95.0,event
12:10:25.324,0.14466546,0.5340537,-0.31743878,-0.19931385,0.2861018,0.37779236,-0.47094718,0.2642588,0.3823776,0.7365862,-0.1629165,0.2956977,0.7664772,0.28204572,0.18788072,0.8002469,1.0861472,0.2070069,0.13469413,1.2139573,783.69965,802.23444,809.89014,784.90845,759.92676,-0.0045166015625,0.127197265625,0.9842529296875,2.51220703125,-3.491668701171875,0.34393310546875,1.0,1.0,1.0,1.0,1.0,95.0,event
12:10:25.325,0.14466546,0.5340537,-0.31743878,-0.19931385,0.2861018,0.37779236,-0.47094718,0.2642588,0.3823776,0.7365862,-0.1629165,0.2956977,0.7664772,0.28204572,0.18788072,0.8002469,1.0861472,0.2070069,0.13469413,1.2139573,813.1135,802.23444,813.5165,824.7985,909.41394,-0.0045166015625,0.127197265625,0.9842529296875,2.51220703125,-3.491668701171875,0.34393310546875,1.0,1.0,1.0,1.0,1.0,95.0,event
12:10:25.347,0.14466546,0.5340537,-0.31743878,-0.19931385,0.2861018,0.37779236,-0.47094718,0.2642588,0.3823776,0.7365862,-0.1629165,0.2956977,0.7664772,0.28204572,0.18788072,0.8002469,1.0861472,0.2070069,0.13469413,1.2139573,796.99634,799.81683,801.4286,777.6557,813.1135,-0.00872802734375,0.1268310546875,0.97857666015625,1.906585693359375,-3.850555419921875,0.01495361328125,1.0,1.0,1.0,1.0,1.0,95.0,event
12:10:25.348,0.14466546,0.5340537,-0.31743878,-0.19931385,0.2861018,0.37779236,-0.47094718,0.2642588,0.3823776,0.7365862,-0.1629165,0.2956977,0.7664772,0.28204572,0.18788072,0.8002469,1.0861472,0.2070069,0.13469413,1.2139573,782.49084,806.6667,791.75824,781.28204,709.5604,-0.00872802734375,0.1268310546875,0.97857666015625,1.906585693359375,-3.850555419921875,0.01495361328125,1.0,1.0,1.0,1.0,1.0,95.0,event
12:10:25.349,0.14466546,0.5340537,-0.31743878,-0.19931385,0.2861018,0.37779236,-0.47094718,0.2642588,0.3823776,0.7365862,-0.1629165,0.2956977,0.7664772,0.28204572,0.18788072,0.8002469,1.0861472,0.2070069,0.13469413,1.2139573,784.90845,806.6667,800.2198,793.7729,756.30035,-0.00872802734375,0.1268310546875,0.97857666015625,1.906585693359375,-3.850555419921875,0.01495361328125,1.0,1.0,1.0,1.0,1.0,95.0,event
12:10:25.350,0.14466546,0.5340537,-0.31743878,-0.19931385,0.2861018,0.37779236,-0.47094718,0.2642588,0.3823776,0.7365862,-0.1629165,0.2956977,0.7664772,0.28204572,0.18788072,0.8002469,1.0861472,0.2070069,0.13469413,1.2139573,782.0879,802.6374,808.68134,788.93774,867.50916,-0.00872802734375,0.1268310546875,0.97857666015625,1.906585693359375,-3.850555419921875,0.01495361328125,1.0,1.0,1.0,1.0,1.0,95.0,event
12:10:25.350,0.14466546,0.5340537,-0.31743878,-0.19931385,0.2861018,0.37779236,-0.47094718,0.2642588,0.3823776,0.7365862,-0.1629165,0.2956977,0.7664772,0.28204572,0.18788072,0.8002469,1.0861472,0.2070069,0.13469413,1.2139573,789.34064,803.0403,812.71063,805.4579,793.7729,-0.00872802734375,0.1268310546875,0.97857666015625,1.906585693359375,-3.850555419921875,0.01495361328125,1.0,1.0,1.0,1.0,1.0,95.0,event
12:10:25.351,0.14466546,0.5340537,-0.31743878,-0.19931385,0.2861018,0.37779236,-0.47094718,0.2642588,0.3823776,0.7365862,-0.1629165,0.2956977,0.7664772,0.28204572,0.18788072,0.8002469,1.0861472,0.2070069,0.13469413,1.2139573,798.60803,800.6227,810.293,799.011,784.90845,-0.00872802734375,0.1268310546875,0.97857666015625,1.906585693359375,-3.850555419921875,0.01495361328125,1.0,1.0,1.0,1.0,1.0,95.0,event
12:10:25.351,0.14466546,0.5340537,-0.31743878,-0.19931385,0.2861018,0.37779236,-0.47094718,0.2642588,0.3823776,0.7365862,-0.1629165,0.2956977,0.7664772,0.28204572,0.18788072,0.8002469,1.0861472,0.2070069,0.13469413,1.2139573,809.0842,800.2198,807.8755,786.52014,891.685,-0.00872802734375,0.1268310546875,0.97857666015625,1.906585693359375,-3.850555419921875,0.01495361328125,1.0,1.0,1.0,1.0,1.0,95.0,event
12:10:25.352,0.14466546,0.5340537,-0.31743878,-0.19931385,0.2861018,0.37779236,-0.47094718,0.2642588,0.3823776,0.7365862,-0.1629165,0.2956977,0.7664772,0.28204572,0.18788072,0.8002469,1.0861472,0.2070069,0.13469413,1.2139573,790.14655,798.60803,802.23444,799.81683,1020.6227,-0.00872802734375,0.1268310546875,0.97857666015625,1.906585693359375,-3.850555419921875,0.01495361328125,1.0,1.0,1.0,1.0,1.0,95.0,event
12:10:25.352,0.14466546,0.5340537,-0.31743878,-0.19931385,0.2861018,0.37779236,-0.47094718,0.2642588,0.3823776,0.7365862,-0.1629165,0.2956977,0.7664772,0.28204572,0.18788072,0.8002469,1.0861472,0.2070069,0.13469413,1.2139573,784.90845,800.2198,793.36993,805.4579,846.9597,-0.00872802734375,0.1268310546875,0.97857666015625,1.906585693359375,-3.850555419921875,0.01495361328125,1.0,1.0,1.0,1.0,1.0,95.0,event
12:10:25.353,0.14466546,0.5340537,-0.31743878,-0.19931385,0.2861018,0.37779236,-0.47094718,0.2642588,0.3823776,0.7365862,-0.1629165,0.2956977,0.7664772,0.28204572,0.18788072,0.8002469,1.0861472,0.2070069,0.13469413,1.2139573,798.60803,801.4286,812.71063,814.3223,777.25275,-0.00872802734375,0.1268310546875,0.97857666015625,1.906585693359375,-3.850555419921875,0.01495361328125,1.0,1.0,1.0,1.0,1.0,95.0,event
12:10:25.353,0.14466546,0.5340537,-0.31743878,-0.19931385,0.2861018,0.37779236,-0.47094718,0.2642588,0.3823776,0.7365862,-0.1629165,0.2956977,0.7664772,0.28204572,0.18788072,0.8002469,1.0861472,0.2070069,0.13469413,1.2139573,802.23444,801.4286,801.02563,807.8755,701.0989,-0.00872802734375,0.1268310546875,0.97857666015625,1.906585693359375,-3.850555419921875,0.01495361328125,1.0,1.0,1.0,1.0,1.0,95.0,event
12:10:25.354,0.14466546,0.7244374,-0.31743878,-0.19931385,0.2861018,0.5916776,-0.47094718,0.2642588,0.3823776,0.80162346,-0.1629165,0.2956977,0.7664772,0.3084661,0.18788072,0.8002469,1.0861472,0.21145037,0.13469413,1.2139573,796.99634,806.26373,807.47253,781.685,752.674,-0.00872802734375,0.1268310546875,0.97857666015625,1.906585693359375,-3.850555419921875,0.01495361328125,1.0,1.0,1.0,1.0,1.0,95.0,event
12:10:25.453,0.14466546,0.7244374,-0.31743878,-0.19931385,0.2861018,0.5916776,-0.47094718,0.2642588,0.3823776,0.80162346,-0.1629165,0.2956977,0.7664772,0.3084661,0.18788072,0.8002469,1.0861472,0.21145037,0.13469413,1.2139573,794.17584,803.0403,806.6667,760.7326,730.5128,-0.00872802734375,0.1268310546875,0.97857666015625,1.906585693359375,-3.850555419921875,0.01495361328125,1.0,1.0,1.0,1.0,1.0,95.0,event
12:10:25.454,0.14466546,0.7244374,-0.31743878,-0.19931385,0.2861018,0.5916776,-0.47094718,0.2642588,0.3823776,0.80162346,-0.1629165,0.2956977,0.7664772,0.3084661,0.18788072,0.8002469,1.0861472,0.21145037,0.13469413,1.2139573,806.26373,794.17584,806.26373,819.15753,801.4286,-0.00872802734375,0.1268310546875,0.97857666015625,1.906585693359375,-3.850555419921875,0.01495361328125,1.0,1.0,1.0,1.0,1.0,95.0,event
12:10:25.455,0.14466546,0.7244374,-0.31743878,-0.19931385,0.2861018,0.5916776,-0.47094718,0.2642588,0.3823776,0.80162346,-0.1629165,0.2956977,0.7664772,0.3084661,0.18788072,0.8002469,1.0861472,0.21145037,0.13469413,1.2139573,805.4579,799.41394,799.011,846.9597,818.7546,-0.00872802734375,0.1268310546875,0.97857666015625,1.906585693359375,-3.850555419921875,0.01495361328125,1.0,1.0,1.0,1.0,1.0,95.0,event
12:10:25.455,0.14466546,0.7244374,-0.31743878,-0.19931385,0.2861018,0.5916776,-0.47094718,0.2642588,0.3823776,0.80162346,-0.1629165,0.2956977,0.7664772,0.3084661,0.18788072,0.8002469,1.0861472,0.21145037,0.13469413,1.2139573,790.14655,812.3077,799.81683,785.31134,746.63007,-0.00872802734375,0.1268310546875,0.97857666015625,1.906585693359375,-3.850555419921875,0.01495361328125,1.0,1.0,1.0,1.0,1.0,95.0,event
12:10:25.456,0.14466546,0.7244374,-0.31743878,-0.19931385,0.2861018,0.5916776,-0.47094718,0.2642588,0.3823776,0.80162346,-0.1629165,0.2956977,0.7664772,0.3084661,0.18788072,0.8002469,1.0861472,0.21145037,0.13469413,1.2139573,791.75824,806.6667,799.81683,755.89746,699.4872,-0.00872802734375,0.1268310546875,0.97857666015625,1.906585693359375,-3.850555419921875,0.01495361328125,1.0,1.0,1.0,1.0,1.0,95.0,event
12:10:25.456,0.14466546,0.7244374,-0.31743878,-0.19931385,0.2861018,0.5916776,-0.47094718,0.2642588,0.3823776,0.80162346,-0.1629165,0.2956977,0.7664772,0.3084661,0.18788072,0.8002469,1.0861472,0.21145037,0.13469413,1.2139573,785.31134,799.81683,799.41394,770.0,737.76556,-0.00872802734375,0.1268310546875,0.97857666015625,1.906585693359375,-3.850555419921875,0.01495361328125,1.0,1.0,1.0,1.0,1.0,95.0,event
12:10:25.457,0.14466546,0.7244374,-0.31743878,-0.19931385,0.2861018,0.5916776,-0.47094718,0.2642588,0.3823776,0.80162346,-0.1629165,0.2956977,0.7664772,0.3084661,0.18788072,0.8002469,1.0861472,0.21145037,0.13469413,1.2139573,792.1612,804.2491,796.5934,786.1172,988.7912,-0.00872802734375,0.1268310546875,0.97857666015625,1.906585693359375,-3.850555419921875,0.01495361328125,1.0,1.0,1.0,1.0,1.0,95.0,event
12:10:25.458,0.14466546,0.7244374,-0.31743878,-0.19931385,0.2861018,0.5916776,-0.47094718,0.2642588,0.3823776,0.80162346,-0.1629165,0.2956977,0.7664772,0.3084661,0.18788072,0.8002469,1.0861472,0.21145037,0.13469413,1.2139573,797.8022,804.2491,798.20514,794.9817,1181.7949,-0.00872802734375,0.1268310546875,0.97857666015625,1.906585693359375,-3.850555419921875,0.01495361328125,1.0,1.0,1.0,1.0,1.0,95.0,event
12:10:25.458,0.14466546,0.7244374,-0.31743878,-0.19931385,0.2861018,0.5916776,-0.47094718,0.2642588,0.3823776,0.80162346,-0.1629165,0.2956977,0.7664772,0.3084661,0.18788072,0.8002469,1.0861472,0.21145037,0.13469413,1.2139573,786.1172,801.8315,799.011,802.6374,819.15753,-0.00872802734375,0.1268310546875,0.97857666015625,1.906585693359375,-3.850555419921875,0.01495361328125,1.0,1.0,1.0,1.0,1.0,95.0,event
12:10:25.459,0.14466546,0.7244374,-0.31743878,-0.19931385,0.2861018,0.5916776,-0.47094718,0.2642588,0.3823776,0.80162346,-0.1629165,0.2956977,0.7664772,0.3084661,0.18788072,0.8002469,1.0861472,0.21145037,0.13469413,1.2139573,772.4176,799.81683,796.5934,799.011,678.1319,-0.00872802734375,0.1268310546875,0.97857666015625,1.906585693359375,-3.850555419921875,0.01495361328125,1.0,1.0,1.0,1.0,1.0,95.0,event
12:10:25.460,0.14466546,0.7244374,-0.31743878,-0.19931385,0.2861018,0.5916776,-0.47094718,0.2642588,0.3823776,0.80162346,-0.1629165,0.2956977,0.7664772,0.3084661,0.18788072,0.8002469,1.0861472,0.21145037,0.13469413,1.2139573,763.95605,798.20514,790.54944,778.0586,767.1795,-0.00872802734375,0.1268310546875,0.97857666015625,1.906585693359375,-3.850555419921875,0.01495361328125,1.0,1.0,1.0,1.0,1.0,95.0,event
12:10:25.461,0.14466546,0.7244374,-0.31743878,-0.19931385,0.2861018,0.5916776,-0.47094718,0.2642588,0.3823776,0.80162346,-0.1629165,0.2956977,0.7664772,0.3084661,0.18788072,0.8002469,1.0861472,0.21145037,0.13469413,1.2139573,787.326,807.47253,790.9524,775.2381,695.8608,-0.00872802734375,0.1268310546875,0.97857666015625,1.906585693359375,-3.850555419921875,0.01495361328125,1.0,1.0,1.0,1.0,1.0,95.0,event
12:10:25.491,0.14466546,0.7244374,-0.31743878,-0.19931385,0.2861018,0.5916776,-0.47094718,0.2642588,0.3823776,0.80162346,-0.1629165,0.2956977,0.7664772,0.3084661,0.18788072,0.8002469,1.0861472,0.21145037,0.13469413,1.2139573,791.75824,807.47253,799.41394,788.93774,707.9487,-0.00653076171875,0.12261962890625,0.985107421875,2.355194091796875,-3.9178466796875,0.7476806640625,1.0,1.0,1.0,1.0,1.0,95.0,event
12:10:25.492,0.14466546,0.7244374,-0.31743878,-0.19931385,0.2861018,0.5916776,-0.47094718,0.2642588,0.3823776,0.80162346,-0.1629165,0.2956977,0.7664772,0.3084661,0.18788072,0.8002469,1.0861472,0.21145037,0.13469413,1.2139573,786.9231,799.011,798.20514,797.3993,786.1172,-0.00653076171875,0.12261962890625,0.985107421875,2.355194091796875,-3.9178466796875,0.7476806640625,1.0,1.0,1.0,1.0,1.0,95.0,event
12:10:25.493,0.14466546,0.7244374,-0.31743878,-0.19931385,0.2861018,0.5916776,-0.47094718,0.2642588,0.3823776,0.80162346,-0.1629165,0.2956977,0.7664772,0.3084661,0.18788072,0.8002469,1.0861472,0.21145037,0.13469413,1.2139573,814.3223,799.011,802.23444,794.17584,816.337,-0.00653076171875,0.12261962890625,0.985107421875,2.355194091796875,-3.9178466796875,0.7476806640625,1.0,1.0,1.0,1.0,1.0,95.0,event
12:10:25.494,0.14466546,0.7244374,-0.31743878,-0.19931385,0.2861018,0.5916776,-0.47094718,0.2642588,0.3823776,0.80162346,-0.1629165,0.2956977,0.7664772,0.3084661,0.18788072,0.8002469,1.0861472,0.21145037,0.13469413,1.2139573,810.293,802.23444,805.4579,782.0879,759.12085,-0.00653076171875,0.12261962890625,0.985107421875,2.355194091796875,-3.9178466796875,0.7476806640625,1.0,1.0,1.0,1.0,1.0,95.0,event
12:10:25.494,0.14466546,0.7244374,-0.31743878,-0.19931385,0.2861018,0.5916776,-0.47094718,0.2642588,0.3823776,0.80162346,-0.1629165,0.2956977,0.7664772,0.3084661,0.18788072,0.8002469,1.0861472,0.21145037,0.13469413,1.2139573,784.10254,807.0696,805.05493,790.54944,693.44324,-0.00653076171875,0.12261962890625,0.985107421875,2.355194091796875,-3.9178466796875,0.7476806640625,1.0,1.0,1.0,1.0,1.0,95.0,event
12:10:25.495,0.14466546,0.7244374,-0.31743878,-0.19931385,0.2861018,0.5916776,-0.47094718,0.2642588,0.3823776,0.80162346,-0.1629165,0.2956977,0.7664772,0.3084661,0.18788072,0.8002469,1.0861472,0.21145037,0.13469413,1.2139573,778.46155,807.47253,808.2784,785.7143,851.39197,-0.00653076171875,0.12261962890625,0.985107421875,2.355194091796875,-3.9178466796875,0.7476806640625,1.0,1.0,1.0,1.0,1.0,95.0,event
12:10:25.496,0.14466546,0.7244374,-0.31743878,-0.19931385,0.2861018,0.5916776,-0.47094718,0.2642588,0.3823776,0.80162346,-0.1629165,0.2956977,0.7664772,0.3084661,0.18788072,0.8002469,1.0861472,0.21145037,0.13469413,1.2139573,795.78754,805.4579,808.2784,787.72894,1075.8242,-0.00653076171875,0.12261962890625,0.985107421875,2.355194091796875,-3.9178466796875,0.7476806640625,1.0,1.0,1.0,1.0,1.0,95.0,event
12:10:25.496,0.14466546,0.7244374,-0.31743878,-0.19931385,0.2861018,0.5916776,-0.47094718,0.2642588,0.3823776,0.80162346,-0.1629165,0.2956977,0.7664772,0.3084661,0.18788072,0.8002469,1.0861472,0.21145037,0.13469413,1.2139573,798.20514,808.68134,802.6374,784.5055,918.2784,-0.00653076171875,0.12261962890625,0.985107421875,2.355194091796875,-3.9178466796875,0.7476806640625,1.0,1.0,1.0,1.0,1.0,95.0,event
12:10:25.497,0.14466546,0.7244374,-0.31743878,-0.19931385,0.2861018,0.5916776,-0.47094718,0.2642588,0.3823776,0.80162346,-0.1629165,0.2956977,0.7664772,0.3084661,0.18788072,0.8002469,1.0861472,0.21145037,0.13469413,1.2139573,791.75824,817.5458,797.8022,780.87915,698.68134,-0.00653076171875,0.12261962890625,0.985107421875,2.355194091796875,-3.9178466796875,0.7476806640625,1.0,1.0,1.0,1.0,1.0,95.0,event
12:10:25.498,0.14466546,0.7244374,-0.31743878,-0.19931385,0.2861018,0.5916776,-0.47094718,0.2642588,0.3823776,0.80162346,-0.1629165,0.2956977,0.7664772,0.3084661,0.18788072,0.8002469,1.0861472,0.21145037,0.13469413,1.2139573,786.1172,813.1135,796.99634,798.60803,731.7216,-0.00653076171875,0.12261962890625,0.985107421875,2.355194091796875,-3.9178466796875,0.7476806640625,1.0,1.0,1.0,1.0,1.0,95.0,event
12:10:25.498,0.14466546,0.7244374,-0.31743878,-0.19931385,0.2861018,0.5916776,-0.47094718,0.2642588,0.3823776,0.80162346,-0.1629165,0.2956977,0.7664772,0.3084661,0.18788072,0.8002469,1.0861472,0.21145037,0.13469413,1.2139573,785.7143,797.3993,796.1905,819.9634,940.4396,-0.00653076171875,0.12261962890625,0.985107421875,2.355194091796875,-3.9178466796875,0.7476806640625,1.0,1.0,1.0,1.0,1.0,95.0,event
12:10:25.499,0.14466546,0.7244374,-0.31743878,-0.19931385,0.2861018,0.5916776,-0.47094718,0.2642588,0.3823776,0.80162346,-0.1629165,0.2956977,0.7664772,0.3084661,0.18788072,0.8002469,1.0861472,0.21145037,0.13469413,1.2139573,788.1319,796.99634,794.57874,799.81683,865.09155,-0.00653076171875,0.12261962890625,0.985107421875,2.355194091796875,-3.9178466796875,0.7476806640625,1.0,1.0,1.0,1.0,1.0,95.0,event
12:10:25.526,0.14466546,0.7244374,-0.31743878,-0.19931385,0.2861018,0.5916776,-0.47094718,0.2642588,0.3823776,0.80162346,-0.1629165,0.2956977,0.7664772,0.3084661,0.18788072,0.8002469,1.0861472,0.21145037,0.13469413,1.2139573,791.75824,806.6667,799.81683,774.43225,778.86444,-0.0078125,0.124267578125,0.98114013671875,2.160797119140625,-3.48419189453125,0.157012939453125,1.0,1.0,1.0,1.0,1.0,95.0,event
12:10:25.527,0.14466546,0.845034,-0.31743878,-0.19931385,0.2861018,0.7198218,-0.47094718,0.2642588,0.3823776,0.80162346,-0.1629165,0.2956977,0.7664772,0.32183683,0.18788072,0.8002469,1.0861472,0.21337306,0.13469413,1.2139573,786.52014,808.68134,799.41394,783.2967,884.83514,-0.0078125,0.124267578125,0.98114013671875,2.160797119140625,-3.48419189453125,0.157012939453125,1.0,1.0,1.0,1.0,1.0,95.0,event
12:10:25.531,0.14466546,0.845034,-0.31743878,-0.19931385,0.2861018,0.7198218,-0.47094718,0.2642588,0.3823776,0.80162346,-0.1629165,0.2956977,0.7664772,0.32183683,0.18788072,0.8002469,1.0861472,0.21337306,0.13469413,1.2139573,786.9231,801.8315,790.9524,817.5458,892.49084,-0.0078125,0.124267578125,0.98114013671875,2.160797119140625,-3.48419189453125,0.157012939453125,1.0,1.0,1.0,1.0,1.0,95.0,event
12:10:25.532,0.14466546,0.845034,-0.31743878,-0.19931385,0.2861018,0.7198218,-0.47094718,0.2642588,0.3823776,0.80162346,-0.1629165,0.2956977,0.7664772,0.32183683,0.18788072,0.8002469,1.0861472,0.21337306,0.13469413,1.2139573,804.65204,798.60803,799.41394,822.381,773.22345,-0.0078125,0.124267578125,0.98114013671875,2.160797119140625,-3.48419189453125,0.157012939453125,1.0,1.0,1.0,1.0,1.0,95.0,event
12:10:25.533,0.14466546,0.845034,-0.31743878,-0.19931385,0.2861018,0.7198218,-0.47094718,0.2642588,0.3823776,0.80162346,-0.1629165,0.2956977,0.7664772,0.32183683,0.18788072,0.8002469,1.0861472,0.21337306,0.13469413,1.2139573,792.5641,803.44324,809.89014,804.65204,717.619,-0.0078125,0.124267578125,0.98114013671875,2.160797119140625,-3.48419189453125,0.157012939453125,1.0,1.0,1.0,1.0,1.0,95.0,event
12:10:25.534,0.14466546,0.845034,-0.31743878,-0.19931385,0.2861018,0.7198218,-0.47094718,0.2642588,0.3823776,0.80162346,-0.1629165,0.2956977,0.7664772,0.32183683,0.18788072,0.8002469,1.0861472,0.21337306,0.13469413,1.2139573,794.17584,807.8755,810.293,799.81683,838.9011,-0.0078125,0.124267578125,0.98114013671875,2.160797119140625,-3.48419189453125,0.157012939453125,1.0,1.0,1.0,1.0,1.0,95.0,event
12:10:25.534,0.14466546,0.845034,-0.31743878,-0.19931385,0.2861018,0.7198218,-0.47094718,0.2642588,0.3823776,0.80162346,-0.1629165,0.2956977,0.7664772,0.32183683,0.18788072,0.8002469,1.0861472,0.21337306,0.13469413,1.2139573,791.75824,804.65204,807.8755,794.17584,855.0183,-0.0078125,0.124267578125,0.98114013671875,2.160797119140625,-3.48419189453125,0.157012939453125,1.0,1.0,1.0,1.0,1.0,95.0,event
12:10:25.535,0.14466546,0.845034,-0.31743878,-0.19931385,0.2861018,0.7198218,-0.47094718,0.2642588,0.3823776,0.80162346,-0.1629165,0.2956977,0.7664772,0.32183683,0.18788072,0.8002469,1.0861472,0.21337306,0.13469413,1.2139573,782.49084,805.8608,809.89014,799.41394,729.707,-0.0078125,0.124267578125,0.98114013671875,2.160797119140625,-3.48419189453125,0.157012939453125,1.0,1.0,1.0,1.0,1.0,95.0,event
12:10:25.536,0.14466546,0.845034,-0.31743878,-0.19931385,0.2861018,0.7198218,-0.47094718,0.2642588,0.3823776,0.80162346,-0.1629165,0.2956977,0.7664772,0.32183683,0.18788072,0.8002469,1.0861472,0.21337306,0.13469413,1.2139573,800.2198,811.9048,804.65204,818.3516,696.26373,-0.0078125,0.124267578125,0.98114013671875,2.160797119140625,-3.48419189453125,0.157012939453125,1.0,1.0,1.0,1.0,1.0,95.0,event
12:10:25.537,0.14466546,0.845034,-0.31743878,-0.19931385,0.2861018,0.7198218,-0.47094718,0.2642588,0.3823776,0.80162346,-0.1629165,0.2956977,0.7664772,0.32183683,0.18788072,0.8002469,1.0861472,0.21337306,0.13469413,1.2139573,812.3077,807.8755,796.5934,824.3956,882.01465,-0.0078125,0.124267578125,0.98114013671875,2.160797119140625,-3.48419189453125,0.157012939453125,1.0,1.0,1.0,1.0,1.0,95.0,event
12:10:25.537,0.14466546,0.845034,-0.31743878,-0.19931385,0.2861018,0.7198218,-0.47094718,0.2642588,0.3823776,0.80162346,-0.1629165,0.2956977,0.7664772,0.32183683,0.18788072,0.8002469,1.0861472,0.21337306,0.13469413,1.2139573,792.1612,791.75824,804.65204,804.2491,943.2601,-0.0078125,0.124267578125,0.98114013671875,2.160797119140625,-3.48419189453125,0.157012939453125,1.0,1.0,1.0,1.0,1.0,95.0,event
12:10:25.538,0.14466546,0.845034,-0.31743878,-0.19931385,0.2861018,0.7198218,-0.47094718,0.2642588,0.3823776,0.80162346,-0.1629165,0.2956977,0.7664772,0.32183683,0.18788072,0.8002469,1.0861472,0.21337306,0.13469413,1.2139573,790.14655,786.52014,813.91943,798.60803,803.0403,-0.0078125,0.124267578125,0.98114013671875,2.160797119140625,-3.48419189453125,0.157012939453125,1.0,1.0,1.0,1.0,1.0,95.0,event
12:10:25.575,0.14466546,0.845034,-0.31743878,-0.19931385,0.2861018,0.7198218,-0.47094718,0.2642588,0.3823776,0.80162346,-0.1629165,0.2956977,0.7664772,0.32183683,0.18788072,0.8002469,1.0861472,0.21337306,0.13469413,1.2139573,798.20514,800.6227,811.0989,816.7399,778.46155,-0.0091552734375,0.12322998046875,0.98028564453125,2.115936279296875,-3.357086181640625,0.43365478515625,1.0,1.0,1.0,1.0,1.0,95.0,event
12:10:25.576,0.14466546,0.845034,-0.31743878,-0.19931385,0.2861018,0.7198218,-0.47094718,0.2642588,0.3823776,0.80162346,-0.1629165,0.2956977,0.7664772,0.32183683,0.18788072,0.8002469,1.0861472,0.21337306,0.13469413,1.2139573,784.90845,807.0696,800.6227,792.1612,863.0769,-0.0091552734375,0.12322998046875,0.98028564453125,2.115936279296875,-3.357086181640625,0.43365478515625,1.0,1.0,1.0,1.0,1.0,95.0,event
12:10:25.577,0.14466546,0.845034,-0.31743878,-0.19931385,0.2861018,0.7198218,-0.47094718,0.2642588,0.3823776,0.80162346,-0.1629165,0.2956977,0.7664772,0.32183683,0.18788072,0.8002469,1.0861472,0.21337306,0.13469413,1.2139573,776.4469,801.4286,800.2198,786.52014,798.20514,-0.0091552734375,0.12322998046875,0.98028564453125,2.115936279296875,-3.357086181640625,0.43365478515625,1.0,1.0,1.0,1.0,1.0,95.0,event
12:10:25.577,0.14466546,0.845034,-0.31743878,-0.19931385,0.2861018,0.7198218,-0.47094718,0.2642588,0.3823776,0.80162346,-0.1629165,0.2956977,0.7664772,0.32183683,0.18788072,0.8002469,1.0861472,0.21337306,0.13469413,1.2139573,783.2967,801.4286,804.2491,807.8755,782.0879,-0.0091552734375,0.12322998046875,0.98028564453125,2.115936279296875,-3.357086181640625,0.43365478515625,1.0,1.0,1.0,1.0,1.0,95.0,event
12:10:25.578,0.14466546,0.845034,-0.31743878,-0.19931385,0.2861018,0.7198218,-0.47094718,0.2642588,0.3823776,0.80162346,-0.1629165,0.2956977,0.7664772,0.32183683,0.18788072,0.8002469,1.0861472,0.21337306,0.13469413,1.2139573,788.5348,804.65204,805.05493,803.0403,820.7692,-0.0091552734375,0.12322998046875,0.98028564453125,2.115936279296875,-3.357086181640625,0.43365478515625,1.0,1.0,1.0,1.0,1.0,95.0,event
12:10:25.579,0.14466546,0.845034,-0.31743878,-0.19931385,0.2861018,0.7198218,-0.47094718,0.2642588,0.3823776,0.80162346,-0.1629165,0.2956977,0.7664772,0.32183683,0.18788072,0.8002469,1.0861472,0.21337306,0.13469413,1.2139573,804.65204,806.26373,797.3993,804.65204,894.5055,-0.0091552734375,0.12322998046875,0.98028564453125,2.115936279296875,-3.357086181640625,0.43365478515625,1.0,1.0,1.0,1.0,1.0,95.0,event
12:10:25.579,0.14466546,0.845034,-0.31743878,-0.19931385,0.2861018,0.7198218,-0.47094718,0.2642588,0.3823776,0.80162346,-0.1629165,0.2956977,0.7664772,0.32183683,0.18788072,0.8002469,1.0861472,0.21337306,0.13469413,1.2139573,802.6374,805.8608,803.8461,793.36993,825.2015,-0.0091552734375,0.12322998046875,0.98028564453125,2.115936279296875,-3.357086181640625,0.43365478515625,1.0,1.0,1.0,1.0,1.0,95.0,event
12:10:25.580,0.14466546,0.845034,-0.31743878,-0.19931385,0.2861018,0.7198218,-0.47094718,0.2642588,0.3823776,0.80162346,-0.1629165,0.2956977,0.7664772,0.32183683,0.18788072,0.8002469,1.0861472,0.21337306,0.13469413,1.2139573,789.7436,809.89014,788.5348,838.49817,866.7033,-0.0091552734375,0.12322998046875,0.98028564453125,2.115936279296875,-3.357086181640625,0.43365478515625,1.0,1.0,1.0,1.0,1.0,95.0,event
12:10:25.581,0.14466546,0.845034,-0.31743878,-0.19931385,0.2861018,0.7198218,-0.47094718,0.2642588,0.3823776,0.80162346,-0.1629165,0.2956977,0.7664772,0.32183683,0.18788072,0.8002469,1.0861472,0.21337306,0.13469413,1.2139573,774.43225,798.60803,790.54944,827.619,774.43225,-0.0091552734375,0.12322998046875,0.98028564453125,2.115936279296875,-3.357086181640625,0.43365478515625,1.0,1.0,1.0,1.0,1.0,95.0,event
12:10:25.581,0.14466546,0.845034,-0.31743878,-0.19931385,0.2861018,0.7198218,-0.47094718,0.2642588,0.3823776,0.80162346,-0.1629165,0.2956977,0.7664772,0.32183683,0.18788072,0.8002469,1.0861472,0.21337306,0.13469413,1.2139573,769.59705,780.87915,820.3663,828.8278,1017.3993,-0.0091552734375,0.12322998046875,0.98028564453125,2.115936279296875,-3.357086181640625,0.43365478515625,1.0,1.0,1.0,1.0,1.0,95.0,event
12:10:25.582,0.14466546,0.845034,-0.31743878,-0.19931385,0.2861018,0.7198218,-0.47094718,0.2642588,0.3823776,0.80162346,-0.1629165,0.2956977,0.7664772,0.32183683,0.18788072,0.8002469,1.0861472,0.21337306,0.13469413,1.2139573,766.3736,791.3553,827.2161,821.5751,932.381,-0.0091552734375,0.12322998046875,0.98028564453125,2.115936279296875,-3.357086181640625,0.43365478515625,1.0,1.0,1.0,1.0,1.0,95.0,event
12:10:25.583,0.14466546,0.845034,-0.31743878,-0.19931385,0.2861018,0.7198218,-0.47094718,0.2642588,0.3823776,0.80162346,-0.1629165,0.2956977,0.7664772,0.32183683,0.18788072,0.8002469,1.0861472,0.21337306,0.13469413,1.2139573,788.5348,809.89014,804.2491,765.9707,720.84247,-0.0091552734375,0.12322998046875,0.98028564453125,2.115936279296875,-3.357086181640625,0.43365478515625,1.0,1.0,1.0,1.0,1.0,95.0,event
12:10:25.612,0.14466546,0.845034,-0.31743878,-0.19931385,0.2861018,0.7198218,-0.47094718,0.2642588,0.3823776,0.80162346,-0.1629165,0.2956977,0.7664772,0.32183683,0.18788072,0.8002469,1.0861472,0.21337306,0.13469413,1.2139573,796.1905,811.9048,795.78754,780.87915,762.3443,-0.01031494140625,0.126220703125,0.97137451171875,2.6019287109375,-3.401947021484375,0.022430419921875,1.0,1.0,1.0,1.0,1.0,95.0,event
12:10:25.613,0.14466546,0.845034,-0.31743878,-0.19931385,0.2861018,0.7198218,-0.47094718,0.2642588,0.3823776,0.80162346,-0.1629165,0.2956977,0.7664772,0.32183683,0.18788072,0.8002469,1.0861472,0.21337306,0.13469413,1.2139573,797.8022,809.89014,799.41394,793.7729,738.97437,-0.01031494140625,0.126220703125,0.97137451171875,2.6019287109375,-3.401947021484375,0.022430419921875,1.0,1.0,1.0,1.0,1.0,95.0,event
12:10:25.614,0.14466546,0.845034,-0.31743878,-0.19931385,0.2861018,0.7198218,-0.47094718,0.2642588,0.3823776,0.80162346,-0.1629165,0.2956977,0.7664772,0.32183683,0.18788072,0.8002469,1.0861472,0.21337306,0.13469413,1.2139573,809.89014,809.89014,802.23444,783.69965,745.82416,-0.01031494140625,0.126220703125,0.97137451171875,2.6019287109375,-3.401947021484375,0.022430419921875,1.0,1.0,1.0,1.0,1.0,95.0,event
12:10:25.614,0.14466546,0.9049892,-0.33667246,-0.19931385,0.2861018,0.7812506,-0.5300189,0.2642588,0.3823776,0.80162346,-0.20653616,0.2956977,0.7664772,0.31786573,0.15661508,0.8002469,1.0861472,0.21133728,0.12489694,1.2139573,793.7729,807.8755,807.8755,800.2198,738.97437,-0.01031494140625,0.126220703125,0.97137451171875,2.6019287109375,-3.401947021484375,0.022430419921875,1.0,1.0,1.0,1.0,1.0,95.0,event
12:10:25.620,0.14466546,0.9049892,-0.33667246,-0.19931385,0.2861018,0.7812506,-0.5300189,0.2642588,0.3823776,0.80162346,-0.20653616,0.2956977,0.7664772,0.31786573,0.15661508,0.8002469,1.0861472,0.21133728,0.12489694,1.2139573,784.5055,807.0696,796.5934,816.7399,953.73627,-0.01031494140625,0.126220703125,0.97137451171875,2.6019287109375,-3.401947021484375,0.022430419921875,1.0,1.0,1.0,1.0,1.0,95.0,event
12:10:25.620,0.14466546,0.9049892,-0.33667246,-0.19931385,0.2861018,0.7812506,-0.5300189,0.2642588,0.3823776,0.80162346,-0.20653616,0.2956977,0.7664772,0.31786573,0.15661508,0.8002469,1.0861472,0.21133728,0.12489694,1.2139573,763.5531,803.0403,803.44324,815.5311,851.79486,-0.01031494140625,0.126220703125,0.97137451171875,2.6019287109375,-3.401947021484375,0.022430419921875,1.0,1.0,1.0,1.0,1.0,95.0,event
12:10:25.621,0.14466546,0.9049892,-0.33667246,-0.19931385,0.2861018,0.7812506,-0.5300189,0.2642588,0.3823776,0.80162346,-0.20653616,0.2956977,0.7664772,0.31786573,0.15661508,0.8002469,1.0861472,0.21133728,0.12489694,1.2139573,823.9927,813.91943,803.0403,802.6374,935.2015,-0.01031494140625,0.126220703125,0.97137451171875,2.6019287109375,-3.401947021484375,0.022430419921875,1.0,1.0,1.0,1.0,1.0,95.0,event
12:10:25.622,0.14466546,0.9049892,-0.33667246,-0.19931385,0.2861018,0.7812506,-0.5300189,0.2642588,0.3823776,0.80162346,-0.20653616,0.2956977,0.7664772,0.31786573,0.15661508,0.8002469,1.0861472,0.21133728,0.12489694,1.2139573,803.0403,811.9048,805.4579,797.8022,819.15753,-0.01031494140625,0.126220703125,0.97137451171875,2.6019287109375,-3.401947021484375,0.022430419921875,1.0,1.0,1.0,1.0,1.0,95.0,event
12:10:25.622,0.14466546,0.9049892,-0.33667246,-0.19931385,0.2861018,0.7812506,-0.5300189,0.2642588,0.3823776,0.80162346,-0.20653616,0.2956977,0.7664772,0.31786573,0.15661508,0.8002469,1.0861472,0.21133728,0.12489694,1.2139573,773.6264,800.6227,803.8461,797.3993,845.34796,-0.01031494140625,0.126220703125,0.97137451171875,2.6019287109375,-3.401947021484375,0.022430419921875,1.0,1.0,1.0,1.0,1.0,95.0,event
12:10:25.623,0.14466546,0.9049892,-0.33667246,-0.19931385,0.2861018,0.7812506,-0.5300189,0.2642588,0.3823776,0.80162346,-0.20653616,0.2956977,0.7664772,0.31786573,0.15661508,0.8002469,1.0861472,0.21133728,0.12489694,1.2139573,778.46155,799.41394,805.8608,789.34064,903.36993,-0.01031494140625,0.126220703125,0.97137451171875,2.6019287109375,-3.401947021484375,0.022430419921875,1.0,1.0,1.0,1.0,1.0,95.0,event
12:10:25.624,0.14466546,0.9049892,-0.33667246,-0.19931385,0.2861018,0.7812506,-0.5300189,0.2642588,0.3823776,0.80162346,-0.20653616,0.2956977,0.7664772,0.31786573,0.15661508,0.8002469,1.0861472,0.21133728,0.12489694,1.2139573,800.2198,805.4579,803.44324,814.7253,681.3553,-0.01031494140625,0.126220703125,0.97137451171875,2.6019287109375,-3.401947021484375,0.022430419921875,1.0,1.0,1.0,1.0,1.0,95.0,event
12:10:25.625,0.14466546,0.9049892,-0.33667246,-0.19931385,0.2861018,0.7812506,-0.5300189,0.2642588,0.3823776,0.80162346,-0.20653616,0.2956977,0.7664772,0.31786573,0.15661508,0.8002469,1.0861472,0.21133728,0.12489694,1.2139573,823.9927,809.4872,799.81683,825.2015,701.0989,-0.01031494140625,0.126220703125,0.97137451171875,2.6019287109375,-3.401947021484375,0.022430419921875,1.0,1.0,1.0,1.0,1.0,95.0,event
12:10:25.655,0.14466546,0.9049892,-0.33667246,-0.19931385,0.2861018,0.7812506,-0.5300189,0.2642588,0.3823776,0.80162346,-0.20653616,0.2956977,0.7664772,0.31786573,0.15661508,0.8002469,1.0861472,0.21133728,0.12489694,1.2139573,815.5311,809.4872,805.4579,812.3077,814.7253,-0.01031494140625,0.126220703125,0.97137451171875,2.6019287109375,-3.401947021484375,0.022430419921875,1.0,1.0,1.0,1.0,1.0,95.0,event
12:10:25.658,0.14466546,0.9049892,-0.33667246,-0.19931385,0.2861018,0.7812506,-0.5300189,0.2642588,0.3823776,0.80162346,-0.20653616,0.2956977,0.7664772,0.31786573,0.15661508,0.8002469,1.0861472,0.21133728,0.12489694,1.2139573,777.25275,805.4579,815.5311,818.3516,746.63007,-0.01031494140625,0.126220703125,0.97137451171875,2.6019287109375,-3.401947021484375,0.022430419921875,1.0,1.0,1.0,1.0,1.0,95.0,event
12:10:25.659,0.14466546,0.9049892,-0.33667246,-0.19931385,0.2861018,0.7812506,-0.5300189,0.2642588,0.3823776,0.80162346,-0.20653616,0.2956977,0.7664772,0.31786573,0.15661508,0.8002469,1.0861472,0.21133728,0.12489694,1.2139573,817.1429,810.696,804.65204,806.6667,779.2674,-0.01031494140625,0.126220703125,0.97137451171875,2.6019287109375,-3.401947021484375,0.022430419921875,1.0,1.0,1.0,1.0,1.0,95.0,event
12:10:25.659,0.14466546,0.9049892,-0.33667246,-0.19931385,0.2861018,0.7812506,-0.5300189,0.2642588,0.3823776,0.80162346,-0.20653616,0.2956977,0.7664772,0.31786573,0.15661508,0.8002469,1.0861472,0.21133728,0.12489694,1.2139573,773.22345,806.26373,813.1135,811.50183,727.6923,-0.01031494140625,0.126220703125,0.97137451171875,2.6019287109375,-3.401947021484375,0.022430419921875,1.0,1.0,1.0,1.0,1.0,95.0,event
12:10:25.660,0.14466546,0.9049892,-0.33667246,-0.19931385,0.2861018,0.7812506,-0.5300189,0.2642588,0.3823776,0.80162346,-0.20653616,0.2956977,0.7664772,0.31786573,0.15661508,0.8002469,1.0861472,0.21133728,0.12489694,1.2139573,817.5458,795.78754,796.1905,814.3223,810.696,-0.01031494140625,0.126220703125,0.97137451171875,2.6019287109375,-3.401947021484375,0.022430419921875,1.0,1.0,1.0,1.0,1.0,95.0,event
12:10:25.662,0.14466546,0.9049892,-0.33667246,-0.19931385,0.2861018,0.7812506,-0.5300189,0.2642588,0.3823776,0.80162346,-0.20653616,0.2956977,0.7664772,0.31786573,0.15661508,0.8002469,1.0861472,0.21133728,0.12489694,1.2139573,803.0403,792.5641,795.78754,832.4542,805.05493,-0.01031494140625,0.126220703125,0.97137451171875,2.6019287109375,-3.401947021484375,0.022430419921875,1.0,1.0,1.0,1.0,1.0,95.0,event
12:10:25.663,0.14466546,0.9049892,-0.33667246,-0.19931385,0.2861018,0.7812506,-0.5300189,0.2642588,0.3823776,0.80162346,-0.20653616,0.2956977,0.7664772,0.31786573,0.15661508,0.8002469,1.0861472,0.21133728,0.12489694,1.2139573,795.78754,802.23444,808.2784,805.4579,836.8865,-0.01031494140625,0.126220703125,0.97137451171875,2.6019287109375,-3.401947021484375,0.022430419921875,1.0,1.0,1.0,1.0,1.0,95.0,event
12:10:25.664,0.14466546,0.9049892,-0.33667246,-0.19931385,0.2861018,0.7812506,-0.5300189,0.2642588,0.3823776,0.80162346,-0.20653616,0.2956977,0.7664772,0.31786573,0.15661508,0.8002469,1.0861472,0.21133728,0.12489694,1.2139573,781.28204,801.4286,814.3223,774.43225,887.6557,-0.01031494140625,0.126220703125,0.97137451171875,2.6019287109375,-3.401947021484375,0.022430419921875,1.0,1.0,1.0,1.0,1.0,95.0,event
12:10:25.665,0.14466546,0.9049892,-0.33667246,-0.19931385,0.2861018,0.7812506,-0.5300189,0.2642588,0.3823776,0.80162346,-0.20653616,0.2956977,0.7664772,0.31786573,0.15661508,0.8002469,1.0861472,0.21133728,0.12489694,1.2139573,780.07324,806.6667,809.0842,797.3993,1077.4359,-0.01031494140625,0.126220703125,0.97137451171875,2.6019287109375,-3.401947021484375,0.022430419921875,1.0,1.0,1.0,1.0,1.0,95.0,event
12:10:25.665,0.14466546,0.9049892,-0.33667246,-0.19931385,0.2861018,0.7812506,-0.5300189,0.2642588,0.3823776,0.80162346,-0.20653616,0.2956977,0.7664772,0.31786573,0.15661508,0.8002469,1.0861472,0.21133728,0.12489694,1.2139573,790.9524,807.47253,813.1135,812.71063,1002.0879,-0.01031494140625,0.126220703125,0.97137451171875,2.6019287109375,-3.401947021484375,0.022430419921875,1.0,1.0,1.0,1.0,1.0,95.0,event
12:10:25.666,0.14466546,0.9049892,-0.33667246,-0.19931385,0.2861018,0.7812506,-0.5300189,0.2642588,0.3823776,0.80162346,-0.20653616,0.2956977,0.7664772,0.31786573,0.15661508,0.8002469,1.0861472,0.21133728,0.12489694,1.2139573,799.81683,802.6374,807.8755,796.99634,755.4945,-0.01031494140625,0.126220703125,0.97137451171875,2.6019287109375,-3.401947021484375,0.022430419921875,1.0,1.0,1.0,1.0,1.0,95.0,event
12:10:25.667,0.14466546,0.9049892,-0.33667246,-0.19931385,0.2861018,0.7812506,-0.5300189,0.2642588,0.3823776,0.80162346,-0.20653616,0.2956977,0.7664772,0.31786573,0.15661508,0.8002469,1.0861472,0.21133728,0.12489694,1.2139573,810.293,802.6374,799.011,805.4579,743.8095,-0.01031494140625,0.126220703125,0.97137451171875,2.6019287109375,-3.401947021484375,0.022430419921875,1.0,1.0,1.0,1.0,1.0,95.0,event
12:10:25.688,0.14466546,0.9049892,-0.33667246,-0.19931385,0.2861018,0.7812506,-0.5300189,0.2642588,0.3823776,0.80162346,-0.20653616,0.2956977,0.7664772,0.31786573,0.15661508,0.8002469,1.0861472,0.21133728,0.12489694,1.2139573,809.4872,799.41394,806.6667,823.5897,704.7253,-0.0098876953125,0.1314697265625,0.9791259765625,2.82623291015625,-3.828125,0.560760498046875,1.0,1.0,1.0,1.0,1.0,95.0,event
12:10:25.689,0.14466546,0.9049892,-0.33667246,-0.19931385,0.2861018,0.7812506,-0.5300189,0.2642588,0.3823776,0.80162346,-0.20653616,0.2956977,0.7664772,0.31786573,0.15661508,0.8002469,1.0861472,0.21133728,0.12489694,1.2139573,801.4286,790.14655,809.0842,820.3663,720.84247,-0.0098876953125,0.1314697265625,0.9791259765625,2.82623291015625,-3.828125,0.560760498046875,1.0,1.0,1.0,1.0,1.0,95.0,event
12:10:25.690,0.14466546,0.9049892,-0.33667246,-0.19931385,0.2861018,0.7812506,-0.5300189,0.2642588,0.3823776,0.80162346,-0.20653616,0.2956977,0.7664772,0.31786573,0.15661508,0.8002469,1.0861472,0.21133728,0.12489694,1.2139573,788.1319,814.7253,814.7253,788.5348,796.5934,-0.0098876953125,0.1314697265625,0.9791259765625,2.82623291015625,-3.828125,0.560760498046875,1.0,1.0,1.0,1.0,1.0,95.0,event
12:10:25.690,0.14466546,0.9049892,-0.33667246,-0.19931385,0.2861018,0.7812506,-0.5300189,0.2642588,0.3823776,0.80162346,-0.20653616,0.2956977,0.7664772,0.31786573,0.15661508,0.8002469,1.0861472,0.21133728,0.12489694,1.2139573,811.9048,812.71063,813.1135,798.60803,759.5238,-0.0098876953125,0.1314697265625,0.9791259765625,2.82623291015625,-3.828125,0.560760498046875,1.0,1.0,1.0,1.0,1.0,95.0,event
12:10:25.690,0.14466546,0.9049892,-0.33667246,-0.19931385,0.2861018,0.7812506,-0.5300189,0.2642588,0.3823776,0.80162346,-0.20653616,0.2956977,0.7664772,0.31786573,0.15661508,0.8002469,1.0861472,0.21133728,0.12489694,1.2139573,787.72894,798.60803,809.0842,793.36993,811.9048,-0.0098876953125,0.1314697265625,0.9791259765625,2.82623291015625,-3.828125,0.560760498046875,1.0,1.0,1.0,1.0,1.0,95.0,event
12:10:25.691,0.14466546,0.92618877,-0.32187727,-0.19931385,0.2861018,0.80180705,-0.56245947,0.2642588,0.3823776,0.80162346,-0.31322482,0.2956977,0.7664772,0.30323538,0.12414897,0.8002469,1.0861472,0.20355871,0.09440282,1.2139573,812.71063,809.4872,803.8461,789.34064,835.6777,-0.0098876953125,0.1314697265625,0.9791259765625,2.82623291015625,-3.828125,0.560760498046875,1.0,1.0,1.0,1.0,1.0,95.0,event
12:10:25.695,0.14466546,0.92618877,-0.32187727,-0.19931385,0.2861018,0.80180705,-0.56245947,0.2642588,0.3823776,0.80162346,-0.31322482,0.2956977,0.7664772,0.30323538,0.12414897,0.8002469,1.0861472,0.20355871,0.09440282,1.2139573,783.69965,807.8755,798.60803,817.1429,827.2161,-0.0098876953125,0.1314697265625,0.9791259765625,2.82623291015625,-3.828125,0.560760498046875,1.0,1.0,1.0,1.0,1.0,95.0,event
12:10:25.695,0.14466546,0.92618877,-0.32187727,-0.19931385,0.2861018,0.80180705,-0.56245947,0.2642588,0.3823776,0.80162346,-0.31322482,0.2956977,0.7664772,0.30323538,0.12414897,0.8002469,1.0861472,0.20355871,0.09440282,1.2139573,774.83514,801.02563,806.6667,834.87177,885.2381,-0.0098876953125,0.1314697265625,0.9791259765625,2.82623291015625,-3.828125,0.560760498046875,1.0,1.0,1.0,1.0,1.0,95.0,event
12:10:25.696,0.14466546,0.92618877,-0.32187727,-0.19931385,0.2861018,0.80180705,-0.56245947,0.2642588,0.3823776,0.80162346,-0.31322482,0.2956977,0.7664772,0.30323538,0.12414897,0.8002469,1.0861472,0.20355871,0.09440282,1.2139573,783.69965,797.8022,810.293,815.5311,980.32965,-0.0098876953125,0.1314697265625,0.9791259765625,2.82623291015625,-3.828125,0.560760498046875,1.0,1.0,1.0,1.0,1.0,95.0,event
12:10:25.696,0.14466546,0.92618877,-0.32187727,-0.19931385,0.2861018,0.80180705,-0.56245947,0.2642588,0.3823776,0.80162346,-0.31322482,0.2956977,0.7664772,0.30323538,0.12414897,0.8002469,1.0861472,0.20355871,0.09440282,1.2139573,795.78754,802.6374,805.05493,785.31134,758.315,-0.0098876953125,0.1314697265625,0.9791259765625,2.82623291015625,-3.828125,0.560760498046875,1.0,1.0,1.0,1.0,1.0,95.0,event
12:10:25.697,0.14466546,0.92618877,-0.32187727,-0.19931385,0.2861018,0.80180705,-0.56245947,0.2642588,0.3823776,0.80162346,-0.31322482,0.2956977,0.7664772,0.30323538,0.12414897,0.8002469,1.0861472,0.20355871,0.09440282,1.2139573,801.8315,801.8315,800.2198,780.07324,744.61536,-0.0098876953125,0.1314697265625,0.9791259765625,2.82623291015625,-3.828125,0.560760498046875,1.0,1.0,1.0,1.0,1.0,95.0,event
12:10:25.698,0.14466546,0.92618877,-0.32187727,-0.19931385,0.2861018,0.80180705,-0.56245947,0.2642588,0.3823776,0.80162346,-0.31322482,0.2956977,0.7664772,0.30323538,0.12414897,0.8002469,1.0861472,0.20355871,0.09440282,1.2139573,793.7729,797.8022,796.1905,804.2491,822.7839,-0.0098876953125,0.1314697265625,0.9791259765625,2.82623291015625,-3.828125,0.560760498046875,1.0,1.0,1.0,1.0,1.0,95.0,event
12:10:25.748,0.14466546,0.92618877,-0.32187727,-0.19931385,0.2861018,0.80180705,-0.56245947,0.2642588,0.3823776,0.80162346,-0.31322482,0.2956977,0.7664772,0.30323538,0.12414897,0.8002469,1.0861472,0.20355871,0.09440282,1.2139573,793.36993,802.6374,795.78754,820.7692,736.55676,-0.012939453125,0.12518310546875,0.9805908203125,1.51031494140625,-4.11224365234375,0.3289794921875,1.0,1.0,1.0,1.0,1.0,95.0,event
12:10:25.748,0.14466546,0.92618877,-0.32187727,-0.19931385,0.2861018,0.80180705,-0.56245947,0.2642588,0.3823776,0.80162346,-0.31322482,0.2956977,0.7664772,0.30323538,0.12414897,0.8002469,1.0861472,0.20355871,0.09440282,1.2139573,797.8022,809.0842,788.5348,796.99634,705.12823,-0.012939453125,0.12518310546875,0.9805908203125,1.51031494140625,-4.11224365234375,0.3289794921875,1.0,1.0,1.0,1.0,1.0,95.0,event
12:10:25.749,0.14466546,0.92618877,-0.32187727,-0.19931385,0.2861018,0.80180705,-0.56245947,0.2642588,0.3823776,0.80162346,-0.31322482,0.2956977,0.7664772,0.30323538,0.12414897,0.8002469,1.0861472,0.20355871,0.09440282,1.2139573,817.1429,788.1319,807.0696,814.3223,743.4066,-0.012939453125,0.12518310546875,0.9805908203125,1.51031494140625,-4.11224365234375,0.3289794921875,1.0,1.0,1.0,1.0,1.0,95.0,event
12:10:25.749,0.14466546,0.92618877,-0.32187727,-0.19931385,0.2861018,0.80180705,-0.56245947,0.2642588,0.3823776,0.80162346,-0.31322482,0.2956977,0.7664772,0.30323538,0.12414897,0.8002469,1.0861472,0.20355871,0.09440282,1.2139573,807.0696,798.60803,788.5348,784.5055,715.2015,-0.012939453125,0.12518310546875,0.9805908203125,1.51031494140625,-4.11224365234375,0.3289794921875,1.0,1.0,1.0,1.0,1.0,95.0,event
12:10:25.750,0.14466546,0.92618877,-0.32187727,-0.19931385,0.2861018,0.80180705,-0.56245947,0.2642588,0.3823776,0.80162346,-0.31322482,0.2956977,0.7664772,0.30323538,0.12414897,0.8002469,1.0861472,0.20355871,0.09440282,1.2139573,798.20514,796.1905,817.1429,821.978,772.8205,-0.012939453125,0.12518310546875,0.9805908203125,1.51031494140625,-4.11224365234375,0.3289794921875,1.0,1.0,1.0,1.0,1.0,95.0,event
12:10:25.750,0.14466546,0.92618877,-0.32187727,-0.19931385,0.2861018,0.80180705,-0.56245947,0.2642588,0.3823776,0.80162346,-0.31322482,0.2956977,0.7664772,0.30323538,0.12414897,0.8002469,1.0861472,0.20355871,0.09440282,1.2139573,774.43225,799.011,802.23444,794.9817,783.2967,-0.012939453125,0.12518310546875,0.9805908203125,1.51031494140625,-4.11224365234375,0.3289794921875,1.0,1.0,1.0,1.0,1.0,95.0,event
12:10:25.750,0.14466546,0.92618877,-0.32187727,-0.19931385,0.2861018,0.80180705,-0.56245947,0.2642588,0.3823776,0.80162346,-0.31322482,0.2956977,0.7664772,0.30323538,0.12414897,0.8002469,1.0861472,0.20355871,0.09440282,1.2139573,781.685,802.6374,799.81683,803.8461,821.978,-0.012939453125,0.12518310546875,0.9805908203125,1.51031494140625,-4.11224365234375,0.3289794921875,1.0,1.0,1.0,1.0,1.0,95.0,event
12:10:25.751,0.14466546,0.92618877,-0.32187727,-0.19931385,0.2861018,0.80180705,-0.56245947,0.2642588,0.3823776,0.80162346,-0.31322482,0.2956977,0.7664772,0.30323538,0.12414897,0.8002469,1.0861472,0.20355871,0.09440282,1.2139573,775.64105,803.44324,812.71063,804.65204,1012.96704,-0.012939453125,0.12518310546875,0.9805908203125,1.51031494140625,-4.11224365234375,0.3289794921875,1.0,1.0,1.0,1.0,1.0,95.0,event
12:10:25.751,0.14466546,0.92618877,-0.32187727,-0.19931385,0.2861018,0.80180705,-0.56245947,0.2642588,0.3823776,0.80162346,-0.31322482,0.2956977,0.7664772,0.30323538,0.12414897,0.8002469,1.0861472,0.20355871,0.09440282,1.2139573,782.49084,801.8315,807.8755,786.1172,881.2088,-0.012939453125,0.12518310546875,0.9805908203125,1.51031494140625,-4.11224365234375,0.3289794921875,1.0,1.0,1.0,1.0,1.0,95.0,event
12:10:25.751,0.14466546,0.92618877,-0.32187727,-0.19931385,0.2861018,0.80180705,-0.56245947,0.2642588,0.3823776,0.80162346,-0.31322482,0.2956977,0.7664772,0.30323538,0.12414897,0.8002469,1.0861472,0.20355871,0.09440282,1.2139573,789.34064,800.2198,801.8315,793.36993,669.2674,-0.012939453125,0.12518310546875,0.9805908203125,1.51031494140625,-4.11224365234375,0.3289794921875,1.0,1.0,1.0,1.0,1.0,95.0,event
12:10:25.751,0.14466546,0.92618877,-0.32187727,-0.19931385,0.2861018,0.80180705,-0.56245947,0.2642588,0.3823776,0.80162346,-0.31322482,0.2956977,0.7664772,0.30323538,0.12414897,0.8002469,1.0861472,0.20355871,0.09440282,1.2139573,791.3553,799.81683,801.02563,813.91943,763.95605,-0.012939453125,0.12518310546875,0.9805908203125,1.51031494140625,-4.11224365234375,0.3289794921875,1.0,1.0,1.0,1.0,1.0,95.0,event
12:10:25.752,0.14466546,0.92618877,-0.32187727,-0.19931385,0.2861018,0.80180705,-0.56245947,0.2642588,0.3823776,0.80162346,-0.31322482,0.2956977,0.7664772,0.30323538,0.12414897,0.8002469,1.0861472,0.20355871,0.09440282,1.2139573,815.9341,803.0403,799.41394,813.1135,865.89746,-0.012939453125,0.12518310546875,0.9805908203125,1.51031494140625,-4.11224365234375,0.3289794921875,1.0,1.0,1.0,1.0,1.0,95.0,event
12:10:25.823,0.14466546,0.92618877,-0.32187727,-0.19931385,0.2861018,0.80180705,-0.56245947,0.2642588,0.3823776,0.80162346,-0.31322482,0.2956977,0.7664772,0.30323538,0.12414897,0.8002469,1.0861472,0.20355871,0.09440282,1.2139573,791.3553,803.44324,805.8608,784.90845,781.685,-0.00787353515625,0.12115478515625,0.98394775390625,1.98883056640625,-3.349609375,-0.299072265625,1.0,1.0,1.0,1.0,1.0,95.0,event
12:10:25.824,0.14466546,0.92618877,-0.32187727,-0.19931385,0.2861018,0.80180705,-0.56245947,0.2642588,0.3823776,0.80162346,-0.31322482,0.2956977,0.7664772,0.30323538,0.12414897,0.8002469,1.0861472,0.20355871,0.09440282,1.2139573,746.2271,805.05493,804.2491,772.8205,686.5934,-0.00787353515625,0.12115478515625,0.98394775390625,1.98883056640625,-3.349609375,-0.299072265625,1.0,1.0,1.0,1.0,1.0,95.0,event
12:10:25.825,0.14466546,0.92618877,-0.32187727,-0.19931385,0.2861018,0.80180705,-0.56245947,0.2642588,0.3823776,0.80162346,-0.31322482,0.2956977,0.7664772,0.30323538,0.12414897,0.8002469,1.0861472,0.20355871,0.09440282,1.2139573,755.89746,808.68134,800.6227,796.1905,770.40295,-0.00787353515625,0.12115478515625,0.98394775390625,1.98883056640625,-3.349609375,-0.299072265625,1.0,1.0,1.0,1.0,1.0,95.0,event
12:10:25.825,0.14466546,0.92618877,-0.32187727,-0.19931385,0.2861018,0.80180705,-0.56245947,0.2642588,0.3823776,0.80162346,-0.31322482,0.2956977,0.7664772,0.30323538,0.12414897,0.8002469,1.0861472,0.20355871,0.09440282,1.2139573,763.95605,808.68134,805.05493,808.2784,887.6557,-0.00787353515625,0.12115478515625,0.98394775390625,1.98883056640625,-3.349609375,-0.299072265625,1.0,1.0,1.0,1.0,1.0,95.0,event
12:10:25.826,0.14466546,0.92618877,-0.32187727,-0.19931385,0.2861018,0.80180705,-0.56245947,0.2642588,0.3823776,0.80162346,-0.31322482,0.2956977,0.7664772,0.30323538,0.12414897,0.8002469,1.0861472,0.20355871,0.09440282,1.2139573,764.35895,799.011,800.2198,794.17584,808.2784,-0.00787353515625,0.12115478515625,0.98394775390625,1.98883056640625,-3.349609375,-0.299072265625,1.0,1.0,1.0,1.0,1.0,95.0,event
12:10:25.826,0.14466546,0.92618877,-0.32187727,-0.19931385,0.2861018,0.80180705,-0.56245947,0.2642588,0.3823776,0.80162346,-0.31322482,0.2956977,0.7664772,0.30323538,0.12414897,0.8002469,1.0861472,0.20355871,0.09440282,1.2139573,794.17584,791.3553,801.8315,770.40295,783.2967,-0.00787353515625,0.12115478515625,0.98394775390625,1.98883056640625,-3.349609375,-0.299072265625,1.0,1.0,1.0,1.0,1.0,95.0,event
12:10:25.827,0.14466546,0.92618877,-0.32187727,-0.19931385,0.2861018,0.80180705,-0.56245947,0.2642588,0.3823776,0.80162346,-0.31322482,0.2956977,0.7664772,0.30323538,0.12414897,0.8002469,1.0861472,0.20355871,0.09440282,1.2139573,786.9231,793.36993,803.0403,767.1795,1037.9487,-0.00787353515625,0.12115478515625,0.98394775390625,1.98883056640625,-3.349609375,-0.299072265625,1.0,1.0,1.0,1.0,1.0,95.0,event
12:10:25.828,0.14466546,0.9300554,-0.28669035,-0.19931385,0.2861018,0.8055593,-0.57706,0.2642588,0.3823776,0.80162346,-0.36742485,0.2956977,0.7664772,0.2891523,0.10780836,0.8002469,1.0861472,0.18955834,0.04858023,1.2139573,763.1502,805.05493,802.23444,788.93774,1033.1135,-0.00787353515625,0.12115478515625,0.98394775390625,1.98883056640625,-3.349609375,-0.299072265625,1.0,1.0,1.0,1.0,1.0,95.0,event
12:10:25.832,0.14466546,0.9300554,-0.28669035,-0.19931385,0.2861018,0.8055593,-0.57706,0.2642588,0.3823776,0.80162346,-0.36742485,0.2956977,0.7664772,0.2891523,0.10780836,0.8002469,1.0861472,0.18955834,0.04858023,1.2139573,780.4762,816.7399,798.20514,801.02563,739.3773,-0.00787353515625,0.12115478515625,0.98394775390625,1.98883056640625,-3.349609375,-0.299072265625,1.0,1.0,1.0,1.0,1.0,95.0,event
12:10:25.833,0.14466546,0.9300554,-0.28669035,-0.19931385,0.2861018,0.8055593,-0.57706,0.2642588,0.3823776,0.80162346,-0.36742485,0.2956977,0.7664772,0.2891523,0.10780836,0.8002469,1.0861472,0.18955834,0.04858023,1.2139573,796.1905,819.5604,790.54944,811.50183,719.2308,-0.00787353515625,0.12115478515625,0.98394775390625,1.98883056640625,-3.349609375,-0.299072265625,1.0,1.0,1.0,1.0,1.0,95.0,event
12:10:25.834,0.14466546,0.9300554,-0.28669035,-0.19931385,0.2861018,0.8055593,-0.57706,0.2642588,0.3823776,0.80162346,-0.36742485,0.2956977,0.7664772,0.2891523,0.10780836,0.8002469,1.0861472,0.18955834,0.04858023,1.2139573,807.0696,814.3223,802.6374,812.71063,761.9414,-0.00787353515625,0.12115478515625,0.98394775390625,1.98883056640625,-3.349609375,-0.299072265625,1.0,1.0,1.0,1.0,1.0,95.0,event
12:10:25.836,0.14466546,0.9300554,-0.28669035,-0.19931385,0.2861018,0.8055593,-0.57706,0.2642588,0.3823776,0.80162346,-0.36742485,0.2956977,0.7664772,0.2891523,0.10780836,0.8002469,1.0861472,0.18955834,0.04858023,1.2139573,783.2967,805.4579,814.7253,792.96704,699.0842,-0.00787353515625,0.12115478515625,0.98394775390625,1.98883056640625,-3.349609375,-0.299072265625,1.0,1.0,1.0,1.0,1.0,95.0,event
12:10:25.863,0.14466546,0.9300554,-0.28669035,-0.19931385,0.2861018,0.8055593,-0.57706,0.2642588,0.3823776,0.80162346,-0.36742485,0.2956977,0.7664772,0.2891523,0.10780836,0.8002469,1.0861472,0.18955834,0.04858023,1.2139573,763.5531,800.6227,802.6374,788.1319,687.3993,-0.00787353515625,0.12115478515625,0.98394775390625,1.98883056640625,-3.349609375,-0.299072265625,1.0,1.0,1.0,1.0,1.0,95.0,event
12:10:25.864,0.14466546,0.9300554,-0.28669035,-0.19931385,0.2861018,0.8055593,-0.57706,0.2642588,0.3823776,0.80162346,-0.36742485,0.2956977,0.7664772,0.2891523,0.10780836,0.8002469,1.0861472,0.18955834,0.04858023,1.2139573,773.6264,791.75824,813.1135,798.20514,774.83514,-0.00787353515625,0.12115478515625,0.98394775390625,1.98883056640625,-3.349609375,-0.299072265625,1.0,1.0,1.0,1.0,1.0,95.0,event
12:10:25.865,0.14466546,0.9300554,-0.28669035,-0.19931385,0.2861018,0.8055593,-0.57706,0.2642588,0.3823776,0.80162346,-0.36742485,0.2956977,0.7664772,0.2891523,0.10780836,0.8002469,1.0861472,0.18955834,0.04858023,1.2139573,784.90845,782.8938,831.6484,799.41394,883.22345,-0.00787353515625,0.12115478515625,0.98394775390625,1.98883056640625,-3.349609375,-0.299072265625,1.0,1.0,1.0,1.0,1.0,95.0,event
12:10:25.867,0.14466546,0.9300554,-0.28669035,-0.19931385,0.2861018,0.8055593,-0.57706,0.2642588,0.3823776,0.80162346,-0.36742485,0.2956977,0.7664772,0.2891523,0.10780836,0.8002469,1.0861472,0.18955834,0.04858023,1.2139573,770.80585,794.9817,820.3663,784.5055,761.53845,-0.00787353515625,0.12115478515625,0.98394775390625,1.98883056640625,-3.349609375,-0.299072265625,1.0,1.0,1.0,1.0,1.0,95.0,event
12:10:25.868,0.14466546,0.9300554,-0.28669035,-0.19931385,0.2861018,0.8055593,-0.57706,0.2642588,0.3823776,0.80162346,-0.36742485,0.2956977,0.7664772,0.2891523,0.10780836,0.8002469,1.0861472,0.18955834,0.04858023,1.2139573,754.68866,796.1905,818.3516,765.9707,670.87915,-0.00787353515625,0.12115478515625,0.98394775390625,1.98883056640625,-3.349609375,-0.299072265625,1.0,1.0,1.0,1.0,1.0,95.0,event
12:10:25.869,0.14466546,0.9300554,-0.28669035,-0.19931385,0.2861018,0.8055593,-0.57706,0.2642588,0.3823776,0.80162346,-0.36742485,0.2956977,0.7664772,0.2891523,0.10780836,0.8002469,1.0861472,0.18955834,0.04858023,1.2139573,772.01465,793.7729,811.0989,769.19415,804.2491,-0.00787353515625,0.12115478515625,0.98394775390625,1.98883056640625,-3.349609375,-0.299072265625,1.0,1.0,1.0,1.0,1.0,95.0,event
12:10:25.870,0.14466546,0.9300554,-0.28669035,-0.19931385,0.2861018,0.8055593,-0.57706,0.2642588,0.3823776,0.80162346,-0.36742485,0.2956977,0.7664772,0.2891523,0.10780836,0.8002469,1.0861472,0.18955834,0.04858023,1.2139573,765.16486,795.78754,805.4579,794.9817,1093.1501,-0.00787353515625,0.12115478515625,0.98394775390625,1.98883056640625,-3.349609375,-0.299072265625,1.0,1.0,1.0,1.0,1.0,95.0,event
12:10:25.871,0.14466546,0.9300554,-0.28669035,-0.19931385,0.2861018,0.8055593,-0.57706,0.2642588,0.3823776,0.80162346,-0.36742485,0.2956977,0.7664772,0.2891523,0.10780836,0.8002469,1.0861472,0.18955834,0.04858023,1.2139573,758.315,792.1612,800.2198,814.7253,970.65936,-0.00787353515625,0.12115478515625,0.98394775390625,1.98883056640625,-3.349609375,-0.299072265625,1.0,1.0,1.0,1.0,1.0,95.0,event
12:10:25.871,0.14466546,0.9300554,-0.28669035,-0.19931385,0.2861018,0.8055593,-0.57706,0.2642588,0.3823776,0.80162346,-0.36742485,0.2956977,0.7664772,0.2891523,0.10780836,0.8002469,1.0861472,0.18955834,0.04858023,1.2139573,771.2088,799.011,796.99634,792.5641,682.5641,-0.00787353515625,0.12115478515625,0.98394775390625,1.98883056640625,-3.349609375,-0.299072265625,1.0,1.0,1.0,1.0,1.0,95.0,event
12:10:25.872,0.14466546,0.9300554,-0.28669035,-0.19931385,0.2861018,0.8055593,-0.57706,0.2642588,0.3823776,0.80162346,-0.36742485,0.2956977,0.7664772,0.2891523,0.10780836,0.8002469,1.0861472,0.18955834,0.04858023,1.2139573,783.69965,806.6667,803.8461,776.4469,724.87177,-0.00787353515625,0.12115478515625,0.98394775390625,1.98883056640625,-3.349609375,-0.299072265625,1.0,1.0,1.0,1.0,1.0,95.0,event
12:10:25.873,0.14466546,0.9300554,-0.28669035,-0.19931385,0.2861018,0.8055593,-0.57706,0.2642588,0.3823776,0.80162346,-0.36742485,0.2956977,0.7664772,0.2891523,0.10780836,0.8002469,1.0861472,0.18955834,0.04858023,1.2139573,785.31134,801.4286,811.0989,796.99634,660.0,-0.00787353515625,0.12115478515625,0.98394775390625,1.98883056640625,-3.349609375,-0.299072265625,1.0,1.0,1.0,1.0,1.0,95.0,event
12:10:25.873,0.14466546,0.9300554,-0.28669035,-0.19931385,0.2861018,0.8055593,-0.57706,0.2642588,0.3823776,0.80162346,-0.36742485,0.2956977,0.7664772,0.2891523,0.10780836,0.8002469,1.0861472,0.18955834,0.04858023,1.2139573,779.2674,802.23444,809.4872,802.23444,771.6117,-0.00787353515625,0.12115478515625,0.98394775390625,1.98883056640625,-3.349609375,-0.299072265625,1.0,1.0,1.0,1.0,1.0,95.0,event
12:10:25.910,0.14466546,0.9300554,-0.28669035,-0.19931385,0.2861018,0.8055593,-0.57706,0.2642588,0.3823776,0.80162346,-0.36742485,0.2956977,0.7664772,0.2891523,0.10780836,0.8002469,1.0861472,0.18955834,0.04858023,1.2139573,795.78754,803.44324,813.1135,809.0842,669.2674,-0.01165771484375,0.1239013671875,0.97821044921875,2.1234130859375,-3.60382080078125,-0.31402587890625,1.0,1.0,1.0,1.0,1.0,95.0,event
12:10:25.911,0.14466546,0.9300554,-0.28669035,-0.19931385,0.2861018,0.8055593,-0.57706,0.2642588,0.3823776,0.80162346,-0.36742485,0.2956977,0.7664772,0.2891523,0.10780836,0.8002469,1.0861472,0.18955834,0.04858023,1.2139573,789.34064,805.05493,805.8608,832.0513,803.0403,-0.01165771484375,0.1239013671875,0.97821044921875,2.1234130859375,-3.60382080078125,-0.31402587890625,1.0,1.0,1.0,1.0,1.0,95.0,event
12:10:25.912,0.14466546,0.9300554,-0.28669035,-0.19931385,0.2861018,0.8055593,-0.57706,0.2642588,0.3823776,0.80162346,-0.36742485,0.2956977,0.7664772,0.2891523,0.10780836,0.8002469,1.0861472,0.18955834,0.04858023,1.2139573,780.87915,805.4579,796.1905,788.93774,767.1795,-0.01165771484375,0.1239013671875,0.97821044921875,2.1234130859375,-3.60382080078125,-0.31402587890625,1.0,1.0,1.0,1.0,1.0,95.0,event
12:10:25.913,0.14466546,0.9300554,-0.28669035,-0.19931385,0.2861018,0.8055593,-0.57706,0.2642588,0.3823776,0.80162346,-0.36742485,0.2956977,0.7664772,0.2891523,0.10780836,0.8002469,1.0861472,0.18955834,0.04858023,1.2139573,771.2088,794.17584,807.0696,761.53845,671.685,-0.01165771484375,0.1239013671875,0.97821044921875,2.1234130859375,-3.60382080078125,-0.31402587890625,1.0,1.0,1.0,1.0,1.0,95.0,event
12:10:25.913,0.14466546,0.9300554,-0.28669035,-0.19931385,0.2861018,0.8055593,-0.57706,0.2642588,0.3823776,0.80162346,-0.36742485,0.2956977,0.7664772,0.2891523,0.10780836,0.8002469,1.0861472,0.18955834,0.04858023,1.2139573,774.0293,795.38464,809.89014,776.8498,701.50183,-0.01165771484375,0.1239013671875,0.97821044921875,2.1234130859375,-3.60382080078125,-0.31402587890625,1.0,1.0,1.0,1.0,1.0,95.0,event
12:10:25.914,0.14466546,0.9300554,-0.28669035,-0.19931385,0.2861018,0.8055593,-0.57706,0.2642588,0.3823776,0.80162346,-0.36742485,0.2956977,0.7664772,0.2891523,0.10780836,0.8002469,1.0861472,0.18955834,0.04858023,1.2139573,782.8938,796.5934,812.71063,806.6667,857.4359,-0.01165771484375,0.1239013671875,0.97821044921875,2.1234130859375,-3.60382080078125,-0.31402587890625,1.0,1.0,1.0,1.0,1.0,95.0,event
12:10:25.914,0.14466546,0.9300554,-0.28669035,-0.19931385,0.2861018,0.8055593,-0.57706,0.2642588,0.3823776,0.80162346,-0.36742485,0.2956977,0.7664772,0.2891523,0.10780836,0.8002469,1.0861472,0.18955834,0.04858023,1.2139573,797.3993,792.1612,815.12823,803.0403,894.10254,-0.01165771484375,0.1239013671875,0.97821044921875,2.1234130859375,-3.60382080078125,-0.31402587890625,1.0,1.0,1.0,1.0,1.0,95.0,event
12:10:25.915,0.14466546,0.9300554,-0.28669035,-0.19931385,0.2861018,0.8055593,-0.57706,0.2642588,0.3823776,0.80162346,-0.36742485,0.2956977,0.7664772,0.2891523,0.10780836,0.8002469,1.0861472,0.18955834,0.04858023,1.2139573,778.0586,799.41394,804.2491,773.6264,836.4835,-0.01165771484375,0.1239013671875,0.97821044921875,2.1234130859375,-3.60382080078125,-0.31402587890625,1.0,1.0,1.0,1.0,1.0,95.0,event
12:10:25.916,0.14466546,0.9300554,-0.28669035,-0.19931385,0.2861018,0.8055593,-0.57706,0.2642588,0.3823776,0.80162346,-0.36742485,0.2956977,0.7664772,0.2891523,0.10780836,0.8002469,1.0861472,0.18955834,0.04858023,1.2139573,757.1062,807.0696,792.5641,779.67035,767.98535,-0.01165771484375,0.1239013671875,0.97821044921875,2.1234130859375,-3.60382080078125,-0.31402587890625,1.0,1.0,1.0,1.0,1.0,95.0,event
12:10:25.916,0.12858808,0.92940927,-0.24843128,-0.19476034,0.28717345,0.8053518,-0.58721715,0.2175636,0.37786934,0.80162346,-0.4254384,0.08197995,0.76902187,0.28275385,0.114628784,0.82300884,1.107541,0.17420007,0.005870353,1.2458669,804.65204,804.2491,803.0403,813.1135,973.47986,-0.01165771484375,0.1239013671875,0.97821044921875,2.1234130859375,-3.60382080078125,-0.31402587890625,1.0,1.0,1.0,1.0,1.0,95.0,event
12:10:25.921,0.12858808,0.92940927,-0.24843128,-0.19476034,0.28717345,0.8053518,-0.58721715,0.2175636,0.37786934,0.80162346,-0.4254384,0.08197995,0.76902187,0.28275385,0.114628784,0.82300884,1.107541,0.17420007,0.005870353,1.2458669,757.50916,803.0403,810.293,808.68134,800.2198,-0.01165771484375,0.1239013671875,0.97821044921875,2.1234130859375,-3.60382080078125,-0.31402587890625,1.0,1.0,1.0,1.0,1.0,95.0,event
12:10:25.921,0.12858808,0.92940927,-0.24843128,-0.19476034,0.28717345,0.8053518,-0.58721715,0.2175636,0.37786934,0.80162346,-0.4254384,0.08197995,0.76902187,0.28275385,0.114628784,0.82300884,1.107541,0.17420007,0.005870353,1.2458669,826.8132,800.2198,809.0842,834.0659,1107.2528,-0.01165771484375,0.1239013671875,0.97821044921875,2.1234130859375,-3.60382080078125,-0.31402587890625,1.0,1.0,1.0,1.0,1.0,95.0,event
12:10:25.949,0.12858808,0.92940927,-0.24843128,-0.19476034,0.28717345,0.8053518,-0.58721715,0.2175636,0.37786934,0.80162346,-0.4254384,0.08197995,0.76902187,0.28275385,0.114628784,0.82300884,1.107541,0.17420007,0.005870353,1.2458669,761.53845,799.81683,817.9487,770.40295,737.76556,-0.00762939453125,0.125244140625,0.9869384765625,2.848663330078125,-3.887939453125,0.37384033203125,1.0,1.0,1.0,1.0,1.0,95.0,event
12:10:25.950,0.12858808,0.92940927,-0.24843128,-0.19476034,0.28717345,0.8053518,-0.58721715,0.2175636,0.37786934,0.80162346,-0.4254384,0.08197995,0.76902187,0.28275385,0.114628784,0.82300884,1.107541,0.17420007,0.005870353,1.2458669,793.36993,801.02563,808.68134,761.13556,786.1172,-0.00762939453125,0.125244140625,0.9869384765625,2.848663330078125,-3.887939453125,0.37384033203125,1.0,1.0,1.0,1.0,1.0,95.0,event
12:10:25.950,0.12858808,0.92940927,-0.24843128,-0.19476034,0.28717345,0.8053518,-0.58721715,0.2175636,0.37786934,0.80162346,-0.4254384,0.08197995,0.76902187,0.28275385,0.114628784,0.82300884,1.107541,0.17420007,0.005870353,1.2458669,778.86444,809.89014,798.20514,768.7912,756.30035,-0.00762939453125,0.125244140625,0.9869384765625,2.848663330078125,-3.887939453125,0.37384033203125,1.0,1.0,1.0,1.0,1.0,95.0,event
12:10:25.951,0.12858808,0.92940927,-0.24843128,-0.19476034,0.28717345,0.8053518,-0.58721715,0.2175636,0.37786934,0.80162346,-0.4254384,0.08197995,0.76902187,0.28275385,0.114628784,0.82300884,1.107541,0.17420007,0.005870353,1.2458669,770.80585,809.4872,799.011,784.5055,745.82416,-0.00762939453125,0.125244140625,0.9869384765625,2.848663330078125,-3.887939453125,0.37384033203125,1.0,1.0,1.0,1.0,1.0,95.0,event
12:10:25.951,0.12858808,0.92940927,-0.24843128,-0.19476034,0.28717345,0.8053518,-0.58721715,0.2175636,0.37786934,0.80162346,-0.4254384,0.08197995,0.76902187,0.28275385,0.114628784,0.82300884,1.107541,0.17420007,0.005870353,1.2458669,783.2967,812.71063,805.4579,784.90845,818.3516,-0.00762939453125,0.125244140625,0.9869384765625,2.848663330078125,-3.887939453125,0.37384033203125,1.0,1.0,1.0,1.0,1.0,95.0,event
12:10:25.952,0.12858808,0.92940927,-0.24843128,-0.19476034,0.28717345,0.8053518,-0.58721715,0.2175636,0.37786934,0.80162346,-0.4254384,0.08197995,0.76902187,0.28275385,0.114628784,0.82300884,1.107541,0.17420007,0.005870353,1.2458669,790.54944,811.50183,807.8755,779.2674,962.6007,-0.00762939453125,0.125244140625,0.9869384765625,2.848663330078125,-3.887939453125,0.37384033203125,1.0,1.0,1.0,1.0,1.0,95.0,event
12:10:25.953,0.12858808,0.92940927,-0.24843128,-0.19476034,0.28717345,0.8053518,-0.58721715,0.2175636,0.37786934,0.80162346,-0.4254384,0.08197995,0.76902187,0.28275385,0.114628784,0.82300884,1.107541,0.17420007,0.005870353,1.2458669,783.69965,799.81683,803.8461,806.26373,929.9634,-0.00762939453125,0.125244140625,0.9869384765625,2.848663330078125,-3.887939453125,0.37384033203125,1.0,1.0,1.0,1.0,1.0,95.0,event
12:10:25.953,0.12858808,0.92940927,-0.24843128,-0.19476034,0.28717345,0.8053518,-0.58721715,0.2175636,0.37786934,0.80162346,-0.4254384,0.08197995,0.76902187,0.28275385,0.114628784,0.82300884,1.107541,0.17420007,0.005870353,1.2458669,792.5641,796.1905,809.0842,839.304,764.35895,-0.00762939453125,0.125244140625,0.9869384765625,2.848663330078125,-3.887939453125,0.37384033203125,1.0,1.0,1.0,1.0,1.0,95.0,event
12:10:25.954,0.12858808,0.92940927,-0.24843128,-0.19476034,0.28717345,0.8053518,-0.58721715,0.2175636,0.37786934,0.80162346,-0.4254384,0.08197995,0.76902187,0.28275385,0.114628784,0.82300884,1.107541,0.17420007,0.005870353,1.2458669,796.1905,803.0403,798.60803,775.2381,1048.8279,-0.00762939453125,0.125244140625,0.9869384765625,2.848663330078125,-3.887939453125,0.37384033203125,1.0,1.0,1.0,1.0,1.0,95.0,event
12:10:25.954,0.12858808,0.92940927,-0.24843128,-0.19476034,0.28717345,0.8053518,-0.58721715,0.2175636,0.37786934,0.80162346,-0.4254384,0.08197995,0.76902187,0.28275385,0.114628784,0.82300884,1.107541,0.17420007,0.005870353,1.2458669,797.8022,797.3993,802.6374,814.7253,763.5531,-0.00762939453125,0.125244140625,0.9869384765625,2.848663330078125,-3.887939453125,0.37384033203125,1.0,1.0,1.0,1.0,1.0,95.0,event
12:10:25.955,0.12858808,0.92940927,-0.24843128,-0.19476034,0.28717345,0.8053518,-0.58721715,0.2175636,0.37786934,0.80162346,-0.4254384,0.08197995,0.76902187,0.28275385,0.114628784,0.82300884,1.107541,0.17420007,0.005870353,1.2458669,791.3553,805.8608,805.4579,773.22345,962.1978,-0.00762939453125,0.125244140625,0.9869384765625,2.848663330078125,-3.887939453125,0.37384033203125,1.0,1.0,1.0,1.0,1.0,95.0,event
12:10:25.956,0.12858808,0.92940927,-0.24843128,-0.19476034,0.28717345,0.8053518,-0.58721715,0.2175636,0.37786934,0.80162346,-0.4254384,0.08197995,0.76902187,0.28275385,0.114628784,0.82300884,1.107541,0.17420007,0.005870353,1.2458669,788.93774,803.8461,799.41394,796.99634,633.00366,-0.00762939453125,0.125244140625,0.9869384765625,2.848663330078125,-3.887939453125,0.37384033203125,1.0,1.0,1.0,1.0,1.0,95.0,event
12:10:25.990,0.12858808,0.92940927,-0.24843128,-0.19476034,0.28717345,0.8053518,-0.58721715,0.2175636,0.37786934,0.80162346,-0.4254384,0.08197995,0.76902187,0.28275385,0.114628784,0.82300884,1.107541,0.17420007,0.005870353,1.2458669,799.41394,801.02563,800.6227,814.3223,665.64105,-0.0089111328125,0.1282958984375,0.9788818359375,2.519683837890625,-3.940277099609375,0.2093505859375,1.0,1.0,1.0,1.0,1.0,95.0,event
12:10:25.992,0.12858808,0.92940927,-0.24843128,-0.19476034,0.28717345,0.8053518,-0.58721715,0.2175636,0.37786934,0.80162346,-0.4254384,0.08197995,0.76902187,0.28275385,0.114628784,0.82300884,1.107541,0.17420007,0.005870353,1.2458669,790.14655,796.5934,807.8755,811.9048,713.5897,-0.0089111328125,0.1282958984375,0.9788818359375,2.519683837890625,-3.940277099609375,0.2093505859375,1.0,1.0,1.0,1.0,1.0,95.0,event
12:10:25.992,0.12858808,0.92940927,-0.24843128,-0.19476034,0.28717345,0.8053518,-0.58721715,0.2175636,0.37786934,0.80162346,-0.4254384,0.08197995,0.76902187,0.28275385,0.114628784,0.82300884,1.107541,0.17420007,0.005870353,1.2458669,780.87915,799.81683,815.9341,799.011,661.6117,-0.0089111328125,0.1282958984375,0.9788818359375,2.519683837890625,-3.940277099609375,0.2093505859375,1.0,1.0,1.0,1.0,1.0,95.0,event
12:10:25.993,0.12858808,0.92940927,-0.24843128,-0.19476034,0.28717345,0.8053518,-0.58721715,0.2175636,0.37786934,0.80162346,-0.4254384,0.08197995,0.76902187,0.28275385,0.114628784,0.82300884,1.107541,0.17420007,0.005870353,1.2458669,773.6264,803.44324,813.91943,790.9524,686.5934,-0.0089111328125,0.1282958984375,0.9788818359375,2.519683837890625,-3.940277099609375,0.2093505859375,1.0,1.0,1.0,1.0,1.0,95.0,event
12:10:25.993,0.12858808,0.92940927,-0.24843128,-0.19476034,0.28717345,0.8053518,-0.58721715,0.2175636,0.37786934,0.80162346,-0.4254384,0.08197995,0.76902187,0.28275385,0.114628784,0.82300884,1.107541,0.17420007,0.005870353,1.2458669,785.7143,805.05493,810.293,799.81683,743.8095,-0.0089111328125,0.1282958984375,0.9788818359375,2.519683837890625,-3.940277099609375,0.2093505859375,1.0,1.0,1.0,1.0,1.0,95.0,event
12:10:25.994,0.12858808,0.92940927,-0.24843128,-0.19476034,0.28717345,0.8053518,-0.58721715,0.2175636,0.37786934,0.80162346,-0.4254384,0.08197995,0.76902187,0.28275385,0.114628784,0.82300884,1.107541,0.17420007,0.005870353,1.2458669,817.1429,803.8461,809.89014,838.9011,785.7143,-0.0089111328125,0.1282958984375,0.9788818359375,2.519683837890625,-3.940277099609375,0.2093505859375,1.0,1.0,1.0,1.0,1.0,95.0,event
12:10:25.995,0.12858808,0.92940927,-0.24843128,-0.19476034,0.28717345,0.8053518,-0.58721715,0.2175636,0.37786934,0.80162346,-0.4254384,0.08197995,0.76902187,0.28275385,0.114628784,0.82300884,1.107541,0.17420007,0.005870353,1.2458669,820.3663,818.3516,796.5934,811.9048,898.5348,-0.0089111328125,0.1282958984375,0.9788818359375,2.519683837890625,-3.940277099609375,0.2093505859375,1.0,1.0,1.0,1.0,1.0,95.0,event
12:10:25.995,0.12858808,0.92940927,-0.24843128,-0.19476034,0.28717345,0.8053518,-0.58721715,0.2175636,0.37786934,0.80162346,-0.4254384,0.08197995,0.76902187,0.28275385,0.114628784,0.82300884,1.107541,0.17420007,0.005870353,1.2458669,834.0659,812.71063,794.57874,842.9304,859.45056,-0.0089111328125,0.1282958984375,0.9788818359375,2.519683837890625,-3.940277099609375,0.2093505859375,1.0,1.0,1.0,1.0,1.0,95.0,event
12:10:25.996,0.12858808,0.92940927,-0.24843128,-0.19476034,0.28717345,0.8053518,-0.58721715,0.2175636,0.37786934,0.80162346,-0.4254384,0.08197995,0.76902187,0.28275385,0.114628784,0.82300884,1.107541,0.17420007,0.005870353,1.2458669,781.28204,803.8461,813.1135,801.8315,975.89746,-0.0089111328125,0.1282958984375,0.9788818359375,2.519683837890625,-3.940277099609375,0.2093505859375,1.0,1.0,1.0,1.0,1.0,95.0,event
12:10:25.996,0.12858808,0.92940927,-0.24843128,-0.19476034,0.28717345,0.8053518,-0.58721715,0.2175636,0.37786934,0.80162346,-0.4254384,0.08197995,0.76902187,0.28275385,0.114628784,0.82300884,1.107541,0.17420007,0.005870353,1.2458669,756.7033,795.38464,809.4872,780.87915,958.5714,-0.0089111328125,0.1282958984375,0.9788818359375,2.519683837890625,-3.940277099609375,0.2093505859375,1.0,1.0,1.0,1.0,1.0,95.0,event
12:10:25.997,0.12858808,0.92940927,-0.24843128,-0.19476034,0.28717345,0.8053518,-0.58721715,0.2175636,0.37786934,0.80162346,-0.4254384,0.08197995,0.76902187,0.28275385,0.114628784,0.82300884,1.107541,0.17420007,0.005870353,1.2458669,763.5531,802.6374,804.65204,766.77655,726.4835,-0.0089111328125,0.1282958984375,0.9788818359375,2.519683837890625,-3.940277099609375,0.2093505859375,1.0,1.0,1.0,1.0,1.0,95.0,event
12:10:25.998,0.12858808,0.92914283,-0.21246214,-0.19476034,0.28717345,0.80556,-0.5974605,0.2175636,0.37786934,0.80162346,-0.4468745,0.08197995,0.76902187,0.28537008,0.1377246,0.82300884,1.107541,0.16743225,-0.018748784,1.2458669,778.0586,805.05493,804.2491,792.96704,747.03296,-0.0089111328125,0.1282958984375,0.9788818359375,2.519683837890625,-3.940277099609375,0.2093505859375,1.0,1.0,1.0,1.0,1.0,95.0,event
12:10:26.031,0.12858808,0.92914283,-0.21246214,-0.19476034,0.28717345,0.80556,-0.5974605,0.2175636,0.37786934,0.80162346,-0.4468745,0.08197995,0.76902187,0.28537008,0.1377246,0.82300884,1.107541,0.16743225,-0.018748784,1.2458669,785.7143,806.6667,799.41394,820.7692,911.8315,-0.008056640625,0.1265869140625,0.98193359375,1.891632080078125,-4.059906005859375,0.46356201171875,1.0,1.0,1.0,1.0,1.0,95.0,event
12:10:26.032,0.12858808,0.92914283,-0.21246214,-0.19476034,0.28717345,0.80556,-0.5974605,0.2175636,0.37786934,0.80162346,-0.4468745,0.08197995,0.76902187,0.28537008,0.1377246,0.82300884,1.107541,0.16743225,-0.018748784,1.2458669,792.1612,801.8315,804.65204,821.5751,770.0,-0.008056640625,0.1265869140625,0.98193359375,1.891632080078125,-4.059906005859375,0.46356201171875,1.0,1.0,1.0,1.0,1.0,95.0,event
12:10:26.033,0.12858808,0.92914283,-0.21246214,-0.19476034,0.28717345,0.80556,-0.5974605,0.2175636,0.37786934,0.80162346,-0.4468745,0.08197995,0.76902187,0.28537008,0.1377246,0.82300884,1.107541,0.16743225,-0.018748784,1.2458669,803.8461,796.5934,804.65204,809.89014,606.4103,-0.008056640625,0.1265869140625,0.98193359375,1.891632080078125,-4.059906005859375,0.46356201171875,1.0,1.0,1.0,1.0,1.0,95.0,event
12:10:26.034,0.12858808,0.92914283,-0.21246214,-0.19476034,0.28717345,0.80556,-0.5974605,0.2175636,0.37786934,0.80162346,-0.4468745,0.08197995,0.76902187,0.28537008,0.1377246,0.82300884,1.107541,0.16743225,-0.018748784,1.2458669,820.3663,801.02563,803.8461,807.8755,641.4652,-0.008056640625,0.1265869140625,0.98193359375,1.891632080078125,-4.059906005859375,0.46356201171875,1.0,1.0,1.0,1.0,1.0,95.0,event
12:10:26.035,0.12858808,0.92914283,-0.21246214,-0.19476034,0.28717345,0.80556,-0.5974605,0.2175636,0.37786934,0.80162346,-0.4468745,0.08197995,0.76902187,0.28537008,0.1377246,0.82300884,1.107541,0.16743225,-0.018748784,1.2458669,803.0403,796.99634,809.89014,829.6337,752.674,-0.008056640625,0.1265869140625,0.98193359375,1.891632080078125,-4.059906005859375,0.46356201171875,1.0,1.0,1.0,1.0,1.0,95.0,event
12:10:26.035,0.12858808,0.92914283,-0.21246214,-0.19476034,0.28717345,0.80556,-0.5974605,0.2175636,0.37786934,0.80162346,-0.4468745,0.08197995,0.76902187,0.28537008,0.1377246,0.82300884,1.107541,0.16743225,-0.018748784,1.2458669,785.31134,802.23444,804.65204,822.381,821.978,-0.008056640625,0.1265869140625,0.98193359375,1.891632080078125,-4.059906005859375,0.46356201171875,1.0,1.0,1.0,1.0,1.0,95.0,event
12:10:26.036,0.12858808,0.92914283,-0.21246214,-0.19476034,0.28717345,0.80556,-0.5974605,0.2175636,0.37786934,0.80162346,-0.4468745,0.08197995,0.76902187,0.28537008,0.1377246,0.82300884,1.107541,0.16743225,-0.018748784,1.2458669,794.17584,809.89014,810.293,796.1905,812.3077,-0.008056640625,0.1265869140625,0.98193359375,1.891632080078125,-4.059906005859375,0.46356201171875,1.0,1.0,1.0,1.0,1.0,95.0,event
12:10:26.039,0.12858808,0.92914283,-0.21246214,-0.19476034,0.28717345,0.80556,-0.5974605,0.2175636,0.37786934,0.80162346,-0.4468745,0.08197995,0.76902187,0.28537008,0.1377246,0.82300884,1.107541,0.16743225,-0.018748784,1.2458669,794.9817,813.5165,816.337,780.87915,815.9341,-0.008056640625,0.1265869140625,0.98193359375,1.891632080078125,-4.059906005859375,0.46356201171875,1.0,1.0,1.0,1.0,1.0,95.0,event
12:10:26.040,0.12858808,0.92914283,-0.21246214,-0.19476034,0.28717345,0.80556,-0.5974605,0.2175636,0.37786934,0.80162346,-0.4468745,0.08197995,0.76902187,0.28537008,0.1377246,0.82300884,1.107541,0.16743225,-0.018748784,1.2458669,784.5055,808.68134,808.2784,786.9231,1016.5934,-0.008056640625,0.1265869140625,0.98193359375,1.891632080078125,-4.059906005859375,0.46356201171875,1.0,1.0,1.0,1.0,1.0,95.0,event
12:10:26.041,0.12858808,0.92914283,-0.21246214,-0.19476034,0.28717345,0.80556,-0.5974605,0.2175636,0.37786934,0.80162346,-0.4468745,0.08197995,0.76902187,0.28537008,0.1377246,0.82300884,1.107541,0.16743225,-0.018748784,1.2458669,796.5934,808.68134,809.4872,808.2784,832.0513,-0.008056640625,0.1265869140625,0.98193359375,1.891632080078125,-4.059906005859375,0.46356201171875,1.0,1.0,1.0,1.0,1.0,95.0,event
12:10:26.041,0.12858808,0.92914283,-0.21246214,-0.19476034,0.28717345,0.80556,-0.5974605,0.2175636,0.37786934,0.80162346,-0.4468745,0.08197995,0.76902187,0.28537008,0.1377246,0.82300884,1.107541,0.16743225,-0.018748784,1.2458669,804.2491,813.1135,809.4872,812.71063,713.9927,-0.008056640625,0.1265869140625,0.98193359375,1.891632080078125,-4.059906005859375,0.46356201171875,1.0,1.0,1.0,1.0,1.0,95.0,event
12:10:26.044,0.12858808,0.92914283,-0.21246214,-0.19476034,0.28717345,0.80556,-0.5974605,0.2175636,0.37786934,0.80162346,-0.4468745,0.08197995,0.76902187,0.28537008,0.1377246,0.82300884,1.107541,0.16743225,-0.018748784,1.2458669,794.57874,809.89014,807.8755,801.4286,868.315,-0.008056640625,0.1265869140625,0.98193359375,1.891632080078125,-4.059906005859375,0.46356201171875,1.0,1.0,1.0,1.0,1.0,95.0,event
12:10:26.069,0.12858808,0.92914283,-0.21246214,-0.19476034,0.28717345,0.80556,-0.5974605,0.2175636,0.37786934,0.80162346,-0.4468745,0.08197995,0.76902187,0.28537008,0.1377246,0.82300884,1.107541,0.16743225,-0.018748784,1.2458669,799.011,806.26373,805.8608,798.20514,811.0989,-0.008056640625,0.1265869140625,0.98193359375,1.891632080078125,-4.059906005859375,0.46356201171875,1.0,1.0,1.0,1.0,1.0,95.0,event
12:10:26.070,0.12858808,0.92914283,-0.21246214,-0.19476034,0.28717345,0.80556,-0.5974605,0.2175636,0.37786934,0.80162346,-0.4468745,0.08197995,0.76902187,0.28537008,0.1377246,0.82300884,1.107541,0.16743225,-0.018748784,1.2458669,802.6374,811.50183,809.4872,801.4286,766.3736,-0.008056640625,0.1265869140625,0.98193359375,1.891632080078125,-4.059906005859375,0.46356201171875,1.0,1.0,1.0,1.0,1.0,95.0,event
12:10:26.070,0.12858808,0.92914283,-0.21246214,-0.19476034,0.28717345,0.80556,-0.5974605,0.2175636,0.37786934,0.80162346,-0.4468745,0.08197995,0.76902187,0.28537008,0.1377246,0.82300884,1.107541,0.16743225,-0.018748784,1.2458669,786.9231,811.9048,810.293,800.6227,842.9304,-0.008056640625,0.1265869140625,0.98193359375,1.891632080078125,-4.059906005859375,0.46356201171875,1.0,1.0,1.0,1.0,1.0,95.0,event
12:10:26.071,0.12858808,0.92914283,-0.21246214,-0.19476034,0.28717345,0.80556,-0.5974605,0.2175636,0.37786934,0.80162346,-0.4468745,0.08197995,0.76902187,0.28537008,0.1377246,0.82300884,1.107541,0.16743225,-0.018748784,1.2458669,789.7436,803.0403,805.8608,799.011,897.72894,-0.008056640625,0.1265869140625,0.98193359375,1.891632080078125,-4.059906005859375,0.46356201171875,1.0,1.0,1.0,1.0,1.0,95.0,event
12:10:26.071,0.12858808,0.92914283,-0.21246214,-0.19476034,0.28717345,0.80556,-0.5974605,0.2175636,0.37786934,0.80162346,-0.4468745,0.08197995,0.76902187,0.28537008,0.1377246,0.82300884,1.107541,0.16743225,-0.018748784,1.2458669,806.6667,794.57874,813.1135,803.8461,865.4945,-0.008056640625,0.1265869140625,0.98193359375,1.891632080078125,-4.059906005859375,0.46356201171875,1.0,1.0,1.0,1.0,1.0,95.0,event
12:10:26.072,0.12858808,0.92914283,-0.21246214,-0.19476034,0.28717345,0.80556,-0.5974605,0.2175636,0.37786934,0.80162346,-0.4468745,0.08197995,0.76902187,0.28537008,0.1377246,0.82300884,1.107541,0.16743225,-0.018748784,1.2458669,795.78754,795.78754,811.0989,802.6374,845.7509,-0.008056640625,0.1265869140625,0.98193359375,1.891632080078125,-4.059906005859375,0.46356201171875,1.0,1.0,1.0,1.0,1.0,95.0,event
12:10:26.072,0.12858808,0.92914283,-0.21246214,-0.19476034,0.28717345,0.80556,-0.5974605,0.2175636,0.37786934,0.80162346,-0.4468745,0.08197995,0.76902187,0.28537008,0.1377246,0.82300884,1.107541,0.16743225,-0.018748784,1.2458669,780.87915,806.6667,810.696,798.60803,840.9158,-0.008056640625,0.1265869140625,0.98193359375,1.891632080078125,-4.059906005859375,0.46356201171875,1.0,1.0,1.0,1.0,1.0,95.0,event
12:10:26.073,0.12858808,0.92914283,-0.21246214,-0.19476034,0.28717345,0.80556,-0.5974605,0.2175636,0.37786934,0.80162346,-0.4468745,0.08197995,0.76902187,0.28537008,0.1377246,0.82300884,1.107541,0.16743225,-0.018748784,1.2458669,768.7912,808.68134,808.2784,778.46155,993.22345,-0.008056640625,0.1265869140625,0.98193359375,1.891632080078125,-4.059906005859375,0.46356201171875,1.0,1.0,1.0,1.0,1.0,95.0,event
12:10:26.073,0.12858808,0.92914283,-0.21246214,-0.19476034,0.28717345,0.80556,-0.5974605,0.2175636,0.37786934,0.80162346,-0.4468745,0.08197995,0.76902187,0.28537008,0.1377246,0.82300884,1.107541,0.16743225,-0.018748784,1.2458669,770.0,811.9048,810.696,791.75824,980.7326,-0.008056640625,0.1265869140625,0.98193359375,1.891632080078125,-4.059906005859375,0.46356201171875,1.0,1.0,1.0,1.0,1.0,95.0,event
12:10:26.074,0.12858808,0.92914283,-0.21246214,-0.19476034,0.28717345,0.80556,-0.5974605,0.2175636,0.37786934,0.80162346,-0.4468745,0.08197995,0.76902187,0.28537008,0.1377246,0.82300884,1.107541,0.16743225,-0.018748784,1.2458669,782.0879,815.12823,807.8755,769.59705,743.4066,-0.008056640625,0.1265869140625,0.98193359375,1.891632080078125,-4.059906005859375,0.46356201171875,1.0,1.0,1.0,1.0,1.0,95.0,event
12:10:26.074,0.12858808,0.92914283,-0.21246214,-0.19476034,0.28717345,0.80556,-0.5974605,0.2175636,0.37786934,0.80162346,-0.4468745,0.08197995,0.76902187,0.28537008,0.1377246,0.82300884,1.107541,0.16743225,-0.018748784,1.2458669,788.93774,816.337,807.0696,778.46155,765.16486,-0.008056640625,0.1265869140625,0.98193359375,1.891632080078125,-4.059906005859375,0.46356201171875,1.0,1.0,1.0,1.0,1.0,95.0,event
12:10:26.075,0.12858808,0.92914283,-0.21246214,-0.19476034,0.28717345,0.80556,-0.5974605,0.2175636,0.37786934,0.80162346,-0.4468745,0.08197995,0.76902187,0.28537008,0.1377246,0.82300884,1.107541,0.16743225,-0.018748784,1.2458669,789.7436,808.2784,807.47253,799.81683,846.55676,-0.008056640625,0.1265869140625,0.98193359375,1.891632080078125,-4.059906005859375,0.46356201171875,1.0,1.0,1.0,1.0,1.0,95.0,event
12:10:26.141,0.12858808,0.92914283,-0.21246214,-0.19476034,0.28717345,0.80556,-0.5974605,0.2175636,0.37786934,0.80162346,-0.4468745,0.08197995,0.76902187,0.28537008,0.1377246,0.82300884,1.107541,0.16743225,-0.018748784,1.2458669,802.6374,808.68134,809.0842,792.1612,790.9524,-0.00811767578125,0.12982177734375,0.98175048828125,2.564544677734375,-3.7982177734375,-0.007476806640625,1.0,1.0,1.0,1.0,1.0,95.0,event
12:10:26.142,0.12858808,0.9291831,-0.21246214,-0.19476034,0.28717345,0.80632806,-0.5974605,0.2175636,0.37786934,0.80162346,-0.4468745,0.08197995,0.76902187,0.2960954,0.1377246,0.82300884,1.107541,0.17480086,-0.018748784,1.2458669,801.02563,810.696,804.2491,803.8461,765.16486,-0.00811767578125,0.12982177734375,0.98175048828125,2.564544677734375,-3.7982177734375,-0.007476806640625,1.0,1.0,1.0,1.0,1.0,95.0,event
12:10:26.147,0.12858808,0.9291831,-0.21246214,-0.19476034,0.28717345,0.80632806,-0.5974605,0.2175636,0.37786934,0.80162346,-0.4468745,0.08197995,0.76902187,0.2960954,0.1377246,0.82300884,1.107541,0.17480086,-0.018748784,1.2458669,790.14655,809.0842,801.02563,818.7546,776.4469,-0.00811767578125,0.12982177734375,0.98175048828125,2.564544677734375,-3.7982177734375,-0.007476806640625,1.0,1.0,1.0,1.0,1.0,95.0,event
12:10:26.147,0.12858808,0.9291831,-0.21246214,-0.19476034,0.28717345,0.80632806,-0.5974605,0.2175636,0.37786934,0.80162346,-0.4468745,0.08197995,0.76902187,0.2960954,0.1377246,0.82300884,1.107541,0.17480086,-0.018748784,1.2458669,797.8022,801.02563,814.7253,811.9048,802.23444,-0.00811767578125,0.12982177734375,0.98175048828125,2.564544677734375,-3.7982177734375,-0.007476806640625,1.0,1.0,1.0,1.0,1.0,95.0,event
12:10:26.148,0.12858808,0.9291831,-0.21246214,-0.19476034,0.28717345,0.80632806,-0.5974605,0.2175636,0.37786934,0.80162346,-0.4468745,0.08197995,0.76902187,0.2960954,0.1377246,0.82300884,1.107541,0.17480086,-0.018748784,1.2458669,798.20514,800.2198,819.15753,796.5934,807.8755,-0.00811767578125,0.12982177734375,0.98175048828125,2.564544677734375,-3.7982177734375,-0.007476806640625,1.0,1.0,1.0,1.0,1.0,95.0,event
12:10:26.148,0.12858808,0.9291831,-0.21246214,-0.19476034,0.28717345,0.80632806,-0.5974605,0.2175636,0.37786934,0.80162346,-0.4468745,0.08197995,0.76902187,0.2960954,0.1377246,0.82300884,1.107541,0.17480086,-0.018748784,1.2458669,798.60803,805.05493,813.91943,811.50183,849.7802,-0.00811767578125,0.12982177734375,0.98175048828125,2.564544677734375,-3.7982177734375,-0.007476806640625,1.0,1.0,1.0,1.0,1.0,95.0,event
12:10:26.149,0.12858808,0.9291831,-0.21246214,-0.19476034,0.28717345,0.80632806,-0.5974605,0.2175636,0.37786934,0.80162346,-0.4468745,0.08197995,0.76902187,0.2960954,0.1377246,0.82300884,1.107541,0.17480086,-0.018748784,1.2458669,803.0403,809.0842,808.68134,828.4249,926.7399,-0.00811767578125,0.12982177734375,0.98175048828125,2.564544677734375,-3.7982177734375,-0.007476806640625,1.0,1.0,1.0,1.0,1.0,95.0,event
12:10:26.150,0.12858808,0.9291831,-0.21246214,-0.19476034,0.28717345,0.80632806,-0.5974605,0.2175636,0.37786934,0.80162346,-0.4468745,0.08197995,0.76902187,0.2960954,0.1377246,0.82300884,1.107541,0.17480086,-0.018748784,1.2458669,799.81683,810.696,806.6667,797.8022,1201.5385,-0.00811767578125,0.12982177734375,0.98175048828125,2.564544677734375,-3.7982177734375,-0.007476806640625,1.0,1.0,1.0,1.0,1.0,95.0,event
12:10:26.150,0.12858808,0.9291831,-0.21246214,-0.19476034,0.28717345,0.80632806,-0.5974605,0.2175636,0.37786934,0.80162346,-0.4468745,0.08197995,0.76902187,0.2960954,0.1377246,0.82300884,1.107541,0.17480086,-0.018748784,1.2458669,785.31134,801.02563,811.50183,772.4176,1054.4689,-0.00811767578125,0.12982177734375,0.98175048828125,2.564544677734375,-3.7982177734375,-0.007476806640625,1.0,1.0,1.0,1.0,1.0,95.0,event
12:10:26.151,0.12858808,0.9291831,-0.21246214,-0.19476034,0.28717345,0.80632806,-0.5974605,0.2175636,0.37786934,0.80162346,-0.4468745,0.08197995,0.76902187,0.2960954,0.1377246,0.82300884,1.107541,0.17480086,-0.018748784,1.2458669,759.12085,799.81683,809.89014,787.326,732.9304,-0.00811767578125,0.12982177734375,0.98175048828125,2.564544677734375,-3.7982177734375,-0.007476806640625,1.0,1.0,1.0,1.0,1.0,95.0,event
12:10:26.151,0.12858808,0.9291831,-0.21246214,-0.19476034,0.28717345,0.80632806,-0.5974605,0.2175636,0.37786934,0.80162346,-0.4468745,0.08197995,0.76902187,0.2960954,0.1377246,0.82300884,1.107541,0.17480086,-0.018748784,1.2458669,763.1502,803.8461,806.26373,806.26373,704.3223,-0.00811767578125,0.12982177734375,0.98175048828125,2.564544677734375,-3.7982177734375,-0.007476806640625,1.0,1.0,1.0,1.0,1.0,95.0,event
12:10:26.152,0.12858808,0.9291831,-0.21246214,-0.19476034,0.28717345,0.80632806,-0.5974605,0.2175636,0.37786934,0.80162346,-0.4468745,0.08197995,0.76902187,0.2960954,0.1377246,0.82300884,1.107541,0.17480086,-0.018748784,1.2458669,778.86444,807.47253,807.8755,793.7729,684.57874,-0.00811767578125,0.12982177734375,0.98175048828125,2.564544677734375,-3.7982177734375,-0.007476806640625,1.0,1.0,1.0,1.0,1.0,95.0,event
12:10:26.179,0.12858808,0.9291831,-0.21246214,-0.19476034,0.28717345,0.80632806,-0.5974605,0.2175636,0.37786934,0.80162346,-0.4468745,0.08197995,0.76902187,0.2960954,0.1377246,0.82300884,1.107541,0.17480086,-0.018748784,1.2458669,770.0,805.05493,808.2784,790.14655,671.685,-0.009765625,0.125,0.97906494140625,2.355194091796875,-4.007568359375,0.0299072265625,1.0,1.0,1.0,1.0,1.0,95.0,event
12:10:26.180,0.12858808,0.9291831,-0.21246214,-0.19476034,0.28717345,0.80632806,-0.5974605,0.2175636,0.37786934,0.80162346,-0.4468745,0.08197995,0.76902187,0.2960954,0.1377246,0.82300884,1.107541,0.17480086,-0.018748784,1.2458669,769.19415,803.44324,802.6374,795.38464,675.7143,-0.009765625,0.125,0.97906494140625,2.355194091796875,-4.007568359375,0.0299072265625,1.0,1.0,1.0,1.0,1.0,95.0,event
12:10:26.181,0.12858808,0.9291831,-0.21246214,-0.19476034,0.28717345,0.80632806,-0.5974605,0.2175636,0.37786934,0.80162346,-0.4468745,0.08197995,0.76902187,0.2960954,0.1377246,0.82300884,1.107541,0.17480086,-0.018748784,1.2458669,806.26373,799.41394,801.02563,791.3553,735.34796,-0.009765625,0.125,0.97906494140625,2.355194091796875,-4.007568359375,0.0299072265625,1.0,1.0,1.0,1.0,1.0,95.0,event
12:10:26.181,0.12858808,0.9291831,-0.21246214,-0.19476034,0.28717345,0.80632806,-0.5974605,0.2175636,0.37786934,0.80162346,-0.4468745,0.08197995,0.76902187,0.2960954,0.1377246,0.82300884,1.107541,0.17480086,-0.018748784,1.2458669,807.8755,796.5934,810.293,807.0696,751.4652,-0.009765625,0.125,0.97906494140625,2.355194091796875,-4.007568359375,0.0299072265625,1.0,1.0,1.0,1.0,1.0,95.0,event
12:10:26.182,0.12858808,0.9291831,-0.21246214,-0.19476034,0.28717345,0.80632806,-0.5974605,0.2175636,0.37786934,0.80162346,-0.4468745,0.08197995,0.76902187,0.2960954,0.1377246,0.82300884,1.107541,0.17480086,-0.018748784,1.2458669,803.44324,807.47253,794.17584,805.4579,844.5421,-0.009765625,0.125,0.97906494140625,2.355194091796875,-4.007568359375,0.0299072265625,1.0,1.0,1.0,1.0,1.0,95.0,event
12:10:26.182,0.12858808,0.9291831,-0.21246214,-0.19476034,0.28717345,0.80632806,-0.5974605,0.2175636,0.37786934,0.80162346,-0.4468745,0.08197995,0.76902187,0.2960954,0.1377246,0.82300884,1.107541,0.17480086,-0.018748784,1.2458669,798.60803,804.2491,807.47253,822.381,736.9597,-0.009765625,0.125,0.97906494140625,2.355194091796875,-4.007568359375,0.0299072265625,1.0,1.0,1.0,1.0,1.0,95.0,event
12:10:26.183,0.12858808,0.9291831,-0.21246214,-0.19476034,0.28717345,0.80632806,-0.5974605,0.2175636,0.37786934,0.80162346,-0.4468745,0.08197995,0.76902187,0.2960954,0.1377246,0.82300884,1.107541,0.17480086,-0.018748784,1.2458669,776.4469,810.293,796.5934,788.5348,1006.9231,-0.009765625,0.125,0.97906494140625,2.355194091796875,-4.007568359375,0.0299072265625,1.0,1.0,1.0,1.0,1.0,95.0,event
12:10:26.183,0.12858808,0.9291831,-0.21246214,-0.19476034,0.28717345,0.80632806,-0.5974605,0.2175636,0.37786934,0.80162346,-0.4468745,0.08197995,0.76902187,0.2960954,0.1377246,0.82300884,1.107541,0.17480086,-0.018748784,1.2458669,766.77655,807.47253,804.65204,787.326,894.5055,-0.009765625,0.125,0.97906494140625,2.355194091796875,-4.007568359375,0.0299072265625,1.0,1.0,1.0,1.0,1.0,95.0,event
12:10:26.184,0.12858808,0.9291831,-0.21246214,-0.19476034,0.28717345,0.80632806,-0.5974605,0.2175636,0.37786934,0.80162346,-0.4468745,0.08197995,0.76902187,0.2960954,0.1377246,0.82300884,1.107541,0.17480086,-0.018748784,1.2458669,815.9341,805.4579,802.6374,792.5641,755.09155,-0.009765625,0.125,0.97906494140625,2.355194091796875,-4.007568359375,0.0299072265625,1.0,1.0,1.0,1.0,1.0,95.0,event
12:10:26.184,0.12858808,0.9291831,-0.21246214,-0.19476034,0.28717345,0.80632806,-0.5974605,0.2175636,0.37786934,0.80162346,-0.4468745,0.08197995,0.76902187,0.2960954,0.1377246,0.82300884,1.107541,0.17480086,-0.018748784,1.2458669,804.2491,800.6227,806.26373,799.81683,835.2747,-0.009765625,0.125,0.97906494140625,2.355194091796875,-4.007568359375,0.0299072265625,1.0,1.0,1.0,1.0,1.0,95.0,event
12:10:26.185,0.12858808,0.9291831,-0.21246214,-0.19476034,0.28717345,0.80632806,-0.5974605,0.2175636,0.37786934,0.80162346,-0.4468745,0.08197995,0.76902187,0.2960954,0.1377246,0.82300884,1.107541,0.17480086,-0.018748784,1.2458669,756.7033,794.9817,811.0989,793.36993,1009.7436,-0.009765625,0.125,0.97906494140625,2.355194091796875,-4.007568359375,0.0299072265625,1.0,1.0,1.0,1.0,1.0,95.0,event
12:10:26.185,0.12858808,0.9291831,-0.21246214,-0.19476034,0.28717345,0.80632806,-0.5974605,0.2175636,0.37786934,0.80162346,-0.4468745,0.08197995,0.76902187,0.2960954,0.1377246,0.82300884,1.107541,0.17480086,-0.018748784,1.2458669,747.03296,805.8608,813.5165,772.8205,951.7216,-0.009765625,0.125,0.97906494140625,2.355194091796875,-4.007568359375,0.0299072265625,1.0,1.0,1.0,1.0,1.0,95.0,event
12:10:26.212,0.12858808,0.9291831,-0.21246214,-0.19476034,0.28717345,0.80632806,-0.5974605,0.2175636,0.37786934,0.80162346,-0.4468745,0.08197995,0.76902187,0.2960954,0.1377246,0.82300884,1.107541,0.17480086,-0.018748784,1.2458669,753.0769,810.293,807.47253,773.22345,709.15753,-0.010009765625,0.12750244140625,0.9876708984375,3.09539794921875,-4.44122314453125,0.059814453125,1.0,1.0,1.0,1.0,1.0,95.0,event
12:10:26.213,0.12858808,0.9291831,-0.21246214,-0.19476034,0.28717345,0.80632806,-0.5974605,0.2175636,0.37786934,0.80162346,-0.4468745,0.08197995,0.76902187,0.2960954,0.1377246,0.82300884,1.107541,0.17480086,-0.018748784,1.2458669,771.6117,803.8461,807.0696,797.8022,728.49817,-0.010009765625,0.12750244140625,0.9876708984375,3.09539794921875,-4.44122314453125,0.059814453125,1.0,1.0,1.0,1.0,1.0,95.0,event
12:10:26.213,0.12858808,0.9291831,-0.21246214,-0.19476034,0.28717345,0.80632806,-0.5974605,0.2175636,0.37786934,0.80162346,-0.4468745,0.08197995,0.76902187,0.2960954,0.1377246,0.82300884,1.107541,0.17480086,-0.018748784,1.2458669,785.7143,800.6227,816.7399,788.5348,797.8022,-0.010009765625,0.12750244140625,0.9876708984375,3.09539794921875,-4.44122314453125,0.059814453125,1.0,1.0,1.0,1.0,1.0,95.0,event
12:10:26.214,0.12858808,0.929812,-0.21246214,-0.19476034,0.28717345,0.8070613,-0.5974605,0.2175636,0.37786934,0.80162346,-0.4468745,0.08197995,0.76902187,0.31224325,0.1377246,0.82300884,1.107541,0.19188298,-0.018748784,1.2458669,796.5934,801.4286,813.1135,789.34064,741.79486,-0.010009765625,0.12750244140625,0.9876708984375,3.09539794921875,-4.44122314453125,0.059814453125,1.0,1.0,1.0,1.0,1.0,95.0,event
12:10:26.218,0.12858808,0.929812,-0.21246214,-0.19476034,0.28717345,0.8070613,-0.5974605,0.2175636,0.37786934,0.80162346,-0.4468745,0.08197995,0.76902187,0.31224325,0.1377246,0.82300884,1.107541,0.19188298,-0.018748784,1.2458669,806.26373,803.44324,801.8315,785.31134,823.9927,-0.010009765625,0.12750244140625,0.9876708984375,3.09539794921875,-4.44122314453125,0.059814453125,1.0,1.0,1.0,1.0,1.0,95.0,event
12:10:26.218,0.12858808,0.929812,-0.21246214,-0.19476034,0.28717345,0.8070613,-0.5974605,0.2175636,0.37786934,0.80162346,-0.4468745,0.08197995,0.76902187,0.31224325,0.1377246,0.82300884,1.107541,0.19188298,-0.018748784,1.2458669,810.293,803.0403,806.6667,792.96704,705.12823,-0.010009765625,0.12750244140625,0.9876708984375,3.09539794921875,-4.44122314453125,0.059814453125,1.0,1.0,1.0,1.0,1.0,95.0,event
12:10:26.219,0.12858808,0.929812,-0.21246214,-0.19476034,0.28717345,0.8070613,-0.5974605,0.2175636,0.37786934,0.80162346,-0.4468745,0.08197995,0.76902187,0.31224325,0.1377246,0.82300884,1.107541,0.19188298,-0.018748784,1.2458669,806.26373,805.05493,806.26373,800.2198,1031.0989,-0.010009765625,0.12750244140625,0.9876708984375,3.09539794921875,-4.44122314453125,0.059814453125,1.0,1.0,1.0,1.0,1.0,95.0,event
12:10:26.220,0.12858808,0.929812,-0.21246214,-0.19476034,0.28717345,0.8070613,-0.5974605,0.2175636,0.37786934,0.80162346,-0.4468745,0.08197995,0.76902187,0.31224325,0.1377246,0.82300884,1.107541,0.19188298,-0.018748784,1.2458669,802.23444,801.8315,815.12823,807.0696,863.8828,-0.010009765625,0.12750244140625,0.9876708984375,3.09539794921875,-4.44122314453125,0.059814453125,1.0,1.0,1.0,1.0,1.0,95.0,event
12:10:26.220,0.12858808,0.929812,-0.21246214,-0.19476034,0.28717345,0.8070613,-0.5974605,0.2175636,0.37786934,0.80162346,-0.4468745,0.08197995,0.76902187,0.31224325,0.1377246,0.82300884,1.107541,0.19188298,-0.018748784,1.2458669,788.5348,795.78754,811.50183,797.8022,677.326,-0.010009765625,0.12750244140625,0.9876708984375,3.09539794921875,-4.44122314453125,0.059814453125,1.0,1.0,1.0,1.0,1.0,95.0,event
12:10:26.221,0.12858808,0.929812,-0.21246214,-0.19476034,0.28717345,0.8070613,-0.5974605,0.2175636,0.37786934,0.80162346,-0.4468745,0.08197995,0.76902187,0.31224325,0.1377246,0.82300884,1.107541,0.19188298,-0.018748784,1.2458669,778.86444,794.9817,804.65204,770.0,719.6337,-0.010009765625,0.12750244140625,0.9876708984375,3.09539794921875,-4.44122314453125,0.059814453125,1.0,1.0,1.0,1.0,1.0,95.0,event
12:10:26.223,0.12858808,0.929812,-0.21246214,-0.19476034,0.28717345,0.8070613,-0.5974605,0.2175636,0.37786934,0.80162346,-0.4468745,0.08197995,0.76902187,0.31224325,0.1377246,0.82300884,1.107541,0.19188298,-0.018748784,1.2458669,793.36993,802.6374,807.0696,760.7326,815.5311,-0.010009765625,0.12750244140625,0.9876708984375,3.09539794921875,-4.44122314453125,0.059814453125,1.0,1.0,1.0,1.0,1.0,95.0,event
12:10:26.224,0.12858808,0.929812,-0.21246214,-0.19476034,0.28717345,0.8070613,-0.5974605,0.2175636,0.37786934,0.80162346,-0.4468745,0.08197995,0.76902187,0.31224325,0.1377246,0.82300884,1.107541,0.19188298,-0.018748784,1.2458669,813.91943,798.60803,813.91943,780.07324,844.1392,-0.010009765625,0.12750244140625,0.9876708984375,3.09539794921875,-4.44122314453125,0.059814453125,1.0,1.0,1.0,1.0,1.0,95.0,event
12:10:26.294,0.12858808,0.929812,-0.21246214,-0.19476034,0.28717345,0.8070613,-0.5974605,0.2175636,0.37786934,0.80162346,-0.4468745,0.08197995,0.76902187,0.31224325,0.1377246,0.82300884,1.107541,0.19188298,-0.018748784,1.2458669,790.9524,792.5641,808.68134,812.71063,834.4689,-0.00189208984375,0.12945556640625,0.9805908203125,3.147735595703125,-4.373931884765625,0.179443359375,1.0,1.0,1.0,1.0,1.0,95.0,event
12:10:26.296,0.12858808,0.929812,-0.21246214,-0.19476034,0.28717345,0.8070613,-0.5974605,0.2175636,0.37786934,0.80162346,-0.4468745,0.08197995,0.76902187,0.31224325,0.1377246,0.82300884,1.107541,0.19188298,-0.018748784,1.2458669,770.80585,802.23444,801.8315,823.9927,877.1795,-0.00189208984375,0.12945556640625,0.9805908203125,3.147735595703125,-4.373931884765625,0.179443359375,1.0,1.0,1.0,1.0,1.0,95.0,event
12:10:26.296,0.12858808,0.929812,-0.21246214,-0.19476034,0.28717345,0.8070613,-0.5974605,0.2175636,0.37786934,0.80162346,-0.4468745,0.08197995,0.76902187,0.31224325,0.1377246,0.82300884,1.107541,0.19188298,-0.018748784,1.2458669,777.6557,812.3077,805.05493,803.44324,850.18317,-0.00189208984375,0.12945556640625,0.9805908203125,3.147735595703125,-4.373931884765625,0.179443359375,1.0,1.0,1.0,1.0,1.0,95.0,event
12:10:26.297,0.12858808,0.929812,-0.21246214,-0.19476034,0.28717345,0.8070613,-0.5974605,0.2175636,0.37786934,0.80162346,-0.4468745,0.08197995,0.76902187,0.31224325,0.1377246,0.82300884,1.107541,0.19188298,-0.018748784,1.2458669,791.3553,815.5311,798.20514,789.34064,709.15753,-0.00189208984375,0.12945556640625,0.9805908203125,3.147735595703125,-4.373931884765625,0.179443359375,1.0,1.0,1.0,1.0,1.0,95.0,event
12:10:26.298,0.12858808,0.929812,-0.21246214,-0.19476034,0.28717345,0.8070613,-0.5974605,0.2175636,0.37786934,0.80162346,-0.4468745,0.08197995,0.76902187,0.31224325,0.1377246,0.82300884,1.107541,0.19188298,-0.018748784,1.2458669,787.72894,808.68134,809.0842,803.8461,691.8315,-0.00189208984375,0.12945556640625,0.9805908203125,3.147735595703125,-4.373931884765625,0.179443359375,1.0,1.0,1.0,1.0,1.0,95.0,event
12:10:26.298,0.12858808,0.929812,-0.21246214,-0.19476034,0.28717345,0.8070613,-0.5974605,0.2175636,0.37786934,0.80162346,-0.4468745,0.08197995,0.76902187,0.31224325,0.1377246,0.82300884,1.107541,0.19188298,-0.018748784,1.2458669,777.25275,800.2198,819.5604,799.81683,823.1868,-0.00189208984375,0.12945556640625,0.9805908203125,3.147735595703125,-4.373931884765625,0.179443359375,1.0,1.0,1.0,1.0,1.0,95.0,event
12:10:26.299,0.12858808,0.929812,-0.21246214,-0.19476034,0.28717345,0.8070613,-0.5974605,0.2175636,0.37786934,0.80162346,-0.4468745,0.08197995,0.76902187,0.31224325,0.1377246,0.82300884,1.107541,0.19188298,-0.018748784,1.2458669,782.0879,807.0696,810.293,782.0879,882.4176,-0.00189208984375,0.12945556640625,0.9805908203125,3.147735595703125,-4.373931884765625,0.179443359375,1.0,1.0,1.0,1.0,1.0,95.0,event
12:10:26.299,0.12858808,0.929812,-0.21246214,-0.19476034,0.28717345,0.8070613,-0.5974605,0.2175636,0.37786934,0.80162346,-0.4468745,0.08197995,0.76902187,0.31224325,0.1377246,0.82300884,1.107541,0.19188298,-0.018748784,1.2458669,784.5055,803.0403,809.89014,792.5641,791.3553,-0.00189208984375,0.12945556640625,0.9805908203125,3.147735595703125,-4.373931884765625,0.179443359375,1.0,1.0,1.0,1.0,1.0,95.0,event
12:10:26.300,0.12858808,0.929812,-0.21246214,-0.19476034,0.28717345,0.8070613,-0.5974605,0.2175636,0.37786934,0.80162346,-0.4468745,0.08197995,0.76902187,0.31224325,0.1377246,0.82300884,1.107541,0.19188298,-0.018748784,1.2458669,793.7729,796.5934,809.4872,786.52014,708.7546,-0.00189208984375,0.12945556640625,0.9805908203125,3.147735595703125,-4.373931884765625,0.179443359375,1.0,1.0,1.0,1.0,1.0,95.0,event
12:10:26.301,0.12858808,0.929812,-0.21246214,-0.19476034,0.28717345,0.8070613,-0.5974605,0.2175636,0.37786934,0.80162346,-0.4468745,0.08197995,0.76902187,0.31224325,0.1377246,0.82300884,1.107541,0.19188298,-0.018748784,1.2458669,800.6227,801.02563,804.65204,784.90845,863.47986,-0.00189208984375,0.12945556640625,0.9805908203125,3.147735595703125,-4.373931884765625,0.179443359375,1.0,1.0,1.0,1.0,1.0,95.0,event
12:10:26.302,0.12858808,0.929812,-0.21246214,-0.19476034,0.28717345,0.8070613,-0.5974605,0.2175636,0.37786934,0.80162346,-0.4468745,0.08197995,0.76902187,0.31224325,0.1377246,0.82300884,1.107541,0.19188298,-0.018748784,1.2458669,811.9048,805.8608,804.65204,788.5348,876.77655,-0.00189208984375,0.12945556640625,0.9805908203125,3.147735595703125,-4.373931884765625,0.179443359375,1.0,1.0,1.0,1.0,1.0,95.0,event
12:10:26.302,0.12858808,0.929812,-0.21246214,-0.19476034,0.28717345,0.8070613,-0.5974605,0.2175636,0.37786934,0.80162346,-0.4468745,0.08197995,0.76902187,0.31224325,0.1377246,0.82300884,1.107541,0.19188298,-0.018748784,1.2458669,800.2198,802.23444,802.6374,797.3993,711.5751,-0.00189208984375,0.12945556640625,0.9805908203125,3.147735595703125,-4.373931884765625,0.179443359375,1.0,1.0,1.0,1.0,1.0,95.0,event
12:10:26.333,0.12858808,0.929812,-0.21246214,-0.19476034,0.28717345,0.8070613,-0.5974605,0.2175636,0.37786934,0.80162346,-0.4468745,0.08197995,0.76902187,0.31224325,0.1377246,0.82300884,1.107541,0.19188298,-0.018748784,1.2458669,783.69965,802.6374,797.3993,783.2967,782.49084,-0.00189208984375,0.12945556640625,0.9805908203125,3.147735595703125,-4.373931884765625,0.179443359375,1.0,1.0,1.0,1.0,1.0,95.0,event
12:10:26.334,0.12858808,0.929812,-0.21246214,-0.19476034,0.28717345,0.8070613,-0.5974605,0.2175636,0.37786934,0.80162346,-0.4468745,0.08197995,0.76902187,0.31224325,0.1377246,0.82300884,1.107541,0.19188298,-0.018748784,1.2458669,794.17584,804.2491,798.20514,773.6264,818.3516,-0.00189208984375,0.12945556640625,0.9805908203125,3.147735595703125,-4.373931884765625,0.179443359375,1.0,1.0,1.0,1.0,1.0,95.0,event
12:10:26.335,0.12858808,0.929812,-0.21246214,-0.19476034,0.28717345,0.8070613,-0.5974605,0.2175636,0.37786934,0.80162346,-0.4468745,0.08197995,0.76902187,0.31224325,0.1377246,0.82300884,1.107541,0.19188298,-0.018748784,1.2458669,793.7729,800.2198,799.41394,801.4286,772.01465,-0.00189208984375,0.12945556640625,0.9805908203125,3.147735595703125,-4.373931884765625,0.179443359375,1.0,1.0,1.0,1.0,1.0,95.0,event
12:10:26.336,0.12858808,0.929812,-0.21246214,-0.19476034,0.28717345,0.8070613,-0.5974605,0.2175636,0.37786934,0.80162346,-0.4468745,0.08197995,0.76902187,0.31224325,0.1377246,0.82300884,1.107541,0.19188298,-0.018748784,1.2458669,796.5934,808.2784,804.2491,801.8315,803.44324,-0.00189208984375,0.12945556640625,0.9805908203125,3.147735595703125,-4.373931884765625,0.179443359375,1.0,1.0,1.0,1.0,1.0,95.0,event
12:10:26.337,0.12858808,0.929812,-0.21246214,-0.19476034,0.28717345,0.8070613,-0.5974605,0.2175636,0.37786934,0.80162346,-0.4468745,0.08197995,0.76902187,0.31224325,0.1377246,0.82300884,1.107541,0.19188298,-0.018748784,1.2458669,793.36993,808.68134,809.89014,776.04395,840.5128,-0.00189208984375,0.12945556640625,0.9805908203125,3.147735595703125,-4.373931884765625,0.179443359375,1.0,1.0,1.0,1.0,1.0,95.0,event
12:10:26.337,0.12858808,0.93125176,-0.21246214,-0.19476034,0.28717345,0.80731255,-0.5974605,0.2175636,0.37786934,0.80162346,-0.4468745,0.08197995,0.76902187,0.32863826,0.1377246,0.82300884,1.107541,0.21004996,-0.018748784,1.2458669,782.0879,799.011,814.7253,789.7436,1041.1721,-0.00189208984375,0.12945556640625,0.9805908203125,3.147735595703125,-4.373931884765625,0.179443359375,1.0,1.0,1.0,1.0,1.0,95.0,event
12:10:26.341,0.12858808,0.93125176,-0.21246214,-0.19476034,0.28717345,0.80731255,-0.5974605,0.2175636,0.37786934,0.80162346,-0.4468745,0.08197995,0.76902187,0.32863826,0.1377246,0.82300884,1.107541,0.21004996,-0.018748784,1.2458669,776.8498,793.36993,809.89014,794.57874,987.98535,-0.00189208984375,0.12945556640625,0.9805908203125,3.147735595703125,-4.373931884765625,0.179443359375,1.0,1.0,1.0,1.0,1.0,95.0,event
12:10:26.342,0.12858808,0.93125176,-0.21246214,-0.19476034,0.28717345,0.80731255,-0.5974605,0.2175636,0.37786934,0.80162346,-0.4468745,0.08197995,0.76902187,0.32863826,0.1377246,0.82300884,1.107541,0.21004996,-0.018748784,1.2458669,780.07324,796.1905,803.44324,773.6264,737.76556,-0.00189208984375,0.12945556640625,0.9805908203125,3.147735595703125,-4.373931884765625,0.179443359375,1.0,1.0,1.0,1.0,1.0,95.0,event
12:10:26.343,0.12858808,0.93125176,-0.21246214,-0.19476034,0.28717345,0.80731255,-0.5974605,0.2175636,0.37786934,0.80162346,-0.4468745,0.08197995,0.76902187,0.32863826,0.1377246,0.82300884,1.107541,0.21004996,-0.018748784,1.2458669,780.87915,800.6227,804.65204,783.69965,749.45056,-0.00189208984375,0.12945556640625,0.9805908203125,3.147735595703125,-4.373931884765625,0.179443359375,1.0,1.0,1.0,1.0,1.0,95.0,event
12:10:26.343,0.12858808,0.93125176,-0.21246214,-0.19476034,0.28717345,0.80731255,-0.5974605,0.2175636,0.37786934,0.80162346,-0.4468745,0.08197995,0.76902187,0.32863826,0.1377246,0.82300884,1.107541,0.21004996,-0.018748784,1.2458669,769.19415,799.011,805.05493,813.91943,1004.90845,-0.00189208984375,0.12945556640625,0.9805908203125,3.147735595703125,-4.373931884765625,0.179443359375,1.0,1.0,1.0,1.0,1.0,95.0,event
12:10:26.344,0.12858808,0.93125176,-0.21246214,-0.19476034,0.28717345,0.80731255,-0.5974605,0.2175636,0.37786934,0.80162346,-0.4468745,0.08197995,0.76902187,0.32863826,0.1377246,0.82300884,1.107541,0.21004996,-0.018748784,1.2458669,770.40295,796.1905,804.65204,820.3663,844.5421,-0.00189208984375,0.12945556640625,0.9805908203125,3.147735595703125,-4.373931884765625,0.179443359375,1.0,1.0,1.0,1.0,1.0,95.0,event
12:10:26.345,0.12858808,0.93125176,-0.21246214,-0.19476034,0.28717345,0.80731255,-0.5974605,0.2175636,0.37786934,0.80162346,-0.4468745,0.08197995,0.76902187,0.32863826,0.1377246,0.82300884,1.107541,0.21004996,-0.018748784,1.2458669,791.3553,797.3993,804.65204,811.50183,647.50916,-0.00189208984375,0.12945556640625,0.9805908203125,3.147735595703125,-4.373931884765625,0.179443359375,1.0,1.0,1.0,1.0,1.0,95.0,event
12:10:26.373,0.12858808,0.93125176,-0.21246214,-0.19476034,0.28717345,0.80731255,-0.5974605,0.2175636,0.37786934,0.80162346,-0.4468745,0.08197995,0.76902187,0.32863826,0.1377246,0.82300884,1.107541,0.21004996,-0.018748784,1.2458669,796.1905,805.4579,805.4579,808.68134,756.7033,-0.00909423828125,0.12652587890625,0.97821044921875,2.250518798828125,-3.551483154296875,-0.46356201171875,1.0,1.0,1.0,1.0,1.0,95.0,event
12:10:26.374,0.12858808,0.93125176,-0.21246214,-0.19476034,0.28717345,0.80731255,-0.5974605,0.2175636,0.37786934,0.80162346,-0.4468745,0.08197995,0.76902187,0.32863826,0.1377246,0.82300884,1.107541,0.21004996,-0.018748784,1.2458669,780.87915,806.26373,803.0403,794.9817,745.0183,-0.00909423828125,0.12652587890625,0.97821044921875,2.250518798828125,-3.551483154296875,-0.46356201171875,1.0,1.0,1.0,1.0,1.0,95.0,event
12:10:26.375,0.12858808,0.93125176,-0.21246214,-0.19476034,0.28717345,0.80731255,-0.5974605,0.2175636,0.37786934,0.80162346,-0.4468745,0.08197995,0.76902187,0.32863826,0.1377246,0.82300884,1.107541,0.21004996,-0.018748784,1.2458669,788.1319,784.10254,810.696,801.8315,666.8498,-0.00909423828125,0.12652587890625,0.97821044921875,2.250518798828125,-3.551483154296875,-0.46356201171875,1.0,1.0,1.0,1.0,1.0,95.0,event
12:10:26.376,0.12858808,0.93125176,-0.21246214,-0.19476034,0.28717345,0.80731255,-0.5974605,0.2175636,0.37786934,0.80162346,-0.4468745,0.08197995,0.76902187,0.32863826,0.1377246,0.82300884,1.107541,0.21004996,-0.018748784,1.2458669,788.93774,791.3553,818.3516,796.99634,704.7253,-0.00909423828125,0.12652587890625,0.97821044921875,2.250518798828125,-3.551483154296875,-0.46356201171875,1.0,1.0,1.0,1.0,1.0,95.0,event
12:10:26.376,0.12858808,0.93125176,-0.21246214,-0.19476034,0.28717345,0.80731255,-0.5974605,0.2175636,0.37786934,0.80162346,-0.4468745,0.08197995,0.76902187,0.32863826,0.1377246,0.82300884,1.107541,0.21004996,-0.018748784,1.2458669,790.14655,818.3516,811.9048,786.52014,777.25275,-0.00909423828125,0.12652587890625,0.97821044921875,2.250518798828125,-3.551483154296875,-0.46356201171875,1.0,1.0,1.0,1.0,1.0,95.0,event
12:10:26.377,0.12858808,0.93125176,-0.21246214,-0.19476034,0.28717345,0.80731255,-0.5974605,0.2175636,0.37786934,0.80162346,-0.4468745,0.08197995,0.76902187,0.32863826,0.1377246,0.82300884,1.107541,0.21004996,-0.018748784,1.2458669,791.3553,816.337,805.8608,780.07324,854.21246,-0.00909423828125,0.12652587890625,0.97821044921875,2.250518798828125,-3.551483154296875,-0.46356201171875,1.0,1.0,1.0,1.0,1.0,95.0,event
12:10:26.378,0.12858808,0.93125176,-0.21246214,-0.19476034,0.28717345,0.80731255,-0.5974605,0.2175636,0.37786934,0.80162346,-0.4468745,0.08197995,0.76902187,0.32863826,0.1377246,0.82300884,1.107541,0.21004996,-0.018748784,1.2458669,789.34064,811.50183,806.26373,785.31134,855.42126,-0.00909423828125,0.12652587890625,0.97821044921875,2.250518798828125,-3.551483154296875,-0.46356201171875,1.0,1.0,1.0,1.0,1.0,95.0,event
12:10:26.378,0.12858808,0.93125176,-0.21246214,-0.19476034,0.28717345,0.80731255,-0.5974605,0.2175636,0.37786934,0.80162346,-0.4468745,0.08197995,0.76902187,0.32863826,0.1377246,0.82300884,1.107541,0.21004996,-0.018748784,1.2458669,787.326,811.0989,797.8022,786.1172,836.08057,-0.00909423828125,0.12652587890625,0.97821044921875,2.250518798828125,-3.551483154296875,-0.46356201171875,1.0,1.0,1.0,1.0,1.0,95.0,event
12:10:26.379,0.12858808,0.93125176,-0.21246214,-0.19476034,0.28717345,0.80731255,-0.5974605,0.2175636,0.37786934,0.80162346,-0.4468745,0.08197995,0.76902187,0.32863826,0.1377246,0.82300884,1.107541,0.21004996,-0.018748784,1.2458669,787.72894,800.2198,799.81683,784.10254,965.82416,-0.00909423828125,0.12652587890625,0.97821044921875,2.250518798828125,-3.551483154296875,-0.46356201171875,1.0,1.0,1.0,1.0,1.0,95.0,event
12:10:26.379,0.12858808,0.93125176,-0.21246214,-0.19476034,0.28717345,0.80731255,-0.5974605,0.2175636,0.37786934,0.80162346,-0.4468745,0.08197995,0.76902187,0.32863826,0.1377246,0.82300884,1.107541,0.21004996,-0.018748784,1.2458669,782.0879,801.02563,812.71063,798.60803,1098.7913,-0.00909423828125,0.12652587890625,0.97821044921875,2.250518798828125,-3.551483154296875,-0.46356201171875,1.0,1.0,1.0,1.0,1.0,95.0,event
12:10:26.380,0.12858808,0.93125176,-0.21246214,-0.19476034,0.28717345,0.80731255,-0.5974605,0.2175636,0.37786934,0.80162346,-0.4468745,0.08197995,0.76902187,0.32863826,0.1377246,0.82300884,1.107541,0.21004996,-0.018748784,1.2458669,775.64105,811.50183,812.71063,784.90845,797.8022,-0.00909423828125,0.12652587890625,0.97821044921875,2.250518798828125,-3.551483154296875,-0.46356201171875,1.0,1.0,1.0,1.0,1.0,95.0,event
12:10:26.381,0.12858808,0.93125176,-0.21246214,-0.19476034,0.28717345,0.80731255,-0.5974605,0.2175636,0.37786934,0.80162346,-0.4468745,0.08197995,0.76902187,0.32863826,0.1377246,0.82300884,1.107541,0.21004996,-0.018748784,1.2458669,788.5348,811.50183,809.4872,778.0586,618.9011,-0.00909423828125,0.12652587890625,0.97821044921875,2.250518798828125,-3.551483154296875,-0.46356201171875,1.0,1.0,1.0,1.0,1.0,95.0,event
12:10:26.407,0.12858808,0.93125176,-0.21246214,-0.19476034,0.28717345,0.80731255,-0.5974605,0.2175636,0.37786934,0.80162346,-0.4468745,0.08197995,0.76902187,0.32863826,0.1377246,0.82300884,1.107541,0.21004996,-0.018748784,1.2458669,793.36993,806.6667,803.8461,780.4762,744.61536,0.00140380859375,0.1307373046875,0.978759765625,2.938385009765625,-3.910369873046875,0.2093505859375,1.0,1.0,1.0,1.0,1.0,95.0,event
12:10:26.408,0.12858808,0.93125176,-0.21246214,-0.19476034,0.28717345,0.80731255,-0.5974605,0.2175636,0.37786934,0.80162346,-0.4468745,0.08197995,0.76902187,0.32863826,0.1377246,0.82300884,1.107541,0.21004996,-0.018748784,1.2458669,777.6557,806.26373,804.65204,790.14655,753.47986,0.00140380859375,0.1307373046875,0.978759765625,2.938385009765625,-3.910369873046875,0.2093505859375,1.0,1.0,1.0,1.0,1.0,95.0,event
12:10:26.409,0.12858808,0.93125176,-0.21246214,-0.19476034,0.28717345,0.80731255,-0.5974605,0.2175636,0.37786934,0.80162346,-0.4468745,0.08197995,0.76902187,0.32863826,0.1377246,0.82300884,1.107541,0.21004996,-0.018748784,1.2458669,772.4176,807.47253,804.65204,792.96704,670.07324,0.00140380859375,0.1307373046875,0.978759765625,2.938385009765625,-3.910369873046875,0.2093505859375,1.0,1.0,1.0,1.0,1.0,95.0,event
12:10:26.410,0.12858808,0.93125176,-0.21246214,-0.19476034,0.28717345,0.80731255,-0.5974605,0.2175636,0.37786934,0.80162346,-0.4468745,0.08197995,0.76902187,0.32863826,0.1377246,0.82300884,1.107541,0.21004996,-0.018748784,1.2458669,780.87915,806.26373,797.3993,774.83514,655.9707,0.00140380859375,0.1307373046875,0.978759765625,2.938385009765625,-3.910369873046875,0.2093505859375,1.0,1.0,1.0,1.0,1.0,95.0,event
12:10:26.410,0.12858808,0.93125176,-0.21246214,-0.19476034,0.28717345,0.80731255,-0.5974605,0.2175636,0.37786934,0.80162346,-0.4468745,0.08197995,0.76902187,0.32863826,0.1377246,0.82300884,1.107541,0.21004996,-0.018748784,1.2458669,768.3883,803.44324,799.011,764.7619,736.55676,0.00140380859375,0.1307373046875,0.978759765625,2.938385009765625,-3.910369873046875,0.2093505859375,1.0,1.0,1.0,1.0,1.0,95.0,event
12:10:26.411,0.12858808,0.93125176,-0.21246214,-0.19476034,0.28717345,0.80731255,-0.5974605,0.2175636,0.37786934,0.80162346,-0.4468745,0.08197995,0.76902187,0.32863826,0.1377246,0.82300884,1.107541,0.21004996,-0.018748784,1.2458669,766.3736,799.41394,808.68134,786.52014,809.4872,0.00140380859375,0.1307373046875,0.978759765625,2.938385009765625,-3.910369873046875,0.2093505859375,1.0,1.0,1.0,1.0,1.0,95.0,event
12:10:26.411,0.12858808,0.93125176,-0.21246214,-0.19476034,0.28717345,0.80731255,-0.5974605,0.2175636,0.37786934,0.80162346,-0.4468745,0.08197995,0.76902187,0.32863826,0.1377246,0.82300884,1.107541,0.21004996,-0.018748784,1.2458669,790.9524,800.6227,805.05493,794.17584,772.8205,0.00140380859375,0.1307373046875,0.978759765625,2.938385009765625,-3.910369873046875,0.2093505859375,1.0,1.0,1.0,1.0,1.0,95.0,event
12:10:26.412,0.12858808,0.93235666,-0.21246214,-0.19476034,0.28717345,0.80689114,-0.5974605,0.2175636,0.37786934,0.80162346,-0.4468745,0.08197995,0.76902187,0.34031692,0.1377246,0.82300884,1.107541,0.22352083,-0.018748784,1.2458669,793.36993,803.8461,804.2491,790.54944,781.685,0.00140380859375,0.1307373046875,0.978759765625,2.938385009765625,-3.910369873046875,0.2093505859375,1.0,1.0,1.0,1.0,1.0,95.0,event
12:10:26.416,0.12858808,0.93235666,-0.21246214,-0.19476034,0.28717345,0.80689114,-0.5974605,0.2175636,0.37786934,0.80162346,-0.4468745,0.08197995,0.76902187,0.34031692,0.1377246,0.82300884,1.107541,0.22352083,-0.018748784,1.2458669,795.78754,803.44324,815.12823,803.0403,1011.75824,0.00140380859375,0.1307373046875,0.978759765625,2.938385009765625,-3.910369873046875,0.2093505859375,1.0,1.0,1.0,1.0,1.0,95.0,event
12:10:26.416,0.12858808,0.93235666,-0.21246214,-0.19476034,0.28717345,0.80689114,-0.5974605,0.2175636,0.37786934,0.80162346,-0.4468745,0.08197995,0.76902187,0.34031692,0.1377246,0.82300884,1.107541,0.22352083,-0.018748784,1.2458669,807.8755,801.02563,809.4872,772.4176,950.9158,0.00140380859375,0.1307373046875,0.978759765625,2.938385009765625,-3.910369873046875,0.2093505859375,1.0,1.0,1.0,1.0,1.0,95.0,event
12:10:26.417,0.12858808,0.93235666,-0.21246214,-0.19476034,0.28717345,0.80689114,-0.5974605,0.2175636,0.37786934,0.80162346,-0.4468745,0.08197995,0.76902187,0.34031692,0.1377246,0.82300884,1.107541,0.22352083,-0.018748784,1.2458669,807.8755,803.8461,807.47253,815.9341,753.0769,0.00140380859375,0.1307373046875,0.978759765625,2.938385009765625,-3.910369873046875,0.2093505859375,1.0,1.0,1.0,1.0,1.0,95.0,event
12:10:26.417,0.12858808,0.93235666,-0.21246214,-0.19476034,0.28717345,0.80689114,-0.5974605,0.2175636,0.37786934,0.80162346,-0.4468745,0.08197995,0.76902187,0.34031692,0.1377246,0.82300884,1.107541,0.22352083,-0.018748784,1.2458669,805.8608,794.17584,806.26373,783.69965,697.8755,0.00140380859375,0.1307373046875,0.978759765625,2.938385009765625,-3.910369873046875,0.2093505859375,1.0,1.0,1.0,1.0,1.0,95.0,event
12:10:26.442,0.12858808,0.93235666,-0.21246214,-0.19476034,0.28717345,0.80689114,-0.5974605,0.2175636,0.37786934,0.80162346,-0.4468745,0.08197995,0.76902187,0.34031692,0.1377246,0.82300884,1.107541,0.22352083,-0.018748784,1.2458669,790.14655,814.3223,804.2491,812.71063,844.1392,-0.006103515625,0.134033203125,0.98211669921875,2.893524169921875,-3.850555419921875,1.4654541015625,1.0,1.0,1.0,1.0,1.0,95.0,event
12:10:26.443,0.12858808,0.93235666,-0.21246214,-0.19476034,0.28717345,0.80689114,-0.5974605,0.2175636,0.37786934,0.80162346,-0.4468745,0.08197995,0.76902187,0.34031692,0.1377246,0.82300884,1.107541,0.22352083,-0.018748784,1.2458669,766.77655,801.4286,806.6667,809.89014,740.58606,-0.006103515625,0.134033203125,0.98211669921875,2.893524169921875,-3.850555419921875,1.4654541015625,1.0,1.0,1.0,1.0,1.0,95.0,event
12:10:26.444,0.12858808,0.93235666,-0.21246214,-0.19476034,0.28717345,0.80689114,-0.5974605,0.2175636,0.37786934,0.80162346,-0.4468745,0.08197995,0.76902187,0.34031692,0.1377246,0.82300884,1.107541,0.22352083,-0.018748784,1.2458669,769.59705,792.96704,806.26373,790.54944,728.9011,-0.006103515625,0.134033203125,0.98211669921875,2.893524169921875,-3.850555419921875,1.4654541015625,1.0,1.0,1.0,1.0,1.0,95.0,event
12:10:26.445,0.12858808,0.93235666,-0.21246214,-0.19476034,0.28717345,0.80689114,-0.5974605,0.2175636,0.37786934,0.80162346,-0.4468745,0.08197995,0.76902187,0.34031692,0.1377246,0.82300884,1.107541,0.22352083,-0.018748784,1.2458669,781.28204,800.2198,808.68134,774.0293,819.9634,-0.006103515625,0.134033203125,0.98211669921875,2.893524169921875,-3.850555419921875,1.4654541015625,1.0,1.0,1.0,1.0,1.0,95.0,event
12:10:26.445,0.12858808,0.93235666,-0.21246214,-0.19476034,0.28717345,0.80689114,-0.5974605,0.2175636,0.37786934,0.80162346,-0.4468745,0.08197995,0.76902187,0.34031692,0.1377246,0.82300884,1.107541,0.22352083,-0.018748784,1.2458669,781.28204,805.05493,811.9048,795.78754,783.2967,-0.006103515625,0.134033203125,0.98211669921875,2.893524169921875,-3.850555419921875,1.4654541015625,1.0,1.0,1.0,1.0,1.0,95.0,event
12:10:26.446,0.12858808,0.93235666,-0.21246214,-0.19476034,0.28717345,0.80689114,-0.5974605,0.2175636,0.37786934,0.80162346,-0.4468745,0.08197995,0.76902187,0.34031692,0.1377246,0.82300884,1.107541,0.22352083,-0.018748784,1.2458669,772.4176,801.02563,804.65204,813.5165,784.10254,-0.006103515625,0.134033203125,0.98211669921875,2.893524169921875,-3.850555419921875,1.4654541015625,1.0,1.0,1.0,1.0,1.0,95.0,event
12:10:26.446,0.12858808,0.93235666,-0.21246214,-0.19476034,0.28717345,0.80689114,-0.5974605,0.2175636,0.37786934,0.80162346,-0.4468745,0.08197995,0.76902187,0.34031692,0.1377246,0.82300884,1.107541,0.22352083,-0.018748784,1.2458669,778.0586,796.5934,802.23444,788.93774,806.6667,-0.006103515625,0.134033203125,0.98211669921875,2.893524169921875,-3.850555419921875,1.4654541015625,1.0,1.0,1.0,1.0,1.0,95.0,event
12:10:26.447,0.12858808,0.93235666,-0.21246214,-0.19476034,0.28717345,0.80689114,-0.5974605,0.2175636,0.37786934,0.80162346,-0.4468745,0.08197995,0.76902187,0.34031692,0.1377246,0.82300884,1.107541,0.22352083,-0.018748784,1.2458669,796.1905,802.6374,794.9817,789.7436,933.1868,-0.006103515625,0.134033203125,0.98211669921875,2.893524169921875,-3.850555419921875,1.4654541015625,1.0,1.0,1.0,1.0,1.0,95.0,event
12:10:26.447,0.12858808,0.93235666,-0.21246214,-0.19476034,0.28717345,0.80689114,-0.5974605,0.2175636,0.37786934,0.80162346,-0.4468745,0.08197995,0.76902187,0.34031692,0.1377246,0.82300884,1.107541,0.22352083,-0.018748784,1.2458669,782.8938,801.4286,801.8315,763.1502,862.674,-0.006103515625,0.134033203125,0.98211669921875,2.893524169921875,-3.850555419921875,1.4654541015625,1.0,1.0,1.0,1.0,1.0,95.0,event
12:10:26.449,0.12858808,0.93235666,-0.21246214,-0.19476034,0.28717345,0.80689114,-0.5974605,0.2175636,0.37786934,0.80162346,-0.4468745,0.08197995,0.76902187,0.34031692,0.1377246,0.82300884,1.107541,0.22352083,-0.018748784,1.2458669,796.1905,797.8022,800.6227,820.7692,802.6374,-0.006103515625,0.134033203125,0.98211669921875,2.893524169921875,-3.850555419921875,1.4654541015625,1.0,1.0,1.0,1.0,1.0,95.0,event
12:10:26.450,0.12858808,0.93235666,-0.21246214,-0.19476034,0.28717345,0.80689114,-0.5974605,0.2175636,0.37786934,0.80162346,-0.4468745,0.08197995,0.76902187,0.34031692,0.1377246,0.82300884,1.107541,0.22352083,-0.018748784,1.2458669,800.6227,800.2198,815.12823,803.44324,760.32965,-0.006103515625,0.134033203125,0.98211669921875,2.893524169921875,-3.850555419921875,1.4654541015625,1.0,1.0,1.0,1.0,1.0,95.0,event
12:10:26.451,0.12858808,0.93235666,-0.21246214,-0.19476034,0.28717345,0.80689114,-0.5974605,0.2175636,0.37786934,0.80162346,-0.4468745,0.08197995,0.76902187,0.34031692,0.1377246,0.82300884,1.107541,0.22352083,-0.018748784,1.2458669,821.978,799.81683,817.1429,793.7729,810.293,-0.006103515625,0.134033203125,0.98211669921875,2.893524169921875,-3.850555419921875,1.4654541015625,1.0,1.0,1.0,1.0,1.0,95.0,event
12:10:26.476,0.12858808,0.93235666,-0.21246214,-0.19476034,0.28717345,0.80689114,-0.5974605,0.2175636,0.37786934,0.80162346,-0.4468745,0.08197995,0.76902187,0.34031692,0.1377246,0.82300884,1.107541,0.22352083,-0.018748784,1.2458669,814.3223,802.6374,814.3223,790.54944,821.978,-0.0047607421875,0.134521484375,0.97821044921875,2.04864501953125,-4.47113037109375,1.203765869140625,1.0,1.0,1.0,1.0,1.0,95.0,event
12:10:26.477,0.12858808,0.93235666,-0.21246214,-0.19476034,0.28717345,0.80689114,-0.5974605,0.2175636,0.37786934,0.80162346,-0.4468745,0.08197995,0.76902187,0.34031692,0.1377246,0.82300884,1.107541,0.22352083,-0.018748784,1.2458669,769.59705,810.293,814.7253,770.40295,778.46155,-0.0047607421875,0.134521484375,0.97821044921875,2.04864501953125,-4.47113037109375,1.203765869140625,1.0,1.0,1.0,1.0,1.0,95.0,event
12:10:26.478,0.12858808,0.93235666,-0.21246214,-0.19476034,0.28717345,0.80689114,-0.5974605,0.2175636,0.37786934,0.80162346,-0.4468745,0.08197995,0.76902187,0.34031692,0.1377246,0.82300884,1.107541,0.22352083,-0.018748784,1.2458669,767.1795,809.0842,811.0989,773.22345,772.01465,-0.0047607421875,0.134521484375,0.97821044921875,2.04864501953125,-4.47113037109375,1.203765869140625,1.0,1.0,1.0,1.0,1.0,95.0,event
12:10:26.479,0.12858808,0.93235666,-0.21246214,-0.19476034,0.28717345,0.80689114,-0.5974605,0.2175636,0.37786934,0.80162346,-0.4468745,0.08197995,0.76902187,0.34031692,0.1377246,0.82300884,1.107541,0.22352083,-0.018748784,1.2458669,776.8498,799.41394,805.4579,796.1905,931.1722,-0.0047607421875,0.134521484375,0.97821044921875,2.04864501953125,-4.47113037109375,1.203765869140625,1.0,1.0,1.0,1.0,1.0,95.0,event
12:10:26.479,0.12858808,0.93235666,-0.21246214,-0.19476034,0.28717345,0.80689114,-0.5974605,0.2175636,0.37786934,0.80162346,-0.4468745,0.08197995,0.76902187,0.34031692,0.1377246,0.82300884,1.107541,0.22352083,-0.018748784,1.2458669,777.6557,796.99634,803.0403,800.6227,876.77655,-0.0047607421875,0.134521484375,0.97821044921875,2.04864501953125,-4.47113037109375,1.203765869140625,1.0,1.0,1.0,1.0,1.0,95.0,event
12:10:26.479,0.12858808,0.93235666,-0.21246214,-0.19476034,0.28717345,0.80689114,-0.5974605,0.2175636,0.37786934,0.80162346,-0.4468745,0.08197995,0.76902187,0.34031692,0.1377246,0.82300884,1.107541,0.22352083,-0.018748784,1.2458669,772.4176,801.02563,799.41394,807.0696,804.2491,-0.0047607421875,0.134521484375,0.97821044921875,2.04864501953125,-4.47113037109375,1.203765869140625,1.0,1.0,1.0,1.0,1.0,95.0,event
12:10:26.480,0.12858808,0.93235666,-0.21246214,-0.19476034,0.28717345,0.80689114,-0.5974605,0.2175636,0.37786934,0.80162346,-0.4468745,0.08197995,0.76902187,0.34031692,0.1377246,0.82300884,1.107541,0.22352083,-0.018748784,1.2458669,782.49084,797.3993,797.8022,791.75824,952.9304,-0.0047607421875,0.134521484375,0.97821044921875,2.04864501953125,-4.47113037109375,1.203765869140625,1.0,1.0,1.0,1.0,1.0,95.0,event
12:10:26.480,0.12858808,0.93235666,-0.21246214,-0.19476034,0.28717345,0.80689114,-0.5974605,0.2175636,0.37786934,0.80162346,-0.4468745,0.08197995,0.76902187,0.34031692,0.1377246,0.82300884,1.107541,0.22352083,-0.018748784,1.2458669,809.89014,792.1612,803.44324,773.6264,1106.4469,-0.0047607421875,0.134521484375,0.97821044921875,2.04864501953125,-4.47113037109375,1.203765869140625,1.0,1.0,1.0,1.0,1.0,95.0,event
12:10:26.481,0.12858808,0.93003666,-0.4054637,-0.19476034,0.28717345,0.80401105,-0.15626892,0.2175636,0.37786934,0.80162346,-0.29873756,0.08197995,0.76902187,0.3452754,0.4219872,0.82300884,1.107541,0.23076198,0.30748525,1.2458669,772.8205,804.65204,807.0696,790.9524,653.1502,-0.0047607421875,0.134521484375,0.97821044921875,2.04864501953125,-4.47113037109375,1.203765869140625,1.0,1.0,1.0,1.0,1.0,95.0,event
12:10:26.481,0.12858808,0.93235666,-0.21246214,-0.19476034,0.28717345,0.80689114,-0.5974605,0.2175636,0.37786934,0.80162346,-0.4468745,0.08197995,0.76902187,0.34031692,0.1377246,0.82300884,1.107541,0.22352083,-0.018748784,1.2458669,799.011,797.3993,807.47253,783.69965,875.9707,-0.0047607421875,0.134521484375,0.97821044921875,2.04864501953125,-4.47113037109375,1.203765869140625,1.0,1.0,1.0,1.0,1.0,95.0,event
12:10:26.483,0.12858808,0.93003666,-0.4054637,-0.19476034,0.28717345,0.80401105,-0.15626892,0.2175636,0.37786934,0.80162346,-0.29873756,0.08197995,0.76902187,0.3452754,0.4219872,0.82300884,1.107541,0.23076198,0.30748525,1.2458669,782.0879,811.0989,807.47253,780.4762,722.8571,-0.0047607421875,0.134521484375,0.97821044921875,2.04864501953125,-4.47113037109375,1.203765869140625,1.0,1.0,1.0,1.0,1.0,95.0,event
12:10:26.484,0.12858808,0.93003666,-0.4054637,-0.19476034,0.28717345,0.80401105,-0.15626892,0.2175636,0.37786934,0.80162346,-0.29873756,0.08197995,0.76902187,0.3452754,0.4219872,0.82300884,1.107541,0.23076198,0.30748525,1.2458669,792.1612,807.47253,808.68134,786.52014,767.5824,-0.0047607421875,0.134521484375,0.97821044921875,2.04864501953125,-4.47113037109375,1.203765869140625,1.0,1.0,1.0,1.0,1.0,95.0,event
12:10:26.574,0.12858808,0.93003666,-0.4054637,-0.19476034,0.28717345,0.80401105,-0.15626892,0.2175636,0.37786934,0.80162346,-0.29873756,0.08197995,0.76902187,0.3452754,0.4219872,0.82300884,1.107541,0.23076198,0.30748525,1.2458669,789.34064,802.23444,807.0696,808.2784,728.49817,-0.0047607421875,0.134521484375,0.97821044921875,2.04864501953125,-4.47113037109375,1.203765869140625,1.0,1.0,1.0,1.0,1.0,95.0,event
12:10:26.575,0.12858808,0.93003666,-0.4054637,-0.19476034,0.28717345,0.80401105,-0.15626892,0.2175636,0.37786934,0.80162346,-0.29873756,0.08197995,0.76902187,0.3452754,0.4219872,0.82300884,1.107541,0.23076198,0.30748525,1.2458669,795.78754,810.293,800.6227,816.7399,739.7802,-0.0047607421875,0.134521484375,0.97821044921875,2.04864501953125,-4.47113037109375,1.203765869140625,1.0,1.0,1.0,1.0,1.0,95.0,event
12:10:26.575,0.12858808,0.93003666,-0.4054637,-0.19476034,0.28717345,0.80401105,-0.15626892,0.2175636,0.37786934,0.80162346,-0.29873756,0.08197995,0.76902187,0.3452754,0.4219872,0.82300884,1.107541,0.23076198,0.30748525,1.2458669,808.68134,815.9341,800.6227,810.293,797.3993,-0.0047607421875,0.134521484375,0.97821044921875,2.04864501953125,-4.47113037109375,1.203765869140625,1.0,1.0,1.0,1.0,1.0,95.0,event
12:10:26.576,0.12858808,0.93003666,-0.4054637,-0.19476034,0.28717345,0.80401105,-0.15626892,0.2175636,0.37786934,0.80162346,-0.29873756,0.08197995,0.76902187,0.3452754,0.4219872,0.82300884,1.107541,0.23076198,0.30748525,1.2458669,807.0696,810.293,805.4579,833.663,831.2454,-0.0047607421875,0.134521484375,0.97821044921875,2.04864501953125,-4.47113037109375,1.203765869140625,1.0,1.0,1.0,1.0,1.0,95.0,event
12:10:26.576,0.12858808,0.93003666,-0.4054637,-0.19476034,0.28717345,0.80401105,-0.15626892,0.2175636,0.37786934,0.80162346,-0.29873756,0.08197995,0.76902187,0.3452754,0.4219872,0.82300884,1.107541,0.23076198,0.30748525,1.2458669,796.1905,798.60803,804.65204,823.5897,813.5165,-0.0047607421875,0.134521484375,0.97821044921875,2.04864501953125,-4.47113037109375,1.203765869140625,1.0,1.0,1.0,1.0,1.0,95.0,event
12:10:26.577,0.12858808,0.93003666,-0.4054637,-0.19476034,0.28717345,0.80401105,-0.15626892,0.2175636,0.37786934,0.80162346,-0.29873756,0.08197995,0.76902187,0.3452754,0.4219872,0.82300884,1.107541,0.23076198,0.30748525,1.2458669,801.8315,801.4286,809.89014,777.6557,786.9231,-0.0047607421875,0.134521484375,0.97821044921875,2.04864501953125,-4.47113037109375,1.203765869140625,1.0,1.0,1.0,1.0,1.0,95.0,event
12:10:26.577,0.12858808,0.93003666,-0.4054637,-0.19476034,0.28717345,0.80401105,-0.15626892,0.2175636,0.37786934,0.80162346,-0.29873756,0.08197995,0.76902187,0.3452754,0.4219872,0.82300884,1.107541,0.23076198,0.30748525,1.2458669,807.0696,808.68134,817.5458,772.01465,1017.8022,-0.0047607421875,0.134521484375,0.97821044921875,2.04864501953125,-4.47113037109375,1.203765869140625,1.0,1.0,1.0,1.0,1.0,95.0,event
12:10:26.578,0.12858808,0.93003666,-0.4054637,-0.19476034,0.28717345,0.80401105,-0.15626892,0.2175636,0.37786934,0.80162346,-0.29873756,0.08197995,0.76902187,0.3452754,0.4219872,0.82300884,1.107541,0.23076198,0.30748525,1.2458669,781.28204,804.2491,815.9341,793.36993,1185.0183,-0.0047607421875,0.134521484375,0.97821044921875,2.04864501953125,-4.47113037109375,1.203765869140625,1.0,1.0,1.0,1.0,1.0,95.0,event
12:10:26.579,0.12858808,0.93003666,-0.4054637,-0.19476034,0.28717345,0.80401105,-0.15626892,0.2175636,0.37786934,0.80162346,-0.29873756,0.08197995,0.76902187,0.3452754,0.4219872,0.82300884,1.107541,0.23076198,0.30748525,1.2458669,773.6264,796.1905,804.2491,792.5641,700.696,-0.0047607421875,0.134521484375,0.97821044921875,2.04864501953125,-4.47113037109375,1.203765869140625,1.0,1.0,1.0,1.0,1.0,95.0,event
12:10:26.579,0.12858808,0.93003666,-0.4054637,-0.19476034,0.28717345,0.80401105,-0.15626892,0.2175636,0.37786934,0.80162346,-0.29873756,0.08197995,0.76902187,0.3452754,0.4219872,0.82300884,1.107541,0.23076198,0.30748525,1.2458669,763.5531,794.9817,808.2784,794.9817,857.03296,-0.0047607421875,0.134521484375,0.97821044921875,2.04864501953125,-4.47113037109375,1.203765869140625,1.0,1.0,1.0,1.0,1.0,95.0,event
12:10:26.580,0.12858808,0.93003666,-0.4054637,-0.19476034,0.28717345,0.80401105,-0.15626892,0.2175636,0.37786934,0.80162346,-0.29873756,0.08197995,0.76902187,0.3452754,0.4219872,0.82300884,1.107541,0.23076198,0.30748525,1.2458669,786.9231,806.6667,798.60803,789.34064,767.98535,-0.0047607421875,0.134521484375,0.97821044921875,2.04864501953125,-4.47113037109375,1.203765869140625,1.0,1.0,1.0,1.0,1.0,95.0,event
12:10:26.580,0.12858808,0.93003666,-0.4054637,-0.19476034,0.28717345,0.80401105,-0.15626892,0.2175636,0.37786934,0.80162346,-0.29873756,0.08197995,0.76902187,0.3452754,0.4219872,0.82300884,1.107541,0.23076198,0.30748525,1.2458669,792.5641,801.02563,806.6667,789.34064,722.8571,-0.0047607421875,0.134521484375,0.97821044921875,2.04864501953125,-4.47113037109375,1.203765869140625,1.0,1.0,1.0,1.0,1.0,95.0,event
12:10:26.606,0.12858808,0.93003666,-0.4054637,-0.19476034,0.28717345,0.80401105,-0.15626892,0.2175636,0.37786934,0.80162346,-0.29873756,0.08197995,0.76902187,0.3452754,0.4219872,0.82300884,1.107541,0.23076198,0.30748525,1.2458669,801.8315,796.5934,809.89014,800.2198,732.9304,0.00091552734375,0.13055419921875,0.98358154296875,1.099090576171875,-3.730926513671875,0.97198486328125,1.0,1.0,1.0,1.0,1.0,95.0,event
12:10:26.607,0.12858808,0.93003666,-0.4054637,-0.19476034,0.28717345,0.80401105,-0.15626892,0.2175636,0.37786934,0.80162346,-0.29873756,0.08197995,0.76902187,0.3452754,0.4219872,0.82300884,1.107541,0.23076198,0.30748525,1.2458669,791.75824,799.41394,802.23444,779.2674,754.2857,0.00091552734375,0.13055419921875,0.98358154296875,1.099090576171875,-3.730926513671875,0.97198486328125,1.0,1.0,1.0,1.0,1.0,95.0,event
12:10:26.607,0.12858808,0.93003666,-0.4054637,-0.19476034,0.28717345,0.80401105,-0.15626892,0.2175636,0.37786934,0.80162346,-0.29873756,0.08197995,0.76902187,0.3452754,0.4219872,0.82300884,1.107541,0.23076198,0.30748525,1.2458669,778.46155,800.6227,804.2491,758.315,803.44324,0.00091552734375,0.13055419921875,0.98358154296875,1.099090576171875,-3.730926513671875,0.97198486328125,1.0,1.0,1.0,1.0,1.0,95.0,event
12:10:26.608,0.12858808,0.93003666,-0.4054637,-0.19476034,0.28717345,0.80401105,-0.15626892,0.2175636,0.37786934,0.80162346,-0.29873756,0.08197995,0.76902187,0.3452754,0.4219872,0.82300884,1.107541,0.23076198,0.30748525,1.2458669,806.6667,805.4579,801.8315,800.6227,794.57874,0.00091552734375,0.13055419921875,0.98358154296875,1.099090576171875,-3.730926513671875,0.97198486328125,1.0,1.0,1.0,1.0,1.0,95.0,event
12:10:26.609,0.12858808,0.93003666,-0.4054637,-0.19476034,0.28717345,0.80401105,-0.15626892,0.2175636,0.37786934,0.80162346,-0.29873756,0.08197995,0.76902187,0.3452754,0.4219872,0.82300884,1.107541,0.23076198,0.30748525,1.2458669,808.2784,805.8608,800.6227,814.3223,757.1062,0.00091552734375,0.13055419921875,0.98358154296875,1.099090576171875,-3.730926513671875,0.97198486328125,1.0,1.0,1.0,1.0,1.0,95.0,event
12:10:26.609,0.12858808,0.93003666,-0.4054637,-0.19476034,0.28717345,0.80401105,-0.15626892,0.2175636,0.37786934,0.80162346,-0.29873756,0.08197995,0.76902187,0.3452754,0.4219872,0.82300884,1.107541,0.23076198,0.30748525,1.2458669,772.01465,805.05493,799.81683,804.65204,865.09155,0.00091552734375,0.13055419921875,0.98358154296875,1.099090576171875,-3.730926513671875,0.97198486328125,1.0,1.0,1.0,1.0,1.0,95.0,event
12:10:26.610,0.12858808,0.93003666,-0.4054637,-0.19476034,0.28717345,0.80401105,-0.15626892,0.2175636,0.37786934,0.80162346,-0.29873756,0.08197995,0.76902187,0.3452754,0.4219872,0.82300884,1.107541,0.23076198,0.30748525,1.2458669,788.5348,801.02563,804.65204,802.6374,1047.2161,0.00091552734375,0.13055419921875,0.98358154296875,1.099090576171875,-3.730926513671875,0.97198486328125,1.0,1.0,1.0,1.0,1.0,95.0,event
12:10:26.610,0.12858808,0.93003666,-0.4054637,-0.19476034,0.28717345,0.80401105,-0.15626892,0.2175636,0.37786934,0.80162346,-0.29873756,0.08197995,0.76902187,0.3452754,0.4219872,0.82300884,1.107541,0.23076198,0.30748525,1.2458669,788.93774,801.4286,811.50183,756.7033,888.46155,0.00091552734375,0.13055419921875,0.98358154296875,1.099090576171875,-3.730926513671875,0.97198486328125,1.0,1.0,1.0,1.0,1.0,95.0,event
12:10:26.611,0.12858808,0.93003666,-0.4054637,-0.19476034,0.28717345,0.80401105,-0.15626892,0.2175636,0.37786934,0.80162346,-0.29873756,0.08197995,0.76902187,0.3452754,0.4219872,0.82300884,1.107541,0.23076198,0.30748525,1.2458669,767.98535,794.57874,800.2198,780.4762,736.9597,0.00091552734375,0.13055419921875,0.98358154296875,1.099090576171875,-3.730926513671875,0.97198486328125,1.0,1.0,1.0,1.0,1.0,95.0,event
12:10:26.611,0.12858808,0.93003666,-0.4054637,-0.19476034,0.28717345,0.80401105,-0.15626892,0.2175636,0.37786934,0.80162346,-0.29873756,0.08197995,0.76902187,0.3452754,0.4219872,0.82300884,1.107541,0.23076198,0.30748525,1.2458669,770.40295,799.81683,805.05493,751.4652,668.0586,0.00091552734375,0.13055419921875,0.98358154296875,1.099090576171875,-3.730926513671875,0.97198486328125,1.0,1.0,1.0,1.0,1.0,95.0,event
12:10:26.612,0.12858808,0.93003666,-0.4054637,-0.19476034,0.28717345,0.80401105,-0.15626892,0.2175636,0.37786934,0.80162346,-0.29873756,0.08197995,0.76902187,0.3452754,0.4219872,0.82300884,1.107541,0.23076198,0.30748525,1.2458669,766.77655,800.2198,805.8608,795.78754,875.16486,0.00091552734375,0.13055419921875,0.98358154296875,1.099090576171875,-3.730926513671875,0.97198486328125,1.0,1.0,1.0,1.0,1.0,95.0,event
12:10:26.613,0.12858808,0.9156752,-0.44054624,0.6620152,0.28717345,0.7898972,-0.19656527,0.2839051,0.37786934,0.80162346,-0.24678537,0.50227964,0.76902187,0.34187323,0.3932261,1.2214417,1.107541,0.23150817,0.26173833,0.9053386,768.7912,801.8315,815.5311,782.0879,765.9707,0.00091552734375,0.13055419921875,0.98358154296875,1.099090576171875,-3.730926513671875,0.97198486328125,1.0,1.0,1.0,1.0,1.0,95.0,event
12:10:26.645,0.12858808,0.9156752,-0.44054624,0.6620152,0.28717345,0.7898972,-0.19656527,0.2839051,0.37786934,0.80162346,-0.24678537,0.50227964,0.76902187,0.34187323,0.3932261,1.2214417,1.107541,0.23150817,0.26173833,0.9053386,772.01465,798.20514,811.0989,770.80585,655.16486,-0.00823974609375,0.12432861328125,0.976806640625,0.897216796875,-3.03558349609375,0.28411865234375,1.0,1.0,1.0,1.0,1.0,95.0,event
12:10:26.647,0.12858808,0.9156752,-0.44054624,0.6620152,0.28717345,0.7898972,-0.19656527,0.2839051,0.37786934,0.80162346,-0.24678537,0.50227964,0.76902187,0.34187323,0.3932261,1.2214417,1.107541,0.23150817,0.26173833,0.9053386,784.10254,801.8315,799.41394,767.98535,734.94507,-0.00823974609375,0.12432861328125,0.976806640625,0.897216796875,-3.03558349609375,0.28411865234375,1.0,1.0,1.0,1.0,1.0,95.0,event
12:10:26.648,0.12858808,0.9156752,-0.44054624,0.6620152,0.28717345,0.7898972,-0.19656527,0.2839051,0.37786934,0.80162346,-0.24678537,0.50227964,0.76902187,0.34187323,0.3932261,1.2214417,1.107541,0.23150817,0.26173833,0.9053386,741.79486,800.6227,803.44324,772.01465,800.2198,-0.00823974609375,0.12432861328125,0.976806640625,0.897216796875,-3.03558349609375,0.28411865234375,1.0,1.0,1.0,1.0,1.0,95.0,event
12:10:26.648,0.12858808,0.9156752,-0.44054624,0.6620152,0.28717345,0.7898972,-0.19656527,0.2839051,0.37786934,0.80162346,-0.24678537,0.50227964,0.76902187,0.34187323,0.3932261,1.2214417,1.107541,0.23150817,0.26173833,0.9053386,718.4249,791.75824,812.3077,755.89746,726.4835,-0.00823974609375,0.12432861328125,0.976806640625,0.897216796875,-3.03558349609375,0.28411865234375,1.0,1.0,1.0,1.0,1.0,95.0,event
12:10:26.649,0.12858808,0.9156752,-0.44054624,0.6620152,0.28717345,0.7898972,-0.19656527,0.2839051,0.37786934,0.80162346,-0.24678537,0.50227964,0.76902187,0.34187323,0.3932261,1.2214417,1.107541,0.23150817,0.26173833,0.9053386,730.5128,792.96704,804.2491,722.4542,674.90845,-0.00823974609375,0.12432861328125,0.976806640625,0.897216796875,-3.03558349609375,0.28411865234375,1.0,1.0,1.0,1.0,1.0,95.0,event
12:10:26.650,0.12858808,0.9156752,-0.44054624,0.6620152,0.28717345,0.7898972,-0.19656527,0.2839051,0.37786934,0.80162346,-0.24678537,0.50227964,0.76902187,0.34187323,0.3932261,1.2214417,1.107541,0.23150817,0.26173833,0.9053386,737.76556,797.3993,800.6227,755.89746,844.94507,-0.00823974609375,0.12432861328125,0.976806640625,0.897216796875,-3.03558349609375,0.28411865234375,1.0,1.0,1.0,1.0,1.0,95.0,event
12:10:26.651,0.12858808,0.9156752,-0.44054624,0.6620152,0.28717345,0.7898972,-0.19656527,0.2839051,0.37786934,0.80162346,-0.24678537,0.50227964,0.76902187,0.34187323,0.3932261,1.2214417,1.107541,0.23150817,0.26173833,0.9053386,757.1062,796.5934,800.2198,786.9231,915.8608,-0.00823974609375,0.12432861328125,0.976806640625,0.897216796875,-3.03558349609375,0.28411865234375,1.0,1.0,1.0,1.0,1.0,95.0,event
12:10:26.652,0.12858808,0.9156752,-0.44054624,0.6620152,0.28717345,0.7898972,-0.19656527,0.2839051,0.37786934,0.80162346,-0.24678537,0.50227964,0.76902187,0.34187323,0.3932261,1.2214417,1.107541,0.23150817,0.26173833,0.9053386,776.8498,801.8315,801.4286,768.7912,741.79486,-0.00823974609375,0.12432861328125,0.976806640625,0.897216796875,-3.03558349609375,0.28411865234375,1.0,1.0,1.0,1.0,1.0,95.0,event
12:10:26.652,0.12858808,0.9156752,-0.44054624,0.6620152,0.28717345,0.7898972,-0.19656527,0.2839051,0.37786934,0.80162346,-0.24678537,0.50227964,0.76902187,0.34187323,0.3932261,1.2214417,1.107541,0.23150817,0.26173833,0.9053386,758.315,801.4286,795.38464,785.31134,799.011,-0.00823974609375,0.12432861328125,0.976806640625,0.897216796875,-3.03558349609375,0.28411865234375,1.0,1.0,1.0,1.0,1.0,95.0,event
12:10:26.653,0.12858808,0.9156752,-0.44054624,0.6620152,0.28717345,0.7898972,-0.19656527,0.2839051,0.37786934,0.80162346,-0.24678537,0.50227964,0.76902187,0.34187323,0.3932261,1.2214417,1.107541,0.23150817,0.26173833,0.9053386,789.34064,799.41394,805.8608,770.40295,931.978,-0.00823974609375,0.12432861328125,0.976806640625,0.897216796875,-3.03558349609375,0.28411865234375,1.0,1.0,1.0,1.0,1.0,95.0,event
12:10:26.653,0.12858808,0.9156752,-0.44054624,0.6620152,0.28717345,0.7898972,-0.19656527,0.2839051,0.37786934,0.80162346,-0.24678537,0.50227964,0.76902187,0.34187323,0.3932261,1.2214417,1.107541,0.23150817,0.26173833,0.9053386,756.30035,795.78754,806.26373,774.0293,967.4359,-0.00823974609375,0.12432861328125,0.976806640625,0.897216796875,-3.03558349609375,0.28411865234375,1.0,1.0,1.0,1.0,1.0,95.0,event
12:10:26.654,0.12858808,0.9156752,-0.44054624,0.6620152,0.28717345,0.7898972,-0.19656527,0.2839051,0.37786934,0.80162346,-0.24678537,0.50227964,0.76902187,0.34187323,0.3932261,1.2214417,1.107541,0.23150817,0.26173833,0.9053386,743.8095,796.1905,805.8608,792.1612,758.71796,-0.00823974609375,0.12432861328125,0.976806640625,0.897216796875,-3.03558349609375,0.28411865234375,1.0,1.0,1.0,1.0,1.0,95.0,event
12:10:26.693,0.12858808,0.9156752,-0.44054624,0.6620152,0.28717345,0.7898972,-0.19656527,0.2839051,0.37786934,0.80162346,-0.24678537,0.50227964,0.76902187,0.34187323,0.3932261,1.2214417,1.107541,0.23150817,0.26173833,0.9053386,754.2857,798.60803,801.02563,832.4542,787.326,-0.00537109375,0.12322998046875,0.9764404296875,1.51031494140625,-3.431854248046875,0.530853271484375,1.0,1.0,1.0,1.0,1.0,95.0,event
12:10:26.694,0.12858808,0.9156752,-0.44054624,0.6620152,0.28717345,0.7898972,-0.19656527,0.2839051,0.37786934,0.80162346,-0.24678537,0.50227964,0.76902187,0.34187323,0.3932261,1.2214417,1.107541,0.23150817,0.26173833,0.9053386,788.5348,798.60803,799.81683,807.8755,956.55676,-0.00537109375,0.12322998046875,0.9764404296875,1.51031494140625,-3.431854248046875,0.530853271484375,1.0,1.0,1.0,1.0,1.0,95.0,event
12:10:26.695,0.12858808,0.9156752,-0.44054624,0.6620152,0.28717345,0.7898972,-0.19656527,0.2839051,0.37786934,0.80162346,-0.24678537,0.50227964,0.76902187,0.34187323,0.3932261,1.2214417,1.107541,0.23150817,0.26173833,0.9053386,812.3077,797.3993,795.78754,757.50916,855.82416,-0.00537109375,0.12322998046875,0.9764404296875,1.51031494140625,-3.431854248046875,0.530853271484375,1.0,1.0,1.0,1.0,1.0,95.0,event
12:10:26.696,0.12858808,0.9156752,-0.44054624,0.6620152,0.28717345,0.7898972,-0.19656527,0.2839051,0.37786934,0.80162346,-0.24678537,0.50227964,0.76902187,0.34187323,0.3932261,1.2214417,1.107541,0.23150817,0.26173833,0.9053386,787.72894,797.8022,802.23444,763.95605,738.1685,-0.00537109375,0.12322998046875,0.9764404296875,1.51031494140625,-3.431854248046875,0.530853271484375,1.0,1.0,1.0,1.0,1.0,95.0,event
12:10:26.696,0.12858808,0.9156752,-0.44054624,0.6620152,0.28717345,0.7898972,-0.19656527,0.2839051,0.37786934,0.80162346,-0.24678537,0.50227964,0.76902187,0.34187323,0.3932261,1.2214417,1.107541,0.23150817,0.26173833,0.9053386,775.2381,803.0403,812.71063,782.49084,787.72894,-0.00537109375,0.12322998046875,0.9764404296875,1.51031494140625,-3.431854248046875,0.530853271484375,1.0,1.0,1.0,1.0,1.0,95.0,event
12:10:26.697,0.12858808,0.9156752,-0.44054624,0.6620152,0.28717345,0.7898972,-0.19656527,0.2839051,0.37786934,0.80162346,-0.24678537,0.50227964,0.76902187,0.34187323,0.3932261,1.2214417,1.107541,0.23150817,0.26173833,0.9053386,774.83514,801.4286,804.2491,806.6667,865.09155,-0.00537109375,0.12322998046875,0.9764404296875,1.51031494140625,-3.431854248046875,0.530853271484375,1.0,1.0,1.0,1.0,1.0,95.0,event
12:10:26.698,0.12858808,0.9156752,-0.44054624,0.6620152,0.28717345,0.7898972,-0.19656527,0.2839051,0.37786934,0.80162346,-0.24678537,0.50227964,0.76902187,0.34187323,0.3932261,1.2214417,1.107541,0.23150817,0.26173833,0.9053386,794.9817,803.0403,805.05493,769.59705,733.73627,-0.00537109375,0.12322998046875,0.9764404296875,1.51031494140625,-3.431854248046875,0.530853271484375,1.0,1.0,1.0,1.0,1.0,95.0,event
12:10:26.698,0.12858808,0.9156752,-0.44054624,0.6620152,0.28717345,0.7898972,-0.19656527,0.2839051,0.37786934,0.80162346,-0.24678537,0.50227964,0.76902187,0.34187323,0.3932261,1.2214417,1.107541,0.23150817,0.26173833,0.9053386,775.2381,801.02563,798.60803,799.41394,850.18317,-0.00537109375,0.12322998046875,0.9764404296875,1.51031494140625,-3.431854248046875,0.530853271484375,1.0,1.0,1.0,1.0,1.0,95.0,event
12:10:26.699,0.12858808,0.9156752,-0.44054624,0.6620152,0.28717345,0.7898972,-0.19656527,0.2839051,0.37786934,0.80162346,-0.24678537,0.50227964,0.76902187,0.34187323,0.3932261,1.2214417,1.107541,0.23150817,0.26173833,0.9053386,800.2198,806.6667,809.0842,802.23444,770.0,-0.00537109375,0.12322998046875,0.9764404296875,1.51031494140625,-3.431854248046875,0.530853271484375,1.0,1.0,1.0,1.0,1.0,95.0,event
12:10:26.700,0.12858808,0.9156752,-0.44054624,0.6620152,0.28717345,0.7898972,-0.19656527,0.2839051,0.37786934,0.80162346,-0.24678537,0.50227964,0.76902187,0.34187323,0.3932261,1.2214417,1.107541,0.23150817,0.26173833,0.9053386,801.4286,806.26373,801.8315,809.89014,1018.20514,-0.00537109375,0.12322998046875,0.9764404296875,1.51031494140625,-3.431854248046875,0.530853271484375,1.0,1.0,1.0,1.0,1.0,95.0,event
12:10:26.701,0.12858808,0.9156752,-0.44054624,0.6620152,0.28717345,0.7898972,-0.19656527,0.2839051,0.37786934,0.80162346,-0.24678537,0.50227964,0.76902187,0.34187323,0.3932261,1.2214417,1.107541,0.23150817,0.26173833,0.9053386,834.87177,796.5934,799.41394,803.8461,905.78754,-0.00537109375,0.12322998046875,0.9764404296875,1.51031494140625,-3.431854248046875,0.530853271484375,1.0,1.0,1.0,1.0,1.0,95.0,event
12:10:26.701,0.12858808,0.9156752,-0.44054624,0.6620152,0.28717345,0.7898972,-0.19656527,0.2839051,0.37786934,0.80162346,-0.24678537,0.50227964,0.76902187,0.34187323,0.3932261,1.2214417,1.107541,0.23150817,0.26173833,0.9053386,783.2967,790.9524,806.26373,778.86444,759.5238,-0.00537109375,0.12322998046875,0.9764404296875,1.51031494140625,-3.431854248046875,0.530853271484375,1.0,1.0,1.0,1.0,1.0,95.0,event
12:10:26.731,0.12858808,0.9156752,-0.44054624,0.6620152,0.28717345,0.7898972,-0.19656527,0.2839051,0.37786934,0.80162346,-0.24678537,0.50227964,0.76902187,0.34187323,0.3932261,1.2214417,1.107541,0.23150817,0.26173833,0.9053386,730.5128,796.99634,805.8608,753.47986,827.619,-0.00714111328125,0.11798095703125,0.973876953125,2.474822998046875,-3.177642822265625,-0.844879150390625,1.0,1.0,1.0,1.0,1.0,95.0,event
12:10:26.733,0.12858808,0.86991644,-0.47339645,0.6620152,0.28717345,0.74309456,-0.23793009,0.2839051,0.37786934,0.80162346,-0.21010453,0.50227964,0.76902187,0.32781252,0.37838754,1.2214417,1.107541,0.22648452,0.21630655,0.9053386,758.71796,802.23444,805.8608,771.2088,886.04395,-0.00714111328125,0.11798095703125,0.973876953125,2.474822998046875,-3.177642822265625,-0.844879150390625,1.0,1.0,1.0,1.0,1.0,95.0,event
12:10:26.738,0.12858808,0.86991644,-0.47339645,0.6620152,0.28717345,0.74309456,-0.23793009,0.2839051,0.37786934,0.80162346,-0.21010453,0.50227964,0.76902187,0.32781252,0.37838754,1.2214417,1.107541,0.22648452,0.21630655,0.9053386,781.685,810.696,805.05493,805.05493,846.9597,-0.00714111328125,0.11798095703125,0.973876953125,2.474822998046875,-3.177642822265625,-0.844879150390625,1.0,1.0,1.0,1.0,1.0,95.0,event
12:10:26.739,0.12858808,0.86991644,-0.47339645,0.6620152,0.28717345,0.74309456,-0.23793009,0.2839051,0.37786934,0.80162346,-0.21010453,0.50227964,0.76902187,0.32781252,0.37838754,1.2214417,1.107541,0.22648452,0.21630655,0.9053386,778.86444,811.0989,801.02563,815.5311,754.68866,-0.00714111328125,0.11798095703125,0.973876953125,2.474822998046875,-3.177642822265625,-0.844879150390625,1.0,1.0,1.0,1.0,1.0,95.0,event
12:10:26.740,0.12858808,0.86991644,-0.47339645,0.6620152,0.28717345,0.74309456,-0.23793009,0.2839051,0.37786934,0.80162346,-0.21010453,0.50227964,0.76902187,0.32781252,0.37838754,1.2214417,1.107541,0.22648452,0.21630655,0.9053386,782.0879,800.2198,801.02563,811.50183,880.0,-0.00714111328125,0.11798095703125,0.973876953125,2.474822998046875,-3.177642822265625,-0.844879150390625,1.0,1.0,1.0,1.0,1.0,95.0,event
12:10:26.741,0.12858808,0.86991644,-0.47339645,0.6620152,0.28717345,0.74309456,-0.23793009,0.2839051,0.37786934,0.80162346,-0.21010453,0.50227964,0.76902187,0.32781252,0.37838754,1.2214417,1.107541,0.22648452,0.21630655,0.9053386,784.5055,791.75824,812.3077,809.0842,1008.5348,-0.00714111328125,0.11798095703125,0.973876953125,2.474822998046875,-3.177642822265625,-0.844879150390625,1.0,1.0,1.0,1.0,1.0,95.0,event
12:10:26.742,0.12858808,0.86991644,-0.47339645,0.6620152,0.28717345,0.74309456,-0.23793009,0.2839051,0.37786934,0.80162346,-0.21010453,0.50227964,0.76902187,0.32781252,0.37838754,1.2214417,1.107541,0.22648452,0.21630655,0.9053386,788.1319,788.5348,816.337,777.6557,893.69965,-0.00714111328125,0.11798095703125,0.973876953125,2.474822998046875,-3.177642822265625,-0.844879150390625,1.0,1.0,1.0,1.0,1.0,95.0,event
12:10:26.743,0.12858808,0.86991644,-0.47339645,0.6620152,0.28717345,0.74309456,-0.23793009,0.2839051,0.37786934,0.80162346,-0.21010453,0.50227964,0.76902187,0.32781252,0.37838754,1.2214417,1.107541,0.22648452,0.21630655,0.9053386,785.31134,789.7436,809.89014,757.9121,814.7253,-0.00714111328125,0.11798095703125,0.973876953125,2.474822998046875,-3.177642822265625,-0.844879150390625,1.0,1.0,1.0,1.0,1.0,95.0,event
12:10:26.744,0.12858808,0.86991644,-0.47339645,0.6620152,0.28717345,0.74309456,-0.23793009,0.2839051,0.37786934,0.80162346,-0.21010453,0.50227964,0.76902187,0.32781252,0.37838754,1.2214417,1.107541,0.22648452,0.21630655,0.9053386,772.8205,795.78754,801.8315,774.0293,903.7729,-0.00714111328125,0.11798095703125,0.973876953125,2.474822998046875,-3.177642822265625,-0.844879150390625,1.0,1.0,1.0,1.0,1.0,95.0,event
12:10:26.745,0.12858808,0.86991644,-0.47339645,0.6620152,0.28717345,0.74309456,-0.23793009,0.2839051,0.37786934,0.80162346,-0.21010453,0.50227964,0.76902187,0.32781252,0.37838754,1.2214417,1.107541,0.22648452,0.21630655,0.9053386,792.1612,801.8315,805.8608,801.8315,957.76556,-0.00714111328125,0.11798095703125,0.973876953125,2.474822998046875,-3.177642822265625,-0.844879150390625,1.0,1.0,1.0,1.0,1.0,95.0,event
12:10:26.746,0.12858808,0.86991644,-0.47339645,0.6620152,0.28717345,0.74309456,-0.23793009,0.2839051,0.37786934,0.80162346,-0.21010453,0.50227964,0.76902187,0.32781252,0.37838754,1.2214417,1.107541,0.22648452,0.21630655,0.9053386,793.36993,800.6227,816.7399,811.50183,735.34796,-0.00714111328125,0.11798095703125,0.973876953125,2.474822998046875,-3.177642822265625,-0.844879150390625,1.0,1.0,1.0,1.0,1.0,95.0,event
12:10:26.746,0.12858808,0.86991644,-0.47339645,0.6620152,0.28717345,0.74309456,-0.23793009,0.2839051,0.37786934,0.80162346,-0.21010453,0.50227964,0.76902187,0.32781252,0.37838754,1.2214417,1.107541,0.22648452,0.21630655,0.9053386,769.19415,806.6667,813.91943,819.9634,667.25275,-0.00714111328125,0.11798095703125,0.973876953125,2.474822998046875,-3.177642822265625,-0.844879150390625,1.0,1.0,1.0,1.0,1.0,95.0,event
12:10:26.767,0.12858808,0.86991644,-0.47339645,0.6620152,0.28717345,0.74309456,-0.23793009,0.2839051,0.37786934,0.80162346,-0.21010453,0.50227964,0.76902187,0.32781252,0.37838754,1.2214417,1.107541,0.22648452,0.21630655,0.9053386,753.47986,814.3223,805.05493,817.9487,742.6007,-0.00714111328125,0.11798095703125,0.973876953125,2.474822998046875,-3.177642822265625,-0.844879150390625,1.0,1.0,1.0,1.0,1.0,95.0,event
12:10:26.768,0.12858808,0.86991644,-0.47339645,0.6620152,0.28717345,0.74309456,-0.23793009,0.2839051,0.37786934,0.80162346,-0.21010453,0.50227964,0.76902187,0.32781252,0.37838754,1.2214417,1.107541,0.22648452,0.21630655,0.9053386,788.5348,813.5165,807.47253,805.4579,750.65936,-0.00714111328125,0.11798095703125,0.973876953125,2.474822998046875,-3.177642822265625,-0.844879150390625,1.0,1.0,1.0,1.0,1.0,95.0,event
12:10:26.768,0.12858808,0.86991644,-0.47339645,0.6620152,0.28717345,0.74309456,-0.23793009,0.2839051,0.37786934,0.80162346,-0.21010453,0.50227964,0.76902187,0.32781252,0.37838754,1.2214417,1.107541,0.22648452,0.21630655,0.9053386,797.8022,809.0842,813.5165,774.43225,714.7985,-0.00714111328125,0.11798095703125,0.973876953125,2.474822998046875,-3.177642822265625,-0.844879150390625,1.0,1.0,1.0,1.0,1.0,95.0,event
12:10:26.769,0.12858808,0.86991644,-0.47339645,0.6620152,0.28717345,0.74309456,-0.23793009,0.2839051,0.37786934,0.80162346,-0.21010453,0.50227964,0.76902187,0.32781252,0.37838754,1.2214417,1.107541,0.22648452,0.21630655,0.9053386,785.31134,802.6374,805.8608,799.011,839.707,-0.00714111328125,0.11798095703125,0.973876953125,2.474822998046875,-3.177642822265625,-0.844879150390625,1.0,1.0,1.0,1.0,1.0,95.0,event
12:10:26.769,0.12858808,0.86991644,-0.47339645,0.6620152,0.28717345,0.74309456,-0.23793009,0.2839051,0.37786934,0.80162346,-0.21010453,0.50227964,0.76902187,0.32781252,0.37838754,1.2214417,1.107541,0.22648452,0.21630655,0.9053386,772.01465,802.6374,810.696,757.9121,709.9634,-0.00714111328125,0.11798095703125,0.973876953125,2.474822998046875,-3.177642822265625,-0.844879150390625,1.0,1.0,1.0,1.0,1.0,95.0,event
12:10:26.769,0.12858808,0.86991644,-0.47339645,0.6620152,0.28717345,0.74309456,-0.23793009,0.2839051,0.37786934,0.80162346,-0.21010453,0.50227964,0.76902187,0.32781252,0.37838754,1.2214417,1.107541,0.22648452,0.21630655,0.9053386,814.3223,803.44324,807.8755,801.4286,847.3626,-0.00714111328125,0.11798095703125,0.973876953125,2.474822998046875,-3.177642822265625,-0.844879150390625,1.0,1.0,1.0,1.0,1.0,95.0,event
12:10:26.770,0.12858808,0.86991644,-0.47339645,0.6620152,0.28717345,0.74309456,-0.23793009,0.2839051,0.37786934,0.80162346,-0.21010453,0.50227964,0.76902187,0.32781252,0.37838754,1.2214417,1.107541,0.22648452,0.21630655,0.9053386,757.9121,801.02563,805.05493,770.80585,786.52014,-0.00714111328125,0.11798095703125,0.973876953125,2.474822998046875,-3.177642822265625,-0.844879150390625,1.0,1.0,1.0,1.0,1.0,95.0,event
12:10:26.770,0.12858808,0.86991644,-0.47339645,0.6620152,0.28717345,0.74309456,-0.23793009,0.2839051,0.37786934,0.80162346,-0.21010453,0.50227964,0.76902187,0.32781252,0.37838754,1.2214417,1.107541,0.22648452,0.21630655,0.9053386,803.0403,804.2491,804.2491,799.011,774.0293,-0.00714111328125,0.11798095703125,0.973876953125,2.474822998046875,-3.177642822265625,-0.844879150390625,1.0,1.0,1.0,1.0,1.0,95.0,event
12:10:26.770,0.12858808,0.86991644,-0.47339645,0.6620152,0.28717345,0.74309456,-0.23793009,0.2839051,0.37786934,0.80162346,-0.21010453,0.50227964,0.76902187,0.32781252,0.37838754,1.2214417,1.107541,0.22648452,0.21630655,0.9053386,795.78754,805.8608,801.8315,804.65204,1008.5348,-0.00714111328125,0.11798095703125,0.973876953125,2.474822998046875,-3.177642822265625,-0.844879150390625,1.0,1.0,1.0,1.0,1.0,95.0,event
12:10:26.771,0.12858808,0.86991644,-0.47339645,0.6620152,0.28717345,0.74309456,-0.23793009,0.2839051,0.37786934,0.80162346,-0.21010453,0.50227964,0.76902187,0.32781252,0.37838754,1.2214417,1.107541,0.22648452,0.21630655,0.9053386,780.87915,809.4872,800.6227,801.02563,949.707,-0.00714111328125,0.11798095703125,0.973876953125,2.474822998046875,-3.177642822265625,-0.844879150390625,1.0,1.0,1.0,1.0,1.0,95.0,event
12:10:26.771,0.12858808,0.86991644,-0.47339645,0.6620152,0.28717345,0.74309456,-0.23793009,0.2839051,0.37786934,0.80162346,-0.21010453,0.50227964,0.76902187,0.32781252,0.37838754,1.2214417,1.107541,0.22648452,0.21630655,0.9053386,793.36993,796.5934,803.8461,807.0696,711.1722,-0.00714111328125,0.11798095703125,0.973876953125,2.474822998046875,-3.177642822265625,-0.844879150390625,1.0,1.0,1.0,1.0,1.0,95.0,event
12:10:26.771,0.12858808,0.86991644,-0.47339645,0.6620152,0.28717345,0.74309456,-0.23793009,0.2839051,0.37786934,0.80162346,-0.21010453,0.50227964,0.76902187,0.32781252,0.37838754,1.2214417,1.107541,0.22648452,0.21630655,0.9053386,788.1319,797.8022,822.381,782.0879,772.4176,-0.00714111328125,0.11798095703125,0.973876953125,2.474822998046875,-3.177642822265625,-0.844879150390625,1.0,1.0,1.0,1.0,1.0,95.0,event
12:10:26.839,0.12858808,0.86991644,-0.47339645,0.6620152,0.28717345,0.74309456,-0.23793009,0.2839051,0.37786934,0.80162346,-0.21010453,0.50227964,0.76902187,0.32781252,0.37838754,1.2214417,1.107541,0.22648452,0.21630655,0.9053386,788.5348,813.1135,821.1722,774.83514,751.8681,0.0166015625,0.13018798828125,0.9771728515625,6.5496826171875,1.98883056640625,3.297271728515625,1.0,1.0,1.0,1.0,1.0,95.0,event
12:10:26.841,0.12858808,0.86991644,-0.47339645,0.6620152,0.28717345,0.74309456,-0.23793009,0.2839051,0.37786934,0.80162346,-0.21010453,0.50227964,0.76902187,0.32781252,0.37838754,1.2214417,1.107541,0.22648452,0.21630655,0.9053386,798.60803,809.4872,815.12823,815.12823,730.10986,0.0166015625,0.13018798828125,0.9771728515625,6.5496826171875,1.98883056640625,3.297271728515625,1.0,1.0,1.0,1.0,1.0,95.0,event
12:10:26.842,0.12858808,0.76733035,-0.5149626,0.6620152,0.28717345,0.63792884,-0.28110293,0.2839051,0.37786934,0.7957368,-0.20471677,0.50227964,0.76902187,0.30285767,0.37615484,1.2214417,1.107541,0.21765603,0.18362282,0.9053386,794.57874,803.44324,814.3223,790.9524,894.10254,0.0166015625,0.13018798828125,0.9771728515625,6.5496826171875,1.98883056640625,3.297271728515625,1.0,1.0,1.0,1.0,1.0,95.0,event
12:10:26.842,0.12858808,0.86991644,-0.47339645,0.6620152,0.28717345,0.74309456,-0.23793009,0.2839051,0.37786934,0.80162346,-0.21010453,0.50227964,0.76902187,0.32781252,0.37838754,1.2214417,1.107541,0.22648452,0.21630655,0.9053386,788.93774,802.23444,819.15753,829.2308,785.7143,0.0166015625,0.13018798828125,0.9771728515625,6.5496826171875,1.98883056640625,3.297271728515625,1.0,1.0,1.0,1.0,1.0,95.0,event
12:10:26.847,0.12858808,0.76733035,-0.5149626,0.6620152,0.28717345,0.63792884,-0.28110293,0.2839051,0.37786934,0.7957368,-0.20471677,0.50227964,0.76902187,0.30285767,0.37615484,1.2214417,1.107541,0.21765603,0.18362282,0.9053386,801.8315,815.12823,809.0842,792.96704,868.71796,0.0166015625,0.13018798828125,0.9771728515625,6.5496826171875,1.98883056640625,3.297271728515625,1.0,1.0,1.0,1.0,1.0,95.0,event
12:10:26.848,0.12858808,0.76733035,-0.5149626,0.6620152,0.28717345,0.63792884,-0.28110293,0.2839051,0.37786934,0.7957368,-0.20471677,0.50227964,0.76902187,0.30285767,0.37615484,1.2214417,1.107541,0.21765603,0.18362282,0.9053386,802.23444,818.7546,802.23444,803.44324,813.1135,0.0166015625,0.13018798828125,0.9771728515625,6.5496826171875,1.98883056640625,3.297271728515625,1.0,1.0,1.0,1.0,1.0,95.0,event
12:10:26.849,0.12858808,0.76733035,-0.5149626,0.6620152,0.28717345,0.63792884,-0.28110293,0.2839051,0.37786934,0.7957368,-0.20471677,0.50227964,0.76902187,0.30285767,0.37615484,1.2214417,1.107541,0.21765603,0.18362282,0.9053386,770.0,808.68134,809.4872,802.6374,781.685,0.0166015625,0.13018798828125,0.9771728515625,6.5496826171875,1.98883056640625,3.297271728515625,1.0,1.0,1.0,1.0,1.0,95.0,event
12:10:26.849,0.12858808,0.76733035,-0.5149626,0.6620152,0.28717345,0.63792884,-0.28110293,0.2839051,0.37786934,0.7957368,-0.20471677,0.50227964,0.76902187,0.30285767,0.37615484,1.2214417,1.107541,0.21765603,0.18362282,0.9053386,755.09155,805.8608,819.15753,790.14655,1027.0696,0.0166015625,0.13018798828125,0.9771728515625,6.5496826171875,1.98883056640625,3.297271728515625,1.0,1.0,1.0,1.0,1.0,95.0,event
12:10:26.850,0.12858808,0.76733035,-0.5149626,0.6620152,0.28717345,0.63792884,-0.28110293,0.2839051,0.37786934,0.7957368,-0.20471677,0.50227964,0.76902187,0.30285767,0.37615484,1.2214417,1.107541,0.21765603,0.18362282,0.9053386,776.8498,805.05493,820.3663,780.87915,1178.5714,0.0166015625,0.13018798828125,0.9771728515625,6.5496826171875,1.98883056640625,3.297271728515625,1.0,1.0,1.0,1.0,1.0,95.0,event
12:10:26.850,0.12858808,0.76733035,-0.5149626,0.6620152,0.28717345,0.63792884,-0.28110293,0.2839051,0.37786934,0.7957368,-0.20471677,0.50227964,0.76902187,0.30285767,0.37615484,1.2214417,1.107541,0.21765603,0.18362282,0.9053386,799.41394,807.47253,819.9634,786.52014,824.3956,0.0166015625,0.13018798828125,0.9771728515625,6.5496826171875,1.98883056640625,3.297271728515625,1.0,1.0,1.0,1.0,1.0,95.0,event
12:10:26.851,0.12858808,0.76733035,-0.5149626,0.6620152,0.28717345,0.63792884,-0.28110293,0.2839051,0.37786934,0.7957368,-0.20471677,0.50227964,0.76902187,0.30285767,0.37615484,1.2214417,1.107541,0.21765603,0.18362282,0.9053386,809.89014,811.50183,815.12823,821.5751,670.07324,0.0166015625,0.13018798828125,0.9771728515625,6.5496826171875,1.98883056640625,3.297271728515625,1.0,1.0,1.0,1.0,1.0,95.0,event
12:10:26.851,0.12858808,0.76733035,-0.5149626,0.6620152,0.28717345,0.63792884,-0.28110293,0.2839051,0.37786934,0.7957368,-0.20471677,0.50227964,0.76902187,0.30285767,0.37615484,1.2214417,1.107541,0.21765603,0.18362282,0.9053386,808.68134,808.68134,817.1429,831.2454,769.59705,0.0166015625,0.13018798828125,0.9771728515625,6.5496826171875,1.98883056640625,3.297271728515625,1.0,1.0,1.0,1.0,1.0,95.0,event
12:10:26.876,0.12858808,0.76733035,-0.5149626,0.6620152,0.28717345,0.63792884,-0.28110293,0.2839051,0.37786934,0.7957368,-0.20471677,0.50227964,0.76902187,0.30285767,0.37615484,1.2214417,1.107541,0.21765603,0.18362282,0.9053386,794.17584,807.47253,821.5751,805.4579,694.2491,-0.01275634765625,0.13922119140625,0.98638916015625,6.527252197265625,8.8525390625,2.534637451171875,1.0,1.0,1.0,1.0,1.0,95.0,event
12:10:26.877,0.12858808,0.76733035,-0.5149626,0.6620152,0.28717345,0.63792884,-0.28110293,0.2839051,0.37786934,0.7957368,-0.20471677,0.50227964,0.76902187,0.30285767,0.37615484,1.2214417,1.107541,0.21765603,0.18362282,0.9053386,787.72894,801.8315,825.6044,792.1612,597.9487,-0.01275634765625,0.13922119140625,0.98638916015625,6.527252197265625,8.8525390625,2.534637451171875,1.0,1.0,1.0,1.0,1.0,95.0,event
12:10:26.878,0.12858808,0.76733035,-0.5149626,0.6620152,0.28717345,0.63792884,-0.28110293,0.2839051,0.37786934,0.7957368,-0.20471677,0.50227964,0.76902187,0.30285767,0.37615484,1.2214417,1.107541,0.21765603,0.18362282,0.9053386,791.75824,801.4286,823.9927,808.2784,660.80585,-0.01275634765625,0.13922119140625,0.98638916015625,6.527252197265625,8.8525390625,2.534637451171875,1.0,1.0,1.0,1.0,1.0,95.0,event
12:10:26.879,0.12858808,0.76733035,-0.5149626,0.6620152,0.28717345,0.63792884,-0.28110293,0.2839051,0.37786934,0.7957368,-0.20471677,0.50227964,0.76902187,0.30285767,0.37615484,1.2214417,1.107541,0.21765603,0.18362282,0.9053386,813.91943,821.1722,810.293,820.7692,736.55676,-0.01275634765625,0.13922119140625,0.98638916015625,6.527252197265625,8.8525390625,2.534637451171875,1.0,1.0,1.0,1.0,1.0,95.0,event
12:10:26.879,0.12858808,0.76733035,-0.5149626,0.6620152,0.28717345,0.63792884,-0.28110293,0.2839051,0.37786934,0.7957368,-0.20471677,0.50227964,0.76902187,0.30285767,0.37615484,1.2214417,1.107541,0.21765603,0.18362282,0.9053386,818.7546,818.3516,816.7399,803.8461,799.011,-0.01275634765625,0.13922119140625,0.98638916015625,6.527252197265625,8.8525390625,2.534637451171875,1.0,1.0,1.0,1.0,1.0,95.0,event
12:10:26.880,0.12858808,0.76733035,-0.5149626,0.6620152,0.28717345,0.63792884,-0.28110293,0.2839051,0.37786934,0.7957368,-0.20471677,0.50227964,0.76902187,0.30285767,0.37615484,1.2214417,1.107541,0.21765603,0.18362282,0.9053386,792.5641,801.4286,829.2308,799.011,815.12823,-0.01275634765625,0.13922119140625,0.98638916015625,6.527252197265625,8.8525390625,2.534637451171875,1.0,1.0,1.0,1.0,1.0,95.0,event
12:10:26.882,0.12858808,0.76733035,-0.5149626,0.6620152,0.28717345,0.63792884,-0.28110293,0.2839051,0.37786934,0.7957368,-0.20471677,0.50227964,0.76902187,0.30285767,0.37615484,1.2214417,1.107541,0.21765603,0.18362282,0.9053386,782.8938,806.6667,830.4396,771.6117,860.65936,-0.01275634765625,0.13922119140625,0.98638916015625,6.527252197265625,8.8525390625,2.534637451171875,1.0,1.0,1.0,1.0,1.0,95.0,event
12:10:26.883,0.12858808,0.76733035,-0.5149626,0.6620152,0.28717345,0.63792884,-0.28110293,0.2839051,0.37786934,0.7957368,-0.20471677,0.50227964,0.76902187,0.30285767,0.37615484,1.2214417,1.107541,0.21765603,0.18362282,0.9053386,773.6264,814.7253,827.2161,776.8498,987.98535,-0.01275634765625,0.13922119140625,0.98638916015625,6.527252197265625,8.8525390625,2.534637451171875,1.0,1.0,1.0,1.0,1.0,95.0,event
12:10:26.883,0.12858808,0.76733035,-0.5149626,0.6620152,0.28717345,0.63792884,-0.28110293,0.2839051,0.37786934,0.7957368,-0.20471677,0.50227964,0.76902187,0.30285767,0.37615484,1.2214417,1.107541,0.21765603,0.18362282,0.9053386,782.0879,817.9487,826.4103,816.7399,834.0659,-0.01275634765625,0.13922119140625,0.98638916015625,6.527252197265625,8.8525390625,2.534637451171875,1.0,1.0,1.0,1.0,1.0,95.0,event
12:10:26.884,0.12858808,0.76733035,-0.5149626,0.6620152,0.28717345,0.63792884,-0.28110293,0.2839051,0.37786934,0.7957368,-0.20471677,0.50227964,0.76902187,0.30285767,0.37615484,1.2214417,1.107541,0.21765603,0.18362282,0.9053386,795.38464,814.7253,824.3956,787.72894,686.99634,-0.01275634765625,0.13922119140625,0.98638916015625,6.527252197265625,8.8525390625,2.534637451171875,1.0,1.0,1.0,1.0,1.0,95.0,event
12:10:26.885,0.12858808,0.76733035,-0.5149626,0.6620152,0.28717345,0.63792884,-0.28110293,0.2839051,0.37786934,0.7957368,-0.20471677,0.50227964,0.76902187,0.30285767,0.37615484,1.2214417,1.107541,0.21765603,0.18362282,0.9053386,784.10254,810.293,826.8132,777.6557,864.68866,-0.01275634765625,0.13922119140625,0.98638916015625,6.527252197265625,8.8525390625,2.534637451171875,1.0,1.0,1.0,1.0,1.0,95.0,event
12:10:26.886,0.12858808,0.76733035,-0.5149626,0.6620152,0.28717345,0.63792884,-0.28110293,0.2839051,0.37786934,0.7957368,-0.20471677,0.50227964,0.76902187,0.30285767,0.37615484,1.2214417,1.107541,0.21765603,0.18362282,0.9053386,791.3553,814.3223,819.5604,799.41394,1009.7436,-0.01275634765625,0.13922119140625,0.98638916015625,6.527252197265625,8.8525390625,2.534637451171875,1.0,1.0,1.0,1.0,1.0,95.0,event
12:10:26.940,0.12858808,0.76733035,-0.5149626,0.6620152,0.28717345,0.63792884,-0.28110293,0.2839051,0.37786934,0.7957368,-0.20471677,0.50227964,0.76902187,0.30285767,0.37615484,1.2214417,1.107541,0.21765603,0.18362282,0.9053386,804.65204,822.381,813.5165,812.3077,784.10254,-0.05035400390625,0.144287109375,0.9822998046875,3.237457275390625,4.85992431640625,2.579498291015625,1.0,1.0,1.0,1.0,1.0,95.0,event
12:10:26.941,0.12858808,0.76733035,-0.5149626,0.6620152,0.28717345,0.63792884,-0.28110293,0.2839051,0.37786934,0.7957368,-0.20471677,0.50227964,0.76902187,0.30285767,0.37615484,1.2214417,1.107541,0.21765603,0.18362282,0.9053386,800.6227,822.7839,825.6044,801.02563,685.38464,-0.05035400390625,0.144287109375,0.9822998046875,3.237457275390625,4.85992431640625,2.579498291015625,1.0,1.0,1.0,1.0,1.0,95.0,event
12:10:26.942,0.12858808,0.76733035,-0.5149626,0.6620152,0.28717345,0.63792884,-0.28110293,0.2839051,0.37786934,0.7957368,-0.20471677,0.50227964,0.76902187,0.30285767,0.37615484,1.2214417,1.107541,0.21765603,0.18362282,0.9053386,803.0403,817.9487,837.28937,805.05493,734.1392,-0.05035400390625,0.144287109375,0.9822998046875,3.237457275390625,4.85992431640625,2.579498291015625,1.0,1.0,1.0,1.0,1.0,95.0,event
12:10:26.942,0.12858808,0.76733035,-0.5149626,0.6620152,0.28717345,0.63792884,-0.28110293,0.2839051,0.37786934,0.7957368,-0.20471677,0.50227964,0.76902187,0.30285767,0.37615484,1.2214417,1.107541,0.21765603,0.18362282,0.9053386,792.96704,816.7399,834.87177,794.17584,716.8132,-0.05035400390625,0.144287109375,0.9822998046875,3.237457275390625,4.85992431640625,2.579498291015625,1.0,1.0,1.0,1.0,1.0,95.0,event
12:10:26.943,0.12858808,0.76733035,-0.5149626,0.6620152,0.28717345,0.63792884,-0.28110293,0.2839051,0.37786934,0.7957368,-0.20471677,0.50227964,0.76902187,0.30285767,0.37615484,1.2214417,1.107541,0.21765603,0.18362282,0.9053386,786.1172,822.381,831.2454,782.8938,727.28937,-0.05035400390625,0.144287109375,0.9822998046875,3.237457275390625,4.85992431640625,2.579498291015625,1.0,1.0,1.0,1.0,1.0,95.0,event
12:10:26.944,0.12858808,0.5897902,-0.48132542,0.6620152,0.28717345,0.4539207,-0.32370836,0.2839051,0.37786934,0.70165664,-0.20471677,0.50227964,0.76902187,0.27512667,0.3774566,1.2214417,1.107541,0.20806438,0.16451474,0.9053386,801.02563,821.1722,835.6777,791.75824,774.0293,-0.05035400390625,0.144287109375,0.9822998046875,3.237457275390625,4.85992431640625,2.579498291015625,1.0,1.0,1.0,1.0,1.0,95.0,event
12:10:26.948,0.12858808,0.5897902,-0.48132542,0.6620152,0.28717345,0.4539207,-0.32370836,0.2839051,0.37786934,0.70165664,-0.20471677,0.50227964,0.76902187,0.27512667,0.3774566,1.2214417,1.107541,0.20806438,0.16451474,0.9053386,768.3883,815.12823,821.5751,776.4469,975.4945,-0.05035400390625,0.144287109375,0.9822998046875,3.237457275390625,4.85992431640625,2.579498291015625,1.0,1.0,1.0,1.0,1.0,95.0,event
12:10:26.948,0.12858808,0.5897902,-0.48132542,0.6620152,0.28717345,0.4539207,-0.32370836,0.2839051,0.37786934,0.70165664,-0.20471677,0.50227964,0.76902187,0.27512667,0.3774566,1.2214417,1.107541,0.20806438,0.16451474,0.9053386,753.0769,816.7399,821.1722,772.4176,1080.6593,-0.05035400390625,0.144287109375,0.9822998046875,3.237457275390625,4.85992431640625,2.579498291015625,1.0,1.0,1.0,1.0,1.0,95.0,event
12:10:26.949,0.12858808,0.5897902,-0.48132542,0.6620152,0.28717345,0.4539207,-0.32370836,0.2839051,0.37786934,0.70165664,-0.20471677,0.50227964,0.76902187,0.27512667,0.3774566,1.2214417,1.107541,0.20806438,0.16451474,0.9053386,763.1502,824.7985,835.6777,759.5238,803.0403,-0.05035400390625,0.144287109375,0.9822998046875,3.237457275390625,4.85992431640625,2.579498291015625,1.0,1.0,1.0,1.0,1.0,95.0,event
12:10:26.949,0.12858808,0.5897902,-0.48132542,0.6620152,0.28717345,0.4539207,-0.32370836,0.2839051,0.37786934,0.70165664,-0.20471677,0.50227964,0.76902187,0.27512667,0.3774566,1.2214417,1.107541,0.20806438,0.16451474,0.9053386,734.5421,825.2015,835.2747,747.8388,637.8388,-0.05035400390625,0.144287109375,0.9822998046875,3.237457275390625,4.85992431640625,2.579498291015625,1.0,1.0,1.0,1.0,1.0,95.0,event
12:10:26.950,0.12858808,0.5897902,-0.48132542,0.6620152,0.28717345,0.4539207,-0.32370836,0.2839051,0.37786934,0.70165664,-0.20471677,0.50227964,0.76902187,0.27512667,0.3774566,1.2214417,1.107541,0.20806438,0.16451474,0.9053386,715.2015,817.1429,821.1722,742.1978,729.304,-0.05035400390625,0.144287109375,0.9822998046875,3.237457275390625,4.85992431640625,2.579498291015625,1.0,1.0,1.0,1.0,1.0,95.0,event
12:10:26.951,0.12858808,0.5897902,-0.48132542,0.6620152,0.28717345,0.4539207,-0.32370836,0.2839051,0.37786934,0.70165664,-0.20471677,0.50227964,0.76902187,0.27512667,0.3774566,1.2214417,1.107541,0.20806438,0.16451474,0.9053386,754.68866,823.5897,810.293,762.74725,694.65204,-0.05035400390625,0.144287109375,0.9822998046875,3.237457275390625,4.85992431640625,2.579498291015625,1.0,1.0,1.0,1.0,1.0,95.0,event
12:10:26.975,0.12858808,0.5897902,-0.48132542,0.6620152,0.28717345,0.4539207,-0.32370836,0.2839051,0.37786934,0.70165664,-0.20471677,0.50227964,0.76902187,0.27512667,0.3774566,1.2214417,1.107541,0.20806438,0.16451474,0.9053386,730.10986,821.1722,821.978,776.04395,726.08057,-0.05718994140625,0.14080810546875,0.9822998046875,0.40374755859375,0.70281982421875,0.5682373046875,1.0,1.0,1.0,1.0,1.0,95.0,event
12:10:26.976,0.12858808,0.5897902,-0.48132542,0.6620152,0.28717345,0.4539207,-0.32370836,0.2839051,0.37786934,0.70165664,-0.20471677,0.50227964,0.76902187,0.27512667,0.3774566,1.2214417,1.107541,0.20806438,0.16451474,0.9053386,672.49084,811.9048,839.304,705.12823,903.36993,-0.05718994140625,0.14080810546875,0.9822998046875,0.40374755859375,0.70281982421875,0.5682373046875,1.0,1.0,1.0,1.0,1.0,95.0,event
12:10:26.977,0.12858808,0.5897902,-0.48132542,0.6620152,0.28717345,0.4539207,-0.32370836,0.2839051,0.37786934,0.70165664,-0.20471677,0.50227964,0.76902187,0.27512667,0.3774566,1.2214417,1.107541,0.20806438,0.16451474,0.9053386,692.23444,813.91943,857.4359,669.2674,981.13556,-0.05718994140625,0.14080810546875,0.9822998046875,0.40374755859375,0.70281982421875,0.5682373046875,1.0,1.0,1.0,1.0,1.0,95.0,event
12:10:26.977,0.12858808,0.5897902,-0.48132542,0.6620152,0.28717345,0.4539207,-0.32370836,0.2839051,0.37786934,0.70165664,-0.20471677,0.50227964,0.76902187,0.27512667,0.3774566,1.2214417,1.107541,0.20806438,0.16451474,0.9053386,680.9524,811.9048,857.4359,689.41394,778.46155,-0.05718994140625,0.14080810546875,0.9822998046875,0.40374755859375,0.70281982421875,0.5682373046875,1.0,1.0,1.0,1.0,1.0,95.0,event
12:10:26.978,0.12858808,0.5897902,-0.48132542,0.6620152,0.28717345,0.4539207,-0.32370836,0.2839051,0.37786934,0.70165664,-0.20471677,0.50227964,0.76902187,0.27512667,0.3774566,1.2214417,1.107541,0.20806438,0.16451474,0.9053386,668.0586,821.1722,842.1245,666.4469,672.0879,-0.05718994140625,0.14080810546875,0.9822998046875,0.40374755859375,0.70281982421875,0.5682373046875,1.0,1.0,1.0,1.0,1.0,95.0,event
12:10:26.978,0.12858808,0.5897902,-0.48132542,0.6620152,0.28717345,0.4539207,-0.32370836,0.2839051,0.37786934,0.70165664,-0.20471677,0.50227964,0.76902187,0.27512667,0.3774566,1.2214417,1.107541,0.20806438,0.16451474,0.9053386,660.0,822.381,840.9158,679.7436,877.98535,-0.05718994140625,0.14080810546875,0.9822998046875,0.40374755859375,0.70281982421875,0.5682373046875,1.0,1.0,1.0,1.0,1.0,95.0,event
12:10:26.979,0.12858808,0.5897902,-0.48132542,0.6620152,0.28717345,0.4539207,-0.32370836,0.2839051,0.37786934,0.70165664,-0.20471677,0.50227964,0.76902187,0.27512667,0.3774566,1.2214417,1.107541,0.20806438,0.16451474,0.9053386,652.3443,820.3663,842.1245,696.6667,1039.1575,-0.05718994140625,0.14080810546875,0.9822998046875,0.40374755859375,0.70281982421875,0.5682373046875,1.0,1.0,1.0,1.0,1.0,95.0,event
12:10:26.980,0.12858808,0.5897902,-0.48132542,0.6620152,0.28717345,0.4539207,-0.32370836,0.2839051,0.37786934,0.70165664,-0.20471677,0.50227964,0.76902187,0.27512667,0.3774566,1.2214417,1.107541,0.20806438,0.16451474,0.9053386,647.9121,830.4396,837.6923,659.59705,823.9927,-0.05718994140625,0.14080810546875,0.9822998046875,0.40374755859375,0.70281982421875,0.5682373046875,1.0,1.0,1.0,1.0,1.0,95.0,event
12:10:26.980,0.12858808,0.5897902,-0.48132542,0.6620152,0.28717345,0.4539207,-0.32370836,0.2839051,0.37786934,0.70165664,-0.20471677,0.50227964,0.76902187,0.27512667,0.3774566,1.2214417,1.107541,0.20806438,0.16451474,0.9053386,645.09155,828.022,838.0952,634.21246,692.6374,-0.05718994140625,0.14080810546875,0.9822998046875,0.40374755859375,0.70281982421875,0.5682373046875,1.0,1.0,1.0,1.0,1.0,95.0,event
12:10:26.981,0.12858808,0.5897902,-0.48132542,0.6620152,0.28717345,0.4539207,-0.32370836,0.2839051,0.37786934,0.70165664,-0.20471677,0.50227964,0.76902187,0.27512667,0.3774566,1.2214417,1.107541,0.20806438,0.16451474,0.9053386,621.31866,823.1868,845.34796,623.3333,757.9121,-0.05718994140625,0.14080810546875,0.9822998046875,0.40374755859375,0.70281982421875,0.5682373046875,1.0,1.0,1.0,1.0,1.0,95.0,event
12:10:26.981,0.12858808,0.5897902,-0.48132542,0.6620152,0.28717345,0.4539207,-0.32370836,0.2839051,0.37786934,0.70165664,-0.20471677,0.50227964,0.76902187,0.27512667,0.3774566,1.2214417,1.107541,0.20806438,0.16451474,0.9053386,601.1722,831.2454,846.1539,635.82416,772.01465,-0.05718994140625,0.14080810546875,0.9822998046875,0.40374755859375,0.70281982421875,0.5682373046875,1.0,1.0,1.0,1.0,1.0,95.0,event
12:10:26.982,0.12858808,0.5897902,-0.48132542,0.6620152,0.28717345,0.4539207,-0.32370836,0.2839051,0.37786934,0.70165664,-0.20471677,0.50227964,0.76902187,0.27512667,0.3774566,1.2214417,1.107541,0.20806438,0.16451474,0.9053386,606.0073,836.08057,846.55676,630.989,704.3223,-0.05718994140625,0.14080810546875,0.9822998046875,0.40374755859375,0.70281982421875,0.5682373046875,1.0,1.0,1.0,1.0,1.0,95.0,event
12:10:27.006,0.12858808,0.5897902,-0.48132542,0.6620152,0.28717345,0.4539207,-0.32370836,0.2839051,0.37786934,0.70165664,-0.20471677,0.50227964,0.76902187,0.27512667,0.3774566,1.2214417,1.107541,0.20806438,0.16451474,0.9053386,608.022,838.9011,836.08057,619.707,680.14655,-0.05718994140625,0.14080810546875,0.9822998046875,0.40374755859375,0.70281982421875,0.5682373046875,1.0,1.0,1.0,1.0,1.0,95.0,event
12:10:27.008,0.12858808,0.5897902,-0.48132542,0.6620152,0.28717345,0.4539207,-0.32370836,0.2839051,0.37786934,0.70165664,-0.20471677,0.50227964,0.76902187,0.27512667,0.3774566,1.2214417,1.107541,0.20806438,0.16451474,0.9053386,595.9341,833.663,831.2454,591.50183,751.8681,-0.05718994140625,0.14080810546875,0.9822998046875,0.40374755859375,0.70281982421875,0.5682373046875,1.0,1.0,1.0,1.0,1.0,95.0,event
12:10:27.008,0.12858808,0.5897902,-0.48132542,0.6620152,0.28717345,0.4539207,-0.32370836,0.2839051,0.37786934,0.70165664,-0.20471677,0.50227964,0.76902187,0.27512667,0.3774566,1.2214417,1.107541,0.20806438,0.16451474,0.9053386,602.381,824.3956,842.52747,573.36993,865.4945,-0.05718994140625,0.14080810546875,0.9822998046875,0.40374755859375,0.70281982421875,0.5682373046875,1.0,1.0,1.0,1.0,1.0,95.0,event
12:10:27.009,0.12858808,0.5897902,-0.48132542,0.6620152,0.28717345,0.4539207,-0.32370836,0.2839051,0.37786934,0.70165664,-0.20471677,0.50227964,0.76902187,0.27512667,0.3774566,1.2214417,1.107541,0.20806438,0.16451474,0.9053386,636.2271,828.8278,848.5714,609.6337,790.9524,-0.05718994140625,0.14080810546875,0.9822998046875,0.40374755859375,0.70281982421875,0.5682373046875,1.0,1.0,1.0,1.0,1.0,95.0,event
12:10:27.009,0.12858808,0.5897902,-0.48132542,0.6620152,0.28717345,0.4539207,-0.32370836,0.2839051,0.37786934,0.70165664,-0.20471677,0.50227964,0.76902187,0.27512667,0.3774566,1.2214417,1.107541,0.20806438,0.16451474,0.9053386,617.6923,835.2747,850.58606,632.1978,699.0842,-0.05718994140625,0.14080810546875,0.9822998046875,0.40374755859375,0.70281982421875,0.5682373046875,1.0,1.0,1.0,1.0,1.0,95.0,event
12:10:27.010,0.12858808,0.5897902,-0.48132542,0.6620152,0.28717345,0.4539207,-0.32370836,0.2839051,0.37786934,0.70165664,-0.20471677,0.50227964,0.76902187,0.27512667,0.3774566,1.2214417,1.107541,0.20806438,0.16451474,0.9053386,588.2784,829.6337,850.18317,624.1392,841.31866,-0.05718994140625,0.14080810546875,0.9822998046875,0.40374755859375,0.70281982421875,0.5682373046875,1.0,1.0,1.0,1.0,1.0,95.0,event
12:10:27.010,0.12858808,0.5897902,-0.48132542,0.6620152,0.28717345,0.4539207,-0.32370836,0.2839051,0.37786934,0.70165664,-0.20471677,0.50227964,0.76902187,0.27512667,0.3774566,1.2214417,1.107541,0.20806438,0.16451474,0.9053386,610.84247,825.2015,840.9158,612.4542,901.75824,-0.05718994140625,0.14080810546875,0.9822998046875,0.40374755859375,0.70281982421875,0.5682373046875,1.0,1.0,1.0,1.0,1.0,95.0,event
12:10:27.011,0.12858808,0.35581684,-0.17604144,0.6620152,0.28717345,0.18454958,-0.35907018,0.2839051,0.37786934,0.4541994,-0.20471677,0.50227964,0.76902187,0.2585148,0.3753483,1.2214417,1.107541,0.20058443,0.15301988,0.9053386,630.58606,826.8132,826.0073,608.8278,703.91943,-0.05718994140625,0.14080810546875,0.9822998046875,0.40374755859375,0.70281982421875,0.5682373046875,1.0,1.0,1.0,1.0,1.0,95.0,event
12:10:27.015,0.12858808,0.35581684,-0.17604144,0.6620152,0.28717345,0.18454958,-0.35907018,0.2839051,0.37786934,0.4541994,-0.20471677,0.50227964,0.76902187,0.2585148,0.3753483,1.2214417,1.107541,0.20058443,0.15301988,0.9053386,654.7619,821.5751,830.0366,650.32965,687.8022,-0.05718994140625,0.14080810546875,0.9822998046875,0.40374755859375,0.70281982421875,0.5682373046875,1.0,1.0,1.0,1.0,1.0,95.0,event
12:10:27.016,0.12858808,0.35581684,-0.17604144,0.6620152,0.28717345,0.18454958,-0.35907018,0.2839051,0.37786934,0.4541994,-0.20471677,0.50227964,0.76902187,0.2585148,0.3753483,1.2214417,1.107541,0.20058443,0.15301988,0.9053386,683.7729,818.3516,837.6923,680.54944,869.12085,-0.05718994140625,0.14080810546875,0.9822998046875,0.40374755859375,0.70281982421875,0.5682373046875,1.0,1.0,1.0,1.0,1.0,95.0,event
12:10:27.017,0.12858808,0.35581684,-0.17604144,0.6620152,0.28717345,0.18454958,-0.35907018,0.2839051,0.37786934,0.4541994,-0.20471677,0.50227964,0.76902187,0.2585148,0.3753483,1.2214417,1.107541,0.20058443,0.15301988,0.9053386,701.0989,818.3516,815.12823,678.1319,747.8388,-0.05718994140625,0.14080810546875,0.9822998046875,0.40374755859375,0.70281982421875,0.5682373046875,1.0,1.0,1.0,1.0,1.0,95.0,event
12:10:27.017,0.12858808,0.35581684,-0.17604144,0.6620152,0.28717345,0.18454958,-0.35907018,0.2839051,0.37786934,0.4541994,-0.20471677,0.50227964,0.76902187,0.2585148,0.3753483,1.2214417,1.107541,0.20058443,0.15301988,0.9053386,713.5897,821.5751,828.4249,681.3553,830.0366,-0.05718994140625,0.14080810546875,0.9822998046875,0.40374755859375,0.70281982421875,0.5682373046875,1.0,1.0,1.0,1.0,1.0,95.0,event
12:10:27.040,0.12858808,0.35581684,-0.17604144,0.6620152,0.28717345,0.18454958,-0.35907018,0.2839051,0.37786934,0.4541994,-0.20471677,0.50227964,0.76902187,0.2585148,0.3753483,1.2214417,1.107541,0.20058443,0.15301988,0.9053386,692.6374,816.7399,817.1429,693.44324,795.38464,-0.05157470703125,0.13409423828125,0.97601318359375,0.874786376953125,-5.921630859375,-1.854248046875,1.0,1.0,1.0,1.0,1.0,95.0,event
12:10:27.041,0.12858808,0.35581684,-0.17604144,0.6620152,0.28717345,0.18454958,-0.35907018,0.2839051,0.37786934,0.4541994,-0.20471677,0.50227964,0.76902187,0.2585148,0.3753483,1.2214417,1.107541,0.20058443,0.15301988,0.9053386,697.47253,815.12823,813.1135,709.15753,883.6264,-0.05157470703125,0.13409423828125,0.97601318359375,0.874786376953125,-5.921630859375,-1.854248046875,1.0,1.0,1.0,1.0,1.0,95.0,event
12:10:27.042,0.12858808,0.35581684,-0.17604144,0.6620152,0.28717345,0.18454958,-0.35907018,0.2839051,0.37786934,0.4541994,-0.20471677,0.50227964,0.76902187,0.2585148,0.3753483,1.2214417,1.107541,0.20058443,0.15301988,0.9053386,713.9927,819.5604,804.2491,733.73627,819.9634,-0.05157470703125,0.13409423828125,0.97601318359375,0.874786376953125,-5.921630859375,-1.854248046875,1.0,1.0,1.0,1.0,1.0,95.0,event
12:10:27.045,0.12858808,0.35581684,-0.17604144,0.6620152,0.28717345,0.18454958,-0.35907018,0.2839051,0.37786934,0.4541994,-0.20471677,0.50227964,0.76902187,0.2585148,0.3753483,1.2214417,1.107541,0.20058443,0.15301988,0.9053386,735.7509,820.7692,808.68134,743.00366,701.0989,-0.05157470703125,0.13409423828125,0.97601318359375,0.874786376953125,-5.921630859375,-1.854248046875,1.0,1.0,1.0,1.0,1.0,95.0,event
12:10:27.046,0.12858808,0.35581684,-0.17604144,0.6620152,0.28717345,0.18454958,-0.35907018,0.2839051,0.37786934,0.4541994,-0.20471677,0.50227964,0.76902187,0.2585148,0.3753483,1.2214417,1.107541,0.20058443,0.15301988,0.9053386,751.06226,814.3223,810.696,729.304,729.707,-0.05157470703125,0.13409423828125,0.97601318359375,0.874786376953125,-5.921630859375,-1.854248046875,1.0,1.0,1.0,1.0,1.0,95.0,event
12:10:27.047,0.12858808,0.35581684,-0.17604144,0.6620152,0.28717345,0.18454958,-0.35907018,0.2839051,0.37786934,0.4541994,-0.20471677,0.50227964,0.76902187,0.2585148,0.3753483,1.2214417,1.107541,0.20058443,0.15301988,0.9053386,760.7326,814.3223,815.5311,735.34796,879.19415,-0.05157470703125,0.13409423828125,0.97601318359375,0.874786376953125,-5.921630859375,-1.854248046875,1.0,1.0,1.0,1.0,1.0,95.0,event
12:10:27.047,0.12858808,0.35581684,-0.17604144,0.6620152,0.28717345,0.18454958,-0.35907018,0.2839051,0.37786934,0.4541994,-0.20471677,0.50227964,0.76902187,0.2585148,0.3753483,1.2214417,1.107541,0.20058443,0.15301988,0.9053386,770.40295,816.337,812.3077,768.7912,882.01465,-0.05157470703125,0.13409423828125,0.97601318359375,0.874786376953125,-5.921630859375,-1.854248046875,1.0,1.0,1.0,1.0,1.0,95.0,event
12:10:27.049,0.12858808,0.35581684,-0.17604144,0.6620152,0.28717345,0.18454958,-0.35907018,0.2839051,0.37786934,0.4541994,-0.20471677,0.50227964,0.76902187,0.2585148,0.3753483,1.2214417,1.107541,0.20058443,0.15301988,0.9053386,788.93774,822.7839,804.65204,801.4286,819.9634,-0.05157470703125,0.13409423828125,0.97601318359375,0.874786376953125,-5.921630859375,-1.854248046875,1.0,1.0,1.0,1.0,1.0,95.0,event
12:10:27.050,0.12858808,0.35581684,-0.17604144,0.6620152,0.28717345,0.18454958,-0.35907018,0.2839051,0.37786934,0.4541994,-0.20471677,0.50227964,0.76902187,0.2585148,0.3753483,1.2214417,1.107541,0.20058443,0.15301988,0.9053386,808.68134,817.9487,806.26373,796.99634,843.3333,-0.05157470703125,0.13409423828125,0.97601318359375,0.874786376953125,-5.921630859375,-1.854248046875,1.0,1.0,1.0,1.0,1.0,95.0,event
12:10:27.051,0.12858808,0.35581684,-0.17604144,0.6620152,0.28717345,0.18454958,-0.35907018,0.2839051,0.37786934,0.4541994,-0.20471677,0.50227964,0.76902187,0.2585148,0.3753483,1.2214417,1.107541,0.20058443,0.15301988,0.9053386,817.9487,798.60803,808.68134,827.619,1047.619,-0.05157470703125,0.13409423828125,0.97601318359375,0.874786376953125,-5.921630859375,-1.854248046875,1.0,1.0,1.0,1.0,1.0,95.0,event
12:10:27.052,0.12858808,0.35581684,-0.17604144,0.6620152,0.28717345,0.18454958,-0.35907018,0.2839051,0.37786934,0.4541994,-0.20471677,0.50227964,0.76902187,0.2585148,0.3753483,1.2214417,1.107541,0.20058443,0.15301988,0.9053386,835.6777,798.20514,808.2784,856.2271,952.9304,-0.05157470703125,0.13409423828125,0.97601318359375,0.874786376953125,-5.921630859375,-1.854248046875,1.0,1.0,1.0,1.0,1.0,95.0,event
12:10:27.053,0.12858808,0.35581684,-0.17604144,0.6620152,0.28717345,0.18454958,-0.35907018,0.2839051,0.37786934,0.4541994,-0.20471677,0.50227964,0.76902187,0.2585148,0.3753483,1.2214417,1.107541,0.20058443,0.15301988,0.9053386,872.74725,806.26373,804.2491,818.3516,745.0183,-0.05157470703125,0.13409423828125,0.97601318359375,0.874786376953125,-5.921630859375,-1.854248046875,1.0,1.0,1.0,1.0,1.0,95.0,event
12:10:27.108,0.12858808,0.35581684,-0.17604144,0.6620152,0.28717345,0.18454958,-0.35907018,0.2839051,0.37786934,0.4541994,-0.20471677,0.50227964,0.76902187,0.2585148,0.3753483,1.2214417,1.107541,0.20058443,0.15301988,0.9053386,871.53845,807.0696,798.20514,813.5165,742.1978,-0.0445556640625,0.12701416015625,0.97021484375,1.57012939453125,-6.65435791015625,-0.73272705078125,1.0,1.0,1.0,1.0,1.0,95.0,event
12:10:27.109,0.12858808,0.35581684,-0.17604144,0.6620152,0.28717345,0.18454958,-0.35907018,0.2839051,0.37786934,0.4541994,-0.20471677,0.50227964,0.76902187,0.2585148,0.3753483,1.2214417,1.107541,0.20058443,0.15301988,0.9053386,836.8865,807.8755,793.36993,813.1135,736.9597,-0.0445556640625,0.12701416015625,0.97021484375,1.57012939453125,-6.65435791015625,-0.73272705078125,1.0,1.0,1.0,1.0,1.0,95.0,event
12:10:27.109,0.12858808,0.35581684,-0.17604144,0.6620152,0.28717345,0.18454958,-0.35907018,0.2839051,0.37786934,0.4541994,-0.20471677,0.50227964,0.76902187,0.2585148,0.3753483,1.2214417,1.107541,0.20058443,0.15301988,0.9053386,818.3516,806.26373,793.36993,808.2784,714.7985,-0.0445556640625,0.12701416015625,0.97021484375,1.57012939453125,-6.65435791015625,-0.73272705078125,1.0,1.0,1.0,1.0,1.0,95.0,event
12:10:27.110,0.12858808,0.35581684,-0.17604144,0.6620152,0.28717345,0.18454958,-0.35907018,0.2839051,0.37786934,0.4541994,-0.20471677,0.50227964,0.76902187,0.2585148,0.3753483,1.2214417,1.107541,0.20058443,0.15301988,0.9053386,843.3333,799.81683,792.96704,867.50916,703.1135,-0.0445556640625,0.12701416015625,0.97021484375,1.57012939453125,-6.65435791015625,-0.73272705078125,1.0,1.0,1.0,1.0,1.0,95.0,event
12:10:27.111,0.12858808,0.35581684,-0.17604144,0.6620152,0.28717345,0.18454958,-0.35907018,0.2839051,0.37786934,0.4541994,-0.20471677,0.50227964,0.76902187,0.2585148,0.3753483,1.2214417,1.107541,0.20058443,0.15301988,0.9053386,856.63007,796.99634,795.78754,896.1172,811.9048,-0.0445556640625,0.12701416015625,0.97021484375,1.57012939453125,-6.65435791015625,-0.73272705078125,1.0,1.0,1.0,1.0,1.0,95.0,event
12:10:27.111,0.12858808,0.35581684,-0.17604144,0.6620152,0.28717345,0.18454958,-0.35907018,0.2839051,0.37786934,0.4541994,-0.20471677,0.50227964,0.76902187,0.2585148,0.3753483,1.2214417,1.107541,0.20058443,0.15301988,0.9053386,843.3333,799.81683,803.44324,868.71796,901.75824,-0.0445556640625,0.12701416015625,0.97021484375,1.57012939453125,-6.65435791015625,-0.73272705078125,1.0,1.0,1.0,1.0,1.0,95.0,event
12:10:27.112,0.12858808,0.35581684,-0.17604144,0.6620152,0.28717345,0.18454958,-0.35907018,0.2839051,0.37786934,0.4541994,-0.20471677,0.50227964,0.76902187,0.2585148,0.3753483,1.2214417,1.107541,0.20058443,0.15301988,0.9053386,873.95605,811.9048,804.65204,844.5421,778.0586,-0.0445556640625,0.12701416015625,0.97021484375,1.57012939453125,-6.65435791015625,-0.73272705078125,1.0,1.0,1.0,1.0,1.0,95.0,event
12:10:27.112,0.12858808,0.35581684,-0.17604144,0.6620152,0.28717345,0.18454958,-0.35907018,0.2839051,0.37786934,0.4541994,-0.20471677,0.50227964,0.76902187,0.2585148,0.3753483,1.2214417,1.107541,0.20058443,0.15301988,0.9053386,861.8681,807.0696,806.26373,861.8681,884.43225,-0.0445556640625,0.12701416015625,0.97021484375,1.57012939453125,-6.65435791015625,-0.73272705078125,1.0,1.0,1.0,1.0,1.0,95.0,event
12:10:27.113,0.12858808,0.35581684,-0.17604144,0.6620152,0.28717345,0.18454958,-0.35907018,0.2839051,0.37786934,0.4541994,-0.20471677,0.50227964,0.76902187,0.2585148,0.3753483,1.2214417,1.107541,0.20058443,0.15301988,0.9053386,863.0769,807.0696,803.0403,844.94507,900.54944,-0.0445556640625,0.12701416015625,0.97021484375,1.57012939453125,-6.65435791015625,-0.73272705078125,1.0,1.0,1.0,1.0,1.0,95.0,event
12:10:27.113,0.12858808,0.17681071,0.14118566,0.6620152,0.28717345,-0.12757142,-0.36768255,0.2839051,0.37786934,0.16099022,-0.1862052,0.50227964,0.76902187,0.2607423,0.37075853,1.2214417,1.107541,0.19670413,0.14704044,0.9053386,869.12085,802.6374,796.1905,872.3443,1004.90845,-0.0445556640625,0.12701416015625,0.97021484375,1.57012939453125,-6.65435791015625,-0.73272705078125,1.0,1.0,1.0,1.0,1.0,95.0,event
12:10:27.117,0.12858808,0.17681071,0.14118566,0.6620152,0.28717345,-0.12757142,-0.36768255,0.2839051,0.37786934,0.16099022,-0.1862052,0.50227964,0.76902187,0.2607423,0.37075853,1.2214417,1.107541,0.19670413,0.14704044,0.9053386,886.8498,810.696,784.90845,881.2088,772.8205,-0.0445556640625,0.12701416015625,0.97021484375,1.57012939453125,-6.65435791015625,-0.73272705078125,1.0,1.0,1.0,1.0,1.0,95.0,event
12:10:27.118,0.12858808,0.17681071,0.14118566,0.6620152,0.28717345,-0.12757142,-0.36768255,0.2839051,0.37786934,0.16099022,-0.1862052,0.50227964,0.76902187,0.2607423,0.37075853,1.2214417,1.107541,0.19670413,0.14704044,0.9053386,883.22345,816.337,786.52014,892.49084,797.3993,-0.0445556640625,0.12701416015625,0.97021484375,1.57012939453125,-6.65435791015625,-0.73272705078125,1.0,1.0,1.0,1.0,1.0,95.0,event
12:10:27.143,0.12858808,0.17681071,0.14118566,0.6620152,0.28717345,-0.12757142,-0.36768255,0.2839051,0.37786934,0.16099022,-0.1862052,0.50227964,0.76902187,0.2607423,0.37075853,1.2214417,1.107541,0.19670413,0.14704044,0.9053386,866.7033,811.50183,796.1905,859.0476,924.7253,-0.0308837890625,0.128662109375,0.976806640625,2.474822998046875,-6.08612060546875,0.052337646484375,1.0,1.0,1.0,1.0,1.0,95.0,event
12:10:27.143,0.12858808,0.17681071,0.14118566,0.6620152,0.28717345,-0.12757142,-0.36768255,0.2839051,0.37786934,0.16099022,-0.1862052,0.50227964,0.76902187,0.2607423,0.37075853,1.2214417,1.107541,0.19670413,0.14704044,0.9053386,865.89746,806.6667,793.36993,830.0366,799.011,-0.0308837890625,0.128662109375,0.976806640625,2.474822998046875,-6.08612060546875,0.052337646484375,1.0,1.0,1.0,1.0,1.0,95.0,event
12:10:27.144,0.12858808,0.17681071,0.14118566,0.6620152,0.28717345,-0.12757142,-0.36768255,0.2839051,0.37786934,0.16099022,-0.1862052,0.50227964,0.76902187,0.2607423,0.37075853,1.2214417,1.107541,0.19670413,0.14704044,0.9053386,881.6117,812.71063,775.64105,867.50916,730.5128,-0.0308837890625,0.128662109375,0.976806640625,2.474822998046875,-6.08612060546875,0.052337646484375,1.0,1.0,1.0,1.0,1.0,95.0,event
12:10:27.144,0.12858808,0.17681071,0.14118566,0.6620152,0.28717345,-0.12757142,-0.36768255,0.2839051,0.37786934,0.16099022,-0.1862052,0.50227964,0.76902187,0.2607423,0.37075853,1.2214417,1.107541,0.19670413,0.14704044,0.9053386,865.4945,809.0842,786.52014,892.49084,797.8022,-0.0308837890625,0.128662109375,0.976806640625,2.474822998046875,-6.08612060546875,0.052337646484375,1.0,1.0,1.0,1.0,1.0,95.0,event
12:10:27.145,0.12858808,0.17681071,0.14118566,0.6620152,0.28717345,-0.12757142,-0.36768255,0.2839051,0.37786934,0.16099022,-0.1862052,0.50227964,0.76902187,0.2607423,0.37075853,1.2214417,1.107541,0.19670413,0.14704044,0.9053386,855.42126,801.02563,801.4286,888.86444,790.14655,-0.0308837890625,0.128662109375,0.976806640625,2.474822998046875,-6.08612060546875,0.052337646484375,1.0,1.0,1.0,1.0,1.0,95.0,event
12:10:27.145,0.12858808,0.17681071,0.14118566,0.6620152,0.28717345,-0.12757142,-0.36768255,0.2839051,0.37786934,0.16099022,-0.1862052,0.50227964,0.76902187,0.2607423,0.37075853,1.2214417,1.107541,0.19670413,0.14704044,0.9053386,858.24176,805.05493,793.36993,876.77655,826.8132,-0.0308837890625,0.128662109375,0.976806640625,2.474822998046875,-6.08612060546875,0.052337646484375,1.0,1.0,1.0,1.0,1.0,95.0,event
12:10:27.146,0.12858808,0.17681071,0.14118566,0.6620152,0.28717345,-0.12757142,-0.36768255,0.2839051,0.37786934,0.16099022,-0.1862052,0.50227964,0.76902187,0.2607423,0.37075853,1.2214417,1.107541,0.19670413,0.14704044,0.9053386,874.7619,798.60803,794.9817,850.18317,838.9011,-0.0308837890625,0.128662109375,0.976806640625,2.474822998046875,-6.08612060546875,0.052337646484375,1.0,1.0,1.0,1.0,1.0,95.0,event
12:10:27.146,0.12858808,0.17681071,0.14118566,0.6620152,0.28717345,-0.12757142,-0.36768255,0.2839051,0.37786934,0.16099022,-0.1862052,0.50227964,0.76902187,0.2607423,0.37075853,1.2214417,1.107541,0.19670413,0.14704044,0.9053386,860.2564,809.4872,794.9817,866.7033,821.1722,-0.0308837890625,0.128662109375,0.976806640625,2.474822998046875,-6.08612060546875,0.052337646484375,1.0,1.0,1.0,1.0,1.0,95.0,event
12:10:27.147,0.12858808,0.17681071,0.14118566,0.6620152,0.28717345,-0.12757142,-0.36768255,0.2839051,0.37786934,0.16099022,-0.1862052,0.50227964,0.76902187,0.2607423,0.37075853,1.2214417,1.107541,0.19670413,0.14704044,0.9053386,867.50916,803.8461,786.52014,844.5421,1081.8682,-0.0308837890625,0.128662109375,0.976806640625,2.474822998046875,-6.08612060546875,0.052337646484375,1.0,1.0,1.0,1.0,1.0,95.0,event
12:10:27.147,0.12858808,0.17681071,0.14118566,0.6620152,0.28717345,-0.12757142,-0.36768255,0.2839051,0.37786934,0.16099022,-0.1862052,0.50227964,0.76902187,0.2607423,0.37075853,1.2214417,1.107541,0.19670413,0.14704044,0.9053386,852.1978,807.0696,782.8938,857.4359,911.02563,-0.0308837890625,0.128662109375,0.976806640625,2.474822998046875,-6.08612060546875,0.052337646484375,1.0,1.0,1.0,1.0,1.0,95.0,event
12:10:27.148,0.12858808,0.17681071,0.14118566,0.6620152,0.28717345,-0.12757142,-0.36768255,0.2839051,0.37786934,0.16099022,-0.1862052,0.50227964,0.76902187,0.2607423,0.37075853,1.2214417,1.107541,0.19670413,0.14704044,0.9053386,875.9707,803.0403,790.54944,883.6264,628.97437,-0.0308837890625,0.128662109375,0.976806640625,2.474822998046875,-6.08612060546875,0.052337646484375,1.0,1.0,1.0,1.0,1.0,95.0,event
12:10:27.148,0.12858808,0.17681071,0.14118566,0.6620152,0.28717345,-0.12757142,-0.36768255,0.2839051,0.37786934,0.16099022,-0.1862052,0.50227964,0.76902187,0.2607423,0.37075853,1.2214417,1.107541,0.19670413,0.14704044,0.9053386,890.07324,823.9927,784.5055,871.9414,704.3223,-0.0308837890625,0.128662109375,0.976806640625,2.474822998046875,-6.08612060546875,0.052337646484375,1.0,1.0,1.0,1.0,1.0,95.0,event
12:10:27.209,0.12858808,0.17681071,0.14118566,0.6620152,0.28717345,-0.12757142,-0.36768255,0.2839051,0.37786934,0.16099022,-0.1862052,0.50227964,0.76902187,0.2607423,0.37075853,1.2214417,1.107541,0.19670413,0.14704044,0.9053386,859.45056,819.15753,782.0879,840.9158,755.09155,-0.0301513671875,0.128662109375,0.962158203125,4.02252197265625,-3.775787353515625,-0.590667724609375,1.0,1.0,1.0,1.0,1.0,95.0,event
12:10:27.210,0.12858808,0.17681071,0.14118566,0.6620152,0.28717345,-0.12757142,-0.36768255,0.2839051,0.37786934,0.16099022,-0.1862052,0.50227964,0.76902187,0.2607423,0.37075853,1.2214417,1.107541,0.19670413,0.14704044,0.9053386,869.12085,811.0989,805.8608,860.65936,759.12085,-0.0301513671875,0.128662109375,0.962158203125,4.02252197265625,-3.775787353515625,-0.590667724609375,1.0,1.0,1.0,1.0,1.0,95.0,event
12:10:27.210,0.12858808,0.17681071,0.14118566,0.6620152,0.28717345,-0.12757142,-0.36768255,0.2839051,0.37786934,0.16099022,-0.1862052,0.50227964,0.76902187,0.2607423,0.37075853,1.2214417,1.107541,0.19670413,0.14704044,0.9053386,876.3736,807.8755,816.337,873.5531,819.5604,-0.0301513671875,0.128662109375,0.962158203125,4.02252197265625,-3.775787353515625,-0.590667724609375,1.0,1.0,1.0,1.0,1.0,95.0,event
12:10:27.211,0.12858808,0.17681071,0.14118566,0.6620152,0.28717345,-0.12757142,-0.36768255,0.2839051,0.37786934,0.16099022,-0.1862052,0.50227964,0.76902187,0.2607423,0.37075853,1.2214417,1.107541,0.19670413,0.14704044,0.9053386,853.4066,799.011,798.60803,865.4945,799.41394,-0.0301513671875,0.128662109375,0.962158203125,4.02252197265625,-3.775787353515625,-0.590667724609375,1.0,1.0,1.0,1.0,1.0,95.0,event
12:10:27.211,0.12858808,0.17681071,0.14118566,0.6620152,0.28717345,-0.12757142,-0.36768255,0.2839051,0.37786934,0.16099022,-0.1862052,0.50227964,0.76902187,0.2607423,0.37075853,1.2214417,1.107541,0.19670413,0.14704044,0.9053386,854.21246,798.20514,803.8461,885.2381,844.94507,-0.0301513671875,0.128662109375,0.962158203125,4.02252197265625,-3.775787353515625,-0.590667724609375,1.0,1.0,1.0,1.0,1.0,95.0,event
12:10:27.212,0.12858808,0.17681071,0.14118566,0.6620152,0.28717345,-0.12757142,-0.36768255,0.2839051,0.37786934,0.16099022,-0.1862052,0.50227964,0.76902187,0.2607423,0.37075853,1.2214417,1.107541,0.19670413,0.14704044,0.9053386,826.4103,806.26373,804.2491,806.6667,836.08057,-0.0301513671875,0.128662109375,0.962158203125,4.02252197265625,-3.775787353515625,-0.590667724609375,1.0,1.0,1.0,1.0,1.0,95.0,event
12:10:27.213,0.12858808,0.17681071,0.14118566,0.6620152,0.28717345,-0.12757142,-0.36768255,0.2839051,0.37786934,0.16099022,-0.1862052,0.50227964,0.76902187,0.2607423,0.37075853,1.2214417,1.107541,0.19670413,0.14704044,0.9053386,833.2601,808.68134,777.6557,846.55676,918.2784,-0.0301513671875,0.128662109375,0.962158203125,4.02252197265625,-3.775787353515625,-0.590667724609375,1.0,1.0,1.0,1.0,1.0,95.0,event
12:10:27.213,0.12858808,0.17681071,0.14118566,0.6620152,0.28717345,-0.12757142,-0.36768255,0.2839051,0.37786934,0.16099022,-0.1862052,0.50227964,0.76902187,0.2607423,0.37075853,1.2214417,1.107541,0.19670413,0.14704044,0.9053386,816.7399,811.0989,796.1905,803.44324,887.25275,-0.0301513671875,0.128662109375,0.962158203125,4.02252197265625,-3.775787353515625,-0.590667724609375,1.0,1.0,1.0,1.0,1.0,95.0,event
12:10:27.214,0.12858808,0.17681071,0.14118566,0.6620152,0.28717345,-0.12757142,-0.36768255,0.2839051,0.37786934,0.16099022,-0.1862052,0.50227964,0.76902187,0.2607423,0.37075853,1.2214417,1.107541,0.19670413,0.14704044,0.9053386,833.2601,813.5165,774.0293,857.8388,936.4103,-0.0301513671875,0.128662109375,0.962158203125,4.02252197265625,-3.775787353515625,-0.590667724609375,1.0,1.0,1.0,1.0,1.0,95.0,event
12:10:27.214,0.12858808,0.17681071,0.14118566,0.6620152,0.28717345,-0.12757142,-0.36768255,0.2839051,0.37786934,0.16099022,-0.1862052,0.50227964,0.76902187,0.2607423,0.37075853,1.2214417,1.107541,0.19670413,0.14704044,0.9053386,823.5897,814.3223,797.8022,827.619,720.84247,-0.0301513671875,0.128662109375,0.962158203125,4.02252197265625,-3.775787353515625,-0.590667724609375,1.0,1.0,1.0,1.0,1.0,95.0,event
12:10:27.215,0.12858808,0.17681071,0.14118566,0.6620152,0.28717345,-0.12757142,-0.36768255,0.2839051,0.37786934,0.16099022,-0.1862052,0.50227964,0.76902187,0.2607423,0.37075853,1.2214417,1.107541,0.19670413,0.14704044,0.9053386,817.9487,803.0403,818.7546,811.50183,705.9341,-0.0301513671875,0.128662109375,0.962158203125,4.02252197265625,-3.775787353515625,-0.590667724609375,1.0,1.0,1.0,1.0,1.0,95.0,event
12:10:27.215,0.12858808,0.21778293,0.14118566,0.6620152,0.28717345,-0.33608478,-0.36768255,0.2839051,0.37786934,0.048431624,-0.1862052,0.50227964,0.76902187,0.27516866,0.37075853,1.2214417,1.107541,0.19564633,0.14704044,0.9053386,831.2454,804.2491,817.9487,823.5897,776.04395,-0.0301513671875,0.128662109375,0.962158203125,4.02252197265625,-3.775787353515625,-0.590667724609375,1.0,1.0,1.0,1.0,1.0,95.0,event
12:10:27.218,,,,,,,,,,,,,,,,,,,,,,,,,,,,,,,,,,,,,,blink
12:10:27.240,0.12858808,0.21778293,0.14118566,0.6620152,0.28717345,-0.33608478,-0.36768255,0.2839051,0.37786934,0.048431624,-0.1862052,0.50227964,0.76902187,0.27516866,0.37075853,1.2214417,1.107541,0.19564633,0.14704044,0.9053386,830.4396,801.02563,806.26373,822.7839,751.8681,-0.0301513671875,0.128662109375,0.962158203125,4.02252197265625,-3.775787353515625,-0.590667724609375,1.0,1.0,1.0,1.0,1.0,95.0,event
12:10:27.241,0.12858808,0.21778293,0.14118566,0.6620152,0.28717345,-0.33608478,-0.36768255,0.2839051,0.37786934,0.048431624,-0.1862052,0.50227964,0.76902187,0.27516866,0.37075853,1.2214417,1.107541,0.19564633,0.14704044,0.9053386,820.7692,808.2784,799.41394,801.02563,731.31866,-0.0301513671875,0.128662109375,0.962158203125,4.02252197265625,-3.775787353515625,-0.590667724609375,1.0,1.0,1.0,1.0,1.0,95.0,event
12:10:27.242,0.12858808,0.21778293,0.14118566,0.6620152,0.28717345,-0.33608478,-0.36768255,0.2839051,0.37786934,0.048431624,-0.1862052,0.50227964,0.76902187,0.27516866,0.37075853,1.2214417,1.107541,0.19564633,0.14704044,0.9053386,821.5751,802.23444,807.47253,795.78754,761.9414,-0.0301513671875,0.128662109375,0.962158203125,4.02252197265625,-3.775787353515625,-0.590667724609375,1.0,1.0,1.0,1.0,1.0,95.0,event
12:10:27.242,0.12858808,0.21778293,0.14118566,0.6620152,0.28717345,-0.33608478,-0.36768255,0.2839051,0.37786934,0.048431624,-0.1862052,0.50227964,0.76902187,0.27516866,0.37075853,1.2214417,1.107541,0.19564633,0.14704044,0.9053386,824.7985,815.5311,809.89014,809.89014,718.4249,-0.0301513671875,0.128662109375,0.962158203125,4.02252197265625,-3.775787353515625,-0.590667724609375,1.0,1.0,1.0,1.0,1.0,95.0,event
12:10:27.244,0.12858808,0.21778293,0.14118566,0.6620152,0.28717345,-0.33608478,-0.36768255,0.2839051,0.37786934,0.048431624,-0.1862052,0.50227964,0.76902187,0.27516866,0.37075853,1.2214417,1.107541,0.19564633,0.14704044,0.9053386,832.0513,813.91943,807.47253,829.6337,782.0879,-0.0301513671875,0.128662109375,0.962158203125,4.02252197265625,-3.775787353515625,-0.590667724609375,1.0,1.0,1.0,1.0,1.0,95.0,event
12:10:27.244,0.12858808,0.21778293,0.14118566,0.6620152,0.28717345,-0.33608478,-0.36768255,0.2839051,0.37786934,0.048431624,-0.1862052,0.50227964,0.76902187,0.27516866,0.37075853,1.2214417,1.107541,0.19564633,0.14704044,0.9053386,836.08057,801.02563,802.23444,790.54944,745.0183,-0.0301513671875,0.128662109375,0.962158203125,4.02252197265625,-3.775787353515625,-0.590667724609375,1.0,1.0,1.0,1.0,1.0,95.0,event
12:10:27.245,0.12858808,0.21778293,0.14118566,0.6620152,0.28717345,-0.33608478,-0.36768255,0.2839051,0.37786934,0.048431624,-0.1862052,0.50227964,0.76902187,0.27516866,0.37075853,1.2214417,1.107541,0.19564633,0.14704044,0.9053386,846.1539,813.91943,808.68134,829.6337,865.09155,-0.0301513671875,0.128662109375,0.962158203125,4.02252197265625,-3.775787353515625,-0.590667724609375,1.0,1.0,1.0,1.0,1.0,95.0,event
12:10:27.246,0.12858808,0.21778293,0.14118566,0.6620152,0.28717345,-0.33608478,-0.36768255,0.2839051,0.37786934,0.048431624,-0.1862052,0.50227964,0.76902187,0.27516866,0.37075853,1.2214417,1.107541,0.19564633,0.14704044,0.9053386,847.76556,807.8755,817.1429,822.381,1111.6849,-0.0301513671875,0.128662109375,0.962158203125,4.02252197265625,-3.775787353515625,-0.590667724609375,1.0,1.0,1.0,1.0,1.0,95.0,event
12:10:27.246,0.12858808,0.21778293,0.14118566,0.6620152,0.28717345,-0.33608478,-0.36768255,0.2839051,0.37786934,0.048431624,-0.1862052,0.50227964,0.76902187,0.27516866,0.37075853,1.2214417,1.107541,0.19564633,0.14704044,0.9053386,826.4103,809.0842,826.4103,827.619,991.6117,-0.0301513671875,0.128662109375,0.962158203125,4.02252197265625,-3.775787353515625,-0.590667724609375,1.0,1.0,1.0,1.0,1.0,95.0,event
12:10:27.247,0.12858808,0.21778293,0.14118566,0.6620152,0.28717345,-0.33608478,-0.36768255,0.2839051,0.37786934,0.048431624,-0.1862052,0.50227964,0.76902187,0.27516866,0.37075853,1.2214417,1.107541,0.19564633,0.14704044,0.9053386,814.7253,814.3223,817.9487,819.9634,708.7546,-0.0301513671875,0.128662109375,0.962158203125,4.02252197265625,-3.775787353515625,-0.590667724609375,1.0,1.0,1.0,1.0,1.0,95.0,event
12:10:27.248,0.12858808,0.21778293,0.14118566,0.6620152,0.28717345,-0.33608478,-0.36768255,0.2839051,0.37786934,0.048431624,-0.1862052,0.50227964,0.76902187,0.27516866,0.37075853,1.2214417,1.107541,0.19564633,0.14704044,0.9053386,818.3516,818.3516,819.9634,843.3333,734.94507,-0.0301513671875,0.128662109375,0.962158203125,4.02252197265625,-3.775787353515625,-0.590667724609375,1.0,1.0,1.0,1.0,1.0,95.0,event
12:10:27.249,0.12858808,0.21778293,0.14118566,0.6620152,0.28717345,-0.33608478,-0.36768255,0.2839051,0.37786934,0.048431624,-0.1862052,0.50227964,0.76902187,0.27516866,0.37075853,1.2214417,1.107541,0.19564633,0.14704044,0.9053386,830.0366,813.1135,828.8278,839.304,723.663,-0.0301513671875,0.128662109375,0.962158203125,4.02252197265625,-3.775787353515625,-0.590667724609375,1.0,1.0,1.0,1.0,1.0,95.0,event
12:10:27.302,0.12858808,0.21778293,0.14118566,0.6620152,0.28717345,-0.33608478,-0.36768255,0.2839051,0.37786934,0.048431624,-0.1862052,0.50227964,0.76902187,0.27516866,0.37075853,1.2214417,1.107541,0.19564633,0.14704044,0.9053386,825.2015,805.4579,832.4542,815.9341,651.13556,-0.02325439453125,0.13714599609375,0.96734619140625,6.766510009765625,-2.452392578125,1.80938720703125,1.0,1.0,1.0,1.0,1.0,95.0,event
12:10:27.303,0.12858808,0.21778293,0.14118566,0.6620152,0.28717345,-0.33608478,-0.36768255,0.2839051,0.37786934,0.048431624,-0.1862052,0.50227964,0.76902187,0.27516866,0.37075853,1.2214417,1.107541,0.19564633,0.14704044,0.9053386,826.8132,807.47253,828.8278,803.8461,643.47986,-0.02325439453125,0.13714599609375,0.96734619140625,6.766510009765625,-2.452392578125,1.80938720703125,1.0,1.0,1.0,1.0,1.0,95.0,event
12:10:27.304,0.12858808,0.21778293,0.14118566,0.6620152,0.28717345,-0.33608478,-0.36768255,0.2839051,0.37786934,0.048431624,-0.1862052,0.50227964,0.76902187,0.27516866,0.37075853,1.2214417,1.107541,0.19564633,0.14704044,0.9053386,823.9927,802.6374,815.5311,804.2491,717.619,-0.02325439453125,0.13714599609375,0.96734619140625,6.766510009765625,-2.452392578125,1.80938720703125,1.0,1.0,1.0,1.0,1.0,95.0,event
12:10:27.305,0.12858808,0.21778293,0.14118566,0.6620152,0.28717345,-0.33608478,-0.36768255,0.2839051,0.37786934,0.048431624,-0.1862052,0.50227964,0.76902187,0.27516866,0.37075853,1.2214417,1.107541,0.19564633,0.14704044,0.9053386,801.02563,808.68134,815.5311,826.4103,680.14655,-0.02325439453125,0.13714599609375,0.96734619140625,6.766510009765625,-2.452392578125,1.80938720703125,1.0,1.0,1.0,1.0,1.0,95.0,event
12:10:27.305,0.12858808,0.21778293,0.14118566,0.6620152,0.28717345,-0.33608478,-0.36768255,0.2839051,0.37786934,0.048431624,-0.1862052,0.50227964,0.76902187,0.27516866,0.37075853,1.2214417,1.107541,0.19564633,0.14704044,0.9053386,805.05493,802.23444,806.6667,815.9341,736.1539,-0.02325439453125,0.13714599609375,0.96734619140625,6.766510009765625,-2.452392578125,1.80938720703125,1.0,1.0,1.0,1.0,1.0,95.0,event
12:10:27.306,0.12858808,0.21778293,0.14118566,0.6620152,0.28717345,-0.33608478,-0.36768255,0.2839051,0.37786934,0.048431624,-0.1862052,0.50227964,0.76902187,0.27516866,0.37075853,1.2214417,1.107541,0.19564633,0.14704044,0.9053386,808.2784,801.8315,830.84247,812.71063,721.6484,-0.02325439453125,0.13714599609375,0.96734619140625,6.766510009765625,-2.452392578125,1.80938720703125,1.0,1.0,1.0,1.0,1.0,95.0,event
12:10:27.306,0.12858808,0.21778293,0.14118566,0.6620152,0.28717345,-0.33608478,-0.36768255,0.2839051,0.37786934,0.048431624,-0.1862052,0.50227964,0.76902187,0.27516866,0.37075853,1.2214417,1.107541,0.19564633,0.14704044,0.9053386,809.0842,801.4286,839.304,801.8315,895.7143,-0.02325439453125,0.13714599609375,0.96734619140625,6.766510009765625,-2.452392578125,1.80938720703125,1.0,1.0,1.0,1.0,1.0,95.0,event
12:10:27.307,0.12858808,0.21778293,0.14118566,0.6620152,0.28717345,-0.33608478,-0.36768255,0.2839051,0.37786934,0.048431624,-0.1862052,0.50227964,0.76902187,0.27516866,0.37075853,1.2214417,1.107541,0.19564633,0.14704044,0.9053386,810.696,807.47253,838.0952,799.81683,947.28937,-0.02325439453125,0.13714599609375,0.96734619140625,6.766510009765625,-2.452392578125,1.80938720703125,1.0,1.0,1.0,1.0,1.0,95.0,event
12:10:27.307,0.12858808,0.21778293,0.14118566,0.6620152,0.28717345,-0.33608478,-0.36768255,0.2839051,0.37786934,0.048431624,-0.1862052,0.50227964,0.76902187,0.27516866,0.37075853,1.2214417,1.107541,0.19564633,0.14704044,0.9053386,818.7546,795.38464,834.4689,805.4579,788.93774,-0.02325439453125,0.13714599609375,0.96734619140625,6.766510009765625,-2.452392578125,1.80938720703125,1.0,1.0,1.0,1.0,1.0,95.0,event
12:10:27.308,0.12858808,0.21778293,0.14118566,0.6620152,0.28717345,-0.33608478,-0.36768255,0.2839051,0.37786934,0.048431624,-0.1862052,0.50227964,0.76902187,0.27516866,0.37075853,1.2214417,1.107541,0.19564633,0.14704044,0.9053386,807.8755,796.99634,834.87177,809.89014,724.0659,-0.02325439453125,0.13714599609375,0.96734619140625,6.766510009765625,-2.452392578125,1.80938720703125,1.0,1.0,1.0,1.0,1.0,95.0,event
12:10:27.308,0.12858808,0.21778293,0.14118566,0.6620152,0.28717345,-0.33608478,-0.36768255,0.2839051,0.37786934,0.048431624,-0.1862052,0.50227964,0.76902187,0.27516866,0.37075853,1.2214417,1.107541,0.19564633,0.14704044,0.9053386,802.23444,810.696,832.8571,820.3663,817.1429,-0.02325439453125,0.13714599609375,0.96734619140625,6.766510009765625,-2.452392578125,1.80938720703125,1.0,1.0,1.0,1.0,1.0,95.0,event
12:10:27.309,0.12858808,0.21778293,0.14118566,0.6620152,0.28717345,-0.33608478,-0.36768255,0.2839051,0.37786934,0.048431624,-0.1862052,0.50227964,0.76902187,0.27516866,0.37075853,1.2214417,1.107541,0.19564633,0.14704044,0.9053386,832.0513,819.5604,832.4542,823.1868,749.45056,-0.02325439453125,0.13714599609375,0.96734619140625,6.766510009765625,-2.452392578125,1.80938720703125,1.0,1.0,1.0,1.0,1.0,95.0,event
12:10:27.339,0.12858808,0.21778293,0.14118566,0.6620152,0.28717345,-0.33608478,-0.36768255,0.2839051,0.37786934,0.048431624,-0.1862052,0.50227964,0.76902187,0.27516866,0.37075853,1.2214417,1.107541,0.19564633,0.14704044,0.9053386,815.5311,816.7399,829.6337,785.31134,618.9011,-0.05059814453125,0.14093017578125,0.9764404296875,10.355377197265623,-1.7645263671875,6.2506103515625,1.0,1.0,1.0,1.0,1.0,95.0,event
12:10:27.340,0.12858808,0.3823429,0.14118566,0.6620152,0.28717345,-0.35108098,-0.36768255,0.2839051,0.37786934,0.0759388,-0.1862052,0.50227964,0.76902187,0.28982964,0.37075853,1.2214417,1.107541,0.19514434,0.14704044,0.9053386,810.293,812.71063,822.381,784.10254,688.60803,-0.05059814453125,0.14093017578125,0.9764404296875,10.355377197265623,-1.7645263671875,6.2506103515625,1.0,1.0,1.0,1.0,1.0,95.0,event
12:10:27.344,0.12858808,0.3823429,0.14118566,0.6620152,0.28717345,-0.35108098,-0.36768255,0.2839051,0.37786934,0.0759388,-0.1862052,0.50227964,0.76902187,0.28982964,0.37075853,1.2214417,1.107541,0.19514434,0.14704044,0.9053386,827.619,794.9817,826.4103,838.49817,754.2857,-0.05059814453125,0.14093017578125,0.9764404296875,10.355377197265623,-1.7645263671875,6.2506103515625,1.0,1.0,1.0,1.0,1.0,95.0,event
12:10:27.344,0.12858808,0.3823429,0.14118566,0.6620152,0.28717345,-0.35108098,-0.36768255,0.2839051,0.37786934,0.0759388,-0.1862052,0.50227964,0.76902187,0.28982964,0.37075853,1.2214417,1.107541,0.19514434,0.14704044,0.9053386,823.5897,798.20514,819.5604,829.6337,793.7729,-0.05059814453125,0.14093017578125,0.9764404296875,10.355377197265623,-1.7645263671875,6.2506103515625,1.0,1.0,1.0,1.0,1.0,95.0,event
12:10:27.345,0.12858808,0.3823429,0.14118566,0.6620152,0.28717345,-0.35108098,-0.36768255,0.2839051,0.37786934,0.0759388,-0.1862052,0.50227964,0.76902187,0.28982964,0.37075853,1.2214417,1.107541,0.19514434,0.14704044,0.9053386,813.5165,808.68134,829.6337,815.12823,709.5604,-0.05059814453125,0.14093017578125,0.9764404296875,10.355377197265623,-1.7645263671875,6.2506103515625,1.0,1.0,1.0,1.0,1.0,95.0,event
12:10:27.346,0.12858808,0.3823429,0.14118566,0.6620152,0.28717345,-0.35108098,-0.36768255,0.2839051,0.37786934,0.0759388,-0.1862052,0.50227964,0.76902187,0.28982964,0.37075853,1.2214417,1.107541,0.19514434,0.14704044,0.9053386,790.14655,810.696,832.8571,781.685,851.39197,-0.05059814453125,0.14093017578125,0.9764404296875,10.355377197265623,-1.7645263671875,6.2506103515625,1.0,1.0,1.0,1.0,1.0,95.0,event
12:10:27.346,0.12858808,0.3823429,0.14118566,0.6620152,0.28717345,-0.35108098,-0.36768255,0.2839051,0.37786934,0.0759388,-0.1862052,0.50227964,0.76902187,0.28982964,0.37075853,1.2214417,1.107541,0.19514434,0.14704044,0.9053386,796.99634,815.12823,835.2747,782.8938,1062.1245,-0.05059814453125,0.14093017578125,0.9764404296875,10.355377197265623,-1.7645263671875,6.2506103515625,1.0,1.0,1.0,1.0,1.0,95.0,event
12:10:27.347,0.12858808,0.3823429,0.14118566,0.6620152,0.28717345,-0.35108098,-0.36768255,0.2839051,0.37786934,0.0759388,-0.1862052,0.50227964,0.76902187,0.28982964,0.37075853,1.2214417,1.107541,0.19514434,0.14704044,0.9053386,797.3993,815.9341,834.4689,803.0403,900.14655,-0.05059814453125,0.14093017578125,0.9764404296875,10.355377197265623,-1.7645263671875,6.2506103515625,1.0,1.0,1.0,1.0,1.0,95.0,event
12:10:27.347,0.12858808,0.3823429,0.14118566,0.6620152,0.28717345,-0.35108098,-0.36768255,0.2839051,0.37786934,0.0759388,-0.1862052,0.50227964,0.76902187,0.28982964,0.37075853,1.2214417,1.107541,0.19514434,0.14704044,0.9053386,813.5165,804.2491,828.4249,807.47253,765.9707,-0.05059814453125,0.14093017578125,0.9764404296875,10.355377197265623,-1.7645263671875,6.2506103515625,1.0,1.0,1.0,1.0,1.0,95.0,event
12:10:27.348,0.12858808,0.3823429,0.14118566,0.6620152,0.28717345,-0.35108098,-0.36768255,0.2839051,0.37786934,0.0759388,-0.1862052,0.50227964,0.76902187,0.28982964,0.37075853,1.2214417,1.107541,0.19514434,0.14704044,0.9053386,833.2601,810.293,823.5897,818.3516,811.0989,-0.05059814453125,0.14093017578125,0.9764404296875,10.355377197265623,-1.7645263671875,6.2506103515625,1.0,1.0,1.0,1.0,1.0,95.0,event
12:10:27.348,0.12858808,0.3823429,0.14118566,0.6620152,0.28717345,-0.35108098,-0.36768255,0.2839051,0.37786934,0.0759388,-0.1862052,0.50227964,0.76902187,0.28982964,0.37075853,1.2214417,1.107541,0.19514434,0.14704044,0.9053386,815.5311,816.7399,830.84247,822.381,794.9817,-0.05059814453125,0.14093017578125,0.9764404296875,10.355377197265623,-1.7645263671875,6.2506103515625,1.0,1.0,1.0,1.0,1.0,95.0,event
12:10:27.349,0.12858808,0.3823429,0.14118566,0.6620152,0.28717345,-0.35108098,-0.36768255,0.2839051,0.37786934,0.0759388,-0.1862052,0.50227964,0.76902187,0.28982964,0.37075853,1.2214417,1.107541,0.19514434,0.14704044,0.9053386,803.0403,813.5165,829.6337,811.0989,762.74725,-0.05059814453125,0.14093017578125,0.9764404296875,10.355377197265623,-1.7645263671875,6.2506103515625,1.0,1.0,1.0,1.0,1.0,95.0,event
12:10:27.373,0.12858808,0.3823429,0.14118566,0.6620152,0.28717345,-0.35108098,-0.36768255,0.2839051,0.37786934,0.0759388,-0.1862052,0.50227964,0.76902187,0.28982964,0.37075853,1.2214417,1.107541,0.19514434,0.14704044,0.9053386,789.7436,813.1135,830.84247,812.3077,749.0476,-0.0506591796875,0.16424560546875,0.98822021484375,8.007659912109375,-4.613189697265625,1.457977294921875,1.0,1.0,1.0,1.0,1.0,95.0,event
12:10:27.374,0.12858808,0.3823429,0.14118566,0.6620152,0.28717345,-0.35108098,-0.36768255,0.2839051,0.37786934,0.0759388,-0.1862052,0.50227964,0.76902187,0.28982964,0.37075853,1.2214417,1.107541,0.19514434,0.14704044,0.9053386,809.89014,813.91943,817.5458,789.7436,850.989,-0.0506591796875,0.16424560546875,0.98822021484375,8.007659912109375,-4.613189697265625,1.457977294921875,1.0,1.0,1.0,1.0,1.0,95.0,event
12:10:27.374,0.12858808,0.3823429,0.14118566,0.6620152,0.28717345,-0.35108098,-0.36768255,0.2839051,0.37786934,0.0759388,-0.1862052,0.50227964,0.76902187,0.28982964,0.37075853,1.2214417,1.107541,0.19514434,0.14704044,0.9053386,801.8315,815.5311,828.4249,822.381,818.7546,-0.0506591796875,0.16424560546875,0.98822021484375,8.007659912109375,-4.613189697265625,1.457977294921875,1.0,1.0,1.0,1.0,1.0,95.0,event
12:10:27.375,0.12858808,0.3823429,0.14118566,0.6620152,0.28717345,-0.35108098,-0.36768255,0.2839051,0.37786934,0.0759388,-0.1862052,0.50227964,0.76902187,0.28982964,0.37075853,1.2214417,1.107541,0.19514434,0.14704044,0.9053386,813.5165,811.0989,824.7985,793.36993,738.97437,-0.0506591796875,0.16424560546875,0.98822021484375,8.007659912109375,-4.613189697265625,1.457977294921875,1.0,1.0,1.0,1.0,1.0,95.0,event
12:10:27.375,0.12858808,0.3823429,0.14118566,0.6620152,0.28717345,-0.35108098,-0.36768255,0.2839051,0.37786934,0.0759388,-0.1862052,0.50227964,0.76902187,0.28982964,0.37075853,1.2214417,1.107541,0.19514434,0.14704044,0.9053386,830.84247,821.978,830.84247,842.1245,743.8095,-0.0506591796875,0.16424560546875,0.98822021484375,8.007659912109375,-4.613189697265625,1.457977294921875,1.0,1.0,1.0,1.0,1.0,95.0,event
12:10:27.376,0.12858808,0.3823429,0.14118566,0.6620152,0.28717345,-0.35108098,-0.36768255,0.2839051,0.37786934,0.0759388,-0.1862052,0.50227964,0.76902187,0.28982964,0.37075853,1.2214417,1.107541,0.19514434,0.14704044,0.9053386,829.2308,824.3956,827.2161,824.3956,979.12085,-0.0506591796875,0.16424560546875,0.98822021484375,8.007659912109375,-4.613189697265625,1.457977294921875,1.0,1.0,1.0,1.0,1.0,95.0,event
12:10:27.376,0.12858808,0.3823429,0.14118566,0.6620152,0.28717345,-0.35108098,-0.36768255,0.2839051,0.37786934,0.0759388,-0.1862052,0.50227964,0.76902187,0.28982964,0.37075853,1.2214417,1.107541,0.19514434,0.14704044,0.9053386,802.6374,812.3077,820.7692,796.99634,1012.96704,-0.0506591796875,0.16424560546875,0.98822021484375,8.007659912109375,-4.613189697265625,1.457977294921875,1.0,1.0,1.0,1.0,1.0,95.0,event
12:10:27.377,0.12858808,0.3823429,0.14118566,0.6620152,0.28717345,-0.35108098,-0.36768255,0.2839051,0.37786934,0.0759388,-0.1862052,0.50227964,0.76902187,0.28982964,0.37075853,1.2214417,1.107541,0.19514434,0.14704044,0.9053386,782.8938,811.50183,818.3516,803.0403,782.0879,-0.0506591796875,0.16424560546875,0.98822021484375,8.007659912109375,-4.613189697265625,1.457977294921875,1.0,1.0,1.0,1.0,1.0,95.0,event
12:10:27.378,0.12858808,0.3823429,0.14118566,0.6620152,0.28717345,-0.35108098,-0.36768255,0.2839051,0.37786934,0.0759388,-0.1862052,0.50227964,0.76902187,0.28982964,0.37075853,1.2214417,1.107541,0.19514434,0.14704044,0.9053386,792.1612,813.5165,817.9487,807.0696,688.20514,-0.0506591796875,0.16424560546875,0.98822021484375,8.007659912109375,-4.613189697265625,1.457977294921875,1.0,1.0,1.0,1.0,1.0,95.0,event
12:10:27.378,0.12858808,0.3823429,0.14118566,0.6620152,0.28717345,-0.35108098,-0.36768255,0.2839051,0.37786934,0.0759388,-0.1862052,0.50227964,0.76902187,0.28982964,0.37075853,1.2214417,1.107541,0.19514434,0.14704044,0.9053386,813.5165,813.91943,811.50183,827.2161,865.09155,-0.0506591796875,0.16424560546875,0.98822021484375,8.007659912109375,-4.613189697265625,1.457977294921875,1.0,1.0,1.0,1.0,1.0,95.0,event
12:10:27.379,0.12858808,0.3823429,0.14118566,0.6620152,0.28717345,-0.35108098,-0.36768255,0.2839051,0.37786934,0.0759388,-0.1862052,0.50227964,0.76902187,0.28982964,0.37075853,1.2214417,1.107541,0.19514434,0.14704044,0.9053386,799.41394,813.1135,821.978,844.94507,858.24176,-0.0506591796875,0.16424560546875,0.98822021484375,8.007659912109375,-4.613189697265625,1.457977294921875,1.0,1.0,1.0,1.0,1.0,95.0,event
12:10:27.379,0.12858808,0.3823429,0.14118566,0.6620152,0.28717345,-0.35108098,-0.36768255,0.2839051,0.37786934,0.0759388,-0.1862052,0.50227964,0.76902187,0.28982964,0.37075853,1.2214417,1.107541,0.19514434,0.14704044,0.9053386,778.86444,803.8461,826.8132,802.6374,664.83514,-0.0506591796875,0.16424560546875,0.98822021484375,8.007659912109375,-4.613189697265625,1.457977294921875,1.0,1.0,1.0,1.0,1.0,95.0,event
12:10:27.443,0.12858808,0.3823429,0.14118566,0.6620152,0.28717345,-0.35108098,-0.36768255,0.2839051,0.37786934,0.0759388,-0.1862052,0.50227964,0.76902187,0.28982964,0.37075853,1.2214417,1.107541,0.19514434,0.14704044,0.9053386,798.60803,809.4872,815.9341,783.2967,670.87915,-0.0506591796875,0.16424560546875,0.98822021484375,8.007659912109375,-4.613189697265625,1.457977294921875,1.0,1.0,1.0,1.0,1.0,95.0,event
12:10:27.444,0.12858808,0.3823429,0.14118566,0.6620152,0.28717345,-0.35108098,-0.36768255,0.2839051,0.37786934,0.0759388,-0.1862052,0.50227964,0.76902187,0.28982964,0.37075853,1.2214417,1.107541,0.19514434,0.14704044,0.9053386,815.12823,818.7546,819.15753,802.23444,773.6264,-0.0506591796875,0.16424560546875,0.98822021484375,8.007659912109375,-4.613189697265625,1.457977294921875,1.0,1.0,1.0,1.0,1.0,95.0,event
12:10:27.445,0.12858808,0.3823429,0.14118566,0.6620152,0.28717345,-0.35108098,-0.36768255,0.2839051,0.37786934,0.0759388,-0.1862052,0.50227964,0.76902187,0.28982964,0.37075853,1.2214417,1.107541,0.19514434,0.14704044,0.9053386,819.15753,815.12823,823.1868,814.3223,848.97437,-0.0506591796875,0.16424560546875,0.98822021484375,8.007659912109375,-4.613189697265625,1.457977294921875,1.0,1.0,1.0,1.0,1.0,95.0,event
12:10:27.446,0.12858808,0.52669775,0.14118566,0.6620152,0.28717345,-0.26113227,-0.36768255,0.2839051,0.37786934,0.12358901,-0.1862052,0.50227964,0.76902187,0.2984978,0.37075853,1.2214417,1.107541,0.19298238,0.14704044,0.9053386,815.9341,814.3223,818.3516,838.49817,797.3993,-0.0506591796875,0.16424560546875,0.98822021484375,8.007659912109375,-4.613189697265625,1.457977294921875,1.0,1.0,1.0,1.0,1.0,95.0,event
12:10:27.450,0.12858808,0.52669775,0.14118566,0.6620152,0.28717345,-0.26113227,-0.36768255,0.2839051,0.37786934,0.12358901,-0.1862052,0.50227964,0.76902187,0.2984978,0.37075853,1.2214417,1.107541,0.19298238,0.14704044,0.9053386,808.68134,824.3956,806.6667,847.76556,768.7912,-0.0506591796875,0.16424560546875,0.98822021484375,8.007659912109375,-4.613189697265625,1.457977294921875,1.0,1.0,1.0,1.0,1.0,95.0,event
12:10:27.451,0.12858808,0.52669775,0.14118566,0.6620152,0.28717345,-0.26113227,-0.36768255,0.2839051,0.37786934,0.12358901,-0.1862052,0.50227964,0.76902187,0.2984978,0.37075853,1.2214417,1.107541,0.19298238,0.14704044,0.9053386,810.293,821.978,805.8608,784.5055,1009.34064,-0.0506591796875,0.16424560546875,0.98822021484375,8.007659912109375,-4.613189697265625,1.457977294921875,1.0,1.0,1.0,1.0,1.0,95.0,event
12:10:27.452,0.12858808,0.52669775,0.14118566,0.6620152,0.28717345,-0.26113227,-0.36768255,0.2839051,0.37786934,0.12358901,-0.1862052,0.50227964,0.76902187,0.2984978,0.37075853,1.2214417,1.107541,0.19298238,0.14704044,0.9053386,791.75824,812.71063,813.91943,761.53845,969.85345,-0.0506591796875,0.16424560546875,0.98822021484375,8.007659912109375,-4.613189697265625,1.457977294921875,1.0,1.0,1.0,1.0,1.0,95.0,event
12:10:27.454,0.12858808,0.52669775,0.14118566,0.6620152,0.28717345,-0.26113227,-0.36768255,0.2839051,0.37786934,0.12358901,-0.1862052,0.50227964,0.76902187,0.2984978,0.37075853,1.2214417,1.107541,0.19298238,0.14704044,0.9053386,790.14655,806.26373,809.89014,787.326,738.97437,-0.0506591796875,0.16424560546875,0.98822021484375,8.007659912109375,-4.613189697265625,1.457977294921875,1.0,1.0,1.0,1.0,1.0,95.0,event
12:10:27.456,0.12858808,0.52669775,0.14118566,0.6620152,0.28717345,-0.26113227,-0.36768255,0.2839051,0.37786934,0.12358901,-0.1862052,0.50227964,0.76902187,0.2984978,0.37075853,1.2214417,1.107541,0.19298238,0.14704044,0.9053386,800.2198,809.0842,798.20514,822.7839,751.06226,-0.0506591796875,0.16424560546875,0.98822021484375,8.007659912109375,-4.613189697265625,1.457977294921875,1.0,1.0,1.0,1.0,1.0,95.0,event
12:10:27.457,0.12858808,0.52669775,0.14118566,0.6620152,0.28717345,-0.26113227,-0.36768255,0.2839051,0.37786934,0.12358901,-0.1862052,0.50227964,0.76902187,0.2984978,0.37075853,1.2214417,1.107541,0.19298238,0.14704044,0.9053386,788.93774,811.9048,810.696,838.49817,907.8022,-0.0506591796875,0.16424560546875,0.98822021484375,8.007659912109375,-4.613189697265625,1.457977294921875,1.0,1.0,1.0,1.0,1.0,95.0,event
12:10:27.458,0.12858808,0.52669775,0.14118566,0.6620152,0.28717345,-0.26113227,-0.36768255,0.2839051,0.37786934,0.12358901,-0.1862052,0.50227964,0.76902187,0.2984978,0.37075853,1.2214417,1.107541,0.19298238,0.14704044,0.9053386,792.96704,813.91943,813.5165,815.9341,799.81683,-0.0506591796875,0.16424560546875,0.98822021484375,8.007659912109375,-4.613189697265625,1.457977294921875,1.0,1.0,1.0,1.0,1.0,95.0,event
12:10:27.459,0.12858808,0.52669775,0.14118566,0.6620152,0.28717345,-0.26113227,-0.36768255,0.2839051,0.37786934,0.12358901,-0.1862052,0.50227964,0.76902187,0.2984978,0.37075853,1.2214417,1.107541,0.19298238,0.14704044,0.9053386,807.47253,814.7253,803.44324,817.1429,705.9341,-0.0506591796875,0.16424560546875,0.98822021484375,8.007659912109375,-4.613189697265625,1.457977294921875,1.0,1.0,1.0,1.0,1.0,95.0,event
12:10:27.486,0.12858808,0.52669775,0.14118566,0.6620152,0.28717345,-0.26113227,-0.36768255,0.2839051,0.37786934,0.12358901,-0.1862052,0.50227964,0.76902187,0.2984978,0.37075853,1.2214417,1.107541,0.19298238,0.14704044,0.9053386,776.04395,801.02563,808.68134,803.0403,747.4359,-0.019287109375,0.17413330078125,0.987548828125,2.9608154296875,-3.3197021484375,-1.4654541015625,1.0,1.0,1.0,1.0,1.0,95.0,event
12:10:27.487,0.12858808,0.52669775,0.14118566,0.6620152,0.28717345,-0.26113227,-0.36768255,0.2839051,0.37786934,0.12358901,-0.1862052,0.50227964,0.76902187,0.2984978,0.37075853,1.2214417,1.107541,0.19298238,0.14704044,0.9053386,772.8205,796.5934,808.2784,782.0879,786.52014,-0.019287109375,0.17413330078125,0.987548828125,2.9608154296875,-3.3197021484375,-1.4654541015625,1.0,1.0,1.0,1.0,1.0,95.0,event
12:10:27.488,0.12858808,0.52669775,0.14118566,0.6620152,0.28717345,-0.26113227,-0.36768255,0.2839051,0.37786934,0.12358901,-0.1862052,0.50227964,0.76902187,0.2984978,0.37075853,1.2214417,1.107541,0.19298238,0.14704044,0.9053386,781.685,796.99634,794.9817,805.4579,772.8205,-0.019287109375,0.17413330078125,0.987548828125,2.9608154296875,-3.3197021484375,-1.4654541015625,1.0,1.0,1.0,1.0,1.0,95.0,event
12:10:27.489,0.12858808,0.52669775,0.14118566,0.6620152,0.28717345,-0.26113227,-0.36768255,0.2839051,0.37786934,0.12358901,-0.1862052,0.50227964,0.76902187,0.2984978,0.37075853,1.2214417,1.107541,0.19298238,0.14704044,0.9053386,780.4762,797.3993,789.34064,805.4579,762.3443,-0.019287109375,0.17413330078125,0.987548828125,2.9608154296875,-3.3197021484375,-1.4654541015625,1.0,1.0,1.0,1.0,1.0,95.0,event
12:10:27.489,0.12858808,0.52669775,0.14118566,0.6620152,0.28717345,-0.26113227,-0.36768255,0.2839051,0.37786934,0.12358901,-0.1862052,0.50227964,0.76902187,0.2984978,0.37075853,1.2214417,1.107541,0.19298238,0.14704044,0.9053386,774.43225,801.8315,793.36993,790.14655,817.9487,-0.019287109375,0.17413330078125,0.987548828125,2.9608154296875,-3.3197021484375,-1.4654541015625,1.0,1.0,1.0,1.0,1.0,95.0,event
12:10:27.490,0.12858808,0.52669775,0.14118566,0.6620152,0.28717345,-0.26113227,-0.36768255,0.2839051,0.37786934,0.12358901,-0.1862052,0.50227964,0.76902187,0.2984978,0.37075853,1.2214417,1.107541,0.19298238,0.14704044,0.9053386,795.78754,804.65204,794.9817,834.4689,815.9341,-0.019287109375,0.17413330078125,0.987548828125,2.9608154296875,-3.3197021484375,-1.4654541015625,1.0,1.0,1.0,1.0,1.0,95.0,event
12:10:27.490,0.12858808,0.52669775,0.14118566,0.6620152,0.28717345,-0.26113227,-0.36768255,0.2839051,0.37786934,0.12358901,-0.1862052,0.50227964,0.76902187,0.2984978,0.37075853,1.2214417,1.107541,0.19298238,0.14704044,0.9053386,834.87177,807.0696,794.9817,834.4689,860.65936,-0.019287109375,0.17413330078125,0.987548828125,2.9608154296875,-3.3197021484375,-1.4654541015625,1.0,1.0,1.0,1.0,1.0,95.0,event
12:10:27.491,0.12858808,0.52669775,0.14118566,0.6620152,0.28717345,-0.26113227,-0.36768255,0.2839051,0.37786934,0.12358901,-0.1862052,0.50227964,0.76902187,0.2984978,0.37075853,1.2214417,1.107541,0.19298238,0.14704044,0.9053386,812.71063,813.1135,795.38464,779.2674,828.022,-0.019287109375,0.17413330078125,0.987548828125,2.9608154296875,-3.3197021484375,-1.4654541015625,1.0,1.0,1.0,1.0,1.0,95.0,event
12:10:27.491,0.12858808,0.52669775,0.14118566,0.6620152,0.28717345,-0.26113227,-0.36768255,0.2839051,0.37786934,0.12358901,-0.1862052,0.50227964,0.76902187,0.2984978,0.37075853,1.2214417,1.107541,0.19298238,0.14704044,0.9053386,778.46155,817.1429,792.1612,770.0,891.28204,-0.019287109375,0.17413330078125,0.987548828125,2.9608154296875,-3.3197021484375,-1.4654541015625,1.0,1.0,1.0,1.0,1.0,95.0,event
12:10:27.492,0.12858808,0.52669775,0.14118566,0.6620152,0.28717345,-0.26113227,-0.36768255,0.2839051,0.37786934,0.12358901,-0.1862052,0.50227964,0.76902187,0.2984978,0.37075853,1.2214417,1.107541,0.19298238,0.14704044,0.9053386,759.5238,819.9634,788.93774,774.0293,814.7253,-0.019287109375,0.17413330078125,0.987548828125,2.9608154296875,-3.3197021484375,-1.4654541015625,1.0,1.0,1.0,1.0,1.0,95.0,event
12:10:27.492,0.12858808,0.52669775,0.14118566,0.6620152,0.28717345,-0.26113227,-0.36768255,0.2839051,0.37786934,0.12358901,-0.1862052,0.50227964,0.76902187,0.2984978,0.37075853,1.2214417,1.107541,0.19298238,0.14704044,0.9053386,774.43225,816.337,791.75824,783.69965,1058.9011,-0.019287109375,0.17413330078125,0.987548828125,2.9608154296875,-3.3197021484375,-1.4654541015625,1.0,1.0,1.0,1.0,1.0,95.0,event
12:10:27.493,0.12858808,0.52669775,0.14118566,0.6620152,0.28717345,-0.26113227,-0.36768255,0.2839051,0.37786934,0.12358901,-0.1862052,0.50227964,0.76902187,0.2984978,0.37075853,1.2214417,1.107541,0.19298238,0.14704044,0.9053386,786.52014,817.9487,787.72894,776.8498,696.26373,-0.019287109375,0.17413330078125,0.987548828125,2.9608154296875,-3.3197021484375,-1.4654541015625,1.0,1.0,1.0,1.0,1.0,95.0,event
12:10:27.522,0.12858808,0.52669775,0.14118566,0.6620152,0.28717345,-0.26113227,-0.36768255,0.2839051,0.37786934,0.12358901,-0.1862052,0.50227964,0.76902187,0.2984978,0.37075853,1.2214417,1.107541,0.19298238,0.14704044,0.9053386,794.9817,814.3223,788.5348,805.4579,818.3516,-0.04144287109375,0.16473388671875,0.98248291015625,-0.37384033203125,0.770111083984375,-2.385101318359375,1.0,1.0,1.0,1.0,1.0,95.0,event
12:10:27.523,0.12858808,0.52669775,0.14118566,0.6620152,0.28717345,-0.26113227,-0.36768255,0.2839051,0.37786934,0.12358901,-0.1862052,0.50227964,0.76902187,0.2984978,0.37075853,1.2214417,1.107541,0.19298238,0.14704044,0.9053386,773.6264,820.7692,785.31134,800.2198,761.13556,-0.04144287109375,0.16473388671875,0.98248291015625,-0.37384033203125,0.770111083984375,-2.385101318359375,1.0,1.0,1.0,1.0,1.0,95.0,event
12:10:27.524,0.12858808,0.52669775,0.14118566,0.6620152,0.28717345,-0.26113227,-0.36768255,0.2839051,0.37786934,0.12358901,-0.1862052,0.50227964,0.76902187,0.2984978,0.37075853,1.2214417,1.107541,0.19298238,0.14704044,0.9053386,788.93774,819.5604,774.0293,765.56775,655.9707,-0.04144287109375,0.16473388671875,0.98248291015625,-0.37384033203125,0.770111083984375,-2.385101318359375,1.0,1.0,1.0,1.0,1.0,95.0,event
12:10:27.525,0.12858808,0.52669775,0.14118566,0.6620152,0.28717345,-0.26113227,-0.36768255,0.2839051,0.37786934,0.12358901,-0.1862052,0.50227964,0.76902187,0.2984978,0.37075853,1.2214417,1.107541,0.19298238,0.14704044,0.9053386,798.20514,807.8755,774.43225,809.89014,674.10254,-0.04144287109375,0.16473388671875,0.98248291015625,-0.37384033203125,0.770111083984375,-2.385101318359375,1.0,1.0,1.0,1.0,1.0,95.0,event
12:10:27.525,0.12858808,0.52669775,0.14118566,0.6620152,0.28717345,-0.26113227,-0.36768255,0.2839051,0.37786934,0.12358901,-0.1862052,0.50227964,0.76902187,0.2984978,0.37075853,1.2214417,1.107541,0.19298238,0.14704044,0.9053386,777.25275,816.337,782.49084,809.89014,782.49084,-0.04144287109375,0.16473388671875,0.98248291015625,-0.37384033203125,0.770111083984375,-2.385101318359375,1.0,1.0,1.0,1.0,1.0,95.0,event
12:10:27.526,0.12858808,0.61854887,0.14118566,0.6620152,0.28717345,-0.15832527,-0.36768255,0.2839051,0.37786934,0.16607001,-0.1862052,0.50227964,0.76902187,0.30141208,0.37075853,1.2214417,1.107541,0.18777311,0.14704044,0.9053386,785.7143,831.6484,770.0,749.45056,889.67035,-0.04144287109375,0.16473388671875,0.98248291015625,-0.37384033203125,0.770111083984375,-2.385101318359375,1.0,1.0,1.0,1.0,1.0,95.0,event
12:10:27.530,0.12858808,0.61854887,0.14118566,0.6620152,0.28717345,-0.15832527,-0.36768255,0.2839051,0.37786934,0.16607001,-0.1862052,0.50227964,0.76902187,0.30141208,0.37075853,1.2214417,1.107541,0.18777311,0.14704044,0.9053386,776.4469,830.84247,763.1502,755.09155,864.68866,-0.04144287109375,0.16473388671875,0.98248291015625,-0.37384033203125,0.770111083984375,-2.385101318359375,1.0,1.0,1.0,1.0,1.0,95.0,event
12:10:27.530,0.12858808,0.61854887,0.14118566,0.6620152,0.28717345,-0.15832527,-0.36768255,0.2839051,0.37786934,0.16607001,-0.1862052,0.50227964,0.76902187,0.30141208,0.37075853,1.2214417,1.107541,0.18777311,0.14704044,0.9053386,791.75824,824.7985,770.0,757.9121,805.05493,-0.04144287109375,0.16473388671875,0.98248291015625,-0.37384033203125,0.770111083984375,-2.385101318359375,1.0,1.0,1.0,1.0,1.0,95.0,event
12:10:27.531,0.12858808,0.61854887,0.14118566,0.6620152,0.28717345,-0.15832527,-0.36768255,0.2839051,0.37786934,0.16607001,-0.1862052,0.50227964,0.76902187,0.30141208,0.37075853,1.2214417,1.107541,0.18777311,0.14704044,0.9053386,802.23444,824.7985,761.13556,792.96704,915.8608,-0.04144287109375,0.16473388671875,0.98248291015625,-0.37384033203125,0.770111083984375,-2.385101318359375,1.0,1.0,1.0,1.0,1.0,95.0,event
12:10:27.531,0.12858808,0.61854887,0.14118566,0.6620152,0.28717345,-0.15832527,-0.36768255,0.2839051,0.37786934,0.16607001,-0.1862052,0.50227964,0.76902187,0.30141208,0.37075853,1.2214417,1.107541,0.18777311,0.14704044,0.9053386,822.381,817.5458,759.5238,761.9414,1025.8608,-0.04144287109375,0.16473388671875,0.98248291015625,-0.37384033203125,0.770111083984375,-2.385101318359375,1.0,1.0,1.0,1.0,1.0,95.0,event
12:10:27.532,0.12858808,0.61854887,0.14118566,0.6620152,0.28717345,-0.15832527,-0.36768255,0.2839051,0.37786934,0.16607001,-0.1862052,0.50227964,0.76902187,0.30141208,0.37075853,1.2214417,1.107541,0.18777311,0.14704044,0.9053386,796.5934,833.663,770.80585,783.69965,662.01465,-0.04144287109375,0.16473388671875,0.98248291015625,-0.37384033203125,0.770111083984375,-2.385101318359375,1.0,1.0,1.0,1.0,1.0,95.0,event
12:10:27.532,0.12858808,0.61854887,0.14118566,0.6620152,0.28717345,-0.15832527,-0.36768255,0.2839051,0.37786934,0.16607001,-0.1862052,0.50227964,0.76902187,0.30141208,0.37075853,1.2214417,1.107541,0.18777311,0.14704044,0.9053386,780.07324,817.1429,777.6557,764.7619,719.2308,-0.04144287109375,0.16473388671875,0.98248291015625,-0.37384033203125,0.770111083984375,-2.385101318359375,1.0,1.0,1.0,1.0,1.0,95.0,event
12:10:27.598,0.12858808,0.61854887,0.14118566,0.6620152,0.28717345,-0.15832527,-0.36768255,0.2839051,0.37786934,0.16607001,-0.1862052,0.50227964,0.76902187,0.30141208,0.37075853,1.2214417,1.107541,0.18777311,0.14704044,0.9053386,772.4176,809.89014,787.72894,773.22345,780.07324,-0.03729248046875,0.1610107421875,0.98284912109375,-1.33087158203125,-3.5888671875,-1.248626708984375,1.0,1.0,1.0,1.0,1.0,95.0,event
12:10:27.600,0.12858808,0.61854887,0.14118566,0.6620152,0.28717345,-0.15832527,-0.36768255,0.2839051,0.37786934,0.16607001,-0.1862052,0.50227964,0.76902187,0.30141208,0.37075853,1.2214417,1.107541,0.18777311,0.14704044,0.9053386,793.7729,814.7253,793.7729,794.17584,754.2857,-0.03729248046875,0.1610107421875,0.98284912109375,-1.33087158203125,-3.5888671875,-1.248626708984375,1.0,1.0,1.0,1.0,1.0,95.0,event
12:10:27.600,0.12858808,0.61854887,0.14118566,0.6620152,0.28717345,-0.15832527,-0.36768255,0.2839051,0.37786934,0.16607001,-0.1862052,0.50227964,0.76902187,0.30141208,0.37075853,1.2214417,1.107541,0.18777311,0.14704044,0.9053386,797.3993,819.9634,787.326,807.47253,703.5165,-0.03729248046875,0.1610107421875,0.98284912109375,-1.33087158203125,-3.5888671875,-1.248626708984375,1.0,1.0,1.0,1.0,1.0,95.0,event
12:10:27.601,0.12858808,0.61854887,0.14118566,0.6620152,0.28717345,-0.15832527,-0.36768255,0.2839051,0.37786934,0.16607001,-0.1862052,0.50227964,0.76902187,0.30141208,0.37075853,1.2214417,1.107541,0.18777311,0.14704044,0.9053386,812.71063,821.1722,772.4176,761.9414,802.6374,-0.03729248046875,0.1610107421875,0.98284912109375,-1.33087158203125,-3.5888671875,-1.248626708984375,1.0,1.0,1.0,1.0,1.0,95.0,event
12:10:27.602,0.12858808,0.61854887,0.14118566,0.6620152,0.28717345,-0.15832527,-0.36768255,0.2839051,0.37786934,0.16607001,-0.1862052,0.50227964,0.76902187,0.30141208,0.37075853,1.2214417,1.107541,0.18777311,0.14704044,0.9053386,815.9341,828.022,774.43225,767.98535,800.2198,-0.03729248046875,0.1610107421875,0.98284912109375,-1.33087158203125,-3.5888671875,-1.248626708984375,1.0,1.0,1.0,1.0,1.0,95.0,event
12:10:27.602,0.12858808,0.61854887,0.14118566,0.6620152,0.28717345,-0.15832527,-0.36768255,0.2839051,0.37786934,0.16607001,-0.1862052,0.50227964,0.76902187,0.30141208,0.37075853,1.2214417,1.107541,0.18777311,0.14704044,0.9053386,794.57874,828.4249,778.0586,810.293,779.2674,-0.03729248046875,0.1610107421875,0.98284912109375,-1.33087158203125,-3.5888671875,-1.248626708984375,1.0,1.0,1.0,1.0,1.0,95.0,event
12:10:27.603,0.12858808,0.61854887,0.14118566,0.6620152,0.28717345,-0.15832527,-0.36768255,0.2839051,0.37786934,0.16607001,-0.1862052,0.50227964,0.76902187,0.30141208,0.37075853,1.2214417,1.107541,0.18777311,0.14704044,0.9053386,789.34064,814.3223,779.2674,766.3736,922.3077,-0.03729248046875,0.1610107421875,0.98284912109375,-1.33087158203125,-3.5888671875,-1.248626708984375,1.0,1.0,1.0,1.0,1.0,95.0,event
12:10:27.603,0.12858808,0.61854887,0.14118566,0.6620152,0.28717345,-0.15832527,-0.36768255,0.2839051,0.37786934,0.16607001,-0.1862052,0.50227964,0.76902187,0.30141208,0.37075853,1.2214417,1.107541,0.18777311,0.14704044,0.9053386,793.7729,820.3663,777.25275,791.3553,796.99634,-0.03729248046875,0.1610107421875,0.98284912109375,-1.33087158203125,-3.5888671875,-1.248626708984375,1.0,1.0,1.0,1.0,1.0,95.0,event
12:10:27.604,0.12858808,0.61854887,0.14118566,0.6620152,0.28717345,-0.15832527,-0.36768255,0.2839051,0.37786934,0.16607001,-0.1862052,0.50227964,0.76902187,0.30141208,0.37075853,1.2214417,1.107541,0.18777311,0.14704044,0.9053386,791.75824,809.89014,782.0879,782.8938,1026.2638,-0.03729248046875,0.1610107421875,0.98284912109375,-1.33087158203125,-3.5888671875,-1.248626708984375,1.0,1.0,1.0,1.0,1.0,95.0,event
12:10:27.605,0.12858808,0.61854887,0.14118566,0.6620152,0.28717345,-0.15832527,-0.36768255,0.2839051,0.37786934,0.16607001,-0.1862052,0.50227964,0.76902187,0.30141208,0.37075853,1.2214417,1.107541,0.18777311,0.14704044,0.9053386,811.0989,821.1722,779.2674,807.0696,821.978,-0.03729248046875,0.1610107421875,0.98284912109375,-1.33087158203125,-3.5888671875,-1.248626708984375,1.0,1.0,1.0,1.0,1.0,95.0,event
12:10:27.605,0.12858808,0.61854887,0.14118566,0.6620152,0.28717345,-0.15832527,-0.36768255,0.2839051,0.37786934,0.16607001,-0.1862052,0.50227964,0.76902187,0.30141208,0.37075853,1.2214417,1.107541,0.18777311,0.14704044,0.9053386,805.8608,827.619,779.67035,803.44324,746.63007,-0.03729248046875,0.1610107421875,0.98284912109375,-1.33087158203125,-3.5888671875,-1.248626708984375,1.0,1.0,1.0,1.0,1.0,95.0,event
12:10:27.606,0.12858808,0.61854887,0.14118566,0.6620152,0.28717345,-0.15832527,-0.36768255,0.2839051,0.37786934,0.16607001,-0.1862052,0.50227964,0.76902187,0.30141208,0.37075853,1.2214417,1.107541,0.18777311,0.14704044,0.9053386,799.81683,824.3956,780.87915,804.65204,859.45056,-0.03729248046875,0.1610107421875,0.98284912109375,-1.33087158203125,-3.5888671875,-1.248626708984375,1.0,1.0,1.0,1.0,1.0,95.0,event
12:10:27.638,0.12858808,0.61854887,0.14118566,0.6620152,0.28717345,-0.15832527,-0.36768255,0.2839051,0.37786934,0.16607001,-0.1862052,0.50227964,0.76902187,0.30141208,0.37075853,1.2214417,1.107541,0.18777311,0.14704044,0.9053386,809.4872,820.3663,781.28204,822.7839,848.5714,-0.0426025390625,0.14385986328125,0.97833251953125,-0.46356201171875,-2.79632568359375,1.682281494140625,1.0,1.0,1.0,1.0,1.0,95.0,event
12:10:27.639,0.12858808,0.61854887,0.14118566,0.6620152,0.28717345,-0.15832527,-0.36768255,0.2839051,0.37786934,0.16607001,-0.1862052,0.50227964,0.76902187,0.30141208,0.37075853,1.2214417,1.107541,0.18777311,0.14704044,0.9053386,803.44324,812.71063,790.9524,825.2015,774.43225,-0.0426025390625,0.14385986328125,0.97833251953125,-0.46356201171875,-2.79632568359375,1.682281494140625,1.0,1.0,1.0,1.0,1.0,95.0,event
12:10:27.640,0.12858808,0.61854887,0.14118566,0.6620152,0.28717345,-0.15832527,-0.36768255,0.2839051,0.37786934,0.16607001,-0.1862052,0.50227964,0.76902187,0.30141208,0.37075853,1.2214417,1.107541,0.18777311,0.14704044,0.9053386,802.6374,804.2491,796.5934,818.3516,774.83514,-0.0426025390625,0.14385986328125,0.97833251953125,-0.46356201171875,-2.79632568359375,1.682281494140625,1.0,1.0,1.0,1.0,1.0,95.0,event
12:10:27.640,0.12858808,0.61854887,0.14118566,0.6620152,0.28717345,-0.15832527,-0.36768255,0.2839051,0.37786934,0.16607001,-0.1862052,0.50227964,0.76902187,0.30141208,0.37075853,1.2214417,1.107541,0.18777311,0.14704044,0.9053386,795.38464,815.9341,790.14655,799.41394,886.4469,-0.0426025390625,0.14385986328125,0.97833251953125,-0.46356201171875,-2.79632568359375,1.682281494140625,1.0,1.0,1.0,1.0,1.0,95.0,event
12:10:27.641,0.12858808,0.61854887,0.14118566,0.6620152,0.28717345,-0.15832527,-0.36768255,0.2839051,0.37786934,0.16607001,-0.1862052,0.50227964,0.76902187,0.30141208,0.37075853,1.2214417,1.107541,0.18777311,0.14704044,0.9053386,800.6227,823.5897,786.9231,813.91943,795.38464,-0.0426025390625,0.14385986328125,0.97833251953125,-0.46356201171875,-2.79632568359375,1.682281494140625,1.0,1.0,1.0,1.0,1.0,95.0,event
12:10:27.641,0.12858808,0.61854887,0.14118566,0.6620152,0.28717345,-0.15832527,-0.36768255,0.2839051,0.37786934,0.16607001,-0.1862052,0.50227964,0.76902187,0.30141208,0.37075853,1.2214417,1.107541,0.18777311,0.14704044,0.9053386,799.011,825.6044,783.2967,798.60803,828.4249,-0.0426025390625,0.14385986328125,0.97833251953125,-0.46356201171875,-2.79632568359375,1.682281494140625,1.0,1.0,1.0,1.0,1.0,95.0,event
12:10:27.642,0.12858808,0.61854887,0.14118566,0.6620152,0.28717345,-0.15832527,-0.36768255,0.2839051,0.37786934,0.16607001,-0.1862052,0.50227964,0.76902187,0.30141208,0.37075853,1.2214417,1.107541,0.18777311,0.14704044,0.9053386,807.0696,815.5311,786.52014,783.69965,915.8608,-0.0426025390625,0.14385986328125,0.97833251953125,-0.46356201171875,-2.79632568359375,1.682281494140625,1.0,1.0,1.0,1.0,1.0,95.0,event
12:10:27.643,0.12858808,0.6683751,0.14118566,0.6620152,0.28717345,-0.077499285,-0.36768255,0.2839051,0.37786934,0.18831748,-0.1862052,0.50227964,0.76902187,0.29973853,0.37075853,1.2214417,1.107541,0.1788015,0.14704044,0.9053386,813.1135,809.4872,783.69965,772.4176,954.1392,-0.0426025390625,0.14385986328125,0.97833251953125,-0.46356201171875,-2.79632568359375,1.682281494140625,1.0,1.0,1.0,1.0,1.0,95.0,event
12:10:27.647,0.12858808,0.6683751,0.14118566,0.6620152,0.28717345,-0.077499285,-0.36768255,0.2839051,0.37786934,0.18831748,-0.1862052,0.50227964,0.76902187,0.29973853,0.37075853,1.2214417,1.107541,0.1788015,0.14704044,0.9053386,805.8608,811.50183,781.685,815.12823,849.3773,-0.0426025390625,0.14385986328125,0.97833251953125,-0.46356201171875,-2.79632568359375,1.682281494140625,1.0,1.0,1.0,1.0,1.0,95.0,event
12:10:27.648,0.12858808,0.6683751,0.14118566,0.6620152,0.28717345,-0.077499285,-0.36768255,0.2839051,0.37786934,0.18831748,-0.1862052,0.50227964,0.76902187,0.29973853,0.37075853,1.2214417,1.107541,0.1788015,0.14704044,0.9053386,808.2784,810.696,780.07324,844.1392,735.7509,-0.0426025390625,0.14385986328125,0.97833251953125,-0.46356201171875,-2.79632568359375,1.682281494140625,1.0,1.0,1.0,1.0,1.0,95.0,event
12:10:27.648,0.12858808,0.6683751,0.14118566,0.6620152,0.28717345,-0.077499285,-0.36768255,0.2839051,0.37786934,0.18831748,-0.1862052,0.50227964,0.76902187,0.29973853,0.37075853,1.2214417,1.107541,0.1788015,0.14704044,0.9053386,794.57874,805.4579,775.64105,823.1868,761.53845,-0.0426025390625,0.14385986328125,0.97833251953125,-0.46356201171875,-2.79632568359375,1.682281494140625,1.0,1.0,1.0,1.0,1.0,95.0,event
12:10:27.649,0.12858808,0.6683751,0.14118566,0.6620152,0.28717345,-0.077499285,-0.36768255,0.2839051,0.37786934,0.18831748,-0.1862052,0.50227964,0.76902187,0.29973853,0.37075853,1.2214417,1.107541,0.1788015,0.14704044,0.9053386,777.25275,807.47253,775.64105,824.7985,979.92676,-0.0426025390625,0.14385986328125,0.97833251953125,-0.46356201171875,-2.79632568359375,1.682281494140625,1.0,1.0,1.0,1.0,1.0,95.0,event
12:10:27.674,0.12858808,0.6683751,0.14118566,0.6620152,0.28717345,-0.077499285,-0.36768255,0.2839051,0.37786934,0.18831748,-0.1862052,0.50227964,0.76902187,0.29973853,0.37075853,1.2214417,1.107541,0.1788015,0.14704044,0.9053386,796.1905,809.89014,787.72894,828.022,855.82416,-0.0426025390625,0.14385986328125,0.97833251953125,-0.46356201171875,-2.79632568359375,1.682281494140625,1.0,1.0,1.0,1.0,1.0,95.0,event
12:10:27.675,0.12858808,0.6683751,0.14118566,0.6620152,0.28717345,-0.077499285,-0.36768255,0.2839051,0.37786934,0.18831748,-0.1862052,0.50227964,0.76902187,0.29973853,0.37075853,1.2214417,1.107541,0.1788015,0.14704044,0.9053386,809.0842,815.5311,788.93774,746.63007,707.9487,-0.0426025390625,0.14385986328125,0.97833251953125,-0.46356201171875,-2.79632568359375,1.682281494140625,1.0,1.0,1.0,1.0,1.0,95.0,event
12:10:27.676,0.12858808,0.6683751,0.14118566,0.6620152,0.28717345,-0.077499285,-0.36768255,0.2839051,0.37786934,0.18831748,-0.1862052,0.50227964,0.76902187,0.29973853,0.37075853,1.2214417,1.107541,0.1788015,0.14704044,0.9053386,810.293,821.1722,785.7143,739.7802,842.52747,-0.0426025390625,0.14385986328125,0.97833251953125,-0.46356201171875,-2.79632568359375,1.682281494140625,1.0,1.0,1.0,1.0,1.0,95.0,event
12:10:27.676,0.12858808,0.6683751,0.14118566,0.6620152,0.28717345,-0.077499285,-0.36768255,0.2839051,0.37786934,0.18831748,-0.1862052,0.50227964,0.76902187,0.29973853,0.37075853,1.2214417,1.107541,0.1788015,0.14704044,0.9053386,780.07324,821.978,785.31134,797.8022,918.2784,-0.0426025390625,0.14385986328125,0.97833251953125,-0.46356201171875,-2.79632568359375,1.682281494140625,1.0,1.0,1.0,1.0,1.0,95.0,event
12:10:27.677,0.12858808,0.6683751,0.14118566,0.6620152,0.28717345,-0.077499285,-0.36768255,0.2839051,0.37786934,0.18831748,-0.1862052,0.50227964,0.76902187,0.29973853,0.37075853,1.2214417,1.107541,0.1788015,0.14704044,0.9053386,776.4469,817.9487,779.67035,815.5311,861.06226,-0.0426025390625,0.14385986328125,0.97833251953125,-0.46356201171875,-2.79632568359375,1.682281494140625,1.0,1.0,1.0,1.0,1.0,95.0,event
12:10:27.678,0.12858808,0.6683751,0.14118566,0.6620152,0.28717345,-0.077499285,-0.36768255,0.2839051,0.37786934,0.18831748,-0.1862052,0.50227964,0.76902187,0.29973853,0.37075853,1.2214417,1.107541,0.1788015,0.14704044,0.9053386,788.1319,822.381,770.0,805.4579,895.31134,-0.0426025390625,0.14385986328125,0.97833251953125,-0.46356201171875,-2.79632568359375,1.682281494140625,1.0,1.0,1.0,1.0,1.0,95.0,event
12:10:27.678,0.12858808,0.6683751,0.14118566,0.6620152,0.28717345,-0.077499285,-0.36768255,0.2839051,0.37786934,0.18831748,-0.1862052,0.50227964,0.76902187,0.29973853,0.37075853,1.2214417,1.107541,0.1788015,0.14704044,0.9053386,792.96704,826.8132,772.01465,817.1429,1037.1428,-0.0426025390625,0.14385986328125,0.97833251953125,-0.46356201171875,-2.79632568359375,1.682281494140625,1.0,1.0,1.0,1.0,1.0,95.0,event
12:10:27.679,0.12858808,0.6683751,0.14118566,0.6620152,0.28717345,-0.077499285,-0.36768255,0.2839051,0.37786934,0.18831748,-0.1862052,0.50227964,0.76902187,0.29973853,0.37075853,1.2214417,1.107541,0.1788015,0.14704044,0.9053386,811.50183,821.978,789.34064,833.663,1192.674,-0.0426025390625,0.14385986328125,0.97833251953125,-0.46356201171875,-2.79632568359375,1.682281494140625,1.0,1.0,1.0,1.0,1.0,95.0,event
12:10:27.680,0.12858808,0.6683751,0.14118566,0.6620152,0.28717345,-0.077499285,-0.36768255,0.2839051,0.37786934,0.18831748,-0.1862052,0.50227964,0.76902187,0.29973853,0.37075853,1.2214417,1.107541,0.1788015,0.14704044,0.9053386,797.8022,817.9487,799.41394,808.2784,909.81683,-0.0426025390625,0.14385986328125,0.97833251953125,-0.46356201171875,-2.79632568359375,1.682281494140625,1.0,1.0,1.0,1.0,1.0,95.0,event
12:10:27.680,0.12858808,0.6683751,0.14118566,0.6620152,0.28717345,-0.077499285,-0.36768255,0.2839051,0.37786934,0.18831748,-0.1862052,0.50227964,0.76902187,0.29973853,0.37075853,1.2214417,1.107541,0.1788015,0.14704044,0.9053386,774.83514,815.9341,790.54944,810.293,711.5751,-0.0426025390625,0.14385986328125,0.97833251953125,-0.46356201171875,-2.79632568359375,1.682281494140625,1.0,1.0,1.0,1.0,1.0,95.0,event
12:10:27.682,0.12858808,0.6683751,0.14118566,0.6620152,0.28717345,-0.077499285,-0.36768255,0.2839051,0.37786934,0.18831748,-0.1862052,0.50227964,0.76902187,0.29973853,0.37075853,1.2214417,1.107541,0.1788015,0.14704044,0.9053386,782.49084,796.99634,785.7143,784.90845,826.4103,-0.0426025390625,0.14385986328125,0.97833251953125,-0.46356201171875,-2.79632568359375,1.682281494140625,1.0,1.0,1.0,1.0,1.0,95.0,event
12:10:27.683,0.12858808,0.6683751,0.14118566,0.6620152,0.28717345,-0.077499285,-0.36768255,0.2839051,0.37786934,0.18831748,-0.1862052,0.50227964,0.76902187,0.29973853,0.37075853,1.2214417,1.107541,0.1788015,0.14704044,0.9053386,787.72894,795.38464,789.7436,777.6557,758.71796,-0.0426025390625,0.14385986328125,0.97833251953125,-0.46356201171875,-2.79632568359375,1.682281494140625,1.0,1.0,1.0,1.0,1.0,95.0,event
12:10:27.709,0.12858808,0.6683751,0.14118566,0.6620152,0.28717345,-0.077499285,-0.36768255,0.2839051,0.37786934,0.18831748,-0.1862052,0.50227964,0.76902187,0.29973853,0.37075853,1.2214417,1.107541,0.1788015,0.14704044,0.9053386,805.8608,821.978,790.9524,792.96704,691.8315,-0.08087158203125,0.14630126953125,0.9710693359375,0.575714111328125,-7.902984619140625,1.069183349609375,1.0,1.0,1.0,1.0,1.0,95.0,event
12:10:27.710,0.12858808,0.6683751,0.14118566,0.6620152,0.28717345,-0.077499285,-0.36768255,0.2839051,0.37786934,0.18831748,-0.1862052,0.50227964,0.76902187,0.29973853,0.37075853,1.2214417,1.107541,0.1788015,0.14704044,0.9053386,819.9634,830.0366,787.326,794.57874,758.71796,-0.08087158203125,0.14630126953125,0.9710693359375,0.575714111328125,-7.902984619140625,1.069183349609375,1.0,1.0,1.0,1.0,1.0,95.0,event
12:10:27.711,0.12858808,0.6683751,0.14118566,0.6620152,0.28717345,-0.077499285,-0.36768255,0.2839051,0.37786934,0.18831748,-0.1862052,0.50227964,0.76902187,0.29973853,0.37075853,1.2214417,1.107541,0.1788015,0.14704044,0.9053386,804.2491,821.1722,781.685,804.65204,795.38464,-0.08087158203125,0.14630126953125,0.9710693359375,0.575714111328125,-7.902984619140625,1.069183349609375,1.0,1.0,1.0,1.0,1.0,95.0,event
12:10:27.712,0.12858808,0.6683751,0.14118566,0.6620152,0.28717345,-0.077499285,-0.36768255,0.2839051,0.37786934,0.18831748,-0.1862052,0.50227964,0.76902187,0.29973853,0.37075853,1.2214417,1.107541,0.1788015,0.14704044,0.9053386,780.87915,815.9341,785.7143,796.5934,743.00366,-0.08087158203125,0.14630126953125,0.9710693359375,0.575714111328125,-7.902984619140625,1.069183349609375,1.0,1.0,1.0,1.0,1.0,95.0,event
12:10:27.712,0.12858808,0.6683751,0.14118566,0.6620152,0.28717345,-0.077499285,-0.36768255,0.2839051,0.37786934,0.18831748,-0.1862052,0.50227964,0.76902187,0.29973853,0.37075853,1.2214417,1.107541,0.1788015,0.14704044,0.9053386,790.14655,821.978,781.685,783.2967,779.2674,-0.08087158203125,0.14630126953125,0.9710693359375,0.575714111328125,-7.902984619140625,1.069183349609375,1.0,1.0,1.0,1.0,1.0,95.0,event
12:10:27.713,0.12858808,0.6683751,0.14118566,0.6620152,0.28717345,-0.077499285,-0.36768255,0.2839051,0.37786934,0.18831748,-0.1862052,0.50227964,0.76902187,0.29973853,0.37075853,1.2214417,1.107541,0.1788015,0.14704044,0.9053386,855.0183,830.0366,770.40295,802.23444,831.6484,-0.08087158203125,0.14630126953125,0.9710693359375,0.575714111328125,-7.902984619140625,1.069183349609375,1.0,1.0,1.0,1.0,1.0,95.0,event
12:10:27.714,0.12858808,0.6683751,0.14118566,0.6620152,0.28717345,-0.077499285,-0.36768255,0.2839051,0.37786934,0.18831748,-0.1862052,0.50227964,0.76902187,0.29973853,0.37075853,1.2214417,1.107541,0.1788015,0.14704044,0.9053386,861.8681,824.7985,780.87915,826.8132,1077.4359,-0.08087158203125,0.14630126953125,0.9710693359375,0.575714111328125,-7.902984619140625,1.069183349609375,1.0,1.0,1.0,1.0,1.0,95.0,event
12:10:27.715,0.12858808,0.6683751,0.14118566,0.6620152,0.28717345,-0.077499285,-0.36768255,0.2839051,0.37786934,0.18831748,-0.1862052,0.50227964,0.76902187,0.29973853,0.37075853,1.2214417,1.107541,0.1788015,0.14704044,0.9053386,789.7436,807.8755,801.4286,807.8755,1037.9487,-0.08087158203125,0.14630126953125,0.9710693359375,0.575714111328125,-7.902984619140625,1.069183349609375,1.0,1.0,1.0,1.0,1.0,95.0,event
12:10:27.715,0.12858808,0.6683751,0.14118566,0.6620152,0.28717345,-0.077499285,-0.36768255,0.2839051,0.37786934,0.18831748,-0.1862052,0.50227964,0.76902187,0.29973853,0.37075853,1.2214417,1.107541,0.1788015,0.14704044,0.9053386,764.35895,802.23444,796.1905,828.4249,744.21246,-0.08087158203125,0.14630126953125,0.9710693359375,0.575714111328125,-7.902984619140625,1.069183349609375,1.0,1.0,1.0,1.0,1.0,95.0,event
12:10:27.716,0.12858808,0.6962131,0.17063887,0.6620152,0.28717345,-0.01931028,-0.40912637,0.2839051,0.37786934,0.1930406,-0.18988903,0.50227964,0.76902187,0.29476675,0.3590813,1.2214417,1.107541,0.1657495,0.117989615,0.9053386,757.1062,801.8315,779.67035,835.2747,755.09155,-0.08087158203125,0.14630126953125,0.9710693359375,0.575714111328125,-7.902984619140625,1.069183349609375,1.0,1.0,1.0,1.0,1.0,95.0,event
12:10:27.719,0.12858808,0.6962131,0.17063887,0.6620152,0.28717345,-0.01931028,-0.40912637,0.2839051,0.37786934,0.1930406,-0.18988903,0.50227964,0.76902187,0.29476675,0.3590813,1.2214417,1.107541,0.1657495,0.117989615,0.9053386,759.5238,801.8315,782.8938,769.19415,873.1502,-0.08087158203125,0.14630126953125,0.9710693359375,0.575714111328125,-7.902984619140625,1.069183349609375,1.0,1.0,1.0,1.0,1.0,95.0,event
12:10:27.720,0.12858808,0.6962131,0.17063887,0.6620152,0.28717345,-0.01931028,-0.40912637,0.2839051,0.37786934,0.1930406,-0.18988903,0.50227964,0.76902187,0.29476675,0.3590813,1.2214417,1.107541,0.1657495,0.117989615,0.9053386,785.7143,807.47253,800.2198,796.1905,756.30035,-0.08087158203125,0.14630126953125,0.9710693359375,0.575714111328125,-7.902984619140625,1.069183349609375,1.0,1.0,1.0,1.0,1.0,95.0,event
12:10:27.809,0.12858808,0.6962131,0.17063887,0.6620152,0.28717345,-0.01931028,-0.40912637,0.2839051,0.37786934,0.1930406,-0.18988903,0.50227964,0.76902187,0.29476675,0.3590813,1.2214417,1.107541,0.1657495,0.117989615,0.9053386,792.1612,802.23444,813.1135,821.978,705.12823,-0.01824951171875,0.14208984375,0.992919921875,0.590667724609375,-11.185302734375,-0.112152099609375,1.0,1.0,1.0,1.0,1.0,95.0,event
12:10:27.810,0.12858808,0.6962131,0.17063887,0.6620152,0.28717345,-0.01931028,-0.40912637,0.2839051,0.37786934,0.1930406,-0.18988903,0.50227964,0.76902187,0.29476675,0.3590813,1.2214417,1.107541,0.1657495,0.117989615,0.9053386,810.293,797.3993,810.696,807.8755,736.9597,-0.01824951171875,0.14208984375,0.992919921875,0.590667724609375,-11.185302734375,-0.112152099609375,1.0,1.0,1.0,1.0,1.0,95.0,event
12:10:27.811,0.12858808,0.6962131,0.17063887,0.6620152,0.28717345,-0.01931028,-0.40912637,0.2839051,0.37786934,0.1930406,-0.18988903,0.50227964,0.76902187,0.29476675,0.3590813,1.2214417,1.107541,0.1657495,0.117989615,0.9053386,834.4689,801.4286,811.9048,871.13556,746.63007,-0.01824951171875,0.14208984375,0.992919921875,0.590667724609375,-11.185302734375,-0.112152099609375,1.0,1.0,1.0,1.0,1.0,95.0,event
12:10:27.812,0.12858808,0.6962131,0.17063887,0.6620152,0.28717345,-0.01931028,-0.40912637,0.2839051,0.37786934,0.1930406,-0.18988903,0.50227964,0.76902187,0.29476675,0.3590813,1.2214417,1.107541,0.1657495,0.117989615,0.9053386,819.15753,794.9817,801.8315,822.7839,701.9048,-0.01824951171875,0.14208984375,0.992919921875,0.590667724609375,-11.185302734375,-0.112152099609375,1.0,1.0,1.0,1.0,1.0,95.0,event
12:10:27.812,0.12858808,0.6962131,0.17063887,0.6620152,0.28717345,-0.01931028,-0.40912637,0.2839051,0.37786934,0.1930406,-0.18988903,0.50227964,0.76902187,0.29476675,0.3590813,1.2214417,1.107541,0.1657495,0.117989615,0.9053386,805.8608,798.20514,810.293,858.6447,723.663,-0.01824951171875,0.14208984375,0.992919921875,0.590667724609375,-11.185302734375,-0.112152099609375,1.0,1.0,1.0,1.0,1.0,95.0,event
12:10:27.813,0.12858808,0.6962131,0.17063887,0.6620152,0.28717345,-0.01931028,-0.40912637,0.2839051,0.37786934,0.1930406,-0.18988903,0.50227964,0.76902187,0.29476675,0.3590813,1.2214417,1.107541,0.1657495,0.117989615,0.9053386,857.8388,798.20514,801.4286,824.3956,873.1502,-0.01824951171875,0.14208984375,0.992919921875,0.590667724609375,-11.185302734375,-0.112152099609375,1.0,1.0,1.0,1.0,1.0,95.0,event
12:10:27.813,0.12858808,0.6962131,0.17063887,0.6620152,0.28717345,-0.01931028,-0.40912637,0.2839051,0.37786934,0.1930406,-0.18988903,0.50227964,0.76902187,0.29476675,0.3590813,1.2214417,1.107541,0.1657495,0.117989615,0.9053386,818.7546,795.78754,808.2784,841.7216,965.42126,-0.01824951171875,0.14208984375,0.992919921875,0.590667724609375,-11.185302734375,-0.112152099609375,1.0,1.0,1.0,1.0,1.0,95.0,event
12:10:27.814,0.12858808,0.6962131,0.17063887,0.6620152,0.28717345,-0.01931028,-0.40912637,0.2839051,0.37786934,0.1930406,-0.18988903,0.50227964,0.76902187,0.29476675,0.3590813,1.2214417,1.107541,0.1657495,0.117989615,0.9053386,788.5348,794.9817,808.68134,834.0659,770.0,-0.01824951171875,0.14208984375,0.992919921875,0.590667724609375,-11.185302734375,-0.112152099609375,1.0,1.0,1.0,1.0,1.0,95.0,event
12:10:27.814,0.12858808,0.6962131,0.17063887,0.6620152,0.28717345,-0.01931028,-0.40912637,0.2839051,0.37786934,0.1930406,-0.18988903,0.50227964,0.76902187,0.29476675,0.3590813,1.2214417,1.107541,0.1657495,0.117989615,0.9053386,797.3993,798.60803,793.36993,807.0696,721.2454,-0.01824951171875,0.14208984375,0.992919921875,0.590667724609375,-11.185302734375,-0.112152099609375,1.0,1.0,1.0,1.0,1.0,95.0,event
12:10:27.815,0.12858808,0.6962131,0.17063887,0.6620152,0.28717345,-0.01931028,-0.40912637,0.2839051,0.37786934,0.1930406,-0.18988903,0.50227964,0.76902187,0.29476675,0.3590813,1.2214417,1.107541,0.1657495,0.117989615,0.9053386,796.1905,791.75824,797.3993,844.5421,917.8755,-0.01824951171875,0.14208984375,0.992919921875,0.590667724609375,-11.185302734375,-0.112152099609375,1.0,1.0,1.0,1.0,1.0,95.0,event
12:10:27.816,0.12858808,0.6962131,0.17063887,0.6620152,0.28717345,-0.01931028,-0.40912637,0.2839051,0.37786934,0.1930406,-0.18988903,0.50227964,0.76902187,0.29476675,0.3590813,1.2214417,1.107541,0.1657495,0.117989615,0.9053386,805.8608,799.011,799.81683,842.1245,896.9231,-0.01824951171875,0.14208984375,0.992919921875,0.590667724609375,-11.185302734375,-0.112152099609375,1.0,1.0,1.0,1.0,1.0,95.0,event
12:10:27.816,0.12858808,0.6962131,0.17063887,0.6620152,0.28717345,-0.01931028,-0.40912637,0.2839051,0.37786934,0.1930406,-0.18988903,0.50227964,0.76902187,0.29476675,0.3590813,1.2214417,1.107541,0.1657495,0.117989615,0.9053386,818.3516,812.3077,796.5934,834.4689,691.02563,-0.01824951171875,0.14208984375,0.992919921875,0.590667724609375,-11.185302734375,-0.112152099609375,1.0,1.0,1.0,1.0,1.0,95.0,event
12:10:27.817,0.12858808,0.6962131,0.17063887,0.6620152,0.28717345,-0.01931028,-0.40912637,0.2839051,0.37786934,0.1930406,-0.18988903,0.50227964,0.76902187,0.29476675,0.3590813,1.2214417,1.107541,0.1657495,0.117989615,0.9053386,816.337,805.8608,807.0696,853.8095,712.7839,-0.019287109375,0.13519287109375,0.9605712890625,1.158905029296875,-1.652374267578125,0.605621337890625,1.0,1.0,1.0,1.0,1.0,95.0,event
12:10:27.818,0.12858808,0.6962131,0.17063887,0.6620152,0.28717345,-0.01931028,-0.40912637,0.2839051,0.37786934,0.1930406,-0.18988903,0.50227964,0.76902187,0.29476675,0.3590813,1.2214417,1.107541,0.1657495,0.117989615,0.9053386,829.6337,800.2198,801.8315,822.381,799.011,-0.019287109375,0.13519287109375,0.9605712890625,1.158905029296875,-1.652374267578125,0.605621337890625,1.0,1.0,1.0,1.0,1.0,95.0,event
12:10:27.818,0.12858808,0.6962131,0.17063887,0.6620152,0.28717345,-0.01931028,-0.40912637,0.2839051,0.37786934,0.1930406,-0.18988903,0.50227964,0.76902187,0.29476675,0.3590813,1.2214417,1.107541,0.1657495,0.117989615,0.9053386,822.7839,796.99634,810.293,820.7692,903.36993,-0.019287109375,0.13519287109375,0.9605712890625,1.158905029296875,-1.652374267578125,0.605621337890625,1.0,1.0,1.0,1.0,1.0,95.0,event
12:10:27.819,0.12858808,0.6962131,0.17063887,0.6620152,0.28717345,-0.01931028,-0.40912637,0.2839051,0.37786934,0.1930406,-0.18988903,0.50227964,0.76902187,0.29476675,0.3590813,1.2214417,1.107541,0.1657495,0.117989615,0.9053386,810.293,802.23444,803.44324,820.7692,663.6264,-0.019287109375,0.13519287109375,0.9605712890625,1.158905029296875,-1.652374267578125,0.605621337890625,1.0,1.0,1.0,1.0,1.0,95.0,event
12:10:27.819,0.12858808,0.6962131,0.17063887,0.6620152,0.28717345,-0.01931028,-0.40912637,0.2839051,0.37786934,0.1930406,-0.18988903,0.50227964,0.76902187,0.29476675,0.3590813,1.2214417,1.107541,0.1657495,0.117989615,0.9053386,791.75824,802.23444,803.8461,802.23444,774.0293,-0.019287109375,0.13519287109375,0.9605712890625,1.158905029296875,-1.652374267578125,0.605621337890625,1.0,1.0,1.0,1.0,1.0,95.0,event
12:10:27.820,0.12858808,0.6962131,0.17063887,0.6620152,0.28717345,-0.01931028,-0.40912637,0.2839051,0.37786934,0.1930406,-0.18988903,0.50227964,0.76902187,0.29476675,0.3590813,1.2214417,1.107541,0.1657495,0.117989615,0.9053386,818.7546,800.2198,790.9524,809.4872,920.696,-0.019287109375,0.13519287109375,0.9605712890625,1.158905029296875,-1.652374267578125,0.605621337890625,1.0,1.0,1.0,1.0,1.0,95.0,event
12:10:27.820,0.12858808,0.6962131,0.17063887,0.6620152,0.28717345,-0.01931028,-0.40912637,0.2839051,0.37786934,0.1930406,-0.18988903,0.50227964,0.76902187,0.29476675,0.3590813,1.2214417,1.107541,0.1657495,0.117989615,0.9053386,812.3077,796.99634,798.20514,790.54944,941.2454,-0.019287109375,0.13519287109375,0.9605712890625,1.158905029296875,-1.652374267578125,0.605621337890625,1.0,1.0,1.0,1.0,1.0,95.0,event
12:10:27.821,0.12858808,0.6962131,0.17063887,0.6620152,0.28717345,-0.01931028,-0.40912637,0.2839051,0.37786934,0.1930406,-0.18988903,0.50227964,0.76902187,0.29476675,0.3590813,1.2214417,1.107541,0.1657495,0.117989615,0.9053386,815.9341,801.4286,800.2198,830.4396,820.3663,-0.019287109375,0.13519287109375,0.9605712890625,1.158905029296875,-1.652374267578125,0.605621337890625,1.0,1.0,1.0,1.0,1.0,95.0,event
12:10:27.821,0.12858808,0.6962131,0.17063887,0.6620152,0.28717345,-0.01931028,-0.40912637,0.2839051,0.37786934,0.1930406,-0.18988903,0.50227964,0.76902187,0.29476675,0.3590813,1.2214417,1.107541,0.1657495,0.117989615,0.9053386,835.6777,807.0696,790.14655,857.8388,822.7839,-0.019287109375,0.13519287109375,0.9605712890625,1.158905029296875,-1.652374267578125,0.605621337890625,1.0,1.0,1.0,1.0,1.0,95.0,event
12:10:27.822,0.12858808,0.6962131,0.17063887,0.6620152,0.28717345,-0.01931028,-0.40912637,0.2839051,0.37786934,0.1930406,-0.18988903,0.50227964,0.76902187,0.29476675,0.3590813,1.2214417,1.107541,0.1657495,0.117989615,0.9053386,784.90845,801.4286,796.5934,842.1245,1024.249,-0.019287109375,0.13519287109375,0.9605712890625,1.158905029296875,-1.652374267578125,0.605621337890625,1.0,1.0,1.0,1.0,1.0,95.0,event
12:10:27.823,0.12858808,0.6962131,0.17063887,0.6620152,0.28717345,-0.01931028,-0.40912637,0.2839051,0.37786934,0.1930406,-0.18988903,0.50227964,0.76902187,0.29476675,0.3590813,1.2214417,1.107541,0.1657495,0.117989615,0.9053386,778.46155,805.4579,799.81683,811.0989,838.0952,-0.019287109375,0.13519287109375,0.9605712890625,1.158905029296875,-1.652374267578125,0.605621337890625,1.0,1.0,1.0,1.0,1.0,95.0,event
12:10:27.823,0.12858808,0.71051025,0.20925714,0.6620152,0.28717345,0.03401647,-0.47068894,0.2839051,0.37786934,0.20956767,-0.23448336,0.50227964,0.76902187,0.2892521,0.3422433,1.2214417,1.107541,0.15159063,0.075935856,0.9053386,806.26373,811.50183,801.8315,786.9231,681.75824,-0.019287109375,0.13519287109375,0.9605712890625,1.158905029296875,-1.652374267578125,0.605621337890625,1.0,1.0,1.0,1.0,1.0,95.0,event
12:10:27.850,0.12858808,0.71051025,0.20925714,0.6620152,0.28717345,0.03401647,-0.47068894,0.2839051,0.37786934,0.20956767,-0.23448336,0.50227964,0.76902187,0.2892521,0.3422433,1.2214417,1.107541,0.15159063,0.075935856,0.9053386,805.05493,802.6374,803.0403,812.3077,900.14655,-0.0462646484375,0.13482666015625,0.96258544921875,2.190704345703125,5.136566162109375,-1.547698974609375,1.0,1.0,1.0,1.0,1.0,95.0,event
12:10:27.851,0.12858808,0.71051025,0.20925714,0.6620152,0.28717345,0.03401647,-0.47068894,0.2839051,0.37786934,0.20956767,-0.23448336,0.50227964,0.76902187,0.2892521,0.3422433,1.2214417,1.107541,0.15159063,0.075935856,0.9053386,809.4872,792.96704,803.8461,809.0842,700.696,-0.0462646484375,0.13482666015625,0.96258544921875,2.190704345703125,5.136566162109375,-1.547698974609375,1.0,1.0,1.0,1.0,1.0,95.0,event
12:10:27.851,0.12858808,0.71051025,0.20925714,0.6620152,0.28717345,0.03401647,-0.47068894,0.2839051,0.37786934,0.20956767,-0.23448336,0.50227964,0.76902187,0.2892521,0.3422433,1.2214417,1.107541,0.15159063,0.075935856,0.9053386,801.02563,795.38464,804.65204,827.2161,880.0,-0.0462646484375,0.13482666015625,0.96258544921875,2.190704345703125,5.136566162109375,-1.547698974609375,1.0,1.0,1.0,1.0,1.0,95.0,event
12:10:27.852,0.12858808,0.71051025,0.20925714,0.6620152,0.28717345,0.03401647,-0.47068894,0.2839051,0.37786934,0.20956767,-0.23448336,0.50227964,0.76902187,0.2892521,0.3422433,1.2214417,1.107541,0.15159063,0.075935856,0.9053386,814.7253,794.9817,807.47253,818.7546,659.59705,-0.0462646484375,0.13482666015625,0.96258544921875,2.190704345703125,5.136566162109375,-1.547698974609375,1.0,1.0,1.0,1.0,1.0,95.0,event
12:10:27.852,0.12858808,0.71051025,0.20925714,0.6620152,0.28717345,0.03401647,-0.47068894,0.2839051,0.37786934,0.20956767,-0.23448336,0.50227964,0.76902187,0.2892521,0.3422433,1.2214417,1.107541,0.15159063,0.075935856,0.9053386,813.91943,804.65204,802.6374,844.5421,709.15753,-0.0462646484375,0.13482666015625,0.96258544921875,2.190704345703125,5.136566162109375,-1.547698974609375,1.0,1.0,1.0,1.0,1.0,95.0,event
12:10:27.853,0.12858808,0.71051025,0.20925714,0.6620152,0.28717345,0.03401647,-0.47068894,0.2839051,0.37786934,0.20956767,-0.23448336,0.50227964,0.76902187,0.2892521,0.3422433,1.2214417,1.107541,0.15159063,0.075935856,0.9053386,818.7546,812.3077,792.5641,820.3663,781.28204,-0.0462646484375,0.13482666015625,0.96258544921875,2.190704345703125,5.136566162109375,-1.547698974609375,1.0,1.0,1.0,1.0,1.0,95.0,event
12:10:27.853,0.12858808,0.71051025,0.20925714,0.6620152,0.28717345,0.03401647,-0.47068894,0.2839051,0.37786934,0.20956767,-0.23448336,0.50227964,0.76902187,0.2892521,0.3422433,1.2214417,1.107541,0.15159063,0.075935856,0.9053386,816.7399,809.89014,807.0696,828.8278,769.19415,-0.0462646484375,0.13482666015625,0.96258544921875,2.190704345703125,5.136566162109375,-1.547698974609375,1.0,1.0,1.0,1.0,1.0,95.0,event
12:10:27.854,0.12858808,0.71051025,0.20925714,0.6620152,0.28717345,0.03401647,-0.47068894,0.2839051,0.37786934,0.20956767,-0.23448336,0.50227964,0.76902187,0.2892521,0.3422433,1.2214417,1.107541,0.15159063,0.075935856,0.9053386,826.4103,802.23444,811.0989,846.1539,704.7253,-0.0462646484375,0.13482666015625,0.96258544921875,2.190704345703125,5.136566162109375,-1.547698974609375,1.0,1.0,1.0,1.0,1.0,95.0,event
12:10:27.854,0.12858808,0.71051025,0.20925714,0.6620152,0.28717345,0.03401647,-0.47068894,0.2839051,0.37786934,0.20956767,-0.23448336,0.50227964,0.76902187,0.2892521,0.3422433,1.2214417,1.107541,0.15159063,0.075935856,0.9053386,832.4542,808.68134,798.20514,817.9487,870.7326,-0.0462646484375,0.13482666015625,0.96258544921875,2.190704345703125,5.136566162109375,-1.547698974609375,1.0,1.0,1.0,1.0,1.0,95.0,event
12:10:27.855,0.12858808,0.71051025,0.20925714,0.6620152,0.28717345,0.03401647,-0.47068894,0.2839051,0.37786934,0.20956767,-0.23448336,0.50227964,0.76902187,0.2892521,0.3422433,1.2214417,1.107541,0.15159063,0.075935856,0.9053386,803.44324,810.293,790.9524,840.5128,1012.1612,-0.0462646484375,0.13482666015625,0.96258544921875,2.190704345703125,5.136566162109375,-1.547698974609375,1.0,1.0,1.0,1.0,1.0,95.0,event
12:10:27.855,0.12858808,0.71051025,0.20925714,0.6620152,0.28717345,0.03401647,-0.47068894,0.2839051,0.37786934,0.20956767,-0.23448336,0.50227964,0.76902187,0.2892521,0.3422433,1.2214417,1.107541,0.15159063,0.075935856,0.9053386,794.17584,805.05493,788.5348,853.00366,794.57874,-0.0462646484375,0.13482666015625,0.96258544921875,2.190704345703125,5.136566162109375,-1.547698974609375,1.0,1.0,1.0,1.0,1.0,95.0,event
12:10:27.856,0.12858808,0.71051025,0.20925714,0.6620152,0.28717345,0.03401647,-0.47068894,0.2839051,0.37786934,0.20956767,-0.23448336,0.50227964,0.76902187,0.2892521,0.3422433,1.2214417,1.107541,0.15159063,0.075935856,0.9053386,823.9927,797.8022,797.3993,855.0183,717.2161,-0.0462646484375,0.13482666015625,0.96258544921875,2.190704345703125,5.136566162109375,-1.547698974609375,1.0,1.0,1.0,1.0,1.0,95.0,event
12:10:27.910,0.12858808,0.71051025,0.20925714,0.6620152,0.28717345,0.03401647,-0.47068894,0.2839051,0.37786934,0.20956767,-0.23448336,0.50227964,0.76902187,0.2892521,0.3422433,1.2214417,1.107541,0.15159063,0.075935856,0.9053386,835.2747,792.96704,814.7253,870.7326,787.326,-0.0462646484375,0.13482666015625,0.96258544921875,2.190704345703125,5.136566162109375,-1.547698974609375,1.0,1.0,1.0,1.0,1.0,95.0,event
12:10:27.911,0.12858808,0.71051025,0.20925714,0.6620152,0.28717345,0.03401647,-0.47068894,0.2839051,0.37786934,0.20956767,-0.23448336,0.50227964,0.76902187,0.2892521,0.3422433,1.2214417,1.107541,0.15159063,0.075935856,0.9053386,823.1868,801.4286,811.9048,843.73627,767.1795,-0.0462646484375,0.13482666015625,0.96258544921875,2.190704345703125,5.136566162109375,-1.547698974609375,1.0,1.0,1.0,1.0,1.0,95.0,event
12:10:27.912,0.12858808,0.71051025,0.20925714,0.6620152,0.28717345,0.03401647,-0.47068894,0.2839051,0.37786934,0.20956767,-0.23448336,0.50227964,0.76902187,0.2892521,0.3422433,1.2214417,1.107541,0.15159063,0.075935856,0.9053386,840.10986,813.5165,795.38464,800.6227,725.2747,-0.0462646484375,0.13482666015625,0.96258544921875,2.190704345703125,5.136566162109375,-1.547698974609375,1.0,1.0,1.0,1.0,1.0,95.0,event
12:10:27.912,0.12858808,0.71051025,0.20925714,0.6620152,0.28717345,0.03401647,-0.47068894,0.2839051,0.37786934,0.20956767,-0.23448336,0.50227964,0.76902187,0.2892521,0.3422433,1.2214417,1.107541,0.15159063,0.075935856,0.9053386,832.4542,814.7253,794.17584,788.5348,848.97437,-0.0462646484375,0.13482666015625,0.96258544921875,2.190704345703125,5.136566162109375,-1.547698974609375,1.0,1.0,1.0,1.0,1.0,95.0,event
12:10:27.913,0.12858808,0.71051025,0.20925714,0.6620152,0.28717345,0.03401647,-0.47068894,0.2839051,0.37786934,0.20956767,-0.23448336,0.50227964,0.76902187,0.2892521,0.3422433,1.2214417,1.107541,0.15159063,0.075935856,0.9053386,785.7143,806.6667,804.2491,796.99634,884.0293,-0.0462646484375,0.13482666015625,0.96258544921875,2.190704345703125,5.136566162109375,-1.547698974609375,1.0,1.0,1.0,1.0,1.0,95.0,event
12:10:27.913,0.12858808,0.71051025,0.20925714,0.6620152,0.28717345,0.03401647,-0.47068894,0.2839051,0.37786934,0.20956767,-0.23448336,0.50227964,0.76902187,0.2892521,0.3422433,1.2214417,1.107541,0.15159063,0.075935856,0.9053386,781.28204,799.81683,815.5311,832.4542,846.55676,-0.0462646484375,0.13482666015625,0.96258544921875,2.190704345703125,5.136566162109375,-1.547698974609375,1.0,1.0,1.0,1.0,1.0,95.0,event
12:10:27.914,0.12858808,0.71051025,0.20925714,0.6620152,0.28717345,0.03401647,-0.47068894,0.2839051,0.37786934,0.20956767,-0.23448336,0.50227964,0.76902187,0.2892521,0.3422433,1.2214417,1.107541,0.15159063,0.075935856,0.9053386,811.50183,802.23444,818.7546,842.52747,870.7326,-0.0462646484375,0.13482666015625,0.96258544921875,2.190704345703125,5.136566162109375,-1.547698974609375,1.0,1.0,1.0,1.0,1.0,95.0,event
12:10:27.914,0.12858808,0.71051025,0.20925714,0.6620152,0.28717345,0.03401647,-0.47068894,0.2839051,0.37786934,0.20956767,-0.23448336,0.50227964,0.76902187,0.2892521,0.3422433,1.2214417,1.107541,0.15159063,0.075935856,0.9053386,798.20514,808.2784,805.05493,813.91943,887.6557,-0.0462646484375,0.13482666015625,0.96258544921875,2.190704345703125,5.136566162109375,-1.547698974609375,1.0,1.0,1.0,1.0,1.0,95.0,event
12:10:27.915,0.12858808,0.71051025,0.20925714,0.6620152,0.28717345,0.03401647,-0.47068894,0.2839051,0.37786934,0.20956767,-0.23448336,0.50227964,0.76902187,0.2892521,0.3422433,1.2214417,1.107541,0.15159063,0.075935856,0.9053386,809.0842,810.696,795.38464,842.52747,1022.23444,-0.0462646484375,0.13482666015625,0.96258544921875,2.190704345703125,5.136566162109375,-1.547698974609375,1.0,1.0,1.0,1.0,1.0,95.0,event
12:10:27.916,0.12858808,0.71051025,0.20925714,0.6620152,0.28717345,0.03401647,-0.47068894,0.2839051,0.37786934,0.20956767,-0.23448336,0.50227964,0.76902187,0.2892521,0.3422433,1.2214417,1.107541,0.15159063,0.075935856,0.9053386,832.4542,813.91943,799.011,824.3956,686.5934,-0.0462646484375,0.13482666015625,0.96258544921875,2.190704345703125,5.136566162109375,-1.547698974609375,1.0,1.0,1.0,1.0,1.0,95.0,event
12:10:27.916,0.12858808,0.71051025,0.20925714,0.6620152,0.28717345,0.03401647,-0.47068894,0.2839051,0.37786934,0.20956767,-0.23448336,0.50227964,0.76902187,0.2892521,0.3422433,1.2214417,1.107541,0.15159063,0.075935856,0.9053386,836.08057,812.3077,799.41394,842.52747,863.47986,-0.0462646484375,0.13482666015625,0.96258544921875,2.190704345703125,5.136566162109375,-1.547698974609375,1.0,1.0,1.0,1.0,1.0,95.0,event
12:10:27.917,0.12858808,0.71051025,0.20925714,0.6620152,0.28717345,0.03401647,-0.47068894,0.2839051,0.37786934,0.20956767,-0.23448336,0.50227964,0.76902187,0.2892521,0.3422433,1.2214417,1.107541,0.15159063,0.075935856,0.9053386,807.8755,813.1135,779.67035,838.0952,725.6777,-0.0462646484375,0.13482666015625,0.96258544921875,2.190704345703125,5.136566162109375,-1.547698974609375,1.0,1.0,1.0,1.0,1.0,95.0,event
12:10:27.942,0.12858808,0.71051025,0.20925714,0.6620152,0.28717345,0.03401647,-0.47068894,0.2839051,0.37786934,0.20956767,-0.23448336,0.50227964,0.76902187,0.2892521,0.3422433,1.2214417,1.107541,0.15159063,0.075935856,0.9053386,789.34064,809.4872,784.90845,843.3333,782.49084,-0.05926513671875,0.14447021484375,0.97747802734375,4.38140869140625,1.846771240234375,1.42059326171875,1.0,1.0,1.0,1.0,1.0,95.0,event
12:10:27.943,0.12858808,0.72454584,0.25448287,0.6620152,0.28717345,0.0924057,-0.5402179,0.2839051,0.37786934,0.2446391,-0.28036842,0.50227964,0.76902187,0.28975922,0.33028886,1.2214417,1.107541,0.1416018,0.028169243,0.9053386,800.6227,803.44324,809.0842,821.1722,680.9524,-0.05926513671875,0.14447021484375,0.97747802734375,4.38140869140625,1.846771240234375,1.42059326171875,1.0,1.0,1.0,1.0,1.0,95.0,event
12:10:27.947,0.12858808,0.72454584,0.25448287,0.6620152,0.28717345,0.0924057,-0.5402179,0.2839051,0.37786934,0.2446391,-0.28036842,0.50227964,0.76902187,0.28975922,0.33028886,1.2214417,1.107541,0.1416018,0.028169243,0.9053386,820.7692,803.8461,813.91943,800.6227,662.8205,-0.05926513671875,0.14447021484375,0.97747802734375,4.38140869140625,1.846771240234375,1.42059326171875,1.0,1.0,1.0,1.0,1.0,95.0,event
12:10:27.948,0.12858808,0.72454584,0.25448287,0.6620152,0.28717345,0.0924057,-0.5402179,0.2839051,0.37786934,0.2446391,-0.28036842,0.50227964,0.76902187,0.28975922,0.33028886,1.2214417,1.107541,0.1416018,0.028169243,0.9053386,813.91943,811.9048,807.0696,837.28937,752.27106,-0.05926513671875,0.14447021484375,0.97747802734375,4.38140869140625,1.846771240234375,1.42059326171875,1.0,1.0,1.0,1.0,1.0,95.0,event
12:10:27.948,0.12858808,0.72454584,0.25448287,0.6620152,0.28717345,0.0924057,-0.5402179,0.2839051,0.37786934,0.2446391,-0.28036842,0.50227964,0.76902187,0.28975922,0.33028886,1.2214417,1.107541,0.1416018,0.028169243,0.9053386,811.0989,813.91943,799.81683,838.9011,786.1172,-0.05926513671875,0.14447021484375,0.97747802734375,4.38140869140625,1.846771240234375,1.42059326171875,1.0,1.0,1.0,1.0,1.0,95.0,event
12:10:27.949,0.12858808,0.72454584,0.25448287,0.6620152,0.28717345,0.0924057,-0.5402179,0.2839051,0.37786934,0.2446391,-0.28036842,0.50227964,0.76902187,0.28975922,0.33028886,1.2214417,1.107541,0.1416018,0.028169243,0.9053386,816.7399,807.8755,791.3553,840.9158,842.52747,-0.05926513671875,0.14447021484375,0.97747802734375,4.38140869140625,1.846771240234375,1.42059326171875,1.0,1.0,1.0,1.0,1.0,95.0,event
12:10:27.949,0.12858808,0.72454584,0.25448287,0.6620152,0.28717345,0.0924057,-0.5402179,0.2839051,0.37786934,0.2446391,-0.28036842,0.50227964,0.76902187,0.28975922,0.33028886,1.2214417,1.107541,0.1416018,0.028169243,0.9053386,785.7143,804.65204,787.72894,827.2161,818.3516,-0.05926513671875,0.14447021484375,0.97747802734375,4.38140869140625,1.846771240234375,1.42059326171875,1.0,1.0,1.0,1.0,1.0,95.0,event
12:10:27.950,0.12858808,0.72454584,0.25448287,0.6620152,0.28717345,0.0924057,-0.5402179,0.2839051,0.37786934,0.2446391,-0.28036842,0.50227964,0.76902187,0.28975922,0.33028886,1.2214417,1.107541,0.1416018,0.028169243,0.9053386,790.14655,801.8315,791.75824,780.4762,913.8461,-0.05926513671875,0.14447021484375,0.97747802734375,4.38140869140625,1.846771240234375,1.42059326171875,1.0,1.0,1.0,1.0,1.0,95.0,event
12:10:27.950,0.12858808,0.72454584,0.25448287,0.6620152,0.28717345,0.0924057,-0.5402179,0.2839051,0.37786934,0.2446391,-0.28036842,0.50227964,0.76902187,0.28975922,0.33028886,1.2214417,1.107541,0.1416018,0.028169243,0.9053386,796.1905,793.7729,785.7143,766.3736,1046.0073,-0.05926513671875,0.14447021484375,0.97747802734375,4.38140869140625,1.846771240234375,1.42059326171875,1.0,1.0,1.0,1.0,1.0,95.0,event
12:10:27.951,0.12858808,0.72454584,0.25448287,0.6620152,0.28717345,0.0924057,-0.5402179,0.2839051,0.37786934,0.2446391,-0.28036842,0.50227964,0.76902187,0.28975922,0.33028886,1.2214417,1.107541,0.1416018,0.028169243,0.9053386,815.12823,807.8755,795.38464,834.4689,767.98535,-0.05926513671875,0.14447021484375,0.97747802734375,4.38140869140625,1.846771240234375,1.42059326171875,1.0,1.0,1.0,1.0,1.0,95.0,event
12:10:27.951,0.12858808,0.72454584,0.25448287,0.6620152,0.28717345,0.0924057,-0.5402179,0.2839051,0.37786934,0.2446391,-0.28036842,0.50227964,0.76902187,0.28975922,0.33028886,1.2214417,1.107541,0.1416018,0.028169243,0.9053386,784.10254,800.2198,784.10254,807.0696,814.7253,-0.05926513671875,0.14447021484375,0.97747802734375,4.38140869140625,1.846771240234375,1.42059326171875,1.0,1.0,1.0,1.0,1.0,95.0,event
12:10:27.952,0.12858808,0.72454584,0.25448287,0.6620152,0.28717345,0.0924057,-0.5402179,0.2839051,0.37786934,0.2446391,-0.28036842,0.50227964,0.76902187,0.28975922,0.33028886,1.2214417,1.107541,0.1416018,0.028169243,0.9053386,809.0842,802.6374,806.6667,820.7692,860.2564,-0.05926513671875,0.14447021484375,0.97747802734375,4.38140869140625,1.846771240234375,1.42059326171875,1.0,1.0,1.0,1.0,1.0,95.0,event
12:10:28.011,0.12858808,0.72454584,0.25448287,0.6620152,0.28717345,0.0924057,-0.5402179,0.2839051,0.37786934,0.2446391,-0.28036842,0.50227964,0.76902187,0.28975922,0.33028886,1.2214417,1.107541,0.1416018,0.028169243,0.9053386,788.5348,799.41394,799.011,845.34796,729.707,-0.0379638671875,0.14703369140625,0.99053955078125,3.63372802734375,-4.0374755859375,3.880462646484375,1.0,1.0,1.0,1.0,1.0,95.0,event
12:10:28.012,0.12858808,0.72454584,0.25448287,0.6620152,0.28717345,0.0924057,-0.5402179,0.2839051,0.37786934,0.2446391,-0.28036842,0.50227964,0.76902187,0.28975922,0.33028886,1.2214417,1.107541,0.1416018,0.028169243,0.9053386,780.87915,799.81683,792.96704,835.6777,707.9487,-0.0379638671875,0.14703369140625,0.99053955078125,3.63372802734375,-4.0374755859375,3.880462646484375,1.0,1.0,1.0,1.0,1.0,95.0,event
12:10:28.012,0.12858808,0.72454584,0.25448287,0.6620152,0.28717345,0.0924057,-0.5402179,0.2839051,0.37786934,0.2446391,-0.28036842,0.50227964,0.76902187,0.28975922,0.33028886,1.2214417,1.107541,0.1416018,0.028169243,0.9053386,778.0586,802.6374,793.7729,807.0696,789.7436,-0.0379638671875,0.14703369140625,0.99053955078125,3.63372802734375,-4.0374755859375,3.880462646484375,1.0,1.0,1.0,1.0,1.0,95.0,event
12:10:28.013,0.12858808,0.72454584,0.25448287,0.6620152,0.28717345,0.0924057,-0.5402179,0.2839051,0.37786934,0.2446391,-0.28036842,0.50227964,0.76902187,0.28975922,0.33028886,1.2214417,1.107541,0.1416018,0.028169243,0.9053386,784.10254,805.4579,789.34064,815.12823,768.7912,-0.0379638671875,0.14703369140625,0.99053955078125,3.63372802734375,-4.0374755859375,3.880462646484375,1.0,1.0,1.0,1.0,1.0,95.0,event
12:10:28.014,0.12858808,0.72454584,0.25448287,0.6620152,0.28717345,0.0924057,-0.5402179,0.2839051,0.37786934,0.2446391,-0.28036842,0.50227964,0.76902187,0.28975922,0.33028886,1.2214417,1.107541,0.1416018,0.028169243,0.9053386,778.0586,808.68134,794.57874,807.47253,705.5311,-0.0379638671875,0.14703369140625,0.99053955078125,3.63372802734375,-4.0374755859375,3.880462646484375,1.0,1.0,1.0,1.0,1.0,95.0,event
12:10:28.014,0.12858808,0.72454584,0.25448287,0.6620152,0.28717345,0.0924057,-0.5402179,0.2839051,0.37786934,0.2446391,-0.28036842,0.50227964,0.76902187,0.28975922,0.33028886,1.2214417,1.107541,0.1416018,0.028169243,0.9053386,788.5348,805.05493,794.9817,800.6227,751.4652,-0.0379638671875,0.14703369140625,0.99053955078125,3.63372802734375,-4.0374755859375,3.880462646484375,1.0,1.0,1.0,1.0,1.0,95.0,event
12:10:28.015,0.12858808,0.72454584,0.25448287,0.6620152,0.28717345,0.0924057,-0.5402179,0.2839051,0.37786934,0.2446391,-0.28036842,0.50227964,0.76902187,0.28975922,0.33028886,1.2214417,1.107541,0.1416018,0.028169243,0.9053386,807.8755,816.7399,798.20514,833.663,1093.5531,-0.0379638671875,0.14703369140625,0.99053955078125,3.63372802734375,-4.0374755859375,3.880462646484375,1.0,1.0,1.0,1.0,1.0,95.0,event
12:10:28.015,0.12858808,0.72454584,0.25448287,0.6620152,0.28717345,0.0924057,-0.5402179,0.2839051,0.37786934,0.2446391,-0.28036842,0.50227964,0.76902187,0.28975922,0.33028886,1.2214417,1.107541,0.1416018,0.028169243,0.9053386,798.60803,803.0403,799.011,813.91943,871.9414,-0.0379638671875,0.14703369140625,0.99053955078125,3.63372802734375,-4.0374755859375,3.880462646484375,1.0,1.0,1.0,1.0,1.0,95.0,event
12:10:28.016,0.12858808,0.72454584,0.25448287,0.6620152,0.28717345,0.0924057,-0.5402179,0.2839051,0.37786934,0.2446391,-0.28036842,0.50227964,0.76902187,0.28975922,0.33028886,1.2214417,1.107541,0.1416018,0.028169243,0.9053386,844.94507,819.5604,775.2381,841.7216,882.8205,-0.0379638671875,0.14703369140625,0.99053955078125,3.63372802734375,-4.0374755859375,3.880462646484375,1.0,1.0,1.0,1.0,1.0,95.0,event
12:10:28.017,0.12858808,0.72454584,0.25448287,0.6620152,0.28717345,0.0924057,-0.5402179,0.2839051,0.37786934,0.2446391,-0.28036842,0.50227964,0.76902187,0.28975922,0.33028886,1.2214417,1.107541,0.1416018,0.028169243,0.9053386,817.5458,804.65204,785.31134,782.8938,674.90845,-0.0379638671875,0.14703369140625,0.99053955078125,3.63372802734375,-4.0374755859375,3.880462646484375,1.0,1.0,1.0,1.0,1.0,95.0,event
12:10:28.018,0.12858808,0.72454584,0.25448287,0.6620152,0.28717345,0.0924057,-0.5402179,0.2839051,0.37786934,0.2446391,-0.28036842,0.50227964,0.76902187,0.28975922,0.33028886,1.2214417,1.107541,0.1416018,0.028169243,0.9053386,772.4176,800.2198,806.6667,750.2564,778.86444,-0.0379638671875,0.14703369140625,0.99053955078125,3.63372802734375,-4.0374755859375,3.880462646484375,1.0,1.0,1.0,1.0,1.0,95.0,event
12:10:28.019,0.12858808,0.72454584,0.25448287,0.6620152,0.28717345,0.0924057,-0.5402179,0.2839051,0.37786934,0.2446391,-0.28036842,0.50227964,0.76902187,0.28975922,0.33028886,1.2214417,1.107541,0.1416018,0.028169243,0.9053386,752.674,807.47253,809.4872,776.8498,831.6484,-0.0379638671875,0.14703369140625,0.99053955078125,3.63372802734375,-4.0374755859375,3.880462646484375,1.0,1.0,1.0,1.0,1.0,95.0,event
12:10:28.048,0.12858808,0.72454584,0.25448287,0.6620152,0.28717345,0.0924057,-0.5402179,0.2839051,0.37786934,0.2446391,-0.28036842,0.50227964,0.76902187,0.28975922,0.33028886,1.2214417,1.107541,0.1416018,0.028169243,0.9053386,765.9707,808.2784,811.50183,799.81683,759.12085,-0.0784912109375,0.14697265625,0.96533203125,2.848663330078125,-4.717864990234375,0.904693603515625,1.0,1.0,1.0,1.0,1.0,95.0,event
12:10:28.049,0.12858808,0.72454584,0.25448287,0.6620152,0.28717345,0.0924057,-0.5402179,0.2839051,0.37786934,0.2446391,-0.28036842,0.50227964,0.76902187,0.28975922,0.33028886,1.2214417,1.107541,0.1416018,0.028169243,0.9053386,779.2674,803.0403,807.8755,794.17584,695.05493,-0.0784912109375,0.14697265625,0.96533203125,2.848663330078125,-4.717864990234375,0.904693603515625,1.0,1.0,1.0,1.0,1.0,95.0,event
12:10:28.050,0.12858808,0.72454584,0.25448287,0.6620152,0.28717345,0.0924057,-0.5402179,0.2839051,0.37786934,0.2446391,-0.28036842,0.50227964,0.76902187,0.28975922,0.33028886,1.2214417,1.107541,0.1416018,0.028169243,0.9053386,780.07324,805.4579,808.2784,794.17584,757.9121,-0.0784912109375,0.14697265625,0.96533203125,2.848663330078125,-4.717864990234375,0.904693603515625,1.0,1.0,1.0,1.0,1.0,95.0,event
12:10:28.053,0.12858808,0.7521454,0.31066,0.6620152,0.28717345,0.15080898,-0.6028081,0.2839051,0.37786934,0.26030016,-0.33756912,0.50227964,0.76902187,0.30181015,0.33290768,1.2214417,1.107541,0.13901961,-0.0065898513,0.9053386,811.0989,806.26373,804.65204,794.17584,720.0366,-0.0784912109375,0.14697265625,0.96533203125,2.848663330078125,-4.717864990234375,0.904693603515625,1.0,1.0,1.0,1.0,1.0,95.0,event
12:10:28.058,0.12858808,0.7521454,0.31066,0.6620152,0.28717345,0.15080898,-0.6028081,0.2839051,0.37786934,0.26030016,-0.33756912,0.50227964,0.76902187,0.30181015,0.33290768,1.2214417,1.107541,0.13901961,-0.0065898513,0.9053386,829.6337,807.0696,800.2198,853.4066,699.0842,-0.0784912109375,0.14697265625,0.96533203125,2.848663330078125,-4.717864990234375,0.904693603515625,1.0,1.0,1.0,1.0,1.0,95.0,event
12:10:28.059,0.12858808,0.7521454,0.31066,0.6620152,0.28717345,0.15080898,-0.6028081,0.2839051,0.37786934,0.26030016,-0.33756912,0.50227964,0.76902187,0.30181015,0.33290768,1.2214417,1.107541,0.13901961,-0.0065898513,0.9053386,803.44324,809.89014,810.696,848.5714,803.44324,-0.0784912109375,0.14697265625,0.96533203125,2.848663330078125,-4.717864990234375,0.904693603515625,1.0,1.0,1.0,1.0,1.0,95.0,event
12:10:28.060,0.12858808,0.7521454,0.31066,0.6620152,0.28717345,0.15080898,-0.6028081,0.2839051,0.37786934,0.26030016,-0.33756912,0.50227964,0.76902187,0.30181015,0.33290768,1.2214417,1.107541,0.13901961,-0.0065898513,0.9053386,752.674,811.0989,807.0696,779.2674,924.7253,-0.0784912109375,0.14697265625,0.96533203125,2.848663330078125,-4.717864990234375,0.904693603515625,1.0,1.0,1.0,1.0,1.0,95.0,event
12:10:28.061,0.12858808,0.7521454,0.31066,0.6620152,0.28717345,0.15080898,-0.6028081,0.2839051,0.37786934,0.26030016,-0.33756912,0.50227964,0.76902187,0.30181015,0.33290768,1.2214417,1.107541,0.13901961,-0.0065898513,0.9053386,773.6264,817.9487,797.8022,782.8938,845.7509,-0.0784912109375,0.14697265625,0.96533203125,2.848663330078125,-4.717864990234375,0.904693603515625,1.0,1.0,1.0,1.0,1.0,95.0,event
12:10:28.062,0.12858808,0.7521454,0.31066,0.6620152,0.28717345,0.15080898,-0.6028081,0.2839051,0.37786934,0.26030016,-0.33756912,0.50227964,0.76902187,0.30181015,0.33290768,1.2214417,1.107541,0.13901961,-0.0065898513,0.9053386,779.67035,807.8755,803.8461,811.50183,701.50183,-0.0784912109375,0.14697265625,0.96533203125,2.848663330078125,-4.717864990234375,0.904693603515625,1.0,1.0,1.0,1.0,1.0,95.0,event
12:10:28.063,0.12858808,0.7521454,0.31066,0.6620152,0.28717345,0.15080898,-0.6028081,0.2839051,0.37786934,0.26030016,-0.33756912,0.50227964,0.76902187,0.30181015,0.33290768,1.2214417,1.107541,0.13901961,-0.0065898513,0.9053386,751.4652,794.17584,807.8755,796.5934,675.7143,-0.0784912109375,0.14697265625,0.96533203125,2.848663330078125,-4.717864990234375,0.904693603515625,1.0,1.0,1.0,1.0,1.0,95.0,event
12:10:28.063,0.12858808,0.7521454,0.31066,0.6620152,0.28717345,0.15080898,-0.6028081,0.2839051,0.37786934,0.26030016,-0.33756912,0.50227964,0.76902187,0.30181015,0.33290768,1.2214417,1.107541,0.13901961,-0.0065898513,0.9053386,770.0,801.02563,809.89014,790.9524,893.69965,-0.0784912109375,0.14697265625,0.96533203125,2.848663330078125,-4.717864990234375,0.904693603515625,1.0,1.0,1.0,1.0,1.0,95.0,event
12:10:28.064,0.12858808,0.7521454,0.31066,0.6620152,0.28717345,0.15080898,-0.6028081,0.2839051,0.37786934,0.26030016,-0.33756912,0.50227964,0.76902187,0.30181015,0.33290768,1.2214417,1.107541,0.13901961,-0.0065898513,0.9053386,801.02563,813.1135,805.4579,812.71063,929.5604,-0.0784912109375,0.14697265625,0.96533203125,2.848663330078125,-4.717864990234375,0.904693603515625,1.0,1.0,1.0,1.0,1.0,95.0,event
12:10:28.092,0.12858808,0.7521454,0.31066,0.6620152,0.28717345,0.15080898,-0.6028081,0.2839051,0.37786934,0.26030016,-0.33756912,0.50227964,0.76902187,0.30181015,0.33290768,1.2214417,1.107541,0.13901961,-0.0065898513,0.9053386,805.4579,811.9048,803.8461,853.4066,780.87915,-0.0623779296875,0.15118408203125,0.96832275390625,4.329071044921875,-6.92352294921875,-0.94207763671875,1.0,1.0,1.0,1.0,1.0,95.0,event
12:10:28.093,0.12858808,0.7521454,0.31066,0.6620152,0.28717345,0.15080898,-0.6028081,0.2839051,0.37786934,0.26030016,-0.33756912,0.50227964,0.76902187,0.30181015,0.33290768,1.2214417,1.107541,0.13901961,-0.0065898513,0.9053386,793.7729,798.20514,813.1135,850.18317,838.0952,-0.0623779296875,0.15118408203125,0.96832275390625,4.329071044921875,-6.92352294921875,-0.94207763671875,1.0,1.0,1.0,1.0,1.0,95.0,event
12:10:28.094,0.12858808,0.7521454,0.31066,0.6620152,0.28717345,0.15080898,-0.6028081,0.2839051,0.37786934,0.26030016,-0.33756912,0.50227964,0.76902187,0.30181015,0.33290768,1.2214417,1.107541,0.13901961,-0.0065898513,0.9053386,766.3736,807.47253,800.6227,749.85345,874.35895,-0.0623779296875,0.15118408203125,0.96832275390625,4.329071044921875,-6.92352294921875,-0.94207763671875,1.0,1.0,1.0,1.0,1.0,95.0,event
12:10:28.095,0.12858808,0.7521454,0.31066,0.6620152,0.28717345,0.15080898,-0.6028081,0.2839051,0.37786934,0.26030016,-0.33756912,0.50227964,0.76902187,0.30181015,0.33290768,1.2214417,1.107541,0.13901961,-0.0065898513,0.9053386,787.72894,815.9341,790.54944,759.12085,749.0476,-0.0623779296875,0.15118408203125,0.96832275390625,4.329071044921875,-6.92352294921875,-0.94207763671875,1.0,1.0,1.0,1.0,1.0,95.0,event
12:10:28.095,0.12858808,0.7521454,0.31066,0.6620152,0.28717345,0.15080898,-0.6028081,0.2839051,0.37786934,0.26030016,-0.33756912,0.50227964,0.76902187,0.30181015,0.33290768,1.2214417,1.107541,0.13901961,-0.0065898513,0.9053386,808.2784,809.4872,793.36993,787.72894,673.2967,-0.0623779296875,0.15118408203125,0.96832275390625,4.329071044921875,-6.92352294921875,-0.94207763671875,1.0,1.0,1.0,1.0,1.0,95.0,event
12:10:28.096,0.12858808,0.7521454,0.31066,0.6620152,0.28717345,0.15080898,-0.6028081,0.2839051,0.37786934,0.26030016,-0.33756912,0.50227964,0.76902187,0.30181015,0.33290768,1.2214417,1.107541,0.13901961,-0.0065898513,0.9053386,763.1502,809.89014,788.93774,783.69965,819.5604,-0.0623779296875,0.15118408203125,0.96832275390625,4.329071044921875,-6.92352294921875,-0.94207763671875,1.0,1.0,1.0,1.0,1.0,95.0,event
12:10:28.097,0.12858808,0.7521454,0.31066,0.6620152,0.28717345,0.15080898,-0.6028081,0.2839051,0.37786934,0.26030016,-0.33756912,0.50227964,0.76902187,0.30181015,0.33290768,1.2214417,1.107541,0.13901961,-0.0065898513,0.9053386,748.6447,796.5934,803.44324,757.50916,904.57874,-0.0623779296875,0.15118408203125,0.96832275390625,4.329071044921875,-6.92352294921875,-0.94207763671875,1.0,1.0,1.0,1.0,1.0,95.0,event
12:10:28.097,0.12858808,0.7521454,0.31066,0.6620152,0.28717345,0.15080898,-0.6028081,0.2839051,0.37786934,0.26030016,-0.33756912,0.50227964,0.76902187,0.30181015,0.33290768,1.2214417,1.107541,0.13901961,-0.0065898513,0.9053386,750.65936,805.4579,791.75824,780.07324,1074.2124,-0.0623779296875,0.15118408203125,0.96832275390625,4.329071044921875,-6.92352294921875,-0.94207763671875,1.0,1.0,1.0,1.0,1.0,95.0,event
12:10:28.098,0.12858808,0.7521454,0.31066,0.6620152,0.28717345,0.15080898,-0.6028081,0.2839051,0.37786934,0.26030016,-0.33756912,0.50227964,0.76902187,0.30181015,0.33290768,1.2214417,1.107541,0.13901961,-0.0065898513,0.9053386,775.2381,800.2198,814.7253,794.57874,730.10986,-0.0623779296875,0.15118408203125,0.96832275390625,4.329071044921875,-6.92352294921875,-0.94207763671875,1.0,1.0,1.0,1.0,1.0,95.0,event
12:10:28.098,0.12858808,0.7521454,0.31066,0.6620152,0.28717345,0.15080898,-0.6028081,0.2839051,0.37786934,0.26030016,-0.33756912,0.50227964,0.76902187,0.30181015,0.33290768,1.2214417,1.107541,0.13901961,-0.0065898513,0.9053386,770.80585,799.011,813.91943,795.78754,626.1539,-0.0623779296875,0.15118408203125,0.96832275390625,4.329071044921875,-6.92352294921875,-0.94207763671875,1.0,1.0,1.0,1.0,1.0,95.0,event
12:10:28.099,0.12858808,0.7521454,0.31066,0.6620152,0.28717345,0.15080898,-0.6028081,0.2839051,0.37786934,0.26030016,-0.33756912,0.50227964,0.76902187,0.30181015,0.33290768,1.2214417,1.107541,0.13901961,-0.0065898513,0.9053386,774.43225,802.23444,803.44324,777.6557,818.7546,-0.0623779296875,0.15118408203125,0.96832275390625,4.329071044921875,-6.92352294921875,-0.94207763671875,1.0,1.0,1.0,1.0,1.0,95.0,event
12:10:28.099,0.12858808,0.7521454,0.31066,0.6620152,0.28717345,0.15080898,-0.6028081,0.2839051,0.37786934,0.26030016,-0.33756912,0.50227964,0.76902187,0.30181015,0.33290768,1.2214417,1.107541,0.13901961,-0.0065898513,0.9053386,789.34064,807.47253,811.50183,769.19415,704.3223,-0.0623779296875,0.15118408203125,0.96832275390625,4.329071044921875,-6.92352294921875,-0.94207763671875,1.0,1.0,1.0,1.0,1.0,95.0,event
12:10:28.155,0.12858808,0.7521454,0.31066,0.6620152,0.28717345,0.15080898,-0.6028081,0.2839051,0.37786934,0.26030016,-0.33756912,0.50227964,0.76902187,0.30181015,0.33290768,1.2214417,1.107541,0.13901961,-0.0065898513,0.9053386,764.7619,805.05493,815.12823,770.40295,624.1392,-0.0623779296875,0.15118408203125,0.96832275390625,4.329071044921875,-6.92352294921875,-0.94207763671875,1.0,1.0,1.0,1.0,1.0,95.0,event
12:10:28.156,0.12858808,0.7521454,0.31066,0.6620152,0.28717345,0.15080898,-0.6028081,0.2839051,0.37786934,0.26030016,-0.33756912,0.50227964,0.76902187,0.30181015,0.33290768,1.2214417,1.107541,0.13901961,-0.0065898513,0.9053386,768.3883,805.4579,794.57874,787.72894,693.0403,-0.0623779296875,0.15118408203125,0.96832275390625,4.329071044921875,-6.92352294921875,-0.94207763671875,1.0,1.0,1.0,1.0,1.0,95.0,event
12:10:28.157,0.12858808,0.7521454,0.31066,0.6620152,0.28717345,0.15080898,-0.6028081,0.2839051,0.37786934,0.26030016,-0.33756912,0.50227964,0.76902187,0.30181015,0.33290768,1.2214417,1.107541,0.13901961,-0.0065898513,0.9053386,783.2967,806.6667,790.9524,794.17584,738.1685,-0.0623779296875,0.15118408203125,0.96832275390625,4.329071044921875,-6.92352294921875,-0.94207763671875,1.0,1.0,1.0,1.0,1.0,95.0,event
12:10:28.157,0.12858808,0.7521454,0.31066,0.6620152,0.28717345,0.15080898,-0.6028081,0.2839051,0.37786934,0.26030016,-0.33756912,0.50227964,0.76902187,0.30181015,0.33290768,1.2214417,1.107541,0.13901961,-0.0065898513,0.9053386,804.2491,810.696,793.7729,802.23444,728.49817,-0.0623779296875,0.15118408203125,0.96832275390625,4.329071044921875,-6.92352294921875,-0.94207763671875,1.0,1.0,1.0,1.0,1.0,95.0,event
12:10:28.158,0.12858808,0.7521454,0.31066,0.6620152,0.28717345,0.15080898,-0.6028081,0.2839051,0.37786934,0.26030016,-0.33756912,0.50227964,0.76902187,0.30181015,0.33290768,1.2214417,1.107541,0.13901961,-0.0065898513,0.9053386,817.9487,812.71063,790.54944,801.4286,701.0989,-0.0623779296875,0.15118408203125,0.96832275390625,4.329071044921875,-6.92352294921875,-0.94207763671875,1.0,1.0,1.0,1.0,1.0,95.0,event
12:10:28.158,0.12858808,0.78745425,0.38124043,0.6620152,0.28717345,0.19962645,-0.6541235,0.2839051,0.37786934,0.27382252,-0.39423853,0.50227964,0.76902187,0.3232808,0.34706494,1.2214417,1.107541,0.14120172,-0.009266306,0.9053386,789.34064,806.6667,791.3553,805.8608,906.99634,-0.0623779296875,0.15118408203125,0.96832275390625,4.329071044921875,-6.92352294921875,-0.94207763671875,1.0,1.0,1.0,1.0,1.0,95.0,event
12:10:28.162,0.12858808,0.78745425,0.38124043,0.6620152,0.28717345,0.19962645,-0.6541235,0.2839051,0.37786934,0.27382252,-0.39423853,0.50227964,0.76902187,0.3232808,0.34706494,1.2214417,1.107541,0.14120172,-0.009266306,0.9053386,765.16486,806.26373,785.7143,796.99634,1118.1318,-0.0623779296875,0.15118408203125,0.96832275390625,4.329071044921875,-6.92352294921875,-0.94207763671875,1.0,1.0,1.0,1.0,1.0,95.0,event
12:10:28.163,0.12858808,0.78745425,0.38124043,0.6620152,0.28717345,0.19962645,-0.6541235,0.2839051,0.37786934,0.27382252,-0.39423853,0.50227964,0.76902187,0.3232808,0.34706494,1.2214417,1.107541,0.14120172,-0.009266306,0.9053386,769.19415,802.6374,804.2491,790.54944,748.6447,-0.0623779296875,0.15118408203125,0.96832275390625,4.329071044921875,-6.92352294921875,-0.94207763671875,1.0,1.0,1.0,1.0,1.0,95.0,event
12:10:28.163,0.12858808,0.78745425,0.38124043,0.6620152,0.28717345,0.19962645,-0.6541235,0.2839051,0.37786934,0.27382252,-0.39423853,0.50227964,0.76902187,0.3232808,0.34706494,1.2214417,1.107541,0.14120172,-0.009266306,0.9053386,759.12085,801.8315,794.17584,778.0586,857.03296,-0.0623779296875,0.15118408203125,0.96832275390625,4.329071044921875,-6.92352294921875,-0.94207763671875,1.0,1.0,1.0,1.0,1.0,95.0,event
12:10:28.164,0.12858808,0.78745425,0.38124043,0.6620152,0.28717345,0.19962645,-0.6541235,0.2839051,0.37786934,0.27382252,-0.39423853,0.50227964,0.76902187,0.3232808,0.34706494,1.2214417,1.107541,0.14120172,-0.009266306,0.9053386,774.0293,809.89014,808.2784,830.4396,803.8461,-0.0623779296875,0.15118408203125,0.96832275390625,4.329071044921875,-6.92352294921875,-0.94207763671875,1.0,1.0,1.0,1.0,1.0,95.0,event
12:10:28.164,0.12858808,0.78745425,0.38124043,0.6620152,0.28717345,0.19962645,-0.6541235,0.2839051,0.37786934,0.27382252,-0.39423853,0.50227964,0.76902187,0.3232808,0.34706494,1.2214417,1.107541,0.14120172,-0.009266306,0.9053386,776.04395,810.696,813.91943,803.8461,711.5751,-0.0623779296875,0.15118408203125,0.96832275390625,4.329071044921875,-6.92352294921875,-0.94207763671875,1.0,1.0,1.0,1.0,1.0,95.0,event
12:10:28.165,0.12858808,0.78745425,0.38124043,0.6620152,0.28717345,0.19962645,-0.6541235,0.2839051,0.37786934,0.27382252,-0.39423853,0.50227964,0.76902187,0.3232808,0.34706494,1.2214417,1.107541,0.14120172,-0.009266306,0.9053386,771.6117,810.293,810.293,744.61536,705.12823,-0.0623779296875,0.15118408203125,0.96832275390625,4.329071044921875,-6.92352294921875,-0.94207763671875,1.0,1.0,1.0,1.0,1.0,95.0,event
12:10:28.188,0.12858808,0.78745425,0.38124043,0.6620152,0.28717345,0.19962645,-0.6541235,0.2839051,0.37786934,0.27382252,-0.39423853,0.50227964,0.76902187,0.3232808,0.34706494,1.2214417,1.107541,0.14120172,-0.009266306,0.9053386,768.7912,806.26373,800.2198,755.89746,766.77655,-0.03057861328125,0.1602783203125,0.98077392578125,4.613189697265625,-4.78515625,0.037384033203125,1.0,1.0,1.0,1.0,1.0,95.0,event
12:10:28.189,0.12858808,0.78745425,0.38124043,0.6620152,0.28717345,0.19962645,-0.6541235,0.2839051,0.37786934,0.27382252,-0.39423853,0.50227964,0.76902187,0.3232808,0.34706494,1.2214417,1.107541,0.14120172,-0.009266306,0.9053386,788.5348,805.8608,796.99634,786.9231,792.1612,-0.03057861328125,0.1602783203125,0.98077392578125,4.613189697265625,-4.78515625,0.037384033203125,1.0,1.0,1.0,1.0,1.0,95.0,event
12:10:28.190,0.12858808,0.78745425,0.38124043,0.6620152,0.28717345,0.19962645,-0.6541235,0.2839051,0.37786934,0.27382252,-0.39423853,0.50227964,0.76902187,0.3232808,0.34706494,1.2214417,1.107541,0.14120172,-0.009266306,0.9053386,778.86444,802.23444,801.4286,800.2198,728.0952,-0.03057861328125,0.1602783203125,0.98077392578125,4.613189697265625,-4.78515625,0.037384033203125,1.0,1.0,1.0,1.0,1.0,95.0,event
12:10:28.191,0.12858808,0.78745425,0.38124043,0.6620152,0.28717345,0.19962645,-0.6541235,0.2839051,0.37786934,0.27382252,-0.39423853,0.50227964,0.76902187,0.3232808,0.34706494,1.2214417,1.107541,0.14120172,-0.009266306,0.9053386,782.49084,805.4579,805.4579,787.326,618.49817,-0.03057861328125,0.1602783203125,0.98077392578125,4.613189697265625,-4.78515625,0.037384033203125,1.0,1.0,1.0,1.0,1.0,95.0,event
12:10:28.192,0.12858808,0.78745425,0.38124043,0.6620152,0.28717345,0.19962645,-0.6541235,0.2839051,0.37786934,0.27382252,-0.39423853,0.50227964,0.76902187,0.3232808,0.34706494,1.2214417,1.107541,0.14120172,-0.009266306,0.9053386,789.7436,814.3223,801.02563,795.38464,732.52747,-0.03057861328125,0.1602783203125,0.98077392578125,4.613189697265625,-4.78515625,0.037384033203125,1.0,1.0,1.0,1.0,1.0,95.0,event
12:10:28.192,0.12858808,0.78745425,0.38124043,0.6620152,0.28717345,0.19962645,-0.6541235,0.2839051,0.37786934,0.27382252,-0.39423853,0.50227964,0.76902187,0.3232808,0.34706494,1.2214417,1.107541,0.14120172,-0.009266306,0.9053386,802.6374,810.696,797.3993,824.3956,943.663,-0.03057861328125,0.1602783203125,0.98077392578125,4.613189697265625,-4.78515625,0.037384033203125,1.0,1.0,1.0,1.0,1.0,95.0,event
12:10:28.193,0.12858808,0.78745425,0.38124043,0.6620152,0.28717345,0.19962645,-0.6541235,0.2839051,0.37786934,0.27382252,-0.39423853,0.50227964,0.76902187,0.3232808,0.34706494,1.2214417,1.107541,0.14120172,-0.009266306,0.9053386,801.4286,804.65204,799.011,848.97437,936.8132,-0.03057861328125,0.1602783203125,0.98077392578125,4.613189697265625,-4.78515625,0.037384033203125,1.0,1.0,1.0,1.0,1.0,95.0,event
12:10:28.194,0.12858808,0.78745425,0.38124043,0.6620152,0.28717345,0.19962645,-0.6541235,0.2839051,0.37786934,0.27382252,-0.39423853,0.50227964,0.76902187,0.3232808,0.34706494,1.2214417,1.107541,0.14120172,-0.009266306,0.9053386,784.10254,809.4872,807.0696,835.2747,850.989,-0.03057861328125,0.1602783203125,0.98077392578125,4.613189697265625,-4.78515625,0.037384033203125,1.0,1.0,1.0,1.0,1.0,95.0,event
12:10:28.194,0.12858808,0.78745425,0.38124043,0.6620152,0.28717345,0.19962645,-0.6541235,0.2839051,0.37786934,0.27382252,-0.39423853,0.50227964,0.76902187,0.3232808,0.34706494,1.2214417,1.107541,0.14120172,-0.009266306,0.9053386,807.47253,817.1429,806.26373,797.8022,838.9011,-0.03057861328125,0.1602783203125,0.98077392578125,4.613189697265625,-4.78515625,0.037384033203125,1.0,1.0,1.0,1.0,1.0,95.0,event
12:10:28.195,0.12858808,0.78745425,0.38124043,0.6620152,0.28717345,0.19962645,-0.6541235,0.2839051,0.37786934,0.27382252,-0.39423853,0.50227964,0.76902187,0.3232808,0.34706494,1.2214417,1.107541,0.14120172,-0.009266306,0.9053386,784.90845,810.293,789.7436,790.14655,878.3883,-0.03057861328125,0.1602783203125,0.98077392578125,4.613189697265625,-4.78515625,0.037384033203125,1.0,1.0,1.0,1.0,1.0,95.0,event
12:10:28.196,0.12858808,0.78745425,0.38124043,0.6620152,0.28717345,0.19962645,-0.6541235,0.2839051,0.37786934,0.27382252,-0.39423853,0.50227964,0.76902187,0.3232808,0.34706494,1.2214417,1.107541,0.14120172,-0.009266306,0.9053386,787.326,801.4286,790.54944,774.43225,757.9121,-0.03057861328125,0.1602783203125,0.98077392578125,4.613189697265625,-4.78515625,0.037384033203125,1.0,1.0,1.0,1.0,1.0,95.0,event
12:10:28.197,0.12858808,0.78745425,0.38124043,0.6620152,0.28717345,0.19962645,-0.6541235,0.2839051,0.37786934,0.27382252,-0.39423853,0.50227964,0.76902187,0.3232808,0.34706494,1.2214417,1.107541,0.14120172,-0.009266306,0.9053386,813.91943,800.2198,802.23444,803.8461,660.0,-0.03057861328125,0.1602783203125,0.98077392578125,4.613189697265625,-4.78515625,0.037384033203125,1.0,1.0,1.0,1.0,1.0,95.0,event
12:10:28.223,0.12858808,0.78745425,0.38124043,0.6620152,0.28717345,0.19962645,-0.6541235,0.2839051,0.37786934,0.27382252,-0.39423853,0.50227964,0.76902187,0.3232808,0.34706494,1.2214417,1.107541,0.14120172,-0.009266306,0.9053386,806.6667,804.2491,803.8461,841.31866,807.8755,-0.0509033203125,0.15826416015625,0.96588134765625,3.27484130859375,-3.087921142578125,-1.24114990234375,1.0,1.0,1.0,1.0,1.0,95.0,event
12:10:28.224,0.12858808,0.78745425,0.38124043,0.6620152,0.28717345,0.19962645,-0.6541235,0.2839051,0.37786934,0.27382252,-0.39423853,0.50227964,0.76902187,0.3232808,0.34706494,1.2214417,1.107541,0.14120172,-0.009266306,0.9053386,792.5641,806.6667,801.4286,817.9487,968.24176,-0.0509033203125,0.15826416015625,0.96588134765625,3.27484130859375,-3.087921142578125,-1.24114990234375,1.0,1.0,1.0,1.0,1.0,95.0,event
12:10:28.225,0.12858808,0.78745425,0.38124043,0.6620152,0.28717345,0.19962645,-0.6541235,0.2839051,0.37786934,0.27382252,-0.39423853,0.50227964,0.76902187,0.3232808,0.34706494,1.2214417,1.107541,0.14120172,-0.009266306,0.9053386,820.3663,807.8755,804.2491,820.3663,799.41394,-0.0509033203125,0.15826416015625,0.96588134765625,3.27484130859375,-3.087921142578125,-1.24114990234375,1.0,1.0,1.0,1.0,1.0,95.0,event
12:10:28.225,0.12858808,0.78745425,0.38124043,0.6620152,0.28717345,0.19962645,-0.6541235,0.2839051,0.37786934,0.27382252,-0.39423853,0.50227964,0.76902187,0.3232808,0.34706494,1.2214417,1.107541,0.14120172,-0.009266306,0.9053386,824.7985,807.8755,806.6667,850.989,760.32965,-0.0509033203125,0.15826416015625,0.96588134765625,3.27484130859375,-3.087921142578125,-1.24114990234375,1.0,1.0,1.0,1.0,1.0,95.0,event
12:10:28.226,0.12858808,0.78745425,0.38124043,0.6620152,0.28717345,0.19962645,-0.6541235,0.2839051,0.37786934,0.27382252,-0.39423853,0.50227964,0.76902187,0.3232808,0.34706494,1.2214417,1.107541,0.14120172,-0.009266306,0.9053386,800.6227,805.8608,801.8315,863.47986,842.1245,-0.0509033203125,0.15826416015625,0.96588134765625,3.27484130859375,-3.087921142578125,-1.24114990234375,1.0,1.0,1.0,1.0,1.0,95.0,event
12:10:28.227,0.12858808,0.78745425,0.38124043,0.6620152,0.28717345,0.19962645,-0.6541235,0.2839051,0.37786934,0.27382252,-0.39423853,0.50227964,0.76902187,0.3232808,0.34706494,1.2214417,1.107541,0.14120172,-0.009266306,0.9053386,813.1135,818.3516,796.1905,819.9634,850.989,-0.0509033203125,0.15826416015625,0.96588134765625,3.27484130859375,-3.087921142578125,-1.24114990234375,1.0,1.0,1.0,1.0,1.0,95.0,event
12:10:28.227,0.12858808,0.78745425,0.38124043,0.6620152,0.28717345,0.19962645,-0.6541235,0.2839051,0.37786934,0.27382252,-0.39423853,0.50227964,0.76902187,0.3232808,0.34706494,1.2214417,1.107541,0.14120172,-0.009266306,0.9053386,801.8315,816.337,801.8315,860.65936,859.45056,-0.0509033203125,0.15826416015625,0.96588134765625,3.27484130859375,-3.087921142578125,-1.24114990234375,1.0,1.0,1.0,1.0,1.0,95.0,event
12:10:28.228,0.12858808,0.8196698,0.47071737,0.6620152,0.28717345,0.23389387,-0.68851936,0.2839051,0.37786934,0.28957298,-0.4397301,0.50227964,0.76902187,0.3457919,0.35905772,1.2214417,1.107541,0.14355841,0.016641274,0.9053386,834.4689,809.0842,795.78754,805.05493,738.97437,-0.0509033203125,0.15826416015625,0.96588134765625,3.27484130859375,-3.087921142578125,-1.24114990234375,1.0,1.0,1.0,1.0,1.0,95.0,event
12:10:28.232,0.12858808,0.8196698,0.47071737,0.6620152,0.28717345,0.23389387,-0.68851936,0.2839051,0.37786934,0.28957298,-0.4397301,0.50227964,0.76902187,0.3457919,0.35905772,1.2214417,1.107541,0.14355841,0.016641274,0.9053386,855.0183,805.8608,798.60803,820.7692,867.9121,-0.0509033203125,0.15826416015625,0.96588134765625,3.27484130859375,-3.087921142578125,-1.24114990234375,1.0,1.0,1.0,1.0,1.0,95.0,event
12:10:28.232,0.12858808,0.8196698,0.47071737,0.6620152,0.28717345,0.23389387,-0.68851936,0.2839051,0.37786934,0.28957298,-0.4397301,0.50227964,0.76902187,0.3457919,0.35905772,1.2214417,1.107541,0.14355841,0.016641274,0.9053386,840.5128,806.6667,799.81683,836.4835,978.315,-0.0509033203125,0.15826416015625,0.96588134765625,3.27484130859375,-3.087921142578125,-1.24114990234375,1.0,1.0,1.0,1.0,1.0,95.0,event
12:10:28.233,0.12858808,0.8196698,0.47071737,0.6620152,0.28717345,0.23389387,-0.68851936,0.2839051,0.37786934,0.28957298,-0.4397301,0.50227964,0.76902187,0.3457919,0.35905772,1.2214417,1.107541,0.14355841,0.016641274,0.9053386,820.7692,805.05493,799.011,856.2271,839.707,-0.0509033203125,0.15826416015625,0.96588134765625,3.27484130859375,-3.087921142578125,-1.24114990234375,1.0,1.0,1.0,1.0,1.0,95.0,event
12:10:28.234,0.12858808,0.8196698,0.47071737,0.6620152,0.28717345,0.23389387,-0.68851936,0.2839051,0.37786934,0.28957298,-0.4397301,0.50227964,0.76902187,0.3457919,0.35905772,1.2214417,1.107541,0.14355841,0.016641274,0.9053386,808.2784,809.0842,790.14655,871.9414,805.05493,-0.0509033203125,0.15826416015625,0.96588134765625,3.27484130859375,-3.087921142578125,-1.24114990234375,1.0,1.0,1.0,1.0,1.0,95.0,event
12:10:28.276,0.12858808,0.8196698,0.47071737,0.6620152,0.28717345,0.23389387,-0.68851936,0.2839051,0.37786934,0.28957298,-0.4397301,0.50227964,0.76902187,0.3457919,0.35905772,1.2214417,1.107541,0.14355841,0.016641274,0.9053386,807.8755,806.6667,784.10254,867.1062,928.3516,-0.05535888671875,0.15716552734375,0.969970703125,2.85614013671875,-10.57220458984375,-0.575714111328125,1.0,1.0,1.0,1.0,1.0,95.0,event
12:10:28.276,0.12858808,0.8196698,0.47071737,0.6620152,0.28717345,0.23389387,-0.68851936,0.2839051,0.37786934,0.28957298,-0.4397301,0.50227964,0.76902187,0.3457919,0.35905772,1.2214417,1.107541,0.14355841,0.016641274,0.9053386,798.60803,802.23444,790.14655,839.304,849.3773,-0.05535888671875,0.15716552734375,0.969970703125,2.85614013671875,-10.57220458984375,-0.575714111328125,1.0,1.0,1.0,1.0,1.0,95.0,event
12:10:28.277,0.12858808,0.8196698,0.47071737,0.6620152,0.28717345,0.23389387,-0.68851936,0.2839051,0.37786934,0.28957298,-0.4397301,0.50227964,0.76902187,0.3457919,0.35905772,1.2214417,1.107541,0.14355841,0.016641274,0.9053386,811.0989,802.23444,793.36993,808.68134,759.12085,-0.05535888671875,0.15716552734375,0.969970703125,2.85614013671875,-10.57220458984375,-0.575714111328125,1.0,1.0,1.0,1.0,1.0,95.0,event
12:10:28.277,0.12858808,0.8196698,0.47071737,0.6620152,0.28717345,0.23389387,-0.68851936,0.2839051,0.37786934,0.28957298,-0.4397301,0.50227964,0.76902187,0.3457919,0.35905772,1.2214417,1.107541,0.14355841,0.016641274,0.9053386,816.7399,799.81683,796.5934,796.5934,816.337,-0.05535888671875,0.15716552734375,0.969970703125,2.85614013671875,-10.57220458984375,-0.575714111328125,1.0,1.0,1.0,1.0,1.0,95.0,event
12:10:28.278,0.12858808,0.8196698,0.47071737,0.6620152,0.28717345,0.23389387,-0.68851936,0.2839051,0.37786934,0.28957298,-0.4397301,0.50227964,0.76902187,0.3457919,0.35905772,1.2214417,1.107541,0.14355841,0.016641274,0.9053386,828.022,808.2784,794.57874,832.0513,801.02563,-0.05535888671875,0.15716552734375,0.969970703125,2.85614013671875,-10.57220458984375,-0.575714111328125,1.0,1.0,1.0,1.0,1.0,95.0,event
12:10:28.278,0.12858808,0.8196698,0.47071737,0.6620152,0.28717345,0.23389387,-0.68851936,0.2839051,0.37786934,0.28957298,-0.4397301,0.50227964,0.76902187,0.3457919,0.35905772,1.2214417,1.107541,0.14355841,0.016641274,0.9053386,823.5897,800.6227,794.57874,809.0842,841.31866,-0.05535888671875,0.15716552734375,0.969970703125,2.85614013671875,-10.57220458984375,-0.575714111328125,1.0,1.0,1.0,1.0,1.0,95.0,event
12:10:28.279,0.12858808,0.8196698,0.47071737,0.6620152,0.28717345,0.23389387,-0.68851936,0.2839051,0.37786934,0.28957298,-0.4397301,0.50227964,0.76902187,0.3457919,0.35905772,1.2214417,1.107541,0.14355841,0.016641274,0.9053386,825.2015,818.3516,803.44324,829.6337,783.69965,-0.05535888671875,0.15716552734375,0.969970703125,2.85614013671875,-10.57220458984375,-0.575714111328125,1.0,1.0,1.0,1.0,1.0,95.0,event
12:10:28.279,0.12858808,0.8196698,0.47071737,0.6620152,0.28717345,0.23389387,-0.68851936,0.2839051,0.37786934,0.28957298,-0.4397301,0.50227964,0.76902187,0.3457919,0.35905772,1.2214417,1.107541,0.14355841,0.016641274,0.9053386,824.7985,815.12823,791.3553,832.8571,856.63007,-0.05535888671875,0.15716552734375,0.969970703125,2.85614013671875,-10.57220458984375,-0.575714111328125,1.0,1.0,1.0,1.0,1.0,95.0,event
12:10:28.280,0.12858808,0.8196698,0.47071737,0.6620152,0.28717345,0.23389387,-0.68851936,0.2839051,0.37786934,0.28957298,-0.4397301,0.50227964,0.76902187,0.3457919,0.35905772,1.2214417,1.107541,0.14355841,0.016641274,0.9053386,833.2601,809.4872,791.3553,838.49817,1058.9011,-0.05535888671875,0.15716552734375,0.969970703125,2.85614013671875,-10.57220458984375,-0.575714111328125,1.0,1.0,1.0,1.0,1.0,95.0,event
12:10:28.281,0.12858808,0.8196698,0.47071737,0.6620152,0.28717345,0.23389387,-0.68851936,0.2839051,0.37786934,0.28957298,-0.4397301,0.50227964,0.76902187,0.3457919,0.35905772,1.2214417,1.107541,0.14355841,0.016641274,0.9053386,821.5751,798.20514,807.8755,819.9634,884.0293,-0.05535888671875,0.15716552734375,0.969970703125,2.85614013671875,-10.57220458984375,-0.575714111328125,1.0,1.0,1.0,1.0,1.0,95.0,event
12:10:28.281,0.12858808,0.8196698,0.47071737,0.6620152,0.28717345,0.23389387,-0.68851936,0.2839051,0.37786934,0.28957298,-0.4397301,0.50227964,0.76902187,0.3457919,0.35905772,1.2214417,1.107541,0.14355841,0.016641274,0.9053386,811.50183,799.81683,801.8315,807.0696,683.7729,-0.05535888671875,0.15716552734375,0.969970703125,2.85614013671875,-10.57220458984375,-0.575714111328125,1.0,1.0,1.0,1.0,1.0,95.0,event
12:10:28.282,0.12858808,0.8196698,0.47071737,0.6620152,0.28717345,0.23389387,-0.68851936,0.2839051,0.37786934,0.28957298,-0.4397301,0.50227964,0.76902187,0.3457919,0.35905772,1.2214417,1.107541,0.14355841,0.016641274,0.9053386,809.89014,815.12823,796.1905,803.44324,809.0842,-0.05535888671875,0.15716552734375,0.969970703125,2.85614013671875,-10.57220458984375,-0.575714111328125,1.0,1.0,1.0,1.0,1.0,95.0,event
12:10:28.324,0.12858808,0.8196698,0.47071737,0.6620152,0.28717345,0.23389387,-0.68851936,0.2839051,0.37786934,0.28957298,-0.4397301,0.50227964,0.76902187,0.3457919,0.35905772,1.2214417,1.107541,0.14355841,0.016641274,0.9053386,796.1905,813.1135,803.44324,819.15753,821.5751,0.00262451171875,0.15252685546875,0.98236083984375,3.237457275390625,-6.527252197265625,0.16448974609375,1.0,1.0,1.0,1.0,1.0,95.0,event
12:10:28.326,0.12858808,0.8196698,0.47071737,0.6620152,0.28717345,0.23389387,-0.68851936,0.2839051,0.37786934,0.28957298,-0.4397301,0.50227964,0.76902187,0.3457919,0.35905772,1.2214417,1.107541,0.14355841,0.016641274,0.9053386,799.011,813.91943,797.8022,821.5751,807.8755,0.00262451171875,0.15252685546875,0.98236083984375,3.237457275390625,-6.527252197265625,0.16448974609375,1.0,1.0,1.0,1.0,1.0,95.0,event
12:10:28.326,0.12858808,0.8196698,0.47071737,0.6620152,0.28717345,0.23389387,-0.68851936,0.2839051,0.37786934,0.28957298,-0.4397301,0.50227964,0.76902187,0.3457919,0.35905772,1.2214417,1.107541,0.14355841,0.016641274,0.9053386,798.20514,810.696,800.2198,848.97437,780.87915,0.00262451171875,0.15252685546875,0.98236083984375,3.237457275390625,-6.527252197265625,0.16448974609375,1.0,1.0,1.0,1.0,1.0,95.0,event
12:10:28.327,0.12858808,0.8196698,0.47071737,0.6620152,0.28717345,0.23389387,-0.68851936,0.2839051,0.37786934,0.28957298,-0.4397301,0.50227964,0.76902187,0.3457919,0.35905772,1.2214417,1.107541,0.14355841,0.016641274,0.9053386,795.78754,803.44324,804.2491,825.6044,776.04395,0.00262451171875,0.15252685546875,0.98236083984375,3.237457275390625,-6.527252197265625,0.16448974609375,1.0,1.0,1.0,1.0,1.0,95.0,event
12:10:28.328,0.12858808,0.8196698,0.47071737,0.6620152,0.28717345,0.23389387,-0.68851936,0.2839051,0.37786934,0.28957298,-0.4397301,0.50227964,0.76902187,0.3457919,0.35905772,1.2214417,1.107541,0.14355841,0.016641274,0.9053386,801.4286,807.47253,788.93774,818.7546,767.98535,0.00262451171875,0.15252685546875,0.98236083984375,3.237457275390625,-6.527252197265625,0.16448974609375,1.0,1.0,1.0,1.0,1.0,95.0,event
12:10:28.328,0.12858808,0.8196698,0.47071737,0.6620152,0.28717345,0.23389387,-0.68851936,0.2839051,0.37786934,0.28957298,-0.4397301,0.50227964,0.76902187,0.3457919,0.35905772,1.2214417,1.107541,0.14355841,0.016641274,0.9053386,818.7546,809.0842,787.326,829.2308,771.6117,0.00262451171875,0.15252685546875,0.98236083984375,3.237457275390625,-6.527252197265625,0.16448974609375,1.0,1.0,1.0,1.0,1.0,95.0,event
12:10:28.329,0.12858808,0.8196698,0.47071737,0.6620152,0.28717345,0.23389387,-0.68851936,0.2839051,0.37786934,0.28957298,-0.4397301,0.50227964,0.76902187,0.3457919,0.35905772,1.2214417,1.107541,0.14355841,0.016641274,0.9053386,831.6484,807.8755,801.02563,793.36993,788.93774,0.00262451171875,0.15252685546875,0.98236083984375,3.237457275390625,-6.527252197265625,0.16448974609375,1.0,1.0,1.0,1.0,1.0,95.0,event
12:10:28.329,0.12858808,0.8196698,0.47071737,0.6620152,0.28717345,0.23389387,-0.68851936,0.2839051,0.37786934,0.28957298,-0.4397301,0.50227964,0.76902187,0.3457919,0.35905772,1.2214417,1.107541,0.14355841,0.016641274,0.9053386,836.4835,809.89014,802.6374,790.54944,902.5641,0.00262451171875,0.15252685546875,0.98236083984375,3.237457275390625,-6.527252197265625,0.16448974609375,1.0,1.0,1.0,1.0,1.0,95.0,event
12:10:28.330,0.12858808,0.8196698,0.47071737,0.6620152,0.28717345,0.23389387,-0.68851936,0.2839051,0.37786934,0.28957298,-0.4397301,0.50227964,0.76902187,0.3457919,0.35905772,1.2214417,1.107541,0.14355841,0.016641274,0.9053386,831.6484,809.0842,795.78754,834.0659,975.09155,0.00262451171875,0.15252685546875,0.98236083984375,3.237457275390625,-6.527252197265625,0.16448974609375,1.0,1.0,1.0,1.0,1.0,95.0,event
12:10:28.330,0.12858808,0.8418275,0.47071737,0.6620152,0.28717345,0.25265828,-0.68851936,0.2839051,0.37786934,0.3022397,-0.4397301,0.50227964,0.76902187,0.36228737,0.35905772,1.2214417,1.107541,0.1436206,0.016641274,0.9053386,801.4286,805.8608,792.96704,811.0989,738.1685,0.00262451171875,0.15252685546875,0.98236083984375,3.237457275390625,-6.527252197265625,0.16448974609375,1.0,1.0,1.0,1.0,1.0,95.0,event
12:10:28.335,0.12858808,0.8418275,0.47071737,0.6620152,0.28717345,0.25265828,-0.68851936,0.2839051,0.37786934,0.3022397,-0.4397301,0.50227964,0.76902187,0.36228737,0.35905772,1.2214417,1.107541,0.1436206,0.016641274,0.9053386,791.3553,803.44324,795.38464,802.23444,679.34064,0.00262451171875,0.15252685546875,0.98236083984375,3.237457275390625,-6.527252197265625,0.16448974609375,1.0,1.0,1.0,1.0,1.0,95.0,event
12:10:28.336,0.12858808,0.8418275,0.47071737,0.6620152,0.28717345,0.25265828,-0.68851936,0.2839051,0.37786934,0.3022397,-0.4397301,0.50227964,0.76902187,0.36228737,0.35905772,1.2214417,1.107541,0.1436206,0.016641274,0.9053386,805.4579,808.2784,796.1905,860.2564,807.0696,0.00262451171875,0.15252685546875,0.98236083984375,3.237457275390625,-6.527252197265625,0.16448974609375,1.0,1.0,1.0,1.0,1.0,95.0,event
12:10:28.365,0.12858808,0.8418275,0.47071737,0.6620152,0.28717345,0.25265828,-0.68851936,0.2839051,0.37786934,0.3022397,-0.4397301,0.50227964,0.76902187,0.36228737,0.35905772,1.2214417,1.107541,0.1436206,0.016641274,0.9053386,808.68134,811.0989,794.57874,848.1685,816.337,0.00262451171875,0.15252685546875,0.98236083984375,3.237457275390625,-6.527252197265625,0.16448974609375,1.0,1.0,1.0,1.0,1.0,95.0,event
12:10:28.366,0.12858808,0.8418275,0.47071737,0.6620152,0.28717345,0.25265828,-0.68851936,0.2839051,0.37786934,0.3022397,-0.4397301,0.50227964,0.76902187,0.36228737,0.35905772,1.2214417,1.107541,0.1436206,0.016641274,0.9053386,807.47253,799.41394,793.7729,815.5311,775.2381,0.00262451171875,0.15252685546875,0.98236083984375,3.237457275390625,-6.527252197265625,0.16448974609375,1.0,1.0,1.0,1.0,1.0,95.0,event
12:10:28.366,0.12858808,0.8418275,0.47071737,0.6620152,0.28717345,0.25265828,-0.68851936,0.2839051,0.37786934,0.3022397,-0.4397301,0.50227964,0.76902187,0.36228737,0.35905772,1.2214417,1.107541,0.1436206,0.016641274,0.9053386,801.4286,803.0403,797.3993,842.52747,766.77655,0.00262451171875,0.15252685546875,0.98236083984375,3.237457275390625,-6.527252197265625,0.16448974609375,1.0,1.0,1.0,1.0,1.0,95.0,event
12:10:28.367,0.12858808,0.8418275,0.47071737,0.6620152,0.28717345,0.25265828,-0.68851936,0.2839051,0.37786934,0.3022397,-0.4397301,0.50227964,0.76902187,0.36228737,0.35905772,1.2214417,1.107541,0.1436206,0.016641274,0.9053386,776.8498,809.4872,805.4579,817.9487,772.01465,0.00262451171875,0.15252685546875,0.98236083984375,3.237457275390625,-6.527252197265625,0.16448974609375,1.0,1.0,1.0,1.0,1.0,95.0,event
12:10:28.368,0.12858808,0.8418275,0.47071737,0.6620152,0.28717345,0.25265828,-0.68851936,0.2839051,0.37786934,0.3022397,-0.4397301,0.50227964,0.76902187,0.36228737,0.35905772,1.2214417,1.107541,0.1436206,0.016641274,0.9053386,813.5165,803.44324,802.23444,785.31134,828.022,0.00262451171875,0.15252685546875,0.98236083984375,3.237457275390625,-6.527252197265625,0.16448974609375,1.0,1.0,1.0,1.0,1.0,95.0,event
12:10:28.368,0.12858808,0.8418275,0.47071737,0.6620152,0.28717345,0.25265828,-0.68851936,0.2839051,0.37786934,0.3022397,-0.4397301,0.50227964,0.76902187,0.36228737,0.35905772,1.2214417,1.107541,0.1436206,0.016641274,0.9053386,837.28937,803.8461,792.96704,770.40295,870.7326,0.00262451171875,0.15252685546875,0.98236083984375,3.237457275390625,-6.527252197265625,0.16448974609375,1.0,1.0,1.0,1.0,1.0,95.0,event
12:10:28.369,0.12858808,0.8418275,0.47071737,0.6620152,0.28717345,0.25265828,-0.68851936,0.2839051,0.37786934,0.3022397,-0.4397301,0.50227964,0.76902187,0.36228737,0.35905772,1.2214417,1.107541,0.1436206,0.016641274,0.9053386,808.2784,804.2491,793.7729,790.54944,875.9707,0.00262451171875,0.15252685546875,0.98236083984375,3.237457275390625,-6.527252197265625,0.16448974609375,1.0,1.0,1.0,1.0,1.0,95.0,event
12:10:28.369,0.12858808,0.8418275,0.47071737,0.6620152,0.28717345,0.25265828,-0.68851936,0.2839051,0.37786934,0.3022397,-0.4397301,0.50227964,0.76902187,0.36228737,0.35905772,1.2214417,1.107541,0.1436206,0.016641274,0.9053386,771.2088,798.20514,796.1905,817.5458,1060.9158,0.00262451171875,0.15252685546875,0.98236083984375,3.237457275390625,-6.527252197265625,0.16448974609375,1.0,1.0,1.0,1.0,1.0,95.0,event
12:10:28.370,0.12858808,0.8418275,0.47071737,0.6620152,0.28717345,0.25265828,-0.68851936,0.2839051,0.37786934,0.3022397,-0.4397301,0.50227964,0.76902187,0.36228737,0.35905772,1.2214417,1.107541,0.1436206,0.016641274,0.9053386,755.09155,796.99634,799.41394,808.68134,1022.23444,0.00262451171875,0.15252685546875,0.98236083984375,3.237457275390625,-6.527252197265625,0.16448974609375,1.0,1.0,1.0,1.0,1.0,95.0,event
12:10:28.370,0.12858808,0.8418275,0.47071737,0.6620152,0.28717345,0.25265828,-0.68851936,0.2839051,0.37786934,0.3022397,-0.4397301,0.50227964,0.76902187,0.36228737,0.35905772,1.2214417,1.107541,0.1436206,0.016641274,0.9053386,768.3883,798.60803,808.2784,837.6923,778.86444,0.00262451171875,0.15252685546875,0.98236083984375,3.237457275390625,-6.527252197265625,0.16448974609375,1.0,1.0,1.0,1.0,1.0,95.0,event
12:10:28.371,0.12858808,0.8418275,0.47071737,0.6620152,0.28717345,0.25265828,-0.68851936,0.2839051,0.37786934,0.3022397,-0.4397301,0.50227964,0.76902187,0.36228737,0.35905772,1.2214417,1.107541,0.1436206,0.016641274,0.9053386,791.3553,803.0403,805.4579,808.2784,750.2564,0.00262451171875,0.15252685546875,0.98236083984375,3.237457275390625,-6.527252197265625,0.16448974609375,1.0,1.0,1.0,1.0,1.0,95.0,event
12:10:28.372,0.12858808,0.8418275,0.47071737,0.6620152,0.28717345,0.25265828,-0.68851936,0.2839051,0.37786934,0.3022397,-0.4397301,0.50227964,0.76902187,0.36228737,0.35905772,1.2214417,1.107541,0.1436206,0.016641274,0.9053386,811.0989,805.05493,796.5934,789.34064,806.6667,0.00262451171875,0.15252685546875,0.98236083984375,3.237457275390625,-6.527252197265625,0.16448974609375,1.0,1.0,1.0,1.0,1.0,95.0,event
12:10:28.431,0.12858808,0.8418275,0.47071737,0.6620152,0.28717345,0.25265828,-0.68851936,0.2839051,0.37786934,0.3022397,-0.4397301,0.50227964,0.76902187,0.36228737,0.35905772,1.2214417,1.107541,0.1436206,0.016641274,0.9053386,802.23444,809.0842,797.3993,824.3956,826.4103,-0.01641845703125,0.15191650390625,0.96331787109375,3.267364501953125,-1.891632080078125,2.0037841796875,1.0,1.0,1.0,1.0,1.0,95.0,event
12:10:28.432,0.12858808,0.8418275,0.47071737,0.6620152,0.28717345,0.25265828,-0.68851936,0.2839051,0.37786934,0.3022397,-0.4397301,0.50227964,0.76902187,0.36228737,0.35905772,1.2214417,1.107541,0.1436206,0.016641274,0.9053386,801.8315,810.696,806.6667,815.9341,818.3516,-0.01641845703125,0.15191650390625,0.96331787109375,3.267364501953125,-1.891632080078125,2.0037841796875,1.0,1.0,1.0,1.0,1.0,95.0,event
12:10:28.433,0.12858808,0.8418275,0.47071737,0.6620152,0.28717345,0.25265828,-0.68851936,0.2839051,0.37786934,0.3022397,-0.4397301,0.50227964,0.76902187,0.36228737,0.35905772,1.2214417,1.107541,0.1436206,0.016641274,0.9053386,816.337,801.02563,808.68134,812.71063,796.1905,-0.01641845703125,0.15191650390625,0.96331787109375,3.267364501953125,-1.891632080078125,2.0037841796875,1.0,1.0,1.0,1.0,1.0,95.0,event
12:10:28.434,0.12858808,0.8418275,0.47071737,0.6620152,0.28717345,0.25265828,-0.68851936,0.2839051,0.37786934,0.3022397,-0.4397301,0.50227964,0.76902187,0.36228737,0.35905772,1.2214417,1.107541,0.1436206,0.016641274,0.9053386,814.7253,798.60803,809.89014,821.5751,780.07324,-0.01641845703125,0.15191650390625,0.96331787109375,3.267364501953125,-1.891632080078125,2.0037841796875,1.0,1.0,1.0,1.0,1.0,95.0,event
12:10:28.434,0.12858808,0.8418275,0.47071737,0.6620152,0.28717345,0.25265828,-0.68851936,0.2839051,0.37786934,0.3022397,-0.4397301,0.50227964,0.76902187,0.36228737,0.35905772,1.2214417,1.107541,0.1436206,0.016641274,0.9053386,810.293,803.44324,806.6667,806.6667,719.6337,-0.01641845703125,0.15191650390625,0.96331787109375,3.267364501953125,-1.891632080078125,2.0037841796875,1.0,1.0,1.0,1.0,1.0,95.0,event
12:10:28.435,0.12858808,0.8418275,0.47071737,0.6620152,0.28717345,0.25265828,-0.68851936,0.2839051,0.37786934,0.3022397,-0.4397301,0.50227964,0.76902187,0.36228737,0.35905772,1.2214417,1.107541,0.1436206,0.016641274,0.9053386,776.8498,805.4579,799.41394,828.8278,765.16486,-0.01641845703125,0.15191650390625,0.96331787109375,3.267364501953125,-1.891632080078125,2.0037841796875,1.0,1.0,1.0,1.0,1.0,95.0,event
12:10:28.435,0.12858808,0.8418275,0.47071737,0.6620152,0.28717345,0.25265828,-0.68851936,0.2839051,0.37786934,0.3022397,-0.4397301,0.50227964,0.76902187,0.36228737,0.35905772,1.2214417,1.107541,0.1436206,0.016641274,0.9053386,753.0769,806.6667,800.6227,797.8022,934.3956,-0.01641845703125,0.15191650390625,0.96331787109375,3.267364501953125,-1.891632080078125,2.0037841796875,1.0,1.0,1.0,1.0,1.0,95.0,event
12:10:28.436,0.12858808,0.8418275,0.47071737,0.6620152,0.28717345,0.25265828,-0.68851936,0.2839051,0.37786934,0.3022397,-0.4397301,0.50227964,0.76902187,0.36228737,0.35905772,1.2214417,1.107541,0.1436206,0.016641274,0.9053386,796.99634,808.2784,799.81683,768.7912,1065.751,-0.01641845703125,0.15191650390625,0.96331787109375,3.267364501953125,-1.891632080078125,2.0037841796875,1.0,1.0,1.0,1.0,1.0,95.0,event
12:10:28.436,0.12858808,0.8418275,0.47071737,0.6620152,0.28717345,0.25265828,-0.68851936,0.2839051,0.37786934,0.3022397,-0.4397301,0.50227964,0.76902187,0.36228737,0.35905772,1.2214417,1.107541,0.1436206,0.016641274,0.9053386,809.0842,798.20514,803.44324,817.1429,867.50916,-0.01641845703125,0.15191650390625,0.96331787109375,3.267364501953125,-1.891632080078125,2.0037841796875,1.0,1.0,1.0,1.0,1.0,95.0,event
12:10:28.437,0.12858808,0.8418275,0.47071737,0.6620152,0.28717345,0.25265828,-0.68851936,0.2839051,0.37786934,0.3022397,-0.4397301,0.50227964,0.76902187,0.36228737,0.35905772,1.2214417,1.107541,0.1436206,0.016641274,0.9053386,802.23444,796.1905,803.8461,794.17584,721.6484,-0.01641845703125,0.15191650390625,0.96331787109375,3.267364501953125,-1.891632080078125,2.0037841796875,1.0,1.0,1.0,1.0,1.0,95.0,event
12:10:28.437,0.12858808,0.8418275,0.47071737,0.6620152,0.28717345,0.25265828,-0.68851936,0.2839051,0.37786934,0.3022397,-0.4397301,0.50227964,0.76902187,0.36228737,0.35905772,1.2214417,1.107541,0.1436206,0.016641274,0.9053386,809.4872,803.0403,792.96704,778.86444,846.9597,-0.01641845703125,0.15191650390625,0.96331787109375,3.267364501953125,-1.891632080078125,2.0037841796875,1.0,1.0,1.0,1.0,1.0,95.0,event
12:10:28.438,0.12858808,0.8501558,0.47071737,0.6620152,0.28717345,0.25838065,-0.68851936,0.2839051,0.37786934,0.3022397,-0.4397301,0.50227964,0.76902187,0.37030375,0.35905772,1.2214417,1.107541,0.14197712,0.016641274,0.9053386,787.326,802.23444,793.7729,815.12823,785.31134,-0.01641845703125,0.15191650390625,0.96331787109375,3.267364501953125,-1.891632080078125,2.0037841796875,1.0,1.0,1.0,1.0,1.0,95.0,event
12:10:28.464,0.12858808,0.8501558,0.47071737,0.6620152,0.28717345,0.25838065,-0.68851936,0.2839051,0.37786934,0.3022397,-0.4397301,0.50227964,0.76902187,0.37030375,0.35905772,1.2214417,1.107541,0.14197712,0.016641274,0.9053386,770.80585,803.8461,803.44324,807.8755,697.8755,-0.06121826171875,0.15948486328125,0.9688720703125,4.5159912109375,-6.916046142578125,1.8243408203125,1.0,1.0,1.0,1.0,1.0,95.0,event
12:10:28.465,0.12858808,0.8501558,0.47071737,0.6620152,0.28717345,0.25838065,-0.68851936,0.2839051,0.37786934,0.3022397,-0.4397301,0.50227964,0.76902187,0.37030375,0.35905772,1.2214417,1.107541,0.14197712,0.016641274,0.9053386,808.68134,809.0842,794.9817,857.03296,734.94507,-0.06121826171875,0.15948486328125,0.9688720703125,4.5159912109375,-6.916046142578125,1.8243408203125,1.0,1.0,1.0,1.0,1.0,95.0,event
12:10:28.465,0.12858808,0.8501558,0.47071737,0.6620152,0.28717345,0.25838065,-0.68851936,0.2839051,0.37786934,0.3022397,-0.4397301,0.50227964,0.76902187,0.37030375,0.35905772,1.2214417,1.107541,0.14197712,0.016641274,0.9053386,795.78754,805.4579,796.99634,813.91943,755.89746,-0.06121826171875,0.15948486328125,0.9688720703125,4.5159912109375,-6.916046142578125,1.8243408203125,1.0,1.0,1.0,1.0,1.0,95.0,event
12:10:28.466,0.12858808,0.8501558,0.47071737,0.6620152,0.28717345,0.25838065,-0.68851936,0.2839051,0.37786934,0.3022397,-0.4397301,0.50227964,0.76902187,0.37030375,0.35905772,1.2214417,1.107541,0.14197712,0.016641274,0.9053386,821.978,809.4872,803.8461,817.5458,681.3553,-0.06121826171875,0.15948486328125,0.9688720703125,4.5159912109375,-6.916046142578125,1.8243408203125,1.0,1.0,1.0,1.0,1.0,95.0,event
12:10:28.466,0.12858808,0.8501558,0.47071737,0.6620152,0.28717345,0.25838065,-0.68851936,0.2839051,0.37786934,0.3022397,-0.4397301,0.50227964,0.76902187,0.37030375,0.35905772,1.2214417,1.107541,0.14197712,0.016641274,0.9053386,820.3663,801.8315,807.8755,770.0,754.68866,-0.06121826171875,0.15948486328125,0.9688720703125,4.5159912109375,-6.916046142578125,1.8243408203125,1.0,1.0,1.0,1.0,1.0,95.0,event
12:10:28.466,0.12858808,0.8501558,0.47071737,0.6620152,0.28717345,0.25838065,-0.68851936,0.2839051,0.37786934,0.3022397,-0.4397301,0.50227964,0.76902187,0.37030375,0.35905772,1.2214417,1.107541,0.14197712,0.016641274,0.9053386,806.6667,799.011,804.2491,816.337,877.98535,-0.06121826171875,0.15948486328125,0.9688720703125,4.5159912109375,-6.916046142578125,1.8243408203125,1.0,1.0,1.0,1.0,1.0,95.0,event
12:10:28.467,0.12858808,0.8501558,0.47071737,0.6620152,0.28717345,0.25838065,-0.68851936,0.2839051,0.37786934,0.3022397,-0.4397301,0.50227964,0.76902187,0.37030375,0.35905772,1.2214417,1.107541,0.14197712,0.016641274,0.9053386,819.15753,801.8315,803.44324,873.5531,1029.8901,-0.06121826171875,0.15948486328125,0.9688720703125,4.5159912109375,-6.916046142578125,1.8243408203125,1.0,1.0,1.0,1.0,1.0,95.0,event
12:10:28.467,0.12858808,0.8501558,0.47071737,0.6620152,0.28717345,0.25838065,-0.68851936,0.2839051,0.37786934,0.3022397,-0.4397301,0.50227964,0.76902187,0.37030375,0.35905772,1.2214417,1.107541,0.14197712,0.016641274,0.9053386,826.4103,803.8461,802.6374,811.9048,884.0293,-0.06121826171875,0.15948486328125,0.9688720703125,4.5159912109375,-6.916046142578125,1.8243408203125,1.0,1.0,1.0,1.0,1.0,95.0,event
12:10:28.468,0.12858808,0.8501558,0.47071737,0.6620152,0.28717345,0.25838065,-0.68851936,0.2839051,0.37786934,0.3022397,-0.4397301,0.50227964,0.76902187,0.37030375,0.35905772,1.2214417,1.107541,0.14197712,0.016641274,0.9053386,783.69965,798.20514,790.9524,759.12085,680.9524,-0.06121826171875,0.15948486328125,0.9688720703125,4.5159912109375,-6.916046142578125,1.8243408203125,1.0,1.0,1.0,1.0,1.0,95.0,event
12:10:28.468,0.12858808,0.8501558,0.47071737,0.6620152,0.28717345,0.25838065,-0.68851936,0.2839051,0.37786934,0.3022397,-0.4397301,0.50227964,0.76902187,0.37030375,0.35905772,1.2214417,1.107541,0.14197712,0.016641274,0.9053386,781.685,793.36993,790.14655,786.9231,711.978,-0.06121826171875,0.15948486328125,0.9688720703125,4.5159912109375,-6.916046142578125,1.8243408203125,1.0,1.0,1.0,1.0,1.0,95.0,event
12:10:28.469,0.12858808,0.8501558,0.47071737,0.6620152,0.28717345,0.25838065,-0.68851936,0.2839051,0.37786934,0.3022397,-0.4397301,0.50227964,0.76902187,0.37030375,0.35905772,1.2214417,1.107541,0.14197712,0.016641274,0.9053386,803.8461,794.57874,796.1905,830.4396,862.27106,-0.06121826171875,0.15948486328125,0.9688720703125,4.5159912109375,-6.916046142578125,1.8243408203125,1.0,1.0,1.0,1.0,1.0,95.0,event
12:10:28.469,0.12858808,0.8501558,0.47071737,0.6620152,0.28717345,0.25838065,-0.68851936,0.2839051,0.37786934,0.3022397,-0.4397301,0.50227964,0.76902187,0.37030375,0.35905772,1.2214417,1.107541,0.14197712,0.016641274,0.9053386,790.9524,804.65204,803.44324,864.68866,838.49817,-0.06121826171875,0.15948486328125,0.9688720703125,4.5159912109375,-6.916046142578125,1.8243408203125,1.0,1.0,1.0,1.0,1.0,95.0,event
12:10:28.565,0.12858808,0.8501558,0.47071737,0.6620152,0.28717345,0.25838065,-0.68851936,0.2839051,0.37786934,0.3022397,-0.4397301,0.50227964,0.76902187,0.37030375,0.35905772,1.2214417,1.107541,0.14197712,0.016641274,0.9053386,800.2198,811.50183,804.2491,808.68134,676.52014,-0.05657958984375,0.1666259765625,0.9718017578125,4.373931884765625,-4.687957763671875,0.426177978515625,1.0,1.0,1.0,1.0,1.0,95.0,event
12:10:28.566,0.12858808,0.8501558,0.47071737,0.6620152,0.28717345,0.25838065,-0.68851936,0.2839051,0.37786934,0.3022397,-0.4397301,0.50227964,0.76902187,0.37030375,0.35905772,1.2214417,1.107541,0.14197712,0.016641274,0.9053386,813.91943,802.23444,799.011,745.82416,716.0073,-0.05657958984375,0.1666259765625,0.9718017578125,4.373931884765625,-4.687957763671875,0.426177978515625,1.0,1.0,1.0,1.0,1.0,95.0,event
12:10:28.567,0.12858808,0.8501558,0.47071737,0.6620152,0.28717345,0.25838065,-0.68851936,0.2839051,0.37786934,0.3022397,-0.4397301,0.50227964,0.76902187,0.37030375,0.35905772,1.2214417,1.107541,0.14197712,0.016641274,0.9053386,810.293,803.0403,801.02563,778.86444,827.619,-0.05657958984375,0.1666259765625,0.9718017578125,4.373931884765625,-4.687957763671875,0.426177978515625,1.0,1.0,1.0,1.0,1.0,95.0,event
12:10:28.567,0.12858808,0.8501558,0.47071737,0.6620152,0.28717345,0.25838065,-0.68851936,0.2839051,0.37786934,0.3022397,-0.4397301,0.50227964,0.76902187,0.37030375,0.35905772,1.2214417,1.107541,0.14197712,0.016641274,0.9053386,810.293,811.50183,801.4286,803.8461,738.5714,-0.05657958984375,0.1666259765625,0.9718017578125,4.373931884765625,-4.687957763671875,0.426177978515625,1.0,1.0,1.0,1.0,1.0,95.0,event
12:10:28.568,0.12858808,0.8501558,0.47071737,0.6620152,0.28717345,0.25838065,-0.68851936,0.2839051,0.37786934,0.3022397,-0.4397301,0.50227964,0.76902187,0.37030375,0.35905772,1.2214417,1.107541,0.14197712,0.016641274,0.9053386,802.6374,813.91943,793.7729,819.5604,655.16486,-0.05657958984375,0.1666259765625,0.9718017578125,4.373931884765625,-4.687957763671875,0.426177978515625,1.0,1.0,1.0,1.0,1.0,95.0,event
12:10:28.569,0.12858808,0.8501558,0.47071737,0.6620152,0.28717345,0.25838065,-0.68851936,0.2839051,0.37786934,0.3022397,-0.4397301,0.50227964,0.76902187,0.37030375,0.35905772,1.2214417,1.107541,0.14197712,0.016641274,0.9053386,803.8461,808.68134,799.011,815.12823,821.1722,-0.05657958984375,0.1666259765625,0.9718017578125,4.373931884765625,-4.687957763671875,0.426177978515625,1.0,1.0,1.0,1.0,1.0,95.0,event
12:10:28.570,0.12858808,0.8501558,0.47071737,0.6620152,0.28717345,0.25838065,-0.68851936,0.2839051,0.37786934,0.3022397,-0.4397301,0.50227964,0.76902187,0.37030375,0.35905772,1.2214417,1.107541,0.14197712,0.016641274,0.9053386,805.8608,803.0403,808.68134,793.7729,938.022,-0.05657958984375,0.1666259765625,0.9718017578125,4.373931884765625,-4.687957763671875,0.426177978515625,1.0,1.0,1.0,1.0,1.0,95.0,event
12:10:28.570,0.12858808,0.8501558,0.47071737,0.6620152,0.28717345,0.25838065,-0.68851936,0.2839051,0.37786934,0.3022397,-0.4397301,0.50227964,0.76902187,0.37030375,0.35905772,1.2214417,1.107541,0.14197712,0.016641274,0.9053386,792.96704,800.2198,806.26373,805.05493,796.1905,-0.05657958984375,0.1666259765625,0.9718017578125,4.373931884765625,-4.687957763671875,0.426177978515625,1.0,1.0,1.0,1.0,1.0,95.0,event
12:10:28.571,0.12858808,0.8501558,0.47071737,0.6620152,0.28717345,0.25838065,-0.68851936,0.2839051,0.37786934,0.3022397,-0.4397301,0.50227964,0.76902187,0.37030375,0.35905772,1.2214417,1.107541,0.14197712,0.016641274,0.9053386,798.20514,797.8022,801.4286,849.7802,750.65936,-0.05657958984375,0.1666259765625,0.9718017578125,4.373931884765625,-4.687957763671875,0.426177978515625,1.0,1.0,1.0,1.0,1.0,95.0,event
12:10:28.572,0.12858808,0.8501558,0.47071737,0.6620152,0.28717345,0.25838065,-0.68851936,0.2839051,0.37786934,0.3022397,-0.4397301,0.50227964,0.76902187,0.37030375,0.35905772,1.2214417,1.107541,0.14197712,0.016641274,0.9053386,790.9524,801.4286,797.3993,819.15753,894.5055,-0.05657958984375,0.1666259765625,0.9718017578125,4.373931884765625,-4.687957763671875,0.426177978515625,1.0,1.0,1.0,1.0,1.0,95.0,event
12:10:28.572,0.12858808,0.8501558,0.47071737,0.6620152,0.28717345,0.25838065,-0.68851936,0.2839051,0.37786934,0.3022397,-0.4397301,0.50227964,0.76902187,0.37030375,0.35905772,1.2214417,1.107541,0.14197712,0.016641274,0.9053386,794.57874,813.91943,793.36993,746.63007,853.4066,-0.05657958984375,0.1666259765625,0.9718017578125,4.373931884765625,-4.687957763671875,0.426177978515625,1.0,1.0,1.0,1.0,1.0,95.0,event
12:10:28.573,0.12858808,0.8501558,0.47071737,0.6620152,0.28717345,0.25838065,-0.68851936,0.2839051,0.37786934,0.3022397,-0.4397301,0.50227964,0.76902187,0.37030375,0.35905772,1.2214417,1.107541,0.14197712,0.016641274,0.9053386,802.23444,815.9341,795.38464,738.97437,700.293,-0.05657958984375,0.1666259765625,0.9718017578125,4.373931884765625,-4.687957763671875,0.426177978515625,1.0,1.0,1.0,1.0,1.0,95.0,event
12:10:28.574,0.12858808,0.8501558,0.47071737,0.6620152,0.28717345,0.25838065,-0.68851936,0.2839051,0.37786934,0.3022397,-0.4397301,0.50227964,0.76902187,0.37030375,0.35905772,1.2214417,1.107541,0.14197712,0.016641274,0.9053386,788.1319,807.0696,797.8022,781.685,742.6007,-0.02423095703125,0.171875,0.9708251953125,3.955230712890625,-4.17205810546875,-1.36077880859375,1.0,1.0,1.0,1.0,1.0,95.0,event
12:10:28.575,0.12858808,0.84488523,0.47071737,0.6620152,0.28717345,0.25691003,-0.68851936,0.2839051,0.37786934,0.30107415,-0.4397301,0.50227964,0.76902187,0.37057716,0.35905772,1.2214417,1.107541,0.14035732,0.016641274,0.9053386,808.68134,803.44324,795.78754,818.7546,871.53845,-0.02423095703125,0.171875,0.9708251953125,3.955230712890625,-4.17205810546875,-1.36077880859375,1.0,1.0,1.0,1.0,1.0,95.0,event
12:10:28.579,0.12858808,0.84488523,0.47071737,0.6620152,0.28717345,0.25691003,-0.68851936,0.2839051,0.37786934,0.30107415,-0.4397301,0.50227964,0.76902187,0.37057716,0.35905772,1.2214417,1.107541,0.14035732,0.016641274,0.9053386,828.8278,806.6667,795.38464,861.06226,824.7985,-0.02423095703125,0.171875,0.9708251953125,3.955230712890625,-4.17205810546875,-1.36077880859375,1.0,1.0,1.0,1.0,1.0,95.0,event
12:10:28.580,0.12858808,0.84488523,0.47071737,0.6620152,0.28717345,0.25691003,-0.68851936,0.2839051,0.37786934,0.30107415,-0.4397301,0.50227964,0.76902187,0.37057716,0.35905772,1.2214417,1.107541,0.14035732,0.016641274,0.9053386,801.8315,804.65204,794.57874,835.2747,676.1172,-0.02423095703125,0.171875,0.9708251953125,3.955230712890625,-4.17205810546875,-1.36077880859375,1.0,1.0,1.0,1.0,1.0,95.0,event
12:10:28.581,0.12858808,0.84488523,0.47071737,0.6620152,0.28717345,0.25691003,-0.68851936,0.2839051,0.37786934,0.30107415,-0.4397301,0.50227964,0.76902187,0.37057716,0.35905772,1.2214417,1.107541,0.14035732,0.016641274,0.9053386,794.57874,803.0403,792.5641,781.28204,702.71063,-0.02423095703125,0.171875,0.9708251953125,3.955230712890625,-4.17205810546875,-1.36077880859375,1.0,1.0,1.0,1.0,1.0,95.0,event
12:10:28.582,0.12858808,0.84488523,0.47071737,0.6620152,0.28717345,0.25691003,-0.68851936,0.2839051,0.37786934,0.30107415,-0.4397301,0.50227964,0.76902187,0.37057716,0.35905772,1.2214417,1.107541,0.14035732,0.016641274,0.9053386,807.8755,805.4579,803.8461,832.8571,964.61536,-0.02423095703125,0.171875,0.9708251953125,3.955230712890625,-4.17205810546875,-1.36077880859375,1.0,1.0,1.0,1.0,1.0,95.0,event
12:10:28.583,0.12858808,0.84488523,0.47071737,0.6620152,0.28717345,0.25691003,-0.68851936,0.2839051,0.37786934,0.30107415,-0.4397301,0.50227964,0.76902187,0.37057716,0.35905772,1.2214417,1.107541,0.14035732,0.016641274,0.9053386,809.4872,798.20514,807.8755,855.0183,971.06226,-0.02423095703125,0.171875,0.9708251953125,3.955230712890625,-4.17205810546875,-1.36077880859375,1.0,1.0,1.0,1.0,1.0,95.0,event
12:10:28.583,0.12858808,0.84488523,0.47071737,0.6620152,0.28717345,0.25691003,-0.68851936,0.2839051,0.37786934,0.30107415,-0.4397301,0.50227964,0.76902187,0.37057716,0.35905772,1.2214417,1.107541,0.14035732,0.016641274,0.9053386,800.6227,799.41394,794.9817,784.5055,750.2564,-0.02423095703125,0.171875,0.9708251953125,3.955230712890625,-4.17205810546875,-1.36077880859375,1.0,1.0,1.0,1.0,1.0,95.0,event
12:10:28.584,0.12858808,0.84488523,0.47071737,0.6620152,0.28717345,0.25691003,-0.68851936,0.2839051,0.37786934,0.30107415,-0.4397301,0.50227964,0.76902187,0.37057716,0.35905772,1.2214417,1.107541,0.14035732,0.016641274,0.9053386,794.9817,799.81683,791.3553,800.6227,746.2271,-0.02423095703125,0.171875,0.9708251953125,3.955230712890625,-4.17205810546875,-1.36077880859375,1.0,1.0,1.0,1.0,1.0,95.0,event
12:10:28.585,0.12858808,0.84488523,0.47071737,0.6620152,0.28717345,0.25691003,-0.68851936,0.2839051,0.37786934,0.30107415,-0.4397301,0.50227964,0.76902187,0.37057716,0.35905772,1.2214417,1.107541,0.14035732,0.016641274,0.9053386,807.47253,798.20514,797.8022,826.8132,878.7912,-0.02423095703125,0.171875,0.9708251953125,3.955230712890625,-4.17205810546875,-1.36077880859375,1.0,1.0,1.0,1.0,1.0,95.0,event
12:10:28.586,0.12858808,0.84488523,0.47071737,0.6620152,0.28717345,0.25691003,-0.68851936,0.2839051,0.37786934,0.30107415,-0.4397301,0.50227964,0.76902187,0.37057716,0.35905772,1.2214417,1.107541,0.14035732,0.016641274,0.9053386,790.54944,792.5641,792.96704,801.02563,690.6227,-0.02423095703125,0.171875,0.9708251953125,3.955230712890625,-4.17205810546875,-1.36077880859375,1.0,1.0,1.0,1.0,1.0,95.0,event
12:10:28.586,0.12858808,0.84488523,0.47071737,0.6620152,0.28717345,0.25691003,-0.68851936,0.2839051,0.37786934,0.30107415,-0.4397301,0.50227964,0.76902187,0.37057716,0.35905772,1.2214417,1.107541,0.14035732,0.016641274,0.9053386,788.93774,796.5934,793.7729,792.96704,744.21246,-0.02423095703125,0.171875,0.9708251953125,3.955230712890625,-4.17205810546875,-1.36077880859375,1.0,1.0,1.0,1.0,1.0,95.0,event
12:10:28.612,0.12858808,0.84488523,0.47071737,0.6620152,0.28717345,0.25691003,-0.68851936,0.2839051,0.37786934,0.30107415,-0.4397301,0.50227964,0.76902187,0.37057716,0.35905772,1.2214417,1.107541,0.14035732,0.016641274,0.9053386,806.26373,807.8755,797.3993,782.8938,788.93774,-0.02423095703125,0.171875,0.9708251953125,3.955230712890625,-4.17205810546875,-1.36077880859375,1.0,1.0,1.0,1.0,1.0,95.0,event
12:10:28.613,0.12858808,0.84488523,0.47071737,0.6620152,0.28717345,0.25691003,-0.68851936,0.2839051,0.37786934,0.30107415,-0.4397301,0.50227964,0.76902187,0.37057716,0.35905772,1.2214417,1.107541,0.14035732,0.016641274,0.9053386,787.326,819.9634,796.5934,791.75824,778.46155,-0.02423095703125,0.171875,0.9708251953125,3.955230712890625,-4.17205810546875,-1.36077880859375,1.0,1.0,1.0,1.0,1.0,95.0,event
12:10:28.614,0.12858808,0.84488523,0.47071737,0.6620152,0.28717345,0.25691003,-0.68851936,0.2839051,0.37786934,0.30107415,-0.4397301,0.50227964,0.76902187,0.37057716,0.35905772,1.2214417,1.107541,0.14035732,0.016641274,0.9053386,801.02563,814.3223,796.5934,842.1245,728.0952,-0.02423095703125,0.171875,0.9708251953125,3.955230712890625,-4.17205810546875,-1.36077880859375,1.0,1.0,1.0,1.0,1.0,95.0,event
12:10:28.614,0.12858808,0.84488523,0.47071737,0.6620152,0.28717345,0.25691003,-0.68851936,0.2839051,0.37786934,0.30107415,-0.4397301,0.50227964,0.76902187,0.37057716,0.35905772,1.2214417,1.107541,0.14035732,0.016641274,0.9053386,828.4249,809.89014,796.99634,822.381,724.4689,-0.02423095703125,0.171875,0.9708251953125,3.955230712890625,-4.17205810546875,-1.36077880859375,1.0,1.0,1.0,1.0,1.0,95.0,event
12:10:28.615,0.12858808,0.84488523,0.47071737,0.6620152,0.28717345,0.25691003,-0.68851936,0.2839051,0.37786934,0.30107415,-0.4397301,0.50227964,0.76902187,0.37057716,0.35905772,1.2214417,1.107541,0.14035732,0.016641274,0.9053386,799.81683,801.8315,799.011,796.99634,801.02563,-0.02423095703125,0.171875,0.9708251953125,3.955230712890625,-4.17205810546875,-1.36077880859375,1.0,1.0,1.0,1.0,1.0,95.0,event
12:10:28.615,0.12858808,0.84488523,0.47071737,0.6620152,0.28717345,0.25691003,-0.68851936,0.2839051,0.37786934,0.30107415,-0.4397301,0.50227964,0.76902187,0.37057716,0.35905772,1.2214417,1.107541,0.14035732,0.016641274,0.9053386,777.25275,793.36993,799.011,806.26373,814.3223,-0.02423095703125,0.171875,0.9708251953125,3.955230712890625,-4.17205810546875,-1.36077880859375,1.0,1.0,1.0,1.0,1.0,95.0,event
12:10:28.616,0.12858808,0.84488523,0.47071737,0.6620152,0.28717345,0.25691003,-0.68851936,0.2839051,0.37786934,0.30107415,-0.4397301,0.50227964,0.76902187,0.37057716,0.35905772,1.2214417,1.107541,0.14035732,0.016641274,0.9053386,782.0879,797.8022,803.8461,837.28937,838.49817,-0.02423095703125,0.171875,0.9708251953125,3.955230712890625,-4.17205810546875,-1.36077880859375,1.0,1.0,1.0,1.0,1.0,95.0,event
12:10:28.616,0.12858808,0.84488523,0.47071737,0.6620152,0.28717345,0.25691003,-0.68851936,0.2839051,0.37786934,0.30107415,-0.4397301,0.50227964,0.76902187,0.37057716,0.35905772,1.2214417,1.107541,0.14035732,0.016641274,0.9053386,809.4872,804.2491,805.05493,834.87177,834.0659,-0.02423095703125,0.171875,0.9708251953125,3.955230712890625,-4.17205810546875,-1.36077880859375,1.0,1.0,1.0,1.0,1.0,95.0,event
12:10:28.617,0.12858808,0.84488523,0.47071737,0.6620152,0.28717345,0.25691003,-0.68851936,0.2839051,0.37786934,0.30107415,-0.4397301,0.50227964,0.76902187,0.37057716,0.35905772,1.2214417,1.107541,0.14035732,0.016641274,0.9053386,796.5934,807.0696,796.1905,815.5311,1033.1135,-0.02423095703125,0.171875,0.9708251953125,3.955230712890625,-4.17205810546875,-1.36077880859375,1.0,1.0,1.0,1.0,1.0,95.0,event
12:10:28.617,0.12858808,0.84488523,0.47071737,0.6620152,0.28717345,0.25691003,-0.68851936,0.2839051,0.37786934,0.30107415,-0.4397301,0.50227964,0.76902187,0.37057716,0.35905772,1.2214417,1.107541,0.14035732,0.016641274,0.9053386,815.9341,809.0842,796.5934,804.2491,903.36993,-0.02423095703125,0.171875,0.9708251953125,3.955230712890625,-4.17205810546875,-1.36077880859375,1.0,1.0,1.0,1.0,1.0,95.0,event
12:10:28.618,0.12858808,0.84488523,0.47071737,0.6620152,0.28717345,0.25691003,-0.68851936,0.2839051,0.37786934,0.30107415,-0.4397301,0.50227964,0.76902187,0.37057716,0.35905772,1.2214417,1.107541,0.14035732,0.016641274,0.9053386,789.7436,794.57874,799.011,794.9817,728.9011,-0.02423095703125,0.171875,0.9708251953125,3.955230712890625,-4.17205810546875,-1.36077880859375,1.0,1.0,1.0,1.0,1.0,95.0,event
12:10:28.618,0.12858808,0.84488523,0.47071737,0.6620152,0.28717345,0.25691003,-0.68851936,0.2839051,0.37786934,0.30107415,-0.4397301,0.50227964,0.76902187,0.37057716,0.35905772,1.2214417,1.107541,0.14035732,0.016641274,0.9053386,784.90845,797.8022,802.23444,800.2198,854.21246,-0.02423095703125,0.171875,0.9708251953125,3.955230712890625,-4.17205810546875,-1.36077880859375,1.0,1.0,1.0,1.0,1.0,95.0,event
12:10:28.643,0.12858808,0.84488523,0.47071737,0.6620152,0.28717345,0.25691003,-0.68851936,0.2839051,0.37786934,0.30107415,-0.4397301,0.50227964,0.76902187,0.37057716,0.35905772,1.2214417,1.107541,0.14035732,0.016641274,0.9053386,783.69965,798.20514,791.75824,789.7436,775.64105,-0.02911376953125,0.16949462890625,0.97503662109375,2.624359130859375,-3.491668701171875,0.560760498046875,1.0,1.0,1.0,1.0,1.0,95.0,event
12:10:28.644,0.12858808,0.84488523,0.47071737,0.6620152,0.28717345,0.25691003,-0.68851936,0.2839051,0.37786934,0.30107415,-0.4397301,0.50227964,0.76902187,0.37057716,0.35905772,1.2214417,1.107541,0.14035732,0.016641274,0.9053386,768.3883,806.6667,794.57874,788.1319,769.19415,-0.02911376953125,0.16949462890625,0.97503662109375,2.624359130859375,-3.491668701171875,0.560760498046875,1.0,1.0,1.0,1.0,1.0,95.0,event
12:10:28.645,0.12858808,0.84488523,0.47071737,0.6620152,0.28717345,0.25691003,-0.68851936,0.2839051,0.37786934,0.30107415,-0.4397301,0.50227964,0.76902187,0.37057716,0.35905772,1.2214417,1.107541,0.14035732,0.016641274,0.9053386,787.326,806.26373,803.0403,826.8132,736.55676,-0.02911376953125,0.16949462890625,0.97503662109375,2.624359130859375,-3.491668701171875,0.560760498046875,1.0,1.0,1.0,1.0,1.0,95.0,event
12:10:28.645,0.12858808,0.82667935,0.47071737,0.6620152,0.28717345,0.25463852,-0.68851936,0.2839051,0.37786934,0.3006524,-0.4397301,0.50227964,0.76902187,0.3642145,0.35905772,1.2214417,1.107541,0.14109552,0.016641274,0.9053386,803.44324,807.0696,796.99634,869.5238,761.9414,-0.02911376953125,0.16949462890625,0.97503662109375,2.624359130859375,-3.491668701171875,0.560760498046875,1.0,1.0,1.0,1.0,1.0,95.0,event
12:10:28.649,0.12858808,0.82667935,0.47071737,0.6620152,0.28717345,0.25463852,-0.68851936,0.2839051,0.37786934,0.3006524,-0.4397301,0.50227964,0.76902187,0.3642145,0.35905772,1.2214417,1.107541,0.14109552,0.016641274,0.9053386,799.011,808.68134,780.07324,849.3773,822.7839,-0.02911376953125,0.16949462890625,0.97503662109375,2.624359130859375,-3.491668701171875,0.560760498046875,1.0,1.0,1.0,1.0,1.0,95.0,event
12:10:28.650,0.12858808,0.82667935,0.47071737,0.6620152,0.28717345,0.25463852,-0.68851936,0.2839051,0.37786934,0.3006524,-0.4397301,0.50227964,0.76902187,0.3642145,0.35905772,1.2214417,1.107541,0.14109552,0.016641274,0.9053386,799.41394,802.23444,790.9524,777.6557,831.2454,-0.02911376953125,0.16949462890625,0.97503662109375,2.624359130859375,-3.491668701171875,0.560760498046875,1.0,1.0,1.0,1.0,1.0,95.0,event
12:10:28.650,0.12858808,0.82667935,0.47071737,0.6620152,0.28717345,0.25463852,-0.68851936,0.2839051,0.37786934,0.3006524,-0.4397301,0.50227964,0.76902187,0.3642145,0.35905772,1.2214417,1.107541,0.14109552,0.016641274,0.9053386,803.8461,795.78754,806.26373,773.22345,778.86444,-0.02911376953125,0.16949462890625,0.97503662109375,2.624359130859375,-3.491668701171875,0.560760498046875,1.0,1.0,1.0,1.0,1.0,95.0,event
12:10:28.651,0.12858808,0.82667935,0.47071737,0.6620152,0.28717345,0.25463852,-0.68851936,0.2839051,0.37786934,0.3006524,-0.4397301,0.50227964,0.76902187,0.3642145,0.35905772,1.2214417,1.107541,0.14109552,0.016641274,0.9053386,788.5348,794.9817,803.0403,810.293,797.3993,-0.02911376953125,0.16949462890625,0.97503662109375,2.624359130859375,-3.491668701171875,0.560760498046875,1.0,1.0,1.0,1.0,1.0,95.0,event
12:10:28.651,0.12858808,0.82667935,0.47071737,0.6620152,0.28717345,0.25463852,-0.68851936,0.2839051,0.37786934,0.3006524,-0.4397301,0.50227964,0.76902187,0.3642145,0.35905772,1.2214417,1.107541,0.14109552,0.016641274,0.9053386,771.6117,799.81683,796.1905,830.0366,1067.7656,-0.02911376953125,0.16949462890625,0.97503662109375,2.624359130859375,-3.491668701171875,0.560760498046875,1.0,1.0,1.0,1.0,1.0,95.0,event
12:10:28.652,0.12858808,0.82667935,0.47071737,0.6620152,0.28717345,0.25463852,-0.68851936,0.2839051,0.37786934,0.3006524,-0.4397301,0.50227964,0.76902187,0.3642145,0.35905772,1.2214417,1.107541,0.14109552,0.016641274,0.9053386,772.01465,801.4286,794.17584,811.0989,965.0183,-0.02911376953125,0.16949462890625,0.97503662109375,2.624359130859375,-3.491668701171875,0.560760498046875,1.0,1.0,1.0,1.0,1.0,95.0,event
12:10:28.653,0.12858808,0.82667935,0.47071737,0.6620152,0.28717345,0.25463852,-0.68851936,0.2839051,0.37786934,0.3006524,-0.4397301,0.50227964,0.76902187,0.3642145,0.35905772,1.2214417,1.107541,0.14109552,0.016641274,0.9053386,785.31134,801.4286,800.2198,793.36993,739.3773,-0.02911376953125,0.16949462890625,0.97503662109375,2.624359130859375,-3.491668701171875,0.560760498046875,1.0,1.0,1.0,1.0,1.0,95.0,event
12:10:28.654,0.12858808,0.82667935,0.47071737,0.6620152,0.28717345,0.25463852,-0.68851936,0.2839051,0.37786934,0.3006524,-0.4397301,0.50227964,0.76902187,0.3642145,0.35905772,1.2214417,1.107541,0.14109552,0.016641274,0.9053386,799.41394,796.99634,807.47253,798.60803,812.3077,-0.02911376953125,0.16949462890625,0.97503662109375,2.624359130859375,-3.491668701171875,0.560760498046875,1.0,1.0,1.0,1.0,1.0,95.0,event
12:10:28.679,0.12858808,0.82667935,0.47071737,0.6620152,0.28717345,0.25463852,-0.68851936,0.2839051,0.37786934,0.3006524,-0.4397301,0.50227964,0.76902187,0.3642145,0.35905772,1.2214417,1.107541,0.14109552,0.016641274,0.9053386,815.12823,794.57874,805.8608,829.2308,770.80585,-0.03228759765625,0.1697998046875,0.97650146484375,3.461761474609375,-1.263580322265625,-0.530853271484375,1.0,1.0,1.0,1.0,1.0,95.0,event
12:10:28.680,0.12858808,0.82667935,0.47071737,0.6620152,0.28717345,0.25463852,-0.68851936,0.2839051,0.37786934,0.3006524,-0.4397301,0.50227964,0.76902187,0.3642145,0.35905772,1.2214417,1.107541,0.14109552,0.016641274,0.9053386,783.69965,805.8608,799.011,807.47253,676.9231,-0.03228759765625,0.1697998046875,0.97650146484375,3.461761474609375,-1.263580322265625,-0.530853271484375,1.0,1.0,1.0,1.0,1.0,95.0,event
12:10:28.681,0.12858808,0.82667935,0.47071737,0.6620152,0.28717345,0.25463852,-0.68851936,0.2839051,0.37786934,0.3006524,-0.4397301,0.50227964,0.76902187,0.3642145,0.35905772,1.2214417,1.107541,0.14109552,0.016641274,0.9053386,757.50916,811.0989,789.7436,787.326,662.4176,-0.03228759765625,0.1697998046875,0.97650146484375,3.461761474609375,-1.263580322265625,-0.530853271484375,1.0,1.0,1.0,1.0,1.0,95.0,event
12:10:28.682,0.12858808,0.82667935,0.47071737,0.6620152,0.28717345,0.25463852,-0.68851936,0.2839051,0.37786934,0.3006524,-0.4397301,0.50227964,0.76902187,0.3642145,0.35905772,1.2214417,1.107541,0.14109552,0.016641274,0.9053386,772.8205,799.81683,788.1319,785.7143,755.4945,-0.03228759765625,0.1697998046875,0.97650146484375,3.461761474609375,-1.263580322265625,-0.530853271484375,1.0,1.0,1.0,1.0,1.0,95.0,event
12:10:28.683,0.12858808,0.82667935,0.47071737,0.6620152,0.28717345,0.25463852,-0.68851936,0.2839051,0.37786934,0.3006524,-0.4397301,0.50227964,0.76902187,0.3642145,0.35905772,1.2214417,1.107541,0.14109552,0.016641274,0.9053386,769.59705,792.96704,788.1319,741.79486,756.30035,-0.03228759765625,0.1697998046875,0.97650146484375,3.461761474609375,-1.263580322265625,-0.530853271484375,1.0,1.0,1.0,1.0,1.0,95.0,event
12:10:28.686,0.12858808,0.82667935,0.47071737,0.6620152,0.28717345,0.25463852,-0.68851936,0.2839051,0.37786934,0.3006524,-0.4397301,0.50227964,0.76902187,0.3642145,0.35905772,1.2214417,1.107541,0.14109552,0.016641274,0.9053386,745.82416,801.8315,790.54944,732.9304,725.2747,-0.03228759765625,0.1697998046875,0.97650146484375,3.461761474609375,-1.263580322265625,-0.530853271484375,1.0,1.0,1.0,1.0,1.0,95.0,event
12:10:28.687,0.12858808,0.82667935,0.47071737,0.6620152,0.28717345,0.25463852,-0.68851936,0.2839051,0.37786934,0.3006524,-0.4397301,0.50227964,0.76902187,0.3642145,0.35905772,1.2214417,1.107541,0.14109552,0.016641274,0.9053386,743.4066,800.2198,805.8608,749.85345,782.0879,-0.03228759765625,0.1697998046875,0.97650146484375,3.461761474609375,-1.263580322265625,-0.530853271484375,1.0,1.0,1.0,1.0,1.0,95.0,event
12:10:28.688,0.12858808,0.82667935,0.47071737,0.6620152,0.28717345,0.25463852,-0.68851936,0.2839051,0.37786934,0.3006524,-0.4397301,0.50227964,0.76902187,0.3642145,0.35905772,1.2214417,1.107541,0.14109552,0.016641274,0.9053386,733.3333,801.4286,785.7143,767.1795,916.26373,-0.03228759765625,0.1697998046875,0.97650146484375,3.461761474609375,-1.263580322265625,-0.530853271484375,1.0,1.0,1.0,1.0,1.0,95.0,event
12:10:28.689,0.12858808,0.82667935,0.47071737,0.6620152,0.28717345,0.25463852,-0.68851936,0.2839051,0.37786934,0.3006524,-0.4397301,0.50227964,0.76902187,0.3642145,0.35905772,1.2214417,1.107541,0.14109552,0.016641274,0.9053386,704.3223,804.65204,776.4469,755.09155,948.0952,-0.03228759765625,0.1697998046875,0.97650146484375,3.461761474609375,-1.263580322265625,-0.530853271484375,1.0,1.0,1.0,1.0,1.0,95.0,event
12:10:28.691,0.12858808,0.82667935,0.47071737,0.6620152,0.28717345,0.25463852,-0.68851936,0.2839051,0.37786934,0.3006524,-0.4397301,0.50227964,0.76902187,0.3642145,0.35905772,1.2214417,1.107541,0.14109552,0.016641274,0.9053386,677.326,791.75824,811.50183,673.69965,670.87915,-0.03228759765625,0.1697998046875,0.97650146484375,3.461761474609375,-1.263580322265625,-0.530853271484375,1.0,1.0,1.0,1.0,1.0,95.0,event
12:10:28.692,0.12858808,0.82667935,0.47071737,0.6620152,0.28717345,0.25463852,-0.68851936,0.2839051,0.37786934,0.3006524,-0.4397301,0.50227964,0.76902187,0.3642145,0.35905772,1.2214417,1.107541,0.14109552,0.016641274,0.9053386,692.23444,803.8461,808.68134,656.77655,695.05493,-0.03228759765625,0.1697998046875,0.97650146484375,3.461761474609375,-1.263580322265625,-0.530853271484375,1.0,1.0,1.0,1.0,1.0,95.0,event
12:10:28.693,0.12858808,0.82667935,0.47071737,0.6620152,0.28717345,0.25463852,-0.68851936,0.2839051,0.37786934,0.3006524,-0.4397301,0.50227964,0.76902187,0.3642145,0.35905772,1.2214417,1.107541,0.14109552,0.016641274,0.9053386,705.9341,819.15753,793.36993,681.3553,975.09155,-0.03228759765625,0.1697998046875,0.97650146484375,3.461761474609375,-1.263580322265625,-0.530853271484375,1.0,1.0,1.0,1.0,1.0,95.0,event
12:10:28.742,0.12858808,0.82667935,0.47071737,0.6620152,0.28717345,0.25463852,-0.68851936,0.2839051,0.37786934,0.3006524,-0.4397301,0.50227964,0.76902187,0.3642145,0.35905772,1.2214417,1.107541,0.14109552,0.016641274,0.9053386,725.6777,824.3956,803.0403,703.91943,892.49084,-0.03826904296875,0.1708984375,0.97265625,3.0804443359375,-6.35528564453125,-0.620574951171875,1.0,1.0,1.0,1.0,1.0,95.0,event
12:10:28.744,0.12858808,0.82667935,0.47071737,0.6620152,0.28717345,0.25463852,-0.68851936,0.2839051,0.37786934,0.3006524,-0.4397301,0.50227964,0.76902187,0.3642145,0.35905772,1.2214417,1.107541,0.14109552,0.016641274,0.9053386,726.08057,817.5458,794.17584,727.28937,701.50183,-0.03826904296875,0.1708984375,0.97265625,3.0804443359375,-6.35528564453125,-0.620574951171875,1.0,1.0,1.0,1.0,1.0,95.0,event
12:10:28.745,0.12858808,0.82667935,0.47071737,0.6620152,0.28717345,0.25463852,-0.68851936,0.2839051,0.37786934,0.3006524,-0.4397301,0.50227964,0.76902187,0.3642145,0.35905772,1.2214417,1.107541,0.14109552,0.016641274,0.9053386,702.3077,799.41394,799.41394,728.0952,775.64105,-0.03826904296875,0.1708984375,0.97265625,3.0804443359375,-6.35528564453125,-0.620574951171875,1.0,1.0,1.0,1.0,1.0,95.0,event
12:10:28.746,0.12858808,0.82667935,0.47071737,0.6620152,0.28717345,0.25463852,-0.68851936,0.2839051,0.37786934,0.3006524,-0.4397301,0.50227964,0.76902187,0.3642145,0.35905772,1.2214417,1.107541,0.14109552,0.016641274,0.9053386,691.4286,807.8755,800.6227,720.84247,914.65204,-0.03826904296875,0.1708984375,0.97265625,3.0804443359375,-6.35528564453125,-0.620574951171875,1.0,1.0,1.0,1.0,1.0,95.0,event
12:10:28.746,0.12858808,0.82667935,0.47071737,0.6620152,0.28717345,0.25463852,-0.68851936,0.2839051,0.37786934,0.3006524,-0.4397301,0.50227964,0.76902187,0.3642145,0.35905772,1.2214417,1.107541,0.14109552,0.016641274,0.9053386,723.663,815.12823,792.5641,710.3663,812.3077,-0.03826904296875,0.1708984375,0.97265625,3.0804443359375,-6.35528564453125,-0.620574951171875,1.0,1.0,1.0,1.0,1.0,95.0,event
12:10:28.747,0.12858808,0.7886759,0.47071737,0.6620152,0.28717345,0.24979435,-0.68851936,0.2839051,0.37786934,0.30003822,-0.4397301,0.50227964,0.76902187,0.3537088,0.35905772,1.2214417,1.107541,0.14727573,0.016641274,0.9053386,749.45056,813.1135,790.54944,711.1722,834.0659,-0.03826904296875,0.1708984375,0.97265625,3.0804443359375,-6.35528564453125,-0.620574951171875,1.0,1.0,1.0,1.0,1.0,95.0,event
12:10:28.751,0.12858808,0.7886759,0.47071737,0.6620152,0.28717345,0.24979435,-0.68851936,0.2839051,0.37786934,0.30003822,-0.4397301,0.50227964,0.76902187,0.3537088,0.35905772,1.2214417,1.107541,0.14727573,0.016641274,0.9053386,762.74725,809.0842,792.5641,756.7033,948.9011,-0.03826904296875,0.1708984375,0.97265625,3.0804443359375,-6.35528564453125,-0.620574951171875,1.0,1.0,1.0,1.0,1.0,95.0,event
12:10:28.752,0.12858808,0.7886759,0.47071737,0.6620152,0.28717345,0.24979435,-0.68851936,0.2839051,0.37786934,0.30003822,-0.4397301,0.50227964,0.76902187,0.3537088,0.35905772,1.2214417,1.107541,0.14727573,0.016641274,0.9053386,778.86444,813.1135,794.9817,790.14655,1046.4103,-0.03826904296875,0.1708984375,0.97265625,3.0804443359375,-6.35528564453125,-0.620574951171875,1.0,1.0,1.0,1.0,1.0,95.0,event
12:10:28.753,0.12858808,0.7886759,0.47071737,0.6620152,0.28717345,0.24979435,-0.68851936,0.2839051,0.37786934,0.30003822,-0.4397301,0.50227964,0.76902187,0.3537088,0.35905772,1.2214417,1.107541,0.14727573,0.016641274,0.9053386,767.5824,815.9341,790.14655,819.15753,907.3993,-0.03826904296875,0.1708984375,0.97265625,3.0804443359375,-6.35528564453125,-0.620574951171875,1.0,1.0,1.0,1.0,1.0,95.0,event
12:10:28.754,0.12858808,0.7886759,0.47071737,0.6620152,0.28717345,0.24979435,-0.68851936,0.2839051,0.37786934,0.30003822,-0.4397301,0.50227964,0.76902187,0.3537088,0.35905772,1.2214417,1.107541,0.14727573,0.016641274,0.9053386,775.2381,808.2784,792.96704,799.81683,744.21246,-0.03826904296875,0.1708984375,0.97265625,3.0804443359375,-6.35528564453125,-0.620574951171875,1.0,1.0,1.0,1.0,1.0,95.0,event
12:10:28.754,0.12858808,0.7886759,0.47071737,0.6620152,0.28717345,0.24979435,-0.68851936,0.2839051,0.37786934,0.30003822,-0.4397301,0.50227964,0.76902187,0.3537088,0.35905772,1.2214417,1.107541,0.14727573,0.016641274,0.9053386,779.2674,813.5165,790.9524,774.0293,809.89014,-0.03826904296875,0.1708984375,0.97265625,3.0804443359375,-6.35528564453125,-0.620574951171875,1.0,1.0,1.0,1.0,1.0,95.0,event
12:10:28.755,0.12858808,0.7886759,0.47071737,0.6620152,0.28717345,0.24979435,-0.68851936,0.2839051,0.37786934,0.30003822,-0.4397301,0.50227964,0.76902187,0.3537088,0.35905772,1.2214417,1.107541,0.14727573,0.016641274,0.9053386,772.4176,819.15753,799.41394,790.14655,810.696,-0.03826904296875,0.1708984375,0.97265625,3.0804443359375,-6.35528564453125,-0.620574951171875,1.0,1.0,1.0,1.0,1.0,95.0,event
12:10:28.778,0.12858808,0.7886759,0.47071737,0.6620152,0.28717345,0.24979435,-0.68851936,0.2839051,0.37786934,0.30003822,-0.4397301,0.50227964,0.76902187,0.3537088,0.35905772,1.2214417,1.107541,0.14727573,0.016641274,0.9053386,794.57874,823.9927,802.23444,767.1795,795.78754,-0.03826904296875,0.1708984375,0.97265625,3.0804443359375,-6.35528564453125,-0.620574951171875,1.0,1.0,1.0,1.0,1.0,95.0,event
12:10:28.779,0.12858808,0.7886759,0.47071737,0.6620152,0.28717345,0.24979435,-0.68851936,0.2839051,0.37786934,0.30003822,-0.4397301,0.50227964,0.76902187,0.3537088,0.35905772,1.2214417,1.107541,0.14727573,0.016641274,0.9053386,790.9524,824.7985,801.02563,747.8388,766.77655,-0.03826904296875,0.1708984375,0.97265625,3.0804443359375,-6.35528564453125,-0.620574951171875,1.0,1.0,1.0,1.0,1.0,95.0,event
12:10:28.779,0.12858808,0.7886759,0.47071737,0.6620152,0.28717345,0.24979435,-0.68851936,0.2839051,0.37786934,0.30003822,-0.4397301,0.50227964,0.76902187,0.3537088,0.35905772,1.2214417,1.107541,0.14727573,0.016641274,0.9053386,778.46155,818.7546,805.05493,774.43225,818.3516,-0.03826904296875,0.1708984375,0.97265625,3.0804443359375,-6.35528564453125,-0.620574951171875,1.0,1.0,1.0,1.0,1.0,95.0,event
12:10:28.780,0.12858808,0.7886759,0.47071737,0.6620152,0.28717345,0.24979435,-0.68851936,0.2839051,0.37786934,0.30003822,-0.4397301,0.50227964,0.76902187,0.3537088,0.35905772,1.2214417,1.107541,0.14727573,0.016641274,0.9053386,797.3993,818.7546,799.41394,813.91943,865.4945,-0.03826904296875,0.1708984375,0.97265625,3.0804443359375,-6.35528564453125,-0.620574951171875,1.0,1.0,1.0,1.0,1.0,95.0,event
12:10:28.780,0.12858808,0.7886759,0.47071737,0.6620152,0.28717345,0.24979435,-0.68851936,0.2839051,0.37786934,0.30003822,-0.4397301,0.50227964,0.76902187,0.3537088,0.35905772,1.2214417,1.107541,0.14727573,0.016641274,0.9053386,797.8022,820.3663,799.011,814.3223,826.0073,-0.03826904296875,0.1708984375,0.97265625,3.0804443359375,-6.35528564453125,-0.620574951171875,1.0,1.0,1.0,1.0,1.0,95.0,event
12:10:28.781,0.12858808,0.7886759,0.47071737,0.6620152,0.28717345,0.24979435,-0.68851936,0.2839051,0.37786934,0.30003822,-0.4397301,0.50227964,0.76902187,0.3537088,0.35905772,1.2214417,1.107541,0.14727573,0.016641274,0.9053386,771.2088,815.9341,799.011,769.59705,1038.7546,-0.03826904296875,0.1708984375,0.97265625,3.0804443359375,-6.35528564453125,-0.620574951171875,1.0,1.0,1.0,1.0,1.0,95.0,event
12:10:28.781,0.12858808,0.7886759,0.47071737,0.6620152,0.28717345,0.24979435,-0.68851936,0.2839051,0.37786934,0.30003822,-0.4397301,0.50227964,0.76902187,0.3537088,0.35905772,1.2214417,1.107541,0.14727573,0.016641274,0.9053386,765.56775,817.1429,801.4286,788.93774,878.3883,-0.03826904296875,0.1708984375,0.97265625,3.0804443359375,-6.35528564453125,-0.620574951171875,1.0,1.0,1.0,1.0,1.0,95.0,event
12:10:28.782,0.12858808,0.7886759,0.47071737,0.6620152,0.28717345,0.24979435,-0.68851936,0.2839051,0.37786934,0.30003822,-0.4397301,0.50227964,0.76902187,0.3537088,0.35905772,1.2214417,1.107541,0.14727573,0.016641274,0.9053386,802.6374,819.5604,797.8022,756.7033,1058.0952,-0.03826904296875,0.1708984375,0.97265625,3.0804443359375,-6.35528564453125,-0.620574951171875,1.0,1.0,1.0,1.0,1.0,95.0,event
12:10:28.782,0.12858808,0.7886759,0.47071737,0.6620152,0.28717345,0.24979435,-0.68851936,0.2839051,0.37786934,0.30003822,-0.4397301,0.50227964,0.76902187,0.3537088,0.35905772,1.2214417,1.107541,0.14727573,0.016641274,0.9053386,792.5641,817.1429,788.1319,784.5055,820.7692,-0.03826904296875,0.1708984375,0.97265625,3.0804443359375,-6.35528564453125,-0.620574951171875,1.0,1.0,1.0,1.0,1.0,95.0,event
12:10:28.782,0.12858808,0.7886759,0.47071737,0.6620152,0.28717345,0.24979435,-0.68851936,0.2839051,0.37786934,0.30003822,-0.4397301,0.50227964,0.76902187,0.3537088,0.35905772,1.2214417,1.107541,0.14727573,0.016641274,0.9053386,794.57874,815.9341,787.326,815.5311,742.6007,-0.03826904296875,0.1708984375,0.97265625,3.0804443359375,-6.35528564453125,-0.620574951171875,1.0,1.0,1.0,1.0,1.0,95.0,event
12:10:28.783,0.12858808,0.7886759,0.47071737,0.6620152,0.28717345,0.24979435,-0.68851936,0.2839051,0.37786934,0.30003822,-0.4397301,0.50227964,0.76902187,0.3537088,0.35905772,1.2214417,1.107541,0.14727573,0.016641274,0.9053386,806.6667,817.9487,794.17584,787.72894,819.5604,-0.03826904296875,0.1708984375,0.97265625,3.0804443359375,-6.35528564453125,-0.620574951171875,1.0,1.0,1.0,1.0,1.0,95.0,event
12:10:28.783,0.12858808,0.7886759,0.47071737,0.6620152,0.28717345,0.24979435,-0.68851936,0.2839051,0.37786934,0.30003822,-0.4397301,0.50227964,0.76902187,0.3537088,0.35905772,1.2214417,1.107541,0.14727573,0.016641274,0.9053386,798.20514,807.0696,796.1905,768.7912,790.9524,-0.03826904296875,0.1708984375,0.97265625,3.0804443359375,-6.35528564453125,-0.620574951171875,1.0,1.0,1.0,1.0,1.0,95.0,event
12:10:28.882,0.12858808,0.7886759,0.47071737,0.6620152,0.28717345,0.24979435,-0.68851936,0.2839051,0.37786934,0.30003822,-0.4397301,0.50227964,0.76902187,0.3537088,0.35905772,1.2214417,1.107541,0.14727573,0.016641274,0.9053386,793.7729,799.41394,802.23444,803.0403,668.46155,-0.02398681640625,0.1759033203125,0.97650146484375,2.94586181640625,-8.605804443359375,0.6280517578125,1.0,1.0,1.0,1.0,1.0,95.0,event
12:10:28.883,0.12858808,0.7886759,0.47071737,0.6620152,0.28717345,0.24979435,-0.68851936,0.2839051,0.37786934,0.30003822,-0.4397301,0.50227964,0.76902187,0.3537088,0.35905772,1.2214417,1.107541,0.14727573,0.016641274,0.9053386,810.696,811.0989,789.34064,813.91943,684.9817,-0.02398681640625,0.1759033203125,0.97650146484375,2.94586181640625,-8.605804443359375,0.6280517578125,1.0,1.0,1.0,1.0,1.0,95.0,event
12:10:28.884,0.12858808,0.7886759,0.47071737,0.6620152,0.28717345,0.24979435,-0.68851936,0.2839051,0.37786934,0.30003822,-0.4397301,0.50227964,0.76902187,0.3537088,0.35905772,1.2214417,1.107541,0.14727573,0.016641274,0.9053386,806.26373,823.5897,784.90845,806.6667,762.3443,-0.02398681640625,0.1759033203125,0.97650146484375,2.94586181640625,-8.605804443359375,0.6280517578125,1.0,1.0,1.0,1.0,1.0,95.0,event
12:10:28.885,0.12858808,0.7886759,0.47071737,0.6620152,0.28717345,0.24979435,-0.68851936,0.2839051,0.37786934,0.30003822,-0.4397301,0.50227964,0.76902187,0.3537088,0.35905772,1.2214417,1.107541,0.14727573,0.016641274,0.9053386,793.7729,827.619,794.9817,782.8938,724.0659,-0.02398681640625,0.1759033203125,0.97650146484375,2.94586181640625,-8.605804443359375,0.6280517578125,1.0,1.0,1.0,1.0,1.0,95.0,event
12:10:28.885,0.12858808,0.7886759,0.47071737,0.6620152,0.28717345,0.24979435,-0.68851936,0.2839051,0.37786934,0.30003822,-0.4397301,0.50227964,0.76902187,0.3537088,0.35905772,1.2214417,1.107541,0.14727573,0.016641274,0.9053386,801.4286,827.2161,794.9817,766.3736,706.7399,-0.02398681640625,0.1759033203125,0.97650146484375,2.94586181640625,-8.605804443359375,0.6280517578125,1.0,1.0,1.0,1.0,1.0,95.0,event
12:10:28.886,0.12858808,0.7886759,0.47071737,0.6620152,0.28717345,0.24979435,-0.68851936,0.2839051,0.37786934,0.30003822,-0.4397301,0.50227964,0.76902187,0.3537088,0.35905772,1.2214417,1.107541,0.14727573,0.016641274,0.9053386,767.98535,814.7253,803.8461,793.7729,807.0696,-0.02398681640625,0.1759033203125,0.97650146484375,2.94586181640625,-8.605804443359375,0.6280517578125,1.0,1.0,1.0,1.0,1.0,95.0,event
12:10:28.887,0.12858808,0.7886759,0.47071737,0.6620152,0.28717345,0.24979435,-0.68851936,0.2839051,0.37786934,0.30003822,-0.4397301,0.50227964,0.76902187,0.3537088,0.35905772,1.2214417,1.107541,0.14727573,0.016641274,0.9053386,761.13556,806.26373,806.26373,826.8132,1125.3846,-0.02398681640625,0.1759033203125,0.97650146484375,2.94586181640625,-8.605804443359375,0.6280517578125,1.0,1.0,1.0,1.0,1.0,95.0,event
12:10:28.887,0.12858808,0.724051,0.47071737,0.6620152,0.28717345,0.23603255,-0.68851936,0.2839051,0.37786934,0.2892872,-0.4397301,0.50227964,0.76902187,0.34362158,0.35905772,1.2214417,1.107541,0.16007936,0.016641274,0.9053386,792.1612,811.50183,800.6227,776.8498,1021.8315,-0.02398681640625,0.1759033203125,0.97650146484375,2.94586181640625,-8.605804443359375,0.6280517578125,1.0,1.0,1.0,1.0,1.0,95.0,event
12:10:28.891,0.12858808,0.724051,0.47071737,0.6620152,0.28717345,0.23603255,-0.68851936,0.2839051,0.37786934,0.2892872,-0.4397301,0.50227964,0.76902187,0.34362158,0.35905772,1.2214417,1.107541,0.16007936,0.016641274,0.9053386,783.69965,811.0989,803.44324,770.0,726.08057,-0.02398681640625,0.1759033203125,0.97650146484375,2.94586181640625,-8.605804443359375,0.6280517578125,1.0,1.0,1.0,1.0,1.0,95.0,event
12:10:28.892,0.12858808,0.724051,0.47071737,0.6620152,0.28717345,0.23603255,-0.68851936,0.2839051,0.37786934,0.2892872,-0.4397301,0.50227964,0.76902187,0.34362158,0.35905772,1.2214417,1.107541,0.16007936,0.016641274,0.9053386,756.7033,804.65204,803.0403,817.9487,798.60803,-0.02398681640625,0.1759033203125,0.97650146484375,2.94586181640625,-8.605804443359375,0.6280517578125,1.0,1.0,1.0,1.0,1.0,95.0,event
12:10:28.892,0.12858808,0.724051,0.47071737,0.6620152,0.28717345,0.23603255,-0.68851936,0.2839051,0.37786934,0.2892872,-0.4397301,0.50227964,0.76902187,0.34362158,0.35905772,1.2214417,1.107541,0.16007936,0.016641274,0.9053386,782.8938,811.50183,796.1905,820.3663,978.71796,-0.02398681640625,0.1759033203125,0.97650146484375,2.94586181640625,-8.605804443359375,0.6280517578125,1.0,1.0,1.0,1.0,1.0,95.0,event
12:10:28.893,0.12858808,0.724051,0.47071737,0.6620152,0.28717345,0.23603255,-0.68851936,0.2839051,0.37786934,0.2892872,-0.4397301,0.50227964,0.76902187,0.34362158,0.35905772,1.2214417,1.107541,0.16007936,0.016641274,0.9053386,809.4872,811.9048,790.14655,788.5348,860.65936,-0.02398681640625,0.1759033203125,0.97650146484375,2.94586181640625,-8.605804443359375,0.6280517578125,1.0,1.0,1.0,1.0,1.0,95.0,event
12:10:28.915,0.12858808,0.724051,0.47071737,0.6620152,0.28717345,0.23603255,-0.68851936,0.2839051,0.37786934,0.2892872,-0.4397301,0.50227964,0.76902187,0.34362158,0.35905772,1.2214417,1.107541,0.16007936,0.016641274,0.9053386,791.75824,811.0989,787.326,767.5824,718.8278,-0.0216064453125,0.15887451171875,0.96942138671875,3.028106689453125,-6.400146484375,-0.590667724609375,1.0,1.0,1.0,1.0,1.0,95.0,event
12:10:28.916,0.12858808,0.724051,0.47071737,0.6620152,0.28717345,0.23603255,-0.68851936,0.2839051,0.37786934,0.2892872,-0.4397301,0.50227964,0.76902187,0.34362158,0.35905772,1.2214417,1.107541,0.16007936,0.016641274,0.9053386,785.7143,819.5604,788.93774,788.93774,805.4579,-0.0216064453125,0.15887451171875,0.96942138671875,3.028106689453125,-6.400146484375,-0.590667724609375,1.0,1.0,1.0,1.0,1.0,95.0,event
12:10:28.917,0.12858808,0.724051,0.47071737,0.6620152,0.28717345,0.23603255,-0.68851936,0.2839051,0.37786934,0.2892872,-0.4397301,0.50227964,0.76902187,0.34362158,0.35905772,1.2214417,1.107541,0.16007936,0.016641274,0.9053386,786.52014,816.7399,797.3993,812.71063,815.12823,-0.0216064453125,0.15887451171875,0.96942138671875,3.028106689453125,-6.400146484375,-0.590667724609375,1.0,1.0,1.0,1.0,1.0,95.0,event
12:10:28.918,0.12858808,0.724051,0.47071737,0.6620152,0.28717345,0.23603255,-0.68851936,0.2839051,0.37786934,0.2892872,-0.4397301,0.50227964,0.76902187,0.34362158,0.35905772,1.2214417,1.107541,0.16007936,0.016641274,0.9053386,784.5055,809.0842,803.8461,789.34064,722.8571,-0.0216064453125,0.15887451171875,0.96942138671875,3.028106689453125,-6.400146484375,-0.590667724609375,1.0,1.0,1.0,1.0,1.0,95.0,event
12:10:28.918,0.12858808,0.724051,0.47071737,0.6620152,0.28717345,0.23603255,-0.68851936,0.2839051,0.37786934,0.2892872,-0.4397301,0.50227964,0.76902187,0.34362158,0.35905772,1.2214417,1.107541,0.16007936,0.016641274,0.9053386,770.40295,807.47253,804.2491,781.685,708.7546,-0.0216064453125,0.15887451171875,0.96942138671875,3.028106689453125,-6.400146484375,-0.590667724609375,1.0,1.0,1.0,1.0,1.0,95.0,event
12:10:28.919,0.12858808,0.724051,0.47071737,0.6620152,0.28717345,0.23603255,-0.68851936,0.2839051,0.37786934,0.2892872,-0.4397301,0.50227964,0.76902187,0.34362158,0.35905772,1.2214417,1.107541,0.16007936,0.016641274,0.9053386,798.60803,814.3223,800.2198,845.34796,912.23444,-0.0216064453125,0.15887451171875,0.96942138671875,3.028106689453125,-6.400146484375,-0.590667724609375,1.0,1.0,1.0,1.0,1.0,95.0,event
12:10:28.921,0.12858808,0.724051,0.47071737,0.6620152,0.28717345,0.23603255,-0.68851936,0.2839051,0.37786934,0.2892872,-0.4397301,0.50227964,0.76902187,0.34362158,0.35905772,1.2214417,1.107541,0.16007936,0.016641274,0.9053386,814.3223,813.91943,797.8022,821.5751,982.74725,-0.0216064453125,0.15887451171875,0.96942138671875,3.028106689453125,-6.400146484375,-0.590667724609375,1.0,1.0,1.0,1.0,1.0,95.0,event
12:10:28.922,0.12858808,0.724051,0.47071737,0.6620152,0.28717345,0.23603255,-0.68851936,0.2839051,0.37786934,0.2892872,-0.4397301,0.50227964,0.76902187,0.34362158,0.35905772,1.2214417,1.107541,0.16007936,0.016641274,0.9053386,824.7985,813.5165,792.5641,804.65204,796.99634,-0.0216064453125,0.15887451171875,0.96942138671875,3.028106689453125,-6.400146484375,-0.590667724609375,1.0,1.0,1.0,1.0,1.0,95.0,event
12:10:28.922,0.12858808,0.724051,0.47071737,0.6620152,0.28717345,0.23603255,-0.68851936,0.2839051,0.37786934,0.2892872,-0.4397301,0.50227964,0.76902187,0.34362158,0.35905772,1.2214417,1.107541,0.16007936,0.016641274,0.9053386,774.43225,816.7399,784.5055,802.23444,794.9817,-0.0216064453125,0.15887451171875,0.96942138671875,3.028106689453125,-6.400146484375,-0.590667724609375,1.0,1.0,1.0,1.0,1.0,95.0,event
12:10:28.923,0.12858808,0.724051,0.47071737,0.6620152,0.28717345,0.23603255,-0.68851936,0.2839051,0.37786934,0.2892872,-0.4397301,0.50227964,0.76902187,0.34362158,0.35905772,1.2214417,1.107541,0.16007936,0.016641274,0.9053386,763.1502,817.9487,787.72894,764.7619,931.978,-0.0216064453125,0.15887451171875,0.96942138671875,3.028106689453125,-6.400146484375,-0.590667724609375,1.0,1.0,1.0,1.0,1.0,95.0,event
12:10:28.924,0.12858808,0.724051,0.47071737,0.6620152,0.28717345,0.23603255,-0.68851936,0.2839051,0.37786934,0.2892872,-0.4397301,0.50227964,0.76902187,0.34362158,0.35905772,1.2214417,1.107541,0.16007936,0.016641274,0.9053386,775.2381,815.12823,797.3993,776.4469,838.9011,-0.0216064453125,0.15887451171875,0.96942138671875,3.028106689453125,-6.400146484375,-0.590667724609375,1.0,1.0,1.0,1.0,1.0,95.0,event
12:10:28.925,0.12858808,0.724051,0.47071737,0.6620152,0.28717345,0.23603255,-0.68851936,0.2839051,0.37786934,0.2892872,-0.4397301,0.50227964,0.76902187,0.34362158,0.35905772,1.2214417,1.107541,0.16007936,0.016641274,0.9053386,762.3443,807.47253,802.23444,808.68134,693.0403,-0.0216064453125,0.15887451171875,0.96942138671875,3.028106689453125,-6.400146484375,-0.590667724609375,1.0,1.0,1.0,1.0,1.0,95.0,event
12:10:28.959,0.12858808,0.724051,0.47071737,0.6620152,0.28717345,0.23603255,-0.68851936,0.2839051,0.37786934,0.2892872,-0.4397301,0.50227964,0.76902187,0.34362158,0.35905772,1.2214417,1.107541,0.16007936,0.016641274,0.9053386,766.77655,803.44324,795.38464,802.6374,714.7985,-0.01617431640625,0.1656494140625,0.966064453125,4.209442138671875,-6.71417236328125,1.039276123046875,1.0,1.0,1.0,1.0,1.0,95.0,event
12:10:28.960,0.12858808,0.724051,0.47071737,0.6620152,0.28717345,0.23603255,-0.68851936,0.2839051,0.37786934,0.2892872,-0.4397301,0.50227964,0.76902187,0.34362158,0.35905772,1.2214417,1.107541,0.16007936,0.016641274,0.9053386,782.8938,803.8461,776.8498,808.68134,904.9817,-0.01617431640625,0.1656494140625,0.966064453125,4.209442138671875,-6.71417236328125,1.039276123046875,1.0,1.0,1.0,1.0,1.0,95.0,event
12:10:28.961,0.12858808,0.724051,0.47071737,0.6620152,0.28717345,0.23603255,-0.68851936,0.2839051,0.37786934,0.2892872,-0.4397301,0.50227964,0.76902187,0.34362158,0.35905772,1.2214417,1.107541,0.16007936,0.016641274,0.9053386,803.44324,810.696,805.05493,797.8022,710.3663,-0.01617431640625,0.1656494140625,0.966064453125,4.209442138671875,-6.71417236328125,1.039276123046875,1.0,1.0,1.0,1.0,1.0,95.0,event
12:10:28.961,0.12858808,0.724051,0.47071737,0.6620152,0.28717345,0.23603255,-0.68851936,0.2839051,0.37786934,0.2892872,-0.4397301,0.50227964,0.76902187,0.34362158,0.35905772,1.2214417,1.107541,0.16007936,0.016641274,0.9053386,808.68134,802.23444,788.1319,847.3626,866.7033,-0.01617431640625,0.1656494140625,0.966064453125,4.209442138671875,-6.71417236328125,1.039276123046875,1.0,1.0,1.0,1.0,1.0,95.0,event
12:10:28.962,0.12858808,0.724051,0.47071737,0.6620152,0.28717345,0.23603255,-0.68851936,0.2839051,0.37786934,0.2892872,-0.4397301,0.50227964,0.76902187,0.34362158,0.35905772,1.2214417,1.107541,0.16007936,0.016641274,0.9053386,776.8498,821.1722,790.9524,736.55676,819.15753,-0.01617431640625,0.1656494140625,0.966064453125,4.209442138671875,-6.71417236328125,1.039276123046875,1.0,1.0,1.0,1.0,1.0,95.0,event
12:10:28.962,0.12858808,0.724051,0.47071737,0.6620152,0.28717345,0.23603255,-0.68851936,0.2839051,0.37786934,0.2892872,-0.4397301,0.50227964,0.76902187,0.34362158,0.35905772,1.2214417,1.107541,0.16007936,0.016641274,0.9053386,757.1062,817.5458,782.8938,754.2857,915.05493,-0.01617431640625,0.1656494140625,0.966064453125,4.209442138671875,-6.71417236328125,1.039276123046875,1.0,1.0,1.0,1.0,1.0,95.0,event
12:10:28.963,0.12858808,0.724051,0.47071737,0.6620152,0.28717345,0.23603255,-0.68851936,0.2839051,0.37786934,0.2892872,-0.4397301,0.50227964,0.76902187,0.34362158,0.35905772,1.2214417,1.107541,0.16007936,0.016641274,0.9053386,767.1795,811.0989,792.1612,787.326,832.4542,-0.01617431640625,0.1656494140625,0.966064453125,4.209442138671875,-6.71417236328125,1.039276123046875,1.0,1.0,1.0,1.0,1.0,95.0,event
12:10:28.964,0.12858808,0.724051,0.47071737,0.6620152,0.28717345,0.23603255,-0.68851936,0.2839051,0.37786934,0.2892872,-0.4397301,0.50227964,0.76902187,0.34362158,0.35905772,1.2214417,1.107541,0.16007936,0.016641274,0.9053386,814.7253,804.65204,792.5641,788.5348,772.01465,-0.01617431640625,0.1656494140625,0.966064453125,4.209442138671875,-6.71417236328125,1.039276123046875,1.0,1.0,1.0,1.0,1.0,95.0,event
12:10:28.964,0.12858808,0.724051,0.47071737,0.6620152,0.28717345,0.23603255,-0.68851936,0.2839051,0.37786934,0.2892872,-0.4397301,0.50227964,0.76902187,0.34362158,0.35905772,1.2214417,1.107541,0.16007936,0.016641274,0.9053386,795.38464,794.9817,792.5641,793.7729,767.98535,-0.01617431640625,0.1656494140625,0.966064453125,4.209442138671875,-6.71417236328125,1.039276123046875,1.0,1.0,1.0,1.0,1.0,95.0,event
12:10:28.965,0.12858808,0.64391094,-0.14029731,0.6620152,0.28717345,0.20995371,-0.23720518,0.2839051,0.37786934,0.27671832,-0.08617539,0.50227964,0.76902187,0.33769664,0.4442637,1.2214417,1.107541,0.1762986,0.15067373,0.9053386,778.0586,809.4872,796.1905,814.3223,998.86444,-0.01617431640625,0.1656494140625,0.966064453125,4.209442138671875,-6.71417236328125,1.039276123046875,1.0,1.0,1.0,1.0,1.0,95.0,event
12:10:28.967,,,,,,,,,,,,,,,,,,,,,,,,,,,,,,,,,,,,,,blink
12:10:28.969,0.12858808,0.64391094,-0.14029731,0.6620152,0.28717345,0.20995371,-0.23720518,0.2839051,0.37786934,0.27671832,-0.08617539,0.50227964,0.76902187,0.33769664,0.4442637,1.2214417,1.107541,0.1762986,0.15067373,0.9053386,801.02563,823.9927,799.41394,793.7729,902.1612,-0.01617431640625,0.1656494140625,0.966064453125,4.209442138671875,-6.71417236328125,1.039276123046875,1.0,1.0,1.0,1.0,1.0,95.0,event
12:10:28.970,0.12858808,0.64391094,-0.14029731,0.6620152,0.28717345,0.20995371,-0.23720518,0.2839051,0.37786934,0.27671832,-0.08617539,0.50227964,0.76902187,0.33769664,0.4442637,1.2214417,1.107541,0.1762986,0.15067373,0.9053386,797.3993,809.0842,783.69965,807.8755,737.3626,-0.01617431640625,0.1656494140625,0.966064453125,4.209442138671875,-6.71417236328125,1.039276123046875,1.0,1.0,1.0,1.0,1.0,95.0,event
12:10:29.008,0.12858808,0.64391094,-0.14029731,0.6620152,0.28717345,0.20995371,-0.23720518,0.2839051,0.37786934,0.27671832,-0.08617539,0.50227964,0.76902187,0.33769664,0.4442637,1.2214417,1.107541,0.1762986,0.15067373,0.9053386,784.10254,804.2491,786.1172,852.1978,800.6227,0.00634765625,0.17999267578125,0.96563720703125,5.96649169921875,-5.959014892578125,3.162689208984375,1.0,1.0,1.0,1.0,1.0,95.0,event
12:10:29.009,0.12858808,0.64391094,-0.14029731,0.6620152,0.28717345,0.20995371,-0.23720518,0.2839051,0.37786934,0.27671832,-0.08617539,0.50227964,0.76902187,0.33769664,0.4442637,1.2214417,1.107541,0.1762986,0.15067373,0.9053386,786.9231,811.50183,807.8755,797.8022,802.23444,0.00634765625,0.17999267578125,0.96563720703125,5.96649169921875,-5.959014892578125,3.162689208984375,1.0,1.0,1.0,1.0,1.0,95.0,event
12:10:29.009,0.12858808,0.64391094,-0.14029731,0.6620152,0.28717345,0.20995371,-0.23720518,0.2839051,0.37786934,0.27671832,-0.08617539,0.50227964,0.76902187,0.33769664,0.4442637,1.2214417,1.107541,0.1762986,0.15067373,0.9053386,774.0293,805.8608,799.41394,746.63007,720.0366,0.00634765625,0.17999267578125,0.96563720703125,5.96649169921875,-5.959014892578125,3.162689208984375,1.0,1.0,1.0,1.0,1.0,95.0,event
12:10:29.010,0.12858808,0.64391094,-0.14029731,0.6620152,0.28717345,0.20995371,-0.23720518,0.2839051,0.37786934,0.27671832,-0.08617539,0.50227964,0.76902187,0.33769664,0.4442637,1.2214417,1.107541,0.1762986,0.15067373,0.9053386,753.47986,807.8755,787.326,757.50916,696.6667,0.00634765625,0.17999267578125,0.96563720703125,5.96649169921875,-5.959014892578125,3.162689208984375,1.0,1.0,1.0,1.0,1.0,95.0,event
12:10:29.011,0.12858808,0.64391094,-0.14029731,0.6620152,0.28717345,0.20995371,-0.23720518,0.2839051,0.37786934,0.27671832,-0.08617539,0.50227964,0.76902187,0.33769664,0.4442637,1.2214417,1.107541,0.1762986,0.15067373,0.9053386,759.5238,813.1135,795.38464,797.8022,768.3883,0.00634765625,0.17999267578125,0.96563720703125,5.96649169921875,-5.959014892578125,3.162689208984375,1.0,1.0,1.0,1.0,1.0,95.0,event
12:10:29.011,0.12858808,0.64391094,-0.14029731,0.6620152,0.28717345,0.20995371,-0.23720518,0.2839051,0.37786934,0.27671832,-0.08617539,0.50227964,0.76902187,0.33769664,0.4442637,1.2214417,1.107541,0.1762986,0.15067373,0.9053386,776.8498,808.2784,792.5641,790.54944,886.04395,0.00634765625,0.17999267578125,0.96563720703125,5.96649169921875,-5.959014892578125,3.162689208984375,1.0,1.0,1.0,1.0,1.0,95.0,event
12:10:29.012,0.12858808,0.64391094,-0.14029731,0.6620152,0.28717345,0.20995371,-0.23720518,0.2839051,0.37786934,0.27671832,-0.08617539,0.50227964,0.76902187,0.33769664,0.4442637,1.2214417,1.107541,0.1762986,0.15067373,0.9053386,788.5348,807.0696,792.96704,809.89014,873.95605,0.00634765625,0.17999267578125,0.96563720703125,5.96649169921875,-5.959014892578125,3.162689208984375,1.0,1.0,1.0,1.0,1.0,95.0,event
12:10:29.012,0.12858808,0.64391094,-0.14029731,0.6620152,0.28717345,0.20995371,-0.23720518,0.2839051,0.37786934,0.27671832,-0.08617539,0.50227964,0.76902187,0.33769664,0.4442637,1.2214417,1.107541,0.1762986,0.15067373,0.9053386,796.99634,803.0403,809.0842,863.0769,710.3663,0.00634765625,0.17999267578125,0.96563720703125,5.96649169921875,-5.959014892578125,3.162689208984375,1.0,1.0,1.0,1.0,1.0,95.0,event
12:10:29.013,0.12858808,0.64391094,-0.14029731,0.6620152,0.28717345,0.20995371,-0.23720518,0.2839051,0.37786934,0.27671832,-0.08617539,0.50227964,0.76902187,0.33769664,0.4442637,1.2214417,1.107541,0.1762986,0.15067373,0.9053386,803.8461,805.05493,805.05493,786.1172,882.8205,0.00634765625,0.17999267578125,0.96563720703125,5.96649169921875,-5.959014892578125,3.162689208984375,1.0,1.0,1.0,1.0,1.0,95.0,event
12:10:29.013,0.12858808,0.64391094,-0.14029731,0.6620152,0.28717345,0.20995371,-0.23720518,0.2839051,0.37786934,0.27671832,-0.08617539,0.50227964,0.76902187,0.33769664,0.4442637,1.2214417,1.107541,0.1762986,0.15067373,0.9053386,787.326,818.3516,791.3553,739.7802,970.65936,0.00634765625,0.17999267578125,0.96563720703125,5.96649169921875,-5.959014892578125,3.162689208984375,1.0,1.0,1.0,1.0,1.0,95.0,event
12:10:29.014,0.12858808,0.64391094,-0.14029731,0.6620152,0.28717345,0.20995371,-0.23720518,0.2839051,0.37786934,0.27671832,-0.08617539,0.50227964,0.76902187,0.33769664,0.4442637,1.2214417,1.107541,0.1762986,0.15067373,0.9053386,779.67035,823.1868,799.81683,787.72894,670.87915,0.00634765625,0.17999267578125,0.96563720703125,5.96649169921875,-5.959014892578125,3.162689208984375,1.0,1.0,1.0,1.0,1.0,95.0,event
12:10:29.014,0.12858808,0.64391094,-0.14029731,0.6620152,0.28717345,0.20995371,-0.23720518,0.2839051,0.37786934,0.27671832,-0.08617539,0.50227964,0.76902187,0.33769664,0.4442637,1.2214417,1.107541,0.1762986,0.15067373,0.9053386,772.01465,821.1722,795.78754,757.50916,704.3223,0.00634765625,0.17999267578125,0.96563720703125,5.96649169921875,-5.959014892578125,3.162689208984375,1.0,1.0,1.0,1.0,1.0,95.0,event
12:10:29.041,0.12858808,0.64391094,-0.14029731,0.6620152,0.28717345,0.20995371,-0.23720518,0.2839051,0.37786934,0.27671832,-0.08617539,0.50227964,0.76902187,0.33769664,0.4442637,1.2214417,1.107541,0.1762986,0.15067373,0.9053386,800.2198,820.3663,797.8022,815.5311,751.8681,0.00634765625,0.17999267578125,0.96563720703125,5.96649169921875,-5.959014892578125,3.162689208984375,1.0,1.0,1.0,1.0,1.0,95.0,event
12:10:29.042,0.12858808,0.64391094,-0.14029731,0.6620152,0.28717345,0.20995371,-0.23720518,0.2839051,0.37786934,0.27671832,-0.08617539,0.50227964,0.76902187,0.33769664,0.4442637,1.2214417,1.107541,0.1762986,0.15067373,0.9053386,814.3223,812.71063,791.75824,795.78754,725.6777,0.00634765625,0.17999267578125,0.96563720703125,5.96649169921875,-5.959014892578125,3.162689208984375,1.0,1.0,1.0,1.0,1.0,95.0,event
12:10:29.043,0.12858808,0.64391094,-0.14029731,0.6620152,0.28717345,0.20995371,-0.23720518,0.2839051,0.37786934,0.27671832,-0.08617539,0.50227964,0.76902187,0.33769664,0.4442637,1.2214417,1.107541,0.1762986,0.15067373,0.9053386,783.2967,808.2784,785.31134,780.87915,753.47986,0.00634765625,0.17999267578125,0.96563720703125,5.96649169921875,-5.959014892578125,3.162689208984375,1.0,1.0,1.0,1.0,1.0,95.0,event
12:10:29.043,0.12858808,0.64391094,-0.14029731,0.6620152,0.28717345,0.20995371,-0.23720518,0.2839051,0.37786934,0.27671832,-0.08617539,0.50227964,0.76902187,0.33769664,0.4442637,1.2214417,1.107541,0.1762986,0.15067373,0.9053386,778.0586,807.8755,782.0879,782.8938,821.5751,0.00634765625,0.17999267578125,0.96563720703125,5.96649169921875,-5.959014892578125,3.162689208984375,1.0,1.0,1.0,1.0,1.0,95.0,event
12:10:29.044,0.12858808,0.64391094,-0.14029731,0.6620152,0.28717345,0.20995371,-0.23720518,0.2839051,0.37786934,0.27671832,-0.08617539,0.50227964,0.76902187,0.33769664,0.4442637,1.2214417,1.107541,0.1762986,0.15067373,0.9053386,793.36993,812.71063,777.25275,796.5934,880.80585,0.00634765625,0.17999267578125,0.96563720703125,5.96649169921875,-5.959014892578125,3.162689208984375,1.0,1.0,1.0,1.0,1.0,95.0,event
12:10:29.045,0.12858808,0.64391094,-0.14029731,0.6620152,0.28717345,0.20995371,-0.23720518,0.2839051,0.37786934,0.27671832,-0.08617539,0.50227964,0.76902187,0.33769664,0.4442637,1.2214417,1.107541,0.1762986,0.15067373,0.9053386,778.46155,811.0989,784.10254,796.1905,961.79486,0.00634765625,0.17999267578125,0.96563720703125,5.96649169921875,-5.959014892578125,3.162689208984375,1.0,1.0,1.0,1.0,1.0,95.0,event
12:10:29.046,0.12858808,0.64391094,-0.14029731,0.6620152,0.28717345,0.20995371,-0.23720518,0.2839051,0.37786934,0.27671832,-0.08617539,0.50227964,0.76902187,0.33769664,0.4442637,1.2214417,1.107541,0.1762986,0.15067373,0.9053386,785.31134,806.26373,811.50183,783.69965,920.696,0.00634765625,0.17999267578125,0.96563720703125,5.96649169921875,-5.959014892578125,3.162689208984375,1.0,1.0,1.0,1.0,1.0,95.0,event
12:10:29.046,0.12858808,0.64391094,-0.14029731,0.6620152,0.28717345,0.20995371,-0.23720518,0.2839051,0.37786934,0.27671832,-0.08617539,0.50227964,0.76902187,0.33769664,0.4442637,1.2214417,1.107541,0.1762986,0.15067373,0.9053386,788.1319,805.8608,816.337,784.10254,848.5714,0.00634765625,0.17999267578125,0.96563720703125,5.96649169921875,-5.959014892578125,3.162689208984375,1.0,1.0,1.0,1.0,1.0,95.0,event
12:10:29.047,0.12858808,0.64391094,-0.14029731,0.6620152,0.28717345,0.20995371,-0.23720518,0.2839051,0.37786934,0.27671832,-0.08617539,0.50227964,0.76902187,0.33769664,0.4442637,1.2214417,1.107541,0.1762986,0.15067373,0.9053386,767.1795,808.68134,811.9048,820.3663,1007.72894,0.00634765625,0.17999267578125,0.96563720703125,5.96649169921875,-5.959014892578125,3.162689208984375,1.0,1.0,1.0,1.0,1.0,95.0,event
12:10:29.048,0.12858808,0.64391094,-0.14029731,0.6620152,0.28717345,0.20995371,-0.23720518,0.2839051,0.37786934,0.27671832,-0.08617539,0.50227964,0.76902187,0.33769664,0.4442637,1.2214417,1.107541,0.1762986,0.15067373,0.9053386,778.46155,810.696,792.1612,772.8205,760.32965,0.00634765625,0.17999267578125,0.96563720703125,5.96649169921875,-5.959014892578125,3.162689208984375,1.0,1.0,1.0,1.0,1.0,95.0,event
12:10:29.048,0.12858808,0.64391094,-0.14029731,0.6620152,0.28717345,0.20995371,-0.23720518,0.2839051,0.37786934,0.27671832,-0.08617539,0.50227964,0.76902187,0.33769664,0.4442637,1.2214417,1.107541,0.1762986,0.15067373,0.9053386,778.0586,812.3077,805.8608,808.2784,904.17584,0.00634765625,0.17999267578125,0.96563720703125,5.96649169921875,-5.959014892578125,3.162689208984375,1.0,1.0,1.0,1.0,1.0,95.0,event
12:10:29.049,0.12858808,0.578694,-0.16973907,0.6620152,0.28717345,0.17897803,-0.31088334,0.2839051,0.37786934,0.27155477,-0.08617539,0.50227964,0.76902187,0.33582544,0.40385297,1.2214417,1.107541,0.19066972,0.13130946,0.9053386,775.64105,811.50183,791.75824,769.19415,746.63007,0.00634765625,0.17999267578125,0.96563720703125,5.96649169921875,-5.959014892578125,3.162689208984375,1.0,1.0,1.0,1.0,1.0,95.0,event
12:10:29.075,0.12858808,0.578694,-0.16973907,0.6620152,0.28717345,0.17897803,-0.31088334,0.2839051,0.37786934,0.27155477,-0.08617539,0.50227964,0.76902187,0.33582544,0.40385297,1.2214417,1.107541,0.19066972,0.13130946,0.9053386,780.4762,808.68134,801.02563,774.83514,720.84247,-0.01995849609375,0.18798828125,0.9681396484375,6.153411865234375,-4.164581298828125,2.758941650390625,1.0,1.0,1.0,1.0,1.0,95.0,event
12:10:29.076,0.12858808,0.578694,-0.16973907,0.6620152,0.28717345,0.17897803,-0.31088334,0.2839051,0.37786934,0.27155477,-0.08617539,0.50227964,0.76902187,0.33582544,0.40385297,1.2214417,1.107541,0.19066972,0.13130946,0.9053386,797.8022,807.8755,805.8608,804.2491,681.3553,-0.01995849609375,0.18798828125,0.9681396484375,6.153411865234375,-4.164581298828125,2.758941650390625,1.0,1.0,1.0,1.0,1.0,95.0,event
12:10:29.077,0.12858808,0.578694,-0.16973907,0.6620152,0.28717345,0.17897803,-0.31088334,0.2839051,0.37786934,0.27155477,-0.08617539,0.50227964,0.76902187,0.33582544,0.40385297,1.2214417,1.107541,0.19066972,0.13130946,0.9053386,801.8315,813.1135,808.68134,819.15753,676.1172,-0.01995849609375,0.18798828125,0.9681396484375,6.153411865234375,-4.164581298828125,2.758941650390625,1.0,1.0,1.0,1.0,1.0,95.0,event
12:10:29.078,0.12858808,0.578694,-0.16973907,0.6620152,0.28717345,0.17897803,-0.31088334,0.2839051,0.37786934,0.27155477,-0.08617539,0.50227964,0.76902187,0.33582544,0.40385297,1.2214417,1.107541,0.19066972,0.13130946,0.9053386,796.5934,807.8755,807.8755,830.4396,748.24176,-0.01995849609375,0.18798828125,0.9681396484375,6.153411865234375,-4.164581298828125,2.758941650390625,1.0,1.0,1.0,1.0,1.0,95.0,event
12:10:29.078,0.12858808,0.578694,-0.16973907,0.6620152,0.28717345,0.17897803,-0.31088334,0.2839051,0.37786934,0.27155477,-0.08617539,0.50227964,0.76902187,0.33582544,0.40385297,1.2214417,1.107541,0.19066972,0.13130946,0.9053386,812.71063,805.05493,793.7729,804.2491,708.7546,-0.01995849609375,0.18798828125,0.9681396484375,6.153411865234375,-4.164581298828125,2.758941650390625,1.0,1.0,1.0,1.0,1.0,95.0,event
12:10:29.079,0.12858808,0.578694,-0.16973907,0.6620152,0.28717345,0.17897803,-0.31088334,0.2839051,0.37786934,0.27155477,-0.08617539,0.50227964,0.76902187,0.33582544,0.40385297,1.2214417,1.107541,0.19066972,0.13130946,0.9053386,799.41394,806.26373,778.86444,781.28204,715.6044,-0.01995849609375,0.18798828125,0.9681396484375,6.153411865234375,-4.164581298828125,2.758941650390625,1.0,1.0,1.0,1.0,1.0,95.0,event
12:10:29.079,0.12858808,0.578694,-0.16973907,0.6620152,0.28717345,0.17897803,-0.31088334,0.2839051,0.37786934,0.27155477,-0.08617539,0.50227964,0.76902187,0.33582544,0.40385297,1.2214417,1.107541,0.19066972,0.13130946,0.9053386,778.86444,799.81683,788.5348,837.6923,834.4689,-0.01995849609375,0.18798828125,0.9681396484375,6.153411865234375,-4.164581298828125,2.758941650390625,1.0,1.0,1.0,1.0,1.0,95.0,event
12:10:29.080,0.12858808,0.578694,-0.16973907,0.6620152,0.28717345,0.17897803,-0.31088334,0.2839051,0.37786934,0.27155477,-0.08617539,0.50227964,0.76902187,0.33582544,0.40385297,1.2214417,1.107541,0.19066972,0.13130946,0.9053386,790.14655,801.8315,789.7436,848.97437,992.4176,-0.01995849609375,0.18798828125,0.9681396484375,6.153411865234375,-4.164581298828125,2.758941650390625,1.0,1.0,1.0,1.0,1.0,95.0,event
12:10:29.081,0.12858808,0.578694,-0.16973907,0.6620152,0.28717345,0.17897803,-0.31088334,0.2839051,0.37786934,0.27155477,-0.08617539,0.50227964,0.76902187,0.33582544,0.40385297,1.2214417,1.107541,0.19066972,0.13130946,0.9053386,826.8132,819.9634,825.6044,787.72894,800.6227,-0.01995849609375,0.18798828125,0.9681396484375,6.153411865234375,-4.164581298828125,2.758941650390625,1.0,1.0,1.0,1.0,1.0,95.0,event
12:10:29.081,0.12858808,0.578694,-0.16973907,0.6620152,0.28717345,0.17897803,-0.31088334,0.2839051,0.37786934,0.27155477,-0.08617539,0.50227964,0.76902187,0.33582544,0.40385297,1.2214417,1.107541,0.19066972,0.13130946,0.9053386,801.8315,805.05493,804.2491,794.17584,1099.597,-0.01995849609375,0.18798828125,0.9681396484375,6.153411865234375,-4.164581298828125,2.758941650390625,1.0,1.0,1.0,1.0,1.0,95.0,event
12:10:29.082,0.12858808,0.578694,-0.16973907,0.6620152,0.28717345,0.17897803,-0.31088334,0.2839051,0.37786934,0.27155477,-0.08617539,0.50227964,0.76902187,0.33582544,0.40385297,1.2214417,1.107541,0.19066972,0.13130946,0.9053386,832.4542,826.8132,813.91943,819.9634,650.7326,-0.01995849609375,0.18798828125,0.9681396484375,6.153411865234375,-4.164581298828125,2.758941650390625,1.0,1.0,1.0,1.0,1.0,95.0,event
12:10:29.084,0.12858808,0.578694,-0.16973907,0.6620152,0.28717345,0.17897803,-0.31088334,0.2839051,0.37786934,0.27155477,-0.08617539,0.50227964,0.76902187,0.33582544,0.40385297,1.2214417,1.107541,0.19066972,0.13130946,0.9053386,794.57874,813.91943,805.8608,795.38464,763.5531,-0.01995849609375,0.18798828125,0.9681396484375,6.153411865234375,-4.164581298828125,2.758941650390625,1.0,1.0,1.0,1.0,1.0,95.0,event
12:10:29.112,0.12858808,0.578694,-0.16973907,0.6620152,0.28717345,0.17897803,-0.31088334,0.2839051,0.37786934,0.27155477,-0.08617539,0.50227964,0.76902187,0.33582544,0.40385297,1.2214417,1.107541,0.19066972,0.13130946,0.9053386,772.4176,807.8755,805.05493,770.0,683.36993,-0.00848388671875,0.203125,0.9853515625,4.44122314453125,-4.538421630859375,2.25799560546875,1.0,1.0,1.0,1.0,1.0,95.0,event
12:10:29.113,0.12858808,0.578694,-0.16973907,0.6620152,0.28717345,0.17897803,-0.31088334,0.2839051,0.37786934,0.27155477,-0.08617539,0.50227964,0.76902187,0.33582544,0.40385297,1.2214417,1.107541,0.19066972,0.13130946,0.9053386,799.81683,811.0989,801.02563,837.6923,643.47986,-0.00848388671875,0.203125,0.9853515625,4.44122314453125,-4.538421630859375,2.25799560546875,1.0,1.0,1.0,1.0,1.0,95.0,event
12:10:29.114,0.12858808,0.578694,-0.16973907,0.6620152,0.28717345,0.17897803,-0.31088334,0.2839051,0.37786934,0.27155477,-0.08617539,0.50227964,0.76902187,0.33582544,0.40385297,1.2214417,1.107541,0.19066972,0.13130946,0.9053386,814.7253,814.7253,792.5641,863.8828,731.31866,-0.00848388671875,0.203125,0.9853515625,4.44122314453125,-4.538421630859375,2.25799560546875,1.0,1.0,1.0,1.0,1.0,95.0,event
12:10:29.114,0.12858808,0.578694,-0.16973907,0.6620152,0.28717345,0.17897803,-0.31088334,0.2839051,0.37786934,0.27155477,-0.08617539,0.50227964,0.76902187,0.33582544,0.40385297,1.2214417,1.107541,0.19066972,0.13130946,0.9053386,803.8461,806.6667,794.57874,782.8938,817.9487,-0.00848388671875,0.203125,0.9853515625,4.44122314453125,-4.538421630859375,2.25799560546875,1.0,1.0,1.0,1.0,1.0,95.0,event
12:10:29.115,0.12858808,0.578694,-0.16973907,0.6620152,0.28717345,0.17897803,-0.31088334,0.2839051,0.37786934,0.27155477,-0.08617539,0.50227964,0.76902187,0.33582544,0.40385297,1.2214417,1.107541,0.19066972,0.13130946,0.9053386,789.7436,794.9817,803.0403,768.7912,838.9011,-0.00848388671875,0.203125,0.9853515625,4.44122314453125,-4.538421630859375,2.25799560546875,1.0,1.0,1.0,1.0,1.0,95.0,event
12:10:29.116,0.12858808,0.578694,-0.16973907,0.6620152,0.28717345,0.17897803,-0.31088334,0.2839051,0.37786934,0.27155477,-0.08617539,0.50227964,0.76902187,0.33582544,0.40385297,1.2214417,1.107541,0.19066972,0.13130946,0.9053386,769.19415,798.20514,804.2491,799.011,823.5897,-0.00848388671875,0.203125,0.9853515625,4.44122314453125,-4.538421630859375,2.25799560546875,1.0,1.0,1.0,1.0,1.0,95.0,event
12:10:29.116,0.12858808,0.578694,-0.16973907,0.6620152,0.28717345,0.17897803,-0.31088334,0.2839051,0.37786934,0.27155477,-0.08617539,0.50227964,0.76902187,0.33582544,0.40385297,1.2214417,1.107541,0.19066972,0.13130946,0.9053386,781.28204,805.8608,799.41394,795.78754,902.1612,-0.00848388671875,0.203125,0.9853515625,4.44122314453125,-4.538421630859375,2.25799560546875,1.0,1.0,1.0,1.0,1.0,95.0,event
12:10:29.117,0.12858808,0.578694,-0.16973907,0.6620152,0.28717345,0.17897803,-0.31088334,0.2839051,0.37786934,0.27155477,-0.08617539,0.50227964,0.76902187,0.33582544,0.40385297,1.2214417,1.107541,0.19066972,0.13130946,0.9053386,806.6667,803.0403,803.0403,826.4103,994.43225,-0.00848388671875,0.203125,0.9853515625,4.44122314453125,-4.538421630859375,2.25799560546875,1.0,1.0,1.0,1.0,1.0,95.0,event
12:10:29.117,0.12858808,0.578694,-0.16973907,0.6620152,0.28717345,0.17897803,-0.31088334,0.2839051,0.37786934,0.27155477,-0.08617539,0.50227964,0.76902187,0.33582544,0.40385297,1.2214417,1.107541,0.19066972,0.13130946,0.9053386,809.4872,809.4872,802.6374,839.707,1116.5201,-0.00848388671875,0.203125,0.9853515625,4.44122314453125,-4.538421630859375,2.25799560546875,1.0,1.0,1.0,1.0,1.0,95.0,event
12:10:29.118,0.12858808,0.578694,-0.16973907,0.6620152,0.28717345,0.17897803,-0.31088334,0.2839051,0.37786934,0.27155477,-0.08617539,0.50227964,0.76902187,0.33582544,0.40385297,1.2214417,1.107541,0.19066972,0.13130946,0.9053386,791.75824,803.44324,797.3993,850.989,713.1868,-0.00848388671875,0.203125,0.9853515625,4.44122314453125,-4.538421630859375,2.25799560546875,1.0,1.0,1.0,1.0,1.0,95.0,event
12:10:29.118,0.12858808,0.578694,-0.16973907,0.6620152,0.28717345,0.17897803,-0.31088334,0.2839051,0.37786934,0.27155477,-0.08617539,0.50227964,0.76902187,0.33582544,0.40385297,1.2214417,1.107541,0.19066972,0.13130946,0.9053386,795.38464,809.0842,809.0842,867.1062,729.707,-0.00848388671875,0.203125,0.9853515625,4.44122314453125,-4.538421630859375,2.25799560546875,1.0,1.0,1.0,1.0,1.0,95.0,event
12:10:29.119,0.12858808,0.578694,-0.16973907,0.6620152,0.28717345,0.17897803,-0.31088334,0.2839051,0.37786934,0.27155477,-0.08617539,0.50227964,0.76902187,0.33582544,0.40385297,1.2214417,1.107541,0.19066972,0.13130946,0.9053386,802.6374,811.50183,814.7253,777.25275,889.2674,-0.00848388671875,0.203125,0.9853515625,4.44122314453125,-4.538421630859375,2.25799560546875,1.0,1.0,1.0,1.0,1.0,95.0,event
12:10:29.178,0.12858808,0.578694,-0.16973907,0.6620152,0.28717345,0.17897803,-0.31088334,0.2839051,0.37786934,0.27155477,-0.08617539,0.50227964,0.76902187,0.33582544,0.40385297,1.2214417,1.107541,0.19066972,0.13130946,0.9053386,808.68134,821.978,803.0403,782.0879,753.8828,-0.006103515625,0.203125,0.962158203125,1.637420654296875,-4.508514404296875,1.502838134765625,1.0,1.0,1.0,1.0,1.0,95.0,event
12:10:29.179,0.12858808,0.553671,-0.19357702,0.6620152,0.28717345,0.15586762,-0.3707341,0.2839051,0.37786934,0.27017915,-0.08617539,0.50227964,0.76902187,0.3356845,0.3885228,1.2214417,1.107541,0.20084438,0.117679544,0.9053386,799.011,814.7253,801.02563,815.9341,682.5641,-0.006103515625,0.203125,0.962158203125,1.637420654296875,-4.508514404296875,1.502838134765625,1.0,1.0,1.0,1.0,1.0,95.0,event
12:10:29.184,0.12858808,0.553671,-0.19357702,0.6620152,0.28717345,0.15586762,-0.3707341,0.2839051,0.37786934,0.27017915,-0.08617539,0.50227964,0.76902187,0.3356845,0.3885228,1.2214417,1.107541,0.20084438,0.117679544,0.9053386,800.2198,793.36993,811.50183,813.91943,782.49084,-0.006103515625,0.203125,0.962158203125,1.637420654296875,-4.508514404296875,1.502838134765625,1.0,1.0,1.0,1.0,1.0,95.0,event
12:10:29.184,0.12858808,0.553671,-0.19357702,0.6620152,0.28717345,0.15586762,-0.3707341,0.2839051,0.37786934,0.27017915,-0.08617539,0.50227964,0.76902187,0.3356845,0.3885228,1.2214417,1.107541,0.20084438,0.117679544,0.9053386,815.9341,794.57874,818.3516,838.9011,794.57874,-0.006103515625,0.203125,0.962158203125,1.637420654296875,-4.508514404296875,1.502838134765625,1.0,1.0,1.0,1.0,1.0,95.0,event
12:10:29.185,0.12858808,0.553671,-0.19357702,0.6620152,0.28717345,0.15586762,-0.3707341,0.2839051,0.37786934,0.27017915,-0.08617539,0.50227964,0.76902187,0.3356845,0.3885228,1.2214417,1.107541,0.20084438,0.117679544,0.9053386,774.83514,804.65204,806.6667,822.381,888.0586,-0.006103515625,0.203125,0.962158203125,1.637420654296875,-4.508514404296875,1.502838134765625,1.0,1.0,1.0,1.0,1.0,95.0,event
12:10:29.185,0.12858808,0.553671,-0.19357702,0.6620152,0.28717345,0.15586762,-0.3707341,0.2839051,0.37786934,0.27017915,-0.08617539,0.50227964,0.76902187,0.3356845,0.3885228,1.2214417,1.107541,0.20084438,0.117679544,0.9053386,777.25275,802.6374,815.12823,850.18317,825.2015,-0.006103515625,0.203125,0.962158203125,1.637420654296875,-4.508514404296875,1.502838134765625,1.0,1.0,1.0,1.0,1.0,95.0,event
12:10:29.186,0.12858808,0.553671,-0.19357702,0.6620152,0.28717345,0.15586762,-0.3707341,0.2839051,0.37786934,0.27017915,-0.08617539,0.50227964,0.76902187,0.3356845,0.3885228,1.2214417,1.107541,0.20084438,0.117679544,0.9053386,791.3553,810.293,803.8461,805.4579,991.2088,-0.006103515625,0.203125,0.962158203125,1.637420654296875,-4.508514404296875,1.502838134765625,1.0,1.0,1.0,1.0,1.0,95.0,event
12:10:29.186,0.12858808,0.553671,-0.19357702,0.6620152,0.28717345,0.15586762,-0.3707341,0.2839051,0.37786934,0.27017915,-0.08617539,0.50227964,0.76902187,0.3356845,0.3885228,1.2214417,1.107541,0.20084438,0.117679544,0.9053386,783.2967,815.5311,799.011,799.41394,1033.5165,-0.006103515625,0.203125,0.962158203125,1.637420654296875,-4.508514404296875,1.502838134765625,1.0,1.0,1.0,1.0,1.0,95.0,event
12:10:29.187,0.12858808,0.553671,-0.19357702,0.6620152,0.28717345,0.15586762,-0.3707341,0.2839051,0.37786934,0.27017915,-0.08617539,0.50227964,0.76902187,0.3356845,0.3885228,1.2214417,1.107541,0.20084438,0.117679544,0.9053386,790.14655,810.293,797.8022,824.3956,755.89746,-0.006103515625,0.203125,0.962158203125,1.637420654296875,-4.508514404296875,1.502838134765625,1.0,1.0,1.0,1.0,1.0,95.0,event
12:10:29.187,0.12858808,0.553671,-0.19357702,0.6620152,0.28717345,0.15586762,-0.3707341,0.2839051,0.37786934,0.27017915,-0.08617539,0.50227964,0.76902187,0.3356845,0.3885228,1.2214417,1.107541,0.20084438,0.117679544,0.9053386,783.2967,808.68134,803.0403,834.87177,662.4176,-0.006103515625,0.203125,0.962158203125,1.637420654296875,-4.508514404296875,1.502838134765625,1.0,1.0,1.0,1.0,1.0,95.0,event
12:10:29.188,0.12858808,0.553671,-0.19357702,0.6620152,0.28717345,0.15586762,-0.3707341,0.2839051,0.37786934,0.27017915,-0.08617539,0.50227964,0.76902187,0.3356845,0.3885228,1.2214417,1.107541,0.20084438,0.117679544,0.9053386,776.8498,810.696,797.3993,797.8022,786.9231,-0.006103515625,0.203125,0.962158203125,1.637420654296875,-4.508514404296875,1.502838134765625,1.0,1.0,1.0,1.0,1.0,95.0,event
12:10:29.189,0.12858808,0.553671,-0.19357702,0.6620152,0.28717345,0.15586762,-0.3707341,0.2839051,0.37786934,0.27017915,-0.08617539,0.50227964,0.76902187,0.3356845,0.3885228,1.2214417,1.107541,0.20084438,0.117679544,0.9053386,790.14655,805.4579,796.99634,793.7729,776.04395,-0.006103515625,0.203125,0.962158203125,1.637420654296875,-4.508514404296875,1.502838134765625,1.0,1.0,1.0,1.0,1.0,95.0,event
12:10:29.214,0.12858808,0.553671,-0.19357702,0.6620152,0.28717345,0.15586762,-0.3707341,0.2839051,0.37786934,0.27017915,-0.08617539,0.50227964,0.76902187,0.3356845,0.3885228,1.2214417,1.107541,0.20084438,0.117679544,0.9053386,795.38464,808.68134,798.20514,782.0879,764.7619,-0.0238037109375,0.1934814453125,0.9764404296875,-1.6448974609375,-4.628143310546875,1.3458251953125,1.0,1.0,1.0,1.0,1.0,95.0,event
12:10:29.215,0.12858808,0.553671,-0.19357702,0.6620152,0.28717345,0.15586762,-0.3707341,0.2839051,0.37786934,0.27017915,-0.08617539,0.50227964,0.76902187,0.3356845,0.3885228,1.2214417,1.107541,0.20084438,0.117679544,0.9053386,788.1319,803.0403,793.36993,845.7509,944.0659,-0.0238037109375,0.1934814453125,0.9764404296875,-1.6448974609375,-4.628143310546875,1.3458251953125,1.0,1.0,1.0,1.0,1.0,95.0,event
12:10:29.215,0.12858808,0.553671,-0.19357702,0.6620152,0.28717345,0.15586762,-0.3707341,0.2839051,0.37786934,0.27017915,-0.08617539,0.50227964,0.76902187,0.3356845,0.3885228,1.2214417,1.107541,0.20084438,0.117679544,0.9053386,795.38464,805.4579,793.7729,789.34064,800.2198,-0.0238037109375,0.1934814453125,0.9764404296875,-1.6448974609375,-4.628143310546875,1.3458251953125,1.0,1.0,1.0,1.0,1.0,95.0,event
12:10:29.216,0.12858808,0.553671,-0.19357702,0.6620152,0.28717345,0.15586762,-0.3707341,0.2839051,0.37786934,0.27017915,-0.08617539,0.50227964,0.76902187,0.3356845,0.3885228,1.2214417,1.107541,0.20084438,0.117679544,0.9053386,785.7143,814.7253,794.17584,838.0952,865.4945,-0.0238037109375,0.1934814453125,0.9764404296875,-1.6448974609375,-4.628143310546875,1.3458251953125,1.0,1.0,1.0,1.0,1.0,95.0,event
12:10:29.217,0.12858808,0.553671,-0.19357702,0.6620152,0.28717345,0.15586762,-0.3707341,0.2839051,0.37786934,0.27017915,-0.08617539,0.50227964,0.76902187,0.3356845,0.3885228,1.2214417,1.107541,0.20084438,0.117679544,0.9053386,762.74725,792.1612,805.05493,817.9487,859.0476,-0.0238037109375,0.1934814453125,0.9764404296875,-1.6448974609375,-4.628143310546875,1.3458251953125,1.0,1.0,1.0,1.0,1.0,95.0,event
12:10:29.217,0.12858808,0.553671,-0.19357702,0.6620152,0.28717345,0.15586762,-0.3707341,0.2839051,0.37786934,0.27017915,-0.08617539,0.50227964,0.76902187,0.3356845,0.3885228,1.2214417,1.107541,0.20084438,0.117679544,0.9053386,789.7436,806.6667,796.1905,809.89014,707.5458,-0.0238037109375,0.1934814453125,0.9764404296875,-1.6448974609375,-4.628143310546875,1.3458251953125,1.0,1.0,1.0,1.0,1.0,95.0,event
12:10:29.218,0.12858808,0.553671,-0.19357702,0.6620152,0.28717345,0.15586762,-0.3707341,0.2839051,0.37786934,0.27017915,-0.08617539,0.50227964,0.76902187,0.3356845,0.3885228,1.2214417,1.107541,0.20084438,0.117679544,0.9053386,767.1795,802.6374,814.3223,794.9817,1039.9634,-0.0238037109375,0.1934814453125,0.9764404296875,-1.6448974609375,-4.628143310546875,1.3458251953125,1.0,1.0,1.0,1.0,1.0,95.0,event
12:10:29.218,0.12858808,0.553671,-0.19357702,0.6620152,0.28717345,0.15586762,-0.3707341,0.2839051,0.37786934,0.27017915,-0.08617539,0.50227964,0.76902187,0.3356845,0.3885228,1.2214417,1.107541,0.20084438,0.117679544,0.9053386,785.7143,808.68134,802.6374,790.14655,862.674,-0.0238037109375,0.1934814453125,0.9764404296875,-1.6448974609375,-4.628143310546875,1.3458251953125,1.0,1.0,1.0,1.0,1.0,95.0,event
12:10:29.219,0.12858808,0.553671,-0.19357702,0.6620152,0.28717345,0.15586762,-0.3707341,0.2839051,0.37786934,0.27017915,-0.08617539,0.50227964,0.76902187,0.3356845,0.3885228,1.2214417,1.107541,0.20084438,0.117679544,0.9053386,773.6264,801.4286,791.75824,824.3956,778.0586,-0.0238037109375,0.1934814453125,0.9764404296875,-1.6448974609375,-4.628143310546875,1.3458251953125,1.0,1.0,1.0,1.0,1.0,95.0,event
12:10:29.219,0.12858808,0.553671,-0.19357702,0.6620152,0.28717345,0.15586762,-0.3707341,0.2839051,0.37786934,0.27017915,-0.08617539,0.50227964,0.76902187,0.3356845,0.3885228,1.2214417,1.107541,0.20084438,0.117679544,0.9053386,787.72894,802.6374,799.81683,884.43225,877.5824,-0.0238037109375,0.1934814453125,0.9764404296875,-1.6448974609375,-4.628143310546875,1.3458251953125,1.0,1.0,1.0,1.0,1.0,95.0,event
12:10:29.220,0.12858808,0.553671,-0.19357702,0.6620152,0.28717345,0.15586762,-0.3707341,0.2839051,0.37786934,0.27017915,-0.08617539,0.50227964,0.76902187,0.3356845,0.3885228,1.2214417,1.107541,0.20084438,0.117679544,0.9053386,807.8755,803.0403,791.3553,826.8132,1037.9487,-0.0238037109375,0.1934814453125,0.9764404296875,-1.6448974609375,-4.628143310546875,1.3458251953125,1.0,1.0,1.0,1.0,1.0,95.0,event
12:10:29.220,0.12858808,0.553671,-0.19357702,0.6620152,0.28717345,0.15586762,-0.3707341,0.2839051,0.37786934,0.27017915,-0.08617539,0.50227964,0.76902187,0.3356845,0.3885228,1.2214417,1.107541,0.20084438,0.117679544,0.9053386,794.9817,806.6667,787.326,779.2674,875.16486,-0.0238037109375,0.1934814453125,0.9764404296875,-1.6448974609375,-4.628143310546875,1.3458251953125,1.0,1.0,1.0,1.0,1.0,95.0,event
12:10:29.279,0.12858808,0.553671,-0.19357702,0.6620152,0.28717345,0.15586762,-0.3707341,0.2839051,0.37786934,0.27017915,-0.08617539,0.50227964,0.76902187,0.3356845,0.3885228,1.2214417,1.107541,0.20084438,0.117679544,0.9053386,791.3553,804.65204,805.4579,815.9341,728.0952,-0.0238037109375,0.1934814453125,0.9764404296875,-1.6448974609375,-4.628143310546875,1.3458251953125,1.0,1.0,1.0,1.0,1.0,95.0,event
12:10:29.281,0.12858808,0.553671,-0.19357702,0.6620152,0.28717345,0.15586762,-0.3707341,0.2839051,0.37786934,0.27017915,-0.08617539,0.50227964,0.76902187,0.3356845,0.3885228,1.2214417,1.107541,0.20084438,0.117679544,0.9053386,793.7729,808.68134,803.0403,815.5311,762.3443,-0.0238037109375,0.1934814453125,0.9764404296875,-1.6448974609375,-4.628143310546875,1.3458251953125,1.0,1.0,1.0,1.0,1.0,95.0,event
12:10:29.281,0.12858808,0.553671,-0.19357702,0.6620152,0.28717345,0.15586762,-0.3707341,0.2839051,0.37786934,0.27017915,-0.08617539,0.50227964,0.76902187,0.3356845,0.3885228,1.2214417,1.107541,0.20084438,0.117679544,0.9053386,830.4396,807.8755,808.68134,819.15753,765.16486,-0.0238037109375,0.1934814453125,0.9764404296875,-1.6448974609375,-4.628143310546875,1.3458251953125,1.0,1.0,1.0,1.0,1.0,95.0,event
12:10:29.282,0.12858808,0.55509984,-0.18695866,0.6620152,0.28717345,0.1413456,-0.41413224,0.2839051,0.37786934,0.26573417,-0.08617539,0.50227964,0.76902187,0.33530143,0.38997114,1.2214417,1.107541,0.208752,0.1282814,0.9053386,743.8095,804.65204,803.44324,831.6484,791.75824,-0.0238037109375,0.1934814453125,0.9764404296875,-1.6448974609375,-4.628143310546875,1.3458251953125,1.0,1.0,1.0,1.0,1.0,95.0,event
12:10:29.286,0.12858808,0.55509984,-0.18695866,0.6620152,0.28717345,0.1413456,-0.41413224,0.2839051,0.37786934,0.26573417,-0.08617539,0.50227964,0.76902187,0.33530143,0.38997114,1.2214417,1.107541,0.208752,0.1282814,0.9053386,759.12085,805.4579,806.6667,840.9158,741.79486,-0.0238037109375,0.1934814453125,0.9764404296875,-1.6448974609375,-4.628143310546875,1.3458251953125,1.0,1.0,1.0,1.0,1.0,95.0,event
12:10:29.288,0.12858808,0.55509984,-0.18695866,0.6620152,0.28717345,0.1413456,-0.41413224,0.2839051,0.37786934,0.26573417,-0.08617539,0.50227964,0.76902187,0.33530143,0.38997114,1.2214417,1.107541,0.208752,0.1282814,0.9053386,782.0879,808.2784,796.5934,799.011,896.1172,-0.0238037109375,0.1934814453125,0.9764404296875,-1.6448974609375,-4.628143310546875,1.3458251953125,1.0,1.0,1.0,1.0,1.0,95.0,event
12:10:29.289,0.12858808,0.55509984,-0.18695866,0.6620152,0.28717345,0.1413456,-0.41413224,0.2839051,0.37786934,0.26573417,-0.08617539,0.50227964,0.76902187,0.33530143,0.38997114,1.2214417,1.107541,0.208752,0.1282814,0.9053386,792.96704,807.0696,788.1319,803.8461,1133.4432,-0.0238037109375,0.1934814453125,0.9764404296875,-1.6448974609375,-4.628143310546875,1.3458251953125,1.0,1.0,1.0,1.0,1.0,95.0,event
12:10:29.289,0.12858808,0.55509984,-0.18695866,0.6620152,0.28717345,0.1413456,-0.41413224,0.2839051,0.37786934,0.26573417,-0.08617539,0.50227964,0.76902187,0.33530143,0.38997114,1.2214417,1.107541,0.208752,0.1282814,0.9053386,789.7436,792.96704,794.9817,830.0366,815.12823,-0.0238037109375,0.1934814453125,0.9764404296875,-1.6448974609375,-4.628143310546875,1.3458251953125,1.0,1.0,1.0,1.0,1.0,95.0,event
12:10:29.290,0.12858808,0.55509984,-0.18695866,0.6620152,0.28717345,0.1413456,-0.41413224,0.2839051,0.37786934,0.26573417,-0.08617539,0.50227964,0.76902187,0.33530143,0.38997114,1.2214417,1.107541,0.208752,0.1282814,0.9053386,790.14655,796.1905,809.0842,829.2308,656.3736,-0.0238037109375,0.1934814453125,0.9764404296875,-1.6448974609375,-4.628143310546875,1.3458251953125,1.0,1.0,1.0,1.0,1.0,95.0,event
12:10:29.291,0.12858808,0.55509984,-0.18695866,0.6620152,0.28717345,0.1413456,-0.41413224,0.2839051,0.37786934,0.26573417,-0.08617539,0.50227964,0.76902187,0.33530143,0.38997114,1.2214417,1.107541,0.208752,0.1282814,0.9053386,803.44324,803.44324,813.91943,834.87177,803.8461,-0.0238037109375,0.1934814453125,0.9764404296875,-1.6448974609375,-4.628143310546875,1.3458251953125,1.0,1.0,1.0,1.0,1.0,95.0,event
12:10:29.292,0.12858808,0.55509984,-0.18695866,0.6620152,0.28717345,0.1413456,-0.41413224,0.2839051,0.37786934,0.26573417,-0.08617539,0.50227964,0.76902187,0.33530143,0.38997114,1.2214417,1.107541,0.208752,0.1282814,0.9053386,789.7436,809.89014,801.8315,823.1868,800.6227,-0.0238037109375,0.1934814453125,0.9764404296875,-1.6448974609375,-4.628143310546875,1.3458251953125,1.0,1.0,1.0,1.0,1.0,95.0,event
12:10:29.293,0.12858808,0.55509984,-0.18695866,0.6620152,0.28717345,0.1413456,-0.41413224,0.2839051,0.37786934,0.26573417,-0.08617539,0.50227964,0.76902187,0.33530143,0.38997114,1.2214417,1.107541,0.208752,0.1282814,0.9053386,763.5531,811.0989,797.8022,805.4579,748.6447,-0.0238037109375,0.1934814453125,0.9764404296875,-1.6448974609375,-4.628143310546875,1.3458251953125,1.0,1.0,1.0,1.0,1.0,95.0,event
12:10:29.320,0.12858808,0.55509984,-0.18695866,0.6620152,0.28717345,0.1413456,-0.41413224,0.2839051,0.37786934,0.26573417,-0.08617539,0.50227964,0.76902187,0.33530143,0.38997114,1.2214417,1.107541,0.208752,0.1282814,0.9053386,764.35895,804.65204,803.8461,793.36993,748.24176,-0.00201416015625,0.17596435546875,0.97772216796875,-2.9010009765625,-5.5328369140625,-0.246734619140625,1.0,1.0,1.0,1.0,1.0,95.0,event
12:10:29.321,0.12858808,0.55509984,-0.18695866,0.6620152,0.28717345,0.1413456,-0.41413224,0.2839051,0.37786934,0.26573417,-0.08617539,0.50227964,0.76902187,0.33530143,0.38997114,1.2214417,1.107541,0.208752,0.1282814,0.9053386,767.98535,805.4579,800.6227,814.7253,827.619,-0.00201416015625,0.17596435546875,0.97772216796875,-2.9010009765625,-5.5328369140625,-0.246734619140625,1.0,1.0,1.0,1.0,1.0,95.0,event
12:10:29.322,0.12858808,0.55509984,-0.18695866,0.6620152,0.28717345,0.1413456,-0.41413224,0.2839051,0.37786934,0.26573417,-0.08617539,0.50227964,0.76902187,0.33530143,0.38997114,1.2214417,1.107541,0.208752,0.1282814,0.9053386,769.59705,794.9817,795.38464,829.2308,710.7692,-0.00201416015625,0.17596435546875,0.97772216796875,-2.9010009765625,-5.5328369140625,-0.246734619140625,1.0,1.0,1.0,1.0,1.0,95.0,event
12:10:29.322,0.12858808,0.55509984,-0.18695866,0.6620152,0.28717345,0.1413456,-0.41413224,0.2839051,0.37786934,0.26573417,-0.08617539,0.50227964,0.76902187,0.33530143,0.38997114,1.2214417,1.107541,0.208752,0.1282814,0.9053386,766.3736,803.44324,797.8022,821.978,774.83514,-0.00201416015625,0.17596435546875,0.97772216796875,-2.9010009765625,-5.5328369140625,-0.246734619140625,1.0,1.0,1.0,1.0,1.0,95.0,event
12:10:29.323,0.12858808,0.55509984,-0.18695866,0.6620152,0.28717345,0.1413456,-0.41413224,0.2839051,0.37786934,0.26573417,-0.08617539,0.50227964,0.76902187,0.33530143,0.38997114,1.2214417,1.107541,0.208752,0.1282814,0.9053386,771.2088,787.72894,794.17584,867.9121,832.4542,-0.00201416015625,0.17596435546875,0.97772216796875,-2.9010009765625,-5.5328369140625,-0.246734619140625,1.0,1.0,1.0,1.0,1.0,95.0,event
12:10:29.323,0.12858808,0.55509984,-0.18695866,0.6620152,0.28717345,0.1413456,-0.41413224,0.2839051,0.37786934,0.26573417,-0.08617539,0.50227964,0.76902187,0.33530143,0.38997114,1.2214417,1.107541,0.208752,0.1282814,0.9053386,765.9707,795.78754,804.2491,827.619,992.4176,-0.00201416015625,0.17596435546875,0.97772216796875,-2.9010009765625,-5.5328369140625,-0.246734619140625,1.0,1.0,1.0,1.0,1.0,95.0,event
12:10:29.324,0.12858808,0.55509984,-0.18695866,0.6620152,0.28717345,0.1413456,-0.41413224,0.2839051,0.37786934,0.26573417,-0.08617539,0.50227964,0.76902187,0.33530143,0.38997114,1.2214417,1.107541,0.208752,0.1282814,0.9053386,772.4176,807.8755,805.8608,788.93774,921.50183,-0.00201416015625,0.17596435546875,0.97772216796875,-2.9010009765625,-5.5328369140625,-0.246734619140625,1.0,1.0,1.0,1.0,1.0,95.0,event
12:10:29.325,0.12858808,0.55509984,-0.18695866,0.6620152,0.28717345,0.1413456,-0.41413224,0.2839051,0.37786934,0.26573417,-0.08617539,0.50227964,0.76902187,0.33530143,0.38997114,1.2214417,1.107541,0.208752,0.1282814,0.9053386,784.10254,806.26373,803.8461,775.2381,846.1539,-0.00201416015625,0.17596435546875,0.97772216796875,-2.9010009765625,-5.5328369140625,-0.246734619140625,1.0,1.0,1.0,1.0,1.0,95.0,event
12:10:29.325,0.12858808,0.55509984,-0.18695866,0.6620152,0.28717345,0.1413456,-0.41413224,0.2839051,0.37786934,0.26573417,-0.08617539,0.50227964,0.76902187,0.33530143,0.38997114,1.2214417,1.107541,0.208752,0.1282814,0.9053386,784.90845,805.8608,801.8315,786.1172,841.7216,-0.00201416015625,0.17596435546875,0.97772216796875,-2.9010009765625,-5.5328369140625,-0.246734619140625,1.0,1.0,1.0,1.0,1.0,95.0,event
12:10:29.326,0.12858808,0.55509984,-0.18695866,0.6620152,0.28717345,0.1413456,-0.41413224,0.2839051,0.37786934,0.26573417,-0.08617539,0.50227964,0.76902187,0.33530143,0.38997114,1.2214417,1.107541,0.208752,0.1282814,0.9053386,786.9231,809.0842,799.81683,803.8461,1004.5055,-0.00201416015625,0.17596435546875,0.97772216796875,-2.9010009765625,-5.5328369140625,-0.246734619140625,1.0,1.0,1.0,1.0,1.0,95.0,event
12:10:29.326,0.12858808,0.55509984,-0.18695866,0.6620152,0.28717345,0.1413456,-0.41413224,0.2839051,0.37786934,0.26573417,-0.08617539,0.50227964,0.76902187,0.33530143,0.38997114,1.2214417,1.107541,0.208752,0.1282814,0.9053386,805.05493,812.3077,811.9048,821.978,908.20514,-0.00201416015625,0.17596435546875,0.97772216796875,-2.9010009765625,-5.5328369140625,-0.246734619140625,1.0,1.0,1.0,1.0,1.0,95.0,event
12:10:29.327,0.12858808,0.55509984,-0.18695866,0.6620152,0.28717345,0.1413456,-0.41413224,0.2839051,0.37786934,0.26573417,-0.08617539,0.50227964,0.76902187,0.33530143,0.38997114,1.2214417,1.107541,0.208752,0.1282814,0.9053386,790.54944,804.65204,805.05493,825.2015,709.15753,-0.00201416015625,0.17596435546875,0.97772216796875,-2.9010009765625,-5.5328369140625,-0.246734619140625,1.0,1.0,1.0,1.0,1.0,95.0,event
12:10:29.367,0.12858808,0.55509984,-0.18695866,0.6620152,0.28717345,0.1413456,-0.41413224,0.2839051,0.37786934,0.26573417,-0.08617539,0.50227964,0.76902187,0.33530143,0.38997114,1.2214417,1.107541,0.208752,0.1282814,0.9053386,755.4945,799.81683,796.1905,804.65204,714.3956,0.00921630859375,0.16448974609375,0.97833251953125,-2.46734619140625,-3.529052734375,0.49346923828125,1.0,1.0,1.0,1.0,1.0,95.0,event
12:10:29.368,0.12858808,0.55509984,-0.18695866,0.6620152,0.28717345,0.1413456,-0.41413224,0.2839051,0.37786934,0.26573417,-0.08617539,0.50227964,0.76902187,0.33530143,0.38997114,1.2214417,1.107541,0.208752,0.1282814,0.9053386,753.8828,799.41394,809.0842,831.2454,735.7509,0.00921630859375,0.16448974609375,0.97833251953125,-2.46734619140625,-3.529052734375,0.49346923828125,1.0,1.0,1.0,1.0,1.0,95.0,event
12:10:29.371,0.12858808,0.55509984,-0.18695866,0.6620152,0.28717345,0.1413456,-0.41413224,0.2839051,0.37786934,0.26573417,-0.08617539,0.50227964,0.76902187,0.33530143,0.38997114,1.2214417,1.107541,0.208752,0.1282814,0.9053386,780.4762,796.5934,807.47253,846.1539,762.3443,0.00921630859375,0.16448974609375,0.97833251953125,-2.46734619140625,-3.529052734375,0.49346923828125,1.0,1.0,1.0,1.0,1.0,95.0,event
12:10:29.372,0.12858808,0.55509984,-0.18695866,0.6620152,0.28717345,0.1413456,-0.41413224,0.2839051,0.37786934,0.26573417,-0.08617539,0.50227964,0.76902187,0.33530143,0.38997114,1.2214417,1.107541,0.208752,0.1282814,0.9053386,797.3993,790.54944,803.0403,818.7546,763.95605,0.00921630859375,0.16448974609375,0.97833251953125,-2.46734619140625,-3.529052734375,0.49346923828125,1.0,1.0,1.0,1.0,1.0,95.0,event
12:10:29.374,0.12858808,0.55509984,-0.18695866,0.6620152,0.28717345,0.1413456,-0.41413224,0.2839051,0.37786934,0.26573417,-0.08617539,0.50227964,0.76902187,0.33530143,0.38997114,1.2214417,1.107541,0.208752,0.1282814,0.9053386,786.52014,794.17584,810.696,806.6667,792.5641,0.00921630859375,0.16448974609375,0.97833251953125,-2.46734619140625,-3.529052734375,0.49346923828125,1.0,1.0,1.0,1.0,1.0,95.0,event
12:10:29.375,0.12858808,0.56651753,-0.12196726,0.6620152,0.28717345,0.11838005,-0.43821,0.2839051,0.37786934,0.26573417,-0.07487283,0.50227964,0.76902187,0.33421543,0.40155444,1.2214417,1.107541,0.21594588,0.18053909,0.9053386,785.7143,804.2491,809.4872,796.5934,851.39197,0.00921630859375,0.16448974609375,0.97833251953125,-2.46734619140625,-3.529052734375,0.49346923828125,1.0,2.0,1.0,1.0,2.0,95.0,event
12:10:29.379,0.12858808,0.56651753,-0.12196726,0.6620152,0.28717345,0.11838005,-0.43821,0.2839051,0.37786934,0.26573417,-0.07487283,0.50227964,0.76902187,0.33421543,0.40155444,1.2214417,1.107541,0.21594588,0.18053909,0.9053386,807.8755,810.696,794.17584,802.23444,901.75824,0.00921630859375,0.16448974609375,0.97833251953125,-2.46734619140625,-3.529052734375,0.49346923828125,1.0,2.0,1.0,1.0,2.0,95.0,event
12:10:29.380,0.12858808,0.56651753,-0.12196726,0.6620152,0.28717345,0.11838005,-0.43821,0.2839051,0.37786934,0.26573417,-0.07487283,0.50227964,0.76902187,0.33421543,0.40155444,1.2214417,1.107541,0.21594588,0.18053909,0.9053386,790.54944,803.8461,789.7436,844.5421,869.12085,0.00921630859375,0.16448974609375,0.97833251953125,-2.46734619140625,-3.529052734375,0.49346923828125,1.0,2.0,1.0,1.0,2.0,95.0,event
12:10:29.381,0.12858808,0.56651753,-0.12196726,0.6620152,0.28717345,0.11838005,-0.43821,0.2839051,0.37786934,0.26573417,-0.07487283,0.50227964,0.76902187,0.33421543,0.40155444,1.2214417,1.107541,0.21594588,0.18053909,0.9053386,768.3883,793.7729,803.0403,810.696,977.9121,0.00921630859375,0.16448974609375,0.97833251953125,-2.46734619140625,-3.529052734375,0.49346923828125,1.0,2.0,1.0,1.0,2.0,95.0,event
12:10:29.381,0.12858808,0.56651753,-0.12196726,0.6620152,0.28717345,0.11838005,-0.43821,0.2839051,0.37786934,0.26573417,-0.07487283,0.50227964,0.76902187,0.33421543,0.40155444,1.2214417,1.107541,0.21594588,0.18053909,0.9053386,764.7619,792.1612,811.0989,792.96704,1180.1831,0.00921630859375,0.16448974609375,0.97833251953125,-2.46734619140625,-3.529052734375,0.49346923828125,1.0,2.0,1.0,1.0,2.0,95.0,event
12:10:29.382,0.12858808,0.56651753,-0.12196726,0.6620152,0.28717345,0.11838005,-0.43821,0.2839051,0.37786934,0.26573417,-0.07487283,0.50227964,0.76902187,0.33421543,0.40155444,1.2214417,1.107541,0.21594588,0.18053909,0.9053386,767.98535,793.36993,813.91943,843.73627,853.4066,0.00921630859375,0.16448974609375,0.97833251953125,-2.46734619140625,-3.529052734375,0.49346923828125,1.0,2.0,1.0,1.0,2.0,95.0,event
12:10:29.382,0.12858808,0.56651753,-0.12196726,0.6620152,0.28717345,0.11838005,-0.43821,0.2839051,0.37786934,0.26573417,-0.07487283,0.50227964,0.76902187,0.33421543,0.40155444,1.2214417,1.107541,0.21594588,0.18053909,0.9053386,772.01465,804.65204,805.4579,807.0696,631.79486,0.00921630859375,0.16448974609375,0.97833251953125,-2.46734619140625,-3.529052734375,0.49346923828125,1.0,2.0,1.0,1.0,2.0,95.0,event
12:10:29.411,0.12858808,0.56651753,-0.12196726,0.6620152,0.28717345,0.11838005,-0.43821,0.2839051,0.37786934,0.26573417,-0.07487283,0.50227964,0.76902187,0.33421543,0.40155444,1.2214417,1.107541,0.21594588,0.18053909,0.9053386,781.685,808.2784,786.52014,785.31134,803.8461,-0.01275634765625,0.151123046875,0.96087646484375,-1.435546875,-2.85614013671875,-0.04486083984375,1.0,2.0,1.0,1.0,2.0,95.0,event
12:10:29.411,0.12858808,0.56651753,-0.12196726,0.6620152,0.28717345,0.11838005,-0.43821,0.2839051,0.37786934,0.26573417,-0.07487283,0.50227964,0.76902187,0.33421543,0.40155444,1.2214417,1.107541,0.21594588,0.18053909,0.9053386,783.69965,814.3223,791.75824,784.5055,782.0879,-0.01275634765625,0.151123046875,0.96087646484375,-1.435546875,-2.85614013671875,-0.04486083984375,1.0,2.0,1.0,1.0,2.0,95.0,event
12:10:29.412,0.12858808,0.56651753,-0.12196726,0.6620152,0.28717345,0.11838005,-0.43821,0.2839051,0.37786934,0.26573417,-0.07487283,0.50227964,0.76902187,0.33421543,0.40155444,1.2214417,1.107541,0.21594588,0.18053909,0.9053386,767.1795,795.78754,791.75824,785.31134,742.1978,-0.01275634765625,0.151123046875,0.96087646484375,-1.435546875,-2.85614013671875,-0.04486083984375,1.0,2.0,1.0,1.0,2.0,95.0,event
12:10:29.412,0.12858808,0.56651753,-0.12196726,0.6620152,0.28717345,0.11838005,-0.43821,0.2839051,0.37786934,0.26573417,-0.07487283,0.50227964,0.76902187,0.33421543,0.40155444,1.2214417,1.107541,0.21594588,0.18053909,0.9053386,770.40295,797.3993,795.38464,795.38464,771.6117,-0.01275634765625,0.151123046875,0.96087646484375,-1.435546875,-2.85614013671875,-0.04486083984375,1.0,2.0,1.0,1.0,2.0,95.0,event
12:10:29.413,0.12858808,0.56651753,-0.12196726,0.6620152,0.28717345,0.11838005,-0.43821,0.2839051,0.37786934,0.26573417,-0.07487283,0.50227964,0.76902187,0.33421543,0.40155444,1.2214417,1.107541,0.21594588,0.18053909,0.9053386,797.8022,806.26373,788.5348,798.20514,792.1612,-0.01275634765625,0.151123046875,0.96087646484375,-1.435546875,-2.85614013671875,-0.04486083984375,1.0,2.0,1.0,1.0,2.0,95.0,event
12:10:29.413,0.12858808,0.56651753,-0.12196726,0.6620152,0.28717345,0.11838005,-0.43821,0.2839051,0.37786934,0.26573417,-0.07487283,0.50227964,0.76902187,0.33421543,0.40155444,1.2214417,1.107541,0.21594588,0.18053909,0.9053386,809.4872,803.0403,786.1172,830.0366,878.3883,-0.01275634765625,0.151123046875,0.96087646484375,-1.435546875,-2.85614013671875,-0.04486083984375,1.0,2.0,1.0,1.0,2.0,95.0,event
12:10:29.414,0.12858808,0.56651753,-0.12196726,0.6620152,0.28717345,0.11838005,-0.43821,0.2839051,0.37786934,0.26573417,-0.07487283,0.50227964,0.76902187,0.33421543,0.40155444,1.2214417,1.107541,0.21594588,0.18053909,0.9053386,778.46155,791.3553,804.65204,856.2271,921.0989,-0.01275634765625,0.151123046875,0.96087646484375,-1.435546875,-2.85614013671875,-0.04486083984375,1.0,2.0,1.0,1.0,2.0,95.0,event
12:10:29.414,0.12858808,0.56651753,-0.12196726,0.6620152,0.28717345,0.11838005,-0.43821,0.2839051,0.37786934,0.26573417,-0.07487283,0.50227964,0.76902187,0.33421543,0.40155444,1.2214417,1.107541,0.21594588,0.18053909,0.9053386,772.8205,794.57874,813.1135,817.1429,873.1502,-0.01275634765625,0.151123046875,0.96087646484375,-1.435546875,-2.85614013671875,-0.04486083984375,1.0,2.0,1.0,1.0,2.0,95.0,event
12:10:29.415,0.12858808,0.56651753,-0.12196726,0.6620152,0.28717345,0.11838005,-0.43821,0.2839051,0.37786934,0.26573417,-0.07487283,0.50227964,0.76902187,0.33421543,0.40155444,1.2214417,1.107541,0.21594588,0.18053909,0.9053386,779.2674,804.65204,800.6227,786.9231,1023.8461,-0.01275634765625,0.151123046875,0.96087646484375,-1.435546875,-2.85614013671875,-0.04486083984375,1.0,2.0,1.0,1.0,2.0,95.0,event
12:10:29.415,0.12858808,0.56651753,-0.12196726,0.6620152,0.28717345,0.11838005,-0.43821,0.2839051,0.37786934,0.26573417,-0.07487283,0.50227964,0.76902187,0.33421543,0.40155444,1.2214417,1.107541,0.21594588,0.18053909,0.9053386,780.4762,802.6374,803.44324,815.5311,909.41394,-0.01275634765625,0.151123046875,0.96087646484375,-1.435546875,-2.85614013671875,-0.04486083984375,1.0,2.0,1.0,1.0,2.0,95.0,event
12:10:29.416,0.12858808,0.56651753,-0.12196726,0.6620152,0.28717345,0.11838005,-0.43821,0.2839051,0.37786934,0.26573417,-0.07487283,0.50227964,0.76902187,0.33421543,0.40155444,1.2214417,1.107541,0.21594588,0.18053909,0.9053386,794.57874,809.4872,813.5165,794.17584,750.65936,-0.01275634765625,0.151123046875,0.96087646484375,-1.435546875,-2.85614013671875,-0.04486083984375,1.0,2.0,1.0,1.0,2.0,95.0,event
12:10:29.416,0.12858808,0.56651753,-0.12196726,0.6620152,0.28717345,0.11838005,-0.43821,0.2839051,0.37786934,0.26573417,-0.07487283,0.50227964,0.76902187,0.33421543,0.40155444,1.2214417,1.107541,0.21594588,0.18053909,0.9053386,781.685,810.696,811.50183,802.6374,732.52747,-0.01275634765625,0.151123046875,0.96087646484375,-1.435546875,-2.85614013671875,-0.04486083984375,1.0,2.0,1.0,1.0,2.0,95.0,event
12:10:29.439,0.12858808,0.56651753,-0.12196726,0.6620152,0.28717345,0.11838005,-0.43821,0.2839051,0.37786934,0.26573417,-0.07487283,0.50227964,0.76902187,0.33421543,0.40155444,1.2214417,1.107541,0.21594588,0.18053909,0.9053386,799.011,789.7436,805.05493,822.381,868.315,-0.011962890625,0.1541748046875,0.96954345703125,2.699127197265625,-3.99261474609375,0.261688232421875,1.0,2.0,1.0,1.0,2.0,95.0,event
12:10:29.440,0.12858808,0.56651753,-0.12196726,0.6620152,0.28717345,0.11838005,-0.43821,0.2839051,0.37786934,0.26573417,-0.07487283,0.50227964,0.76902187,0.33421543,0.40155444,1.2214417,1.107541,0.21594588,0.18053909,0.9053386,780.4762,799.41394,799.011,820.3663,820.7692,-0.011962890625,0.1541748046875,0.96954345703125,2.699127197265625,-3.99261474609375,0.261688232421875,1.0,2.0,1.0,1.0,2.0,95.0,event
12:10:29.441,0.12858808,0.56651753,-0.12196726,0.6620152,0.28717345,0.11838005,-0.43821,0.2839051,0.37786934,0.26573417,-0.07487283,0.50227964,0.76902187,0.33421543,0.40155444,1.2214417,1.107541,0.21594588,0.18053909,0.9053386,788.93774,813.1135,806.26373,792.5641,728.0952,-0.011962890625,0.1541748046875,0.96954345703125,2.699127197265625,-3.99261474609375,0.261688232421875,1.0,2.0,1.0,1.0,2.0,95.0,event
12:10:29.441,0.12858808,0.56651753,-0.12196726,0.6620152,0.28717345,0.11838005,-0.43821,0.2839051,0.37786934,0.26573417,-0.07487283,0.50227964,0.76902187,0.33421543,0.40155444,1.2214417,1.107541,0.21594588,0.18053909,0.9053386,805.8608,807.0696,811.0989,786.52014,800.6227,-0.011962890625,0.1541748046875,0.96954345703125,2.699127197265625,-3.99261474609375,0.261688232421875,1.0,2.0,1.0,1.0,2.0,95.0,event
12:10:29.442,0.12858808,0.56651753,-0.12196726,0.6620152,0.28717345,0.11838005,-0.43821,0.2839051,0.37786934,0.26573417,-0.07487283,0.50227964,0.76902187,0.33421543,0.40155444,1.2214417,1.107541,0.21594588,0.18053909,0.9053386,782.49084,803.8461,809.0842,807.8755,900.14655,-0.011962890625,0.1541748046875,0.96954345703125,2.699127197265625,-3.99261474609375,0.261688232421875,1.0,2.0,1.0,1.0,2.0,95.0,event
12:10:29.442,0.12858808,0.56651753,-0.12196726,0.6620152,0.28717345,0.11838005,-0.43821,0.2839051,0.37786934,0.26573417,-0.07487283,0.50227964,0.76902187,0.33421543,0.40155444,1.2214417,1.107541,0.21594588,0.18053909,0.9053386,779.2674,807.8755,798.60803,818.3516,932.7839,-0.011962890625,0.1541748046875,0.96954345703125,2.699127197265625,-3.99261474609375,0.261688232421875,1.0,2.0,1.0,1.0,2.0,95.0,event
12:10:29.443,0.12858808,0.56651753,-0.12196726,0.6620152,0.28717345,0.11838005,-0.43821,0.2839051,0.37786934,0.26573417,-0.07487283,0.50227964,0.76902187,0.33421543,0.40155444,1.2214417,1.107541,0.21594588,0.18053909,0.9053386,813.5165,810.293,799.81683,793.7729,888.0586,-0.011962890625,0.1541748046875,0.96954345703125,2.699127197265625,-3.99261474609375,0.261688232421875,1.0,2.0,1.0,1.0,2.0,95.0,event
12:10:29.443,0.12858808,0.5645371,-0.04168325,0.6620152,0.28717345,0.07206139,-0.4442174,0.2839051,0.37786934,0.2463578,-0.020499334,0.50227964,0.76902187,0.33047622,0.4169922,1.2214417,1.107541,0.22102924,0.26074252,0.9053386,795.78754,800.2198,808.68134,791.3553,967.4359,-0.011962890625,0.1541748046875,0.96954345703125,2.699127197265625,-3.99261474609375,0.261688232421875,1.0,2.0,1.0,1.0,2.0,95.0,event
12:10:29.446,0.12858808,0.5645371,-0.04168325,0.6620152,0.28717345,0.07206139,-0.4442174,0.2839051,0.37786934,0.2463578,-0.020499334,0.50227964,0.76902187,0.33047622,0.4169922,1.2214417,1.107541,0.22102924,0.26074252,0.9053386,764.7619,794.9817,813.91943,832.0513,1034.3224,-0.011962890625,0.1541748046875,0.96954345703125,2.699127197265625,-3.99261474609375,0.261688232421875,1.0,2.0,1.0,1.0,2.0,95.0,event
12:10:29.447,0.12858808,0.5645371,-0.04168325,0.6620152,0.28717345,0.07206139,-0.4442174,0.2839051,0.37786934,0.2463578,-0.020499334,0.50227964,0.76902187,0.33047622,0.4169922,1.2214417,1.107541,0.22102924,0.26074252,0.9053386,780.4762,805.05493,813.1135,835.2747,824.3956,-0.011962890625,0.1541748046875,0.96954345703125,2.699127197265625,-3.99261474609375,0.261688232421875,1.0,2.0,1.0,1.0,2.0,95.0,event
12:10:29.448,0.12858808,0.5645371,-0.04168325,0.6620152,0.28717345,0.07206139,-0.4442174,0.2839051,0.37786934,0.2463578,-0.020499334,0.50227964,0.76902187,0.33047622,0.4169922,1.2214417,1.107541,0.22102924,0.26074252,0.9053386,788.5348,805.05493,806.6667,780.87915,784.90845,-0.011962890625,0.1541748046875,0.96954345703125,2.699127197265625,-3.99261474609375,0.261688232421875,1.0,2.0,1.0,1.0,2.0,95.0,event
12:10:29.448,0.12858808,0.5645371,-0.04168325,0.6620152,0.28717345,0.07206139,-0.4442174,0.2839051,0.37786934,0.2463578,-0.020499334,0.50227964,0.76902187,0.33047622,0.4169922,1.2214417,1.107541,0.22102924,0.26074252,0.9053386,777.6557,806.6667,796.99634,763.5531,854.61536,-0.011962890625,0.1541748046875,0.96954345703125,2.699127197265625,-3.99261474609375,0.261688232421875,1.0,2.0,1.0,1.0,2.0,95.0,event
12:10:29.474,0.12858808,0.5645371,-0.04168325,0.6620152,0.28717345,0.07206139,-0.4442174,0.2839051,0.37786934,0.2463578,-0.020499334,0.50227964,0.76902187,0.33047622,0.4169922,1.2214417,1.107541,0.22102924,0.26074252,0.9053386,796.99634,807.8755,793.7729,796.5934,774.43225,-0.011962890625,0.1541748046875,0.96954345703125,2.699127197265625,-3.99261474609375,0.261688232421875,1.0,2.0,1.0,1.0,2.0,95.0,event
12:10:29.475,0.12858808,0.5645371,-0.04168325,0.6620152,0.28717345,0.07206139,-0.4442174,0.2839051,0.37786934,0.2463578,-0.020499334,0.50227964,0.76902187,0.33047622,0.4169922,1.2214417,1.107541,0.22102924,0.26074252,0.9053386,807.8755,794.17584,796.99634,797.8022,699.0842,-0.011962890625,0.1541748046875,0.96954345703125,2.699127197265625,-3.99261474609375,0.261688232421875,1.0,2.0,1.0,1.0,2.0,95.0,event
12:10:29.476,0.12858808,0.5645371,-0.04168325,0.6620152,0.28717345,0.07206139,-0.4442174,0.2839051,0.37786934,0.2463578,-0.020499334,0.50227964,0.76902187,0.33047622,0.4169922,1.2214417,1.107541,0.22102924,0.26074252,0.9053386,785.7143,793.36993,799.81683,794.17584,736.55676,-0.011962890625,0.1541748046875,0.96954345703125,2.699127197265625,-3.99261474609375,0.261688232421875,1.0,2.0,1.0,1.0,2.0,95.0,event
12:10:29.476,0.12858808,0.5645371,-0.04168325,0.6620152,0.28717345,0.07206139,-0.4442174,0.2839051,0.37786934,0.2463578,-0.020499334,0.50227964,0.76902187,0.33047622,0.4169922,1.2214417,1.107541,0.22102924,0.26074252,0.9053386,789.34064,805.4579,808.2784,803.0403,857.03296,-0.011962890625,0.1541748046875,0.96954345703125,2.699127197265625,-3.99261474609375,0.261688232421875,1.0,2.0,1.0,1.0,2.0,95.0,event
12:10:29.477,0.12858808,0.5645371,-0.04168325,0.6620152,0.28717345,0.07206139,-0.4442174,0.2839051,0.37786934,0.2463578,-0.020499334,0.50227964,0.76902187,0.33047622,0.4169922,1.2214417,1.107541,0.22102924,0.26074252,0.9053386,800.6227,806.26373,801.02563,794.9817,825.2015,-0.011962890625,0.1541748046875,0.96954345703125,2.699127197265625,-3.99261474609375,0.261688232421875,1.0,2.0,1.0,1.0,2.0,95.0,event
12:10:29.477,0.12858808,0.5645371,-0.04168325,0.6620152,0.28717345,0.07206139,-0.4442174,0.2839051,0.37786934,0.2463578,-0.020499334,0.50227964,0.76902187,0.33047622,0.4169922,1.2214417,1.107541,0.22102924,0.26074252,0.9053386,801.02563,808.2784,794.9817,788.1319,818.3516,-0.011962890625,0.1541748046875,0.96954345703125,2.699127197265625,-3.99261474609375,0.261688232421875,1.0,2.0,1.0,1.0,2.0,95.0,event
12:10:29.478,0.12858808,0.5645371,-0.04168325,0.6620152,0.28717345,0.07206139,-0.4442174,0.2839051,0.37786934,0.2463578,-0.020499334,0.50227964,0.76902187,0.33047622,0.4169922,1.2214417,1.107541,0.22102924,0.26074252,0.9053386,793.7729,810.293,807.47253,798.20514,891.685,-0.011962890625,0.1541748046875,0.96954345703125,2.699127197265625,-3.99261474609375,0.261688232421875,1.0,2.0,1.0,1.0,2.0,95.0,event
12:10:29.479,0.12858808,0.5645371,-0.04168325,0.6620152,0.28717345,0.07206139,-0.4442174,0.2839051,0.37786934,0.2463578,-0.020499334,0.50227964,0.76902187,0.33047622,0.4169922,1.2214417,1.107541,0.22102924,0.26074252,0.9053386,792.5641,807.8755,814.7253,822.7839,1073.4066,-0.011962890625,0.1541748046875,0.96954345703125,2.699127197265625,-3.99261474609375,0.261688232421875,1.0,2.0,1.0,1.0,2.0,95.0,event
12:10:29.479,0.12858808,0.5645371,-0.04168325,0.6620152,0.28717345,0.07206139,-0.4442174,0.2839051,0.37786934,0.2463578,-0.020499334,0.50227964,0.76902187,0.33047622,0.4169922,1.2214417,1.107541,0.22102924,0.26074252,0.9053386,804.2491,808.68134,821.1722,824.3956,1038.3517,-0.011962890625,0.1541748046875,0.96954345703125,2.699127197265625,-3.99261474609375,0.261688232421875,1.0,2.0,1.0,1.0,2.0,95.0,event
12:10:29.481,0.12858808,0.5645371,-0.04168325,0.6620152,0.28717345,0.07206139,-0.4442174,0.2839051,0.37786934,0.2463578,-0.020499334,0.50227964,0.76902187,0.33047622,0.4169922,1.2214417,1.107541,0.22102924,0.26074252,0.9053386,773.6264,800.6227,818.3516,813.5165,820.7692,-0.011962890625,0.1541748046875,0.96954345703125,2.699127197265625,-3.99261474609375,0.261688232421875,1.0,2.0,1.0,1.0,2.0,95.0,event
12:10:29.482,0.12858808,0.5645371,-0.04168325,0.6620152,0.28717345,0.07206139,-0.4442174,0.2839051,0.37786934,0.2463578,-0.020499334,0.50227964,0.76902187,0.33047622,0.4169922,1.2214417,1.107541,0.22102924,0.26074252,0.9053386,774.0293,802.23444,809.4872,794.17584,709.9634,-0.011962890625,0.1541748046875,0.96954345703125,2.699127197265625,-3.99261474609375,0.261688232421875,1.0,2.0,1.0,1.0,2.0,95.0,event
12:10:29.482,0.12858808,0.5645371,-0.04168325,0.6620152,0.28717345,0.07206139,-0.4442174,0.2839051,0.37786934,0.2463578,-0.020499334,0.50227964,0.76902187,0.33047622,0.4169922,1.2214417,1.107541,0.22102924,0.26074252,0.9053386,754.2857,794.57874,805.4579,790.9524,782.8938,-0.011962890625,0.1541748046875,0.96954345703125,2.699127197265625,-3.99261474609375,0.261688232421875,1.0,2.0,1.0,1.0,2.0,95.0,event
12:10:29.542,0.12858808,0.5645371,-0.04168325,0.6620152,0.28717345,0.07206139,-0.4442174,0.2839051,0.37786934,0.2463578,-0.020499334,0.50227964,0.76902187,0.33047622,0.4169922,1.2214417,1.107541,0.22102924,0.26074252,0.9053386,791.75824,811.9048,813.1135,813.91943,676.9231,-0.00897216796875,0.16650390625,0.978515625,3.551483154296875,-5.510406494140625,-0.276641845703125,1.0,2.0,1.0,1.0,2.0,95.0,event
12:10:29.543,0.12858808,0.5645371,-0.04168325,0.6620152,0.28717345,0.07206139,-0.4442174,0.2839051,0.37786934,0.2463578,-0.020499334,0.50227964,0.76902187,0.33047622,0.4169922,1.2214417,1.107541,0.22102924,0.26074252,0.9053386,782.8938,809.4872,805.4579,804.2491,707.5458,-0.00897216796875,0.16650390625,0.978515625,3.551483154296875,-5.510406494140625,-0.276641845703125,1.0,2.0,1.0,1.0,2.0,95.0,event
12:10:29.544,0.12858808,0.5645371,-0.04168325,0.6620152,0.28717345,0.07206139,-0.4442174,0.2839051,0.37786934,0.2463578,-0.020499334,0.50227964,0.76902187,0.33047622,0.4169922,1.2214417,1.107541,0.22102924,0.26074252,0.9053386,779.67035,806.26373,802.6374,807.0696,698.2784,-0.00897216796875,0.16650390625,0.978515625,3.551483154296875,-5.510406494140625,-0.276641845703125,1.0,2.0,1.0,1.0,2.0,95.0,event
12:10:29.544,0.12858808,0.5645371,-0.04168325,0.6620152,0.28717345,0.07206139,-0.4442174,0.2839051,0.37786934,0.2463578,-0.020499334,0.50227964,0.76902187,0.33047622,0.4169922,1.2214417,1.107541,0.22102924,0.26074252,0.9053386,794.9817,802.6374,805.4579,816.7399,669.67035,-0.00897216796875,0.16650390625,0.978515625,3.551483154296875,-5.510406494140625,-0.276641845703125,1.0,2.0,1.0,1.0,2.0,95.0,event
12:10:29.545,0.12858808,0.5645371,-0.04168325,0.6620152,0.28717345,0.07206139,-0.4442174,0.2839051,0.37786934,0.2463578,-0.020499334,0.50227964,0.76902187,0.33047622,0.4169922,1.2214417,1.107541,0.22102924,0.26074252,0.9053386,800.2198,803.0403,807.0696,815.5311,682.1612,-0.00897216796875,0.16650390625,0.978515625,3.551483154296875,-5.510406494140625,-0.276641845703125,1.0,2.0,1.0,1.0,2.0,95.0,event
12:10:29.545,0.12858808,0.5645371,-0.04168325,0.6620152,0.28717345,0.07206139,-0.4442174,0.2839051,0.37786934,0.2463578,-0.020499334,0.50227964,0.76902187,0.33047622,0.4169922,1.2214417,1.107541,0.22102924,0.26074252,0.9053386,795.78754,807.47253,813.91943,800.6227,780.4762,-0.00897216796875,0.16650390625,0.978515625,3.551483154296875,-5.510406494140625,-0.276641845703125,1.0,2.0,1.0,1.0,2.0,95.0,event
12:10:29.546,0.12858808,0.5645371,-0.04168325,0.6620152,0.28717345,0.07206139,-0.4442174,0.2839051,0.37786934,0.2463578,-0.020499334,0.50227964,0.76902187,0.33047622,0.4169922,1.2214417,1.107541,0.22102924,0.26074252,0.9053386,799.011,806.6667,815.5311,793.36993,971.4652,-0.00897216796875,0.16650390625,0.978515625,3.551483154296875,-5.510406494140625,-0.276641845703125,1.0,2.0,1.0,1.0,2.0,95.0,event
12:10:29.546,0.12858808,0.5645371,-0.04168325,0.6620152,0.28717345,0.07206139,-0.4442174,0.2839051,0.37786934,0.2463578,-0.020499334,0.50227964,0.76902187,0.33047622,0.4169922,1.2214417,1.107541,0.22102924,0.26074252,0.9053386,795.38464,798.60803,810.696,804.2491,1033.5165,-0.00897216796875,0.16650390625,0.978515625,3.551483154296875,-5.510406494140625,-0.276641845703125,1.0,2.0,1.0,1.0,2.0,95.0,event
12:10:29.547,0.12858808,0.5645371,-0.04168325,0.6620152,0.28717345,0.07206139,-0.4442174,0.2839051,0.37786934,0.2463578,-0.020499334,0.50227964,0.76902187,0.33047622,0.4169922,1.2214417,1.107541,0.22102924,0.26074252,0.9053386,796.5934,800.6227,806.26373,819.9634,752.674,-0.00897216796875,0.16650390625,0.978515625,3.551483154296875,-5.510406494140625,-0.276641845703125,1.0,2.0,1.0,1.0,2.0,95.0,event
12:10:29.548,0.12858808,0.53076607,0.018414406,0.6620152,0.28717345,0.0011578681,-0.4315616,0.2839051,0.37786934,0.20830123,0.046324834,0.50227964,0.76902187,0.3225807,0.4289804,1.2214417,1.107541,0.22259225,0.33606878,0.9053386,794.9817,813.5165,801.4286,812.71063,686.5934,-0.00897216796875,0.16650390625,0.978515625,3.551483154296875,-5.510406494140625,-0.276641845703125,1.0,2.0,1.0,1.0,2.0,95.0,event
12:10:29.551,0.12858808,0.53076607,0.018414406,0.6620152,0.28717345,0.0011578681,-0.4315616,0.2839051,0.37786934,0.20830123,0.046324834,0.50227964,0.76902187,0.3225807,0.4289804,1.2214417,1.107541,0.22259225,0.33606878,0.9053386,795.38464,797.8022,807.47253,813.1135,809.4872,-0.00897216796875,0.16650390625,0.978515625,3.551483154296875,-5.510406494140625,-0.276641845703125,1.0,2.0,1.0,1.0,2.0,95.0,event
12:10:29.552,0.12858808,0.53076607,0.018414406,0.6620152,0.28717345,0.0011578681,-0.4315616,0.2839051,0.37786934,0.20830123,0.046324834,0.50227964,0.76902187,0.3225807,0.4289804,1.2214417,1.107541,0.22259225,0.33606878,0.9053386,814.7253,789.7436,813.91943,817.9487,841.31866,-0.00897216796875,0.16650390625,0.978515625,3.551483154296875,-5.510406494140625,-0.276641845703125,1.0,2.0,1.0,1.0,2.0,95.0,event
12:10:29.576,0.12858808,0.53076607,0.018414406,0.6620152,0.28717345,0.0011578681,-0.4315616,0.2839051,0.37786934,0.20830123,0.046324834,0.50227964,0.76902187,0.3225807,0.4289804,1.2214417,1.107541,0.22259225,0.33606878,0.9053386,823.9927,807.8755,816.7399,802.23444,728.0952,-0.0001220703125,0.16943359375,0.97674560546875,2.145843505859375,-3.828125,-0.321502685546875,1.0,2.0,1.0,1.0,2.0,95.0,event
12:10:29.577,0.12858808,0.53076607,0.018414406,0.6620152,0.28717345,0.0011578681,-0.4315616,0.2839051,0.37786934,0.20830123,0.046324834,0.50227964,0.76902187,0.3225807,0.4289804,1.2214417,1.107541,0.22259225,0.33606878,0.9053386,792.1612,811.9048,813.91943,784.90845,740.989,-0.0001220703125,0.16943359375,0.97674560546875,2.145843505859375,-3.828125,-0.321502685546875,1.0,2.0,1.0,1.0,2.0,95.0,event
12:10:29.578,0.12858808,0.53076607,0.018414406,0.6620152,0.28717345,0.0011578681,-0.4315616,0.2839051,0.37786934,0.20830123,0.046324834,0.50227964,0.76902187,0.3225807,0.4289804,1.2214417,1.107541,0.22259225,0.33606878,0.9053386,772.8205,805.05493,800.2198,804.65204,849.3773,-0.0001220703125,0.16943359375,0.97674560546875,2.145843505859375,-3.828125,-0.321502685546875,1.0,2.0,1.0,1.0,2.0,95.0,event
12:10:29.579,0.12858808,0.53076607,0.018414406,0.6620152,0.28717345,0.0011578681,-0.4315616,0.2839051,0.37786934,0.20830123,0.046324834,0.50227964,0.76902187,0.3225807,0.4289804,1.2214417,1.107541,0.22259225,0.33606878,0.9053386,792.1612,802.23444,814.7253,811.0989,804.2491,-0.0001220703125,0.16943359375,0.97674560546875,2.145843505859375,-3.828125,-0.321502685546875,1.0,2.0,1.0,1.0,2.0,95.0,event
12:10:29.579,0.12858808,0.53076607,0.018414406,0.6620152,0.28717345,0.0011578681,-0.4315616,0.2839051,0.37786934,0.20830123,0.046324834,0.50227964,0.76902187,0.3225807,0.4289804,1.2214417,1.107541,0.22259225,0.33606878,0.9053386,813.1135,807.8755,817.5458,821.978,751.06226,-0.0001220703125,0.16943359375,0.97674560546875,2.145843505859375,-3.828125,-0.321502685546875,1.0,2.0,1.0,1.0,2.0,95.0,event
12:10:29.580,0.12858808,0.53076607,0.018414406,0.6620152,0.28717345,0.0011578681,-0.4315616,0.2839051,0.37786934,0.20830123,0.046324834,0.50227964,0.76902187,0.3225807,0.4289804,1.2214417,1.107541,0.22259225,0.33606878,0.9053386,806.26373,810.696,808.68134,844.94507,866.7033,-0.0001220703125,0.16943359375,0.97674560546875,2.145843505859375,-3.828125,-0.321502685546875,1.0,2.0,1.0,1.0,2.0,95.0,event
12:10:29.581,0.12858808,0.53076607,0.018414406,0.6620152,0.28717345,0.0011578681,-0.4315616,0.2839051,0.37786934,0.20830123,0.046324834,0.50227964,0.76902187,0.3225807,0.4289804,1.2214417,1.107541,0.22259225,0.33606878,0.9053386,778.46155,796.5934,827.619,807.8755,1083.0769,-0.0001220703125,0.16943359375,0.97674560546875,2.145843505859375,-3.828125,-0.321502685546875,1.0,2.0,1.0,1.0,2.0,95.0,event
12:10:29.581,0.12858808,0.53076607,0.018414406,0.6620152,0.28717345,0.0011578681,-0.4315616,0.2839051,0.37786934,0.20830123,0.046324834,0.50227964,0.76902187,0.3225807,0.4289804,1.2214417,1.107541,0.22259225,0.33606878,0.9053386,752.27106,792.5641,814.3223,787.326,873.95605,-0.0001220703125,0.16943359375,0.97674560546875,2.145843505859375,-3.828125,-0.321502685546875,1.0,2.0,1.0,1.0,2.0,95.0,event
12:10:29.582,0.12858808,0.53076607,0.018414406,0.6620152,0.28717345,0.0011578681,-0.4315616,0.2839051,0.37786934,0.20830123,0.046324834,0.50227964,0.76902187,0.3225807,0.4289804,1.2214417,1.107541,0.22259225,0.33606878,0.9053386,812.3077,796.1905,815.5311,816.7399,844.94507,-0.0001220703125,0.16943359375,0.97674560546875,2.145843505859375,-3.828125,-0.321502685546875,1.0,2.0,1.0,1.0,2.0,95.0,event
12:10:29.582,0.12858808,0.53076607,0.018414406,0.6620152,0.28717345,0.0011578681,-0.4315616,0.2839051,0.37786934,0.20830123,0.046324834,0.50227964,0.76902187,0.3225807,0.4289804,1.2214417,1.107541,0.22259225,0.33606878,0.9053386,778.0586,793.7729,802.6374,806.6667,676.9231,-0.0001220703125,0.16943359375,0.97674560546875,2.145843505859375,-3.828125,-0.321502685546875,1.0,2.0,1.0,1.0,2.0,95.0,event
12:10:29.583,0.12858808,0.53076607,0.018414406,0.6620152,0.28717345,0.0011578681,-0.4315616,0.2839051,0.37786934,0.20830123,0.046324834,0.50227964,0.76902187,0.3225807,0.4289804,1.2214417,1.107541,0.22259225,0.33606878,0.9053386,788.93774,795.78754,823.5897,837.6923,926.7399,-0.0001220703125,0.16943359375,0.97674560546875,2.145843505859375,-3.828125,-0.321502685546875,1.0,2.0,1.0,1.0,2.0,95.0,event
12:10:29.584,0.12858808,0.53076607,0.018414406,0.6620152,0.28717345,0.0011578681,-0.4315616,0.2839051,0.37786934,0.20830123,0.046324834,0.50227964,0.76902187,0.3225807,0.4289804,1.2214417,1.107541,0.22259225,0.33606878,0.9053386,794.57874,796.99634,820.3663,819.15753,672.8938,-0.0001220703125,0.16943359375,0.97674560546875,2.145843505859375,-3.828125,-0.321502685546875,1.0,2.0,1.0,1.0,2.0,95.0,event
12:10:29.648,0.12858808,0.53076607,0.018414406,0.6620152,0.28717345,0.0011578681,-0.4315616,0.2839051,0.37786934,0.20830123,0.046324834,0.50227964,0.76902187,0.3225807,0.4289804,1.2214417,1.107541,0.22259225,0.33606878,0.9053386,846.55676,799.011,815.9341,805.4579,613.663,-0.0150146484375,0.1671142578125,0.97369384765625,1.7645263671875,-4.844970703125,-0.40374755859375,1.0,2.0,1.0,1.0,2.0,95.0,event
12:10:29.649,0.12858808,0.53076607,0.018414406,0.6620152,0.28717345,0.0011578681,-0.4315616,0.2839051,0.37786934,0.20830123,0.046324834,0.50227964,0.76902187,0.3225807,0.4289804,1.2214417,1.107541,0.22259225,0.33606878,0.9053386,838.49817,796.5934,819.15753,815.9341,788.1319,-0.0150146484375,0.1671142578125,0.97369384765625,1.7645263671875,-4.844970703125,-0.40374755859375,1.0,2.0,1.0,1.0,2.0,95.0,event
12:10:29.649,0.12858808,0.53076607,0.018414406,0.6620152,0.28717345,0.0011578681,-0.4315616,0.2839051,0.37786934,0.20830123,0.046324834,0.50227964,0.76902187,0.3225807,0.4289804,1.2214417,1.107541,0.22259225,0.33606878,0.9053386,803.0403,803.8461,813.91943,826.0073,867.1062,-0.0150146484375,0.1671142578125,0.97369384765625,1.7645263671875,-4.844970703125,-0.40374755859375,1.0,2.0,1.0,1.0,2.0,95.0,event
12:10:29.650,0.12858808,0.53076607,0.018414406,0.6620152,0.28717345,0.0011578681,-0.4315616,0.2839051,0.37786934,0.20830123,0.046324834,0.50227964,0.76902187,0.3225807,0.4289804,1.2214417,1.107541,0.22259225,0.33606878,0.9053386,832.8571,810.293,812.71063,862.27106,794.57874,-0.0150146484375,0.1671142578125,0.97369384765625,1.7645263671875,-4.844970703125,-0.40374755859375,1.0,2.0,1.0,1.0,2.0,95.0,event
12:10:29.651,0.12858808,0.53076607,0.018414406,0.6620152,0.28717345,0.0011578681,-0.4315616,0.2839051,0.37786934,0.20830123,0.046324834,0.50227964,0.76902187,0.3225807,0.4289804,1.2214417,1.107541,0.22259225,0.33606878,0.9053386,826.4103,806.26373,815.9341,886.8498,680.14655,-0.0150146484375,0.1671142578125,0.97369384765625,1.7645263671875,-4.844970703125,-0.40374755859375,1.0,2.0,1.0,1.0,2.0,95.0,event
12:10:29.651,0.12858808,0.53076607,0.018414406,0.6620152,0.28717345,0.0011578681,-0.4315616,0.2839051,0.37786934,0.20830123,0.046324834,0.50227964,0.76902187,0.3225807,0.4289804,1.2214417,1.107541,0.22259225,0.33606878,0.9053386,792.5641,796.1905,812.3077,816.337,803.44324,-0.0150146484375,0.1671142578125,0.97369384765625,1.7645263671875,-4.844970703125,-0.40374755859375,1.0,2.0,1.0,1.0,2.0,95.0,event
12:10:29.652,0.12858808,0.53076607,0.018414406,0.6620152,0.28717345,0.0011578681,-0.4315616,0.2839051,0.37786934,0.20830123,0.046324834,0.50227964,0.76902187,0.3225807,0.4289804,1.2214417,1.107541,0.22259225,0.33606878,0.9053386,803.0403,790.9524,815.5311,813.5165,914.2491,-0.0150146484375,0.1671142578125,0.97369384765625,1.7645263671875,-4.844970703125,-0.40374755859375,1.0,2.0,1.0,1.0,2.0,95.0,event
12:10:29.653,0.12858808,0.53076607,0.018414406,0.6620152,0.28717345,0.0011578681,-0.4315616,0.2839051,0.37786934,0.20830123,0.046324834,0.50227964,0.76902187,0.3225807,0.4289804,1.2214417,1.107541,0.22259225,0.33606878,0.9053386,825.6044,809.4872,805.4579,846.1539,726.08057,-0.0150146484375,0.1671142578125,0.97369384765625,1.7645263671875,-4.844970703125,-0.40374755859375,1.0,2.0,1.0,1.0,2.0,95.0,event
12:10:29.653,0.12858808,0.53076607,0.018414406,0.6620152,0.28717345,0.0011578681,-0.4315616,0.2839051,0.37786934,0.20830123,0.046324834,0.50227964,0.76902187,0.3225807,0.4289804,1.2214417,1.107541,0.22259225,0.33606878,0.9053386,810.293,801.02563,810.293,855.42126,782.8938,-0.0150146484375,0.1671142578125,0.97369384765625,1.7645263671875,-4.844970703125,-0.40374755859375,1.0,2.0,1.0,1.0,2.0,95.0,event
12:10:29.654,0.12858808,0.53076607,0.018414406,0.6620152,0.28717345,0.0011578681,-0.4315616,0.2839051,0.37786934,0.20830123,0.046324834,0.50227964,0.76902187,0.3225807,0.4289804,1.2214417,1.107541,0.22259225,0.33606878,0.9053386,829.6337,805.4579,812.71063,817.1429,859.45056,-0.0150146484375,0.1671142578125,0.97369384765625,1.7645263671875,-4.844970703125,-0.40374755859375,1.0,2.0,1.0,1.0,2.0,95.0,event
12:10:29.655,0.12858808,0.53076607,0.018414406,0.6620152,0.28717345,0.0011578681,-0.4315616,0.2839051,0.37786934,0.20830123,0.046324834,0.50227964,0.76902187,0.3225807,0.4289804,1.2214417,1.107541,0.22259225,0.33606878,0.9053386,827.619,802.6374,819.9634,811.9048,872.3443,-0.0150146484375,0.1671142578125,0.97369384765625,1.7645263671875,-4.844970703125,-0.40374755859375,1.0,2.0,1.0,1.0,2.0,95.0,event
12:10:29.655,0.12858808,0.4729805,0.040455565,0.6620152,0.28717345,-0.08279769,-0.406502,0.2839051,0.37786934,0.14829288,0.10948821,0.50227964,0.76902187,0.311535,0.43295357,1.2214417,1.107541,0.22277974,0.38605788,0.9053386,815.9341,796.99634,821.5751,819.15753,735.7509,-0.0150146484375,0.1671142578125,0.97369384765625,1.7645263671875,-4.844970703125,-0.40374755859375,1.0,2.0,1.0,1.0,2.0,95.0,event
12:10:29.686,0.12858808,0.4729805,0.040455565,0.6620152,0.28717345,-0.08279769,-0.406502,0.2839051,0.37786934,0.14829288,0.10948821,0.50227964,0.76902187,0.311535,0.43295357,1.2214417,1.107541,0.22277974,0.38605788,0.9053386,800.6227,795.78754,820.3663,819.9634,761.9414,0.002197265625,0.172119140625,0.9737548828125,2.071075439453125,-4.05242919921875,-0.186920166015625,1.0,2.0,1.0,1.0,2.0,95.0,event
12:10:29.687,0.12858808,0.4729805,0.040455565,0.6620152,0.28717345,-0.08279769,-0.406502,0.2839051,0.37786934,0.14829288,0.10948821,0.50227964,0.76902187,0.311535,0.43295357,1.2214417,1.107541,0.22277974,0.38605788,0.9053386,797.8022,799.011,813.1135,836.08057,900.9524,0.002197265625,0.172119140625,0.9737548828125,2.071075439453125,-4.05242919921875,-0.186920166015625,1.0,2.0,1.0,1.0,2.0,95.0,event
12:10:29.687,0.12858808,0.4729805,0.040455565,0.6620152,0.28717345,-0.08279769,-0.406502,0.2839051,0.37786934,0.14829288,0.10948821,0.50227964,0.76902187,0.311535,0.43295357,1.2214417,1.107541,0.22277974,0.38605788,0.9053386,810.696,804.2491,791.3553,825.6044,798.20514,0.002197265625,0.172119140625,0.9737548828125,2.071075439453125,-4.05242919921875,-0.186920166015625,1.0,2.0,1.0,1.0,2.0,95.0,event
12:10:29.688,0.12858808,0.4729805,0.040455565,0.6620152,0.28717345,-0.08279769,-0.406502,0.2839051,0.37786934,0.14829288,0.10948821,0.50227964,0.76902187,0.311535,0.43295357,1.2214417,1.107541,0.22277974,0.38605788,0.9053386,835.6777,811.50183,802.23444,843.3333,660.0,0.002197265625,0.172119140625,0.9737548828125,2.071075439453125,-4.05242919921875,-0.186920166015625,1.0,2.0,1.0,1.0,2.0,95.0,event
12:10:29.689,0.12858808,0.4729805,0.040455565,0.6620152,0.28717345,-0.08279769,-0.406502,0.2839051,0.37786934,0.14829288,0.10948821,0.50227964,0.76902187,0.311535,0.43295357,1.2214417,1.107541,0.22277974,0.38605788,0.9053386,835.6777,808.2784,835.2747,844.1392,749.45056,0.002197265625,0.172119140625,0.9737548828125,2.071075439453125,-4.05242919921875,-0.186920166015625,1.0,2.0,1.0,1.0,2.0,95.0,event
12:10:29.690,0.12858808,0.4729805,0.040455565,0.6620152,0.28717345,-0.08279769,-0.406502,0.2839051,0.37786934,0.14829288,0.10948821,0.50227964,0.76902187,0.311535,0.43295357,1.2214417,1.107541,0.22277974,0.38605788,0.9053386,794.57874,799.41394,833.2601,813.1135,929.15753,0.002197265625,0.172119140625,0.9737548828125,2.071075439453125,-4.05242919921875,-0.186920166015625,1.0,2.0,1.0,1.0,2.0,95.0,event
12:10:29.691,0.12858808,0.4729805,0.040455565,0.6620152,0.28717345,-0.08279769,-0.406502,0.2839051,0.37786934,0.14829288,0.10948821,0.50227964,0.76902187,0.311535,0.43295357,1.2214417,1.107541,0.22277974,0.38605788,0.9053386,792.5641,799.41394,819.9634,828.8278,899.34064,0.002197265625,0.172119140625,0.9737548828125,2.071075439453125,-4.05242919921875,-0.186920166015625,1.0,2.0,1.0,1.0,2.0,95.0,event
12:10:29.692,0.12858808,0.4729805,0.040455565,0.6620152,0.28717345,-0.08279769,-0.406502,0.2839051,0.37786934,0.14829288,0.10948821,0.50227964,0.76902187,0.311535,0.43295357,1.2214417,1.107541,0.22277974,0.38605788,0.9053386,819.5604,803.44324,815.12823,830.0366,744.61536,0.002197265625,0.172119140625,0.9737548828125,2.071075439453125,-4.05242919921875,-0.186920166015625,1.0,2.0,1.0,1.0,2.0,95.0,event
12:10:29.692,0.12858808,0.4729805,0.040455565,0.6620152,0.28717345,-0.08279769,-0.406502,0.2839051,0.37786934,0.14829288,0.10948821,0.50227964,0.76902187,0.311535,0.43295357,1.2214417,1.107541,0.22277974,0.38605788,0.9053386,813.1135,805.4579,808.2784,793.36993,723.2601,0.002197265625,0.172119140625,0.9737548828125,2.071075439453125,-4.05242919921875,-0.186920166015625,1.0,2.0,1.0,1.0,2.0,95.0,event
12:10:29.693,0.12858808,0.4729805,0.040455565,0.6620152,0.28717345,-0.08279769,-0.406502,0.2839051,0.37786934,0.14829288,0.10948821,0.50227964,0.76902187,0.311535,0.43295357,1.2214417,1.107541,0.22277974,0.38605788,0.9053386,808.2784,794.57874,805.4579,765.56775,906.99634,0.002197265625,0.172119140625,0.9737548828125,2.071075439453125,-4.05242919921875,-0.186920166015625,1.0,2.0,1.0,1.0,2.0,95.0,event
12:10:29.693,0.12858808,0.4729805,0.040455565,0.6620152,0.28717345,-0.08279769,-0.406502,0.2839051,0.37786934,0.14829288,0.10948821,0.50227964,0.76902187,0.311535,0.43295357,1.2214417,1.107541,0.22277974,0.38605788,0.9053386,797.3993,792.5641,811.50183,799.81683,803.8461,0.002197265625,0.172119140625,0.9737548828125,2.071075439453125,-4.05242919921875,-0.186920166015625,1.0,2.0,1.0,1.0,2.0,95.0,event
12:10:29.694,0.12858808,0.4729805,0.040455565,0.6620152,0.28717345,-0.08279769,-0.406502,0.2839051,0.37786934,0.14829288,0.10948821,0.50227964,0.76902187,0.311535,0.43295357,1.2214417,1.107541,0.22277974,0.38605788,0.9053386,773.22345,803.0403,814.3223,846.9597,660.40295,0.002197265625,0.172119140625,0.9737548828125,2.071075439453125,-4.05242919921875,-0.186920166015625,1.0,2.0,1.0,1.0,2.0,95.0,event
12:10:29.718,0.12858808,0.4729805,0.040455565,0.6620152,0.28717345,-0.08279769,-0.406502,0.2839051,0.37786934,0.14829288,0.10948821,0.50227964,0.76902187,0.311535,0.43295357,1.2214417,1.107541,0.22277974,0.38605788,0.9053386,774.83514,803.8461,804.2491,855.42126,697.47253,0.002197265625,0.172119140625,0.9737548828125,2.071075439453125,-4.05242919921875,-0.186920166015625,1.0,2.0,1.0,1.0,2.0,95.0,event
12:10:29.719,0.12858808,0.4729805,0.040455565,0.6620152,0.28717345,-0.08279769,-0.406502,0.2839051,0.37786934,0.14829288,0.10948821,0.50227964,0.76902187,0.311535,0.43295357,1.2214417,1.107541,0.22277974,0.38605788,0.9053386,800.2198,805.05493,804.2491,837.28937,714.7985,0.002197265625,0.172119140625,0.9737548828125,2.071075439453125,-4.05242919921875,-0.186920166015625,1.0,2.0,1.0,1.0,2.0,95.0,event
12:10:29.720,0.12858808,0.4729805,0.040455565,0.6620152,0.28717345,-0.08279769,-0.406502,0.2839051,0.37786934,0.14829288,0.10948821,0.50227964,0.76902187,0.311535,0.43295357,1.2214417,1.107541,0.22277974,0.38605788,0.9053386,816.337,804.65204,816.7399,818.7546,679.34064,0.002197265625,0.172119140625,0.9737548828125,2.071075439453125,-4.05242919921875,-0.186920166015625,1.0,2.0,1.0,1.0,2.0,95.0,event
12:10:29.723,0.12858808,0.4729805,0.040455565,0.6620152,0.28717345,-0.08279769,-0.406502,0.2839051,0.37786934,0.14829288,0.10948821,0.50227964,0.76902187,0.311535,0.43295357,1.2214417,1.107541,0.22277974,0.38605788,0.9053386,827.2161,803.44324,811.50183,810.293,710.3663,0.002197265625,0.172119140625,0.9737548828125,2.071075439453125,-4.05242919921875,-0.186920166015625,1.0,2.0,1.0,1.0,2.0,95.0,event
12:10:29.724,0.12858808,0.4729805,0.040455565,0.6620152,0.28717345,-0.08279769,-0.406502,0.2839051,0.37786934,0.14829288,0.10948821,0.50227964,0.76902187,0.311535,0.43295357,1.2214417,1.107541,0.22277974,0.38605788,0.9053386,820.3663,807.0696,798.60803,840.9158,894.10254,0.002197265625,0.172119140625,0.9737548828125,2.071075439453125,-4.05242919921875,-0.186920166015625,1.0,2.0,1.0,1.0,2.0,95.0,event
12:10:29.725,0.12858808,0.4729805,0.040455565,0.6620152,0.28717345,-0.08279769,-0.406502,0.2839051,0.37786934,0.14829288,0.10948821,0.50227964,0.76902187,0.311535,0.43295357,1.2214417,1.107541,0.22277974,0.38605788,0.9053386,822.381,795.38464,809.0842,814.7253,1027.4725,0.002197265625,0.172119140625,0.9737548828125,2.071075439453125,-4.05242919921875,-0.186920166015625,1.0,2.0,1.0,1.0,2.0,95.0,event
12:10:29.726,0.12858808,0.4729805,0.040455565,0.6620152,0.28717345,-0.08279769,-0.406502,0.2839051,0.37786934,0.14829288,0.10948821,0.50227964,0.76902187,0.311535,0.43295357,1.2214417,1.107541,0.22277974,0.38605788,0.9053386,828.8278,801.4286,824.7985,802.23444,989.59705,0.002197265625,0.172119140625,0.9737548828125,2.071075439453125,-4.05242919921875,-0.186920166015625,1.0,2.0,1.0,1.0,2.0,95.0,event
12:10:29.727,0.12858808,0.4729805,0.040455565,0.6620152,0.28717345,-0.08279769,-0.406502,0.2839051,0.37786934,0.14829288,0.10948821,0.50227964,0.76902187,0.311535,0.43295357,1.2214417,1.107541,0.22277974,0.38605788,0.9053386,810.696,814.7253,815.9341,826.4103,797.8022,0.002197265625,0.172119140625,0.9737548828125,2.071075439453125,-4.05242919921875,-0.186920166015625,1.0,2.0,1.0,1.0,2.0,95.0,event
12:10:29.728,0.12858808,0.4729805,0.040455565,0.6620152,0.28717345,-0.08279769,-0.406502,0.2839051,0.37786934,0.14829288,0.10948821,0.50227964,0.76902187,0.311535,0.43295357,1.2214417,1.107541,0.22277974,0.38605788,0.9053386,828.022,811.0989,809.89014,820.7692,838.0952,0.002197265625,0.172119140625,0.9737548828125,2.071075439453125,-4.05242919921875,-0.186920166015625,1.0,2.0,1.0,1.0,2.0,95.0,event
12:10:29.729,0.12858808,0.4729805,0.040455565,0.6620152,0.28717345,-0.08279769,-0.406502,0.2839051,0.37786934,0.14829288,0.10948821,0.50227964,0.76902187,0.311535,0.43295357,1.2214417,1.107541,0.22277974,0.38605788,0.9053386,836.4835,803.0403,814.3223,837.6923,990.40295,0.002197265625,0.172119140625,0.9737548828125,2.071075439453125,-4.05242919921875,-0.186920166015625,1.0,2.0,1.0,1.0,2.0,95.0,event
12:10:29.730,0.12858808,0.4729805,0.040455565,0.6620152,0.28717345,-0.08279769,-0.406502,0.2839051,0.37786934,0.14829288,0.10948821,0.50227964,0.76902187,0.311535,0.43295357,1.2214417,1.107541,0.22277974,0.38605788,0.9053386,791.75824,801.02563,811.50183,841.31866,805.05493,0.002197265625,0.172119140625,0.9737548828125,2.071075439453125,-4.05242919921875,-0.186920166015625,1.0,2.0,1.0,1.0,2.0,95.0,event
12:10:29.731,0.12858808,0.4729805,0.040455565,0.6620152,0.28717345,-0.08279769,-0.406502,0.2839051,0.37786934,0.14829288,0.10948821,0.50227964,0.76902187,0.311535,0.43295357,1.2214417,1.107541,0.22277974,0.38605788,0.9053386,777.25275,797.8022,815.9341,817.5458,716.0073,0.002197265625,0.172119140625,0.9737548828125,2.071075439453125,-4.05242919921875,-0.186920166015625,1.0,2.0,1.0,1.0,2.0,95.0,event
12:10:29.762,0.12858808,0.4729805,0.040455565,0.6620152,0.28717345,-0.08279769,-0.406502,0.2839051,0.37786934,0.14829288,0.10948821,0.50227964,0.76902187,0.311535,0.43295357,1.2214417,1.107541,0.22277974,0.38605788,0.9053386,799.011,800.6227,816.337,836.08057,782.8938,-0.00543212890625,0.1639404296875,0.97357177734375,1.1962890625,-4.23187255859375,0.590667724609375,1.0,2.0,1.0,1.0,2.0,95.0,event
12:10:29.763,0.12858808,0.40829974,0.050976746,0.6620152,0.28717345,-0.16638021,-0.38638774,0.2839051,0.37786934,0.067746185,0.1830405,0.50227964,0.76902187,0.30042475,0.42983618,1.2214417,1.107541,0.22622341,0.4080006,0.9053386,800.2198,803.8461,807.8755,836.08057,771.6117,-0.00543212890625,0.1639404296875,0.97357177734375,1.1962890625,-4.23187255859375,0.590667724609375,1.0,2.0,1.0,1.0,2.0,95.0,event
12:10:29.767,0.12858808,0.40829974,0.050976746,0.6620152,0.28717345,-0.16638021,-0.38638774,0.2839051,0.37786934,0.067746185,0.1830405,0.50227964,0.76902187,0.30042475,0.42983618,1.2214417,1.107541,0.22622341,0.4080006,0.9053386,803.0403,807.0696,808.68134,821.1722,770.0,-0.00543212890625,0.1639404296875,0.97357177734375,1.1962890625,-4.23187255859375,0.590667724609375,1.0,2.0,1.0,1.0,2.0,95.0,event
12:10:29.768,0.12858808,0.40829974,0.050976746,0.6620152,0.28717345,-0.16638021,-0.38638774,0.2839051,0.37786934,0.067746185,0.1830405,0.50227964,0.76902187,0.30042475,0.42983618,1.2214417,1.107541,0.22622341,0.4080006,0.9053386,797.8022,821.978,815.12823,815.9341,858.6447,-0.00543212890625,0.1639404296875,0.97357177734375,1.1962890625,-4.23187255859375,0.590667724609375,1.0,2.0,1.0,1.0,2.0,95.0,event
12:10:29.769,0.12858808,0.40829974,0.050976746,0.6620152,0.28717345,-0.16638021,-0.38638774,0.2839051,0.37786934,0.067746185,0.1830405,0.50227964,0.76902187,0.30042475,0.42983618,1.2214417,1.107541,0.22622341,0.4080006,0.9053386,804.65204,818.3516,819.5604,789.34064,894.90845,-0.00543212890625,0.1639404296875,0.97357177734375,1.1962890625,-4.23187255859375,0.590667724609375,1.0,2.0,1.0,1.0,2.0,95.0,event
12:10:29.769,0.12858808,0.40829974,0.050976746,0.6620152,0.28717345,-0.16638021,-0.38638774,0.2839051,0.37786934,0.067746185,0.1830405,0.50227964,0.76902187,0.30042475,0.42983618,1.2214417,1.107541,0.22622341,0.4080006,0.9053386,831.6484,808.68134,813.91943,778.46155,893.69965,-0.00543212890625,0.1639404296875,0.97357177734375,1.1962890625,-4.23187255859375,0.590667724609375,1.0,2.0,1.0,1.0,2.0,95.0,event
12:10:29.770,0.12858808,0.40829974,0.050976746,0.6620152,0.28717345,-0.16638021,-0.38638774,0.2839051,0.37786934,0.067746185,0.1830405,0.50227964,0.76902187,0.30042475,0.42983618,1.2214417,1.107541,0.22622341,0.4080006,0.9053386,817.9487,810.293,806.26373,799.81683,844.94507,-0.00543212890625,0.1639404296875,0.97357177734375,1.1962890625,-4.23187255859375,0.590667724609375,1.0,2.0,1.0,1.0,2.0,95.0,event
12:10:29.770,0.12858808,0.40829974,0.050976746,0.6620152,0.28717345,-0.16638021,-0.38638774,0.2839051,0.37786934,0.067746185,0.1830405,0.50227964,0.76902187,0.30042475,0.42983618,1.2214417,1.107541,0.22622341,0.4080006,0.9053386,785.7143,811.50183,815.5311,844.1392,899.7436,-0.00543212890625,0.1639404296875,0.97357177734375,1.1962890625,-4.23187255859375,0.590667724609375,1.0,2.0,1.0,1.0,2.0,95.0,event
12:10:29.771,0.12858808,0.40829974,0.050976746,0.6620152,0.28717345,-0.16638021,-0.38638774,0.2839051,0.37786934,0.067746185,0.1830405,0.50227964,0.76902187,0.30042475,0.42983618,1.2214417,1.107541,0.22622341,0.4080006,0.9053386,789.7436,812.3077,819.15753,860.2564,1143.1135,-0.00543212890625,0.1639404296875,0.97357177734375,1.1962890625,-4.23187255859375,0.590667724609375,1.0,2.0,1.0,1.0,2.0,95.0,event
12:10:29.771,0.12858808,0.40829974,0.050976746,0.6620152,0.28717345,-0.16638021,-0.38638774,0.2839051,0.37786934,0.067746185,0.1830405,0.50227964,0.76902187,0.30042475,0.42983618,1.2214417,1.107541,0.22622341,0.4080006,0.9053386,805.05493,804.2491,813.91943,802.6374,1044.7986,-0.00543212890625,0.1639404296875,0.97357177734375,1.1962890625,-4.23187255859375,0.590667724609375,1.0,2.0,1.0,1.0,2.0,95.0,event
12:10:29.772,0.12858808,0.40829974,0.050976746,0.6620152,0.28717345,-0.16638021,-0.38638774,0.2839051,0.37786934,0.067746185,0.1830405,0.50227964,0.76902187,0.30042475,0.42983618,1.2214417,1.107541,0.22622341,0.4080006,0.9053386,788.93774,800.2198,816.7399,786.9231,730.10986,-0.00543212890625,0.1639404296875,0.97357177734375,1.1962890625,-4.23187255859375,0.590667724609375,1.0,2.0,1.0,1.0,2.0,95.0,event
12:10:29.772,0.12858808,0.40829974,0.050976746,0.6620152,0.28717345,-0.16638021,-0.38638774,0.2839051,0.37786934,0.067746185,0.1830405,0.50227964,0.76902187,0.30042475,0.42983618,1.2214417,1.107541,0.22622341,0.4080006,0.9053386,782.8938,810.293,809.89014,792.5641,755.4945,-0.00543212890625,0.1639404296875,0.97357177734375,1.1962890625,-4.23187255859375,0.590667724609375,1.0,2.0,1.0,1.0,2.0,95.0,event
12:10:29.842,0.12858808,0.40829974,0.050976746,0.6620152,0.28717345,-0.16638021,-0.38638774,0.2839051,0.37786934,0.067746185,0.1830405,0.50227964,0.76902187,0.30042475,0.42983618,1.2214417,1.107541,0.22622341,0.4080006,0.9053386,799.81683,809.4872,801.8315,807.0696,791.3553,-0.00408935546875,0.16357421875,0.97210693359375,1.973876953125,-4.418792724609375,-0.396270751953125,1.0,2.0,1.0,1.0,2.0,95.0,event
12:10:29.844,0.12858808,0.40829974,0.050976746,0.6620152,0.28717345,-0.16638021,-0.38638774,0.2839051,0.37786934,0.067746185,0.1830405,0.50227964,0.76902187,0.30042475,0.42983618,1.2214417,1.107541,0.22622341,0.4080006,0.9053386,814.7253,798.60803,827.2161,847.76556,694.65204,-0.00408935546875,0.16357421875,0.97210693359375,1.973876953125,-4.418792724609375,-0.396270751953125,1.0,2.0,1.0,1.0,2.0,95.0,event
12:10:29.844,0.12858808,0.40829974,0.050976746,0.6620152,0.28717345,-0.16638021,-0.38638774,0.2839051,0.37786934,0.067746185,0.1830405,0.50227964,0.76902187,0.30042475,0.42983618,1.2214417,1.107541,0.22622341,0.4080006,0.9053386,819.15753,791.75824,817.5458,849.7802,680.54944,-0.00408935546875,0.16357421875,0.97210693359375,1.973876953125,-4.418792724609375,-0.396270751953125,1.0,2.0,1.0,1.0,2.0,95.0,event
12:10:29.845,0.12858808,0.40829974,0.050976746,0.6620152,0.28717345,-0.16638021,-0.38638774,0.2839051,0.37786934,0.067746185,0.1830405,0.50227964,0.76902187,0.30042475,0.42983618,1.2214417,1.107541,0.22622341,0.4080006,0.9053386,799.81683,817.5458,811.0989,801.4286,746.63007,-0.00408935546875,0.16357421875,0.97210693359375,1.973876953125,-4.418792724609375,-0.396270751953125,1.0,2.0,1.0,1.0,2.0,95.0,event
12:10:29.845,0.12858808,0.40829974,0.050976746,0.6620152,0.28717345,-0.16638021,-0.38638774,0.2839051,0.37786934,0.067746185,0.1830405,0.50227964,0.76902187,0.30042475,0.42983618,1.2214417,1.107541,0.22622341,0.4080006,0.9053386,788.1319,812.3077,817.5458,830.4396,768.3883,-0.00408935546875,0.16357421875,0.97210693359375,1.973876953125,-4.418792724609375,-0.396270751953125,1.0,2.0,1.0,1.0,2.0,95.0,event
12:10:29.846,0.12858808,0.40829974,0.050976746,0.6620152,0.28717345,-0.16638021,-0.38638774,0.2839051,0.37786934,0.067746185,0.1830405,0.50227964,0.76902187,0.30042475,0.42983618,1.2214417,1.107541,0.22622341,0.4080006,0.9053386,822.7839,817.9487,809.0842,778.0586,785.7143,-0.00408935546875,0.16357421875,0.97210693359375,1.973876953125,-4.418792724609375,-0.396270751953125,1.0,2.0,1.0,1.0,2.0,95.0,event
12:10:29.847,0.12858808,0.40829974,0.050976746,0.6620152,0.28717345,-0.16638021,-0.38638774,0.2839051,0.37786934,0.067746185,0.1830405,0.50227964,0.76902187,0.30042475,0.42983618,1.2214417,1.107541,0.22622341,0.4080006,0.9053386,794.57874,804.65204,800.2198,802.23444,869.12085,-0.00408935546875,0.16357421875,0.97210693359375,1.973876953125,-4.418792724609375,-0.396270751953125,1.0,2.0,1.0,1.0,2.0,95.0,event
12:10:29.847,0.12858808,0.40829974,0.050976746,0.6620152,0.28717345,-0.16638021,-0.38638774,0.2839051,0.37786934,0.067746185,0.1830405,0.50227964,0.76902187,0.30042475,0.42983618,1.2214417,1.107541,0.22622341,0.4080006,0.9053386,765.16486,798.20514,797.3993,809.4872,947.28937,-0.00408935546875,0.16357421875,0.97210693359375,1.973876953125,-4.418792724609375,-0.396270751953125,1.0,2.0,1.0,1.0,2.0,95.0,event
12:10:29.848,0.12858808,0.40829974,0.050976746,0.6620152,0.28717345,-0.16638021,-0.38638774,0.2839051,0.37786934,0.067746185,0.1830405,0.50227964,0.76902187,0.30042475,0.42983618,1.2214417,1.107541,0.22622341,0.4080006,0.9053386,778.0586,798.60803,804.65204,789.34064,981.9414,-0.00408935546875,0.16357421875,0.97210693359375,1.973876953125,-4.418792724609375,-0.396270751953125,1.0,2.0,1.0,1.0,2.0,95.0,event
12:10:29.848,0.12858808,0.40829974,0.050976746,0.6620152,0.28717345,-0.16638021,-0.38638774,0.2839051,0.37786934,0.067746185,0.1830405,0.50227964,0.76902187,0.30042475,0.42983618,1.2214417,1.107541,0.22622341,0.4080006,0.9053386,782.49084,805.8608,809.0842,774.43225,836.4835,-0.00408935546875,0.16357421875,0.97210693359375,1.973876953125,-4.418792724609375,-0.396270751953125,1.0,2.0,1.0,1.0,2.0,95.0,event
12:10:29.849,0.12858808,0.40829974,0.050976746,0.6620152,0.28717345,-0.16638021,-0.38638774,0.2839051,0.37786934,0.067746185,0.1830405,0.50227964,0.76902187,0.30042475,0.42983618,1.2214417,1.107541,0.22622341,0.4080006,0.9053386,780.07324,805.8608,812.3077,787.72894,880.80585,-0.00408935546875,0.16357421875,0.97210693359375,1.973876953125,-4.418792724609375,-0.396270751953125,1.0,2.0,1.0,1.0,2.0,95.0,event
12:10:29.850,0.12858808,0.40829974,0.050976746,0.6620152,0.28717345,-0.16638021,-0.38638774,0.2839051,0.37786934,0.067746185,0.1830405,0.50227964,0.76902187,0.30042475,0.42983618,1.2214417,1.107541,0.22622341,0.4080006,0.9053386,791.3553,807.8755,811.0989,813.91943,1019.011,-0.00408935546875,0.16357421875,0.97210693359375,1.973876953125,-4.418792724609375,-0.396270751953125,1.0,2.0,1.0,1.0,2.0,95.0,event
12:10:29.876,0.12858808,0.40829974,0.050976746,0.6620152,0.28717345,-0.16638021,-0.38638774,0.2839051,0.37786934,0.067746185,0.1830405,0.50227964,0.76902187,0.30042475,0.42983618,1.2214417,1.107541,0.22622341,0.4080006,0.9053386,788.1319,810.293,811.50183,812.3077,866.30035,-0.00543212890625,0.16668701171875,0.97509765625,2.086029052734375,-3.327178955078125,-0.10467529296875,1.0,2.0,1.0,1.0,2.0,95.0,event
12:10:29.877,0.12858808,0.40829974,0.050976746,0.6620152,0.28717345,-0.16638021,-0.38638774,0.2839051,0.37786934,0.067746185,0.1830405,0.50227964,0.76902187,0.30042475,0.42983618,1.2214417,1.107541,0.22622341,0.4080006,0.9053386,784.90845,811.0989,812.3077,811.0989,710.3663,-0.00543212890625,0.16668701171875,0.97509765625,2.086029052734375,-3.327178955078125,-0.10467529296875,1.0,2.0,1.0,1.0,2.0,95.0,event
12:10:29.878,0.12858808,0.40829974,0.050976746,0.6620152,0.28717345,-0.16638021,-0.38638774,0.2839051,0.37786934,0.067746185,0.1830405,0.50227964,0.76902187,0.30042475,0.42983618,1.2214417,1.107541,0.22622341,0.4080006,0.9053386,805.4579,815.12823,794.57874,789.7436,734.5421,-0.00543212890625,0.16668701171875,0.97509765625,2.086029052734375,-3.327178955078125,-0.10467529296875,1.0,2.0,1.0,1.0,2.0,95.0,event
12:10:29.879,0.12858808,0.35660505,0.09211454,0.6620152,0.28717345,-0.23411462,-0.37897143,0.2839051,0.37786934,-0.017353354,0.25011596,0.50227964,0.76902187,0.29224128,0.42379472,1.2214417,1.107541,0.2349841,0.410606,0.9053386,792.5641,809.0842,790.54944,795.78754,765.9707,-0.00543212890625,0.16668701171875,0.97509765625,2.086029052734375,-3.327178955078125,-0.10467529296875,1.0,2.0,1.0,1.0,2.0,95.0,event
12:10:29.883,0.12858808,0.35660505,0.09211454,0.6620152,0.28717345,-0.23411462,-0.37897143,0.2839051,0.37786934,-0.017353354,0.25011596,0.50227964,0.76902187,0.29224128,0.42379472,1.2214417,1.107541,0.2349841,0.410606,0.9053386,787.72894,800.6227,815.5311,788.5348,731.31866,-0.00543212890625,0.16668701171875,0.97509765625,2.086029052734375,-3.327178955078125,-0.10467529296875,1.0,2.0,1.0,1.0,2.0,95.0,event
12:10:29.884,0.12858808,0.35660505,0.09211454,0.6620152,0.28717345,-0.23411462,-0.37897143,0.2839051,0.37786934,-0.017353354,0.25011596,0.50227964,0.76902187,0.29224128,0.42379472,1.2214417,1.107541,0.2349841,0.410606,0.9053386,816.337,796.99634,822.381,767.1795,781.28204,-0.00543212890625,0.16668701171875,0.97509765625,2.086029052734375,-3.327178955078125,-0.10467529296875,1.0,2.0,1.0,1.0,2.0,95.0,event
12:10:29.885,0.12858808,0.35660505,0.09211454,0.6620152,0.28717345,-0.23411462,-0.37897143,0.2839051,0.37786934,-0.017353354,0.25011596,0.50227964,0.76902187,0.29224128,0.42379472,1.2214417,1.107541,0.2349841,0.410606,0.9053386,795.78754,802.6374,815.5311,776.4469,902.1612,-0.00543212890625,0.16668701171875,0.97509765625,2.086029052734375,-3.327178955078125,-0.10467529296875,1.0,2.0,1.0,1.0,2.0,95.0,event
12:10:29.885,0.12858808,0.35660505,0.09211454,0.6620152,0.28717345,-0.23411462,-0.37897143,0.2839051,0.37786934,-0.017353354,0.25011596,0.50227964,0.76902187,0.29224128,0.42379472,1.2214417,1.107541,0.2349841,0.410606,0.9053386,767.1795,807.47253,809.89014,810.696,1094.762,-0.00543212890625,0.16668701171875,0.97509765625,2.086029052734375,-3.327178955078125,-0.10467529296875,1.0,2.0,1.0,1.0,2.0,95.0,event
12:10:29.886,0.12858808,0.35660505,0.09211454,0.6620152,0.28717345,-0.23411462,-0.37897143,0.2839051,0.37786934,-0.017353354,0.25011596,0.50227964,0.76902187,0.29224128,0.42379472,1.2214417,1.107541,0.2349841,0.410606,0.9053386,792.5641,809.4872,807.8755,840.9158,921.0989,-0.00543212890625,0.16668701171875,0.97509765625,2.086029052734375,-3.327178955078125,-0.10467529296875,1.0,2.0,1.0,1.0,2.0,95.0,event
12:10:29.887,0.12858808,0.35660505,0.09211454,0.6620152,0.28717345,-0.23411462,-0.37897143,0.2839051,0.37786934,-0.017353354,0.25011596,0.50227964,0.76902187,0.29224128,0.42379472,1.2214417,1.107541,0.2349841,0.410606,0.9053386,797.3993,814.3223,804.65204,823.9927,725.2747,-0.00543212890625,0.16668701171875,0.97509765625,2.086029052734375,-3.327178955078125,-0.10467529296875,1.0,2.0,1.0,1.0,2.0,95.0,event
12:10:29.888,0.12858808,0.35660505,0.09211454,0.6620152,0.28717345,-0.23411462,-0.37897143,0.2839051,0.37786934,-0.017353354,0.25011596,0.50227964,0.76902187,0.29224128,0.42379472,1.2214417,1.107541,0.2349841,0.410606,0.9053386,776.04395,811.9048,809.0842,783.69965,752.27106,-0.00543212890625,0.16668701171875,0.97509765625,2.086029052734375,-3.327178955078125,-0.10467529296875,1.0,2.0,1.0,1.0,2.0,95.0,event
12:10:29.889,0.12858808,0.35660505,0.09211454,0.6620152,0.28717345,-0.23411462,-0.37897143,0.2839051,0.37786934,-0.017353354,0.25011596,0.50227964,0.76902187,0.29224128,0.42379472,1.2214417,1.107541,0.2349841,0.410606,0.9053386,778.0586,813.1135,806.6667,778.0586,691.4286,-0.00543212890625,0.16668701171875,0.97509765625,2.086029052734375,-3.327178955078125,-0.10467529296875,1.0,2.0,1.0,1.0,2.0,95.0,event
12:10:29.916,0.12858808,0.35660505,0.09211454,0.6620152,0.28717345,-0.23411462,-0.37897143,0.2839051,0.37786934,-0.017353354,0.25011596,0.50227964,0.76902187,0.29224128,0.42379472,1.2214417,1.107541,0.2349841,0.410606,0.9053386,810.696,812.71063,801.8315,805.05493,668.86444,-0.0087890625,0.16375732421875,0.98016357421875,1.15142822265625,-3.985137939453125,-1.016845703125,1.0,2.0,1.0,1.0,2.0,95.0,event
12:10:29.917,0.12858808,0.35660505,0.09211454,0.6620152,0.28717345,-0.23411462,-0.37897143,0.2839051,0.37786934,-0.017353354,0.25011596,0.50227964,0.76902187,0.29224128,0.42379472,1.2214417,1.107541,0.2349841,0.410606,0.9053386,809.89014,807.0696,815.5311,812.3077,723.663,-0.0087890625,0.16375732421875,0.98016357421875,1.15142822265625,-3.985137939453125,-1.016845703125,1.0,2.0,1.0,1.0,2.0,95.0,event
12:10:29.918,0.12858808,0.35660505,0.09211454,0.6620152,0.28717345,-0.23411462,-0.37897143,0.2839051,0.37786934,-0.017353354,0.25011596,0.50227964,0.76902187,0.29224128,0.42379472,1.2214417,1.107541,0.2349841,0.410606,0.9053386,764.35895,803.8461,822.381,773.22345,814.7253,-0.0087890625,0.16375732421875,0.98016357421875,1.15142822265625,-3.985137939453125,-1.016845703125,1.0,2.0,1.0,1.0,2.0,95.0,event
12:10:29.920,0.12858808,0.35660505,0.09211454,0.6620152,0.28717345,-0.23411462,-0.37897143,0.2839051,0.37786934,-0.017353354,0.25011596,0.50227964,0.76902187,0.29224128,0.42379472,1.2214417,1.107541,0.2349841,0.410606,0.9053386,776.8498,813.1135,822.7839,775.64105,830.0366,-0.0087890625,0.16375732421875,0.98016357421875,1.15142822265625,-3.985137939453125,-1.016845703125,1.0,2.0,1.0,1.0,2.0,95.0,event
12:10:29.921,0.12858808,0.35660505,0.09211454,0.6620152,0.28717345,-0.23411462,-0.37897143,0.2839051,0.37786934,-0.017353354,0.25011596,0.50227964,0.76902187,0.29224128,0.42379472,1.2214417,1.107541,0.2349841,0.410606,0.9053386,779.67035,814.7253,814.7253,794.9817,726.08057,-0.0087890625,0.16375732421875,0.98016357421875,1.15142822265625,-3.985137939453125,-1.016845703125,1.0,2.0,1.0,1.0,2.0,95.0,event
12:10:29.921,0.12858808,0.35660505,0.09211454,0.6620152,0.28717345,-0.23411462,-0.37897143,0.2839051,0.37786934,-0.017353354,0.25011596,0.50227964,0.76902187,0.29224128,0.42379472,1.2214417,1.107541,0.2349841,0.410606,0.9053386,790.14655,795.38464,794.17584,804.65204,761.13556,-0.0087890625,0.16375732421875,0.98016357421875,1.15142822265625,-3.985137939453125,-1.016845703125,1.0,2.0,1.0,1.0,2.0,95.0,event
12:10:29.922,0.12858808,0.35660505,0.09211454,0.6620152,0.28717345,-0.23411462,-0.37897143,0.2839051,0.37786934,-0.017353354,0.25011596,0.50227964,0.76902187,0.29224128,0.42379472,1.2214417,1.107541,0.2349841,0.410606,0.9053386,802.6374,796.99634,793.36993,813.5165,904.17584,-0.0087890625,0.16375732421875,0.98016357421875,1.15142822265625,-3.985137939453125,-1.016845703125,1.0,2.0,1.0,1.0,2.0,95.0,event
12:10:29.923,0.12858808,0.35660505,0.09211454,0.6620152,0.28717345,-0.23411462,-0.37897143,0.2839051,0.37786934,-0.017353354,0.25011596,0.50227964,0.76902187,0.29224128,0.42379472,1.2214417,1.107541,0.2349841,0.410606,0.9053386,767.98535,804.2491,812.3077,798.60803,1031.0989,-0.0087890625,0.16375732421875,0.98016357421875,1.15142822265625,-3.985137939453125,-1.016845703125,1.0,2.0,1.0,1.0,2.0,95.0,event
12:10:29.923,0.12858808,0.35660505,0.09211454,0.6620152,0.28717345,-0.23411462,-0.37897143,0.2839051,0.37786934,-0.017353354,0.25011596,0.50227964,0.76902187,0.29224128,0.42379472,1.2214417,1.107541,0.2349841,0.410606,0.9053386,759.12085,801.4286,823.9927,790.9524,781.685,-0.0087890625,0.16375732421875,0.98016357421875,1.15142822265625,-3.985137939453125,-1.016845703125,1.0,2.0,1.0,1.0,2.0,95.0,event
12:10:29.924,0.12858808,0.35660505,0.09211454,0.6620152,0.28717345,-0.23411462,-0.37897143,0.2839051,0.37786934,-0.017353354,0.25011596,0.50227964,0.76902187,0.29224128,0.42379472,1.2214417,1.107541,0.2349841,0.410606,0.9053386,774.43225,807.8755,812.71063,794.57874,639.85345,-0.0087890625,0.16375732421875,0.98016357421875,1.15142822265625,-3.985137939453125,-1.016845703125,1.0,2.0,1.0,1.0,2.0,95.0,event
12:10:29.925,0.12858808,0.35660505,0.09211454,0.6620152,0.28717345,-0.23411462,-0.37897143,0.2839051,0.37786934,-0.017353354,0.25011596,0.50227964,0.76902187,0.29224128,0.42379472,1.2214417,1.107541,0.2349841,0.410606,0.9053386,790.54944,804.2491,807.8755,790.9524,745.42126,-0.0087890625,0.16375732421875,0.98016357421875,1.15142822265625,-3.985137939453125,-1.016845703125,1.0,2.0,1.0,1.0,2.0,95.0,event
12:10:29.925,0.12858808,0.35660505,0.09211454,0.6620152,0.28717345,-0.23411462,-0.37897143,0.2839051,0.37786934,-0.017353354,0.25011596,0.50227964,0.76902187,0.29224128,0.42379472,1.2214417,1.107541,0.2349841,0.410606,0.9053386,801.4286,800.6227,815.5311,805.05493,692.23444,-0.0087890625,0.16375732421875,0.98016357421875,1.15142822265625,-3.985137939453125,-1.016845703125,1.0,2.0,1.0,1.0,2.0,95.0,event
12:10:29.951,0.12858808,0.35660505,0.09211454,0.6620152,0.28717345,-0.23411462,-0.37897143,0.2839051,0.37786934,-0.017353354,0.25011596,0.50227964,0.76902187,0.29224128,0.42379472,1.2214417,1.107541,0.2349841,0.410606,0.9053386,803.0403,801.4286,816.337,817.9487,697.0696,-0.0087890625,0.16375732421875,0.98016357421875,1.15142822265625,-3.985137939453125,-1.016845703125,1.0,2.0,1.0,1.0,2.0,95.0,event
12:10:29.952,0.12858808,0.35660505,0.09211454,0.6620152,0.28717345,-0.23411462,-0.37897143,0.2839051,0.37786934,-0.017353354,0.25011596,0.50227964,0.76902187,0.29224128,0.42379472,1.2214417,1.107541,0.2349841,0.410606,0.9053386,804.2491,792.1612,807.47253,801.02563,808.68134,-0.0087890625,0.16375732421875,0.98016357421875,1.15142822265625,-3.985137939453125,-1.016845703125,1.0,2.0,1.0,1.0,2.0,95.0,event
12:10:29.953,0.12858808,0.35660505,0.09211454,0.6620152,0.28717345,-0.23411462,-0.37897143,0.2839051,0.37786934,-0.017353354,0.25011596,0.50227964,0.76902187,0.29224128,0.42379472,1.2214417,1.107541,0.2349841,0.410606,0.9053386,789.7436,802.23444,796.1905,817.5458,812.3077,-0.0087890625,0.16375732421875,0.98016357421875,1.15142822265625,-3.985137939453125,-1.016845703125,1.0,2.0,1.0,1.0,2.0,95.0,event
12:10:29.953,0.12858808,0.35660505,0.09211454,0.6620152,0.28717345,-0.23411462,-0.37897143,0.2839051,0.37786934,-0.017353354,0.25011596,0.50227964,0.76902187,0.29224128,0.42379472,1.2214417,1.107541,0.2349841,0.410606,0.9053386,776.4469,814.7253,799.011,846.1539,728.9011,-0.0087890625,0.16375732421875,0.98016357421875,1.15142822265625,-3.985137939453125,-1.016845703125,1.0,2.0,1.0,1.0,2.0,95.0,event
12:10:29.954,0.12858808,0.35660505,0.09211454,0.6620152,0.28717345,-0.23411462,-0.37897143,0.2839051,0.37786934,-0.017353354,0.25011596,0.50227964,0.76902187,0.29224128,0.42379472,1.2214417,1.107541,0.2349841,0.410606,0.9053386,791.3553,804.2491,797.3993,818.3516,726.8865,-0.0087890625,0.16375732421875,0.98016357421875,1.15142822265625,-3.985137939453125,-1.016845703125,1.0,2.0,1.0,1.0,2.0,95.0,event
12:10:29.954,0.12858808,0.33662456,0.15844704,0.6620152,0.28717345,-0.27328175,-0.3835135,0.2839051,0.37786934,-0.13177283,0.28474632,0.50227964,0.76902187,0.28741103,0.4171351,1.2214417,1.107541,0.24756654,0.40682536,0.9053386,809.0842,802.6374,791.3553,804.65204,859.0476,-0.0087890625,0.16375732421875,0.98016357421875,1.15142822265625,-3.985137939453125,-1.016845703125,1.0,2.0,1.0,1.0,2.0,95.0,event
12:10:29.958,0.12858808,0.33662456,0.15844704,0.6620152,0.28717345,-0.27328175,-0.3835135,0.2839051,0.37786934,-0.13177283,0.28474632,0.50227964,0.76902187,0.28741103,0.4171351,1.2214417,1.107541,0.24756654,0.40682536,0.9053386,787.72894,801.02563,807.8755,805.4579,1185.8242,-0.0087890625,0.16375732421875,0.98016357421875,1.15142822265625,-3.985137939453125,-1.016845703125,1.0,2.0,1.0,1.0,2.0,95.0,event
12:10:29.958,0.12858808,0.33662456,0.15844704,0.6620152,0.28717345,-0.27328175,-0.3835135,0.2839051,0.37786934,-0.13177283,0.28474632,0.50227964,0.76902187,0.28741103,0.4171351,1.2214417,1.107541,0.24756654,0.40682536,0.9053386,764.35895,799.41394,822.7839,803.44324,1086.7032,-0.0087890625,0.16375732421875,0.98016357421875,1.15142822265625,-3.985137939453125,-1.016845703125,1.0,2.0,1.0,1.0,2.0,95.0,event
12:10:29.959,0.12858808,0.33662456,0.15844704,0.6620152,0.28717345,-0.27328175,-0.3835135,0.2839051,0.37786934,-0.13177283,0.28474632,0.50227964,0.76902187,0.28741103,0.4171351,1.2214417,1.107541,0.24756654,0.40682536,0.9053386,778.0586,804.65204,817.1429,801.8315,722.0513,-0.0087890625,0.16375732421875,0.98016357421875,1.15142822265625,-3.985137939453125,-1.016845703125,1.0,2.0,1.0,1.0,2.0,95.0,event
12:10:29.960,0.12858808,0.33662456,0.15844704,0.6620152,0.28717345,-0.27328175,-0.3835135,0.2839051,0.37786934,-0.13177283,0.28474632,0.50227964,0.76902187,0.28741103,0.4171351,1.2214417,1.107541,0.24756654,0.40682536,0.9053386,790.14655,809.4872,810.696,812.71063,735.7509,-0.0087890625,0.16375732421875,0.98016357421875,1.15142822265625,-3.985137939453125,-1.016845703125,1.0,2.0,1.0,1.0,2.0,95.0,event
12:10:29.960,0.12858808,0.33662456,0.15844704,0.6620152,0.28717345,-0.27328175,-0.3835135,0.2839051,0.37786934,-0.13177283,0.28474632,0.50227964,0.76902187,0.28741103,0.4171351,1.2214417,1.107541,0.24756654,0.40682536,0.9053386,805.05493,811.0989,812.71063,834.4689,799.41394,-0.0087890625,0.16375732421875,0.98016357421875,1.15142822265625,-3.985137939453125,-1.016845703125,1.0,2.0,1.0,1.0,2.0,95.0,event
12:10:29.961,0.12858808,0.33662456,0.15844704,0.6620152,0.28717345,-0.27328175,-0.3835135,0.2839051,0.37786934,-0.13177283,0.28474632,0.50227964,0.76902187,0.28741103,0.4171351,1.2214417,1.107541,0.24756654,0.40682536,0.9053386,787.72894,803.8461,820.7692,831.2454,754.2857,-0.0087890625,0.16375732421875,0.98016357421875,1.15142822265625,-3.985137939453125,-1.016845703125,1.0,2.0,1.0,1.0,2.0,95.0,event
12:10:30.014,0.12858808,0.33662456,0.15844704,0.6620152,0.28717345,-0.27328175,-0.3835135,0.2839051,0.37786934,-0.13177283,0.28474632,0.50227964,0.76902187,0.28741103,0.4171351,1.2214417,1.107541,0.24756654,0.40682536,0.9053386,785.7143,792.96704,822.381,784.90845,690.2198,0.00567626953125,0.16387939453125,0.97442626953125,2.213134765625,-4.42626953125,0.76263427734375,1.0,2.0,1.0,1.0,2.0,95.0,event
12:10:30.015,0.12858808,0.33662456,0.15844704,0.6620152,0.28717345,-0.27328175,-0.3835135,0.2839051,0.37786934,-0.13177283,0.28474632,0.50227964,0.76902187,0.28741103,0.4171351,1.2214417,1.107541,0.24756654,0.40682536,0.9053386,792.5641,803.0403,819.5604,775.2381,771.6117,0.00567626953125,0.16387939453125,0.97442626953125,2.213134765625,-4.42626953125,0.76263427734375,1.0,2.0,1.0,1.0,2.0,95.0,event
12:10:30.016,0.12858808,0.33662456,0.15844704,0.6620152,0.28717345,-0.27328175,-0.3835135,0.2839051,0.37786934,-0.13177283,0.28474632,0.50227964,0.76902187,0.28741103,0.4171351,1.2214417,1.107541,0.24756654,0.40682536,0.9053386,812.71063,804.65204,819.9634,803.44324,810.293,0.00567626953125,0.16387939453125,0.97442626953125,2.213134765625,-4.42626953125,0.76263427734375,1.0,2.0,1.0,1.0,2.0,95.0,event
12:10:30.016,0.12858808,0.33662456,0.15844704,0.6620152,0.28717345,-0.27328175,-0.3835135,0.2839051,0.37786934,-0.13177283,0.28474632,0.50227964,0.76902187,0.28741103,0.4171351,1.2214417,1.107541,0.24756654,0.40682536,0.9053386,803.44324,806.6667,823.5897,798.20514,770.40295,0.00567626953125,0.16387939453125,0.97442626953125,2.213134765625,-4.42626953125,0.76263427734375,1.0,2.0,1.0,1.0,2.0,95.0,event
12:10:30.017,0.12858808,0.33662456,0.15844704,0.6620152,0.28717345,-0.27328175,-0.3835135,0.2839051,0.37786934,-0.13177283,0.28474632,0.50227964,0.76902187,0.28741103,0.4171351,1.2214417,1.107541,0.24756654,0.40682536,0.9053386,770.0,815.12823,821.1722,782.49084,757.1062,0.00567626953125,0.16387939453125,0.97442626953125,2.213134765625,-4.42626953125,0.76263427734375,1.0,2.0,1.0,1.0,2.0,95.0,event
12:10:30.017,0.12858808,0.33662456,0.15844704,0.6620152,0.28717345,-0.27328175,-0.3835135,0.2839051,0.37786934,-0.13177283,0.28474632,0.50227964,0.76902187,0.28741103,0.4171351,1.2214417,1.107541,0.24756654,0.40682536,0.9053386,775.2381,808.68134,818.7546,813.5165,891.685,0.00567626953125,0.16387939453125,0.97442626953125,2.213134765625,-4.42626953125,0.76263427734375,1.0,2.0,1.0,1.0,2.0,95.0,event
12:10:30.018,0.12858808,0.33662456,0.15844704,0.6620152,0.28717345,-0.27328175,-0.3835135,0.2839051,0.37786934,-0.13177283,0.28474632,0.50227964,0.76902187,0.28741103,0.4171351,1.2214417,1.107541,0.24756654,0.40682536,0.9053386,787.326,802.6374,814.3223,820.7692,900.14655,0.00567626953125,0.16387939453125,0.97442626953125,2.213134765625,-4.42626953125,0.76263427734375,1.0,2.0,1.0,1.0,2.0,95.0,event
12:10:30.018,0.12858808,0.33662456,0.15844704,0.6620152,0.28717345,-0.27328175,-0.3835135,0.2839051,0.37786934,-0.13177283,0.28474632,0.50227964,0.76902187,0.28741103,0.4171351,1.2214417,1.107541,0.24756654,0.40682536,0.9053386,781.28204,803.8461,814.7253,817.9487,738.5714,0.00567626953125,0.16387939453125,0.97442626953125,2.213134765625,-4.42626953125,0.76263427734375,1.0,2.0,1.0,1.0,2.0,95.0,event
12:10:30.019,0.12858808,0.33662456,0.15844704,0.6620152,0.28717345,-0.27328175,-0.3835135,0.2839051,0.37786934,-0.13177283,0.28474632,0.50227964,0.76902187,0.28741103,0.4171351,1.2214417,1.107541,0.24756654,0.40682536,0.9053386,792.96704,800.6227,827.619,833.663,702.71063,0.00567626953125,0.16387939453125,0.97442626953125,2.213134765625,-4.42626953125,0.76263427734375,1.0,2.0,1.0,1.0,2.0,95.0,event
12:10:30.020,0.12858808,0.33662456,0.15844704,0.6620152,0.28717345,-0.27328175,-0.3835135,0.2839051,0.37786934,-0.13177283,0.28474632,0.50227964,0.76902187,0.28741103,0.4171351,1.2214417,1.107541,0.24756654,0.40682536,0.9053386,805.05493,803.44324,828.022,790.14655,878.7912,0.00567626953125,0.16387939453125,0.97442626953125,2.213134765625,-4.42626953125,0.76263427734375,1.0,2.0,1.0,1.0,2.0,95.0,event
12:10:30.020,0.12858808,0.33662456,0.15844704,0.6620152,0.28717345,-0.27328175,-0.3835135,0.2839051,0.37786934,-0.13177283,0.28474632,0.50227964,0.76902187,0.28741103,0.4171351,1.2214417,1.107541,0.24756654,0.40682536,0.9053386,815.9341,796.5934,828.8278,805.4579,817.9487,0.00567626953125,0.16387939453125,0.97442626953125,2.213134765625,-4.42626953125,0.76263427734375,1.0,2.0,1.0,1.0,2.0,95.0,event
12:10:30.021,0.12858808,0.33662456,0.15844704,0.6620152,0.28717345,-0.27328175,-0.3835135,0.2839051,0.37786934,-0.13177283,0.28474632,0.50227964,0.76902187,0.28741103,0.4171351,1.2214417,1.107541,0.24756654,0.40682536,0.9053386,796.1905,816.7399,824.7985,790.9524,686.1905,0.00567626953125,0.16387939453125,0.97442626953125,2.213134765625,-4.42626953125,0.76263427734375,1.0,2.0,1.0,1.0,2.0,95.0,event
12:10:30.076,0.12858808,0.33662456,0.15844704,0.6620152,0.28717345,-0.27328175,-0.3835135,0.2839051,0.37786934,-0.13177283,0.28474632,0.50227964,0.76902187,0.28741103,0.4171351,1.2214417,1.107541,0.24756654,0.40682536,0.9053386,809.89014,818.3516,814.3223,782.49084,621.7216,-0.00091552734375,0.1629638671875,0.97601318359375,2.930908203125,-4.927215576171875,3.028106689453125,1.0,2.0,1.0,1.0,2.0,95.0,event
12:10:30.077,0.12858808,0.33662456,0.15844704,0.6620152,0.28717345,-0.27328175,-0.3835135,0.2839051,0.37786934,-0.13177283,0.28474632,0.50227964,0.76902187,0.28741103,0.4171351,1.2214417,1.107541,0.24756654,0.40682536,0.9053386,823.9927,813.5165,823.5897,821.978,719.6337,-0.00091552734375,0.1629638671875,0.97601318359375,2.930908203125,-4.927215576171875,3.028106689453125,1.0,2.0,1.0,1.0,2.0,95.0,event
12:10:30.078,0.12858808,0.33662456,0.15844704,0.6620152,0.28717345,-0.27328175,-0.3835135,0.2839051,0.37786934,-0.13177283,0.28474632,0.50227964,0.76902187,0.28741103,0.4171351,1.2214417,1.107541,0.24756654,0.40682536,0.9053386,791.75824,807.47253,832.8571,835.2747,778.86444,-0.00091552734375,0.1629638671875,0.97601318359375,2.930908203125,-4.927215576171875,3.028106689453125,1.0,2.0,1.0,1.0,2.0,95.0,event
12:10:30.078,0.12858808,0.33662456,0.15844704,0.6620152,0.28717345,-0.27328175,-0.3835135,0.2839051,0.37786934,-0.13177283,0.28474632,0.50227964,0.76902187,0.28741103,0.4171351,1.2214417,1.107541,0.24756654,0.40682536,0.9053386,762.74725,802.23444,834.0659,803.8461,748.6447,-0.00091552734375,0.1629638671875,0.97601318359375,2.930908203125,-4.927215576171875,3.028106689453125,1.0,2.0,1.0,1.0,2.0,95.0,event
12:10:30.079,0.12858808,0.33662456,0.15844704,0.6620152,0.28717345,-0.27328175,-0.3835135,0.2839051,0.37786934,-0.13177283,0.28474632,0.50227964,0.76902187,0.28741103,0.4171351,1.2214417,1.107541,0.24756654,0.40682536,0.9053386,768.7912,801.02563,830.84247,823.1868,788.1319,-0.00091552734375,0.1629638671875,0.97601318359375,2.930908203125,-4.927215576171875,3.028106689453125,1.0,2.0,1.0,1.0,2.0,95.0,event
12:10:30.080,0.12858808,0.33662456,0.15844704,0.6620152,0.28717345,-0.27328175,-0.3835135,0.2839051,0.37786934,-0.13177283,0.28474632,0.50227964,0.76902187,0.28741103,0.4171351,1.2214417,1.107541,0.24756654,0.40682536,0.9053386,785.7143,801.4286,811.50183,824.3956,922.3077,-0.00091552734375,0.1629638671875,0.97601318359375,2.930908203125,-4.927215576171875,3.028106689453125,1.0,2.0,1.0,1.0,2.0,95.0,event
12:10:30.080,0.12858808,0.33662456,0.15844704,0.6620152,0.28717345,-0.27328175,-0.3835135,0.2839051,0.37786934,-0.13177283,0.28474632,0.50227964,0.76902187,0.28741103,0.4171351,1.2214417,1.107541,0.24756654,0.40682536,0.9053386,783.2967,807.47253,807.8755,800.6227,870.32965,-0.00091552734375,0.1629638671875,0.97601318359375,2.930908203125,-4.927215576171875,3.028106689453125,1.0,2.0,1.0,1.0,2.0,95.0,event
12:10:30.081,0.12858808,0.33944046,0.20495668,0.6620152,0.28717345,-0.28751832,-0.3912111,0.2839051,0.37786934,-0.15722057,0.2919304,0.50227964,0.76902187,0.2861411,0.40917233,1.2214417,1.107541,0.2616712,0.40672955,0.9053386,790.14655,806.26373,838.49817,794.57874,736.55676,-0.00091552734375,0.1629638671875,0.97601318359375,2.930908203125,-4.927215576171875,3.028106689453125,1.0,2.0,1.0,1.0,2.0,95.0,event
12:10:30.085,0.12858808,0.33944046,0.20495668,0.6620152,0.28717345,-0.28751832,-0.3912111,0.2839051,0.37786934,-0.15722057,0.2919304,0.50227964,0.76902187,0.2861411,0.40917233,1.2214417,1.107541,0.2616712,0.40672955,0.9053386,791.3553,809.0842,827.2161,799.011,941.6484,-0.00091552734375,0.1629638671875,0.97601318359375,2.930908203125,-4.927215576171875,3.028106689453125,1.0,2.0,1.0,1.0,2.0,95.0,event
12:10:30.085,0.12858808,0.33944046,0.20495668,0.6620152,0.28717345,-0.28751832,-0.3912111,0.2839051,0.37786934,-0.15722057,0.2919304,0.50227964,0.76902187,0.2861411,0.40917233,1.2214417,1.107541,0.2616712,0.40672955,0.9053386,818.7546,807.0696,838.0952,790.14655,778.86444,-0.00091552734375,0.1629638671875,0.97601318359375,2.930908203125,-4.927215576171875,3.028106689453125,1.0,2.0,1.0,1.0,2.0,95.0,event
12:10:30.086,0.12858808,0.33944046,0.20495668,0.6620152,0.28717345,-0.28751832,-0.3912111,0.2839051,0.37786934,-0.15722057,0.2919304,0.50227964,0.76902187,0.2861411,0.40917233,1.2214417,1.107541,0.2616712,0.40672955,0.9053386,769.59705,802.6374,829.2308,799.81683,885.2381,-0.00091552734375,0.1629638671875,0.97601318359375,2.930908203125,-4.927215576171875,3.028106689453125,1.0,2.0,1.0,1.0,2.0,95.0,event
12:10:30.086,0.12858808,0.33944046,0.20495668,0.6620152,0.28717345,-0.28751832,-0.3912111,0.2839051,0.37786934,-0.15722057,0.2919304,0.50227964,0.76902187,0.2861411,0.40917233,1.2214417,1.107541,0.2616712,0.40672955,0.9053386,803.0403,801.4286,826.8132,795.38464,842.52747,-0.00091552734375,0.1629638671875,0.97601318359375,2.930908203125,-4.927215576171875,3.028106689453125,1.0,2.0,1.0,1.0,2.0,95.0,event
12:10:30.108,0.12858808,0.33944046,0.20495668,0.6620152,0.28717345,-0.28751832,-0.3912111,0.2839051,0.37786934,-0.15722057,0.2919304,0.50227964,0.76902187,0.2861411,0.40917233,1.2214417,1.107541,0.2616712,0.40672955,0.9053386,777.6557,811.0989,823.5897,810.696,830.4396,-0.013916015625,0.16058349609375,0.97479248046875,1.12152099609375,-4.44122314453125,-0.904693603515625,1.0,2.0,1.0,1.0,2.0,95.0,event
12:10:30.109,0.12858808,0.33944046,0.20495668,0.6620152,0.28717345,-0.28751832,-0.3912111,0.2839051,0.37786934,-0.15722057,0.2919304,0.50227964,0.76902187,0.2861411,0.40917233,1.2214417,1.107541,0.2616712,0.40672955,0.9053386,756.30035,814.3223,820.3663,821.978,794.57874,-0.013916015625,0.16058349609375,0.97479248046875,1.12152099609375,-4.44122314453125,-0.904693603515625,1.0,2.0,1.0,1.0,2.0,95.0,event
12:10:30.110,0.12858808,0.33944046,0.20495668,0.6620152,0.28717345,-0.28751832,-0.3912111,0.2839051,0.37786934,-0.15722057,0.2919304,0.50227964,0.76902187,0.2861411,0.40917233,1.2214417,1.107541,0.2616712,0.40672955,0.9053386,802.6374,807.8755,815.12823,794.57874,729.304,-0.013916015625,0.16058349609375,0.97479248046875,1.12152099609375,-4.44122314453125,-0.904693603515625,1.0,2.0,1.0,1.0,2.0,95.0,event
12:10:30.110,0.12858808,0.33944046,0.20495668,0.6620152,0.28717345,-0.28751832,-0.3912111,0.2839051,0.37786934,-0.15722057,0.2919304,0.50227964,0.76902187,0.2861411,0.40917233,1.2214417,1.107541,0.2616712,0.40672955,0.9053386,791.3553,798.20514,819.9634,779.67035,711.1722,-0.013916015625,0.16058349609375,0.97479248046875,1.12152099609375,-4.44122314453125,-0.904693603515625,1.0,2.0,1.0,1.0,2.0,95.0,event
12:10:30.111,0.12858808,0.33944046,0.20495668,0.6620152,0.28717345,-0.28751832,-0.3912111,0.2839051,0.37786934,-0.15722057,0.2919304,0.50227964,0.76902187,0.2861411,0.40917233,1.2214417,1.107541,0.2616712,0.40672955,0.9053386,765.16486,787.326,826.8132,797.8022,770.0,-0.013916015625,0.16058349609375,0.97479248046875,1.12152099609375,-4.44122314453125,-0.904693603515625,1.0,2.0,1.0,1.0,2.0,95.0,event
12:10:30.112,0.12858808,0.33944046,0.20495668,0.6620152,0.28717345,-0.28751832,-0.3912111,0.2839051,0.37786934,-0.15722057,0.2919304,0.50227964,0.76902187,0.2861411,0.40917233,1.2214417,1.107541,0.2616712,0.40672955,0.9053386,783.2967,808.2784,827.2161,825.2015,892.49084,-0.013916015625,0.16058349609375,0.97479248046875,1.12152099609375,-4.44122314453125,-0.904693603515625,1.0,2.0,1.0,1.0,2.0,95.0,event
12:10:30.112,0.12858808,0.33944046,0.20495668,0.6620152,0.28717345,-0.28751832,-0.3912111,0.2839051,0.37786934,-0.15722057,0.2919304,0.50227964,0.76902187,0.2861411,0.40917233,1.2214417,1.107541,0.2616712,0.40672955,0.9053386,782.8938,794.9817,828.022,842.9304,849.7802,-0.013916015625,0.16058349609375,0.97479248046875,1.12152099609375,-4.44122314453125,-0.904693603515625,1.0,2.0,1.0,1.0,2.0,95.0,event
12:10:30.113,0.12858808,0.33944046,0.20495668,0.6620152,0.28717345,-0.28751832,-0.3912111,0.2839051,0.37786934,-0.15722057,0.2919304,0.50227964,0.76902187,0.2861411,0.40917233,1.2214417,1.107541,0.2616712,0.40672955,0.9053386,761.13556,813.91943,819.9634,782.49084,802.6374,-0.013916015625,0.16058349609375,0.97479248046875,1.12152099609375,-4.44122314453125,-0.904693603515625,1.0,2.0,1.0,1.0,2.0,95.0,event
12:10:30.114,0.12858808,0.33944046,0.20495668,0.6620152,0.28717345,-0.28751832,-0.3912111,0.2839051,0.37786934,-0.15722057,0.2919304,0.50227964,0.76902187,0.2861411,0.40917233,1.2214417,1.107541,0.2616712,0.40672955,0.9053386,744.21246,813.91943,807.0696,791.75824,851.79486,-0.013916015625,0.16058349609375,0.97479248046875,1.12152099609375,-4.44122314453125,-0.904693603515625,1.0,2.0,1.0,1.0,2.0,95.0,event
12:10:30.114,0.12858808,0.33944046,0.20495668,0.6620152,0.28717345,-0.28751832,-0.3912111,0.2839051,0.37786934,-0.15722057,0.2919304,0.50227964,0.76902187,0.2861411,0.40917233,1.2214417,1.107541,0.2616712,0.40672955,0.9053386,786.9231,814.3223,810.293,820.7692,888.0586,-0.013916015625,0.16058349609375,0.97479248046875,1.12152099609375,-4.44122314453125,-0.904693603515625,1.0,2.0,1.0,1.0,2.0,95.0,event
12:10:30.115,0.12858808,0.33944046,0.20495668,0.6620152,0.28717345,-0.28751832,-0.3912111,0.2839051,0.37786934,-0.15722057,0.2919304,0.50227964,0.76902187,0.2861411,0.40917233,1.2214417,1.107541,0.2616712,0.40672955,0.9053386,812.3077,814.3223,814.3223,799.41394,788.5348,-0.013916015625,0.16058349609375,0.97479248046875,1.12152099609375,-4.44122314453125,-0.904693603515625,1.0,2.0,1.0,1.0,2.0,95.0,event
12:10:30.115,0.12858808,0.33944046,0.20495668,0.6620152,0.28717345,-0.28751832,-0.3912111,0.2839051,0.37786934,-0.15722057,0.2919304,0.50227964,0.76902187,0.2861411,0.40917233,1.2214417,1.107541,0.2616712,0.40672955,0.9053386,790.9524,808.68134,814.3223,784.90845,777.6557,-0.013916015625,0.16058349609375,0.97479248046875,1.12152099609375,-4.44122314453125,-0.904693603515625,1.0,2.0,1.0,1.0,2.0,95.0,event
12:10:30.146,0.12858808,0.33944046,0.20495668,0.6620152,0.28717345,-0.28751832,-0.3912111,0.2839051,0.37786934,-0.15722057,0.2919304,0.50227964,0.76902187,0.2861411,0.40917233,1.2214417,1.107541,0.2616712,0.40672955,0.9053386,798.20514,806.6667,811.50183,822.381,934.3956,0.0015869140625,0.16302490234375,0.9730224609375,1.54022216796875,-4.134674072265625,-0.94207763671875,1.0,2.0,1.0,1.0,2.0,95.0,event
12:10:30.148,0.12858808,0.33944046,0.20495668,0.6620152,0.28717345,-0.28751832,-0.3912111,0.2839051,0.37786934,-0.15722057,0.2919304,0.50227964,0.76902187,0.2861411,0.40917233,1.2214417,1.107541,0.2616712,0.40672955,0.9053386,804.2491,809.0842,805.05493,834.0659,946.08057,0.0015869140625,0.16302490234375,0.9730224609375,1.54022216796875,-4.134674072265625,-0.94207763671875,1.0,2.0,1.0,1.0,2.0,95.0,event
12:10:30.148,0.12858808,0.33944046,0.20495668,0.6620152,0.28717345,-0.28751832,-0.3912111,0.2839051,0.37786934,-0.15722057,0.2919304,0.50227964,0.76902187,0.2861411,0.40917233,1.2214417,1.107541,0.2616712,0.40672955,0.9053386,799.011,801.02563,806.26373,813.5165,847.76556,0.0015869140625,0.16302490234375,0.9730224609375,1.54022216796875,-4.134674072265625,-0.94207763671875,1.0,2.0,1.0,1.0,2.0,95.0,event
12:10:30.149,0.12858808,0.33944046,0.20495668,0.6620152,0.28717345,-0.28751832,-0.3912111,0.2839051,0.37786934,-0.15722057,0.2919304,0.50227964,0.76902187,0.2861411,0.40917233,1.2214417,1.107541,0.2616712,0.40672955,0.9053386,800.6227,804.65204,810.696,801.4286,823.5897,0.0015869140625,0.16302490234375,0.9730224609375,1.54022216796875,-4.134674072265625,-0.94207763671875,1.0,2.0,1.0,1.0,2.0,95.0,event
12:10:30.151,0.12858808,0.33944046,0.20495668,0.6620152,0.28717345,-0.28751832,-0.3912111,0.2839051,0.37786934,-0.15722057,0.2919304,0.50227964,0.76902187,0.2861411,0.40917233,1.2214417,1.107541,0.2616712,0.40672955,0.9053386,795.38464,815.5311,811.9048,810.293,895.7143,0.0015869140625,0.16302490234375,0.9730224609375,1.54022216796875,-4.134674072265625,-0.94207763671875,1.0,2.0,1.0,1.0,2.0,95.0,event
12:10:30.152,0.12858808,0.33944046,0.20495668,0.6620152,0.28717345,-0.28751832,-0.3912111,0.2839051,0.37786934,-0.15722057,0.2919304,0.50227964,0.76902187,0.2861411,0.40917233,1.2214417,1.107541,0.2616712,0.40672955,0.9053386,780.87915,811.0989,806.26373,816.337,862.674,0.0015869140625,0.16302490234375,0.9730224609375,1.54022216796875,-4.134674072265625,-0.94207763671875,1.0,2.0,1.0,1.0,2.0,95.0,event
12:10:30.153,0.12858808,0.33944046,0.20495668,0.6620152,0.28717345,-0.28751832,-0.3912111,0.2839051,0.37786934,-0.15722057,0.2919304,0.50227964,0.76902187,0.2861411,0.40917233,1.2214417,1.107541,0.2616712,0.40672955,0.9053386,761.9414,799.81683,812.71063,806.6667,824.3956,0.0015869140625,0.16302490234375,0.9730224609375,1.54022216796875,-4.134674072265625,-0.94207763671875,1.0,2.0,1.0,1.0,2.0,95.0,event
12:10:30.154,0.12858808,0.33944046,0.20495668,0.6620152,0.28717345,-0.28751832,-0.3912111,0.2839051,0.37786934,-0.15722057,0.2919304,0.50227964,0.76902187,0.2861411,0.40917233,1.2214417,1.107541,0.2616712,0.40672955,0.9053386,786.52014,798.20514,818.3516,795.38464,814.3223,0.0015869140625,0.16302490234375,0.9730224609375,1.54022216796875,-4.134674072265625,-0.94207763671875,1.0,2.0,1.0,1.0,2.0,95.0,event
12:10:30.155,0.12858808,0.33944046,0.20495668,0.6620152,0.28717345,-0.28751832,-0.3912111,0.2839051,0.37786934,-0.15722057,0.2919304,0.50227964,0.76902187,0.2861411,0.40917233,1.2214417,1.107541,0.2616712,0.40672955,0.9053386,831.2454,814.3223,810.696,783.69965,990.80585,0.0015869140625,0.16302490234375,0.9730224609375,1.54022216796875,-4.134674072265625,-0.94207763671875,1.0,2.0,1.0,1.0,2.0,95.0,event
12:10:30.156,0.12858808,0.3490792,0.23258227,0.6620152,0.28717345,-0.29205292,-0.44741067,0.2839051,0.37786934,-0.13296263,0.26142076,0.50227964,0.76902187,0.28956616,0.37528014,1.2214417,1.107541,0.2758714,0.42351153,0.9053386,807.0696,822.7839,814.7253,803.0403,921.9048,0.0015869140625,0.16302490234375,0.9730224609375,1.54022216796875,-4.134674072265625,-0.94207763671875,1.0,2.0,1.0,1.0,2.0,95.0,event
12:10:30.159,0.12858808,0.3490792,0.23258227,0.6620152,0.28717345,-0.29205292,-0.44741067,0.2839051,0.37786934,-0.13296263,0.26142076,0.50227964,0.76902187,0.28956616,0.37528014,1.2214417,1.107541,0.2758714,0.42351153,0.9053386,786.9231,805.4579,811.9048,815.9341,692.23444,0.0015869140625,0.16302490234375,0.9730224609375,1.54022216796875,-4.134674072265625,-0.94207763671875,1.0,2.0,1.0,1.0,2.0,95.0,event
12:10:30.160,0.12858808,0.3490792,0.23258227,0.6620152,0.28717345,-0.29205292,-0.44741067,0.2839051,0.37786934,-0.13296263,0.26142076,0.50227964,0.76902187,0.28956616,0.37528014,1.2214417,1.107541,0.2758714,0.42351153,0.9053386,785.7143,797.3993,805.05493,805.05493,745.0183,0.0015869140625,0.16302490234375,0.9730224609375,1.54022216796875,-4.134674072265625,-0.94207763671875,1.0,2.0,1.0,1.0,2.0,95.0,event
12:10:30.182,0.12858808,0.3490792,0.23258227,0.6620152,0.28717345,-0.29205292,-0.44741067,0.2839051,0.37786934,-0.13296263,0.26142076,0.50227964,0.76902187,0.28956616,0.37528014,1.2214417,1.107541,0.2758714,0.42351153,0.9053386,768.7912,806.6667,803.8461,797.8022,768.7912,0.0015869140625,0.16302490234375,0.9730224609375,1.54022216796875,-4.134674072265625,-0.94207763671875,1.0,2.0,1.0,1.0,2.0,95.0,event
12:10:30.183,0.12858808,0.3490792,0.23258227,0.6620152,0.28717345,-0.29205292,-0.44741067,0.2839051,0.37786934,-0.13296263,0.26142076,0.50227964,0.76902187,0.28956616,0.37528014,1.2214417,1.107541,0.2758714,0.42351153,0.9053386,772.01465,813.5165,782.0879,825.6044,729.707,0.0015869140625,0.16302490234375,0.9730224609375,1.54022216796875,-4.134674072265625,-0.94207763671875,1.0,2.0,1.0,1.0,2.0,95.0,event
12:10:30.184,0.12858808,0.3490792,0.23258227,0.6620152,0.28717345,-0.29205292,-0.44741067,0.2839051,0.37786934,-0.13296263,0.26142076,0.50227964,0.76902187,0.28956616,0.37528014,1.2214417,1.107541,0.2758714,0.42351153,0.9053386,803.8461,823.1868,784.90845,841.31866,745.0183,0.0015869140625,0.16302490234375,0.9730224609375,1.54022216796875,-4.134674072265625,-0.94207763671875,1.0,2.0,1.0,1.0,2.0,95.0,event
12:10:30.184,0.12858808,0.3490792,0.23258227,0.6620152,0.28717345,-0.29205292,-0.44741067,0.2839051,0.37786934,-0.13296263,0.26142076,0.50227964,0.76902187,0.28956616,0.37528014,1.2214417,1.107541,0.2758714,0.42351153,0.9053386,818.7546,809.89014,821.978,806.26373,728.9011,0.0015869140625,0.16302490234375,0.9730224609375,1.54022216796875,-4.134674072265625,-0.94207763671875,1.0,2.0,1.0,1.0,2.0,95.0,event
12:10:30.185,0.12858808,0.3490792,0.23258227,0.6620152,0.28717345,-0.29205292,-0.44741067,0.2839051,0.37786934,-0.13296263,0.26142076,0.50227964,0.76902187,0.28956616,0.37528014,1.2214417,1.107541,0.2758714,0.42351153,0.9053386,799.41394,787.326,830.0366,799.011,755.09155,0.0015869140625,0.16302490234375,0.9730224609375,1.54022216796875,-4.134674072265625,-0.94207763671875,1.0,2.0,1.0,1.0,2.0,95.0,event
12:10:30.185,0.12858808,0.3490792,0.23258227,0.6620152,0.28717345,-0.29205292,-0.44741067,0.2839051,0.37786934,-0.13296263,0.26142076,0.50227964,0.76902187,0.28956616,0.37528014,1.2214417,1.107541,0.2758714,0.42351153,0.9053386,795.78754,792.5641,824.7985,797.3993,852.6007,0.0015869140625,0.16302490234375,0.9730224609375,1.54022216796875,-4.134674072265625,-0.94207763671875,1.0,2.0,1.0,1.0,2.0,95.0,event
12:10:30.186,0.12858808,0.3490792,0.23258227,0.6620152,0.28717345,-0.29205292,-0.44741067,0.2839051,0.37786934,-0.13296263,0.26142076,0.50227964,0.76902187,0.28956616,0.37528014,1.2214417,1.107541,0.2758714,0.42351153,0.9053386,788.1319,807.8755,809.89014,781.28204,1021.8315,0.0015869140625,0.16302490234375,0.9730224609375,1.54022216796875,-4.134674072265625,-0.94207763671875,1.0,2.0,1.0,1.0,2.0,95.0,event
12:10:30.186,0.12858808,0.3490792,0.23258227,0.6620152,0.28717345,-0.29205292,-0.44741067,0.2839051,0.37786934,-0.13296263,0.26142076,0.50227964,0.76902187,0.28956616,0.37528014,1.2214417,1.107541,0.2758714,0.42351153,0.9053386,788.1319,806.26373,819.15753,774.43225,878.7912,0.0015869140625,0.16302490234375,0.9730224609375,1.54022216796875,-4.134674072265625,-0.94207763671875,1.0,2.0,1.0,1.0,2.0,95.0,event
12:10:30.187,0.12858808,0.3490792,0.23258227,0.6620152,0.28717345,-0.29205292,-0.44741067,0.2839051,0.37786934,-0.13296263,0.26142076,0.50227964,0.76902187,0.28956616,0.37528014,1.2214417,1.107541,0.2758714,0.42351153,0.9053386,767.1795,803.44324,812.3077,801.02563,1183.4066,0.0015869140625,0.16302490234375,0.9730224609375,1.54022216796875,-4.134674072265625,-0.94207763671875,1.0,2.0,1.0,1.0,2.0,95.0,event
12:10:30.187,0.12858808,0.3490792,0.23258227,0.6620152,0.28717345,-0.29205292,-0.44741067,0.2839051,0.37786934,-0.13296263,0.26142076,0.50227964,0.76902187,0.28956616,0.37528014,1.2214417,1.107541,0.2758714,0.42351153,0.9053386,759.12085,803.0403,815.12823,802.23444,834.4689,0.0015869140625,0.16302490234375,0.9730224609375,1.54022216796875,-4.134674072265625,-0.94207763671875,1.0,2.0,1.0,1.0,2.0,95.0,event
12:10:30.188,0.12858808,0.3490792,0.23258227,0.6620152,0.28717345,-0.29205292,-0.44741067,0.2839051,0.37786934,-0.13296263,0.26142076,0.50227964,0.76902187,0.28956616,0.37528014,1.2214417,1.107541,0.2758714,0.42351153,0.9053386,796.1905,803.44324,811.0989,797.8022,652.74725,0.0015869140625,0.16302490234375,0.9730224609375,1.54022216796875,-4.134674072265625,-0.94207763671875,1.0,2.0,1.0,1.0,2.0,95.0,event
12:10:30.188,0.12858808,0.3490792,0.23258227,0.6620152,0.28717345,-0.29205292,-0.44741067,0.2839051,0.37786934,-0.13296263,0.26142076,0.50227964,0.76902187,0.28956616,0.37528014,1.2214417,1.107541,0.2758714,0.42351153,0.9053386,797.8022,805.8608,798.20514,804.2491,758.71796,0.0015869140625,0.16302490234375,0.9730224609375,1.54022216796875,-4.134674072265625,-0.94207763671875,1.0,2.0,1.0,1.0,2.0,95.0,event
12:10:30.244,0.12858808,0.3490792,0.23258227,0.6620152,0.28717345,-0.29205292,-0.44741067,0.2839051,0.37786934,-0.13296263,0.26142076,0.50227964,0.76902187,0.28956616,0.37528014,1.2214417,1.107541,0.2758714,0.42351153,0.9053386,779.2674,805.05493,793.7729,800.2198,708.7546,-0.00439453125,0.1611328125,0.9798583984375,2.51220703125,-3.985137939453125,-0.351409912109375,1.0,2.0,1.0,1.0,2.0,95.0,event
12:10:30.246,0.12858808,0.3490792,0.23258227,0.6620152,0.28717345,-0.29205292,-0.44741067,0.2839051,0.37786934,-0.13296263,0.26142076,0.50227964,0.76902187,0.28956616,0.37528014,1.2214417,1.107541,0.2758714,0.42351153,0.9053386,790.14655,799.81683,809.4872,799.41394,666.8498,-0.00439453125,0.1611328125,0.9798583984375,2.51220703125,-3.985137939453125,-0.351409912109375,1.0,2.0,1.0,1.0,2.0,95.0,event
12:10:30.246,0.12858808,0.3490792,0.23258227,0.6620152,0.28717345,-0.29205292,-0.44741067,0.2839051,0.37786934,-0.13296263,0.26142076,0.50227964,0.76902187,0.28956616,0.37528014,1.2214417,1.107541,0.2758714,0.42351153,0.9053386,803.44324,805.4579,814.3223,806.6667,723.663,-0.00439453125,0.1611328125,0.9798583984375,2.51220703125,-3.985137939453125,-0.351409912109375,1.0,2.0,1.0,1.0,2.0,95.0,event
12:10:30.247,0.12858808,0.3490792,0.23258227,0.6620152,0.28717345,-0.29205292,-0.44741067,0.2839051,0.37786934,-0.13296263,0.26142076,0.50227964,0.76902187,0.28956616,0.37528014,1.2214417,1.107541,0.2758714,0.42351153,0.9053386,813.5165,809.4872,813.91943,801.4286,794.17584,-0.00439453125,0.1611328125,0.9798583984375,2.51220703125,-3.985137939453125,-0.351409912109375,1.0,2.0,1.0,1.0,2.0,95.0,event
12:10:30.248,0.12858808,0.3490792,0.23258227,0.6620152,0.28717345,-0.29205292,-0.44741067,0.2839051,0.37786934,-0.13296263,0.26142076,0.50227964,0.76902187,0.28956616,0.37528014,1.2214417,1.107541,0.2758714,0.42351153,0.9053386,775.64105,792.5641,807.0696,790.9524,749.85345,-0.00439453125,0.1611328125,0.9798583984375,2.51220703125,-3.985137939453125,-0.351409912109375,1.0,2.0,1.0,1.0,2.0,95.0,event
12:10:30.248,0.12858808,0.3490792,0.23258227,0.6620152,0.28717345,-0.29205292,-0.44741067,0.2839051,0.37786934,-0.13296263,0.26142076,0.50227964,0.76902187,0.28956616,0.37528014,1.2214417,1.107541,0.2758714,0.42351153,0.9053386,807.8755,805.05493,813.91943,797.8022,737.3626,-0.00439453125,0.1611328125,0.9798583984375,2.51220703125,-3.985137939453125,-0.351409912109375,1.0,2.0,1.0,1.0,2.0,95.0,event
12:10:30.249,0.12858808,0.3490792,0.23258227,0.6620152,0.28717345,-0.29205292,-0.44741067,0.2839051,0.37786934,-0.13296263,0.26142076,0.50227964,0.76902187,0.28956616,0.37528014,1.2214417,1.107541,0.2758714,0.42351153,0.9053386,765.16486,799.81683,797.3993,790.9524,763.95605,-0.00439453125,0.1611328125,0.9798583984375,2.51220703125,-3.985137939453125,-0.351409912109375,1.0,2.0,1.0,1.0,2.0,95.0,event
12:10:30.249,0.12858808,0.3490792,0.23258227,0.6620152,0.28717345,-0.29205292,-0.44741067,0.2839051,0.37786934,-0.13296263,0.26142076,0.50227964,0.76902187,0.28956616,0.37528014,1.2214417,1.107541,0.2758714,0.42351153,0.9053386,777.6557,813.91943,801.4286,813.91943,934.7985,-0.00439453125,0.1611328125,0.9798583984375,2.51220703125,-3.985137939453125,-0.351409912109375,1.0,2.0,1.0,1.0,2.0,95.0,event
12:10:30.250,0.12858808,0.3490792,0.23258227,0.6620152,0.28717345,-0.29205292,-0.44741067,0.2839051,0.37786934,-0.13296263,0.26142076,0.50227964,0.76902187,0.28956616,0.37528014,1.2214417,1.107541,0.2758714,0.42351153,0.9053386,783.2967,811.0989,809.4872,811.50183,854.21246,-0.00439453125,0.1611328125,0.9798583984375,2.51220703125,-3.985137939453125,-0.351409912109375,1.0,2.0,1.0,1.0,2.0,95.0,event
12:10:30.250,0.12858808,0.3490792,0.23258227,0.6620152,0.28717345,-0.29205292,-0.44741067,0.2839051,0.37786934,-0.13296263,0.26142076,0.50227964,0.76902187,0.28956616,0.37528014,1.2214417,1.107541,0.2758714,0.42351153,0.9053386,798.60803,808.2784,807.8755,776.04395,676.9231,-0.00439453125,0.1611328125,0.9798583984375,2.51220703125,-3.985137939453125,-0.351409912109375,1.0,2.0,1.0,1.0,2.0,95.0,event
12:10:30.251,0.12858808,0.3490792,0.23258227,0.6620152,0.28717345,-0.29205292,-0.44741067,0.2839051,0.37786934,-0.13296263,0.26142076,0.50227964,0.76902187,0.28956616,0.37528014,1.2214417,1.107541,0.2758714,0.42351153,0.9053386,803.8461,804.2491,811.9048,779.67035,831.2454,-0.00439453125,0.1611328125,0.9798583984375,2.51220703125,-3.985137939453125,-0.351409912109375,1.0,2.0,1.0,1.0,2.0,95.0,event
12:10:30.252,0.12858808,0.35483286,0.25877216,0.6620152,0.28717345,-0.2906523,-0.42977536,0.2839051,0.37786934,-0.121415734,0.26405337,0.50227964,0.76902187,0.2978231,0.3551388,1.2214417,1.107541,0.2899871,0.4513475,0.9053386,796.5934,809.89014,813.5165,815.9341,874.35895,-0.00439453125,0.1611328125,0.9798583984375,2.51220703125,-3.985137939453125,-0.351409912109375,1.0,2.0,1.0,1.0,2.0,95.0,event
12:10:30.317,0.12858808,0.35483286,0.25877216,0.6620152,0.28717345,-0.2906523,-0.42977536,0.2839051,0.37786934,-0.121415734,0.26405337,0.50227964,0.76902187,0.2978231,0.3551388,1.2214417,1.107541,0.2899871,0.4513475,0.9053386,769.19415,808.68134,806.6667,844.5421,738.1685,0.0025634765625,0.1676025390625,0.970703125,2.594451904296875,-4.164581298828125,-0.67291259765625,1.0,2.0,1.0,1.0,2.0,95.0,event
12:10:30.318,0.12858808,0.35483286,0.25877216,0.6620152,0.28717345,-0.2906523,-0.42977536,0.2839051,0.37786934,-0.121415734,0.26405337,0.50227964,0.76902187,0.2978231,0.3551388,1.2214417,1.107541,0.2899871,0.4513475,0.9053386,770.0,798.20514,805.8608,807.8755,701.0989,0.0025634765625,0.1676025390625,0.970703125,2.594451904296875,-4.164581298828125,-0.67291259765625,1.0,2.0,1.0,1.0,2.0,95.0,event
12:10:30.319,0.12858808,0.35483286,0.25877216,0.6620152,0.28717345,-0.2906523,-0.42977536,0.2839051,0.37786934,-0.121415734,0.26405337,0.50227964,0.76902187,0.2978231,0.3551388,1.2214417,1.107541,0.2899871,0.4513475,0.9053386,807.47253,800.6227,812.71063,761.9414,754.68866,0.0025634765625,0.1676025390625,0.970703125,2.594451904296875,-4.164581298828125,-0.67291259765625,1.0,2.0,1.0,1.0,2.0,95.0,event
12:10:30.320,0.12858808,0.35483286,0.25877216,0.6620152,0.28717345,-0.2906523,-0.42977536,0.2839051,0.37786934,-0.121415734,0.26405337,0.50227964,0.76902187,0.2978231,0.3551388,1.2214417,1.107541,0.2899871,0.4513475,0.9053386,803.8461,799.41394,815.12823,797.8022,791.3553,0.0025634765625,0.1676025390625,0.970703125,2.594451904296875,-4.164581298828125,-0.67291259765625,1.0,2.0,1.0,1.0,2.0,95.0,event
12:10:30.321,0.12858808,0.35483286,0.25877216,0.6620152,0.28717345,-0.2906523,-0.42977536,0.2839051,0.37786934,-0.121415734,0.26405337,0.50227964,0.76902187,0.2978231,0.3551388,1.2214417,1.107541,0.2899871,0.4513475,0.9053386,774.0293,805.4579,805.8608,797.3993,774.0293,0.0025634765625,0.1676025390625,0.970703125,2.594451904296875,-4.164581298828125,-0.67291259765625,1.0,2.0,1.0,1.0,2.0,95.0,event
12:10:30.321,0.12858808,0.35483286,0.25877216,0.6620152,0.28717345,-0.2906523,-0.42977536,0.2839051,0.37786934,-0.121415734,0.26405337,0.50227964,0.76902187,0.2978231,0.3551388,1.2214417,1.107541,0.2899871,0.4513475,0.9053386,767.1795,809.4872,799.81683,777.25275,817.1429,0.0025634765625,0.1676025390625,0.970703125,2.594451904296875,-4.164581298828125,-0.67291259765625,1.0,2.0,1.0,1.0,2.0,95.0,event
12:10:30.322,0.12858808,0.35483286,0.25877216,0.6620152,0.28717345,-0.2906523,-0.42977536,0.2839051,0.37786934,-0.121415734,0.26405337,0.50227964,0.76902187,0.2978231,0.3551388,1.2214417,1.107541,0.2899871,0.4513475,0.9053386,794.17584,812.71063,801.8315,801.4286,927.1429,0.0025634765625,0.1676025390625,0.970703125,2.594451904296875,-4.164581298828125,-0.67291259765625,1.0,2.0,1.0,1.0,2.0,95.0,event
12:10:30.323,0.12858808,0.35483286,0.25877216,0.6620152,0.28717345,-0.2906523,-0.42977536,0.2839051,0.37786934,-0.121415734,0.26405337,0.50227964,0.76902187,0.2978231,0.3551388,1.2214417,1.107541,0.2899871,0.4513475,0.9053386,785.7143,810.696,812.3077,819.5604,999.67035,0.0025634765625,0.1676025390625,0.970703125,2.594451904296875,-4.164581298828125,-0.67291259765625,1.0,2.0,1.0,1.0,2.0,95.0,event
12:10:30.324,0.12858808,0.35483286,0.25877216,0.6620152,0.28717345,-0.2906523,-0.42977536,0.2839051,0.37786934,-0.121415734,0.26405337,0.50227964,0.76902187,0.2978231,0.3551388,1.2214417,1.107541,0.2899871,0.4513475,0.9053386,761.53845,805.4579,807.0696,798.20514,846.9597,0.0025634765625,0.1676025390625,0.970703125,2.594451904296875,-4.164581298828125,-0.67291259765625,1.0,2.0,1.0,1.0,2.0,95.0,event
12:10:30.325,0.12858808,0.35483286,0.25877216,0.6620152,0.28717345,-0.2906523,-0.42977536,0.2839051,0.37786934,-0.121415734,0.26405337,0.50227964,0.76902187,0.2978231,0.3551388,1.2214417,1.107541,0.2899871,0.4513475,0.9053386,761.53845,803.0403,795.78754,790.14655,734.5421,0.0025634765625,0.1676025390625,0.970703125,2.594451904296875,-4.164581298828125,-0.67291259765625,1.0,2.0,1.0,1.0,2.0,95.0,event
12:10:30.326,0.12858808,0.35483286,0.25877216,0.6620152,0.28717345,-0.2906523,-0.42977536,0.2839051,0.37786934,-0.121415734,0.26405337,0.50227964,0.76902187,0.2978231,0.3551388,1.2214417,1.107541,0.2899871,0.4513475,0.9053386,780.07324,796.5934,806.6667,780.87915,737.76556,0.0025634765625,0.1676025390625,0.970703125,2.594451904296875,-4.164581298828125,-0.67291259765625,1.0,2.0,1.0,1.0,2.0,95.0,event
12:10:30.328,0.12858808,0.35483286,0.25877216,0.6620152,0.28717345,-0.2906523,-0.42977536,0.2839051,0.37786934,-0.121415734,0.26405337,0.50227964,0.76902187,0.2978231,0.3551388,1.2214417,1.107541,0.2899871,0.4513475,0.9053386,803.44324,798.20514,813.91943,787.326,715.6044,0.0025634765625,0.1676025390625,0.970703125,2.594451904296875,-4.164581298828125,-0.67291259765625,1.0,2.0,1.0,1.0,2.0,95.0,event
12:10:30.361,0.12858808,0.35483286,0.25877216,0.6620152,0.28717345,-0.2906523,-0.42977536,0.2839051,0.37786934,-0.121415734,0.26405337,0.50227964,0.76902187,0.2978231,0.3551388,1.2214417,1.107541,0.2899871,0.4513475,0.9053386,783.2967,804.65204,807.8755,788.93774,668.0586,0.0045166015625,0.1651611328125,0.97674560546875,2.40753173828125,-3.75335693359375,0.471038818359375,1.0,2.0,1.0,1.0,2.0,95.0,event
12:10:30.362,0.12858808,0.35483286,0.25877216,0.6620152,0.28717345,-0.2906523,-0.42977536,0.2839051,0.37786934,-0.121415734,0.26405337,0.50227964,0.76902187,0.2978231,0.3551388,1.2214417,1.107541,0.2899871,0.4513475,0.9053386,796.99634,811.9048,809.89014,814.7253,853.4066,0.0045166015625,0.1651611328125,0.97674560546875,2.40753173828125,-3.75335693359375,0.471038818359375,1.0,2.0,1.0,1.0,2.0,95.0,event
12:10:30.362,0.12858808,0.35483286,0.25877216,0.6620152,0.28717345,-0.2906523,-0.42977536,0.2839051,0.37786934,-0.121415734,0.26405337,0.50227964,0.76902187,0.2978231,0.3551388,1.2214417,1.107541,0.2899871,0.4513475,0.9053386,786.9231,808.2784,801.02563,799.011,708.3516,0.0045166015625,0.1651611328125,0.97674560546875,2.40753173828125,-3.75335693359375,0.471038818359375,1.0,2.0,1.0,1.0,2.0,95.0,event
12:10:30.363,0.12858808,0.35483286,0.25877216,0.6620152,0.28717345,-0.2906523,-0.42977536,0.2839051,0.37786934,-0.121415734,0.26405337,0.50227964,0.76902187,0.2978231,0.3551388,1.2214417,1.107541,0.2899871,0.4513475,0.9053386,780.07324,810.696,814.3223,803.0403,790.14655,0.0045166015625,0.1651611328125,0.97674560546875,2.40753173828125,-3.75335693359375,0.471038818359375,1.0,2.0,1.0,1.0,2.0,95.0,event
12:10:30.364,0.12858808,0.35483286,0.25877216,0.6620152,0.28717345,-0.2906523,-0.42977536,0.2839051,0.37786934,-0.121415734,0.26405337,0.50227964,0.76902187,0.2978231,0.3551388,1.2214417,1.107541,0.2899871,0.4513475,0.9053386,762.3443,795.78754,806.6667,796.99634,667.25275,0.0045166015625,0.1651611328125,0.97674560546875,2.40753173828125,-3.75335693359375,0.471038818359375,1.0,2.0,1.0,1.0,2.0,95.0,event
12:10:30.364,0.12858808,0.35483286,0.25877216,0.6620152,0.28717345,-0.2906523,-0.42977536,0.2839051,0.37786934,-0.121415734,0.26405337,0.50227964,0.76902187,0.2978231,0.3551388,1.2214417,1.107541,0.2899871,0.4513475,0.9053386,774.83514,792.96704,809.89014,819.15753,818.3516,0.0045166015625,0.1651611328125,0.97674560546875,2.40753173828125,-3.75335693359375,0.471038818359375,1.0,2.0,1.0,1.0,2.0,95.0,event
12:10:30.365,0.12858808,0.35483286,0.25877216,0.6620152,0.28717345,-0.2906523,-0.42977536,0.2839051,0.37786934,-0.121415734,0.26405337,0.50227964,0.76902187,0.2978231,0.3551388,1.2214417,1.107541,0.2899871,0.4513475,0.9053386,798.20514,795.78754,811.0989,828.4249,1098.3883,0.0045166015625,0.1651611328125,0.97674560546875,2.40753173828125,-3.75335693359375,0.471038818359375,1.0,2.0,1.0,1.0,2.0,95.0,event
12:10:30.366,0.12858808,0.35483286,0.25877216,0.6620152,0.28717345,-0.2906523,-0.42977536,0.2839051,0.37786934,-0.121415734,0.26405337,0.50227964,0.76902187,0.2978231,0.3551388,1.2214417,1.107541,0.2899871,0.4513475,0.9053386,785.31134,797.8022,809.89014,782.0879,942.4542,0.0045166015625,0.1651611328125,0.97674560546875,2.40753173828125,-3.75335693359375,0.471038818359375,1.0,2.0,1.0,1.0,2.0,95.0,event
12:10:30.367,0.12858808,0.35483286,0.25877216,0.6620152,0.28717345,-0.2906523,-0.42977536,0.2839051,0.37786934,-0.121415734,0.26405337,0.50227964,0.76902187,0.2978231,0.3551388,1.2214417,1.107541,0.2899871,0.4513475,0.9053386,772.4176,798.60803,804.65204,755.09155,717.619,0.0045166015625,0.1651611328125,0.97674560546875,2.40753173828125,-3.75335693359375,0.471038818359375,1.0,2.0,1.0,1.0,2.0,95.0,event
12:10:30.367,0.12858808,0.35483286,0.25877216,0.6620152,0.28717345,-0.2906523,-0.42977536,0.2839051,0.37786934,-0.121415734,0.26405337,0.50227964,0.76902187,0.2978231,0.3551388,1.2214417,1.107541,0.2899871,0.4513475,0.9053386,778.86444,801.8315,794.57874,779.2674,699.4872,0.0045166015625,0.1651611328125,0.97674560546875,2.40753173828125,-3.75335693359375,0.471038818359375,1.0,2.0,1.0,1.0,2.0,95.0,event
12:10:30.368,0.12858808,0.35483286,0.25877216,0.6620152,0.28717345,-0.2906523,-0.42977536,0.2839051,0.37786934,-0.121415734,0.26405337,0.50227964,0.76902187,0.2978231,0.3551388,1.2214417,1.107541,0.2899871,0.4513475,0.9053386,790.9524,809.0842,802.6374,811.50183,723.663,0.0045166015625,0.1651611328125,0.97674560546875,2.40753173828125,-3.75335693359375,0.471038818359375,1.0,2.0,1.0,1.0,2.0,95.0,event
12:10:30.369,0.12858808,0.35483286,0.25877216,0.6620152,0.28717345,-0.2906523,-0.42977536,0.2839051,0.37786934,-0.121415734,0.26405337,0.50227964,0.76902187,0.2978231,0.3551388,1.2214417,1.107541,0.2899871,0.4513475,0.9053386,797.8022,807.0696,811.0989,805.05493,726.08057,0.0045166015625,0.1651611328125,0.97674560546875,2.40753173828125,-3.75335693359375,0.471038818359375,1.0,2.0,1.0,1.0,2.0,95.0,event
12:10:30.392,0.12858808,0.35483286,0.25877216,0.6620152,0.28717345,-0.2906523,-0.42977536,0.2839051,0.37786934,-0.121415734,0.26405337,0.50227964,0.76902187,0.2978231,0.3551388,1.2214417,1.107541,0.2899871,0.4513475,0.9053386,769.59705,804.2491,812.3077,787.72894,706.337,0.0045166015625,0.1651611328125,0.97674560546875,2.40753173828125,-3.75335693359375,0.471038818359375,1.0,2.0,1.0,1.0,2.0,95.0,event
12:10:30.393,0.12858808,0.35502595,0.3115726,0.6620152,0.28717345,-0.28837922,-0.34047842,0.2839051,0.37786934,-0.109797634,0.27845326,0.50227964,0.76902187,0.30775332,0.35520738,1.2214417,1.107541,0.30402234,0.4816688,0.9053386,766.77655,809.89014,807.8755,809.89014,730.9158,0.0045166015625,0.1651611328125,0.97674560546875,2.40753173828125,-3.75335693359375,0.471038818359375,1.0,2.0,1.0,1.0,2.0,95.0,event
12:10:30.397,0.12858808,0.35502595,0.3115726,0.6620152,0.28717345,-0.28837922,-0.34047842,0.2839051,0.37786934,-0.109797634,0.27845326,0.50227964,0.76902187,0.30775332,0.35520738,1.2214417,1.107541,0.30402234,0.4816688,0.9053386,787.72894,809.4872,803.0403,808.2784,859.0476,0.0045166015625,0.1651611328125,0.97674560546875,2.40753173828125,-3.75335693359375,0.471038818359375,1.0,2.0,1.0,1.0,2.0,95.0,event
12:10:30.397,0.12858808,0.35502595,0.3115726,0.6620152,0.28717345,-0.28837922,-0.34047842,0.2839051,0.37786934,-0.109797634,0.27845326,0.50227964,0.76902187,0.30775332,0.35520738,1.2214417,1.107541,0.30402234,0.4816688,0.9053386,791.3553,803.44324,802.23444,806.6667,799.011,0.0045166015625,0.1651611328125,0.97674560546875,2.40753173828125,-3.75335693359375,0.471038818359375,1.0,2.0,1.0,1.0,2.0,95.0,event
12:10:30.398,0.12858808,0.35502595,0.3115726,0.6620152,0.28717345,-0.28837922,-0.34047842,0.2839051,0.37786934,-0.109797634,0.27845326,0.50227964,0.76902187,0.30775332,0.35520738,1.2214417,1.107541,0.30402234,0.4816688,0.9053386,788.1319,798.60803,803.44324,820.3663,705.9341,0.0045166015625,0.1651611328125,0.97674560546875,2.40753173828125,-3.75335693359375,0.471038818359375,1.0,2.0,1.0,1.0,2.0,95.0,event
12:10:30.398,0.12858808,0.35502595,0.3115726,0.6620152,0.28717345,-0.28837922,-0.34047842,0.2839051,0.37786934,-0.109797634,0.27845326,0.50227964,0.76902187,0.30775332,0.35520738,1.2214417,1.107541,0.30402234,0.4816688,0.9053386,807.0696,796.1905,797.3993,795.38464,937.619,0.0045166015625,0.1651611328125,0.97674560546875,2.40753173828125,-3.75335693359375,0.471038818359375,1.0,2.0,1.0,1.0,2.0,95.0,event
12:10:30.399,0.12858808,0.35502595,0.3115726,0.6620152,0.28717345,-0.28837922,-0.34047842,0.2839051,0.37786934,-0.109797634,0.27845326,0.50227964,0.76902187,0.30775332,0.35520738,1.2214417,1.107541,0.30402234,0.4816688,0.9053386,818.7546,800.6227,804.2491,815.5311,1013.36993,0.0045166015625,0.1651611328125,0.97674560546875,2.40753173828125,-3.75335693359375,0.471038818359375,1.0,2.0,1.0,1.0,2.0,95.0,event
12:10:30.400,0.12858808,0.35502595,0.3115726,0.6620152,0.28717345,-0.28837922,-0.34047842,0.2839051,0.37786934,-0.109797634,0.27845326,0.50227964,0.76902187,0.30775332,0.35520738,1.2214417,1.107541,0.30402234,0.4816688,0.9053386,778.0586,802.23444,817.1429,829.2308,811.50183,0.0045166015625,0.1651611328125,0.97674560546875,2.40753173828125,-3.75335693359375,0.471038818359375,1.0,2.0,1.0,1.0,2.0,95.0,event
12:10:30.400,0.12858808,0.35502595,0.3115726,0.6620152,0.28717345,-0.28837922,-0.34047842,0.2839051,0.37786934,-0.109797634,0.27845326,0.50227964,0.76902187,0.30775332,0.35520738,1.2214417,1.107541,0.30402234,0.4816688,0.9053386,764.7619,796.1905,809.0842,793.36993,695.05493,0.0045166015625,0.1651611328125,0.97674560546875,2.40753173828125,-3.75335693359375,0.471038818359375,1.0,2.0,1.0,1.0,2.0,95.0,event
12:10:30.401,0.12858808,0.35502595,0.3115726,0.6620152,0.28717345,-0.28837922,-0.34047842,0.2839051,0.37786934,-0.109797634,0.27845326,0.50227964,0.76902187,0.30775332,0.35520738,1.2214417,1.107541,0.30402234,0.4816688,0.9053386,775.2381,795.78754,799.81683,781.28204,876.3736,0.0045166015625,0.1651611328125,0.97674560546875,2.40753173828125,-3.75335693359375,0.471038818359375,1.0,2.0,1.0,1.0,2.0,95.0,event
12:10:30.401,0.12858808,0.35502595,0.3115726,0.6620152,0.28717345,-0.28837922,-0.34047842,0.2839051,0.37786934,-0.109797634,0.27845326,0.50227964,0.76902187,0.30775332,0.35520738,1.2214417,1.107541,0.30402234,0.4816688,0.9053386,766.3736,791.75824,810.293,806.6667,1158.4249,0.0045166015625,0.1651611328125,0.97674560546875,2.40753173828125,-3.75335693359375,0.471038818359375,1.0,2.0,1.0,1.0,2.0,95.0,event
12:10:30.402,0.12858808,0.35502595,0.3115726,0.6620152,0.28717345,-0.28837922,-0.34047842,0.2839051,0.37786934,-0.109797634,0.27845326,0.50227964,0.76902187,0.30775332,0.35520738,1.2214417,1.107541,0.30402234,0.4816688,0.9053386,749.45056,788.1319,818.3516,766.3736,896.9231,0.0045166015625,0.1651611328125,0.97674560546875,2.40753173828125,-3.75335693359375,0.471038818359375,1.0,2.0,1.0,1.0,2.0,95.0,event
12:10:30.425,0.12858808,0.35502595,0.3115726,0.6620152,0.28717345,-0.28837922,-0.34047842,0.2839051,0.37786934,-0.109797634,0.27845326,0.50227964,0.76902187,0.30775332,0.35520738,1.2214417,1.107541,0.30402234,0.4816688,0.9053386,740.18317,802.6374,806.26373,740.989,695.4579,0.00360107421875,0.16375732421875,0.97222900390625,2.34771728515625,-3.461761474609375,0.515899658203125,1.0,2.0,1.0,1.0,2.0,95.0,event
12:10:30.426,0.12858808,0.35502595,0.3115726,0.6620152,0.28717345,-0.28837922,-0.34047842,0.2839051,0.37786934,-0.109797634,0.27845326,0.50227964,0.76902187,0.30775332,0.35520738,1.2214417,1.107541,0.30402234,0.4816688,0.9053386,748.6447,807.0696,805.8608,776.8498,807.0696,0.00360107421875,0.16375732421875,0.97222900390625,2.34771728515625,-3.461761474609375,0.515899658203125,1.0,2.0,1.0,1.0,2.0,95.0,event
12:10:30.426,0.12858808,0.35502595,0.3115726,0.6620152,0.28717345,-0.28837922,-0.34047842,0.2839051,0.37786934,-0.109797634,0.27845326,0.50227964,0.76902187,0.30775332,0.35520738,1.2214417,1.107541,0.30402234,0.4816688,0.9053386,765.9707,805.05493,803.0403,781.685,785.7143,0.00360107421875,0.16375732421875,0.97222900390625,2.34771728515625,-3.461761474609375,0.515899658203125,1.0,2.0,1.0,1.0,2.0,95.0,event
12:10:30.427,0.12858808,0.35502595,0.3115726,0.6620152,0.28717345,-0.28837922,-0.34047842,0.2839051,0.37786934,-0.109797634,0.27845326,0.50227964,0.76902187,0.30775332,0.35520738,1.2214417,1.107541,0.30402234,0.4816688,0.9053386,805.4579,807.47253,801.8315,787.326,675.7143,0.00360107421875,0.16375732421875,0.97222900390625,2.34771728515625,-3.461761474609375,0.515899658203125,1.0,2.0,1.0,1.0,2.0,95.0,event
12:10:30.427,0.12858808,0.35502595,0.3115726,0.6620152,0.28717345,-0.28837922,-0.34047842,0.2839051,0.37786934,-0.109797634,0.27845326,0.50227964,0.76902187,0.30775332,0.35520738,1.2214417,1.107541,0.30402234,0.4816688,0.9053386,797.8022,807.8755,807.8755,782.8938,698.68134,0.00360107421875,0.16375732421875,0.97222900390625,2.34771728515625,-3.461761474609375,0.515899658203125,1.0,2.0,1.0,1.0,2.0,95.0,event
12:10:30.428,0.12858808,0.35502595,0.3115726,0.6620152,0.28717345,-0.28837922,-0.34047842,0.2839051,0.37786934,-0.109797634,0.27845326,0.50227964,0.76902187,0.30775332,0.35520738,1.2214417,1.107541,0.30402234,0.4816688,0.9053386,753.8828,802.23444,808.68134,786.52014,828.4249,0.00360107421875,0.16375732421875,0.97222900390625,2.34771728515625,-3.461761474609375,0.515899658203125,1.0,2.0,1.0,1.0,2.0,95.0,event
12:10:30.428,0.12858808,0.35502595,0.3115726,0.6620152,0.28717345,-0.28837922,-0.34047842,0.2839051,0.37786934,-0.109797634,0.27845326,0.50227964,0.76902187,0.30775332,0.35520738,1.2214417,1.107541,0.30402234,0.4816688,0.9053386,753.8828,793.7729,809.89014,794.17584,835.6777,0.00360107421875,0.16375732421875,0.97222900390625,2.34771728515625,-3.461761474609375,0.515899658203125,1.0,2.0,1.0,1.0,2.0,95.0,event
12:10:30.429,0.12858808,0.35502595,0.3115726,0.6620152,0.28717345,-0.28837922,-0.34047842,0.2839051,0.37786934,-0.109797634,0.27845326,0.50227964,0.76902187,0.30775332,0.35520738,1.2214417,1.107541,0.30402234,0.4816688,0.9053386,757.9121,795.78754,808.68134,790.9524,791.75824,0.00360107421875,0.16375732421875,0.97222900390625,2.34771728515625,-3.461761474609375,0.515899658203125,1.0,2.0,1.0,1.0,2.0,95.0,event
12:10:30.429,0.12858808,0.35502595,0.3115726,0.6620152,0.28717345,-0.28837922,-0.34047842,0.2839051,0.37786934,-0.109797634,0.27845326,0.50227964,0.76902187,0.30775332,0.35520738,1.2214417,1.107541,0.30402234,0.4816688,0.9053386,753.47986,795.78754,805.4579,803.0403,817.9487,0.00360107421875,0.16375732421875,0.97222900390625,2.34771728515625,-3.461761474609375,0.515899658203125,1.0,2.0,1.0,1.0,2.0,95.0,event
12:10:30.430,0.12858808,0.35502595,0.3115726,0.6620152,0.28717345,-0.28837922,-0.34047842,0.2839051,0.37786934,-0.109797634,0.27845326,0.50227964,0.76902187,0.30775332,0.35520738,1.2214417,1.107541,0.30402234,0.4816688,0.9053386,794.57874,809.4872,804.65204,784.90845,952.9304,0.00360107421875,0.16375732421875,0.97222900390625,2.34771728515625,-3.461761474609375,0.515899658203125,1.0,2.0,1.0,1.0,2.0,95.0,event
12:10:30.430,0.12858808,0.35502595,0.3115726,0.6620152,0.28717345,-0.28837922,-0.34047842,0.2839051,0.37786934,-0.109797634,0.27845326,0.50227964,0.76902187,0.30775332,0.35520738,1.2214417,1.107541,0.30402234,0.4816688,0.9053386,782.49084,797.3993,792.5641,821.5751,1073.4066,0.00360107421875,0.16375732421875,0.97222900390625,2.34771728515625,-3.461761474609375,0.515899658203125,1.0,2.0,1.0,1.0,2.0,95.0,event
12:10:30.431,0.12858808,0.35502595,0.3115726,0.6620152,0.28717345,-0.28837922,-0.34047842,0.2839051,0.37786934,-0.109797634,0.27845326,0.50227964,0.76902187,0.30775332,0.35520738,1.2214417,1.107541,0.30402234,0.4816688,0.9053386,798.60803,811.50183,814.7253,752.27106,684.57874,0.00360107421875,0.16375732421875,0.97222900390625,2.34771728515625,-3.461761474609375,0.515899658203125,1.0,2.0,1.0,1.0,2.0,95.0,event
12:10:30.495,0.12858808,0.35502595,0.3115726,0.6620152,0.28717345,-0.28837922,-0.34047842,0.2839051,0.37786934,-0.109797634,0.27845326,0.50227964,0.76902187,0.30775332,0.35520738,1.2214417,1.107541,0.30402234,0.4816688,0.9053386,796.1905,804.65204,802.23444,782.0879,747.8388,-0.01104736328125,0.158203125,0.97393798828125,2.093505859375,-3.529052734375,-0.40374755859375,1.0,2.0,1.0,1.0,2.0,95.0,event
12:10:30.496,0.12858808,0.35502595,0.3115726,0.6620152,0.28717345,-0.28837922,-0.34047842,0.2839051,0.37786934,-0.109797634,0.27845326,0.50227964,0.76902187,0.30775332,0.35520738,1.2214417,1.107541,0.30402234,0.4816688,0.9053386,770.0,796.99634,800.2198,799.011,745.0183,-0.01104736328125,0.158203125,0.97393798828125,2.093505859375,-3.529052734375,-0.40374755859375,1.0,2.0,1.0,1.0,2.0,95.0,event
12:10:30.497,0.12858808,0.35502595,0.3115726,0.6620152,0.28717345,-0.28837922,-0.34047842,0.2839051,0.37786934,-0.109797634,0.27845326,0.50227964,0.76902187,0.30775332,0.35520738,1.2214417,1.107541,0.30402234,0.4816688,0.9053386,783.2967,799.41394,813.5165,814.3223,708.7546,-0.01104736328125,0.158203125,0.97393798828125,2.093505859375,-3.529052734375,-0.40374755859375,1.0,2.0,1.0,1.0,2.0,95.0,event
12:10:30.497,0.12858808,0.34197947,0.38860795,0.6620152,0.28717345,-0.29484245,-0.22225347,0.2839051,0.37786934,-0.11756255,0.2808886,0.50227964,0.76902187,0.31587926,0.370651,1.2214417,1.107541,0.3174586,0.5095035,0.9053386,784.5055,815.12823,818.7546,816.7399,771.6117,-0.01104736328125,0.158203125,0.97393798828125,2.093505859375,-3.529052734375,-0.40374755859375,1.0,2.0,1.0,1.0,2.0,95.0,event
12:10:30.502,0.12858808,0.34197947,0.38860795,0.6620152,0.28717345,-0.29484245,-0.22225347,0.2839051,0.37786934,-0.11756255,0.2808886,0.50227964,0.76902187,0.31587926,0.370651,1.2214417,1.107541,0.3174586,0.5095035,0.9053386,775.2381,807.8755,810.293,806.6667,857.8388,-0.01104736328125,0.158203125,0.97393798828125,2.093505859375,-3.529052734375,-0.40374755859375,1.0,2.0,1.0,1.0,2.0,95.0,event
12:10:30.503,0.12858808,0.34197947,0.38860795,0.6620152,0.28717345,-0.29484245,-0.22225347,0.2839051,0.37786934,-0.11756255,0.2808886,0.50227964,0.76902187,0.31587926,0.370651,1.2214417,1.107541,0.3174586,0.5095035,0.9053386,792.5641,787.326,793.7729,809.0842,894.10254,-0.01104736328125,0.158203125,0.97393798828125,2.093505859375,-3.529052734375,-0.40374755859375,1.0,2.0,1.0,1.0,2.0,95.0,event
12:10:30.504,0.12858808,0.34197947,0.38860795,0.6620152,0.28717345,-0.29484245,-0.22225347,0.2839051,0.37786934,-0.11756255,0.2808886,0.50227964,0.76902187,0.31587926,0.370651,1.2214417,1.107541,0.3174586,0.5095035,0.9053386,791.75824,784.10254,793.36993,792.96704,887.6557,-0.01104736328125,0.158203125,0.97393798828125,2.093505859375,-3.529052734375,-0.40374755859375,1.0,2.0,1.0,1.0,2.0,95.0,event
12:10:30.504,0.12858808,0.34197947,0.38860795,0.6620152,0.28717345,-0.29484245,-0.22225347,0.2839051,0.37786934,-0.11756255,0.2808886,0.50227964,0.76902187,0.31587926,0.370651,1.2214417,1.107541,0.3174586,0.5095035,0.9053386,772.8205,792.1612,804.65204,785.31134,827.2161,-0.01104736328125,0.158203125,0.97393798828125,2.093505859375,-3.529052734375,-0.40374755859375,1.0,2.0,1.0,1.0,2.0,95.0,event
12:10:30.505,0.12858808,0.34197947,0.38860795,0.6620152,0.28717345,-0.29484245,-0.22225347,0.2839051,0.37786934,-0.11756255,0.2808886,0.50227964,0.76902187,0.31587926,0.370651,1.2214417,1.107541,0.3174586,0.5095035,0.9053386,774.83514,803.8461,810.696,790.54944,955.7509,-0.01104736328125,0.158203125,0.97393798828125,2.093505859375,-3.529052734375,-0.40374755859375,1.0,2.0,1.0,1.0,2.0,95.0,event
12:10:30.506,0.12858808,0.34197947,0.38860795,0.6620152,0.28717345,-0.29484245,-0.22225347,0.2839051,0.37786934,-0.11756255,0.2808886,0.50227964,0.76902187,0.31587926,0.370651,1.2214417,1.107541,0.3174586,0.5095035,0.9053386,795.38464,811.0989,805.05493,764.7619,1073.8096,-0.01104736328125,0.158203125,0.97393798828125,2.093505859375,-3.529052734375,-0.40374755859375,1.0,2.0,1.0,1.0,2.0,95.0,event
12:10:30.507,0.12858808,0.34197947,0.38860795,0.6620152,0.28717345,-0.29484245,-0.22225347,0.2839051,0.37786934,-0.11756255,0.2808886,0.50227964,0.76902187,0.31587926,0.370651,1.2214417,1.107541,0.3174586,0.5095035,0.9053386,782.0879,807.47253,790.9524,805.4579,652.74725,-0.01104736328125,0.158203125,0.97393798828125,2.093505859375,-3.529052734375,-0.40374755859375,1.0,2.0,1.0,1.0,2.0,95.0,event
12:10:30.507,0.12858808,0.34197947,0.38860795,0.6620152,0.28717345,-0.29484245,-0.22225347,0.2839051,0.37786934,-0.11756255,0.2808886,0.50227964,0.76902187,0.31587926,0.370651,1.2214417,1.107541,0.3174586,0.5095035,0.9053386,802.6374,815.9341,788.93774,764.35895,751.8681,-0.01104736328125,0.158203125,0.97393798828125,2.093505859375,-3.529052734375,-0.40374755859375,1.0,2.0,1.0,1.0,2.0,95.0,event
